Column1 Column2 Column3
0.193135 -0.107766 0.103272
0.193135 -0.107767 0.103272
0.193135 -0.107767 0.103273
0.193135 -0.107768 0.103272
0.193135 -0.107768 0.103270
0.193135 -0.107768 0.103270
0.193135 -0.107768 0.103270
0.193135 -0.107769 0.103270
0.193135 -0.107769 0.103270
0.193135 -0.107768 0.103270
0.193133 -0.107768 0.103270
0.193130 -0.107770 0.103268
0.193129 -0.107777 0.103268
0.193127 -0.107773 0.103265
0.193126 -0.107772 0.103263
0.193121 -0.107767 0.103257
0.193114 -0.107760 0.103251
0.193109 -0.107754 0.103244
0.193101 -0.107741 0.103234
0.193093 -0.107735 0.103227
0.193088 -0.107726 0.103221
0.193082 -0.107719 0.103216
0.193075 -0.107711 0.103208
0.193069 -0.107698 0.103203
0.193062 -0.107686 0.103198
0.193055 -0.107674 0.103197
0.193047 -0.107661 0.103195
0.193038 -0.107649 0.103197
0.193029 -0.107638 0.103200
0.193024 -0.107631 0.103204
0.193022 -0.107627 0.103206
0.193015 -0.107616 0.103211
0.193008 -0.107611 0.103219
0.192999 -0.107607 0.103232
0.192989 -0.107603 0.103246
0.192980 -0.107600 0.103258
0.192966 -0.107598 0.103280
0.192956 -0.107598 0.103297
0.192945 -0.107598 0.103315
0.192934 -0.107601 0.103336
0.192926 -0.107601 0.103351
0.192915 -0.107604 0.103371
0.192911 -0.107604 0.103376
0.192901 -0.107611 0.103401
0.192895 -0.107617 0.103417
0.192888 -0.107625 0.103440
0.192885 -0.107632 0.103453
0.192883 -0.107639 0.103466
0.192881 -0.107647 0.103481
0.192879 -0.107655 0.103494
0.192881 -0.107659 0.103503
0.192883 -0.107663 0.103508
0.192884 -0.107669 0.103518
0.192885 -0.107674 0.103527
0.192886 -0.107676 0.103531
0.192890 -0.107683 0.103543
0.192893 -0.107691 0.103555
0.192894 -0.107694 0.103561
0.192896 -0.107697 0.103567
0.192899 -0.107698 0.103572
0.192903 -0.107698 0.103577
0.192907 -0.107697 0.103581
0.192909 -0.107694 0.103583
0.192911 -0.107689 0.103585
0.192916 -0.107684 0.103588
0.192918 -0.107675 0.103590
0.192921 -0.107666 0.103591
0.192925 -0.107655 0.103592
0.192925 -0.107645 0.103595
0.192927 -0.107635 0.103597
0.192923 -0.107626 0.103601
0.192915 -0.107617 0.103605
0.192904 -0.107606 0.103612
0.192893 -0.107599 0.103618
0.192880 -0.107589 0.103626
0.192868 -0.107580 0.103632
0.192856 -0.107572 0.103642
0.192841 -0.107566 0.103655
0.192828 -0.107563 0.103668
0.192813 -0.107559 0.103681
0.192794 -0.107555 0.103694
0.192772 -0.107552 0.103709
0.192751 -0.107550 0.103723
0.192726 -0.107548 0.103738
0.192701 -0.107548 0.103754
0.192679 -0.107545 0.103767
0.192658 -0.107542 0.103779
0.192641 -0.107539 0.103790
0.192625 -0.107536 0.103799
0.192612 -0.107532 0.103806
0.192593 -0.107523 0.103812
0.192579 -0.107514 0.103817
0.192565 -0.107504 0.103820
0.192555 -0.107493 0.103821
0.192552 -0.107486 0.103821
0.192541 -0.107470 0.103822
0.192537 -0.107461 0.103822
0.192532 -0.107445 0.103822
0.192525 -0.107425 0.103822
0.192520 -0.107409 0.103821
0.192513 -0.107390 0.103822
0.192507 -0.107372 0.103821
0.192503 -0.107356 0.103822
0.192502 -0.107341 0.103825
0.192502 -0.107330 0.103825
0.192500 -0.107314 0.103830
0.192499 -0.107301 0.103838
0.192499 -0.107292 0.103848
0.192497 -0.107280 0.103859
0.192494 -0.107271 0.103873
0.192490 -0.107266 0.103886
0.192484 -0.107261 0.103902
0.192476 -0.107257 0.103917
0.192467 -0.107253 0.103935
0.192459 -0.107251 0.103951
0.192450 -0.107250 0.103967
0.192435 -0.107245 0.103989
0.192424 -0.107241 0.104006
0.192409 -0.107239 0.104025
0.192403 -0.107238 0.104036
0.192385 -0.107234 0.104056
0.192370 -0.107232 0.104071
0.192355 -0.107229 0.104087
0.192342 -0.107225 0.104098
0.192327 -0.107220 0.104108
0.192313 -0.107215 0.104116
0.192299 -0.107205 0.104121
0.192283 -0.107194 0.104125
0.192277 -0.107190 0.104126
0.192261 -0.107172 0.104128
0.192251 -0.107159 0.104127
0.192240 -0.107141 0.104126
0.192232 -0.107122 0.104122
0.192225 -0.107104 0.104119
0.192219 -0.107084 0.104116
0.192213 -0.107063 0.104112
0.192208 -0.107044 0.104110
0.192205 -0.107020 0.104105
0.192202 -0.106997 0.104102
0.192200 -0.106974 0.104100
0.192199 -0.106954 0.104099
0.192199 -0.106939 0.104100
0.192197 -0.106925 0.104100
0.192194 -0.106909 0.104103
0.192189 -0.106894 0.104106
0.192187 -0.106883 0.104109
0.192179 -0.106872 0.104112
0.192171 -0.106865 0.104123
0.192162 -0.106863 0.104134
0.192154 -0.106867 0.104145
0.192145 -0.106864 0.104153
0.192136 -0.106861 0.104159
0.192123 -0.106837 0.104151
0.192109 -0.106824 0.104150
0.192097 -0.106821 0.104155
0.192080 -0.106801 0.104150
0.192066 -0.106784 0.104146
0.192051 -0.106769 0.104143
0.192041 -0.106763 0.104149
0.192026 -0.106740 0.104141
0.192015 -0.106725 0.104139
0.192004 -0.106712 0.104137
0.192000 -0.106710 0.104141
0.191992 -0.106700 0.104140
0.191983 -0.106692 0.104142
0.191974 -0.106686 0.104143
0.191967 -0.106678 0.104143
0.191959 -0.106674 0.104144
0.191941 -0.106665 0.104146
0.191930 -0.106661 0.104147
0.191915 -0.106648 0.104143
0.191904 -0.106641 0.104141
0.191902 -0.106637 0.104139
0.191890 -0.106633 0.104137
0.191883 -0.106631 0.104136
0.191876 -0.106628 0.104131
0.191870 -0.106627 0.104130
0.191862 -0.106628 0.104129
0.191855 -0.106630 0.104130
0.191848 -0.106633 0.104129
0.191841 -0.106635 0.104131
0.191835 -0.106639 0.104131
0.191827 -0.106640 0.104130
0.191822 -0.106640 0.104129
0.191820 -0.106633 0.104121
0.191812 -0.106610 0.104101
0.191807 -0.106590 0.104085
0.191803 -0.106570 0.104068
0.191797 -0.106548 0.104049
0.191793 -0.106530 0.104035
0.191786 -0.106512 0.104021
0.191781 -0.106500 0.104010
0.191774 -0.106487 0.104000
0.191766 -0.106475 0.103991
0.191758 -0.106469 0.103984
0.191753 -0.106469 0.103981
0.191741 -0.106468 0.103970
0.191732 -0.106473 0.103966
0.191729 -0.106476 0.103965
0.191718 -0.106486 0.103961
0.191708 -0.106496 0.103956
0.191696 -0.106511 0.103950
0.191678 -0.106528 0.103933
0.191663 -0.106543 0.103916
0.191655 -0.106563 0.103910
0.191638 -0.106584 0.103888
0.191625 -0.106612 0.103874
0.191614 -0.106630 0.103857
0.191602 -0.106658 0.103839
0.191597 -0.106673 0.103834
0.191581 -0.106694 0.103806
0.191570 -0.106713 0.103784
0.191560 -0.106725 0.103762
0.191554 -0.106737 0.103752
0.191547 -0.106742 0.103733
0.191541 -0.106740 0.103714
0.191537 -0.106744 0.103702
0.191532 -0.106740 0.103678
0.191525 -0.106726 0.103630
0.191520 -0.106701 0.103576
0.191519 -0.106679 0.103534
0.191518 -0.106656 0.103492
0.191517 -0.106634 0.103456
0.191520 -0.106612 0.103412
0.191519 -0.106581 0.103361
0.191518 -0.106557 0.103325
0.191517 -0.106523 0.103273
0.191513 -0.106495 0.103229
0.191510 -0.106468 0.103183
0.191505 -0.106463 0.103160
0.191503 -0.106409 0.103091
0.191499 -0.106377 0.103039
0.191495 -0.106346 0.102982
0.191488 -0.106299 0.102912
0.191484 -0.106300 0.102888
0.191478 -0.106271 0.102845
0.191467 -0.106203 0.102752
0.191459 -0.106166 0.102697
0.191447 -0.106128 0.102626
0.191438 -0.106091 0.102578
0.191427 -0.106046 0.102512
0.191415 -0.105999 0.102447
0.191403 -0.105958 0.102387
0.191390 -0.105908 0.102319
0.191383 -0.105900 0.102292
0.191366 -0.105818 0.102192
0.191353 -0.105764 0.102118
0.191339 -0.105710 0.102039
0.191336 -0.105698 0.102022
0.191326 -0.105656 0.101967
0.191314 -0.105605 0.101895
0.191308 -0.105568 0.101847
0.191306 -0.105564 0.101841
0.191291 -0.105465 0.101714
0.191285 -0.105415 0.101656
0.191281 -0.105367 0.101600
0.191274 -0.105311 0.101536
0.191268 -0.105161 0.101380
0.191265 -0.105050 0.101269
0.191264 -0.104970 0.101191
0.191260 -0.104870 0.101094
0.191257 -0.104802 0.101030
0.191254 -0.104722 0.100954
0.191249 -0.104682 0.100912
0.191246 -0.104580 0.100819
0.191243 -0.104505 0.100747
0.191237 -0.104430 0.100675
0.191230 -0.104359 0.100605
0.191224 -0.104288 0.100535
0.191216 -0.104220 0.100468
0.191209 -0.104141 0.100385
0.191203 -0.104082 0.100330
0.191198 -0.104051 0.100292
0.191194 -0.104012 0.100255
0.191185 -0.103953 0.100189
0.191178 -0.103904 0.100139
0.191169 -0.103855 0.100085
0.191160 -0.103811 0.100038
0.191150 -0.103764 0.099986
0.191130 -0.103692 0.099910
0.191116 -0.103642 0.099853
0.191101 -0.103592 0.099798
0.191092 -0.103566 0.099764
0.191073 -0.103500 0.099691
0.191063 -0.103468 0.099654
0.191048 -0.103404 0.099583
0.191034 -0.103340 0.099514
0.191019 -0.103271 0.099435
0.191009 -0.103216 0.099376
0.190999 -0.103160 0.099315
0.190994 -0.103117 0.099265
0.190984 -0.103046 0.099190
0.190978 -0.102992 0.099133
0.190973 -0.102937 0.099074
0.190967 -0.102880 0.099015
0.190964 -0.102836 0.098971
0.190958 -0.102767 0.098900
0.190955 -0.102732 0.098866
0.190951 -0.102685 0.098819
0.190947 -0.102618 0.098751
0.190945 -0.102580 0.098715
0.190941 -0.102514 0.098646
0.190939 -0.102463 0.098591
0.190936 -0.102405 0.098533
0.190935 -0.102372 0.098498
0.190932 -0.102311 0.098431
0.190928 -0.102260 0.098374
0.190921 -0.102211 0.098316
0.190911 -0.102156 0.098253
0.190901 -0.102107 0.098198
0.190888 -0.102049 0.098136
0.190873 -0.102001 0.098083
0.190860 -0.101947 0.098028
0.190850 -0.101917 0.097996
0.190834 -0.101851 0.097931
0.190819 -0.101789 0.097871
0.190808 -0.101742 0.097826
0.190800 -0.101709 0.097791
0.190786 -0.101641 0.097727
0.190780 -0.101612 0.097696
0.190765 -0.101536 0.097623
0.190754 -0.101481 0.097571
0.190742 -0.101418 0.097511
0.190729 -0.101352 0.097450
0.190715 -0.101285 0.097390
0.190700 -0.101200 0.097313
0.190683 -0.101107 0.097236
0.190669 -0.101026 0.097171
0.190654 -0.100933 0.097099
0.190650 -0.100909 0.097078
0.190641 -0.100847 0.097032
0.190637 -0.100825 0.097010
0.190629 -0.100772 0.096973
0.190611 -0.100641 0.096873
0.190594 -0.100527 0.096787
0.190584 -0.100457 0.096734
0.190571 -0.100375 0.096669
0.190558 -0.100294 0.096607
0.190545 -0.100212 0.096545
0.190533 -0.100129 0.096481
0.190519 -0.100033 0.096409
0.190507 -0.099943 0.096343
0.190498 -0.099887 0.096298
0.190483 -0.099755 0.096206
0.190472 -0.099655 0.096132
0.190465 -0.099612 0.096100
0.190453 -0.099514 0.096031
0.190446 -0.099445 0.095984
0.190429 -0.099313 0.095891
0.190423 -0.099275 0.095864
0.190409 -0.099186 0.095803
0.190397 -0.099102 0.095743
0.190386 -0.099027 0.095691
0.190375 -0.098950 0.095638
0.190368 -0.098889 0.095594
0.190349 -0.098752 0.095497
0.190342 -0.098688 0.095451
0.190332 -0.098608 0.095394
0.190323 -0.098509 0.095324
0.190314 -0.098410 0.095255
0.190306 -0.098315 0.095189
0.190299 -0.098231 0.095131
0.190292 -0.098129 0.095061
0.190285 -0.098040 0.095000
0.190278 -0.097943 0.094936
0.190266 -0.097782 0.094831
0.190256 -0.097665 0.094755
0.190247 -0.097549 0.094678
0.190236 -0.097432 0.094601
0.190226 -0.097313 0.094521
0.190215 -0.097200 0.094446
0.190202 -0.097067 0.094356
0.190191 -0.096953 0.094281
0.190182 -0.096866 0.094220
0.190168 -0.096727 0.094132
0.190154 -0.096599 0.094048
0.190148 -0.096541 0.094009
0.190139 -0.096449 0.093951
0.190129 -0.096360 0.093895
0.190119 -0.096271 0.093840
0.190109 -0.096183 0.093786
0.190098 -0.096089 0.093728
0.190080 -0.095943 0.093639
0.190074 -0.095879 0.093598
0.190061 -0.095781 0.093539
0.190044 -0.095636 0.093454
0.190029 -0.095523 0.093386
0.190016 -0.095412 0.093321
0.190003 -0.095291 0.093251
0.189990 -0.095172 0.093181
0.189979 -0.095069 0.093119
0.189967 -0.094954 0.093050
0.189953 -0.094837 0.092980
0.189950 -0.094795 0.092954
0.189939 -0.094702 0.092896
0.189931 -0.094635 0.092857
0.189919 -0.094536 0.092797
0.189903 -0.094422 0.092732
0.189889 -0.094317 0.092671
0.189874 -0.094223 0.092619
0.189863 -0.094145 0.092573
0.189845 -0.094028 0.092509
0.189831 -0.093931 0.092456
0.189822 -0.093857 0.092415
0.189805 -0.093725 0.092345
0.189794 -0.093635 0.092296
0.189783 -0.093533 0.092243
0.189777 -0.093481 0.092213
0.189765 -0.093358 0.092149
0.189755 -0.093254 0.092093
0.189747 -0.093163 0.092043
0.189735 -0.093062 0.091988
0.189721 -0.092945 0.091922
0.189701 -0.092807 0.091844
0.189682 -0.092688 0.091777
0.189671 -0.092610 0.091733
0.189660 -0.092528 0.091688
0.189652 -0.092461 0.091652
0.189643 -0.092367 0.091601
0.189636 -0.092296 0.091562
0.189630 -0.092206 0.091515
0.189625 -0.092143 0.091480
0.189617 -0.092057 0.091435
0.189612 -0.091999 0.091406
0.189603 -0.091902 0.091355
0.189595 -0.091832 0.091320
0.189585 -0.091746 0.091279
0.189580 -0.091702 0.091257
0.189572 -0.091642 0.091228
0.189565 -0.091592 0.091204
0.189556 -0.091528 0.091171
0.189548 -0.091479 0.091148
0.189539 -0.091414 0.091116
0.189537 -0.091388 0.091103
0.189527 -0.091326 0.091072
0.189516 -0.091270 0.091043
0.189506 -0.091222 0.091020
0.189493 -0.091159 0.090989
0.189479 -0.091099 0.090960
0.189466 -0.091038 0.090932
0.189453 -0.090980 0.090906
0.189439 -0.090914 0.090878
0.189426 -0.090857 0.090854
0.189412 -0.090785 0.090824
0.189402 -0.090727 0.090801
0.189389 -0.090646 0.090769
0.189376 -0.090573 0.090741
0.189363 -0.090491 0.090709
0.189352 -0.090422 0.090682
0.189337 -0.090331 0.090648
0.189326 -0.090257 0.090620
0.189316 -0.090191 0.090594
0.189304 -0.090111 0.090564
0.189293 -0.090029 0.090533
0.189290 -0.090004 0.090520
0.189278 -0.089911 0.090483
0.189268 -0.089829 0.090450
0.189253 -0.089702 0.090404
0.189251 -0.089676 0.090391
0.189245 -0.089610 0.090365
0.189237 -0.089515 0.090326
0.189233 -0.089457 0.090304
0.189226 -0.089359 0.090265
0.189221 -0.089268 0.090230
0.189217 -0.089193 0.090201
0.189213 -0.089059 0.090149
0.189208 -0.089009 0.090130
0.189206 -0.088931 0.090101
0.189205 -0.088850 0.090071
0.189201 -0.088740 0.090028
0.189201 -0.088655 0.089996
0.189203 -0.088511 0.089942
0.189204 -0.088404 0.089900
0.189207 -0.088296 0.089858
0.189207 -0.088226 0.089830
0.189214 -0.088072 0.089771
0.189215 -0.088014 0.089748
0.189220 -0.087901 0.089703
0.189219 -0.087786 0.089658
0.189216 -0.087732 0.089639
0.189208 -0.087612 0.089590
0.189202 -0.087547 0.089569
0.189188 -0.087424 0.089521
0.189184 -0.087389 0.089509
0.189166 -0.087269 0.089463
0.189153 -0.087197 0.089433
0.189146 -0.087158 0.089419
0.189129 -0.087069 0.089384
0.189112 -0.086993 0.089351
0.189103 -0.086945 0.089331
0.189082 -0.086875 0.089298
0.189064 -0.086822 0.089272
0.189054 -0.086780 0.089253
0.189038 -0.086744 0.089235
0.189007 -0.086694 0.089216
0.188999 -0.086655 0.089201
0.188976 -0.086611 0.089190
0.188961 -0.086574 0.089183
0.188956 -0.086541 0.089173
0.188938 -0.086505 0.089174
0.188929 -0.086484 0.089175
0.188926 -0.086464 0.089170
0.188914 -0.086451 0.089176
0.188905 -0.086453 0.089179
0.188904 -0.086436 0.089170
0.188893 -0.086463 0.089180
0.188892 -0.086450 0.089172
0.188884 -0.086482 0.089181
0.188882 -0.086489 0.089182
0.188883 -0.086479 0.089177
0.188881 -0.086502 0.089190
0.188882 -0.086492 0.089186
0.188883 -0.086488 0.089189
0.188883 -0.086516 0.089211
0.188883 -0.086511 0.089221
0.188883 -0.086519 0.089237
0.188884 -0.086507 0.089238
0.188885 -0.086506 0.089250
0.188885 -0.086534 0.089280
0.188885 -0.086523 0.089281
0.188886 -0.086536 0.089306
0.188888 -0.086542 0.089324
0.188887 -0.086532 0.089327
0.188889 -0.086548 0.089354
0.188889 -0.086543 0.089358
0.188887 -0.086556 0.089388
0.188886 -0.086563 0.089405
0.188885 -0.086558 0.089409
0.188884 -0.086564 0.089437
0.188884 -0.086559 0.089442
0.188884 -0.086557 0.089471
0.188883 -0.086553 0.089476
0.188885 -0.086543 0.089500
0.188887 -0.086538 0.089503
0.188892 -0.086523 0.089528
0.188897 -0.086516 0.089531
0.188903 -0.086497 0.089553
0.188907 -0.086488 0.089555
0.188914 -0.086467 0.089573
0.188919 -0.086449 0.089584
0.188926 -0.086436 0.089587
0.188932 -0.086410 0.089606
0.188936 -0.086398 0.089615
0.188942 -0.086389 0.089617
0.188948 -0.086365 0.089641
0.188953 -0.086353 0.089646
0.188957 -0.086333 0.089669
0.188962 -0.086317 0.089683
0.188964 -0.086302 0.089696
0.188965 -0.086281 0.089711
0.188965 -0.086271 0.089718
0.188964 -0.086242 0.089738
0.188964 -0.086231 0.089744
0.188964 -0.086200 0.089763
0.188964 -0.086173 0.089777
0.188965 -0.086161 0.089786
0.188966 -0.086125 0.089805
0.188968 -0.086110 0.089817
0.188970 -0.086071 0.089838
0.188971 -0.086047 0.089855
0.188972 -0.086022 0.089873
0.188973 -0.086011 0.089883
0.188972 -0.085983 0.089903
0.188974 -0.085970 0.089916
0.188973 -0.085941 0.089937
0.188972 -0.085932 0.089948
0.188970 -0.085912 0.089966
0.188970 -0.085896 0.089981
0.188969 -0.085883 0.089996
0.188969 -0.085874 0.090006
0.188969 -0.085855 0.090028
0.188971 -0.085844 0.090042
0.188973 -0.085832 0.090059
0.188973 -0.085824 0.090069
0.188977 -0.085810 0.090092
0.188979 -0.085799 0.090107
0.188981 -0.085789 0.090117
0.188984 -0.085779 0.090134
0.188987 -0.085766 0.090145
0.188989 -0.085755 0.090153
0.188992 -0.085728 0.090183
0.188995 -0.085716 0.090192
0.189002 -0.085693 0.090206
0.189005 -0.085680 0.090213
0.189012 -0.085664 0.090226
0.189019 -0.085647 0.090238
0.189024 -0.085633 0.090248
0.189029 -0.085623 0.090257
0.189036 -0.085606 0.090266
0.189046 -0.085598 0.090275
0.189053 -0.085584 0.090287
0.189063 -0.085583 0.090293
0.189076 -0.085587 0.090297
0.189083 -0.085587 0.090303
0.189096 -0.085598 0.090305
0.189107 -0.085604 0.090309
0.189115 -0.085608 0.090313
0.189125 -0.085615 0.090317
0.189134 -0.085626 0.090315
0.189144 -0.085638 0.090316
0.189153 -0.085657 0.090312
0.189160 -0.085672 0.090311
0.189172 -0.085695 0.090310
0.189181 -0.085711 0.090309
0.189188 -0.085726 0.090310
0.189198 -0.085746 0.090310
0.189206 -0.085767 0.090309
0.189213 -0.085790 0.090308
0.189219 -0.085816 0.090308
0.189224 -0.085840 0.090310
0.189229 -0.085869 0.090313
0.189232 -0.085894 0.090317
0.189233 -0.085920 0.090317
0.189234 -0.085947 0.090323
0.189235 -0.085975 0.090326
0.189234 -0.086008 0.090332
0.189235 -0.086041 0.090337
0.189235 -0.086072 0.090342
0.189233 -0.086103 0.090346
0.189233 -0.086115 0.090349
0.189233 -0.086152 0.090352
0.189233 -0.086206 0.090355
0.189233 -0.086234 0.090356
0.189232 -0.086265 0.090356
0.189232 -0.086293 0.090355
0.189232 -0.086321 0.090354
0.189232 -0.086342 0.090353
0.189231 -0.086353 0.090353
0.189231 -0.086385 0.090351
0.189231 -0.086411 0.090350
0.189230 -0.086427 0.090351
0.189230 -0.086454 0.090352
0.189230 -0.086472 0.090354
0.189229 -0.086497 0.090356
0.189231 -0.086521 0.090359
0.189232 -0.086545 0.090362
0.189234 -0.086566 0.090365
0.189238 -0.086588 0.090368
0.189243 -0.086614 0.090372
0.189247 -0.086633 0.090374
0.189251 -0.086651 0.090377
0.189255 -0.086670 0.090380
0.189259 -0.086697 0.090384
0.189264 -0.086723 0.090388
0.189267 -0.086746 0.090391
0.189269 -0.086781 0.090395
0.189271 -0.086807 0.090397
0.189272 -0.086838 0.090400
0.189273 -0.086867 0.090403
0.189272 -0.086898 0.090407
0.189271 -0.086932 0.090411
0.189269 -0.086959 0.090414
0.189263 -0.087004 0.090420
0.189259 -0.087038 0.090423
0.189255 -0.087072 0.090426
0.189250 -0.087099 0.090428
0.189248 -0.087122 0.090429
0.189245 -0.087149 0.090430
0.189245 -0.087154 0.090430
0.189244 -0.087174 0.090429
0.189242 -0.087200 0.090426
0.189241 -0.087225 0.090424
0.189240 -0.087242 0.090423
0.189238 -0.087269 0.090423
0.189236 -0.087293 0.090424
0.189235 -0.087312 0.090426
0.189238 -0.087340 0.090430
0.189241 -0.087363 0.090435
0.189247 -0.087394 0.090440
0.189252 -0.087419 0.090445
0.189259 -0.087450 0.090450
0.189265 -0.087483 0.090456
0.189273 -0.087513 0.090460
0.189280 -0.087539 0.090462
0.189287 -0.087564 0.090464
0.189293 -0.087587 0.090465
0.189299 -0.087611 0.090468
0.189301 -0.087632 0.090468
0.189303 -0.087660 0.090471
0.189305 -0.087683 0.090473
0.189307 -0.087715 0.090477
0.189309 -0.087736 0.090480
0.189311 -0.087772 0.090485
0.189314 -0.087802 0.090491
0.189315 -0.087829 0.090495
0.189316 -0.087848 0.090497
0.189321 -0.087909 0.090511
0.189325 -0.087938 0.090516
0.189330 -0.087978 0.090526
0.189334 -0.088012 0.090534
0.189338 -0.088050 0.090544
0.189343 -0.088085 0.090552
0.189345 -0.088108 0.090558
0.189350 -0.088139 0.090565
0.189353 -0.088175 0.090575
0.189353 -0.088201 0.090581
0.189355 -0.088229 0.090590
0.189356 -0.088259 0.090600
0.189358 -0.088285 0.090608
0.189360 -0.088318 0.090621
0.189363 -0.088346 0.090633
0.189366 -0.088380 0.090648
0.189370 -0.088409 0.090663
0.189374 -0.088444 0.090681
0.189377 -0.088477 0.090698
0.189382 -0.088518 0.090721
0.189386 -0.088550 0.090739
0.189391 -0.088588 0.090762
0.189395 -0.088629 0.090785
0.189401 -0.088676 0.090817
0.189405 -0.088713 0.090837
0.189409 -0.088747 0.090850
0.189413 -0.088796 0.090879
0.189416 -0.088833 0.090902
0.189418 -0.088859 0.090912
0.189424 -0.088917 0.090953
0.189427 -0.088945 0.090972
0.189432 -0.088989 0.090999
0.189435 -0.089030 0.091028
0.189438 -0.089061 0.091050
0.189441 -0.089088 0.091069
0.189445 -0.089116 0.091093
0.189449 -0.089141 0.091108
0.189450 -0.089163 0.091124
0.189453 -0.089182 0.091144
0.189456 -0.089208 0.091172
0.189460 -0.089229 0.091193
0.189462 -0.089254 0.091216
0.189466 -0.089271 0.091237
0.189470 -0.089293 0.091258
0.189474 -0.089307 0.091277
0.189479 -0.089330 0.091299
0.189484 -0.089348 0.091318
0.189489 -0.089368 0.091339
0.189494 -0.089387 0.091362
0.189500 -0.089409 0.091386
0.189502 -0.089428 0.091404
0.189507 -0.089448 0.091426
0.189510 -0.089473 0.091449
0.189512 -0.089499 0.091474
0.189514 -0.089522 0.091495
0.189516 -0.089552 0.091524
0.189517 -0.089583 0.091551
0.189520 -0.089618 0.091580
0.189523 -0.089653 0.091610
0.189527 -0.089689 0.091642
0.189531 -0.089717 0.091666
0.189536 -0.089751 0.091694
0.189542 -0.089783 0.091722
0.189547 -0.089812 0.091749
0.189553 -0.089842 0.091775
0.189559 -0.089878 0.091808
0.189567 -0.089923 0.091851
0.189571 -0.089953 0.091880
0.189577 -0.089990 0.091916
0.189582 -0.090024 0.091952
0.189585 -0.090048 0.091976
0.189590 -0.090081 0.092011
0.189593 -0.090109 0.092040
0.189597 -0.090130 0.092062
0.189605 -0.090161 0.092100
0.189617 -0.090188 0.092135
0.189631 -0.090218 0.092177
0.189644 -0.090239 0.092213
0.189657 -0.090254 0.092247
0.189665 -0.090266 0.092269
0.189674 -0.090277 0.092294
0.189683 -0.090287 0.092321
0.189693 -0.090298 0.092349
0.189702 -0.090306 0.092376
0.189707 -0.090315 0.092397
0.189718 -0.090327 0.092428
0.189724 -0.090336 0.092450
0.189736 -0.090347 0.092478
0.189744 -0.090355 0.092503
0.189756 -0.090368 0.092533
0.189766 -0.090377 0.092559
0.189777 -0.090388 0.092588
0.189789 -0.090396 0.092614
0.189799 -0.090403 0.092642
0.189810 -0.090412 0.092667
0.189819 -0.090415 0.092686
0.189826 -0.090416 0.092704
0.189841 -0.090426 0.092738
0.189851 -0.090431 0.092762
0.189857 -0.090433 0.092779
0.189867 -0.090433 0.092799
0.189879 -0.090436 0.092823
0.189884 -0.090435 0.092836
0.189899 -0.090441 0.092866
0.189910 -0.090443 0.092888
0.189917 -0.090443 0.092904
0.189928 -0.090443 0.092927
0.189936 -0.090444 0.092947
0.189943 -0.090444 0.092964
0.189951 -0.090443 0.092983
0.189957 -0.090442 0.093001
0.189966 -0.090441 0.093026
0.189973 -0.090438 0.093045
0.189979 -0.090436 0.093068
0.189987 -0.090434 0.093091
0.189995 -0.090433 0.093114
0.190001 -0.090433 0.093132
0.190008 -0.090435 0.093158
0.190014 -0.090437 0.093178
0.190018 -0.090437 0.093191
0.190028 -0.090439 0.093221
0.190034 -0.090439 0.093236
0.190040 -0.090441 0.093256
0.190049 -0.090442 0.093279
0.190054 -0.090444 0.093296
0.190057 -0.090445 0.093307
0.190064 -0.090447 0.093330
0.190068 -0.090449 0.093349
0.190072 -0.090452 0.093367
0.190076 -0.090453 0.093385
0.190079 -0.090458 0.093404
0.190082 -0.090460 0.093419
0.190086 -0.090462 0.093438
0.190089 -0.090463 0.093452
0.190093 -0.090468 0.093478
0.190095 -0.090475 0.093507
0.190099 -0.090477 0.093518
0.190100 -0.090483 0.093545
0.190102 -0.090487 0.093562
0.190107 -0.090488 0.093581
0.190111 -0.090493 0.093597
0.190115 -0.090497 0.093617
0.190118 -0.090502 0.093637
0.190122 -0.090506 0.093655
0.190124 -0.090513 0.093671
0.190127 -0.090517 0.093687
0.190129 -0.090524 0.093706
0.190130 -0.090531 0.093725
0.190129 -0.090539 0.093742
0.190130 -0.090543 0.093759
0.190128 -0.090552 0.093777
0.190127 -0.090559 0.093791
0.190126 -0.090569 0.093814
0.190124 -0.090574 0.093827
0.190120 -0.090585 0.093845
0.190117 -0.090596 0.093862
0.190117 -0.090605 0.093882
0.190116 -0.090616 0.093902
0.190117 -0.090624 0.093920
0.190117 -0.090631 0.093934
0.190114 -0.090640 0.093948
0.190112 -0.090649 0.093965
0.190107 -0.090656 0.093976
0.190103 -0.090667 0.093996
0.190105 -0.090670 0.094006
0.190089 -0.090689 0.094029
0.190085 -0.090694 0.094041
0.190075 -0.090706 0.094058
0.190071 -0.090712 0.094070
0.190064 -0.090720 0.094082
0.190056 -0.090727 0.094099
0.190047 -0.090738 0.094113
0.190040 -0.090746 0.094123
0.190033 -0.090756 0.094138
0.190026 -0.090766 0.094149
0.190019 -0.090774 0.094159
0.190019 -0.090776 0.094169
0.190012 -0.090785 0.094179
0.190000 -0.090793 0.094189
0.189991 -0.090802 0.094201
0.189982 -0.090808 0.094211
0.189972 -0.090814 0.094221
0.189947 -0.090822 0.094237
0.189938 -0.090824 0.094245
0.189918 -0.090828 0.094260
0.189905 -0.090831 0.094269
0.189901 -0.090833 0.094277
0.189888 -0.090837 0.094287
0.189865 -0.090846 0.094302
0.189850 -0.090853 0.094314
0.189834 -0.090859 0.094323
0.189823 -0.090864 0.094331
0.189809 -0.090872 0.094341
0.189786 -0.090883 0.094354
0.189768 -0.090890 0.094365
0.189759 -0.090894 0.094370
0.189738 -0.090899 0.094379
0.189719 -0.090902 0.094386
0.189697 -0.090905 0.094393
0.189678 -0.090907 0.094400
0.189663 -0.090909 0.094406
0.189638 -0.090910 0.094414
0.189625 -0.090911 0.094418
0.189606 -0.090911 0.094425
0.189577 -0.090909 0.094431
0.189562 -0.090910 0.094438
0.189544 -0.090911 0.094445
0.189520 -0.090911 0.094452
0.189504 -0.090914 0.094460
0.189483 -0.090916 0.094468
0.189471 -0.090918 0.094475
0.189445 -0.090925 0.094487
0.189431 -0.090930 0.094495
0.189421 -0.090934 0.094502
0.189399 -0.090945 0.094517
0.189386 -0.090953 0.094526
0.189370 -0.090967 0.094541
0.189358 -0.090980 0.094553
0.189346 -0.090993 0.094563
0.189336 -0.091004 0.094574
0.189324 -0.091013 0.094582
0.189309 -0.091028 0.094594
0.189294 -0.091042 0.094605
0.189283 -0.091052 0.094614
0.189268 -0.091065 0.094625
0.189260 -0.091071 0.094630
0.189248 -0.091085 0.094640
0.189234 -0.091094 0.094649
0.189224 -0.091103 0.094656
0.189216 -0.091113 0.094663
0.189204 -0.091124 0.094672
0.189196 -0.091135 0.094680
0.189188 -0.091145 0.094687
0.189181 -0.091152 0.094692
0.189172 -0.091162 0.094700
0.189166 -0.091169 0.094706
0.189160 -0.091180 0.094713
0.189153 -0.091186 0.094720
0.189143 -0.091202 0.094733
0.189134 -0.091213 0.094743
0.189127 -0.091221 0.094750
0.189123 -0.091230 0.094756
0.189119 -0.091243 0.094765
0.189113 -0.091253 0.094773
0.189111 -0.091264 0.094780
0.189108 -0.091273 0.094786
0.189106 -0.091284 0.094793
0.189101 -0.091291 0.094798
0.189102 -0.091304 0.094807
0.189101 -0.091312 0.094812
0.189104 -0.091323 0.094820
0.189108 -0.091331 0.094823
0.189115 -0.091337 0.094826
0.189114 -0.091342 0.094829
0.189106 -0.091349 0.094834
0.189119 -0.091359 0.094838
0.189112 -0.091366 0.094843
0.189119 -0.091374 0.094846
0.189125 -0.091396 0.094855
0.189131 -0.091411 0.094862
0.189139 -0.091430 0.094870
0.189144 -0.091448 0.094878
0.189143 -0.091455 0.094882
0.189160 -0.091483 0.094893
0.189173 -0.091502 0.094900
0.189186 -0.091525 0.094911
0.189204 -0.091550 0.094921
0.189224 -0.091580 0.094935
0.189243 -0.091608 0.094948
0.189257 -0.091631 0.094958
0.189265 -0.091641 0.094963
0.189280 -0.091670 0.094975
0.189298 -0.091697 0.094988
0.189310 -0.091712 0.094995
0.189328 -0.091746 0.095009
0.189347 -0.091772 0.095021
0.189367 -0.091809 0.095038
0.189384 -0.091831 0.095049
0.189399 -0.091865 0.095063
0.189410 -0.091884 0.095073
0.189433 -0.091931 0.095093
0.189460 -0.091984 0.095117
0.189482 -0.092027 0.095136
0.189505 -0.092072 0.095157
0.189528 -0.092125 0.095181
0.189547 -0.092171 0.095201
0.189563 -0.092222 0.095223
0.189583 -0.092282 0.095251
0.189597 -0.092323 0.095269
0.189611 -0.092375 0.095292
0.189630 -0.092443 0.095325
0.189640 -0.092486 0.095343
0.189654 -0.092541 0.095369
0.189670 -0.092611 0.095401
0.189681 -0.092665 0.095426
0.189692 -0.092724 0.095453
0.189703 -0.092785 0.095480
0.189711 -0.092835 0.095501
0.189721 -0.092897 0.095528
0.189728 -0.092950 0.095551
0.189739 -0.093027 0.095588
0.189749 -0.093084 0.095612
0.189755 -0.093135 0.095636
0.189768 -0.093223 0.095674
0.189776 -0.093278 0.095697
0.189785 -0.093341 0.095730
0.189793 -0.093394 0.095753
0.189801 -0.093448 0.095782
0.189810 -0.093504 0.095807
0.189819 -0.093554 0.095828
0.189827 -0.093600 0.095853
0.189834 -0.093635 0.095873
0.189844 -0.093683 0.095891
0.189852 -0.093721 0.095913
0.189860 -0.093751 0.095930
0.189868 -0.093782 0.095945
0.189881 -0.093822 0.095965
0.189888 -0.093846 0.095980
0.189899 -0.093877 0.095995
0.189905 -0.093903 0.096010
0.189912 -0.093922 0.096023
0.189917 -0.093941 0.096039
0.189925 -0.093967 0.096050
0.189931 -0.093988 0.096062
0.189939 -0.094005 0.096079
0.189948 -0.094031 0.096091
0.189955 -0.094049 0.096101
0.189962 -0.094063 0.096111
0.189970 -0.094077 0.096116
0.189977 -0.094088 0.096124
0.189983 -0.094103 0.096128
0.189990 -0.094112 0.096133
0.189999 -0.094129 0.096136
0.190004 -0.094142 0.096138
0.190009 -0.094152 0.096141
0.190014 -0.094161 0.096143
0.190019 -0.094171 0.096146
0.190025 -0.094186 0.096150
0.190029 -0.094198 0.096154
0.190035 -0.094210 0.096157
0.190039 -0.094223 0.096161
0.190044 -0.094235 0.096164
0.190048 -0.094247 0.096167
0.190053 -0.094262 0.096170
0.190057 -0.094281 0.096174
0.190062 -0.094303 0.096178
0.190066 -0.094324 0.096184
0.190071 -0.094344 0.096188
0.190078 -0.094363 0.096192
0.190085 -0.094387 0.096198
0.190094 -0.094409 0.096203
0.190097 -0.094414 0.096204
0.190102 -0.094424 0.096205
0.190107 -0.094438 0.096209
0.190114 -0.094457 0.096213
0.190117 -0.094469 0.096216
0.190121 -0.094480 0.096220
0.190126 -0.094489 0.096222
0.190133 -0.094505 0.096225
0.190137 -0.094519 0.096228
0.190142 -0.094534 0.096232
0.190145 -0.094543 0.096234
0.190150 -0.094558 0.096238
0.190155 -0.094568 0.096240
0.190159 -0.094582 0.096243
0.190161 -0.094590 0.096244
0.190167 -0.094605 0.096248
0.190171 -0.094617 0.096251
0.190175 -0.094632 0.096255
0.190179 -0.094640 0.096257
0.190184 -0.094650 0.096258
0.190187 -0.094654 0.096258
0.190192 -0.094667 0.096262
0.190197 -0.094679 0.096266
0.190201 -0.094689 0.096269
0.190205 -0.094700 0.096273
0.190209 -0.094709 0.096277
0.190213 -0.094720 0.096281
0.190220 -0.094729 0.096284
0.190223 -0.094730 0.096284
0.190230 -0.094750 0.096293
0.190235 -0.094760 0.096297
0.190241 -0.094771 0.096302
0.190244 -0.094787 0.096309
0.190250 -0.094800 0.096314
0.190256 -0.094815 0.096321
0.190259 -0.094829 0.096328
0.190265 -0.094842 0.096332
0.190269 -0.094864 0.096341
0.190272 -0.094874 0.096345
0.190277 -0.094892 0.096351
0.190281 -0.094910 0.096360
0.190285 -0.094932 0.096370
0.190286 -0.094946 0.096375
0.190290 -0.094967 0.096384
0.190294 -0.094991 0.096396
0.190295 -0.095008 0.096404
0.190299 -0.095037 0.096416
0.190301 -0.095055 0.096422
0.190302 -0.095062 0.096424
0.190305 -0.095091 0.096435
0.190304 -0.095139 0.096460
0.190304 -0.095166 0.096471
0.190304 -0.095187 0.096481
0.190303 -0.095223 0.096499
0.190303 -0.095242 0.096505
0.190303 -0.095275 0.096520
0.190303 -0.095287 0.096525
0.190301 -0.095339 0.096551
0.190302 -0.095351 0.096553
0.190300 -0.095399 0.096581
0.190299 -0.095434 0.096598
0.190300 -0.095446 0.096601
0.190299 -0.095497 0.096631
0.190301 -0.095515 0.096637
0.190301 -0.095565 0.096666
0.190303 -0.095597 0.096684
0.190304 -0.095611 0.096689
0.190306 -0.095660 0.096718
0.190308 -0.095700 0.096739
0.190311 -0.095749 0.096765
0.190313 -0.095782 0.096785
0.190314 -0.095817 0.096807
0.190318 -0.095829 0.096813
0.190320 -0.095882 0.096847
0.190321 -0.095922 0.096872
0.190323 -0.095930 0.096874
0.190325 -0.095988 0.096912
0.190327 -0.096024 0.096935
0.190329 -0.096035 0.096940
0.190330 -0.096094 0.096979
0.190331 -0.096100 0.096980
0.190331 -0.096163 0.097022
0.190333 -0.096194 0.097040
0.190333 -0.096229 0.097062
0.190334 -0.096265 0.097084
0.190335 -0.096305 0.097111
0.190334 -0.096335 0.097133
0.190333 -0.096367 0.097158
0.190337 -0.096387 0.097164
0.190337 -0.096428 0.097191
0.190339 -0.096443 0.097194
0.190339 -0.096497 0.097231
0.190339 -0.096553 0.097267
0.190340 -0.096572 0.097280
0.190342 -0.096629 0.097317
0.190343 -0.096651 0.097328
0.190344 -0.096697 0.097356
0.190346 -0.096751 0.097395
0.190349 -0.096791 0.097420
0.190353 -0.096835 0.097448
0.190354 -0.096859 0.097463
0.190358 -0.096903 0.097492
0.190359 -0.096936 0.097513
0.190362 -0.096958 0.097525
0.190364 -0.096997 0.097552
0.190365 -0.097016 0.097563
0.190365 -0.097061 0.097594
0.190366 -0.097085 0.097608
0.190366 -0.097123 0.097630
0.190365 -0.097151 0.097652
0.190364 -0.097174 0.097671
0.190364 -0.097198 0.097686
0.190366 -0.097234 0.097704
0.190366 -0.097249 0.097717
0.190367 -0.097280 0.097736
0.190368 -0.097301 0.097747
0.190369 -0.097337 0.097766
0.190370 -0.097354 0.097773
0.190370 -0.097357 0.097775
0.190372 -0.097397 0.097808
0.190372 -0.097418 0.097820
0.190372 -0.097442 0.097836
0.190373 -0.097466 0.097849
0.190376 -0.097482 0.097859
0.190375 -0.097501 0.097875
0.190377 -0.097527 0.097888
0.190378 -0.097536 0.097896
0.190378 -0.097562 0.097915
0.190379 -0.097576 0.097924
0.190380 -0.097599 0.097939
0.190381 -0.097613 0.097948
0.190380 -0.097635 0.097961
0.190381 -0.097654 0.097972
0.190384 -0.097671 0.097981
0.190385 -0.097688 0.097992
0.190385 -0.097706 0.098004
0.190387 -0.097723 0.098012
0.190388 -0.097742 0.098022
0.190390 -0.097757 0.098027
0.190393 -0.097778 0.098037
0.190396 -0.097800 0.098047
0.190398 -0.097821 0.098055
0.190401 -0.097840 0.098063
0.190405 -0.097864 0.098073
0.190408 -0.097885 0.098082
0.190413 -0.097909 0.098091
0.190415 -0.097927 0.098100
0.190415 -0.097939 0.098106
0.190418 -0.097968 0.098118
0.190419 -0.097990 0.098128
0.190422 -0.098006 0.098135
0.190420 -0.098032 0.098149
0.190421 -0.098052 0.098158
0.190423 -0.098076 0.098168
0.190424 -0.098095 0.098177
0.190426 -0.098111 0.098184
0.190426 -0.098131 0.098192
0.190428 -0.098147 0.098198
0.190430 -0.098167 0.098207
0.190431 -0.098186 0.098216
0.190432 -0.098202 0.098221
0.190434 -0.098220 0.098227
0.190437 -0.098246 0.098236
0.190437 -0.098262 0.098243
0.190439 -0.098277 0.098250
0.190441 -0.098295 0.098256
0.190440 -0.098309 0.098263
0.190442 -0.098323 0.098269
0.190442 -0.098335 0.098274
0.190441 -0.098349 0.098282
0.190443 -0.098368 0.098286
0.190442 -0.098373 0.098291
0.190443 -0.098393 0.098297
0.190442 -0.098399 0.098299
0.190443 -0.098418 0.098304
0.190442 -0.098429 0.098309
0.190443 -0.098442 0.098311
0.190443 -0.098449 0.098315
0.190445 -0.098460 0.098316
0.190445 -0.098468 0.098321
0.190446 -0.098481 0.098326
0.190448 -0.098494 0.098329
0.190448 -0.098501 0.098333
0.190449 -0.098514 0.098339
0.190451 -0.098527 0.098343
0.190452 -0.098536 0.098345
0.190453 -0.098552 0.098351
0.190453 -0.098560 0.098353
0.190454 -0.098577 0.098358
0.190455 -0.098588 0.098362
0.190457 -0.098606 0.098367
0.190459 -0.098624 0.098372
0.190459 -0.098637 0.098376
0.190460 -0.098655 0.098379
0.190461 -0.098671 0.098382
0.190462 -0.098684 0.098386
0.190464 -0.098699 0.098388
0.190464 -0.098711 0.098392
0.190466 -0.098728 0.098395
0.190466 -0.098741 0.098399
0.190467 -0.098753 0.098400
0.190468 -0.098774 0.098407
0.190469 -0.098789 0.098411
0.190469 -0.098805 0.098418
0.190471 -0.098818 0.098422
0.190470 -0.098831 0.098427
0.190470 -0.098844 0.098433
0.190470 -0.098858 0.098438
0.190469 -0.098870 0.098441
0.190469 -0.098883 0.098447
0.190469 -0.098894 0.098452
0.190469 -0.098911 0.098457
0.190469 -0.098925 0.098461
0.190467 -0.098940 0.098465
0.190467 -0.098950 0.098468
0.190466 -0.098962 0.098472
0.190466 -0.098968 0.098475
0.190464 -0.098983 0.098479
0.190464 -0.098998 0.098483
0.190463 -0.099011 0.098487
0.190461 -0.099028 0.098487
0.190461 -0.099045 0.098491
0.190461 -0.099056 0.098496
0.190460 -0.099068 0.098498
0.190460 -0.099082 0.098501
0.190460 -0.099096 0.098505
0.190460 -0.099111 0.098509
0.190460 -0.099120 0.098512
0.190462 -0.099135 0.098516
0.190463 -0.099148 0.098519
0.190463 -0.099158 0.098524
0.190464 -0.099172 0.098528
0.190465 -0.099184 0.098530
0.190465 -0.099200 0.098536
0.190467 -0.099212 0.098539
0.190468 -0.099225 0.098542
0.190470 -0.099239 0.098546
0.190473 -0.099254 0.098550
0.190474 -0.099263 0.098551
0.190475 -0.099277 0.098557
0.190476 -0.099292 0.098563
0.190478 -0.099307 0.098570
0.190479 -0.099314 0.098571
0.190479 -0.099336 0.098584
0.190480 -0.099356 0.098591
0.190482 -0.099374 0.098598
0.190483 -0.099395 0.098607
0.190485 -0.099419 0.098617
0.190486 -0.099444 0.098628
0.190487 -0.099464 0.098639
0.190492 -0.099490 0.098651
0.190496 -0.099512 0.098663
0.190500 -0.099534 0.098673
0.190506 -0.099556 0.098683
0.190512 -0.099569 0.098693
0.190516 -0.099590 0.098703
0.190523 -0.099617 0.098718
0.190527 -0.099633 0.098729
0.190534 -0.099657 0.098744
0.190538 -0.099675 0.098756
0.190545 -0.099696 0.098773
0.190550 -0.099714 0.098786
0.190558 -0.099734 0.098802
0.190566 -0.099755 0.098817
0.190574 -0.099776 0.098831
0.190582 -0.099790 0.098841
0.190595 -0.099812 0.098853
0.190610 -0.099832 0.098863
0.190620 -0.099849 0.098874
0.190641 -0.099875 0.098885
0.190656 -0.099893 0.098893
0.190670 -0.099908 0.098897
0.190684 -0.099925 0.098901
0.190695 -0.099939 0.098906
0.190715 -0.099962 0.098915
0.190728 -0.099978 0.098920
0.190746 -0.100000 0.098929
0.190761 -0.100016 0.098937
0.190773 -0.100027 0.098938
0.190786 -0.100038 0.098942
0.190795 -0.100045 0.098943
0.190811 -0.100053 0.098944
0.190824 -0.100060 0.098944
0.190841 -0.100065 0.098943
0.190859 -0.100068 0.098941
0.190878 -0.100070 0.098936
0.190900 -0.100070 0.098930
0.190914 -0.100069 0.098924
0.190929 -0.100065 0.098915
0.190946 -0.100055 0.098903
0.190965 -0.100036 0.098882
0.190981 -0.100024 0.098866
0.191001 -0.100004 0.098843
0.191021 -0.099973 0.098810
0.191038 -0.099945 0.098779
0.191054 -0.099918 0.098750
0.191077 -0.099870 0.098699
0.191092 -0.099845 0.098667
0.191115 -0.099781 0.098600
0.191132 -0.099731 0.098546
0.191147 -0.099679 0.098491
0.191166 -0.099609 0.098417
0.191185 -0.099524 0.098328
0.191199 -0.099446 0.098248
0.191217 -0.099342 0.098143
0.191235 -0.099244 0.098042
0.191251 -0.099108 0.097912
0.191274 -0.098978 0.097785
0.191294 -0.098869 0.097681
0.191316 -0.098723 0.097542
0.191339 -0.098580 0.097408
0.191363 -0.098404 0.097246
0.191388 -0.098233 0.097088
0.191414 -0.098050 0.096921
0.191434 -0.097886 0.096769
0.191458 -0.097722 0.096616
0.191481 -0.097565 0.096467
0.191502 -0.097401 0.096307
0.191525 -0.097269 0.096171
0.191549 -0.097144 0.096033
0.191573 -0.097070 0.095936
0.191599 -0.096984 0.095830
0.191634 -0.096797 0.095656
0.191672 -0.096643 0.095508
0.191705 -0.096515 0.095378
0.191742 -0.096383 0.095243
0.191785 -0.096269 0.095115
0.191830 -0.096166 0.094995
0.191865 -0.096091 0.094901
0.191906 -0.096003 0.094784
0.191944 -0.095939 0.094688
0.191985 -0.095870 0.094587
0.192025 -0.095813 0.094489
0.192062 -0.095779 0.094411
0.192104 -0.095754 0.094330
0.192130 -0.095721 0.094265
0.192168 -0.095690 0.094186
0.192204 -0.095675 0.094122
0.192234 -0.095644 0.094047
0.192265 -0.095612 0.093973
0.192288 -0.095584 0.093909
0.192311 -0.095547 0.093837
0.192327 -0.095510 0.093778
0.192343 -0.095467 0.093718
0.192344 -0.095465 0.093712
0.192351 -0.095444 0.093675
0.192357 -0.095427 0.093642
0.192383 -0.095307 0.093523
0.192387 -0.095284 0.093506
0.192403 -0.095218 0.093428
0.192413 -0.095172 0.093375
0.192420 -0.095123 0.093327
0.192423 -0.095085 0.093297
0.192427 -0.095031 0.093241
0.192429 -0.095009 0.093213
0.192432 -0.094928 0.093148
0.192436 -0.094848 0.093089
0.192437 -0.094820 0.093063
0.192441 -0.094750 0.093010
0.192445 -0.094696 0.092969
0.192449 -0.094642 0.092932
0.192453 -0.094601 0.092902
0.192460 -0.094547 0.092868
0.192467 -0.094474 0.092823
0.192472 -0.094388 0.092775
0.192483 -0.094313 0.092730
0.192493 -0.094240 0.092688
0.192500 -0.094188 0.092657
0.192507 -0.094103 0.092607
0.192513 -0.094067 0.092583
0.192519 -0.094009 0.092545
0.192523 -0.093948 0.092506
0.192526 -0.093923 0.092487
0.192531 -0.093878 0.092456
0.192535 -0.093855 0.092442
0.192542 -0.093807 0.092413
0.192547 -0.093781 0.092400
0.192553 -0.093742 0.092379
0.192559 -0.093704 0.092360
0.192566 -0.093666 0.092340
0.192573 -0.093627 0.092320
0.192580 -0.093582 0.092296
0.192587 -0.093538 0.092272
0.192594 -0.093481 0.092241
0.192598 -0.093430 0.092213
0.192603 -0.093365 0.092178
0.192610 -0.093291 0.092140
0.192616 -0.093220 0.092105
0.192624 -0.093147 0.092069
0.192631 -0.093066 0.092031
0.192637 -0.093022 0.092012
0.192645 -0.092928 0.091970
0.192654 -0.092847 0.091936
0.192656 -0.092829 0.091928
0.192667 -0.092703 0.091876
0.192674 -0.092614 0.091839
0.192685 -0.092511 0.091796
0.192693 -0.092435 0.091765
0.192702 -0.092342 0.091725
0.192710 -0.092265 0.091693
0.192720 -0.092161 0.091647
0.192729 -0.092064 0.091603
0.192736 -0.091993 0.091572
0.192743 -0.091909 0.091534
0.192754 -0.091799 0.091485
0.192763 -0.091703 0.091442
0.192773 -0.091596 0.091392
0.192782 -0.091498 0.091349
0.192793 -0.091380 0.091296
0.192802 -0.091283 0.091254
0.192807 -0.091232 0.091230
0.192820 -0.091038 0.091150
0.192828 -0.090915 0.091099
0.192833 -0.090814 0.091059
0.192839 -0.090711 0.091017
0.192843 -0.090640 0.090988
0.192848 -0.090564 0.090955
0.192854 -0.090392 0.090888
0.192859 -0.090303 0.090851
0.192865 -0.090183 0.090802
0.192871 -0.090085 0.090760
0.192875 -0.089993 0.090721
0.192883 -0.089869 0.090666
0.192887 -0.089779 0.090628
0.192893 -0.089659 0.090573
0.192899 -0.089570 0.090533
0.192907 -0.089440 0.090473
0.192910 -0.089381 0.090447
0.192917 -0.089270 0.090397
0.192923 -0.089163 0.090351
0.192931 -0.089041 0.090298
0.192935 -0.088977 0.090270
0.192941 -0.088874 0.090226
0.192948 -0.088774 0.090184
0.192954 -0.088673 0.090143
0.192959 -0.088586 0.090108
0.192967 -0.088470 0.090061
0.192973 -0.088398 0.090033
0.192982 -0.088272 0.089982
0.192991 -0.088170 0.089941
0.193000 -0.088080 0.089904
0.193011 -0.087978 0.089865
0.193023 -0.087889 0.089829
0.193032 -0.087803 0.089794
0.193041 -0.087718 0.089758
0.193054 -0.087595 0.089709
0.193062 -0.087513 0.089672
0.193070 -0.087442 0.089642
0.193079 -0.087359 0.089608
0.193091 -0.087252 0.089562
0.193102 -0.087158 0.089523
0.193108 -0.087095 0.089498
0.193117 -0.086999 0.089458
0.193125 -0.086931 0.089436
0.193134 -0.086818 0.089389
0.193139 -0.086761 0.089368
0.193144 -0.086683 0.089343
0.193152 -0.086572 0.089303
0.193157 -0.086499 0.089277
0.193160 -0.086447 0.089259
0.193165 -0.086361 0.089231
0.193171 -0.086267 0.089201
0.193178 -0.086181 0.089170
0.193183 -0.086123 0.089149
0.193191 -0.086032 0.089114
0.193196 -0.085967 0.089088
0.193203 -0.085906 0.089064
0.193209 -0.085840 0.089036
0.193218 -0.085790 0.089014
0.193224 -0.085731 0.088989
0.193232 -0.085668 0.088963
0.193244 -0.085600 0.088935
0.193252 -0.085559 0.088919
0.193262 -0.085499 0.088896
0.193274 -0.085444 0.088877
0.193280 -0.085398 0.088859
0.193290 -0.085361 0.088848
0.193299 -0.085324 0.088837
0.193307 -0.085285 0.088824
0.193321 -0.085238 0.088809
0.193336 -0.085200 0.088795
0.193350 -0.085161 0.088779
0.193363 -0.085139 0.088767
0.193375 -0.085102 0.088748
0.193385 -0.085099 0.088741
0.193396 -0.085091 0.088733
0.193406 -0.085099 0.088731
0.193417 -0.085098 0.088724
0.193428 -0.085089 0.088718
0.193439 -0.085082 0.088714
0.193449 -0.085081 0.088713
0.193455 -0.085068 0.088709
0.193463 -0.085064 0.088710
0.193469 -0.085073 0.088716
0.193474 -0.085087 0.088724
0.193477 -0.085088 0.088726
0.193478 -0.085110 0.088738
0.193479 -0.085121 0.088744
0.193479 -0.085146 0.088755
0.193480 -0.085174 0.088767
0.193483 -0.085193 0.088775
0.193483 -0.085224 0.088785
0.193485 -0.085229 0.088787
0.193487 -0.085248 0.088791
0.193489 -0.085265 0.088795
0.193489 -0.085269 0.088796
0.193491 -0.085266 0.088797
0.193495 -0.085288 0.088799
0.193497 -0.085310 0.088801
0.193500 -0.085340 0.088802
0.193503 -0.085358 0.088802
0.193507 -0.085370 0.088801
0.193510 -0.085375 0.088801
0.193513 -0.085381 0.088801
0.193516 -0.085381 0.088800
0.193519 -0.085376 0.088799
0.193521 -0.085364 0.088796
0.193525 -0.085350 0.088793
0.193528 -0.085336 0.088791
0.193530 -0.085313 0.088787
0.193536 -0.085294 0.088783
0.193541 -0.085273 0.088778
0.193548 -0.085255 0.088772
0.193554 -0.085243 0.088767
0.193559 -0.085238 0.088762
0.193563 -0.085236 0.088759
0.193567 -0.085237 0.088756
0.193573 -0.085243 0.088754
0.193573 -0.085241 0.088754
0.193581 -0.085253 0.088757
0.193586 -0.085260 0.088759
0.193590 -0.085263 0.088763
0.193594 -0.085265 0.088768
0.193598 -0.085262 0.088771
0.193604 -0.085260 0.088776
0.193608 -0.085259 0.088779
0.193612 -0.085260 0.088781
0.193617 -0.085263 0.088782
0.193620 -0.085265 0.088781
0.193625 -0.085270 0.088779
0.193630 -0.085275 0.088776
0.193634 -0.085279 0.088774
0.193641 -0.085281 0.088773
0.193649 -0.085280 0.088770
0.193656 -0.085273 0.088771
0.193663 -0.085264 0.088770
0.193666 -0.085258 0.088774
0.193670 -0.085252 0.088775
0.193674 -0.085235 0.088776
0.193678 -0.085221 0.088778
0.193681 -0.085207 0.088780
0.193687 -0.085186 0.088779
0.193693 -0.085166 0.088779
0.193701 -0.085144 0.088777
0.193708 -0.085129 0.088774
0.193716 -0.085112 0.088770
0.193725 -0.085091 0.088766
0.193734 -0.085070 0.088763
0.193742 -0.085050 0.088759
0.193751 -0.085031 0.088756
0.193760 -0.085016 0.088753
0.193771 -0.084996 0.088751
0.193784 -0.084975 0.088749
0.193796 -0.084957 0.088748
0.193808 -0.084936 0.088746
0.193830 -0.084905 0.088747
0.193850 -0.084883 0.088747
0.193865 -0.084865 0.088747
0.193876 -0.084852 0.088748
0.193890 -0.084835 0.088746
0.193899 -0.084826 0.088743
0.193913 -0.084809 0.088741
0.193925 -0.084798 0.088738
0.193937 -0.084783 0.088736
0.193953 -0.084763 0.088734
0.193963 -0.084749 0.088731
0.193971 -0.084736 0.088729
0.193982 -0.084719 0.088728
0.193988 -0.084704 0.088728
0.193998 -0.084686 0.088726
0.194004 -0.084668 0.088726
0.194010 -0.084656 0.088729
0.194018 -0.084636 0.088730
0.194021 -0.084630 0.088733
0.194026 -0.084614 0.088736
0.194030 -0.084602 0.088739
0.194034 -0.084598 0.088742
0.194039 -0.084584 0.088746
0.194041 -0.084577 0.088748
0.194047 -0.084567 0.088751
0.194052 -0.084559 0.088754
0.194058 -0.084554 0.088756
0.194064 -0.084549 0.088757
0.194071 -0.084548 0.088758
0.194074 -0.084548 0.088758
0.194086 -0.084544 0.088760
0.194096 -0.084545 0.088760
0.194100 -0.084546 0.088760
0.194115 -0.084550 0.088761
0.194125 -0.084559 0.088761
0.194130 -0.084565 0.088763
0.194144 -0.084575 0.088764
0.194156 -0.084584 0.088768
0.194167 -0.084595 0.088770
0.194180 -0.084608 0.088774
0.194184 -0.084614 0.088776
0.194205 -0.084630 0.088783
0.194217 -0.084643 0.088789
0.194230 -0.084658 0.088794
0.194237 -0.084667 0.088797
0.194255 -0.084685 0.088804
0.194267 -0.084699 0.088811
0.194281 -0.084721 0.088817
0.194293 -0.084745 0.088824
0.194305 -0.084773 0.088831
0.194317 -0.084806 0.088840
0.194330 -0.084836 0.088849
0.194341 -0.084867 0.088858
0.194353 -0.084896 0.088866
0.194363 -0.084924 0.088874
0.194376 -0.084960 0.088886
0.194390 -0.084995 0.088898
0.194404 -0.085027 0.088908
0.194424 -0.085075 0.088925
0.194435 -0.085094 0.088933
0.194450 -0.085129 0.088946
0.194456 -0.085140 0.088950
0.194463 -0.085156 0.088955
0.194483 -0.085205 0.088973
0.194499 -0.085246 0.088987
0.194511 -0.085279 0.089000
0.194525 -0.085321 0.089015
0.194539 -0.085354 0.089029
0.194550 -0.085380 0.089041
0.194564 -0.085406 0.089052
0.194576 -0.085432 0.089065
0.194590 -0.085456 0.089078
0.194601 -0.085477 0.089089
0.194613 -0.085500 0.089102
0.194628 -0.085532 0.089117
0.194641 -0.085561 0.089132
0.194652 -0.085592 0.089147
0.194662 -0.085623 0.089162
0.194672 -0.085656 0.089178
0.194683 -0.085695 0.089196
0.194693 -0.085741 0.089218
0.194702 -0.085775 0.089233
0.194713 -0.085819 0.089253
0.194722 -0.085857 0.089270
0.194732 -0.085900 0.089289
0.194741 -0.085931 0.089303
0.194753 -0.085971 0.089319
0.194769 -0.086025 0.089339
0.194783 -0.086069 0.089356
0.194799 -0.086114 0.089373
0.194815 -0.086156 0.089388
0.194836 -0.086209 0.089407
0.194858 -0.086260 0.089427
0.194877 -0.086307 0.089444
0.194899 -0.086359 0.089464
0.194920 -0.086408 0.089483
0.194938 -0.086453 0.089500
0.194953 -0.086489 0.089515
0.194976 -0.086537 0.089537
0.194994 -0.086578 0.089554
0.195013 -0.086623 0.089575
0.195033 -0.086670 0.089600
0.195050 -0.086710 0.089621
0.195064 -0.086738 0.089637
0.195078 -0.086773 0.089658
0.195091 -0.086798 0.089673
0.195110 -0.086841 0.089701
0.195116 -0.086853 0.089711
0.195131 -0.086886 0.089733
0.195143 -0.086913 0.089752
0.195153 -0.086932 0.089766
0.195167 -0.086967 0.089791
0.195176 -0.086989 0.089805
0.195181 -0.086999 0.089811
0.195193 -0.087034 0.089834
0.195206 -0.087065 0.089852
0.195212 -0.087082 0.089860
0.195223 -0.087111 0.089877
0.195240 -0.087149 0.089897
0.195253 -0.087182 0.089912
0.195266 -0.087212 0.089926
0.195275 -0.087240 0.089937
0.195284 -0.087264 0.089947
0.195302 -0.087308 0.089967
0.195313 -0.087340 0.089981
0.195320 -0.087362 0.089990
0.195340 -0.087418 0.090014
0.195345 -0.087438 0.090022
0.195365 -0.087497 0.090049
0.195371 -0.087521 0.090059
0.195389 -0.087573 0.090084
0.195403 -0.087615 0.090103
0.195409 -0.087640 0.090115
0.195426 -0.087691 0.090140
0.195431 -0.087713 0.090151
0.195449 -0.087771 0.090179
0.195453 -0.087786 0.090188
0.195470 -0.087837 0.090212
0.195477 -0.087863 0.090225
0.195491 -0.087903 0.090244
0.195504 -0.087942 0.090262
0.195511 -0.087966 0.090273
0.195527 -0.088017 0.090295
0.195533 -0.088037 0.090304
0.195542 -0.088070 0.090317
0.195546 -0.088087 0.090325
0.195560 -0.088140 0.090346
0.195570 -0.088180 0.090362
0.195583 -0.088237 0.090385
0.195591 -0.088276 0.090402
0.195601 -0.088324 0.090423
0.195609 -0.088365 0.090441
0.195617 -0.088406 0.090461
0.195626 -0.088447 0.090480
0.195637 -0.088495 0.090504
0.195645 -0.088537 0.090526
0.195655 -0.088583 0.090549
0.195664 -0.088627 0.090571
0.195672 -0.088671 0.090593
0.195680 -0.088707 0.090611
0.195690 -0.088751 0.090634
0.195696 -0.088780 0.090649
0.195713 -0.088834 0.090677
0.195727 -0.088871 0.090699
0.195737 -0.088899 0.090714
0.195762 -0.088950 0.090745
0.195779 -0.088985 0.090767
0.195797 -0.089022 0.090789
0.195814 -0.089060 0.090811
0.195831 -0.089097 0.090834
0.195851 -0.089140 0.090857
0.195871 -0.089181 0.090880
0.195889 -0.089223 0.090903
0.195907 -0.089268 0.090926
0.195924 -0.089308 0.090947
0.195943 -0.089358 0.090972
0.195957 -0.089396 0.090992
0.195974 -0.089445 0.091016
0.195985 -0.089480 0.091034
0.196001 -0.089530 0.091059
0.196013 -0.089567 0.091077
0.196027 -0.089613 0.091101
0.196037 -0.089650 0.091120
0.196048 -0.089704 0.091149
0.196053 -0.089730 0.091164
0.196062 -0.089773 0.091188
0.196068 -0.089810 0.091210
0.196075 -0.089855 0.091236
0.196081 -0.089895 0.091259
0.196090 -0.089940 0.091285
0.196097 -0.089977 0.091306
0.196105 -0.090018 0.091329
0.196116 -0.090060 0.091353
0.196132 -0.090110 0.091381
0.196145 -0.090150 0.091403
0.196158 -0.090182 0.091422
0.196176 -0.090230 0.091448
0.196191 -0.090263 0.091466
0.196208 -0.090300 0.091488
0.196226 -0.090340 0.091510
0.196245 -0.090379 0.091532
0.196267 -0.090429 0.091559
0.196286 -0.090472 0.091582
0.196310 -0.090527 0.091610
0.196327 -0.090563 0.091629
0.196355 -0.090627 0.091661
0.196376 -0.090682 0.091688
0.196389 -0.090719 0.091706
0.196412 -0.090788 0.091740
0.196422 -0.090814 0.091755
0.196437 -0.090864 0.091781
0.196454 -0.090916 0.091810
0.196468 -0.090963 0.091836
0.196480 -0.091002 0.091853
0.196499 -0.091064 0.091882
0.196517 -0.091113 0.091902
0.196532 -0.091154 0.091918
0.196556 -0.091214 0.091940
0.196582 -0.091273 0.091963
0.196597 -0.091310 0.091978
0.196622 -0.091379 0.092007
0.196637 -0.091416 0.092025
0.196648 -0.091454 0.092045
0.196673 -0.091522 0.092084
0.196690 -0.091563 0.092112
0.196706 -0.091597 0.092138
0.196731 -0.091642 0.092170
0.196741 -0.091658 0.092183
0.196760 -0.091687 0.092204
0.196782 -0.091721 0.092228
0.196790 -0.091737 0.092237
0.196805 -0.091756 0.092250
0.196834 -0.091800 0.092280
0.196852 -0.091827 0.092296
0.196876 -0.091861 0.092318
0.196891 -0.091885 0.092331
0.196909 -0.091912 0.092348
0.196929 -0.091942 0.092367
0.196943 -0.091971 0.092384
0.196956 -0.092000 0.092400
0.196974 -0.092033 0.092424
0.196986 -0.092060 0.092441
0.196995 -0.092082 0.092453
0.197011 -0.092131 0.092479
0.197022 -0.092169 0.092498
0.197029 -0.092192 0.092511
0.197043 -0.092241 0.092534
0.197057 -0.092278 0.092548
0.197065 -0.092307 0.092560
0.197080 -0.092353 0.092575
0.197093 -0.092395 0.092593
0.197109 -0.092446 0.092609
0.197121 -0.092485 0.092620
0.197137 -0.092534 0.092636
0.197149 -0.092571 0.092647
0.197166 -0.092627 0.092668
0.197177 -0.092667 0.092681
0.197194 -0.092728 0.092703
0.197210 -0.092784 0.092722
0.197223 -0.092833 0.092741
0.197234 -0.092874 0.092756
0.197247 -0.092924 0.092777
0.197263 -0.092989 0.092803
0.197273 -0.093028 0.092819
0.197287 -0.093080 0.092841
0.197304 -0.093135 0.092864
0.197319 -0.093188 0.092888
0.197332 -0.093234 0.092907
0.197345 -0.093283 0.092927
0.197359 -0.093333 0.092948
0.197372 -0.093380 0.092967
0.197383 -0.093421 0.092984
0.197394 -0.093464 0.093003
0.197402 -0.093503 0.093018
0.197423 -0.093574 0.093049
0.197428 -0.093600 0.093059
0.197455 -0.093669 0.093087
0.197463 -0.093699 0.093099
0.197487 -0.093752 0.093123
0.197497 -0.093783 0.093135
0.197523 -0.093842 0.093159
0.197543 -0.093885 0.093176
0.197553 -0.093909 0.093184
0.197579 -0.093961 0.093206
0.197591 -0.093997 0.093215
0.197617 -0.094044 0.093234
0.197625 -0.094066 0.093239
0.197651 -0.094110 0.093257
0.197671 -0.094148 0.093270
0.197682 -0.094179 0.093276
0.197697 -0.094214 0.093287
0.197714 -0.094244 0.093295
0.197729 -0.094277 0.093305
0.197746 -0.094312 0.093314
0.197772 -0.094359 0.093328
0.197794 -0.094405 0.093339
0.197816 -0.094446 0.093349
0.197838 -0.094483 0.093359
0.197869 -0.094535 0.093371
0.197884 -0.094563 0.093378
0.197906 -0.094598 0.093386
0.197925 -0.094629 0.093392
0.197948 -0.094667 0.093400
0.197969 -0.094708 0.093405
0.197984 -0.094736 0.093410
0.197999 -0.094769 0.093415
0.198022 -0.094820 0.093422
0.198032 -0.094847 0.093421
0.198049 -0.094892 0.093425
0.198068 -0.094945 0.093427
0.198087 -0.094988 0.093429
0.198102 -0.095020 0.093432
0.198123 -0.095069 0.093427
0.198136 -0.095093 0.093427
0.198166 -0.095148 0.093422
0.198186 -0.095178 0.093418
0.198216 -0.095223 0.093414
0.198242 -0.095257 0.093407
0.198271 -0.095293 0.093405
0.198289 -0.095314 0.093404
0.198329 -0.095360 0.093403
0.198350 -0.095383 0.093405
0.198381 -0.095416 0.093407
0.198404 -0.095441 0.093409
0.198434 -0.095474 0.093412
0.198457 -0.095498 0.093414
0.198480 -0.095522 0.093416
0.198512 -0.095552 0.093416
0.198534 -0.095570 0.093414
0.198568 -0.095602 0.093414
0.198591 -0.095621 0.093413
0.198616 -0.095645 0.093413
0.198638 -0.095662 0.093411
0.198660 -0.095677 0.093409
0.198688 -0.095700 0.093407
0.198714 -0.095719 0.093404
0.198734 -0.095731 0.093403
0.198756 -0.095745 0.093399
0.198779 -0.095759 0.093396
0.198804 -0.095773 0.093395
0.198826 -0.095785 0.093391
0.198852 -0.095803 0.093389
0.198869 -0.095813 0.093388
0.198891 -0.095827 0.093387
0.198917 -0.095847 0.093387
0.198943 -0.095866 0.093388
0.198963 -0.095885 0.093390
0.198985 -0.095910 0.093396
0.199002 -0.095927 0.093399
0.199021 -0.095952 0.093405
0.199037 -0.095970 0.093410
0.199056 -0.095997 0.093417
0.199071 -0.096021 0.093424
0.199089 -0.096050 0.093432
0.199106 -0.096084 0.093441
0.199119 -0.096108 0.093448
0.199133 -0.096136 0.093455
0.199152 -0.096169 0.093466
0.199167 -0.096199 0.093475
0.199179 -0.096225 0.093483
0.199193 -0.096261 0.093491
0.199207 -0.096285 0.093499
0.199218 -0.096323 0.093508
0.199231 -0.096354 0.093515
0.199235 -0.096368 0.093518
0.199246 -0.096389 0.093522
0.199254 -0.096401 0.093524
0.199259 -0.096423 0.093528
0.199266 -0.096432 0.093530
0.199269 -0.096448 0.093533
0.199275 -0.096460 0.093534
0.199281 -0.096469 0.093535
0.199291 -0.096478 0.093537
0.199293 -0.096486 0.093537
0.199302 -0.096494 0.093538
0.199308 -0.096500 0.093539
0.199313 -0.096508 0.093539
0.199318 -0.096515 0.093539
0.199321 -0.096519 0.093539
0.199325 -0.096527 0.093540
0.199327 -0.096536 0.093540
0.199332 -0.096549 0.093542
0.199337 -0.096558 0.093543
0.199337 -0.096572 0.093544
0.199344 -0.096584 0.093546
0.199345 -0.096593 0.093549
0.199349 -0.096612 0.093554
0.199356 -0.096627 0.093558
0.199362 -0.096643 0.093562
0.199368 -0.096661 0.093569
0.199377 -0.096682 0.093574
0.199384 -0.096695 0.093578
0.199394 -0.096726 0.093589
0.199404 -0.096751 0.093596
0.199412 -0.096773 0.093604
0.199419 -0.096787 0.093608
0.199427 -0.096815 0.093619
0.199436 -0.096837 0.093625
0.199444 -0.096860 0.093632
0.199454 -0.096885 0.093640
0.199459 -0.096896 0.093642
0.199466 -0.096920 0.093651
0.199471 -0.096938 0.093656
0.199476 -0.096957 0.093663
0.199482 -0.096974 0.093666
0.199488 -0.096995 0.093671
0.199495 -0.097006 0.093672
0.199496 -0.097022 0.093678
0.199498 -0.097033 0.093680
0.199503 -0.097045 0.093683
0.199518 -0.097065 0.093682
0.199524 -0.097077 0.093683
0.199529 -0.097089 0.093682
0.199533 -0.097095 0.093680
0.199538 -0.097103 0.093678
0.199540 -0.097108 0.093674
0.199544 -0.097115 0.093671
0.199547 -0.097123 0.093666
0.199549 -0.097128 0.093664
0.199552 -0.097136 0.093660
0.199554 -0.097144 0.093659
0.199557 -0.097151 0.093656
0.199560 -0.097162 0.093654
0.199563 -0.097172 0.093654
0.199565 -0.097180 0.093653
0.199569 -0.097188 0.093653
0.199576 -0.097206 0.093653
0.199580 -0.097220 0.093652
0.199585 -0.097233 0.093654
0.199591 -0.097248 0.093657
0.199596 -0.097261 0.093658
0.199603 -0.097280 0.093661
0.199609 -0.097297 0.093665
0.199616 -0.097314 0.093668
0.199622 -0.097337 0.093673
0.199629 -0.097357 0.093677
0.199635 -0.097378 0.093682
0.199638 -0.097390 0.093683
0.199646 -0.097418 0.093690
0.199650 -0.097431 0.093693
0.199655 -0.097445 0.093696
0.199661 -0.097466 0.093701
0.199666 -0.097478 0.093702
0.199668 -0.097490 0.093704
0.199672 -0.097505 0.093706
0.199676 -0.097515 0.093707
0.199681 -0.097526 0.093708
0.199686 -0.097535 0.093709
0.199689 -0.097539 0.093708
0.199691 -0.097548 0.093709
0.199695 -0.097553 0.093708
0.199702 -0.097561 0.093708
0.199706 -0.097565 0.093707
0.199708 -0.097569 0.093705
0.199711 -0.097572 0.093704
0.199715 -0.097577 0.093702
0.199719 -0.097581 0.093698
0.199720 -0.097583 0.093697
0.199721 -0.097583 0.093694
0.199727 -0.097589 0.093692
0.199728 -0.097590 0.093690
0.199732 -0.097596 0.093687
0.199735 -0.097599 0.093686
0.199733 -0.097600 0.093685
0.199738 -0.097607 0.093682
0.199742 -0.097613 0.093680
0.199744 -0.097623 0.093678
0.199747 -0.097634 0.093675
0.199748 -0.097640 0.093674
0.199750 -0.097647 0.093674
0.199754 -0.097662 0.093673
0.199755 -0.097668 0.093672
0.199762 -0.097688 0.093670
0.199767 -0.097707 0.093669
0.199772 -0.097726 0.093668
0.199775 -0.097743 0.093669
0.199781 -0.097778 0.093668
0.199784 -0.097804 0.093668
0.199786 -0.097829 0.093667
0.199788 -0.097849 0.093667
0.199791 -0.097877 0.093666
0.199794 -0.097901 0.093664
0.199796 -0.097926 0.093664
0.199798 -0.097948 0.093663
0.199800 -0.097973 0.093663
0.199802 -0.097993 0.093662
0.199803 -0.098008 0.093662
0.199805 -0.098023 0.093661
0.199807 -0.098046 0.093659
0.199808 -0.098062 0.093655
0.199812 -0.098080 0.093651
0.199815 -0.098093 0.093648
0.199819 -0.098111 0.093645
0.199822 -0.098123 0.093642
0.199825 -0.098137 0.093638
0.199829 -0.098152 0.093634
0.199832 -0.098166 0.093630
0.199834 -0.098176 0.093627
0.199836 -0.098185 0.093622
0.199839 -0.098194 0.093619
0.199840 -0.098201 0.093616
0.199842 -0.098206 0.093614
0.199847 -0.098219 0.093608
0.199849 -0.098223 0.093607
0.199855 -0.098235 0.093603
0.199859 -0.098243 0.093600
0.199863 -0.098252 0.093597
0.199865 -0.098255 0.093597
0.199870 -0.098264 0.093595
0.199872 -0.098270 0.093594
0.199875 -0.098277 0.093592
0.199880 -0.098287 0.093590
0.199885 -0.098296 0.093588
0.199889 -0.098307 0.093585
0.199890 -0.098313 0.093584
0.199892 -0.098319 0.093585
0.199895 -0.098328 0.093582
0.199897 -0.098334 0.093580
0.199900 -0.098342 0.093579
0.199902 -0.098350 0.093576
0.199904 -0.098354 0.093574
0.199907 -0.098360 0.093572
0.199908 -0.098362 0.093570
0.199909 -0.098365 0.093569
0.199911 -0.098370 0.093566
0.199914 -0.098377 0.093564
0.199915 -0.098380 0.093563
0.199916 -0.098387 0.093560
0.199917 -0.098393 0.093557
0.199917 -0.098401 0.093554
0.199917 -0.098411 0.093552
0.199918 -0.098414 0.093550
0.199916 -0.098428 0.093547
0.199917 -0.098434 0.093545
0.199917 -0.098451 0.093541
0.199918 -0.098457 0.093540
0.199917 -0.098475 0.093536
0.199919 -0.098487 0.093534
0.199920 -0.098499 0.093530
0.199921 -0.098509 0.093527
0.199923 -0.098522 0.093523
0.199924 -0.098533 0.093520
0.199925 -0.098544 0.093518
0.199926 -0.098555 0.093513
0.199927 -0.098564 0.093511
0.199928 -0.098575 0.093508
0.199930 -0.098586 0.093506
0.199933 -0.098601 0.093502
0.199933 -0.098608 0.093501
0.199938 -0.098624 0.093497
0.199939 -0.098634 0.093495
0.199943 -0.098650 0.093492
0.199945 -0.098658 0.093490
0.199949 -0.098672 0.093486
0.199951 -0.098682 0.093485
0.199956 -0.098701 0.093482
0.199958 -0.098710 0.093480
0.199962 -0.098722 0.093477
0.199964 -0.098733 0.093475
0.199969 -0.098747 0.093472
0.199971 -0.098754 0.093471
0.199974 -0.098764 0.093469
0.199979 -0.098779 0.093467
0.199981 -0.098785 0.093467
0.199987 -0.098798 0.093466
0.199990 -0.098810 0.093466
0.199993 -0.098816 0.093465
0.199999 -0.098832 0.093465
0.200001 -0.098841 0.093465
0.200007 -0.098853 0.093464
0.200009 -0.098859 0.093463
0.200014 -0.098870 0.093461
0.200015 -0.098874 0.093459
0.200021 -0.098889 0.093458
0.200024 -0.098897 0.093456
0.200028 -0.098907 0.093456
0.200030 -0.098918 0.093456
0.200033 -0.098932 0.093458
0.200035 -0.098943 0.093458
0.200037 -0.098954 0.093459
0.200039 -0.098965 0.093460
0.200040 -0.098976 0.093461
0.200043 -0.098986 0.093462
0.200045 -0.098995 0.093462
0.200047 -0.099006 0.093463
0.200051 -0.099020 0.093463
0.200054 -0.099027 0.093463
0.200057 -0.099037 0.093462
0.200060 -0.099044 0.093462
0.200064 -0.099051 0.093459
0.200067 -0.099056 0.093458
0.200070 -0.099063 0.093455
0.200074 -0.099071 0.093452
0.200077 -0.099076 0.093450
0.200079 -0.099083 0.093447
0.200083 -0.099085 0.093443
0.200086 -0.099091 0.093440
0.200088 -0.099095 0.093437
0.200090 -0.099098 0.093436
0.200093 -0.099104 0.093430
0.200098 -0.099108 0.093428
0.200102 -0.099112 0.093425
0.200108 -0.099117 0.093423
0.200111 -0.099120 0.093421
0.200113 -0.099124 0.093420
0.200119 -0.099129 0.093418
0.200129 -0.099133 0.093413
0.200136 -0.099135 0.093412
0.200145 -0.099143 0.093410
0.200151 -0.099150 0.093408
0.200157 -0.099158 0.093406
0.200166 -0.099169 0.093405
0.200178 -0.099177 0.093401
0.200190 -0.099188 0.093400
0.200201 -0.099199 0.093399
0.200215 -0.099211 0.093397
0.200230 -0.099225 0.093397
0.200244 -0.099239 0.093396
0.200261 -0.099257 0.093394
0.200275 -0.099272 0.093393
0.200294 -0.099293 0.093393
0.200320 -0.099319 0.093394
0.200340 -0.099340 0.093395
0.200364 -0.099364 0.093396
0.200383 -0.099383 0.093398
0.200404 -0.099402 0.093399
0.200432 -0.099431 0.093402
0.200454 -0.099453 0.093404
0.200488 -0.099485 0.093409
0.200524 -0.099515 0.093414
0.200560 -0.099544 0.093421
0.200589 -0.099567 0.093426
0.200621 -0.099593 0.093431
0.200658 -0.099618 0.093436
0.200679 -0.099638 0.093443
0.200714 -0.099670 0.093451
0.200737 -0.099688 0.093456
0.200765 -0.099711 0.093463
0.200794 -0.099737 0.093470
0.200823 -0.099760 0.093477
0.200849 -0.099781 0.093484
0.200882 -0.099810 0.093493
0.200916 -0.099838 0.093501
0.200942 -0.099863 0.093508
0.200976 -0.099895 0.093523
0.201005 -0.099916 0.093530
0.201042 -0.099953 0.093543
0.201085 -0.099995 0.093558
0.201109 -0.100017 0.093564
0.201134 -0.100044 0.093573
0.201164 -0.100081 0.093589
0.201190 -0.100113 0.093598
0.201220 -0.100152 0.093612
0.201249 -0.100188 0.093626
0.201256 -0.100194 0.093628
0.201301 -0.100254 0.093650
0.201322 -0.100270 0.093652
0.201364 -0.100327 0.093675
0.201397 -0.100377 0.093696
0.201431 -0.100425 0.093714
0.201463 -0.100475 0.093733
0.201489 -0.100509 0.093742
0.201528 -0.100567 0.093764
0.201568 -0.100619 0.093779
0.201600 -0.100666 0.093799
0.201631 -0.100712 0.093818
0.201669 -0.100764 0.093836
0.201697 -0.100802 0.093851
0.201738 -0.100859 0.093875
0.201776 -0.100912 0.093900
0.201806 -0.100951 0.093918
0.201830 -0.100984 0.093933
0.201863 -0.101028 0.093955
0.201900 -0.101071 0.093980
0.201936 -0.101112 0.094003
0.201974 -0.101151 0.094025
0.202003 -0.101180 0.094041
0.202043 -0.101218 0.094064
0.202069 -0.101240 0.094076
0.202095 -0.101260 0.094089
0.202137 -0.101286 0.094108
0.202166 -0.101304 0.094119
0.202188 -0.101317 0.094128
0.202221 -0.101329 0.094139
0.202243 -0.101338 0.094147
0.202259 -0.101345 0.094153
0.202291 -0.101350 0.094160
0.202308 -0.101354 0.094165
0.202336 -0.101354 0.094168
0.202365 -0.101349 0.094168
0.202383 -0.101345 0.094167
0.202404 -0.101339 0.094164
0.202422 -0.101330 0.094159
0.202422 -0.101330 0.094159
0.202427 -0.101327 0.094157
0.202469 -0.101299 0.094139
0.202486 -0.101282 0.094130
0.202511 -0.101253 0.094111
0.202527 -0.101231 0.094097
0.202541 -0.101207 0.094080
0.202552 -0.101185 0.094064
0.202564 -0.101160 0.094046
0.202577 -0.101134 0.094026
0.202589 -0.101111 0.094008
0.202600 -0.101085 0.093984
0.202611 -0.101059 0.093961
0.202620 -0.101036 0.093938
0.202632 -0.101008 0.093911
0.202641 -0.100987 0.093887
0.202649 -0.100961 0.093863
0.202660 -0.100934 0.093834
0.202670 -0.100909 0.093808
0.202678 -0.100888 0.093788
0.202691 -0.100861 0.093759
0.202701 -0.100837 0.093733
0.202710 -0.100817 0.093710
0.202721 -0.100793 0.093684
0.202729 -0.100774 0.093659
0.202740 -0.100750 0.093629
0.202748 -0.100727 0.093602
0.202756 -0.100703 0.093572
0.202763 -0.100681 0.093545
0.202768 -0.100664 0.093525
0.202774 -0.100641 0.093500
0.202781 -0.100619 0.093474
0.202787 -0.100599 0.093453
0.202788 -0.100592 0.093446
0.202801 -0.100559 0.093409
0.202810 -0.100540 0.093387
0.202810 -0.100538 0.093385
0.202828 -0.100512 0.093349
0.202834 -0.100504 0.093337
0.202834 -0.100502 0.093335
0.202849 -0.100491 0.093312
0.202859 -0.100490 0.093299
0.202860 -0.100489 0.093296
0.202872 -0.100489 0.093281
0.202876 -0.100493 0.093276
0.202882 -0.100496 0.093269
0.202892 -0.100501 0.093261
0.202897 -0.100510 0.093255
0.202902 -0.100519 0.093250
0.202910 -0.100526 0.093241
0.202917 -0.100536 0.093232
0.202926 -0.100546 0.093221
0.202932 -0.100552 0.093210
0.202936 -0.100554 0.093198
0.202944 -0.100560 0.093180
0.202951 -0.100564 0.093158
0.202952 -0.100566 0.093145
0.202957 -0.100568 0.093121
0.202962 -0.100569 0.093092
0.202969 -0.100572 0.093057
0.202976 -0.100569 0.093025
0.202988 -0.100569 0.092984
0.203007 -0.100575 0.092940
0.203021 -0.100569 0.092901
0.203037 -0.100563 0.092861
0.203053 -0.100532 0.092800
0.203062 -0.100506 0.092758
0.203064 -0.100484 0.092732
0.203069 -0.100448 0.092685
0.203100 -0.100391 0.092567
0.203111 -0.100348 0.092497
0.203128 -0.100293 0.092392
0.203141 -0.100247 0.092309
0.203154 -0.100194 0.092217
0.203165 -0.100137 0.092127
0.203176 -0.100078 0.092025
0.203184 -0.100011 0.091935
0.203191 -0.099953 0.091847
0.203202 -0.099868 0.091727
0.203208 -0.099807 0.091643
0.203214 -0.099722 0.091530
0.203219 -0.099640 0.091429
0.203219 -0.099545 0.091311
0.203218 -0.099454 0.091204
0.203215 -0.099363 0.091101
0.203210 -0.099251 0.090985
0.203208 -0.099169 0.090904
0.203203 -0.099050 0.090794
0.203199 -0.098935 0.090696
0.203192 -0.098798 0.090588
0.203190 -0.098701 0.090513
0.203189 -0.098570 0.090419
0.203187 -0.098422 0.090320
0.203194 -0.098261 0.090211
0.203196 -0.098129 0.090126
0.203196 -0.098014 0.090055
0.203201 -0.097874 0.089968
0.203201 -0.097727 0.089881
0.203204 -0.097609 0.089812
0.203206 -0.097464 0.089731
0.203204 -0.097337 0.089661
0.203200 -0.097217 0.089597
0.203195 -0.097092 0.089533
0.203190 -0.096956 0.089461
0.203186 -0.096812 0.089385
0.203180 -0.096655 0.089303
0.203173 -0.096570 0.089253
0.203170 -0.096382 0.089155
0.203166 -0.096131 0.089024
0.203159 -0.095923 0.088906
0.203151 -0.095784 0.088823
0.203145 -0.095670 0.088762
0.203136 -0.095542 0.088686
0.203123 -0.095363 0.088579
0.203114 -0.095274 0.088529
0.203097 -0.095121 0.088436
0.203084 -0.095015 0.088380
0.203066 -0.094878 0.088298
0.203044 -0.094728 0.088211
0.203022 -0.094585 0.088127
0.203000 -0.094449 0.088049
0.202980 -0.094323 0.087977
0.202958 -0.094199 0.087908
0.202938 -0.094089 0.087845
0.202914 -0.093947 0.087764
0.202892 -0.093841 0.087706
0.202874 -0.093739 0.087647
0.202853 -0.093603 0.087567
0.202840 -0.093533 0.087526
0.202823 -0.093433 0.087468
0.202807 -0.093313 0.087396
0.202793 -0.093230 0.087348
0.202781 -0.093144 0.087297
0.202761 -0.093018 0.087226
0.202744 -0.092915 0.087165
0.202727 -0.092820 0.087109
0.202714 -0.092745 0.087066
0.202697 -0.092641 0.087005
0.202683 -0.092553 0.086951
0.202670 -0.092460 0.086900
0.202660 -0.092377 0.086848
0.202649 -0.092275 0.086795
0.202644 -0.092192 0.086749
0.202640 -0.092120 0.086709
0.202633 -0.092003 0.086648
0.202633 -0.091905 0.086596
0.202630 -0.091818 0.086551
0.202633 -0.091727 0.086498
0.202628 -0.091611 0.086440
0.202629 -0.091532 0.086394
0.202629 -0.091395 0.086318
0.202627 -0.091292 0.086261
0.202627 -0.091195 0.086206
0.202623 -0.091090 0.086150
0.202620 -0.091024 0.086116
0.202619 -0.090976 0.086086
0.202615 -0.090893 0.086044
0.202611 -0.090819 0.086008
0.202606 -0.090742 0.085973
0.202601 -0.090652 0.085927
0.202589 -0.090477 0.085851
0.202581 -0.090368 0.085799
0.202578 -0.090300 0.085762
0.202564 -0.090124 0.085683
0.202555 -0.090001 0.085623
0.202543 -0.089851 0.085548
0.202527 -0.089669 0.085458
0.202517 -0.089543 0.085394
0.202504 -0.089423 0.085332
0.202482 -0.089233 0.085238
0.202465 -0.089091 0.085168
0.202447 -0.088951 0.085100
0.202437 -0.088879 0.085062
0.202406 -0.088645 0.084954
0.202386 -0.088501 0.084885
0.202359 -0.088320 0.084796
0.202338 -0.088183 0.084728
0.202313 -0.088021 0.084646
0.202277 -0.087799 0.084533
0.202249 -0.087630 0.084447
0.202228 -0.087501 0.084380
0.202199 -0.087335 0.084294
0.202172 -0.087173 0.084210
0.202145 -0.087028 0.084136
0.202116 -0.086866 0.084052
0.202086 -0.086706 0.083973
0.202065 -0.086581 0.083908
0.202033 -0.086385 0.083810
0.202002 -0.086220 0.083727
0.201969 -0.086031 0.083632
0.201942 -0.085902 0.083568
0.201913 -0.085744 0.083489
0.201887 -0.085617 0.083425
0.201857 -0.085457 0.083346
0.201834 -0.085355 0.083296
0.201809 -0.085240 0.083239
0.201787 -0.085120 0.083181
0.201765 -0.085016 0.083130
0.201740 -0.084921 0.083083
0.201713 -0.084801 0.083025
0.201688 -0.084739 0.082991
0.201665 -0.084608 0.082931
0.201634 -0.084488 0.082873
0.201604 -0.084361 0.082814
0.201572 -0.084226 0.082750
0.201546 -0.084145 0.082708
0.201516 -0.084025 0.082651
0.201480 -0.083933 0.082601
0.201449 -0.083826 0.082547
0.201417 -0.083718 0.082493
0.201388 -0.083646 0.082450
0.201363 -0.083570 0.082412
0.201323 -0.083461 0.082358
0.201272 -0.083362 0.082303
0.201237 -0.083293 0.082266
0.201207 -0.083228 0.082233
0.201162 -0.083125 0.082181
0.201138 -0.083066 0.082153
0.201106 -0.082999 0.082117
0.201055 -0.082890 0.082061
0.201024 -0.082830 0.082027
0.200988 -0.082743 0.081985
0.200955 -0.082672 0.081949
0.200914 -0.082574 0.081907
0.200867 -0.082484 0.081866
0.200827 -0.082416 0.081835
0.200779 -0.082323 0.081797
0.200736 -0.082241 0.081765
0.200676 -0.082137 0.081724
0.200631 -0.082055 0.081694
0.200580 -0.081971 0.081661
0.200522 -0.081881 0.081624
0.200470 -0.081784 0.081585
0.200427 -0.081710 0.081553
0.200369 -0.081619 0.081514
0.200326 -0.081541 0.081478
0.200254 -0.081437 0.081430
0.200192 -0.081352 0.081389
0.200133 -0.081280 0.081352
0.200062 -0.081205 0.081313
0.200014 -0.081155 0.081285
0.199946 -0.081100 0.081253
0.199916 -0.081069 0.081233
0.199793 -0.080995 0.081188
0.199724 -0.080956 0.081162
0.199642 -0.080920 0.081133
0.199563 -0.080888 0.081107
0.199489 -0.080868 0.081085
0.199392 -0.080856 0.081058
0.199319 -0.080853 0.081039
0.199218 -0.080861 0.081015
0.199173 -0.080886 0.081003
0.199102 -0.080909 0.080987
0.199009 -0.080945 0.080966
0.198897 -0.080988 0.080942
0.198837 -0.081038 0.080929
0.198685 -0.081101 0.080901
0.198618 -0.081156 0.080890
0.198527 -0.081204 0.080876
0.198408 -0.081271 0.080861
0.198268 -0.081324 0.080847
0.198193 -0.081372 0.080842
0.198156 -0.081419 0.080842
0.197999 -0.081470 0.080830
0.197904 -0.081522 0.080826
0.197816 -0.081536 0.080818
0.197681 -0.081640 0.080818
0.197566 -0.081664 0.080809
0.197432 -0.081769 0.080811
0.197300 -0.081838 0.080810
0.197176 -0.081908 0.080810
0.197017 -0.082014 0.080815
0.196904 -0.082074 0.080819
0.196745 -0.082187 0.080828
0.196574 -0.082296 0.080837
0.196454 -0.082364 0.080845
0.196336 -0.082455 0.080850
0.196202 -0.082543 0.080856
0.196122 -0.082590 0.080861
0.195966 -0.082696 0.080864
0.195834 -0.082776 0.080867
0.195804 -0.082796 0.080866
0.195612 -0.082896 0.080875
0.195500 -0.082950 0.080882
0.195355 -0.083018 0.080888
0.195292 -0.083052 0.080889
0.195237 -0.083083 0.080890
0.195118 -0.083135 0.080894
0.195012 -0.083180 0.080897
0.194876 -0.083239 0.080900
0.194754 -0.083290 0.080902
0.194737 -0.083301 0.080902
0.194588 -0.083365 0.080904
0.194471 -0.083409 0.080905
0.194292 -0.083463 0.080905
0.194182 -0.083502 0.080904
0.194114 -0.083530 0.080906
0.193967 -0.083580 0.080909
0.193892 -0.083603 0.080912
0.193753 -0.083656 0.080919
0.193652 -0.083689 0.080926
0.193466 -0.083752 0.080939
0.193324 -0.083805 0.080952
0.193215 -0.083844 0.080965
0.193100 -0.083900 0.080980
0.192979 -0.083957 0.080995
0.192858 -0.084024 0.081012
0.192745 -0.084095 0.081028
0.192628 -0.084172 0.081047
0.192510 -0.084254 0.081068
0.192429 -0.084319 0.081081
0.192322 -0.084405 0.081099
0.192218 -0.084487 0.081120
0.192140 -0.084551 0.081135
0.192037 -0.084634 0.081158
0.191944 -0.084710 0.081179
0.191866 -0.084775 0.081200
0.191791 -0.084838 0.081217
0.191703 -0.084911 0.081242
0.191625 -0.084979 0.081269
0.191546 -0.085051 0.081296
0.191472 -0.085119 0.081323
0.191397 -0.085196 0.081357
0.191308 -0.085287 0.081401
0.191263 -0.085336 0.081425
0.191209 -0.085399 0.081460
0.191152 -0.085466 0.081495
0.191098 -0.085527 0.081527
0.191041 -0.085594 0.081565
0.190987 -0.085663 0.081605
0.190930 -0.085726 0.081642
0.190862 -0.085770 0.081658
0.190840 -0.085846 0.081721
0.190821 -0.085905 0.081769
0.190792 -0.085955 0.081811
0.190748 -0.086023 0.081864
0.190727 -0.086074 0.081908
0.190718 -0.086122 0.081956
0.190663 -0.086164 0.081986
0.190668 -0.086230 0.082055
0.190669 -0.086271 0.082103
0.190678 -0.086304 0.082148
0.190663 -0.086353 0.082211
0.190662 -0.086381 0.082250
0.190667 -0.086417 0.082313
0.190657 -0.086451 0.082365
0.190689 -0.086518 0.082461
0.190700 -0.086573 0.082526
0.190702 -0.086617 0.082580
0.190710 -0.086653 0.082626
0.190720 -0.086698 0.082677
0.190729 -0.086738 0.082730
0.190749 -0.086780 0.082786
0.190734 -0.086797 0.082815
0.190767 -0.086820 0.082841
0.190774 -0.086847 0.082876
0.190800 -0.086881 0.082920
0.190777 -0.086912 0.082967
0.190781 -0.086938 0.082998
0.190807 -0.086961 0.083020
0.190816 -0.086989 0.083053
0.190790 -0.087022 0.083097
0.190806 -0.087046 0.083115
0.190783 -0.087092 0.083174
0.190788 -0.087152 0.083225
0.190773 -0.087195 0.083268
0.190770 -0.087258 0.083318
0.190761 -0.087320 0.083367
0.190751 -0.087361 0.083401
0.190741 -0.087421 0.083443
0.190732 -0.087473 0.083480
0.190722 -0.087514 0.083514
0.190709 -0.087570 0.083551
0.190698 -0.087603 0.083578
0.190685 -0.087646 0.083612
0.190671 -0.087690 0.083647
0.190663 -0.087716 0.083671
0.190645 -0.087761 0.083709
0.190628 -0.087804 0.083745
0.190614 -0.087847 0.083784
0.190598 -0.087889 0.083819
0.190578 -0.087937 0.083863
0.190563 -0.087973 0.083902
0.190544 -0.087999 0.083928
0.190521 -0.088049 0.083984
0.190490 -0.088105 0.084046
0.190463 -0.088137 0.084089
0.190416 -0.088188 0.084160
0.190376 -0.088227 0.084220
0.190344 -0.088253 0.084264
0.190309 -0.088281 0.084316
0.190275 -0.088299 0.084360
0.190248 -0.088313 0.084398
0.190218 -0.088330 0.084438
0.190187 -0.088344 0.084479
0.190156 -0.088355 0.084521
0.190134 -0.088369 0.084556
0.190087 -0.088379 0.084611
0.190053 -0.088392 0.084658
0.190019 -0.088405 0.084702
0.189991 -0.088417 0.084738
0.189962 -0.088430 0.084774
0.189923 -0.088455 0.084824
0.189900 -0.088466 0.084851
0.189863 -0.088492 0.084899
0.189823 -0.088522 0.084959
0.189796 -0.088545 0.084999
0.189771 -0.088567 0.085037
0.189739 -0.088596 0.085092
0.189711 -0.088623 0.085143
0.189677 -0.088655 0.085200
0.189652 -0.088680 0.085243
0.189615 -0.088712 0.085304
0.189598 -0.088733 0.085335
0.189566 -0.088764 0.085388
0.189537 -0.088798 0.085439
0.189501 -0.088844 0.085500
0.189455 -0.088897 0.085574
0.189439 -0.088915 0.085600
0.189407 -0.088944 0.085642
0.189371 -0.088971 0.085690
0.189351 -0.088985 0.085721
0.189333 -0.088994 0.085738
0.189306 -0.089011 0.085785
0.189288 -0.089018 0.085802
0.189258 -0.089036 0.085852
0.189235 -0.089048 0.085888
0.189210 -0.089063 0.085928
0.189199 -0.089071 0.085942
0.189172 -0.089088 0.085992
0.189146 -0.089108 0.086031
0.189117 -0.089129 0.086071
0.189095 -0.089146 0.086104
0.189069 -0.089169 0.086143
0.189041 -0.089194 0.086184
0.189003 -0.089229 0.086241
0.188975 -0.089257 0.086284
0.188943 -0.089286 0.086334
0.188915 -0.089316 0.086382
0.188891 -0.089346 0.086421
0.188869 -0.089380 0.086459
0.188846 -0.089407 0.086503
0.188817 -0.089448 0.086555
0.188791 -0.089490 0.086608
0.188780 -0.089507 0.086626
0.188762 -0.089546 0.086678
0.188751 -0.089575 0.086715
0.188744 -0.089588 0.086730
0.188735 -0.089623 0.086781
0.188729 -0.089652 0.086819
0.188725 -0.089680 0.086854
0.188723 -0.089721 0.086901
0.188723 -0.089741 0.086924
0.188723 -0.089783 0.086972
0.188724 -0.089817 0.087010
0.188728 -0.089847 0.087041
0.188732 -0.089897 0.087092
0.188735 -0.089916 0.087110
0.188744 -0.089987 0.087176
0.188748 -0.090010 0.087197
0.188758 -0.090086 0.087265
0.188765 -0.090134 0.087309
0.188772 -0.090168 0.087336
0.188782 -0.090232 0.087393
0.188790 -0.090292 0.087444
0.188801 -0.090349 0.087491
0.188810 -0.090412 0.087544
0.188816 -0.090466 0.087590
0.188819 -0.090513 0.087629
0.188825 -0.090570 0.087677
0.188828 -0.090619 0.087719
0.188833 -0.090675 0.087765
0.188837 -0.090739 0.087818
0.188839 -0.090803 0.087873
0.188842 -0.090870 0.087928
0.188838 -0.090911 0.087964
0.188838 -0.090984 0.088026
0.188831 -0.091029 0.088068
0.188824 -0.091076 0.088113
0.188816 -0.091123 0.088156
0.188816 -0.091179 0.088198
0.188804 -0.091227 0.088249
0.188791 -0.091260 0.088286
0.188776 -0.091280 0.088318
0.188761 -0.091363 0.088391
0.188746 -0.091408 0.088439
0.188729 -0.091467 0.088498
0.188712 -0.091501 0.088538
0.188692 -0.091549 0.088588
0.188686 -0.091582 0.088616
0.188656 -0.091617 0.088666
0.188634 -0.091665 0.088716
0.188617 -0.091682 0.088741
0.188594 -0.091773 0.088818
0.188577 -0.091803 0.088853
0.188558 -0.091858 0.088902
0.188550 -0.091899 0.088932
0.188524 -0.091952 0.088989
0.188506 -0.092000 0.089034
0.188490 -0.092038 0.089072
0.188470 -0.092099 0.089129
0.188456 -0.092136 0.089167
0.188438 -0.092198 0.089225
0.188417 -0.092277 0.089298
0.188409 -0.092314 0.089332
0.188393 -0.092390 0.089399
0.188382 -0.092431 0.089436
0.188368 -0.092514 0.089506
0.188357 -0.092572 0.089556
0.188346 -0.092613 0.089592
0.188338 -0.092678 0.089644
0.188328 -0.092736 0.089689
0.188319 -0.092781 0.089727
0.188303 -0.092878 0.089803
0.188288 -0.092945 0.089856
0.188272 -0.093025 0.089924
0.188256 -0.093091 0.089979
0.188237 -0.093169 0.090050
0.188224 -0.093222 0.090097
0.188201 -0.093307 0.090179
0.188184 -0.093368 0.090238
0.188172 -0.093418 0.090286
0.188154 -0.093485 0.090352
0.188138 -0.093544 0.090412
0.188119 -0.093609 0.090481
0.188100 -0.093667 0.090541
0.188083 -0.093714 0.090592
0.188065 -0.093767 0.090650
0.188050 -0.093810 0.090696
0.188030 -0.093857 0.090752
0.188014 -0.093910 0.090807
0.187998 -0.093959 0.090863
0.187982 -0.094002 0.090913
0.187969 -0.094045 0.090962
0.187959 -0.094070 0.090995
0.187944 -0.094120 0.091057
0.187931 -0.094153 0.091103
0.187918 -0.094180 0.091142
0.187903 -0.094211 0.091188
0.187892 -0.094234 0.091223
0.187878 -0.094257 0.091261
0.187861 -0.094286 0.091308
0.187848 -0.094309 0.091346
0.187835 -0.094322 0.091377
0.187818 -0.094347 0.091428
0.187810 -0.094362 0.091453
0.187798 -0.094382 0.091493
0.187786 -0.094396 0.091531
0.187775 -0.094410 0.091564
0.187760 -0.094427 0.091603
0.187745 -0.094449 0.091644
0.187728 -0.094465 0.091681
0.187714 -0.094487 0.091714
0.187698 -0.094506 0.091749
0.187683 -0.094524 0.091780
0.187666 -0.094544 0.091815
0.187649 -0.094566 0.091851
0.187630 -0.094590 0.091892
0.187618 -0.094607 0.091920
0.187604 -0.094623 0.091948
0.187592 -0.094638 0.091976
0.187580 -0.094649 0.091999
0.187565 -0.094665 0.092031
0.187547 -0.094677 0.092059
0.187531 -0.094693 0.092089
0.187517 -0.094702 0.092113
0.187500 -0.094713 0.092141
0.187485 -0.094726 0.092166
0.187463 -0.094744 0.092200
0.187446 -0.094766 0.092228
0.187431 -0.094781 0.092252
0.187416 -0.094801 0.092278
0.187403 -0.094821 0.092303
0.187392 -0.094841 0.092327
0.187377 -0.094869 0.092356
0.187363 -0.094893 0.092385
0.187352 -0.094914 0.092410
0.187341 -0.094937 0.092434
0.187327 -0.094965 0.092467
0.187317 -0.094987 0.092491
0.187303 -0.095016 0.092522
0.187293 -0.095044 0.092550
0.187284 -0.095074 0.092576
0.187274 -0.095110 0.092609
0.187266 -0.095143 0.092635
0.187260 -0.095175 0.092660
0.187251 -0.095216 0.092691
0.187242 -0.095265 0.092724
0.187235 -0.095301 0.092749
0.187226 -0.095336 0.092774
0.187217 -0.095373 0.092798
0.187207 -0.095416 0.092826
0.187198 -0.095458 0.092853
0.187186 -0.095503 0.092883
0.187176 -0.095548 0.092911
0.187162 -0.095594 0.092939
0.187150 -0.095643 0.092969
0.187139 -0.095694 0.092998
0.187130 -0.095737 0.093021
0.187119 -0.095789 0.093047
0.187111 -0.095834 0.093071
0.187101 -0.095878 0.093092
0.187090 -0.095924 0.093113
0.187075 -0.095984 0.093141
0.187063 -0.096031 0.093164
0.187048 -0.096086 0.093190
0.187035 -0.096130 0.093212
0.187024 -0.096167 0.093231
0.187021 -0.096175 0.093235
0.186996 -0.096258 0.093273
0.186985 -0.096296 0.093289
0.186965 -0.096367 0.093318
0.186954 -0.096407 0.093332
0.186938 -0.096466 0.093350
0.186924 -0.096527 0.093368
0.186917 -0.096557 0.093374
0.186902 -0.096626 0.093391
0.186892 -0.096683 0.093406
0.186882 -0.096729 0.093416
0.186872 -0.096779 0.093426
0.186861 -0.096831 0.093440
0.186853 -0.096867 0.093448
0.186847 -0.096901 0.093458
0.186839 -0.096938 0.093467
0.186833 -0.096971 0.093477
0.186824 -0.097025 0.093490
0.186818 -0.097057 0.093500
0.186808 -0.097114 0.093513
0.186801 -0.097161 0.093522
0.186794 -0.097204 0.093533
0.186785 -0.097258 0.093540
0.186777 -0.097306 0.093547
0.186772 -0.097339 0.093551
0.186756 -0.097402 0.093557
0.186736 -0.097458 0.093564
0.186720 -0.097502 0.093572
0.186701 -0.097533 0.093577
0.186684 -0.097570 0.093587
0.186663 -0.097597 0.093590
0.186641 -0.097633 0.093595
0.186631 -0.097647 0.093594
0.186619 -0.097662 0.093588
0.186608 -0.097685 0.093583
0.186598 -0.097705 0.093572
0.186592 -0.097716 0.093563
0.186585 -0.097730 0.093547
0.186581 -0.097740 0.093535
0.186573 -0.097752 0.093518
0.186569 -0.097767 0.093504
0.186566 -0.097776 0.093490
0.186565 -0.097780 0.093478
0.186562 -0.097785 0.093468
0.186560 -0.097789 0.093458
0.186560 -0.097791 0.093452
0.186560 -0.097793 0.093441
0.186560 -0.097794 0.093431
0.186561 -0.097797 0.093424
0.186563 -0.097800 0.093413
0.186566 -0.097807 0.093403
0.186567 -0.097813 0.093394
0.186569 -0.097823 0.093382
0.186569 -0.097834 0.093372
0.186569 -0.097845 0.093362
0.186570 -0.097858 0.093353
0.186569 -0.097872 0.093346
0.186566 -0.097889 0.093339
0.186564 -0.097910 0.093333
0.186560 -0.097927 0.093330
0.186555 -0.097946 0.093328
0.186550 -0.097965 0.093327
0.186546 -0.097984 0.093326
0.186541 -0.098005 0.093326
0.186537 -0.098025 0.093325
0.186528 -0.098056 0.093325
0.186523 -0.098075 0.093323
0.186520 -0.098089 0.093321
0.186515 -0.098112 0.093318
0.186513 -0.098121 0.093316
0.186504 -0.098155 0.093312
0.186501 -0.098166 0.093309
0.186495 -0.098198 0.093304
0.186489 -0.098216 0.093302
0.186485 -0.098235 0.093300
0.186479 -0.098256 0.093297
0.186472 -0.098277 0.093295
0.186466 -0.098296 0.093294
0.186461 -0.098312 0.093292
0.186456 -0.098333 0.093290
0.186454 -0.098342 0.093292
0.186449 -0.098368 0.093285
0.186448 -0.098386 0.093279
0.186448 -0.098400 0.093273
0.186447 -0.098416 0.093270
0.186448 -0.098433 0.093265
0.186448 -0.098449 0.093263
0.186449 -0.098462 0.093261
0.186449 -0.098479 0.093257
0.186449 -0.098494 0.093259
0.186448 -0.098511 0.093256
0.186448 -0.098527 0.093257
0.186448 -0.098548 0.093260
0.186447 -0.098573 0.093262
0.186444 -0.098598 0.093265
0.186443 -0.098622 0.093268
0.186441 -0.098655 0.093273
0.186439 -0.098676 0.093279
0.186437 -0.098694 0.093287
0.186436 -0.098740 0.093291
0.186437 -0.098772 0.093297
0.186437 -0.098811 0.093308
0.186436 -0.098846 0.093318
0.186435 -0.098889 0.093327
0.186434 -0.098934 0.093341
0.186434 -0.098974 0.093353
0.186435 -0.099009 0.093366
0.186435 -0.099052 0.093381
0.186435 -0.099096 0.093394
0.186435 -0.099130 0.093407
0.186438 -0.099176 0.093422
0.186439 -0.099230 0.093443
0.186441 -0.099281 0.093465
0.186443 -0.099306 0.093471
0.186448 -0.099368 0.093499
0.186451 -0.099414 0.093518
0.186456 -0.099461 0.093538
0.186463 -0.099514 0.093554
0.186468 -0.099552 0.093570
0.186473 -0.099598 0.093587
0.186481 -0.099640 0.093602
0.186486 -0.099685 0.093618
0.186493 -0.099733 0.093632
0.186499 -0.099779 0.093653
0.186506 -0.099825 0.093669
0.186512 -0.099867 0.093686
0.186519 -0.099907 0.093702
0.186529 -0.099956 0.093720
0.186543 -0.100003 0.093735
0.186555 -0.100045 0.093750
0.186566 -0.100087 0.093768
0.186579 -0.100127 0.093783
0.186591 -0.100166 0.093798
0.186608 -0.100216 0.093813
0.186621 -0.100253 0.093826
0.186632 -0.100295 0.093844
0.186644 -0.100334 0.093858
0.186655 -0.100372 0.093874
0.186668 -0.100411 0.093888
0.186680 -0.100452 0.093909
0.186691 -0.100485 0.093922
0.186699 -0.100511 0.093936
0.186714 -0.100556 0.093954
0.186727 -0.100591 0.093965
0.186735 -0.100620 0.093978
0.186746 -0.100652 0.093989
0.186756 -0.100678 0.093998
0.186761 -0.100707 0.094012
0.186777 -0.100745 0.094022
0.186786 -0.100763 0.094021
0.186799 -0.100806 0.094038
0.186811 -0.100833 0.094047
0.186829 -0.100869 0.094055
0.186840 -0.100883 0.094057
0.186859 -0.100919 0.094068
0.186875 -0.100947 0.094075
0.186883 -0.100953 0.094075
0.186903 -0.100986 0.094085
0.186922 -0.101011 0.094091
0.186929 -0.101017 0.094092
0.186949 -0.101049 0.094101
0.186963 -0.101068 0.094104
0.186978 -0.101086 0.094108
0.186989 -0.101091 0.094106
0.187009 -0.101119 0.094111
0.187028 -0.101138 0.094110
0.187034 -0.101143 0.094109
0.187054 -0.101167 0.094110
0.187069 -0.101185 0.094112
0.187073 -0.101189 0.094112
0.187095 -0.101212 0.094114
0.187110 -0.101222 0.094113
0.187132 -0.101239 0.094114
0.187151 -0.101256 0.094116
0.187165 -0.101266 0.094118
0.187188 -0.101284 0.094119
0.187202 -0.101295 0.094120
0.187221 -0.101309 0.094120
0.187239 -0.101324 0.094121
0.187259 -0.101338 0.094122
0.187274 -0.101350 0.094124
0.187303 -0.101370 0.094125
0.187318 -0.101379 0.094125
0.187343 -0.101398 0.094128
0.187366 -0.101412 0.094128
0.187378 -0.101422 0.094130
0.187408 -0.101440 0.094129
0.187431 -0.101453 0.094129
0.187449 -0.101465 0.094129
0.187477 -0.101479 0.094127
0.187492 -0.101489 0.094125
0.187521 -0.101503 0.094120
0.187547 -0.101515 0.094115
0.187561 -0.101523 0.094113
0.187590 -0.101536 0.094107
0.187612 -0.101545 0.094103
0.187636 -0.101557 0.094099
0.187650 -0.101562 0.094096
0.187676 -0.101576 0.094093
0.187702 -0.101589 0.094090
0.187721 -0.101597 0.094086
0.187737 -0.101603 0.094084
0.187769 -0.101620 0.094078
0.187788 -0.101632 0.094075
0.187812 -0.101640 0.094069
0.187832 -0.101646 0.094063
0.187858 -0.101663 0.094056
0.187881 -0.101676 0.094050
0.187898 -0.101688 0.094047
0.187908 -0.101693 0.094044
0.187938 -0.101715 0.094039
0.187954 -0.101732 0.094040
0.187974 -0.101755 0.094041
0.187982 -0.101762 0.094041
0.188002 -0.101786 0.094044
0.188018 -0.101806 0.094047
0.188030 -0.101821 0.094048
0.188050 -0.101849 0.094053
0.188069 -0.101872 0.094057
0.188079 -0.101887 0.094058
0.188103 -0.101919 0.094064
0.188124 -0.101944 0.094068
0.188142 -0.101970 0.094073
0.188156 -0.101985 0.094074
0.188179 -0.102019 0.094081
0.188196 -0.102043 0.094086
0.188215 -0.102068 0.094093
0.188231 -0.102091 0.094099
0.188245 -0.102104 0.094100
0.188264 -0.102135 0.094112
0.188284 -0.102159 0.094119
0.188296 -0.102167 0.094120
0.188315 -0.102199 0.094134
0.188333 -0.102220 0.094142
0.188346 -0.102227 0.094141
0.188366 -0.102258 0.094155
0.188376 -0.102278 0.094163
0.188396 -0.102303 0.094171
0.188410 -0.102315 0.094171
0.188420 -0.102346 0.094186
0.188438 -0.102376 0.094193
0.188450 -0.102385 0.094193
0.188457 -0.102420 0.094210
0.188468 -0.102447 0.094219
0.188481 -0.102456 0.094218
0.188483 -0.102491 0.094236
0.188497 -0.102519 0.094246
0.188506 -0.102527 0.094248
0.188505 -0.102564 0.094271
0.188513 -0.102590 0.094285
0.188518 -0.102614 0.094300
0.188520 -0.102638 0.094313
0.188530 -0.102646 0.094316
0.188531 -0.102683 0.094338
0.188531 -0.102705 0.094354
0.188539 -0.102729 0.094368
0.188539 -0.102752 0.094383
0.188548 -0.102759 0.094387
0.188550 -0.102795 0.094413
0.188549 -0.102817 0.094430
0.188551 -0.102835 0.094444
0.188560 -0.102859 0.094462
0.188563 -0.102866 0.094466
0.188562 -0.102896 0.094491
0.188564 -0.102913 0.094506
0.188567 -0.102930 0.094521
0.188566 -0.102944 0.094535
0.188568 -0.102957 0.094546
0.188575 -0.102961 0.094548
0.188573 -0.102978 0.094563
0.188574 -0.102985 0.094570
0.188573 -0.102994 0.094577
0.188577 -0.102998 0.094581
0.188580 -0.102999 0.094582
0.188591 -0.102999 0.094578
0.188595 -0.102996 0.094578
0.188600 -0.102994 0.094574
0.188607 -0.102986 0.094565
0.188614 -0.102982 0.094556
0.188626 -0.102963 0.094533
0.188632 -0.102948 0.094513
0.188641 -0.102929 0.094485
0.188650 -0.102903 0.094445
0.188656 -0.102875 0.094409
0.188663 -0.102838 0.094359
0.188669 -0.102798 0.094307
0.188677 -0.102747 0.094240
0.188679 -0.102731 0.094211
0.188692 -0.102659 0.094123
0.188694 -0.102646 0.094109
0.188702 -0.102601 0.094045
0.188710 -0.102566 0.093993
0.188722 -0.102525 0.093930
0.188731 -0.102484 0.093868
0.188743 -0.102439 0.093803
0.188755 -0.102388 0.093733
0.188770 -0.102304 0.093644
0.188782 -0.102213 0.093550
0.188799 -0.102121 0.093447
0.188809 -0.102049 0.093374
0.188825 -0.101955 0.093275
0.188839 -0.101855 0.093170
0.188852 -0.101752 0.093065
0.188874 -0.101550 0.092855
0.188884 -0.101445 0.092743
0.188894 -0.101333 0.092617
0.188896 -0.101300 0.092578
0.188903 -0.101136 0.092390
0.188906 -0.101038 0.092262
0.188908 -0.100976 0.092169
0.188908 -0.100924 0.092074
0.188910 -0.100867 0.091973
0.188911 -0.100839 0.091934
0.188920 -0.100696 0.091764
0.188924 -0.100613 0.091652
0.188929 -0.100543 0.091556
0.188929 -0.100518 0.091526
0.188945 -0.100434 0.091397
0.188958 -0.100396 0.091329
0.188968 -0.100359 0.091255
0.188981 -0.100334 0.091188
0.188993 -0.100318 0.091134
0.189007 -0.100308 0.091076
0.189020 -0.100308 0.091026
0.189034 -0.100312 0.090980
0.189047 -0.100319 0.090932
0.189060 -0.100329 0.090893
0.189072 -0.100338 0.090862
0.189092 -0.100348 0.090827
0.189112 -0.100358 0.090793
0.189130 -0.100362 0.090762
0.189134 -0.100349 0.090740
0.189162 -0.100359 0.090693
0.189174 -0.100343 0.090656
0.189185 -0.100322 0.090616
0.189188 -0.100297 0.090587
0.189204 -0.100260 0.090539
0.189212 -0.100211 0.090492
0.189221 -0.100166 0.090451
0.189230 -0.100114 0.090405
0.189241 -0.100046 0.090354
0.189254 -0.099983 0.090307
0.189262 -0.099937 0.090266
0.189281 -0.099835 0.090197
0.189293 -0.099769 0.090149
0.189305 -0.099687 0.090090
0.189315 -0.099609 0.090033
0.189319 -0.099545 0.089983
0.189326 -0.099446 0.089913
0.189325 -0.099359 0.089848
0.189323 -0.099304 0.089805
0.189320 -0.099215 0.089733
0.189314 -0.099134 0.089668
0.189306 -0.099054 0.089602
0.189301 -0.098975 0.089544
0.189290 -0.098899 0.089473
0.189283 -0.098828 0.089418
0.189273 -0.098738 0.089346
0.189262 -0.098645 0.089274
0.189252 -0.098578 0.089219
0.189242 -0.098489 0.089152
0.189229 -0.098429 0.089102
0.189214 -0.098325 0.089028
0.189199 -0.098239 0.088964
0.189182 -0.098153 0.088903
0.189167 -0.098068 0.088845
0.189150 -0.097979 0.088784
0.189132 -0.097890 0.088723
0.189112 -0.097810 0.088665
0.189092 -0.097716 0.088601
0.189076 -0.097632 0.088546
0.189059 -0.097555 0.088495
0.189031 -0.097439 0.088414
0.189010 -0.097340 0.088351
0.188985 -0.097229 0.088277
0.188966 -0.097134 0.088219
0.188943 -0.097024 0.088149
0.188923 -0.096920 0.088085
0.188899 -0.096790 0.088007
0.188882 -0.096696 0.087950
0.188861 -0.096574 0.087877
0.188835 -0.096450 0.087802
0.188813 -0.096352 0.087743
0.188789 -0.096237 0.087675
0.188766 -0.096134 0.087613
0.188744 -0.096051 0.087563
0.188710 -0.095883 0.087467
0.188701 -0.095809 0.087431
0.188631 -0.095531 0.087273
0.188586 -0.095350 0.087176
0.188568 -0.095231 0.087118
0.188554 -0.095168 0.087085
0.188524 -0.095022 0.087010
0.188516 -0.094960 0.086982
0.188483 -0.094827 0.086911
0.188485 -0.094767 0.086888
0.188401 -0.094507 0.086741
0.188373 -0.094378 0.086674
0.188351 -0.094279 0.086624
0.188321 -0.094160 0.086562
0.188270 -0.093986 0.086471
0.188237 -0.093863 0.086409
0.188195 -0.093716 0.086337
0.188156 -0.093582 0.086271
0.188119 -0.093449 0.086206
0.188071 -0.093312 0.086138
0.188039 -0.093239 0.086102
0.187993 -0.093058 0.086009
0.187937 -0.092913 0.085932
0.187899 -0.092805 0.085875
0.187861 -0.092700 0.085817
0.187809 -0.092576 0.085751
0.187765 -0.092470 0.085693
0.187715 -0.092361 0.085637
0.187649 -0.092226 0.085571
0.187625 -0.092147 0.085527
0.187567 -0.092024 0.085467
0.187534 -0.091951 0.085432
0.187494 -0.091843 0.085376
0.187455 -0.091763 0.085337
0.187391 -0.091666 0.085295
0.187325 -0.091562 0.085248
0.187291 -0.091497 0.085211
0.187242 -0.091424 0.085174
0.187195 -0.091350 0.085133
0.187148 -0.091288 0.085102
0.187102 -0.091224 0.085067
0.187078 -0.091163 0.085026
0.187084 -0.091141 0.085006
0.186966 -0.091036 0.084972
0.186890 -0.090937 0.084926
0.186878 -0.090905 0.084907
0.186799 -0.090821 0.084874
0.186739 -0.090762 0.084849
0.186666 -0.090694 0.084818
0.186598 -0.090635 0.084791
0.186544 -0.090589 0.084765
0.186482 -0.090536 0.084736
0.186432 -0.090497 0.084712
0.186371 -0.090454 0.084689
0.186306 -0.090404 0.084661
0.186271 -0.090383 0.084649
0.186197 -0.090339 0.084628
0.186152 -0.090307 0.084614
0.186085 -0.090268 0.084596
0.186008 -0.090233 0.084582
0.185951 -0.090213 0.084574
0.185903 -0.090181 0.084561
0.185807 -0.090147 0.084545
0.185774 -0.090131 0.084535
0.185678 -0.090103 0.084520
0.185640 -0.090087 0.084510
0.185562 -0.090061 0.084495
0.185518 -0.090047 0.084485
0.185446 -0.090025 0.084473
0.185412 -0.090014 0.084468
0.185397 -0.090000 0.084460
0.185382 -0.089991 0.084456
0.185297 -0.089961 0.084442
0.185245 -0.089938 0.084435
0.185190 -0.089917 0.084427
0.185115 -0.089887 0.084416
0.185072 -0.089866 0.084407
0.185030 -0.089843 0.084398
0.184961 -0.089813 0.084383
0.184912 -0.089792 0.084373
0.184894 -0.089781 0.084365
0.184825 -0.089749 0.084349
0.184781 -0.089723 0.084337
0.184749 -0.089699 0.084325
0.184710 -0.089670 0.084312
0.184676 -0.089652 0.084306
0.184655 -0.089622 0.084291
0.184600 -0.089577 0.084276
0.184569 -0.089542 0.084264
0.184551 -0.089515 0.084253
0.184504 -0.089466 0.084237
0.184470 -0.089424 0.084221
0.184439 -0.089384 0.084206
0.184409 -0.089345 0.084190
0.184373 -0.089296 0.084170
0.184356 -0.089272 0.084158
0.184323 -0.089223 0.084139
0.184304 -0.089194 0.084127
0.184282 -0.089153 0.084112
0.184255 -0.089111 0.084095
0.184234 -0.089070 0.084080
0.184210 -0.089023 0.084063
0.184182 -0.088969 0.084044
0.184165 -0.088931 0.084031
0.184138 -0.088880 0.084011
0.184124 -0.088855 0.084001
0.184096 -0.088796 0.083978
0.184078 -0.088757 0.083962
0.184057 -0.088714 0.083944
0.184039 -0.088675 0.083928
0.184024 -0.088638 0.083912
0.184006 -0.088615 0.083902
0.183989 -0.088569 0.083881
0.183977 -0.088531 0.083865
0.183963 -0.088499 0.083849
0.183954 -0.088463 0.083832
0.183944 -0.088427 0.083813
0.183939 -0.088401 0.083798
0.183935 -0.088373 0.083781
0.183924 -0.088341 0.083762
0.183913 -0.088311 0.083743
0.183904 -0.088282 0.083721
0.183895 -0.088268 0.083711
0.183896 -0.088247 0.083689
0.183888 -0.088225 0.083669
0.183886 -0.088212 0.083651
0.183877 -0.088201 0.083641
0.183876 -0.088185 0.083619
0.183878 -0.088174 0.083604
0.183877 -0.088156 0.083583
0.183879 -0.088140 0.083565
0.183874 -0.088131 0.083557
0.183879 -0.088114 0.083535
0.183890 -0.088102 0.083516
0.183896 -0.088089 0.083500
0.183904 -0.088077 0.083481
0.183905 -0.088067 0.083472
0.183921 -0.088061 0.083456
0.183931 -0.088055 0.083444
0.183943 -0.088050 0.083431
0.183955 -0.088049 0.083420
0.183967 -0.088047 0.083410
0.183981 -0.088044 0.083400
0.183988 -0.088044 0.083392
0.184011 -0.088044 0.083376
0.184029 -0.088043 0.083363
0.184040 -0.088044 0.083354
0.184062 -0.088046 0.083338
0.184082 -0.088048 0.083323
0.184100 -0.088051 0.083311
0.184116 -0.088055 0.083304
0.184136 -0.088059 0.083291
0.184157 -0.088063 0.083281
0.184174 -0.088069 0.083276
0.184194 -0.088069 0.083267
0.184216 -0.088072 0.083259
0.184237 -0.088074 0.083253
0.184259 -0.088074 0.083245
0.184280 -0.088077 0.083242
0.184302 -0.088073 0.083229
0.184322 -0.088072 0.083221
0.184342 -0.088073 0.083212
0.184370 -0.088077 0.083201
0.184388 -0.088081 0.083194
0.184412 -0.088085 0.083185
0.184438 -0.088095 0.083177
0.184467 -0.088104 0.083168
0.184478 -0.088110 0.083163
0.184503 -0.088118 0.083156
0.184525 -0.088125 0.083152
0.184553 -0.088134 0.083145
0.184580 -0.088140 0.083139
0.184594 -0.088147 0.083135
0.184609 -0.088153 0.083131
0.184644 -0.088149 0.083124
0.184651 -0.088160 0.083120
0.184670 -0.088164 0.083114
0.184693 -0.088164 0.083108
0.184704 -0.088170 0.083102
0.184722 -0.088169 0.083097
0.184753 -0.088168 0.083087
0.184772 -0.088166 0.083082
0.184788 -0.088166 0.083078
0.184801 -0.088162 0.083074
0.184820 -0.088154 0.083068
0.184842 -0.088146 0.083064
0.184857 -0.088139 0.083061
0.184871 -0.088132 0.083057
0.184889 -0.088122 0.083052
0.184895 -0.088116 0.083049
0.184910 -0.088109 0.083045
0.184929 -0.088098 0.083038
0.184946 -0.088090 0.083031
0.184964 -0.088082 0.083025
0.184968 -0.088076 0.083021
0.184978 -0.088071 0.083015
0.184997 -0.088063 0.083009
0.185002 -0.088052 0.083002
0.185015 -0.088042 0.082995
0.185033 -0.088032 0.082989
0.185038 -0.088018 0.082982
0.185054 -0.088006 0.082975
0.185073 -0.087993 0.082968
0.185069 -0.087974 0.082963
0.185082 -0.087954 0.082954
0.185096 -0.087943 0.082948
0.185094 -0.087926 0.082942
0.185098 -0.087909 0.082936
0.185110 -0.087898 0.082931
0.185106 -0.087883 0.082925
0.185109 -0.087869 0.082917
0.185107 -0.087861 0.082910
0.185110 -0.087849 0.082903
0.185109 -0.087841 0.082896
0.185104 -0.087833 0.082890
0.185105 -0.087827 0.082884
0.185112 -0.087818 0.082878
0.185111 -0.087813 0.082873
0.185113 -0.087806 0.082869
0.185108 -0.087796 0.082866
0.185106 -0.087792 0.082863
0.185100 -0.087784 0.082861
0.185106 -0.087779 0.082858
0.185114 -0.087780 0.082859
0.185106 -0.087767 0.082852
0.185106 -0.087760 0.082847
0.185110 -0.087753 0.082842
0.185122 -0.087756 0.082840
0.185112 -0.087741 0.082829
0.185107 -0.087732 0.082822
0.185118 -0.087736 0.082821
0.185104 -0.087723 0.082812
0.185102 -0.087718 0.082807
0.185115 -0.087721 0.082806
0.185101 -0.087711 0.082800
0.185100 -0.087711 0.082796
0.185112 -0.087719 0.082795
0.185100 -0.087714 0.082791
0.185097 -0.087716 0.082788
0.185108 -0.087722 0.082785
0.185105 -0.087724 0.082783
0.185103 -0.087727 0.082781
0.185113 -0.087731 0.082779
0.185106 -0.087733 0.082779
0.185113 -0.087736 0.082778
0.185107 -0.087735 0.082778
0.185121 -0.087739 0.082777
0.185116 -0.087737 0.082777
0.185124 -0.087738 0.082775
0.185116 -0.087738 0.082777
0.185122 -0.087740 0.082776
0.185109 -0.087740 0.082777
0.185126 -0.087739 0.082774
0.185123 -0.087738 0.082773
0.185112 -0.087736 0.082772
0.185119 -0.087737 0.082771
0.185114 -0.087737 0.082769
0.185107 -0.087735 0.082766
0.185115 -0.087738 0.082764
0.185108 -0.087737 0.082757
0.185110 -0.087737 0.082756
0.185104 -0.087738 0.082746
0.185101 -0.087737 0.082742
0.185106 -0.087739 0.082738
0.185099 -0.087740 0.082727
0.185103 -0.087742 0.082724
0.185096 -0.087742 0.082714
0.185096 -0.087741 0.082712
0.185086 -0.087738 0.082705
0.185083 -0.087735 0.082701
0.185078 -0.087735 0.082697
0.185077 -0.087736 0.082694
0.185074 -0.087736 0.082692
0.185070 -0.087739 0.082691
0.185073 -0.087740 0.082689
0.185074 -0.087744 0.082687
0.185074 -0.087749 0.082686
0.185075 -0.087753 0.082685
0.185075 -0.087759 0.082684
0.185077 -0.087767 0.082684
0.185078 -0.087774 0.082685
0.185079 -0.087783 0.082686
0.185080 -0.087789 0.082688
0.185085 -0.087802 0.082689
0.185086 -0.087812 0.082691
0.185089 -0.087825 0.082693
0.185093 -0.087840 0.082695
0.185099 -0.087858 0.082697
0.185104 -0.087876 0.082698
0.185111 -0.087895 0.082701
0.185121 -0.087914 0.082703
0.185128 -0.087936 0.082705
0.185137 -0.087958 0.082706
0.185145 -0.087978 0.082707
0.185154 -0.088001 0.082708
0.185163 -0.088023 0.082709
0.185172 -0.088046 0.082709
0.185183 -0.088075 0.082708
0.185191 -0.088102 0.082708
0.185202 -0.088132 0.082708
0.185213 -0.088168 0.082708
0.185223 -0.088205 0.082708
0.185233 -0.088244 0.082710
0.185248 -0.088296 0.082712
0.185260 -0.088350 0.082715
0.185273 -0.088397 0.082718
0.185287 -0.088452 0.082723
0.185302 -0.088509 0.082728
0.185320 -0.088574 0.082735
0.185336 -0.088634 0.082741
0.185351 -0.088698 0.082749
0.185366 -0.088763 0.082756
0.185382 -0.088828 0.082764
0.185404 -0.088915 0.082774
0.185420 -0.088983 0.082783
0.185437 -0.089059 0.082795
0.185456 -0.089137 0.082807
0.185477 -0.089233 0.082823
0.185496 -0.089320 0.082839
0.185516 -0.089408 0.082857
0.185536 -0.089496 0.082876
0.185564 -0.089600 0.082898
0.185589 -0.089690 0.082918
0.185616 -0.089774 0.082938
0.185643 -0.089864 0.082960
0.185677 -0.089959 0.082982
0.185712 -0.090049 0.083003
0.185743 -0.090129 0.083022
0.185776 -0.090209 0.083040
0.185808 -0.090275 0.083055
0.185844 -0.090350 0.083071
0.185876 -0.090414 0.083086
0.185913 -0.090483 0.083102
0.185942 -0.090548 0.083119
0.185972 -0.090618 0.083139
0.186003 -0.090687 0.083161
0.186031 -0.090754 0.083185
0.186064 -0.090820 0.083211
0.186096 -0.090886 0.083239
0.186124 -0.090944 0.083266
0.186153 -0.091008 0.083295
0.186185 -0.091056 0.083319
0.186220 -0.091113 0.083348
0.186259 -0.091163 0.083375
0.186291 -0.091209 0.083400
0.186322 -0.091252 0.083424
0.186356 -0.091289 0.083446
0.186393 -0.091327 0.083469
0.186434 -0.091381 0.083501
0.186462 -0.091431 0.083529
0.186500 -0.091494 0.083563
0.186531 -0.091557 0.083599
0.186583 -0.091642 0.083647
0.186611 -0.091721 0.083692
0.186644 -0.091793 0.083732
0.186674 -0.091857 0.083767
0.186709 -0.091920 0.083803
0.186725 -0.091973 0.083830
0.186761 -0.092028 0.083860
0.186786 -0.092121 0.083909
0.186809 -0.092188 0.083944
0.186831 -0.092262 0.083983
0.186854 -0.092331 0.084019
0.186875 -0.092393 0.084054
0.186893 -0.092467 0.084094
0.186914 -0.092539 0.084137
0.186926 -0.092621 0.084187
0.186943 -0.092679 0.084225
0.186954 -0.092758 0.084277
0.186963 -0.092822 0.084319
0.186975 -0.092892 0.084364
0.186985 -0.092963 0.084413
0.186994 -0.093043 0.084465
0.187007 -0.093118 0.084517
0.187013 -0.093200 0.084573
0.187015 -0.093255 0.084610
0.187023 -0.093360 0.084680
0.187022 -0.093420 0.084719
0.187023 -0.093518 0.084784
0.187019 -0.093608 0.084843
0.187016 -0.093696 0.084899
0.187011 -0.093777 0.084950
0.187004 -0.093878 0.085014
0.186995 -0.093988 0.085088
0.186987 -0.094079 0.085149
0.186977 -0.094192 0.085223
0.186969 -0.094296 0.085290
0.186959 -0.094411 0.085362
0.186948 -0.094505 0.085425
0.186929 -0.094641 0.085513
0.186914 -0.094758 0.085589
0.186897 -0.094878 0.085664
0.186884 -0.094995 0.085732
0.186858 -0.095169 0.085840
0.186836 -0.095296 0.085921
0.186822 -0.095447 0.086009
0.186803 -0.095589 0.086096
0.186787 -0.095739 0.086186
0.186766 -0.095911 0.086295
0.186750 -0.096055 0.086385
0.186729 -0.096259 0.086514
0.186712 -0.096482 0.086655
0.186697 -0.096616 0.086742
0.186679 -0.096845 0.086889
0.186654 -0.097036 0.087015
0.186632 -0.097208 0.087128
0.186618 -0.097438 0.087280
0.186594 -0.097659 0.087429
0.186563 -0.097892 0.087591
0.186547 -0.097990 0.087658
0.186522 -0.098112 0.087745
0.186504 -0.098197 0.087806
0.186484 -0.098379 0.087935
0.186457 -0.098757 0.088205
0.186438 -0.099030 0.088404
0.186425 -0.099260 0.088573
0.186407 -0.099474 0.088734
0.186395 -0.099678 0.088888
0.186390 -0.099970 0.089113
0.186376 -0.100156 0.089257
0.186358 -0.100434 0.089477
0.186344 -0.100657 0.089659
0.186335 -0.100830 0.089803
0.186314 -0.101073 0.090003
0.186304 -0.101275 0.090176
0.186295 -0.101464 0.090342
0.186282 -0.101590 0.090446
0.186285 -0.101850 0.090686
0.186273 -0.101984 0.090800
0.186278 -0.102242 0.091044
0.186274 -0.102462 0.091246
0.186273 -0.102647 0.091420
0.186269 -0.102816 0.091579
0.186266 -0.102965 0.091717
0.186263 -0.103139 0.091883
0.186260 -0.103301 0.092035
0.186256 -0.103492 0.092213
0.186254 -0.103658 0.092372
0.186251 -0.103803 0.092510
0.186250 -0.103944 0.092647
0.186248 -0.104111 0.092809
0.186247 -0.104282 0.092978
0.186245 -0.104415 0.093110
0.186245 -0.104551 0.093251
0.186249 -0.104696 0.093403
0.186245 -0.104768 0.093478
0.186252 -0.104924 0.093653
0.186255 -0.105046 0.093791
0.186261 -0.105116 0.093876
0.186256 -0.105271 0.094053
0.186258 -0.105378 0.094183
0.186262 -0.105433 0.094255
0.186256 -0.105594 0.094451
0.186257 -0.105658 0.094536
0.186260 -0.105753 0.094662
0.186259 -0.105835 0.094773
0.186265 -0.105905 0.094876
0.186270 -0.105983 0.094991
0.186265 -0.106030 0.095062
0.186285 -0.106103 0.095197
0.186280 -0.106141 0.095264
0.186302 -0.106187 0.095377
0.186296 -0.106216 0.095439
0.186315 -0.106253 0.095550
0.186310 -0.106276 0.095612
0.186324 -0.106301 0.095711
0.186318 -0.106316 0.095761
0.186332 -0.106331 0.095849
0.186325 -0.106343 0.095898
0.186336 -0.106353 0.095973
0.186324 -0.106361 0.096019
0.186330 -0.106367 0.096084
0.186330 -0.106371 0.096134
0.186329 -0.106376 0.096202
0.186326 -0.106380 0.096275
0.186325 -0.106378 0.096323
0.186323 -0.106379 0.096375
0.186320 -0.106379 0.096431
0.186313 -0.106376 0.096484
0.186305 -0.106373 0.096523
0.186299 -0.106377 0.096570
0.186288 -0.106377 0.096637
0.186278 -0.106380 0.096685
0.186267 -0.106379 0.096738
0.186267 -0.106390 0.096790
0.186281 -0.106408 0.096823
0.186252 -0.106387 0.096894
0.186244 -0.106382 0.096941
0.186257 -0.106397 0.096982
0.186239 -0.106376 0.097029
0.186248 -0.106386 0.097072
0.186249 -0.106380 0.097115
0.186246 -0.106375 0.097122
0.186244 -0.106366 0.097174
0.186237 -0.106354 0.097202
0.186231 -0.106343 0.097233
0.186230 -0.106337 0.097257
0.186224 -0.106321 0.097282
0.186221 -0.106311 0.097305
0.186221 -0.106301 0.097333
0.186211 -0.106282 0.097356
0.186202 -0.106260 0.097378
0.186195 -0.106239 0.097401
0.186188 -0.106219 0.097421
0.186179 -0.106190 0.097443
0.186168 -0.106160 0.097459
0.186156 -0.106126 0.097477
0.186143 -0.106095 0.097491
0.186132 -0.106061 0.097503
0.186122 -0.106031 0.097512
0.186113 -0.105992 0.097520
0.186105 -0.105949 0.097527
0.186095 -0.105903 0.097535
0.186086 -0.105867 0.097542
0.186074 -0.105838 0.097550
0.186063 -0.105809 0.097560
0.186045 -0.105786 0.097574
0.186027 -0.105767 0.097588
0.186009 -0.105753 0.097604
0.185985 -0.105743 0.097624
0.185951 -0.105741 0.097644
0.185931 -0.105740 0.097668
0.185898 -0.105744 0.097696
0.185856 -0.105752 0.097726
0.185825 -0.105759 0.097752
0.185783 -0.105769 0.097779
0.185759 -0.105778 0.097801
0.185718 -0.105791 0.097827
0.185687 -0.105807 0.097854
0.185624 -0.105825 0.097881
0.185602 -0.105836 0.097903
0.185558 -0.105846 0.097925
0.185501 -0.105856 0.097949
0.185463 -0.105859 0.097969
0.185417 -0.105859 0.097990
0.185362 -0.105855 0.098015
0.185310 -0.105848 0.098037
0.185248 -0.105837 0.098054
0.185193 -0.105818 0.098069
0.185150 -0.105791 0.098079
0.185077 -0.105763 0.098088
0.185044 -0.105731 0.098089
0.184967 -0.105692 0.098088
0.184934 -0.105651 0.098084
0.184879 -0.105609 0.098080
0.184832 -0.105566 0.098076
0.184789 -0.105526 0.098076
0.184748 -0.105485 0.098078
0.184559 -0.105470 0.098080
0.184660 -0.105402 0.098100
0.184649 -0.105361 0.098123
0.184770 -0.105341 0.098138
0.184533 -0.105307 0.098165
0.184505 -0.105283 0.098195
0.184554 -0.105256 0.098232
0.184488 -0.105230 0.098269
0.184617 -0.105219 0.098291
0.184532 -0.105196 0.098334
0.184628 -0.105187 0.098359
0.184502 -0.105168 0.098406
0.184633 -0.105161 0.098437
0.184566 -0.105156 0.098480
0.184591 -0.105153 0.098512
0.184658 -0.105153 0.098532
0.184606 -0.105156 0.098562
0.184614 -0.105163 0.098588
0.184629 -0.105169 0.098606
0.184646 -0.105171 0.098614
0.184647 -0.105174 0.098619
0.184662 -0.105178 0.098622
0.184666 -0.105182 0.098619
0.184658 -0.105183 0.098615
0.184661 -0.105183 0.098605
0.184664 -0.105183 0.098595
0.184675 -0.105184 0.098579
0.184669 -0.105180 0.098570
0.184667 -0.105178 0.098557
0.184655 -0.105173 0.098547
0.184650 -0.105173 0.098535
0.184642 -0.105171 0.098523
0.184631 -0.105163 0.098515
0.184622 -0.105158 0.098505
0.184604 -0.105146 0.098503
0.184594 -0.105144 0.098498
0.184582 -0.105139 0.098498
0.184567 -0.105131 0.098502
0.184555 -0.105123 0.098507
0.184538 -0.105113 0.098519
0.184525 -0.105105 0.098530
0.184515 -0.105103 0.098543
0.184498 -0.105095 0.098561
0.184488 -0.105096 0.098581
0.184479 -0.105096 0.098602
0.184463 -0.105090 0.098627
0.184453 -0.105091 0.098650
0.184442 -0.105088 0.098675
0.184432 -0.105084 0.098696
0.184421 -0.105081 0.098721
0.184404 -0.105071 0.098747
0.184395 -0.105067 0.098771
0.184378 -0.105056 0.098792
0.184361 -0.105038 0.098834
0.184338 -0.105008 0.098870
0.184322 -0.104981 0.098891
0.184316 -0.104960 0.098907
0.184314 -0.104934 0.098916
0.184305 -0.104899 0.098920
0.184311 -0.104868 0.098918
0.184312 -0.104828 0.098913
0.184321 -0.104791 0.098904
0.184322 -0.104749 0.098895
0.184329 -0.104707 0.098886
0.184338 -0.104668 0.098878
0.184327 -0.104636 0.098875
0.184350 -0.104602 0.098868
0.184349 -0.104569 0.098867
0.184390 -0.104535 0.098869
0.184382 -0.104511 0.098874
0.184455 -0.104497 0.098879
0.184449 -0.104483 0.098885
0.184486 -0.104472 0.098897
0.184471 -0.104463 0.098916
0.184485 -0.104461 0.098932
0.184503 -0.104460 0.098951
0.184531 -0.104461 0.098972
0.184527 -0.104465 0.098997
0.184557 -0.104467 0.099019
0.184562 -0.104473 0.099038
0.184596 -0.104478 0.099065
0.184629 -0.104482 0.099087
0.184631 -0.104482 0.099110
0.184666 -0.104483 0.099130
0.184692 -0.104481 0.099148
0.184718 -0.104479 0.099168
0.184760 -0.104476 0.099185
0.184762 -0.104468 0.099201
0.184803 -0.104461 0.099215
0.184813 -0.104453 0.099226
0.184860 -0.104444 0.099239
0.184901 -0.104435 0.099248
0.184903 -0.104421 0.099257
0.184946 -0.104410 0.099264
0.184960 -0.104399 0.099271
0.185006 -0.104387 0.099275
0.185052 -0.104375 0.099278
0.185057 -0.104359 0.099281
0.185119 -0.104345 0.099280
0.185156 -0.104327 0.099281
0.185175 -0.104307 0.099278
0.185187 -0.104291 0.099277
0.185243 -0.104271 0.099272
0.185279 -0.104250 0.099266
0.185329 -0.104231 0.099260
0.185363 -0.104211 0.099253
0.185379 -0.104194 0.099248
0.185407 -0.104180 0.099243
0.185442 -0.104167 0.099238
0.185458 -0.104157 0.099236
0.185508 -0.104149 0.099232
0.185504 -0.104142 0.099232
0.185577 -0.104140 0.099229
0.185617 -0.104138 0.099227
0.185637 -0.104135 0.099228
0.185715 -0.104144 0.099229
0.185738 -0.104152 0.099236
0.185763 -0.104164 0.099245
0.185825 -0.104183 0.099254
0.185872 -0.104204 0.099266
0.185900 -0.104223 0.099280
0.185923 -0.104237 0.099291
0.185996 -0.104258 0.099304
0.186041 -0.104274 0.099315
0.186118 -0.104294 0.099329
0.186106 -0.104297 0.099337
0.186206 -0.104323 0.099358
0.186351 -0.104345 0.099362
0.186407 -0.104364 0.099379
0.186440 -0.104378 0.099401
0.186490 -0.104394 0.099421
0.186496 -0.104406 0.099447
0.186569 -0.104421 0.099462
0.186665 -0.104439 0.099467
0.186665 -0.104448 0.099500
0.186788 -0.104471 0.099519
0.186815 -0.104476 0.099537
0.186889 -0.104483 0.099552
0.187040 -0.104496 0.099564
0.187103 -0.104498 0.099576
0.187210 -0.104497 0.099591
0.187276 -0.104487 0.099609
0.187382 -0.104481 0.099623
0.187488 -0.104471 0.099635
0.187555 -0.104453 0.099650
0.187650 -0.104434 0.099667
0.187832 -0.104399 0.099691
0.187904 -0.104368 0.099707
0.188012 -0.104340 0.099723
0.188112 -0.104307 0.099738
0.188267 -0.104261 0.099757
0.188366 -0.104212 0.099780
0.188440 -0.104171 0.099800
0.188555 -0.104117 0.099825
0.188602 -0.104066 0.099849
0.188744 -0.103991 0.099890
0.188831 -0.103924 0.099925
0.188877 -0.103863 0.099950
0.188944 -0.103791 0.099976
0.188946 -0.103741 0.099995
0.189011 -0.103664 0.100018
0.189070 -0.103618 0.100030
0.189064 -0.103543 0.100050
0.189110 -0.103450 0.100069
0.189147 -0.103401 0.100080
0.189144 -0.103314 0.100097
0.189167 -0.103215 0.100113
0.189168 -0.103152 0.100121
0.189174 -0.103069 0.100130
0.189176 -0.102977 0.100138
0.189176 -0.102887 0.100145
0.189175 -0.102794 0.100154
0.189170 -0.102701 0.100158
0.189179 -0.102648 0.100157
0.189160 -0.102540 0.100168
0.189159 -0.102406 0.100169
0.189141 -0.102342 0.100174
0.189143 -0.102221 0.100173
0.189118 -0.102094 0.100179
0.189098 -0.101990 0.100184
0.189076 -0.101902 0.100191
0.189052 -0.101818 0.100198
0.189035 -0.101737 0.100209
0.189002 -0.101683 0.100219
0.188956 -0.101600 0.100236
0.188972 -0.101527 0.100253
0.188967 -0.101470 0.100268
0.188945 -0.101400 0.100289
0.188894 -0.101352 0.100304
0.188927 -0.101290 0.100328
0.188910 -0.101227 0.100350
0.188872 -0.101195 0.100363
0.188893 -0.101129 0.100388
0.188875 -0.101075 0.100412
0.188842 -0.101044 0.100427
0.188869 -0.100988 0.100452
0.188871 -0.100947 0.100471
0.188872 -0.100938 0.100475
0.188879 -0.100908 0.100489
0.188786 -0.100880 0.100505
0.188814 -0.100833 0.100524
0.188890 -0.100785 0.100538
0.188909 -0.100746 0.100548
0.188922 -0.100709 0.100554
0.188946 -0.100676 0.100559
0.188961 -0.100647 0.100563
0.189001 -0.100621 0.100567
0.189057 -0.100598 0.100570
0.189073 -0.100582 0.100573
0.189128 -0.100559 0.100573
0.189181 -0.100551 0.100571
0.189235 -0.100547 0.100566
0.189281 -0.100550 0.100562
0.189340 -0.100555 0.100557
0.189382 -0.100564 0.100552
0.189474 -0.100575 0.100546
0.189523 -0.100589 0.100538
0.189595 -0.100607 0.100530
0.189677 -0.100627 0.100524
0.189684 -0.100648 0.100518
0.189792 -0.100679 0.100510
0.189802 -0.100682 0.100509
0.189663 -0.100696 0.100503
0.189754 -0.100718 0.100497
0.189950 -0.100763 0.100484
0.189930 -0.100765 0.100483
0.189951 -0.100783 0.100475
0.190041 -0.100807 0.100468
0.190119 -0.100831 0.100461
0.190227 -0.100857 0.100453
0.190281 -0.100880 0.100446
0.190366 -0.100906 0.100439
0.190093 -0.100936 0.100426
0.190371 -0.100977 0.100416
0.190377 -0.101013 0.100407
0.190426 -0.101043 0.100399
0.190669 -0.101096 0.100393
0.190693 -0.101125 0.100389
0.190681 -0.101163 0.100384
0.190674 -0.101196 0.100381
0.190662 -0.101227 0.100379
0.190681 -0.101257 0.100378
0.190699 -0.101287 0.100378
0.190655 -0.101322 0.100380
0.190639 -0.101346 0.100381
0.190643 -0.101367 0.100382
0.190598 -0.101390 0.100382
0.190460 -0.101406 0.100378
0.190533 -0.101412 0.100382
0.190503 -0.101416 0.100383
0.190489 -0.101413 0.100385
0.190384 -0.101411 0.100386
0.190365 -0.101399 0.100391
0.190356 -0.101384 0.100397
0.190313 -0.101369 0.100403
0.190277 -0.101352 0.100409
0.190200 -0.101328 0.100412
0.190191 -0.101302 0.100415
0.190154 -0.101269 0.100412
0.190138 -0.101230 0.100411
0.190123 -0.101206 0.100410
0.190096 -0.101163 0.100403
0.190098 -0.101131 0.100404
0.190085 -0.101084 0.100399
0.190091 -0.101050 0.100397
0.190095 -0.101013 0.100397
0.190106 -0.100976 0.100396
0.190119 -0.100947 0.100395
0.190132 -0.100930 0.100394
0.190148 -0.100915 0.100390
0.190164 -0.100907 0.100383
0.190176 -0.100913 0.100370
0.190185 -0.100926 0.100359
0.190191 -0.100947 0.100347
0.190196 -0.100976 0.100334
0.190201 -0.101008 0.100321
0.190205 -0.101053 0.100309
0.190210 -0.101099 0.100296
0.190213 -0.101154 0.100286
0.190207 -0.101192 0.100283
0.190211 -0.101266 0.100268
0.190208 -0.101332 0.100259
0.190213 -0.101375 0.100250
0.190201 -0.101456 0.100240
0.190191 -0.101551 0.100224
0.190178 -0.101653 0.100207
0.190169 -0.101744 0.100187
0.190155 -0.101822 0.100170
0.190143 -0.101895 0.100152
0.190130 -0.101987 0.100125
0.190127 -0.102023 0.100112
0.190103 -0.102129 0.100083
0.190102 -0.102190 0.100057
0.190091 -0.102264 0.100030
0.190067 -0.102363 0.099995
0.190063 -0.102416 0.099972
0.190039 -0.102503 0.099940
0.190039 -0.102576 0.099902
0.190015 -0.102666 0.099864
0.190012 -0.102747 0.099822
0.189992 -0.102833 0.099785
0.189989 -0.102893 0.099750
0.189967 -0.103019 0.099690
0.189955 -0.103111 0.099643
0.189950 -0.103188 0.099600
0.189939 -0.103262 0.099560
0.189920 -0.103389 0.099501
0.189915 -0.103434 0.099476
0.189897 -0.103569 0.099411
0.189888 -0.103656 0.099366
0.189872 -0.103798 0.099304
0.189866 -0.103871 0.099267
0.189850 -0.104023 0.099206
0.189844 -0.104109 0.099163
0.189834 -0.104263 0.099103
0.189828 -0.104348 0.099061
0.189822 -0.104453 0.099019
0.189812 -0.104657 0.098935
0.189804 -0.104787 0.098881
0.189796 -0.104898 0.098832
0.189791 -0.105003 0.098789
0.189783 -0.105111 0.098741
0.189772 -0.105294 0.098665
0.189755 -0.105556 0.098560
0.189749 -0.105644 0.098521
0.189738 -0.105814 0.098450
0.189726 -0.106021 0.098366
0.189703 -0.106384 0.098223
0.189682 -0.106720 0.098080
0.189662 -0.107053 0.097937
0.189646 -0.107295 0.097830
0.189637 -0.107392 0.097789
0.189622 -0.107659 0.097666
0.189615 -0.107738 0.097633
0.189597 -0.108059 0.097478
0.189577 -0.108315 0.097357
0.189563 -0.108544 0.097247
0.189547 -0.108782 0.097125
0.189533 -0.109008 0.097003
0.189518 -0.109270 0.096854
0.189505 -0.109490 0.096730
0.189493 -0.109686 0.096623
0.189481 -0.109877 0.096509
0.189466 -0.110094 0.096381
0.189450 -0.110285 0.096264
0.189424 -0.110577 0.096088
0.189409 -0.110739 0.095994
0.189386 -0.110969 0.095869
0.189367 -0.111173 0.095753
0.189343 -0.111441 0.095603
0.189324 -0.111670 0.095474
0.189304 -0.111909 0.095334
0.189288 -0.112144 0.095192
0.189276 -0.112339 0.095074
0.189265 -0.112517 0.094958
0.189252 -0.112723 0.094825
0.189243 -0.112949 0.094675
0.189233 -0.113136 0.094545
0.189226 -0.113319 0.094415
0.189218 -0.113525 0.094268
0.189211 -0.113727 0.094117
0.189202 -0.113937 0.093958
0.189195 -0.114069 0.093855
0.189188 -0.114200 0.093751
0.189176 -0.114397 0.093582
0.189164 -0.114582 0.093414
0.189158 -0.114673 0.093329
0.189138 -0.114997 0.093019
0.189131 -0.115126 0.092891
0.189121 -0.115272 0.092743
0.189115 -0.115410 0.092599
0.189108 -0.115581 0.092410
0.189101 -0.115700 0.092276
0.189099 -0.115765 0.092196
0.189093 -0.115901 0.092044
0.189088 -0.116018 0.091902
0.189081 -0.116130 0.091770
0.189077 -0.116212 0.091672
0.189069 -0.116359 0.091499
0.189062 -0.116447 0.091396
0.189054 -0.116541 0.091287
0.189044 -0.116648 0.091164
0.189034 -0.116752 0.091049
0.189031 -0.116809 0.090986
0.189020 -0.116921 0.090867
0.189008 -0.117051 0.090735
0.188999 -0.117146 0.090644
0.188990 -0.117262 0.090530
0.188982 -0.117369 0.090433
0.188975 -0.117448 0.090359
0.188965 -0.117587 0.090230
0.188958 -0.117712 0.090117
0.188951 -0.117804 0.090036
0.188942 -0.117928 0.089925
0.188937 -0.118013 0.089854
0.188931 -0.118131 0.089756
0.188920 -0.118294 0.089619
0.188908 -0.118488 0.089461
0.188901 -0.118645 0.089333
0.188891 -0.118797 0.089208
0.188882 -0.118926 0.089097
0.188872 -0.119049 0.088996
0.188864 -0.119179 0.088882
0.188853 -0.119308 0.088772
0.188843 -0.119429 0.088661
0.188835 -0.119539 0.088560
0.188827 -0.119632 0.088472
0.188820 -0.119729 0.088376
0.188813 -0.119812 0.088295
0.188808 -0.119896 0.088204
0.188801 -0.119990 0.088114
0.188796 -0.120037 0.088079
0.188792 -0.120071 0.088054
0.188788 -0.120170 0.087902
0.188782 -0.120234 0.087815
0.188776 -0.120289 0.087737
0.188770 -0.120337 0.087663
0.188767 -0.120359 0.087628
0.188762 -0.120380 0.087582
0.188760 -0.120391 0.087565
0.188757 -0.120397 0.087556
0.188751 -0.120415 0.087524
0.188745 -0.120421 0.087506
0.188741 -0.120427 0.087488
0.188737 -0.120433 0.087476
0.188728 -0.120433 0.087467
0.188726 -0.120433 0.087455
0.188723 -0.120428 0.087446
0.188709 -0.120420 0.087441
0.188700 -0.120404 0.087438
0.188688 -0.120388 0.087442
0.188677 -0.120370 0.087446
0.188666 -0.120346 0.087454
0.188655 -0.120323 0.087463
0.188643 -0.120293 0.087472
0.188629 -0.120262 0.087488
0.188620 -0.120230 0.087504
0.188608 -0.120192 0.087532
0.188604 -0.120173 0.087532
0.188595 -0.120148 0.087555
0.188584 -0.120111 0.087573
0.188574 -0.120078 0.087595
0.188557 -0.120016 0.087659
0.188552 -0.120004 0.087657
0.188536 -0.119934 0.087733
0.188519 -0.119884 0.087760
0.188506 -0.119830 0.087807
0.188494 -0.119819 0.087796
0.188473 -0.119735 0.087882
0.188456 -0.119680 0.087931
0.188429 -0.119605 0.087999
0.188400 -0.119534 0.088064
0.188373 -0.119460 0.088138
0.188354 -0.119390 0.088218
0.188338 -0.119317 0.088304
0.188327 -0.119271 0.088360
0.188306 -0.119220 0.088420
0.188293 -0.119175 0.088476
0.188285 -0.119124 0.088549
0.188278 -0.119081 0.088612
0.188270 -0.119033 0.088683
0.188264 -0.118987 0.088758
0.188262 -0.118948 0.088824
0.188261 -0.118918 0.088881
0.188267 -0.118892 0.088936
0.188280 -0.118855 0.089016
0.188295 -0.118819 0.089085
0.188322 -0.118783 0.089158
0.188341 -0.118742 0.089242
0.188360 -0.118707 0.089308
0.188386 -0.118669 0.089386
0.188414 -0.118607 0.089508
0.188443 -0.118564 0.089597
0.188466 -0.118518 0.089689
0.188492 -0.118474 0.089774
0.188517 -0.118427 0.089868
0.188544 -0.118368 0.089987
0.188558 -0.118345 0.090034
0.188581 -0.118296 0.090126
0.188598 -0.118251 0.090207
0.188618 -0.118201 0.090300
0.188635 -0.118134 0.090406
0.188647 -0.118096 0.090471
0.188668 -0.118018 0.090590
0.188682 -0.117964 0.090672
0.188697 -0.117897 0.090771
0.188702 -0.117870 0.090813
0.188717 -0.117790 0.090919
0.188733 -0.117711 0.091019
0.188745 -0.117628 0.091120
0.188751 -0.117562 0.091199
0.188758 -0.117473 0.091300
0.188765 -0.117386 0.091394
0.188762 -0.117350 0.091436
0.188769 -0.117271 0.091516
0.188768 -0.117154 0.091639
0.188769 -0.117074 0.091720
0.188775 -0.116970 0.091823
0.188769 -0.116855 0.091938
0.188765 -0.116747 0.092040
0.188760 -0.116668 0.092115
0.188753 -0.116555 0.092222
0.188739 -0.116441 0.092332
0.188730 -0.116254 0.092503
0.188703 -0.116109 0.092644
0.188681 -0.116010 0.092741
0.188664 -0.115896 0.092850
0.188641 -0.115767 0.092980
0.188626 -0.115724 0.093032
0.188609 -0.115640 0.093117
0.188588 -0.115494 0.093258
0.188563 -0.115386 0.093378
0.188543 -0.115290 0.093480
0.188528 -0.115221 0.093559
0.188505 -0.115119 0.093679
0.188486 -0.115028 0.093787
0.188467 -0.114939 0.093896
0.188447 -0.114852 0.094004
0.188423 -0.114752 0.094131
0.188404 -0.114660 0.094250
0.188386 -0.114578 0.094354
0.188361 -0.114478 0.094479
0.188343 -0.114401 0.094581
0.188321 -0.114314 0.094691
0.188301 -0.114238 0.094784
0.188275 -0.114127 0.094927
0.188258 -0.114058 0.095012
0.188234 -0.113965 0.095130
0.188211 -0.113860 0.095265
0.188195 -0.113787 0.095357
0.188190 -0.113754 0.095401
0.188146 -0.113582 0.095613
0.188135 -0.113532 0.095679
0.188113 -0.113434 0.095798
0.188102 -0.113376 0.095879
0.188082 -0.113287 0.095987
0.188067 -0.113196 0.096102
0.188038 -0.113076 0.096247
0.188019 -0.112976 0.096365
0.188012 -0.112902 0.096456
0.187984 -0.112779 0.096595
0.187980 -0.112720 0.096664
0.187947 -0.112597 0.096794
0.187930 -0.112503 0.096890
0.187926 -0.112433 0.096966
0.187896 -0.112276 0.097116
0.187892 -0.112211 0.097178
0.187871 -0.112103 0.097274
0.187868 -0.112012 0.097356
0.187843 -0.111875 0.097470
0.187844 -0.111786 0.097549
0.187820 -0.111622 0.097684
0.187824 -0.111543 0.097755
0.187810 -0.111388 0.097878
0.187802 -0.111288 0.097956
0.187810 -0.111198 0.098039
0.187802 -0.111044 0.098161
0.187808 -0.110978 0.098224
0.187801 -0.110817 0.098361
0.187810 -0.110724 0.098455
0.187801 -0.110584 0.098577
0.187798 -0.110483 0.098669
0.187808 -0.110369 0.098775
0.187802 -0.110222 0.098907
0.187805 -0.110158 0.098969
0.187802 -0.110004 0.099118
0.187811 -0.109871 0.099253
0.187819 -0.109769 0.099359
0.187826 -0.109694 0.099435
0.187835 -0.109575 0.099564
0.187847 -0.109465 0.099684
0.187858 -0.109372 0.099788
0.187871 -0.109288 0.099882
0.187878 -0.109221 0.099957
0.187898 -0.109097 0.100105
0.187914 -0.109033 0.100191
0.187924 -0.108936 0.100300
0.187948 -0.108819 0.100452
0.187953 -0.108769 0.100509
0.187979 -0.108647 0.100667
0.187983 -0.108598 0.100723
0.188005 -0.108479 0.100877
0.188018 -0.108438 0.100936
0.188026 -0.108362 0.101023
0.188054 -0.108257 0.101161
0.188059 -0.108182 0.101245
0.188087 -0.108109 0.101343
0.188093 -0.108023 0.101434
0.188126 -0.107934 0.101542
0.188130 -0.107899 0.101579
0.188166 -0.107784 0.101701
0.188171 -0.107732 0.101749
0.188203 -0.107650 0.101840
0.188222 -0.107565 0.101921
0.188230 -0.107504 0.101974
0.188259 -0.107425 0.102064
0.188262 -0.107394 0.102094
0.188290 -0.107304 0.102196
0.188313 -0.107236 0.102277
0.188328 -0.107184 0.102337
0.188342 -0.107135 0.102392
0.188361 -0.107062 0.102477
0.188374 -0.107009 0.102540
0.188383 -0.106967 0.102592
0.188394 -0.106925 0.102649
0.188403 -0.106905 0.102682
0.188411 -0.106903 0.102702
0.188417 -0.106881 0.102742
0.188424 -0.106830 0.102822
0.188424 -0.106752 0.102924
0.188422 -0.106704 0.102986
0.188421 -0.106670 0.103055
0.188425 -0.106665 0.103121
0.188421 -0.106640 0.103218
0.188419 -0.106640 0.103275
0.188409 -0.106614 0.103385
0.188406 -0.106620 0.103433
0.188393 -0.106597 0.103516
0.188386 -0.106605 0.103579
0.188372 -0.106596 0.103647
0.188370 -0.106618 0.103674
0.188358 -0.106615 0.103735
0.188339 -0.106609 0.103815
0.188327 -0.106609 0.103873
0.188296 -0.106573 0.103989
0.188281 -0.106579 0.104063
0.188271 -0.106583 0.104102
0.188259 -0.106583 0.104162
0.188251 -0.106587 0.104206
0.188232 -0.106570 0.104272
0.188228 -0.106565 0.104299
0.188212 -0.106541 0.104351
0.188209 -0.106527 0.104383
0.188201 -0.106498 0.104412
0.188193 -0.106471 0.104441
0.188188 -0.106446 0.104462
0.188181 -0.106417 0.104481
0.188170 -0.106379 0.104503
0.188157 -0.106336 0.104523
0.188148 -0.106283 0.104539
0.188137 -0.106235 0.104552
0.188123 -0.106171 0.104564
0.188106 -0.106116 0.104573
0.188088 -0.106062 0.104580
0.188071 -0.106016 0.104588
0.188055 -0.105986 0.104590
0.188033 -0.105940 0.104600
0.188011 -0.105905 0.104619
0.187993 -0.105881 0.104643
0.187981 -0.105883 0.104660
0.187972 -0.105870 0.104677
0.187956 -0.105871 0.104684
0.187937 -0.105851 0.104704
0.187924 -0.105849 0.104714
0.187911 -0.105849 0.104727
0.187900 -0.105853 0.104734
0.187891 -0.105859 0.104739
0.187878 -0.105871 0.104748
0.187870 -0.105869 0.104766
0.187853 -0.105907 0.104767
0.187841 -0.105930 0.104774
0.187829 -0.105950 0.104789
0.187810 -0.105985 0.104809
0.187796 -0.106007 0.104829
0.187780 -0.106041 0.104841
0.187767 -0.106067 0.104860
0.187745 -0.106117 0.104882
0.187736 -0.106134 0.104895
0.187720 -0.106158 0.104913
0.187696 -0.106210 0.104933
0.187682 -0.106235 0.104945
0.187662 -0.106274 0.104964
0.187648 -0.106306 0.104974
0.187630 -0.106345 0.104986
0.187615 -0.106377 0.104995
0.187597 -0.106409 0.105006
0.187588 -0.106428 0.105011
0.187577 -0.106447 0.105018
0.187564 -0.106479 0.105021
0.187559 -0.106490 0.105024
0.187545 -0.106524 0.105030
0.187539 -0.106535 0.105033
0.187534 -0.106553 0.105035
0.187526 -0.106571 0.105038
0.187520 -0.106591 0.105038
0.187516 -0.106610 0.105036
0.187507 -0.106621 0.105035
0.187502 -0.106631 0.105031
0.187499 -0.106635 0.105030
0.187490 -0.106662 0.105021
0.187486 -0.106667 0.105020
0.187481 -0.106677 0.105017
0.187474 -0.106694 0.105012
0.187469 -0.106708 0.105011
0.187462 -0.106726 0.105012
0.187457 -0.106748 0.105015
0.187451 -0.106765 0.105018
0.187446 -0.106787 0.105026
0.187443 -0.106811 0.105036
0.187440 -0.106838 0.105050
0.187437 -0.106870 0.105071
0.187435 -0.106907 0.105091
0.187434 -0.106939 0.105106
0.187432 -0.106967 0.105120
0.187425 -0.107004 0.105137
0.187418 -0.107036 0.105151
0.187411 -0.107072 0.105166
0.187403 -0.107117 0.105185
0.187398 -0.107142 0.105192
0.187393 -0.107160 0.105199
0.187387 -0.107213 0.105219
0.187381 -0.107270 0.105234
0.187387 -0.107316 0.105242
0.187393 -0.107357 0.105247
0.187412 -0.107392 0.105247
0.187415 -0.107407 0.105248
0.187431 -0.107428 0.105247
0.187435 -0.107435 0.105247
0.187443 -0.107443 0.105245
0.187451 -0.107458 0.105248
0.187457 -0.107469 0.105248
0.187466 -0.107481 0.105247
0.187470 -0.107497 0.105252
0.187484 -0.107502 0.105247
0.187487 -0.107514 0.105251
0.187498 -0.107520 0.105247
0.187509 -0.107528 0.105243
0.187512 -0.107532 0.105243
0.187530 -0.107545 0.105237
0.187544 -0.107555 0.105232
0.187562 -0.107569 0.105228
0.187579 -0.107579 0.105224
0.187594 -0.107591 0.105220
0.187613 -0.107601 0.105215
0.187632 -0.107619 0.105215
0.187646 -0.107633 0.105217
0.187671 -0.107657 0.105223
0.187689 -0.107682 0.105234
0.187704 -0.107705 0.105247
0.187721 -0.107731 0.105263
0.187738 -0.107763 0.105279
0.187763 -0.107804 0.105299
0.187777 -0.107839 0.105314
0.187800 -0.107877 0.105330
0.187819 -0.107917 0.105345
0.187840 -0.107958 0.105359
0.187864 -0.108002 0.105372
0.187893 -0.108056 0.105385
0.187929 -0.108107 0.105398
0.187963 -0.108158 0.105408
0.187995 -0.108201 0.105416
0.188032 -0.108249 0.105422
0.188062 -0.108285 0.105425
0.188079 -0.108308 0.105426
0.188088 -0.108321 0.105424
0.188108 -0.108344 0.105425
0.188165 -0.108400 0.105428
0.188190 -0.108428 0.105428
0.188219 -0.108459 0.105429
0.188241 -0.108484 0.105431
0.188268 -0.108514 0.105435
0.188290 -0.108542 0.105433
0.188317 -0.108578 0.105438
0.188337 -0.108607 0.105440
0.188357 -0.108638 0.105442
0.188372 -0.108662 0.105444
0.188385 -0.108686 0.105446
0.188403 -0.108722 0.105451
0.188410 -0.108747 0.105456
0.188428 -0.108785 0.105457
0.188439 -0.108817 0.105458
0.188444 -0.108846 0.105461
0.188458 -0.108888 0.105463
0.188461 -0.108910 0.105465
0.188476 -0.108961 0.105469
0.188478 -0.108985 0.105472
0.188494 -0.109038 0.105481
0.188496 -0.109067 0.105488
0.188514 -0.109117 0.105499
0.188517 -0.109152 0.105509
0.188536 -0.109218 0.105528
0.188538 -0.109240 0.105534
0.188557 -0.109307 0.105554
0.188567 -0.109359 0.105570
0.188567 -0.109382 0.105578
0.188578 -0.109448 0.105597
0.188574 -0.109470 0.105605
0.188585 -0.109530 0.105623
0.188572 -0.109560 0.105632
0.188580 -0.109622 0.105648
0.188566 -0.109648 0.105654
0.188569 -0.109714 0.105669
0.188561 -0.109731 0.105672
0.188557 -0.109800 0.105684
0.188558 -0.109858 0.105693
0.188549 -0.109880 0.105695
0.188533 -0.109908 0.105696
0.188531 -0.109967 0.105700
0.188515 -0.109990 0.105701
0.188512 -0.110040 0.105704
0.188505 -0.110073 0.105706
0.188491 -0.110113 0.105709
0.188480 -0.110157 0.105712
0.188471 -0.110187 0.105715
0.188457 -0.110218 0.105718
0.188438 -0.110237 0.105720
0.188437 -0.110244 0.105720
0.188438 -0.110268 0.105723
0.188427 -0.110292 0.105724
0.188405 -0.110339 0.105724
0.188392 -0.110366 0.105723
0.188373 -0.110397 0.105721
0.188360 -0.110429 0.105717
0.188350 -0.110456 0.105713
0.188337 -0.110489 0.105708
0.188324 -0.110513 0.105704
0.188317 -0.110538 0.105700
0.188306 -0.110564 0.105698
0.188298 -0.110591 0.105695
0.188289 -0.110634 0.105695
0.188280 -0.110665 0.105693
0.188276 -0.110702 0.105694
0.188274 -0.110737 0.105697
0.188273 -0.110784 0.105701
0.188274 -0.110843 0.105708
0.188274 -0.110894 0.105716
0.188276 -0.110946 0.105726
0.188276 -0.111005 0.105739
0.188275 -0.111063 0.105753
0.188275 -0.111125 0.105769
0.188272 -0.111205 0.105791
0.188269 -0.111276 0.105813
0.188266 -0.111348 0.105832
0.188262 -0.111414 0.105849
0.188258 -0.111494 0.105867
0.188255 -0.111569 0.105883
0.188248 -0.111651 0.105897
0.188245 -0.111718 0.105907
0.188244 -0.111783 0.105916
0.188243 -0.111840 0.105923
0.188242 -0.111897 0.105930
0.188241 -0.111957 0.105936
0.188240 -0.112005 0.105942
0.188237 -0.112049 0.105946
0.188237 -0.112091 0.105949
0.188235 -0.112127 0.105951
0.188235 -0.112170 0.105951
0.188231 -0.112207 0.105952
0.188228 -0.112237 0.105952
0.188224 -0.112270 0.105954
0.188222 -0.112299 0.105955
0.188216 -0.112336 0.105960
0.188212 -0.112363 0.105965
0.188208 -0.112393 0.105970
0.188202 -0.112434 0.105979
0.188197 -0.112476 0.105988
0.188192 -0.112518 0.106000
0.188186 -0.112556 0.106010
0.188180 -0.112608 0.106024
0.188173 -0.112651 0.106040
0.188167 -0.112703 0.106059
0.188161 -0.112752 0.106077
0.188157 -0.112799 0.106096
0.188152 -0.112847 0.106113
0.188150 -0.112903 0.106132
0.188146 -0.112952 0.106149
0.188142 -0.113011 0.106166
0.188138 -0.113072 0.106183
0.188137 -0.113122 0.106198
0.188136 -0.113168 0.106209
0.188138 -0.113211 0.106222
0.188138 -0.113255 0.106233
0.188140 -0.113301 0.106247
0.188142 -0.113351 0.106262
0.188144 -0.113398 0.106276
0.188145 -0.113435 0.106287
0.188146 -0.113476 0.106301
0.188151 -0.113520 0.106315
0.188153 -0.113563 0.106327
0.188154 -0.113605 0.106339
0.188156 -0.113645 0.106352
0.188157 -0.113682 0.106359
0.188159 -0.113730 0.106374
0.188161 -0.113781 0.106386
0.188164 -0.113821 0.106397
0.188167 -0.113871 0.106408
0.188169 -0.113916 0.106418
0.188172 -0.113968 0.106429
0.188174 -0.114023 0.106441
0.188178 -0.114076 0.106452
0.188181 -0.114143 0.106468
0.188184 -0.114188 0.106478
0.188187 -0.114234 0.106489
0.188191 -0.114288 0.106502
0.188194 -0.114335 0.106514
0.188197 -0.114379 0.106524
0.188199 -0.114427 0.106536
0.188201 -0.114469 0.106545
0.188204 -0.114513 0.106555
0.188208 -0.114573 0.106567
0.188213 -0.114646 0.106580
0.188214 -0.114699 0.106589
0.188216 -0.114745 0.106597
0.188218 -0.114808 0.106606
0.188219 -0.114851 0.106614
0.188220 -0.114894 0.106621
0.188221 -0.114932 0.106627
0.188222 -0.114970 0.106634
0.188222 -0.114994 0.106636
0.188225 -0.115042 0.106644
0.188226 -0.115073 0.106649
0.188227 -0.115105 0.106651
0.188230 -0.115148 0.106659
0.188233 -0.115176 0.106659
0.188236 -0.115225 0.106669
0.188237 -0.115245 0.106671
0.188243 -0.115295 0.106678
0.188247 -0.115334 0.106685
0.188250 -0.115353 0.106686
0.188257 -0.115396 0.106696
0.188264 -0.115434 0.106702
0.188267 -0.115453 0.106701
0.188276 -0.115500 0.106712
0.188282 -0.115536 0.106715
0.188288 -0.115571 0.106722
0.188296 -0.115609 0.106726
0.188299 -0.115632 0.106725
0.188307 -0.115677 0.106733
0.188312 -0.115712 0.106737
0.188318 -0.115747 0.106740
0.188324 -0.115780 0.106742
0.188328 -0.115812 0.106746
0.188333 -0.115842 0.106748
0.188337 -0.115858 0.106746
0.188343 -0.115897 0.106750
0.188348 -0.115920 0.106746
0.188353 -0.115941 0.106747
0.188362 -0.115993 0.106748
0.188368 -0.116023 0.106745
0.188373 -0.116043 0.106743
0.188377 -0.116057 0.106738
0.188387 -0.116092 0.106735
0.188393 -0.116111 0.106730
0.188401 -0.116135 0.106723
0.188408 -0.116155 0.106718
0.188413 -0.116173 0.106712
0.188419 -0.116196 0.106705
0.188424 -0.116219 0.106700
0.188429 -0.116238 0.106696
0.188436 -0.116260 0.106690
0.188441 -0.116278 0.106688
0.188445 -0.116294 0.106684
0.188447 -0.116300 0.106681
0.188451 -0.116306 0.106674
0.188456 -0.116326 0.106672
0.188468 -0.116359 0.106667
0.188475 -0.116380 0.106662
0.188488 -0.116409 0.106655
0.188493 -0.116421 0.106652
0.188504 -0.116440 0.106644
0.188512 -0.116450 0.106636
0.188522 -0.116466 0.106629
0.188530 -0.116485 0.106624
0.188540 -0.116499 0.106615
0.188549 -0.116513 0.106604
0.188559 -0.116526 0.106594
0.188565 -0.116536 0.106584
0.188570 -0.116538 0.106579
0.188576 -0.116549 0.106569
0.188583 -0.116558 0.106562
0.188592 -0.116573 0.106547
0.188597 -0.116580 0.106540
0.188607 -0.116598 0.106526
0.188611 -0.116597 0.106518
0.188619 -0.116604 0.106506
0.188626 -0.116611 0.106496
0.188634 -0.116616 0.106485
0.188643 -0.116627 0.106469
0.188649 -0.116623 0.106461
0.188655 -0.116627 0.106451
0.188668 -0.116636 0.106436
0.188673 -0.116633 0.106427
0.188684 -0.116639 0.106416
0.188692 -0.116643 0.106407
0.188698 -0.116640 0.106401
0.188710 -0.116640 0.106390
0.188721 -0.116644 0.106382
0.188729 -0.116646 0.106375
0.188741 -0.116647 0.106366
0.188749 -0.116647 0.106356
0.188753 -0.116641 0.106350
0.188760 -0.116649 0.106348
0.188766 -0.116657 0.106346
0.188775 -0.116658 0.106338
0.188791 -0.116652 0.106322
0.188797 -0.116659 0.106320
0.188810 -0.116655 0.106307
0.188828 -0.116662 0.106293
0.188836 -0.116665 0.106286
0.188850 -0.116673 0.106273
0.188861 -0.116677 0.106262
0.188873 -0.116676 0.106247
0.188881 -0.116678 0.106238
0.188889 -0.116677 0.106227
0.188896 -0.116670 0.106213
0.188911 -0.116673 0.106191
0.188923 -0.116673 0.106169
0.188939 -0.116666 0.106141
0.188949 -0.116668 0.106122
0.188956 -0.116667 0.106108
0.188967 -0.116664 0.106087
0.188975 -0.116665 0.106075
0.188987 -0.116663 0.106054
0.188995 -0.116664 0.106042
0.189008 -0.116666 0.106021
0.189016 -0.116666 0.106011
0.189032 -0.116672 0.105995
0.189039 -0.116673 0.105989
0.189054 -0.116675 0.105975
0.189066 -0.116677 0.105964
0.189080 -0.116679 0.105953
0.189094 -0.116680 0.105942
0.189119 -0.116684 0.105930
0.189128 -0.116686 0.105923
0.189139 -0.116688 0.105921
0.189176 -0.116697 0.105900
0.189206 -0.116702 0.105888
0.189218 -0.116704 0.105881
0.189258 -0.116710 0.105870
0.189283 -0.116715 0.105864
0.189313 -0.116723 0.105855
0.189346 -0.116731 0.105849
0.189375 -0.116736 0.105841
0.189403 -0.116742 0.105835
0.189435 -0.116748 0.105827
0.189467 -0.116755 0.105819
0.189498 -0.116759 0.105811
0.189528 -0.116765 0.105804
0.189556 -0.116770 0.105798
0.189581 -0.116776 0.105794
0.189609 -0.116781 0.105789
0.189639 -0.116789 0.105785
0.189669 -0.116797 0.105781
0.189701 -0.116806 0.105778
0.189745 -0.116818 0.105773
0.189787 -0.116829 0.105770
0.189824 -0.116836 0.105764
0.189858 -0.116846 0.105761
0.189894 -0.116853 0.105757
0.189928 -0.116863 0.105754
0.189964 -0.116873 0.105751
0.190016 -0.116887 0.105746
0.190063 -0.116901 0.105744
0.190106 -0.116915 0.105742
0.190155 -0.116930 0.105739
0.190192 -0.116942 0.105737
0.190242 -0.116959 0.105734
0.190279 -0.116970 0.105732
0.190320 -0.116983 0.105728
0.190362 -0.116996 0.105723
0.190388 -0.117007 0.105722
0.190429 -0.117023 0.105720
0.190470 -0.117040 0.105715
0.190503 -0.117053 0.105713
0.190541 -0.117069 0.105706
0.190579 -0.117088 0.105700
0.190612 -0.117104 0.105694
0.190644 -0.117119 0.105688
0.190679 -0.117139 0.105682
0.190709 -0.117157 0.105679
0.190747 -0.117180 0.105676
0.190780 -0.117202 0.105673
0.190812 -0.117221 0.105670
0.190845 -0.117245 0.105669
0.190877 -0.117269 0.105667
0.190918 -0.117296 0.105664
0.190949 -0.117318 0.105661
0.190990 -0.117343 0.105657
0.191031 -0.117371 0.105654
0.191076 -0.117398 0.105649
0.191119 -0.117426 0.105647
0.191165 -0.117453 0.105643
0.191220 -0.117487 0.105640
0.191270 -0.117515 0.105636
0.191325 -0.117546 0.105632
0.191387 -0.117581 0.105630
0.191436 -0.117611 0.105629
0.191476 -0.117631 0.105628
0.191526 -0.117656 0.105624
0.191571 -0.117680 0.105620
0.191614 -0.117703 0.105615
0.191671 -0.117741 0.105611
0.191716 -0.117771 0.105605
0.191762 -0.117799 0.105596
0.191804 -0.117828 0.105588
0.191842 -0.117852 0.105580
0.191897 -0.117890 0.105570
0.191945 -0.117923 0.105561
0.191987 -0.117950 0.105551
0.192026 -0.117974 0.105541
0.192081 -0.118012 0.105528
0.192145 -0.118058 0.105515
0.192182 -0.118084 0.105506
0.192225 -0.118109 0.105494
0.192250 -0.118128 0.105491
0.192288 -0.118146 0.105477
0.192340 -0.118181 0.105462
0.192358 -0.118196 0.105460
0.192411 -0.118228 0.105440
0.192411 -0.118228 0.105440
0.192469 -0.118259 0.105418
0.192496 -0.118279 0.105412
0.192553 -0.118310 0.105389
0.192556 -0.118312 0.105387
0.192632 -0.118356 0.105366
0.192667 -0.118381 0.105361
0.192720 -0.118406 0.105343
0.192728 -0.118411 0.105340
0.192788 -0.118444 0.105323
0.192811 -0.118456 0.105314
0.192837 -0.118473 0.105310
0.192899 -0.118505 0.105292
0.192946 -0.118533 0.105284
0.193015 -0.118569 0.105265
0.193056 -0.118592 0.105257
0.193117 -0.118620 0.105240
0.193141 -0.118634 0.105235
0.193187 -0.118657 0.105224
0.193230 -0.118677 0.105211
0.193298 -0.118713 0.105196
0.193330 -0.118730 0.105189
0.193370 -0.118751 0.105176
0.193421 -0.118778 0.105164
0.193463 -0.118800 0.105150
0.193512 -0.118828 0.105138
0.193570 -0.118860 0.105119
0.193587 -0.118870 0.105115
0.193664 -0.118914 0.105091
0.193679 -0.118922 0.105086
0.193755 -0.118969 0.105062
0.193784 -0.118989 0.105053
0.193827 -0.119014 0.105034
0.193870 -0.119044 0.105025
0.193912 -0.119067 0.105004
0.193954 -0.119100 0.104993
0.194016 -0.119138 0.104968
0.194023 -0.119142 0.104967
0.194104 -0.119198 0.104937
0.194137 -0.119212 0.104921
0.194180 -0.119249 0.104908
0.194201 -0.119262 0.104896
0.194286 -0.119321 0.104858
0.194301 -0.119331 0.104850
0.194380 -0.119388 0.104806
0.194408 -0.119411 0.104794
0.194527 -0.119494 0.104723
0.194623 -0.119569 0.104663
0.194700 -0.119627 0.104618
0.194798 -0.119707 0.104557
0.194823 -0.119730 0.104544
0.194899 -0.119785 0.104499
0.194952 -0.119827 0.104467
0.195004 -0.119867 0.104434
0.195057 -0.119905 0.104402
0.195111 -0.119944 0.104368
0.195182 -0.120000 0.104322
0.195271 -0.120066 0.104265
0.195368 -0.120137 0.104202
0.195446 -0.120196 0.104154
0.195526 -0.120257 0.104104
0.195604 -0.120315 0.104058
0.195679 -0.120371 0.104016
0.195749 -0.120427 0.103976
0.195817 -0.120476 0.103939
0.195929 -0.120566 0.103876
0.196009 -0.120625 0.103833
0.196083 -0.120681 0.103792
0.196138 -0.120725 0.103758
0.196186 -0.120760 0.103732
0.196240 -0.120798 0.103704
0.196299 -0.120842 0.103670
0.196331 -0.120863 0.103655
0.196402 -0.120921 0.103611
0.196434 -0.120943 0.103596
0.196507 -0.120998 0.103551
0.196544 -0.121023 0.103535
0.196614 -0.121077 0.103490
0.196643 -0.121095 0.103476
0.196729 -0.121156 0.103423
0.196757 -0.121174 0.103411
0.196846 -0.121235 0.103358
0.196881 -0.121255 0.103342
0.196962 -0.121310 0.103290
0.197000 -0.121332 0.103272
0.197082 -0.121386 0.103220
0.197124 -0.121409 0.103198
0.197204 -0.121461 0.103148
0.197261 -0.121496 0.103112
0.197307 -0.121521 0.103086
0.197366 -0.121557 0.103047
0.197450 -0.121607 0.102990
0.197518 -0.121646 0.102948
0.197559 -0.121669 0.102924
0.197640 -0.121716 0.102871
0.197682 -0.121739 0.102848
0.197721 -0.121762 0.102822
0.197760 -0.121784 0.102796
0.197818 -0.121817 0.102759
0.197911 -0.121870 0.102699
0.197972 -0.121901 0.102668
0.198044 -0.121942 0.102619
0.198119 -0.121984 0.102572
0.198189 -0.122022 0.102529
0.198268 -0.122070 0.102482
0.198389 -0.122135 0.102409
0.198458 -0.122176 0.102367
0.198526 -0.122214 0.102326
0.198594 -0.122253 0.102284
0.198723 -0.122327 0.102204
0.198829 -0.122388 0.102139
0.198939 -0.122450 0.102070
0.199013 -0.122492 0.102023
0.199094 -0.122538 0.101972
0.199175 -0.122581 0.101920
0.199250 -0.122621 0.101872
0.199319 -0.122659 0.101826
0.199385 -0.122693 0.101784
0.199458 -0.122732 0.101735
0.199548 -0.122781 0.101678
0.199610 -0.122814 0.101635
0.199683 -0.122855 0.101586
0.199756 -0.122897 0.101534
0.199818 -0.122933 0.101487
0.199867 -0.122960 0.101451
0.199906 -0.122985 0.101418
0.199986 -0.123030 0.101356
0.200045 -0.123065 0.101307
0.200114 -0.123104 0.101247
0.200157 -0.123130 0.101209
0.200217 -0.123167 0.101156
0.200272 -0.123199 0.101105
0.200315 -0.123228 0.101066
0.200367 -0.123262 0.101019
0.200404 -0.123287 0.100986
0.200448 -0.123319 0.100948
0.200504 -0.123357 0.100903
0.200543 -0.123387 0.100869
0.200594 -0.123425 0.100831
0.200635 -0.123457 0.100799
0.200668 -0.123490 0.100777
0.200699 -0.123522 0.100758
0.200733 -0.123560 0.100741
0.200759 -0.123595 0.100729
0.200789 -0.123641 0.100720
0.200814 -0.123686 0.100716
0.200835 -0.123735 0.100713
0.200848 -0.123777 0.100713
0.200856 -0.123815 0.100714
0.200869 -0.123876 0.100715
0.200873 -0.123923 0.100715
0.200875 -0.123973 0.100718
0.200875 -0.124029 0.100722
0.200867 -0.124072 0.100723
0.200855 -0.124133 0.100725
0.200842 -0.124180 0.100727
0.200822 -0.124240 0.100727
0.200799 -0.124293 0.100726
0.200779 -0.124334 0.100722
0.200748 -0.124386 0.100718
0.200723 -0.124425 0.100710
0.200698 -0.124461 0.100706
0.200661 -0.124511 0.100693
0.200620 -0.124558 0.100680
0.200602 -0.124579 0.100670
0.200574 -0.124610 0.100656
0.200546 -0.124638 0.100639
0.200524 -0.124664 0.100625
0.200497 -0.124691 0.100609
0.200475 -0.124720 0.100598
0.200456 -0.124747 0.100587
0.200435 -0.124780 0.100575
0.200422 -0.124804 0.100568
0.200403 -0.124836 0.100559
0.200388 -0.124870 0.100551
0.200375 -0.124910 0.100545
0.200367 -0.124937 0.100543
0.200363 -0.124979 0.100544
0.200358 -0.125021 0.100548
0.200359 -0.125074 0.100557
0.200365 -0.125129 0.100567
0.200371 -0.125180 0.100577
0.200381 -0.125241 0.100591
0.200389 -0.125301 0.100606
0.200396 -0.125363 0.100620
0.200407 -0.125424 0.100636
0.200423 -0.125507 0.100658
0.200436 -0.125573 0.100675
0.200453 -0.125652 0.100698
0.200472 -0.125735 0.100722
0.200487 -0.125802 0.100740
0.200504 -0.125877 0.100759
0.200521 -0.125957 0.100779
0.200533 -0.126005 0.100791
0.200556 -0.126101 0.100811
0.200573 -0.126173 0.100825
0.200589 -0.126239 0.100836
0.200603 -0.126308 0.100846
0.200615 -0.126365 0.100853
0.200627 -0.126421 0.100858
0.200640 -0.126486 0.100861
0.200650 -0.126528 0.100861
0.200661 -0.126564 0.100861
0.200672 -0.126596 0.100859
0.200687 -0.126639 0.100856
0.200707 -0.126681 0.100854
0.200719 -0.126704 0.100852
0.200729 -0.126736 0.100849
0.200743 -0.126768 0.100845
0.200747 -0.126792 0.100842
0.200765 -0.126836 0.100839
0.200776 -0.126862 0.100840
0.200794 -0.126913 0.100841
0.200808 -0.126951 0.100843
0.200818 -0.126981 0.100847
0.200830 -0.127023 0.100853
0.200838 -0.127049 0.100859
0.200855 -0.127113 0.100875
0.200868 -0.127156 0.100887
0.200881 -0.127198 0.100902
0.200894 -0.127245 0.100916
0.200911 -0.127296 0.100933
0.200929 -0.127354 0.100949
0.200946 -0.127406 0.100966
0.200965 -0.127470 0.100987
0.200982 -0.127527 0.101005
0.200997 -0.127585 0.101025
0.201010 -0.127638 0.101044
0.201028 -0.127708 0.101069
0.201037 -0.127747 0.101084
0.201051 -0.127811 0.101107
0.201058 -0.127851 0.101123
0.201065 -0.127887 0.101135
0.201075 -0.127936 0.101152
0.201083 -0.127972 0.101162
0.201091 -0.128011 0.101174
0.201096 -0.128039 0.101180
0.201101 -0.128067 0.101186
0.201104 -0.128095 0.101192
0.201107 -0.128125 0.101199
0.201108 -0.128147 0.101204
0.201104 -0.128162 0.101208
0.201099 -0.128178 0.101213
0.201094 -0.128189 0.101219
0.201087 -0.128200 0.101224
0.201082 -0.128211 0.101229
0.201071 -0.128223 0.101234
0.201066 -0.128230 0.101236
0.201050 -0.128243 0.101247
0.201037 -0.128250 0.101253
0.201026 -0.128257 0.101259
0.201009 -0.128264 0.101262
0.200992 -0.128271 0.101269
0.200966 -0.128279 0.101278
0.200946 -0.128283 0.101283
0.200916 -0.128294 0.101294
0.200890 -0.128300 0.101303
0.200861 -0.128308 0.101313
0.200824 -0.128319 0.101323
0.200792 -0.128328 0.101333
0.200758 -0.128338 0.101341
0.200710 -0.128349 0.101353
0.200673 -0.128358 0.101361
0.200633 -0.128371 0.101370
0.200596 -0.128380 0.101378
0.200554 -0.128390 0.101387
0.200533 -0.128393 0.101389
0.200503 -0.128401 0.101395
0.200457 -0.128414 0.101404
0.200436 -0.128416 0.101406
0.200387 -0.128427 0.101413
0.200354 -0.128432 0.101417
0.200321 -0.128436 0.101418
0.200271 -0.128441 0.101419
0.200221 -0.128443 0.101420
0.200177 -0.128445 0.101421
0.200144 -0.128444 0.101420
0.200098 -0.128442 0.101421
0.200084 -0.128441 0.101421
0.200058 -0.128439 0.101422
0.200015 -0.128435 0.101423
0.199973 -0.128431 0.101423
0.199930 -0.128422 0.101423
0.199902 -0.128419 0.101422
0.199843 -0.128407 0.101423
0.199802 -0.128398 0.101423
0.199763 -0.128390 0.101421
0.199711 -0.128381 0.101422
0.199660 -0.128369 0.101423
0.199607 -0.128360 0.101424
0.199556 -0.128348 0.101424
0.199509 -0.128341 0.101425
0.199465 -0.128333 0.101428
0.199428 -0.128330 0.101431
0.199357 -0.128318 0.101436
0.199271 -0.128299 0.101443
0.199209 -0.128289 0.101449
0.199166 -0.128282 0.101455
0.199114 -0.128276 0.101463
0.199056 -0.128267 0.101471
0.198997 -0.128259 0.101482
0.198938 -0.128250 0.101491
0.198879 -0.128243 0.101503
0.198833 -0.128238 0.101513
0.198782 -0.128233 0.101524
0.198726 -0.128226 0.101536
0.198685 -0.128223 0.101544
0.198649 -0.128218 0.101551
0.198593 -0.128211 0.101563
0.198543 -0.128205 0.101573
0.198521 -0.128202 0.101577
0.198509 -0.128201 0.101579
0.198441 -0.128190 0.101594
0.198409 -0.128186 0.101599
0.198369 -0.128180 0.101607
0.198300 -0.128169 0.101623
0.198248 -0.128160 0.101634
0.198217 -0.128157 0.101636
0.198105 -0.128142 0.101658
0.198034 -0.128134 0.101671
0.197968 -0.128125 0.101683
0.197880 -0.128114 0.101698
0.197810 -0.128106 0.101711
0.197735 -0.128099 0.101721
0.197655 -0.128092 0.101732
0.197565 -0.128084 0.101745
0.197480 -0.128078 0.101758
0.197394 -0.128073 0.101769
0.197305 -0.128068 0.101778
0.197203 -0.128059 0.101789
0.197105 -0.128053 0.101796
0.197017 -0.128049 0.101804
0.196914 -0.128043 0.101811
0.196851 -0.128044 0.101813
0.196707 -0.128036 0.101829
0.196591 -0.128032 0.101839
0.196494 -0.128029 0.101848
0.196380 -0.128025 0.101863
0.196287 -0.128021 0.101871
0.196178 -0.128016 0.101884
0.196068 -0.128011 0.101895
0.195980 -0.128005 0.101903
0.195912 -0.128000 0.101912
0.195883 -0.127998 0.101915
0.195807 -0.127992 0.101923
0.195728 -0.127986 0.101931
0.195658 -0.127980 0.101939
0.195583 -0.127973 0.101948
0.195512 -0.127967 0.101957
0.195421 -0.127958 0.101970
0.195337 -0.127950 0.101980
0.195275 -0.127943 0.101986
0.195183 -0.127931 0.101998
0.195095 -0.127919 0.102009
0.195008 -0.127907 0.102018
0.194919 -0.127895 0.102027
0.194838 -0.127881 0.102036
0.194754 -0.127868 0.102044
0.194650 -0.127850 0.102052
0.194546 -0.127832 0.102059
0.194458 -0.127820 0.102065
0.194372 -0.127808 0.102071
0.194293 -0.127798 0.102076
0.194223 -0.127789 0.102080
0.194161 -0.127784 0.102082
0.194089 -0.127777 0.102087
0.194018 -0.127769 0.102091
0.193944 -0.127762 0.102092
0.193886 -0.127757 0.102093
0.193799 -0.127747 0.102097
0.193716 -0.127742 0.102099
0.193641 -0.127739 0.102103
0.193523 -0.127736 0.102105
0.193438 -0.127736 0.102107
0.193358 -0.127738 0.102111
0.193269 -0.127741 0.102114
0.193200 -0.127744 0.102116
0.193153 -0.127746 0.102118
0.193068 -0.127748 0.102121
0.193001 -0.127751 0.102122
0.192936 -0.127755 0.102123
0.192867 -0.127759 0.102124
0.192788 -0.127762 0.102124
0.192719 -0.127765 0.102124
0.192656 -0.127768 0.102124
0.192583 -0.127771 0.102125
0.192513 -0.127774 0.102124
0.192430 -0.127776 0.102124
0.192353 -0.127779 0.102122
0.192291 -0.127781 0.102121
0.192214 -0.127783 0.102120
0.192151 -0.127785 0.102119
0.192080 -0.127784 0.102117
0.191969 -0.127784 0.102115
0.191902 -0.127781 0.102112
0.191817 -0.127780 0.102109
0.191732 -0.127778 0.102108
0.191653 -0.127774 0.102105
0.191532 -0.127769 0.102102
0.191464 -0.127765 0.102101
0.191419 -0.127764 0.102101
0.191368 -0.127762 0.102100
0.191308 -0.127760 0.102098
0.191234 -0.127756 0.102096
0.191171 -0.127754 0.102095
0.191100 -0.127751 0.102094
0.191035 -0.127750 0.102094
0.190967 -0.127750 0.102094
0.190907 -0.127748 0.102095
0.190846 -0.127746 0.102093
0.190775 -0.127746 0.102094
0.190701 -0.127743 0.102092
0.190632 -0.127740 0.102091
0.190572 -0.127739 0.102091
0.190513 -0.127737 0.102089
0.190453 -0.127735 0.102087
0.190380 -0.127732 0.102087
0.190297 -0.127729 0.102086
0.190224 -0.127727 0.102084
0.190169 -0.127727 0.102082
0.190080 -0.127724 0.102081
0.190020 -0.127724 0.102080
0.189950 -0.127723 0.102079
0.189872 -0.127721 0.102076
0.189805 -0.127720 0.102073
0.189721 -0.127719 0.102071
0.189650 -0.127717 0.102067
0.189576 -0.127716 0.102063
0.189504 -0.127714 0.102058
0.189426 -0.127713 0.102052
0.189362 -0.127712 0.102047
0.189285 -0.127708 0.102040
0.189221 -0.127708 0.102035
0.189168 -0.127707 0.102029
0.189083 -0.127706 0.102022
0.188993 -0.127707 0.102013
0.188938 -0.127707 0.102007
0.188861 -0.127711 0.102001
0.188785 -0.127713 0.101993
0.188704 -0.127719 0.101986
0.188625 -0.127722 0.101976
0.188564 -0.127725 0.101970
0.188500 -0.127727 0.101963
0.188394 -0.127730 0.101951
0.188332 -0.127733 0.101944
0.188256 -0.127734 0.101936
0.188196 -0.127735 0.101929
0.188135 -0.127737 0.101922
0.188060 -0.127738 0.101914
0.188012 -0.127739 0.101911
0.187930 -0.127741 0.101904
0.187864 -0.127742 0.101899
0.187808 -0.127743 0.101895
0.187758 -0.127744 0.101890
0.187683 -0.127748 0.101884
0.187640 -0.127749 0.101882
0.187572 -0.127754 0.101875
0.187500 -0.127760 0.101867
0.187453 -0.127765 0.101862
0.187411 -0.127770 0.101858
0.187359 -0.127777 0.101854
0.187293 -0.127785 0.101848
0.187250 -0.127790 0.101843
0.187208 -0.127794 0.101837
0.187150 -0.127800 0.101831
0.187095 -0.127805 0.101824
0.187058 -0.127807 0.101818
0.187007 -0.127808 0.101811
0.186979 -0.127808 0.101807
0.186931 -0.127809 0.101800
0.186885 -0.127811 0.101793
0.186853 -0.127812 0.101788
0.186820 -0.127814 0.101781
0.186779 -0.127816 0.101773
0.186742 -0.127818 0.101763
0.186719 -0.127821 0.101754
0.186698 -0.127824 0.101744
0.186671 -0.127832 0.101732
0.186655 -0.127839 0.101723
0.186641 -0.127850 0.101711
0.186628 -0.127860 0.101698
0.186617 -0.127872 0.101686
0.186604 -0.127885 0.101672
0.186590 -0.127901 0.101645
0.186582 -0.127916 0.101612
0.186589 -0.127926 0.101591
0.186604 -0.127935 0.101573
0.186628 -0.127948 0.101561
0.186659 -0.127958 0.101550
0.186687 -0.127972 0.101546
0.186716 -0.127987 0.101544
0.186746 -0.128003 0.101540
0.186782 -0.128024 0.101536
0.186807 -0.128044 0.101532
0.186831 -0.128065 0.101529
0.186856 -0.128092 0.101524
0.186877 -0.128119 0.101519
0.186887 -0.128126 0.101516
0.186908 -0.128172 0.101511
0.186917 -0.128178 0.101510
0.186932 -0.128231 0.101506
0.186948 -0.128287 0.101503
0.186957 -0.128325 0.101506
0.186960 -0.128352 0.101508
0.186959 -0.128381 0.101512
0.186958 -0.128401 0.101517
0.186958 -0.128419 0.101521
0.186954 -0.128439 0.101527
0.186948 -0.128456 0.101529
0.186939 -0.128472 0.101533
0.186931 -0.128483 0.101536
0.186916 -0.128498 0.101538
0.186899 -0.128509 0.101537
0.186883 -0.128516 0.101537
0.186870 -0.128519 0.101536
0.186862 -0.128518 0.101528
0.186857 -0.128517 0.101528
0.186850 -0.128513 0.101523
0.186845 -0.128507 0.101519
0.186845 -0.128501 0.101518
0.186843 -0.128494 0.101518
0.186841 -0.128489 0.101519
0.186842 -0.128484 0.101518
0.186846 -0.128482 0.101517
0.186849 -0.128480 0.101517
0.186856 -0.128479 0.101515
0.186861 -0.128478 0.101513
0.186868 -0.128481 0.101510
0.186874 -0.128485 0.101505
0.186883 -0.128495 0.101499
0.186884 -0.128499 0.101496
0.186894 -0.128506 0.101486
0.186895 -0.128513 0.101482
0.186905 -0.128520 0.101472
0.186906 -0.128529 0.101467
0.186918 -0.128536 0.101460
0.186919 -0.128542 0.101458
0.186932 -0.128546 0.101453
0.186937 -0.128549 0.101451
0.186955 -0.128554 0.101450
0.186963 -0.128558 0.101452
0.186981 -0.128564 0.101452
0.186989 -0.128567 0.101456
0.187005 -0.128569 0.101462
0.187019 -0.128572 0.101467
0.187034 -0.128575 0.101472
0.187054 -0.128578 0.101478
0.187071 -0.128581 0.101482
0.187080 -0.128583 0.101483
0.187107 -0.128595 0.101500
0.187115 -0.128597 0.101501
0.187121 -0.128598 0.101501
0.187130 -0.128603 0.101506
0.187136 -0.128610 0.101508
0.187141 -0.128617 0.101510
0.187142 -0.128625 0.101511
0.187143 -0.128632 0.101513
0.187142 -0.128637 0.101513
0.187130 -0.128652 0.101513
0.187124 -0.128658 0.101513
0.187119 -0.128660 0.101510
0.187113 -0.128659 0.101510
0.187109 -0.128658 0.101512
0.187107 -0.128657 0.101514
0.187106 -0.128655 0.101518
0.187105 -0.128650 0.101523
0.187105 -0.128645 0.101531
0.187104 -0.128641 0.101537
0.187104 -0.128633 0.101541
0.187106 -0.128628 0.101546
0.187105 -0.128617 0.101549
0.187107 -0.128607 0.101549
0.187109 -0.128598 0.101552
0.187110 -0.128590 0.101553
0.187111 -0.128580 0.101554
0.187113 -0.128572 0.101555
0.187114 -0.128565 0.101556
0.187116 -0.128557 0.101557
0.187118 -0.128551 0.101559
0.187119 -0.128545 0.101559
0.187121 -0.128543 0.101560
0.187122 -0.128544 0.101562
0.187129 -0.128537 0.101563
0.187132 -0.128535 0.101565
0.187135 -0.128532 0.101565
0.187139 -0.128533 0.101568
0.187143 -0.128531 0.101568
0.187146 -0.128529 0.101569
0.187150 -0.128529 0.101572
0.187153 -0.128532 0.101576
0.187155 -0.128534 0.101578
0.187158 -0.128538 0.101582
0.187161 -0.128543 0.101586
0.187161 -0.128551 0.101590
0.187160 -0.128558 0.101593
0.187158 -0.128562 0.101595
0.187158 -0.128562 0.101595
0.187157 -0.128562 0.101595
0.187152 -0.128570 0.101599
0.187151 -0.128571 0.101599
0.187148 -0.128573 0.101600
0.187144 -0.128574 0.101603
0.187138 -0.128575 0.101604
0.187131 -0.128574 0.101605
0.187122 -0.128574 0.101607
0.187114 -0.128571 0.101608
0.187111 -0.128570 0.101609
0.187109 -0.128570 0.101610
0.187106 -0.128567 0.101611
0.187102 -0.128566 0.101612
0.187099 -0.128564 0.101612
0.187096 -0.128564 0.101613
0.187092 -0.128564 0.101615
0.187086 -0.128560 0.101613
0.187075 -0.128555 0.101608
0.187074 -0.128555 0.101609
0.187069 -0.128547 0.101602
0.187070 -0.128548 0.101602
0.187071 -0.128539 0.101597
0.187073 -0.128522 0.101591
0.187079 -0.128505 0.101586
0.187085 -0.128499 0.101583
0.187093 -0.128483 0.101581
0.187105 -0.128461 0.101578
0.187118 -0.128447 0.101576
0.187126 -0.128426 0.101572
0.187136 -0.128409 0.101569
0.187146 -0.128391 0.101563
0.187157 -0.128373 0.101557
0.187170 -0.128355 0.101548
0.187183 -0.128341 0.101539
0.187196 -0.128324 0.101528
0.187206 -0.128309 0.101513
0.187214 -0.128296 0.101498
0.187222 -0.128280 0.101480
0.187228 -0.128265 0.101463
0.187233 -0.128251 0.101448
0.187237 -0.128236 0.101429
0.187239 -0.128218 0.101409
0.187240 -0.128194 0.101381
0.187240 -0.128172 0.101357
0.187245 -0.128136 0.101325
0.187256 -0.128098 0.101293
0.187280 -0.128040 0.101249
0.187305 -0.127989 0.101214
0.187329 -0.127945 0.101186
0.187350 -0.127907 0.101163
0.187379 -0.127856 0.101135
0.187401 -0.127812 0.101110
0.187425 -0.127767 0.101080
0.187449 -0.127714 0.101047
0.187475 -0.127660 0.101006
0.187496 -0.127620 0.100973
0.187522 -0.127569 0.100927
0.187533 -0.127544 0.100904
0.187544 -0.127518 0.100880
0.187555 -0.127493 0.100857
0.187577 -0.127436 0.100803
0.187602 -0.127377 0.100735
0.187625 -0.127303 0.100656
0.187639 -0.127258 0.100613
0.187650 -0.127214 0.100569
0.187659 -0.127182 0.100539
0.187671 -0.127139 0.100500
0.187687 -0.127079 0.100443
0.187700 -0.127023 0.100391
0.187709 -0.126985 0.100353
0.187714 -0.126937 0.100305
0.187723 -0.126871 0.100242
0.187734 -0.126809 0.100184
0.187747 -0.126750 0.100129
0.187756 -0.126702 0.100086
0.187772 -0.126644 0.100031
0.187781 -0.126604 0.099996
0.187793 -0.126555 0.099953
0.187806 -0.126487 0.099890
0.187815 -0.126434 0.099842
0.187824 -0.126394 0.099803
0.187833 -0.126346 0.099751
0.187841 -0.126299 0.099697
0.187851 -0.126257 0.099635
0.187862 -0.126219 0.099582
0.187868 -0.126193 0.099540
0.187879 -0.126162 0.099489
0.187890 -0.126120 0.099424
0.187899 -0.126090 0.099380
0.187914 -0.126045 0.099321
0.187935 -0.125998 0.099265
0.187956 -0.125957 0.099218
0.187984 -0.125905 0.099169
0.188012 -0.125853 0.099121
0.188033 -0.125810 0.099085
0.188070 -0.125752 0.099041
0.188105 -0.125698 0.098996
0.188141 -0.125648 0.098955
0.188171 -0.125604 0.098920
0.188208 -0.125552 0.098871
0.188236 -0.125515 0.098834
0.188266 -0.125472 0.098791
0.188279 -0.125453 0.098769
0.188318 -0.125380 0.098684
0.188331 -0.125353 0.098648
0.188346 -0.125318 0.098598
0.188357 -0.125277 0.098536
0.188363 -0.125254 0.098506
0.188375 -0.125199 0.098427
0.188380 -0.125173 0.098390
0.188388 -0.125121 0.098323
0.188394 -0.125087 0.098285
0.188404 -0.125045 0.098238
0.188409 -0.124992 0.098179
0.188416 -0.124949 0.098134
0.188419 -0.124914 0.098100
0.188426 -0.124868 0.098052
0.188435 -0.124822 0.098006
0.188444 -0.124774 0.097957
0.188453 -0.124724 0.097900
0.188462 -0.124683 0.097856
0.188470 -0.124644 0.097809
0.188477 -0.124611 0.097767
0.188489 -0.124576 0.097717
0.188505 -0.124545 0.097671
0.188514 -0.124517 0.097628
0.188526 -0.124483 0.097580
0.188540 -0.124446 0.097527
0.188555 -0.124410 0.097480
0.188573 -0.124376 0.097435
0.188597 -0.124335 0.097383
0.188620 -0.124294 0.097335
0.188644 -0.124253 0.097286
0.188673 -0.124208 0.097233
0.188702 -0.124163 0.097175
0.188722 -0.124136 0.097140
0.188749 -0.124095 0.097080
0.188772 -0.124062 0.097032
0.188794 -0.124031 0.096982
0.188825 -0.123989 0.096909
0.188848 -0.123959 0.096850
0.188871 -0.123924 0.096773
0.188887 -0.123891 0.096702
0.188903 -0.123859 0.096640
0.188917 -0.123820 0.096554
0.188929 -0.123784 0.096483
0.188940 -0.123750 0.096418
0.188953 -0.123710 0.096352
0.188971 -0.123669 0.096287
0.188994 -0.123625 0.096223
0.189024 -0.123575 0.096156
0.189042 -0.123542 0.096111
0.189069 -0.123494 0.096054
0.189097 -0.123445 0.095998
0.189118 -0.123408 0.095954
0.189150 -0.123360 0.095904
0.189174 -0.123321 0.095856
0.189191 -0.123296 0.095822
0.189215 -0.123263 0.095776
0.189241 -0.123228 0.095723
0.189257 -0.123201 0.095673
0.189266 -0.123183 0.095641
0.189278 -0.123159 0.095583
0.189287 -0.123138 0.095525
0.189297 -0.123120 0.095474
0.189304 -0.123104 0.095424
0.189314 -0.123086 0.095368
0.189322 -0.123067 0.095314
0.189333 -0.123043 0.095256
0.189341 -0.123023 0.095208
0.189351 -0.122996 0.095150
0.189359 -0.122969 0.095096
0.189372 -0.122942 0.095041
0.189380 -0.122927 0.094995
0.189400 -0.122896 0.094922
0.189418 -0.122870 0.094864
0.189436 -0.122836 0.094804
0.189452 -0.122796 0.094737
0.189467 -0.122759 0.094683
0.189485 -0.122697 0.094603
0.189500 -0.122644 0.094541
0.189513 -0.122597 0.094487
0.189527 -0.122544 0.094424
0.189542 -0.122494 0.094368
0.189552 -0.122457 0.094326
0.189566 -0.122414 0.094269
0.189577 -0.122380 0.094221
0.189591 -0.122345 0.094165
0.189604 -0.122315 0.094103
0.189618 -0.122292 0.094044
0.189632 -0.122272 0.093988
0.189649 -0.122256 0.093928
0.189664 -0.122244 0.093883
0.189681 -0.122234 0.093826
0.189698 -0.122227 0.093774
0.189714 -0.122224 0.093731
0.189730 -0.122224 0.093684
0.189745 -0.122225 0.093648
0.189759 -0.122229 0.093612
0.189769 -0.122234 0.093579
0.189782 -0.122242 0.093534
0.189791 -0.122247 0.093492
0.189800 -0.122247 0.093444
0.189811 -0.122246 0.093390
0.189825 -0.122241 0.093343
0.189846 -0.122240 0.093283
0.189872 -0.122239 0.093227
0.189898 -0.122236 0.093177
0.189932 -0.122234 0.093120
0.189967 -0.122229 0.093064
0.190001 -0.122223 0.093011
0.190041 -0.122208 0.092951
0.190075 -0.122191 0.092895
0.190109 -0.122165 0.092832
0.190145 -0.122128 0.092767
0.190166 -0.122096 0.092717
0.190193 -0.122056 0.092657
0.190214 -0.122018 0.092599
0.190224 -0.121973 0.092547
0.190230 -0.121931 0.092495
0.190232 -0.121883 0.092427
0.190229 -0.121854 0.092391
0.190230 -0.121825 0.092345
0.190230 -0.121809 0.092300
0.190229 -0.121787 0.092246
0.190227 -0.121764 0.092184
0.190226 -0.121752 0.092157
0.190224 -0.121735 0.092086
0.190231 -0.121719 0.092035
0.190241 -0.121708 0.092006
0.190258 -0.121694 0.091962
0.190270 -0.121686 0.091942
0.190291 -0.121673 0.091907
0.190304 -0.121662 0.091890
0.190314 -0.121652 0.091880
0.190325 -0.121640 0.091871
0.190334 -0.121631 0.091863
0.190344 -0.121625 0.091849
0.190358 -0.121609 0.091837
0.190389 -0.121590 0.091791
0.190417 -0.121569 0.091752
0.190436 -0.121554 0.091727
0.190454 -0.121541 0.091704
0.190469 -0.121531 0.091679
0.190486 -0.121519 0.091649
0.190498 -0.121510 0.091622
0.190512 -0.121496 0.091584
0.190527 -0.121485 0.091547
0.190543 -0.121472 0.091510
0.190558 -0.121463 0.091482
0.190588 -0.121443 0.091431
0.190602 -0.121431 0.091402
0.190615 -0.121422 0.091383
0.190638 -0.121398 0.091340
0.190654 -0.121380 0.091308
0.190667 -0.121367 0.091285
0.190685 -0.121340 0.091248
0.190702 -0.121317 0.091216
0.190710 -0.121304 0.091199
0.190730 -0.121275 0.091164
0.190743 -0.121255 0.091139
0.190751 -0.121243 0.091126
0.190767 -0.121221 0.091098
0.190779 -0.121203 0.091076
0.190785 -0.121193 0.091062
0.190799 -0.121176 0.091035
0.190807 -0.121166 0.091024
0.190821 -0.121159 0.090998
0.190828 -0.121154 0.090988
0.190847 -0.121154 0.090952
0.190861 -0.121159 0.090921
0.190872 -0.121170 0.090897
0.190889 -0.121181 0.090877
0.190917 -0.121195 0.090864
0.190940 -0.121207 0.090857
0.190988 -0.121230 0.090858
0.191022 -0.121252 0.090861
0.191049 -0.121272 0.090866
0.191076 -0.121293 0.090876
0.191098 -0.121311 0.090885
0.191117 -0.121330 0.090890
0.191136 -0.121351 0.090894
0.191158 -0.121376 0.090895
0.191172 -0.121396 0.090895
0.191181 -0.121414 0.090891
0.191201 -0.121453 0.090884
0.191223 -0.121489 0.090867
0.191235 -0.121507 0.090858
0.191254 -0.121533 0.090845
0.191280 -0.121550 0.090826
0.191299 -0.121550 0.090810
0.191310 -0.121542 0.090798
0.191320 -0.121527 0.090786
0.191326 -0.121511 0.090779
0.191331 -0.121489 0.090777
0.191336 -0.121456 0.090777
0.191344 -0.121430 0.090780
0.191343 -0.121412 0.090785
0.191344 -0.121401 0.090788
0.191338 -0.121398 0.090787
0.191333 -0.121400 0.090782
0.191331 -0.121406 0.090775
0.191330 -0.121411 0.090769
0.191334 -0.121422 0.090759
0.191346 -0.121431 0.090752
0.191372 -0.121449 0.090744
0.191397 -0.121472 0.090745
0.191413 -0.121483 0.090749
0.191449 -0.121512 0.090765
0.191474 -0.121536 0.090782
0.191504 -0.121567 0.090806
0.191540 -0.121613 0.090840
0.191575 -0.121659 0.090874
0.191594 -0.121690 0.090891
0.191615 -0.121734 0.090915
0.191645 -0.121798 0.090945
0.191658 -0.121837 0.090960
0.191678 -0.121889 0.090982
0.191697 -0.121948 0.091004
0.191719 -0.122016 0.091031
0.191742 -0.122079 0.091057
0.191761 -0.122128 0.091078
0.191786 -0.122190 0.091106
0.191804 -0.122235 0.091126
0.191825 -0.122288 0.091152
0.191848 -0.122339 0.091177
0.191873 -0.122395 0.091205
0.191896 -0.122450 0.091233
0.191914 -0.122498 0.091257
0.191935 -0.122562 0.091286
0.191956 -0.122625 0.091318
0.191981 -0.122687 0.091346
0.191992 -0.122738 0.091367
0.192007 -0.122799 0.091395
0.192022 -0.122842 0.091415
0.192038 -0.122877 0.091433
0.192055 -0.122913 0.091454
0.192068 -0.122943 0.091474
0.192080 -0.122972 0.091494
0.192092 -0.122996 0.091515
0.192103 -0.123024 0.091545
0.192108 -0.123042 0.091567
0.192113 -0.123063 0.091599
0.192118 -0.123083 0.091622
0.192119 -0.123089 0.091648
0.192124 -0.123130 0.091685
0.192126 -0.123142 0.091707
0.192133 -0.123185 0.091744
0.192136 -0.123197 0.091761
0.192147 -0.123241 0.091796
0.192157 -0.123272 0.091822
0.192164 -0.123293 0.091841
0.192191 -0.123334 0.091873
0.192195 -0.123346 0.091882
0.192226 -0.123393 0.091915
0.192234 -0.123411 0.091926
0.192264 -0.123449 0.091957
0.192291 -0.123487 0.091986
0.192302 -0.123508 0.092001
0.192333 -0.123550 0.092039
0.192360 -0.123592 0.092073
0.192375 -0.123615 0.092092
0.192400 -0.123662 0.092128
0.192416 -0.123687 0.092150
0.192442 -0.123743 0.092191
0.192454 -0.123763 0.092208
0.192477 -0.123822 0.092243
0.192493 -0.123867 0.092270
0.192502 -0.123889 0.092283
0.192522 -0.123958 0.092316
0.192535 -0.124009 0.092341
0.192552 -0.124059 0.092362
0.192568 -0.124109 0.092385
0.192584 -0.124158 0.092407
0.192594 -0.124187 0.092419
0.192614 -0.124247 0.092445
0.192631 -0.124303 0.092466
0.192642 -0.124337 0.092479
0.192664 -0.124399 0.092505
0.192685 -0.124444 0.092526
0.192700 -0.124474 0.092539
0.192717 -0.124515 0.092558
0.192735 -0.124560 0.092578
0.192747 -0.124585 0.092591
0.192762 -0.124623 0.092612
0.192773 -0.124646 0.092625
0.192789 -0.124683 0.092654
0.192805 -0.124717 0.092682
0.192813 -0.124735 0.092697
0.192830 -0.124777 0.092736
0.192836 -0.124792 0.092751
0.192853 -0.124833 0.092788
0.192867 -0.124870 0.092825
0.192873 -0.124889 0.092846
0.192887 -0.124934 0.092887
0.192891 -0.124952 0.092903
0.192905 -0.125007 0.092947
0.192913 -0.125046 0.092978
0.192921 -0.125073 0.092999
0.192933 -0.125124 0.093036
0.192936 -0.125153 0.093053
0.192944 -0.125208 0.093087
0.192950 -0.125256 0.093112
0.192962 -0.125318 0.093144
0.192982 -0.125361 0.093167
0.192996 -0.125396 0.093182
0.193026 -0.125456 0.093210
0.193050 -0.125495 0.093230
0.193071 -0.125525 0.093254
0.193084 -0.125542 0.093269
0.193107 -0.125577 0.093296
0.193140 -0.125620 0.093330
0.193154 -0.125640 0.093353
0.193176 -0.125676 0.093388
0.193191 -0.125696 0.093415
0.193205 -0.125719 0.093445
0.193209 -0.125728 0.093466
0.193230 -0.125767 0.093510
0.193246 -0.125800 0.093546
0.193254 -0.125821 0.093571
0.193264 -0.125857 0.093600
0.193268 -0.125874 0.093608
0.193273 -0.125888 0.093619
0.193278 -0.125911 0.093634
0.193282 -0.125933 0.093645
0.193287 -0.125978 0.093661
0.193290 -0.126014 0.093672
0.193296 -0.126050 0.093681
0.193302 -0.126080 0.093687
0.193311 -0.126107 0.093694
0.193336 -0.126150 0.093706
0.193355 -0.126177 0.093711
0.193388 -0.126213 0.093729
0.193419 -0.126245 0.093748
0.193447 -0.126270 0.093766
0.193459 -0.126278 0.093773
0.193472 -0.126288 0.093782
0.193487 -0.126300 0.093794
0.193511 -0.126317 0.093813
0.193539 -0.126336 0.093837
0.193572 -0.126360 0.093864
0.193591 -0.126377 0.093881
0.193618 -0.126397 0.093901
0.193640 -0.126417 0.093915
0.193664 -0.126439 0.093928
0.193692 -0.126476 0.093944
0.193712 -0.126503 0.093955
0.193727 -0.126531 0.093965
0.193743 -0.126564 0.093978
0.193756 -0.126584 0.093986
0.193768 -0.126614 0.093996
0.193793 -0.126654 0.094013
0.193811 -0.126685 0.094026
0.193837 -0.126715 0.094040
0.193855 -0.126741 0.094051
0.193883 -0.126773 0.094065
0.193905 -0.126799 0.094076
0.193929 -0.126826 0.094088
0.193951 -0.126855 0.094098
0.193971 -0.126887 0.094110
0.194010 -0.126930 0.094126
0.194038 -0.126959 0.094134
0.194060 -0.126985 0.094143
0.194087 -0.127000 0.094147
0.194100 -0.127015 0.094153
0.194117 -0.127027 0.094159
0.194132 -0.127038 0.094167
0.194150 -0.127045 0.094177
0.194161 -0.127057 0.094183
0.194175 -0.127069 0.094193
0.194187 -0.127085 0.094203
0.194195 -0.127098 0.094210
0.194203 -0.127114 0.094219
0.194208 -0.127124 0.094224
0.194213 -0.127128 0.094224
0.194222 -0.127136 0.094228
0.194240 -0.127145 0.094233
0.194262 -0.127149 0.094235
0.194290 -0.127155 0.094243
0.194312 -0.127155 0.094249
0.194342 -0.127157 0.094260
0.194366 -0.127161 0.094272
0.194388 -0.127167 0.094285
0.194403 -0.127173 0.094294
0.194420 -0.127181 0.094306
0.194435 -0.127192 0.094316
0.194455 -0.127206 0.094329
0.194470 -0.127223 0.094336
0.194483 -0.127242 0.094344
0.194492 -0.127256 0.094348
0.194505 -0.127279 0.094354
0.194512 -0.127294 0.094359
0.194524 -0.127311 0.094368
0.194532 -0.127323 0.094373
0.194543 -0.127336 0.094384
0.194552 -0.127345 0.094395
0.194565 -0.127358 0.094411
0.194574 -0.127370 0.094427
0.194584 -0.127381 0.094443
0.194591 -0.127393 0.094458
0.194601 -0.127411 0.094478
0.194606 -0.127424 0.094491
0.194611 -0.127441 0.094509
0.194619 -0.127461 0.094529
0.194622 -0.127482 0.094552
0.194624 -0.127497 0.094572
0.194629 -0.127513 0.094598
0.194636 -0.127525 0.094617
0.194642 -0.127533 0.094633
0.194650 -0.127543 0.094651
0.194658 -0.127549 0.094665
0.194670 -0.127560 0.094687
0.194685 -0.127570 0.094716
0.194712 -0.127589 0.094752
0.194732 -0.127610 0.094783
0.194757 -0.127640 0.094826
0.194789 -0.127690 0.094890
0.194816 -0.127735 0.094939
0.194839 -0.127775 0.094984
0.194858 -0.127811 0.095021
0.194886 -0.127878 0.095085
0.194902 -0.127913 0.095123
0.194922 -0.127967 0.095177
0.194936 -0.128006 0.095217
0.194955 -0.128046 0.095268
0.194987 -0.128100 0.095342
0.195011 -0.128134 0.095395
0.195044 -0.128186 0.095468
0.195078 -0.128243 0.095545
0.195100 -0.128289 0.095603
0.195146 -0.128366 0.095706
0.195170 -0.128419 0.095777
0.195194 -0.128473 0.095851
0.195213 -0.128530 0.095920
0.195231 -0.128602 0.096015
0.195247 -0.128670 0.096097
0.195254 -0.128725 0.096162
0.195260 -0.128775 0.096208
0.195267 -0.128872 0.096321
0.195271 -0.128925 0.096381
0.195275 -0.128979 0.096435
0.195281 -0.129045 0.096498
0.195288 -0.129104 0.096561
0.195296 -0.129163 0.096625
0.195302 -0.129216 0.096686
0.195315 -0.129280 0.096755
0.195338 -0.129392 0.096868
0.195347 -0.129439 0.096918
0.195359 -0.129497 0.096978
0.195370 -0.129551 0.097034
0.195386 -0.129628 0.097122
0.195398 -0.129694 0.097195
0.195410 -0.129750 0.097256
0.195421 -0.129818 0.097334
0.195437 -0.129894 0.097423
0.195447 -0.129951 0.097490
0.195457 -0.130004 0.097552
0.195467 -0.130066 0.097626
0.195479 -0.130124 0.097694
0.195489 -0.130185 0.097766
0.195503 -0.130256 0.097851
0.195516 -0.130303 0.097907
0.195529 -0.130356 0.097969
0.195552 -0.130435 0.098063
0.195567 -0.130490 0.098128
0.195582 -0.130532 0.098178
0.195601 -0.130596 0.098253
0.195622 -0.130657 0.098321
0.195642 -0.130717 0.098391
0.195664 -0.130777 0.098461
0.195681 -0.130829 0.098520
0.195710 -0.130905 0.098607
0.195729 -0.130963 0.098674
0.195745 -0.131007 0.098726
0.195764 -0.131064 0.098791
0.195789 -0.131132 0.098871
0.195805 -0.131189 0.098937
0.195823 -0.131244 0.099001
0.195840 -0.131304 0.099070
0.195854 -0.131360 0.099134
0.195869 -0.131406 0.099189
0.195878 -0.131439 0.099225
0.195898 -0.131519 0.099317
0.195914 -0.131572 0.099379
0.195934 -0.131630 0.099442
0.195953 -0.131688 0.099508
0.195969 -0.131741 0.099568
0.195987 -0.131790 0.099621
0.196006 -0.131845 0.099682
0.196024 -0.131908 0.099748
0.196040 -0.131975 0.099815
0.196055 -0.132027 0.099868
0.196074 -0.132086 0.099929
0.196096 -0.132149 0.099999
0.196113 -0.132204 0.100059
0.196128 -0.132257 0.100118
0.196145 -0.132311 0.100180
0.196153 -0.132347 0.100219
0.196168 -0.132410 0.100301
0.196178 -0.132460 0.100363
0.196187 -0.132507 0.100418
0.196196 -0.132557 0.100475
0.196203 -0.132610 0.100536
0.196211 -0.132660 0.100592
0.196220 -0.132717 0.100651
0.196226 -0.132764 0.100698
0.196238 -0.132827 0.100763
0.196248 -0.132878 0.100815
0.196258 -0.132930 0.100867
0.196271 -0.132988 0.100926
0.196279 -0.133025 0.100961
0.196293 -0.133079 0.101015
0.196313 -0.133156 0.101097
0.196336 -0.133233 0.101172
0.196357 -0.133306 0.101245
0.196378 -0.133376 0.101317
0.196394 -0.133432 0.101373
0.196420 -0.133527 0.101463
0.196440 -0.133595 0.101524
0.196457 -0.133652 0.101574
0.196486 -0.133748 0.101654
0.196500 -0.133794 0.101692
0.196516 -0.133847 0.101733
0.196536 -0.133910 0.101784
0.196564 -0.133988 0.101848
0.196580 -0.134039 0.101891
0.196604 -0.134106 0.101952
0.196624 -0.134161 0.102006
0.196641 -0.134205 0.102050
0.196668 -0.134267 0.102117
0.196685 -0.134307 0.102162
0.196710 -0.134358 0.102216
0.196727 -0.134390 0.102251
0.196742 -0.134418 0.102281
0.196761 -0.134452 0.102316
0.196779 -0.134482 0.102347
0.196801 -0.134523 0.102389
0.196816 -0.134554 0.102419
0.196823 -0.134570 0.102436
0.196834 -0.134595 0.102460
0.196851 -0.134627 0.102493
0.196877 -0.134676 0.102546
0.196892 -0.134714 0.102585
0.196905 -0.134746 0.102613
0.196916 -0.134779 0.102642
0.196930 -0.134819 0.102674
0.196946 -0.134869 0.102713
0.196958 -0.134909 0.102741
0.196969 -0.134947 0.102766
0.196982 -0.134995 0.102797
0.196996 -0.135040 0.102824
0.197002 -0.135064 0.102838
0.197016 -0.135124 0.102874
0.197024 -0.135170 0.102902
0.197032 -0.135217 0.102933
0.197042 -0.135273 0.102968
0.197046 -0.135298 0.102984
0.197052 -0.135342 0.103015
0.197059 -0.135388 0.103047
0.197065 -0.135429 0.103078
0.197071 -0.135465 0.103103
0.197076 -0.135508 0.103136
0.197079 -0.135533 0.103155
0.197085 -0.135587 0.103198
0.197088 -0.135627 0.103230
0.197092 -0.135659 0.103257
0.197099 -0.135692 0.103286
0.197108 -0.135731 0.103319
0.197118 -0.135779 0.103363
0.197128 -0.135806 0.103388
0.197138 -0.135830 0.103409
0.197145 -0.135845 0.103421
0.197152 -0.135866 0.103441
0.197161 -0.135885 0.103460
0.197189 -0.135948 0.103511
0.197201 -0.135977 0.103535
0.197218 -0.136007 0.103556
0.197237 -0.136040 0.103582
0.197258 -0.136076 0.103606
0.197283 -0.136118 0.103632
0.197323 -0.136173 0.103665
0.197351 -0.136215 0.103686
0.197376 -0.136247 0.103699
0.197404 -0.136288 0.103713
0.197429 -0.136324 0.103725
0.197452 -0.136359 0.103735
0.197478 -0.136401 0.103746
0.197506 -0.136445 0.103758
0.197531 -0.136493 0.103772
0.197548 -0.136524 0.103779
0.197577 -0.136581 0.103795
0.197599 -0.136624 0.103802
0.197619 -0.136668 0.103811
0.197636 -0.136709 0.103819
0.197655 -0.136759 0.103826
0.197672 -0.136802 0.103830
0.197687 -0.136844 0.103836
0.197704 -0.136893 0.103841
0.197713 -0.136920 0.103843
0.197726 -0.136961 0.103848
0.197730 -0.136982 0.103848
0.197748 -0.137037 0.103854
0.197760 -0.137077 0.103854
0.197772 -0.137107 0.103855
0.197788 -0.137143 0.103852
0.197799 -0.137167 0.103850
0.197821 -0.137208 0.103842
0.197834 -0.137232 0.103836
0.197858 -0.137273 0.103824
0.197877 -0.137303 0.103814
0.197891 -0.137328 0.103807
0.197904 -0.137354 0.103803
0.197935 -0.137391 0.103787
0.197951 -0.137414 0.103780
0.197982 -0.137441 0.103768
0.197990 -0.137447 0.103764
0.198012 -0.137487 0.103759
0.198040 -0.137500 0.103749
0.198052 -0.137520 0.103748
0.198078 -0.137546 0.103741
0.198097 -0.137564 0.103735
0.198128 -0.137603 0.103730
0.198160 -0.137629 0.103721
0.198192 -0.137657 0.103709
0.198217 -0.137677 0.103698
0.198230 -0.137691 0.103692
0.198263 -0.137713 0.103672
0.198292 -0.137735 0.103650
0.198308 -0.137749 0.103636
0.198326 -0.137766 0.103620
0.198342 -0.137783 0.103603
0.198354 -0.137797 0.103591
0.198367 -0.137812 0.103579
0.198375 -0.137824 0.103570
0.198390 -0.137842 0.103556
0.198405 -0.137860 0.103544
0.198421 -0.137879 0.103534
0.198433 -0.137893 0.103525
0.198446 -0.137906 0.103516
0.198458 -0.137918 0.103508
0.198463 -0.137922 0.103504
0.198476 -0.137937 0.103496
0.198485 -0.137946 0.103491
0.198487 -0.137948 0.103491
0.198506 -0.137961 0.103484
0.198524 -0.137971 0.103479
0.198543 -0.137978 0.103475
0.198559 -0.137981 0.103471
0.198583 -0.137987 0.103463
0.198591 -0.137986 0.103460
0.198615 -0.137991 0.103452
0.198634 -0.137992 0.103444
0.198644 -0.137992 0.103440
0.198667 -0.137995 0.103432
0.198684 -0.137997 0.103425
0.198705 -0.138000 0.103416
0.198723 -0.138002 0.103409
0.198741 -0.138006 0.103402
0.198768 -0.138012 0.103392
0.198792 -0.138018 0.103385
0.198809 -0.138023 0.103379
0.198829 -0.138030 0.103373
0.198852 -0.138038 0.103363
0.198875 -0.138047 0.103354
0.198899 -0.138053 0.103343
0.198919 -0.138053 0.103327
0.198945 -0.138058 0.103317
0.198976 -0.138067 0.103304
0.198998 -0.138072 0.103298
0.199020 -0.138076 0.103293
0.199041 -0.138083 0.103287
0.199060 -0.138090 0.103282
0.199083 -0.138100 0.103272
0.199100 -0.138108 0.103268
0.199114 -0.138116 0.103260
0.199123 -0.138118 0.103263
0.199144 -0.138132 0.103252
0.199157 -0.138141 0.103248
0.199173 -0.138151 0.103241
0.199188 -0.138159 0.103235
0.199203 -0.138168 0.103226
0.199220 -0.138178 0.103215
0.199246 -0.138188 0.103201
0.199269 -0.138197 0.103185
0.199296 -0.138208 0.103162
0.199329 -0.138220 0.103134
0.199357 -0.138231 0.103108
0.199385 -0.138243 0.103082
0.199419 -0.138260 0.103053
0.199455 -0.138278 0.103023
0.199497 -0.138302 0.102987
0.199515 -0.138304 0.102981
0.199549 -0.138339 0.102941
0.199571 -0.138358 0.102916
0.199589 -0.138376 0.102891
0.199611 -0.138399 0.102863
0.199628 -0.138419 0.102839
0.199650 -0.138438 0.102809
0.199668 -0.138455 0.102782
0.199689 -0.138476 0.102753
0.199701 -0.138490 0.102736
0.199713 -0.138497 0.102712
0.199717 -0.138502 0.102705
0.199735 -0.138516 0.102666
0.199762 -0.138546 0.102616
0.199775 -0.138557 0.102578
0.199783 -0.138559 0.102553
0.199813 -0.138592 0.102490
0.199825 -0.138602 0.102445
0.199847 -0.138623 0.102390
0.199857 -0.138631 0.102351
0.199870 -0.138642 0.102309
0.199884 -0.138652 0.102262
0.199903 -0.138666 0.102209
0.199927 -0.138676 0.102160
0.199954 -0.138684 0.102121
0.199988 -0.138694 0.102077
0.200012 -0.138702 0.102049
0.200044 -0.138710 0.102021
0.200075 -0.138719 0.101995
0.200096 -0.138723 0.101979
0.200119 -0.138728 0.101963
0.200148 -0.138734 0.101944
0.200170 -0.138739 0.101929
0.200188 -0.138745 0.101917
0.200205 -0.138748 0.101908
0.200218 -0.138752 0.101898
0.200233 -0.138752 0.101889
0.200243 -0.138754 0.101883
0.200258 -0.138755 0.101872
0.200261 -0.138755 0.101868
0.200267 -0.138756 0.101860
0.200264 -0.138757 0.101853
0.200260 -0.138757 0.101844
0.200254 -0.138758 0.101836
0.200251 -0.138758 0.101830
0.200246 -0.138758 0.101824
0.200237 -0.138757 0.101816
0.200230 -0.138755 0.101808
0.200222 -0.138757 0.101804
0.200211 -0.138757 0.101802
0.200201 -0.138758 0.101800
0.200188 -0.138758 0.101800
0.200175 -0.138758 0.101797
0.200161 -0.138758 0.101794
0.200148 -0.138759 0.101794
0.200141 -0.138758 0.101792
0.200142 -0.138758 0.101790
0.200124 -0.138760 0.101789
0.200124 -0.138760 0.101788
0.200091 -0.138764 0.101792
0.200067 -0.138766 0.101797
0.200051 -0.138769 0.101801
0.200028 -0.138773 0.101815
0.200024 -0.138775 0.101820
0.200006 -0.138779 0.101832
0.200010 -0.138780 0.101834
0.200003 -0.138783 0.101844
0.199983 -0.138789 0.101863
0.199984 -0.138791 0.101867
0.199978 -0.138793 0.101878
0.199959 -0.138797 0.101898
0.199959 -0.138798 0.101904
0.199951 -0.138800 0.101914
0.199927 -0.138804 0.101937
0.199927 -0.138805 0.101940
0.199917 -0.138807 0.101953
0.199889 -0.138813 0.101979
0.199889 -0.138812 0.101981
0.199849 -0.138821 0.102017
0.199820 -0.138825 0.102043
0.199795 -0.138830 0.102065
0.199766 -0.138833 0.102077
0.199741 -0.138836 0.102083
0.199718 -0.138838 0.102087
0.199693 -0.138840 0.102091
0.199675 -0.138842 0.102092
0.199651 -0.138843 0.102091
0.199621 -0.138845 0.102089
0.199595 -0.138845 0.102087
0.199560 -0.138847 0.102086
0.199529 -0.138849 0.102085
0.199496 -0.138849 0.102083
0.199467 -0.138849 0.102082
0.199429 -0.138851 0.102080
0.199395 -0.138852 0.102078
0.199368 -0.138854 0.102075
0.199338 -0.138854 0.102069
0.199317 -0.138855 0.102065
0.199291 -0.138856 0.102059
0.199262 -0.138857 0.102052
0.199233 -0.138857 0.102045
0.199208 -0.138857 0.102039
0.199186 -0.138858 0.102033
0.199161 -0.138856 0.102026
0.199129 -0.138855 0.102017
0.199111 -0.138857 0.102014
0.199087 -0.138858 0.102008
0.199064 -0.138858 0.102002
0.199035 -0.138860 0.101994
0.199014 -0.138860 0.101988
0.198987 -0.138861 0.101982
0.198957 -0.138863 0.101976
0.198935 -0.138863 0.101973
0.198907 -0.138866 0.101970
0.198883 -0.138867 0.101967
0.198858 -0.138869 0.101968
0.198836 -0.138871 0.101968
0.198818 -0.138873 0.101967
0.198786 -0.138876 0.101969
0.198764 -0.138877 0.101966
0.198739 -0.138880 0.101969
0.198708 -0.138883 0.101968
0.198684 -0.138883 0.101964
0.198662 -0.138884 0.101959
0.198639 -0.138885 0.101955
0.198614 -0.138885 0.101951
0.198596 -0.138887 0.101948
0.198580 -0.138886 0.101943
0.198551 -0.138888 0.101941
0.198536 -0.138887 0.101938
0.198515 -0.138888 0.101936
0.198494 -0.138889 0.101932
0.198479 -0.138890 0.101927
0.198463 -0.138889 0.101920
0.198445 -0.138890 0.101915
0.198427 -0.138890 0.101908
0.198415 -0.138890 0.101905
0.198409 -0.138890 0.101901
0.198396 -0.138889 0.101895
0.198393 -0.138889 0.101893
0.198365 -0.138892 0.101890
0.198347 -0.138893 0.101888
0.198316 -0.138895 0.101886
0.198290 -0.138896 0.101887
0.198271 -0.138897 0.101889
0.198251 -0.138898 0.101890
0.198237 -0.138898 0.101890
0.198216 -0.138901 0.101891
0.198201 -0.138901 0.101891
0.198179 -0.138902 0.101889
0.198153 -0.138902 0.101888
0.198133 -0.138903 0.101887
0.198105 -0.138903 0.101886
0.198083 -0.138903 0.101884
0.198061 -0.138905 0.101883
0.198035 -0.138905 0.101880
0.198014 -0.138906 0.101881
0.197990 -0.138907 0.101878
0.197962 -0.138907 0.101876
0.197942 -0.138906 0.101876
0.197916 -0.138907 0.101875
0.197889 -0.138908 0.101872
0.197855 -0.138908 0.101871
0.197834 -0.138910 0.101869
0.197806 -0.138910 0.101867
0.197784 -0.138910 0.101866
0.197760 -0.138910 0.101866
0.197734 -0.138910 0.101865
0.197712 -0.138911 0.101866
0.197681 -0.138911 0.101866
0.197659 -0.138911 0.101866
0.197634 -0.138912 0.101867
0.197610 -0.138911 0.101867
0.197588 -0.138912 0.101866
0.197569 -0.138912 0.101868
0.197553 -0.138914 0.101870
0.197531 -0.138914 0.101873
0.197504 -0.138915 0.101877
0.197484 -0.138914 0.101880
0.197462 -0.138914 0.101881
0.197437 -0.138914 0.101883
0.197406 -0.138915 0.101886
0.197386 -0.138915 0.101889
0.197359 -0.138916 0.101891
0.197334 -0.138917 0.101893
0.197311 -0.138918 0.101895
0.197295 -0.138919 0.101896
0.197267 -0.138920 0.101899
0.197245 -0.138922 0.101902
0.197226 -0.138923 0.101904
0.197211 -0.138924 0.101905
0.197196 -0.138925 0.101907
0.197182 -0.138927 0.101909
0.197170 -0.138927 0.101912
0.197152 -0.138928 0.101919
0.197143 -0.138929 0.101924
0.197134 -0.138927 0.101930
0.197129 -0.138928 0.101934
0.197123 -0.138928 0.101939
0.197121 -0.138927 0.101940
0.197119 -0.138928 0.101943
0.197115 -0.138927 0.101948
0.197111 -0.138926 0.101952
0.197106 -0.138925 0.101956
0.197103 -0.138924 0.101959
0.197099 -0.138924 0.101961
0.197096 -0.138923 0.101965
0.197092 -0.138922 0.101969
0.197091 -0.138921 0.101975
0.197090 -0.138920 0.101978
0.197089 -0.138919 0.101982
0.197088 -0.138918 0.101983
0.197084 -0.138919 0.101989
0.197082 -0.138918 0.101989
0.197080 -0.138918 0.101990
0.197078 -0.138918 0.101992
0.197075 -0.138919 0.101994
0.197073 -0.138920 0.101994
0.197071 -0.138920 0.101994
0.197069 -0.138920 0.101993
0.197067 -0.138921 0.101994
0.197066 -0.138921 0.101996
0.197063 -0.138922 0.101998
0.197061 -0.138923 0.101999
0.197059 -0.138923 0.101999
0.197057 -0.138923 0.102000
0.197053 -0.138925 0.102000
0.197051 -0.138926 0.101997
0.197047 -0.138925 0.101993
0.197045 -0.138926 0.101987
0.197040 -0.138926 0.101981
0.197036 -0.138927 0.101976
0.197031 -0.138925 0.101965
0.197029 -0.138927 0.101961
0.197029 -0.138927 0.101954
0.197028 -0.138926 0.101947
0.197027 -0.138925 0.101943
0.197025 -0.138925 0.101939
0.197027 -0.138925 0.101935
0.197027 -0.138925 0.101932
0.197028 -0.138925 0.101930
0.197028 -0.138925 0.101928
0.197029 -0.138925 0.101926
0.197029 -0.138925 0.101925
0.197031 -0.138924 0.101921
0.197031 -0.138923 0.101917
0.197033 -0.138922 0.101913
0.197036 -0.138921 0.101911
0.197038 -0.138920 0.101909
0.197041 -0.138918 0.101904
0.197043 -0.138917 0.101900
0.197045 -0.138916 0.101898
0.197046 -0.138915 0.101895
0.197048 -0.138913 0.101892
0.197049 -0.138912 0.101889
0.197049 -0.138911 0.101888
0.197047 -0.138909 0.101884
0.197046 -0.138909 0.101881
0.197041 -0.138907 0.101879
0.197034 -0.138906 0.101874
0.197027 -0.138907 0.101872
0.197021 -0.138908 0.101870
0.197019 -0.138909 0.101868
0.197014 -0.138909 0.101867
0.197011 -0.138910 0.101867
0.197005 -0.138912 0.101864
0.197000 -0.138912 0.101861
0.196995 -0.138913 0.101858
0.196994 -0.138914 0.101855
0.196989 -0.138916 0.101854
0.196987 -0.138916 0.101853
0.196988 -0.138917 0.101851
0.196989 -0.138918 0.101849
0.196988 -0.138918 0.101848
0.196987 -0.138919 0.101845
0.196986 -0.138920 0.101845
0.196986 -0.138920 0.101844
0.196986 -0.138922 0.101842
0.196986 -0.138923 0.101839
0.196987 -0.138923 0.101836
0.196988 -0.138922 0.101831
0.196990 -0.138921 0.101826
0.196989 -0.138922 0.101823
0.196990 -0.138922 0.101820
0.196990 -0.138921 0.101816
0.196990 -0.138920 0.101815
0.196990 -0.138921 0.101813
0.196989 -0.138921 0.101806
0.196989 -0.138920 0.101804
0.196988 -0.138921 0.101803
0.196988 -0.138921 0.101801
0.196986 -0.138921 0.101801
0.196985 -0.138921 0.101799
0.196983 -0.138921 0.101800
0.196981 -0.138921 0.101801
0.196979 -0.138922 0.101802
0.196976 -0.138922 0.101802
0.196974 -0.138923 0.101803
0.196974 -0.138923 0.101805
0.196972 -0.138924 0.101807
0.196974 -0.138925 0.101808
0.196972 -0.138926 0.101810
0.196972 -0.138926 0.101813
0.196971 -0.138927 0.101817
0.196970 -0.138926 0.101819
0.196970 -0.138927 0.101822
0.196967 -0.138927 0.101825
0.196964 -0.138927 0.101825
0.196964 -0.138927 0.101827
0.196962 -0.138928 0.101830
0.196958 -0.138928 0.101830
0.196958 -0.138928 0.101833
0.196957 -0.138929 0.101833
0.196954 -0.138930 0.101834
0.196953 -0.138930 0.101834
0.196953 -0.138930 0.101836
0.196957 -0.138931 0.101837
0.196957 -0.138931 0.101837
0.196959 -0.138933 0.101837
0.196960 -0.138933 0.101838
0.196963 -0.138933 0.101839
0.196964 -0.138933 0.101839
0.196968 -0.138933 0.101839
0.196969 -0.138933 0.101840
0.196971 -0.138933 0.101840
0.196974 -0.138933 0.101841
0.196973 -0.138933 0.101841
0.196975 -0.138932 0.101840
0.196977 -0.138932 0.101840
0.196980 -0.138932 0.101840
0.196979 -0.138932 0.101839
0.196980 -0.138932 0.101839
0.196980 -0.138932 0.101839
0.196980 -0.138932 0.101838
0.196981 -0.138932 0.101838
0.196982 -0.138932 0.101838
0.196982 -0.138933 0.101839
0.196982 -0.138932 0.101840
0.196983 -0.138933 0.101840
0.196985 -0.138933 0.101844
0.196983 -0.138933 0.101843
0.196985 -0.138932 0.101846
0.196987 -0.138933 0.101848
0.196987 -0.138933 0.101849
0.196987 -0.138932 0.101850
0.196987 -0.138932 0.101853
0.196988 -0.138933 0.101855
0.196989 -0.138933 0.101856
0.196991 -0.138933 0.101858
0.196994 -0.138934 0.101860
0.196997 -0.138935 0.101861
0.197000 -0.138934 0.101861
0.197002 -0.138934 0.101861
0.197003 -0.138935 0.101862
0.197004 -0.138933 0.101863
0.197004 -0.138933 0.101863
0.197005 -0.138933 0.101861
0.197005 -0.138932 0.101860
0.197007 -0.138933 0.101860
0.197005 -0.138933 0.101857
0.197007 -0.138932 0.101854
0.197007 -0.138931 0.101851
0.197008 -0.138931 0.101848
0.197008 -0.138930 0.101844
0.197008 -0.138930 0.101842
0.197012 -0.138929 0.101839
0.197012 -0.138929 0.101838
0.197014 -0.138929 0.101839
0.197017 -0.138929 0.101839
0.197019 -0.138929 0.101839
0.197019 -0.138929 0.101839
0.197021 -0.138930 0.101839
0.197021 -0.138930 0.101839
0.197021 -0.138930 0.101839
0.197021 -0.138930 0.101839
0.197021 -0.138928 0.101839
0.197021 -0.138928 0.101839
0.197021 -0.138929 0.101838
0.197022 -0.138929 0.101840
0.197022 -0.138930 0.101841
0.197022 -0.138930 0.101845
0.197022 -0.138931 0.101850
0.197022 -0.138931 0.101855
0.197025 -0.138932 0.101859
0.197027 -0.138932 0.101860
0.197030 -0.138933 0.101864
0.197033 -0.138934 0.101867
0.197039 -0.138934 0.101870
0.197041 -0.138936 0.101872
0.197048 -0.138936 0.101875
0.197051 -0.138937 0.101876
0.197055 -0.138937 0.101876
0.197059 -0.138938 0.101877
0.197061 -0.138938 0.101877
0.197065 -0.138936 0.101876
0.197066 -0.138936 0.101874
0.197068 -0.138936 0.101873
0.197070 -0.138936 0.101872
0.197071 -0.138936 0.101872
0.197074 -0.138937 0.101871
0.197076 -0.138937 0.101871
0.197076 -0.138937 0.101872
0.197079 -0.138938 0.101872
0.197080 -0.138938 0.101872
0.197081 -0.138937 0.101871
0.197082 -0.138937 0.101871
0.197085 -0.138938 0.101870
0.197085 -0.138938 0.101870
0.197087 -0.138938 0.101871
0.197090 -0.138938 0.101871
0.197094 -0.138939 0.101869
0.197097 -0.138939 0.101870
0.197106 -0.138939 0.101871
0.197113 -0.138938 0.101872
0.197120 -0.138938 0.101873
0.197125 -0.138938 0.101874
0.197132 -0.138939 0.101875
0.197137 -0.138940 0.101875
0.197142 -0.138941 0.101875
0.197151 -0.138941 0.101875
0.197158 -0.138941 0.101875
0.197167 -0.138942 0.101878
0.197175 -0.138941 0.101879
0.197184 -0.138941 0.101879
0.197193 -0.138941 0.101880
0.197201 -0.138941 0.101881
0.197207 -0.138941 0.101882
0.197215 -0.138940 0.101883
0.197223 -0.138940 0.101885
0.197232 -0.138939 0.101885
0.197236 -0.138939 0.101886
0.197241 -0.138939 0.101886
0.197244 -0.138939 0.101887
0.197249 -0.138938 0.101890
0.197253 -0.138939 0.101891
0.197257 -0.138940 0.101892
0.197260 -0.138939 0.101893
0.197264 -0.138939 0.101893
0.197268 -0.138940 0.101894
0.197273 -0.138939 0.101894
0.197277 -0.138940 0.101893
0.197281 -0.138940 0.101895
0.197284 -0.138941 0.101896
0.197284 -0.138941 0.101898
0.197285 -0.138942 0.101899
0.197285 -0.138941 0.101898
0.197288 -0.138941 0.101898
0.197286 -0.138941 0.101900
0.197284 -0.138941 0.101900
0.197283 -0.138941 0.101900
0.197279 -0.138941 0.101901
0.197274 -0.138942 0.101902
0.197272 -0.138943 0.101902
0.197268 -0.138943 0.101902
0.197263 -0.138944 0.101903
0.197257 -0.138945 0.101905
0.197253 -0.138945 0.101905
0.197248 -0.138944 0.101904
0.197244 -0.138943 0.101904
0.197244 -0.138943 0.101904
0.197244 -0.138942 0.101904
0.197240 -0.138943 0.101900
0.197241 -0.138943 0.101900
0.197238 -0.138943 0.101894
0.197238 -0.138942 0.101892
0.197240 -0.138942 0.101891
0.197240 -0.138942 0.101891
0.197240 -0.138942 0.101891
0.197237 -0.138942 0.101889
0.197237 -0.138942 0.101888
0.197238 -0.138941 0.101887
0.197239 -0.138941 0.101885
0.197237 -0.138942 0.101884
0.197239 -0.138942 0.101884
0.197239 -0.138943 0.101883
0.197239 -0.138943 0.101883
0.197237 -0.138943 0.101881
0.197237 -0.138942 0.101881
0.197240 -0.138941 0.101882
0.197241 -0.138941 0.101882
0.197242 -0.138942 0.101884
0.197244 -0.138942 0.101884
0.197245 -0.138942 0.101884
0.197246 -0.138942 0.101884
0.197246 -0.138942 0.101885
0.197247 -0.138942 0.101885
0.197247 -0.138942 0.101885
0.197248 -0.138942 0.101887
0.197250 -0.138942 0.101887
0.197251 -0.138942 0.101888
0.197251 -0.138942 0.101888
0.197251 -0.138942 0.101889
0.197251 -0.138942 0.101889
0.197251 -0.138942 0.101889
0.197250 -0.138942 0.101888
0.197248 -0.138942 0.101888
0.197248 -0.138942 0.101888
0.197246 -0.138943 0.101888
0.197246 -0.138943 0.101888
0.197243 -0.138944 0.101888
0.197243 -0.138943 0.101889
0.197243 -0.138944 0.101890
0.197242 -0.138944 0.101891
0.197242 -0.138945 0.101891
0.197242 -0.138944 0.101890
0.197240 -0.138944 0.101890
0.197240 -0.138943 0.101889
0.197238 -0.138944 0.101890
0.197237 -0.138943 0.101889
0.197236 -0.138944 0.101890
0.197236 -0.138944 0.101890
0.197236 -0.138944 0.101890
0.197236 -0.138944 0.101891
0.197233 -0.138944 0.101890
0.197233 -0.138944 0.101890
0.197233 -0.138944 0.101890
0.197235 -0.138944 0.101891
0.197233 -0.138944 0.101889
0.197233 -0.138943 0.101887
0.197234 -0.138943 0.101884
0.197234 -0.138943 0.101880
0.197234 -0.138943 0.101875
0.197234 -0.138942 0.101871
0.197233 -0.138941 0.101867
0.197230 -0.138942 0.101865
0.197229 -0.138941 0.101864
0.197226 -0.138942 0.101863
0.197226 -0.138941 0.101862
0.197226 -0.138941 0.101862
0.197225 -0.138942 0.101860
0.197225 -0.138942 0.101859
0.197223 -0.138942 0.101858
0.197223 -0.138941 0.101856
0.197223 -0.138941 0.101854
0.197223 -0.138940 0.101854
0.197223 -0.138940 0.101853
0.197225 -0.138939 0.101853
0.197225 -0.138939 0.101853
0.197226 -0.138939 0.101853
0.197225 -0.138939 0.101852
0.197226 -0.138939 0.101851
0.197228 -0.138939 0.101850
0.197228 -0.138939 0.101849
0.197228 -0.138938 0.101848
0.197229 -0.138938 0.101845
0.197229 -0.138937 0.101842
0.197230 -0.138937 0.101839
0.197229 -0.138937 0.101835
0.197228 -0.138936 0.101832
0.197227 -0.138935 0.101829
0.197225 -0.138934 0.101828
0.197223 -0.138934 0.101827
0.197222 -0.138934 0.101826
0.197219 -0.138933 0.101823
0.197220 -0.138933 0.101823
0.197219 -0.138933 0.101823
0.197220 -0.138933 0.101823
0.197220 -0.138934 0.101822
0.197222 -0.138934 0.101821
0.197223 -0.138934 0.101821
0.197224 -0.138934 0.101818
0.197225 -0.138933 0.101816
0.197227 -0.138933 0.101813
0.197227 -0.138933 0.101810
0.197228 -0.138933 0.101806
0.197227 -0.138933 0.101802
0.197227 -0.138933 0.101801
0.197227 -0.138933 0.101800
0.197226 -0.138932 0.101799
0.197226 -0.138933 0.101799
0.197224 -0.138933 0.101799
0.197224 -0.138933 0.101799
0.197223 -0.138934 0.101799
0.197223 -0.138934 0.101800
0.197222 -0.138933 0.101799
0.197222 -0.138933 0.101800
0.197222 -0.138933 0.101798
0.197222 -0.138933 0.101796
0.197222 -0.138933 0.101796
0.197223 -0.138933 0.101795
0.197223 -0.138933 0.101794
0.197224 -0.138933 0.101794
0.197226 -0.138933 0.101791
0.197226 -0.138933 0.101793
0.197226 -0.138934 0.101793
0.197227 -0.138934 0.101797
0.197227 -0.138934 0.101799
0.197227 -0.138934 0.101799
0.197227 -0.138933 0.101801
0.197227 -0.138934 0.101802
0.197228 -0.138934 0.101802
0.197228 -0.138934 0.101801
0.197227 -0.138935 0.101802
0.197226 -0.138936 0.101801
0.197224 -0.138936 0.101801
0.197224 -0.138936 0.101801
0.197223 -0.138936 0.101802
0.197223 -0.138936 0.101803
0.197223 -0.138936 0.101803
0.197224 -0.138935 0.101803
0.197224 -0.138935 0.101803
0.197224 -0.138935 0.101803
0.197224 -0.138935 0.101802
0.197224 -0.138934 0.101801
0.197224 -0.138934 0.101802
0.197224 -0.138933 0.101801
0.197223 -0.138933 0.101799
0.197222 -0.138933 0.101799
0.197219 -0.138932 0.101798
0.197218 -0.138932 0.101796
0.197218 -0.138931 0.101794
0.197217 -0.138931 0.101792
0.197218 -0.138931 0.101789
0.197220 -0.138931 0.101786
0.197221 -0.138930 0.101783
0.197222 -0.138931 0.101781
0.197223 -0.138931 0.101780
0.197223 -0.138931 0.101779
0.197223 -0.138930 0.101778
0.197223 -0.138931 0.101777
0.197223 -0.138931 0.101777
0.197225 -0.138931 0.101777
0.197225 -0.138931 0.101777
0.197224 -0.138932 0.101776
0.197221 -0.138932 0.101774
0.197220 -0.138933 0.101775
0.197216 -0.138933 0.101777
0.197214 -0.138933 0.101777
0.197212 -0.138933 0.101778
0.197210 -0.138934 0.101779
0.197210 -0.138935 0.101780
0.197209 -0.138934 0.101782
0.197209 -0.138935 0.101783
0.197209 -0.138935 0.101783
0.197207 -0.138935 0.101783
0.197207 -0.138934 0.101783
0.197207 -0.138935 0.101784
0.197207 -0.138935 0.101784
0.197207 -0.138935 0.101783
0.197207 -0.138936 0.101784
0.197207 -0.138935 0.101785
0.197209 -0.138935 0.101784
0.197210 -0.138935 0.101783
0.197210 -0.138936 0.101784
0.197210 -0.138936 0.101784
0.197209 -0.138936 0.101786
0.197209 -0.138936 0.101786
0.197209 -0.138937 0.101787
0.197209 -0.138937 0.101787
0.197209 -0.138937 0.101787
0.197209 -0.138936 0.101787
0.197209 -0.138936 0.101787
0.197209 -0.138935 0.101786
0.197209 -0.138936 0.101788
0.197210 -0.138936 0.101788
0.197209 -0.138935 0.101786
0.197205 -0.138936 0.101786
0.197204 -0.138935 0.101784
0.197204 -0.138935 0.101783
0.197202 -0.138935 0.101781
0.197204 -0.138934 0.101779
0.197203 -0.138934 0.101778
0.197204 -0.138934 0.101776
0.197204 -0.138934 0.101776
0.197204 -0.138935 0.101774
0.197203 -0.138935 0.101774
0.197203 -0.138935 0.101773
0.197203 -0.138934 0.101771
0.197203 -0.138934 0.101770
0.197201 -0.138934 0.101769
0.197201 -0.138933 0.101768
0.197200 -0.138934 0.101767
0.197198 -0.138934 0.101767
0.197197 -0.138934 0.101767
0.197195 -0.138934 0.101767
0.197195 -0.138934 0.101765
0.197194 -0.138934 0.101765
0.197194 -0.138934 0.101766
0.197194 -0.138933 0.101766
0.197194 -0.138933 0.101767
0.197194 -0.138933 0.101766
0.197194 -0.138933 0.101766
0.197194 -0.138934 0.101764
0.197193 -0.138934 0.101764
0.197193 -0.138933 0.101763
0.197192 -0.138933 0.101763
0.197190 -0.138933 0.101763
0.197189 -0.138934 0.101763
0.197187 -0.138934 0.101763
0.197185 -0.138934 0.101762
0.197183 -0.138935 0.101761
0.197181 -0.138934 0.101760
0.197178 -0.138935 0.101759
0.197178 -0.138935 0.101759
0.197176 -0.138934 0.101760
0.197176 -0.138934 0.101760
0.197173 -0.138933 0.101759
0.197172 -0.138933 0.101758
0.197171 -0.138933 0.101757
0.197171 -0.138933 0.101755
0.197171 -0.138933 0.101755
0.197171 -0.138933 0.101755
0.197169 -0.138933 0.101755
0.197169 -0.138933 0.101755
0.197168 -0.138934 0.101755
0.197168 -0.138934 0.101754
0.197168 -0.138934 0.101754
0.197167 -0.138933 0.101753
0.197166 -0.138933 0.101751
0.197163 -0.138933 0.101750
0.197161 -0.138933 0.101749
0.197160 -0.138934 0.101748
0.197157 -0.138932 0.101745
0.197157 -0.138932 0.101743
0.197156 -0.138933 0.101741
0.197156 -0.138932 0.101738
0.197156 -0.138932 0.101737
0.197156 -0.138932 0.101737
0.197156 -0.138932 0.101734
0.197156 -0.138932 0.101732
0.197155 -0.138931 0.101731
0.197154 -0.138931 0.101731
0.197154 -0.138931 0.101730
0.197152 -0.138931 0.101730
0.197152 -0.138931 0.101729
0.197151 -0.138931 0.101728
0.197151 -0.138931 0.101727
0.197150 -0.138931 0.101727
0.197149 -0.138931 0.101726
0.197149 -0.138931 0.101726
0.197148 -0.138931 0.101726
0.197146 -0.138931 0.101726
0.197146 -0.138931 0.101726
0.197145 -0.138932 0.101725
0.197145 -0.138931 0.101725
0.197145 -0.138931 0.101725
0.197145 -0.138931 0.101725
0.197143 -0.138931 0.101725
0.197140 -0.138933 0.101725
0.197138 -0.138932 0.101725
0.197134 -0.138932 0.101724
0.197130 -0.138932 0.101725
0.197129 -0.138931 0.101725
0.197125 -0.138932 0.101724
0.197124 -0.138932 0.101724
0.197121 -0.138933 0.101725
0.197121 -0.138932 0.101723
0.197120 -0.138933 0.101723
0.197120 -0.138933 0.101723
0.197119 -0.138933 0.101723
0.197119 -0.138932 0.101722
0.197118 -0.138933 0.101722
0.197116 -0.138932 0.101720
0.197116 -0.138932 0.101719
0.197115 -0.138932 0.101719
0.197114 -0.138933 0.101718
0.197114 -0.138932 0.101717
0.197112 -0.138932 0.101717
0.197112 -0.138932 0.101717
0.197112 -0.138932 0.101717
0.197110 -0.138932 0.101717
0.197110 -0.138932 0.101716
0.197109 -0.138932 0.101714
0.197109 -0.138933 0.101714
0.197109 -0.138933 0.101713
0.197109 -0.138932 0.101710
0.197110 -0.138932 0.101709
0.197110 -0.138933 0.101707
0.197112 -0.138933 0.101705
0.197111 -0.138933 0.101705
0.197110 -0.138932 0.101704
0.197110 -0.138932 0.101704
0.197108 -0.138932 0.101704
0.197108 -0.138932 0.101704
0.197108 -0.138932 0.101704
0.197106 -0.138932 0.101704
0.197105 -0.138931 0.101703
0.197105 -0.138931 0.101703
0.197105 -0.138931 0.101702
0.197104 -0.138931 0.101702
0.197104 -0.138931 0.101702
0.197104 -0.138931 0.101703
0.197102 -0.138932 0.101703
0.197102 -0.138932 0.101703
0.197102 -0.138932 0.101703
0.197102 -0.138933 0.101703
0.197102 -0.138933 0.101703
0.197101 -0.138932 0.101704
0.197101 -0.138932 0.101704
0.197099 -0.138932 0.101704
0.197098 -0.138932 0.101704
0.197098 -0.138932 0.101703
0.197097 -0.138932 0.101703
0.197096 -0.138932 0.101702
0.197096 -0.138932 0.101702
0.197094 -0.138933 0.101702
0.197096 -0.138933 0.101702
0.197094 -0.138933 0.101702
0.197094 -0.138932 0.101701
0.197093 -0.138932 0.101701
0.197093 -0.138933 0.101700
0.197093 -0.138932 0.101699
0.197092 -0.138932 0.101699
0.197092 -0.138933 0.101699
0.197093 -0.138932 0.101698
0.197093 -0.138932 0.101698
0.197093 -0.138933 0.101697
0.197092 -0.138933 0.101695
0.197092 -0.138933 0.101695
0.197092 -0.138933 0.101695
0.197092 -0.138933 0.101695
0.197091 -0.138934 0.101693
0.197091 -0.138933 0.101693
0.197091 -0.138934 0.101693
0.197091 -0.138935 0.101693
0.197091 -0.138935 0.101693
0.197090 -0.138935 0.101690
0.197090 -0.138935 0.101690
0.197090 -0.138934 0.101690
0.197090 -0.138934 0.101688
0.197090 -0.138934 0.101688
0.197088 -0.138935 0.101687
0.197086 -0.138935 0.101686
0.197086 -0.138935 0.101686
0.197083 -0.138935 0.101684
0.197083 -0.138935 0.101684
0.197082 -0.138935 0.101684
0.197081 -0.138935 0.101684
0.197080 -0.138935 0.101683
0.197078 -0.138935 0.101683
0.197078 -0.138935 0.101683
0.197079 -0.138935 0.101682
0.197077 -0.138935 0.101682
0.197077 -0.138935 0.101682
0.197079 -0.138936 0.101681
0.197079 -0.138936 0.101681
0.197077 -0.138936 0.101683
0.197076 -0.138936 0.101683
0.197076 -0.138936 0.101683
0.197074 -0.138936 0.101683
0.197071 -0.138936 0.101682
0.197070 -0.138936 0.101682
0.197070 -0.138936 0.101682
0.197070 -0.138936 0.101682
0.197067 -0.138936 0.101681
0.197067 -0.138936 0.101681
0.197066 -0.138937 0.101680
0.197065 -0.138937 0.101682
0.197065 -0.138937 0.101682
0.197064 -0.138937 0.101682
0.197064 -0.138937 0.101681
0.197064 -0.138937 0.101681
0.197064 -0.138938 0.101682
0.197062 -0.138938 0.101682
0.197062 -0.138938 0.101682
0.197062 -0.138938 0.101682
0.197060 -0.138938 0.101682
0.197060 -0.138938 0.101681
0.197059 -0.138938 0.101681
0.197059 -0.138938 0.101681
0.197057 -0.138938 0.101682
0.197057 -0.138938 0.101682
0.197056 -0.138938 0.101682
0.197055 -0.138938 0.101682
0.197054 -0.138937 0.101681
0.197055 -0.138937 0.101682
0.197055 -0.138936 0.101683
0.197053 -0.138935 0.101685
0.197053 -0.138935 0.101686
0.197052 -0.138934 0.101688
0.197051 -0.138933 0.101691
0.197051 -0.138933 0.101693
0.197049 -0.138932 0.101695
0.197049 -0.138931 0.101697
0.197049 -0.138931 0.101701
0.197048 -0.138929 0.101703
0.197048 -0.138929 0.101706
0.197048 -0.138927 0.101709
0.197046 -0.138926 0.101711
0.197046 -0.138924 0.101714
0.197043 -0.138923 0.101717
0.197042 -0.138922 0.101719
0.197042 -0.138921 0.101722
0.197039 -0.138919 0.101724
0.197038 -0.138917 0.101728
0.197034 -0.138916 0.101729
0.197033 -0.138916 0.101732
0.197030 -0.138915 0.101734
0.197028 -0.138917 0.101737
0.197025 -0.138919 0.101741
0.197023 -0.138919 0.101742
0.197021 -0.138920 0.101747
0.197020 -0.138917 0.101747
0.197015 -0.138915 0.101751
0.197013 -0.138914 0.101753
0.197008 -0.138909 0.101757
0.197004 -0.138906 0.101762
0.197001 -0.138903 0.101767
0.196998 -0.138899 0.101775
0.196994 -0.138894 0.101780
0.196988 -0.138888 0.101789
0.196983 -0.138883 0.101794
0.196978 -0.138880 0.101801
0.196974 -0.138875 0.101807
0.196971 -0.138873 0.101812
0.196966 -0.138870 0.101818
0.196960 -0.138867 0.101823
0.196953 -0.138868 0.101828
0.196948 -0.138872 0.101833
0.196944 -0.138875 0.101840
0.196943 -0.138876 0.101843
0.196939 -0.138873 0.101845
0.196933 -0.138865 0.101848
0.196930 -0.138857 0.101854
0.196923 -0.138847 0.101862
0.196912 -0.138827 0.101880
0.196904 -0.138811 0.101894
0.196898 -0.138796 0.101908
0.196895 -0.138790 0.101917
0.196886 -0.138780 0.101930
0.196881 -0.138776 0.101937
0.196875 -0.138774 0.101943
0.196861 -0.138773 0.101952
0.196855 -0.138773 0.101957
0.196849 -0.138773 0.101960
0.196839 -0.138775 0.101967
0.196830 -0.138773 0.101973
0.196823 -0.138772 0.101978
0.196817 -0.138770 0.101986
0.196810 -0.138768 0.101993
0.196807 -0.138764 0.102000
0.196806 -0.138761 0.102006
0.196803 -0.138757 0.102014
0.196802 -0.138755 0.102017
0.196798 -0.138755 0.102025
0.196800 -0.138751 0.102033
0.196801 -0.138747 0.102037
0.196799 -0.138745 0.102042
0.196797 -0.138744 0.102053
0.196796 -0.138742 0.102064
0.196798 -0.138734 0.102074
0.196794 -0.138717 0.102090
0.196793 -0.138705 0.102106
0.196788 -0.138694 0.102127
0.196783 -0.138682 0.102146
0.196779 -0.138671 0.102160
0.196772 -0.138659 0.102177
0.196768 -0.138651 0.102193
0.196761 -0.138644 0.102205
0.196761 -0.138639 0.102217
0.196755 -0.138637 0.102232
0.196751 -0.138637 0.102242
0.196752 -0.138639 0.102256
0.196750 -0.138643 0.102268
0.196749 -0.138645 0.102279
0.196749 -0.138645 0.102287
0.196749 -0.138644 0.102296
0.196746 -0.138643 0.102301
0.196747 -0.138642 0.102309
0.196748 -0.138639 0.102314
0.196751 -0.138634 0.102318
0.196753 -0.138628 0.102324
0.196759 -0.138624 0.102328
0.196761 -0.138622 0.102331
0.196761 -0.138623 0.102335
0.196764 -0.138621 0.102341
0.196769 -0.138615 0.102342
0.196770 -0.138609 0.102345
0.196776 -0.138601 0.102352
0.196779 -0.138592 0.102360
0.196781 -0.138582 0.102371
0.196782 -0.138574 0.102381
0.196781 -0.138561 0.102391
0.196778 -0.138550 0.102403
0.196779 -0.138543 0.102413
0.196775 -0.138536 0.102420
0.196789 -0.138534 0.102429
0.196790 -0.138526 0.102440
0.196795 -0.138526 0.102448
0.196801 -0.138527 0.102452
0.196805 -0.138533 0.102466
0.196812 -0.138535 0.102470
0.196817 -0.138545 0.102476
0.196827 -0.138546 0.102480
0.196836 -0.138558 0.102483
0.196851 -0.138561 0.102487
0.196864 -0.138561 0.102490
0.196878 -0.138556 0.102491
0.196889 -0.138549 0.102495
0.196904 -0.138542 0.102502
0.196913 -0.138530 0.102509
0.196916 -0.138521 0.102515
0.196937 -0.138508 0.102530
0.196942 -0.138494 0.102542
0.196945 -0.138481 0.102551
0.196946 -0.138466 0.102562
0.196951 -0.138450 0.102577
0.196964 -0.138439 0.102589
0.196973 -0.138428 0.102602
0.196980 -0.138416 0.102616
0.196985 -0.138413 0.102623
0.196994 -0.138410 0.102639
0.196999 -0.138410 0.102644
0.197005 -0.138411 0.102653
0.197013 -0.138413 0.102661
0.197019 -0.138421 0.102666
0.197030 -0.138424 0.102668
0.197031 -0.138429 0.102668
0.197039 -0.138432 0.102668
0.197050 -0.138433 0.102668
0.197062 -0.138435 0.102666
0.197084 -0.138433 0.102668
0.197092 -0.138433 0.102669
0.197107 -0.138434 0.102671
0.197114 -0.138433 0.102671
0.197136 -0.138432 0.102673
0.197147 -0.138432 0.102675
0.197161 -0.138432 0.102677
0.197178 -0.138430 0.102680
0.197194 -0.138428 0.102680
0.197208 -0.138425 0.102678
0.197214 -0.138425 0.102680
0.197220 -0.138423 0.102680
0.197232 -0.138422 0.102681
0.197248 -0.138419 0.102681
0.197264 -0.138415 0.102683
0.197274 -0.138414 0.102686
0.197289 -0.138404 0.102692
0.197293 -0.138400 0.102697
0.197301 -0.138398 0.102700
0.197309 -0.138396 0.102706
0.197318 -0.138395 0.102708
0.197321 -0.138396 0.102708
0.197331 -0.138399 0.102714
0.197346 -0.138401 0.102721
0.197356 -0.138402 0.102721
0.197372 -0.138402 0.102722
0.197381 -0.138403 0.102723
0.197389 -0.138402 0.102723
0.197400 -0.138403 0.102725
0.197413 -0.138403 0.102725
0.197430 -0.138398 0.102729
0.197440 -0.138393 0.102734
0.197455 -0.138386 0.102739
0.197465 -0.138382 0.102745
0.197473 -0.138377 0.102753
0.197483 -0.138373 0.102761
0.197495 -0.138367 0.102772
0.197503 -0.138362 0.102780
0.197513 -0.138358 0.102786
0.197523 -0.138356 0.102796
0.197534 -0.138354 0.102805
0.197544 -0.138353 0.102811
0.197557 -0.138354 0.102819
0.197569 -0.138357 0.102828
0.197581 -0.138363 0.102835
0.197597 -0.138374 0.102847
0.197612 -0.138382 0.102854
0.197626 -0.138386 0.102867
0.197642 -0.138387 0.102872
0.197658 -0.138386 0.102882
0.197672 -0.138382 0.102888
0.197684 -0.138376 0.102897
0.197697 -0.138367 0.102906
0.197709 -0.138356 0.102916
0.197719 -0.138346 0.102923
0.197729 -0.138333 0.102933
0.197737 -0.138322 0.102941
0.197748 -0.138310 0.102951
0.197749 -0.138308 0.102954
0.197760 -0.138297 0.102963
0.197770 -0.138286 0.102972
0.197773 -0.138285 0.102972
0.197779 -0.138285 0.102977
0.197787 -0.138287 0.102980
0.197795 -0.138292 0.102983
0.197802 -0.138299 0.102977
0.197806 -0.138305 0.102973
0.197817 -0.138314 0.102962
0.197827 -0.138323 0.102950
0.197831 -0.138325 0.102939
0.197844 -0.138340 0.102921
0.197854 -0.138342 0.102903
0.197855 -0.138343 0.102891
0.197868 -0.138340 0.102870
0.197874 -0.138334 0.102861
0.197875 -0.138334 0.102835
0.197883 -0.138320 0.102828
0.197885 -0.138310 0.102821
0.197884 -0.138308 0.102805
0.197886 -0.138292 0.102806
0.197887 -0.138288 0.102801
0.197891 -0.138274 0.102798
0.197890 -0.138268 0.102799
0.197892 -0.138266 0.102791
0.197892 -0.138260 0.102797
0.197896 -0.138257 0.102784
0.197897 -0.138257 0.102787
0.197901 -0.138257 0.102782
0.197903 -0.138255 0.102773
0.197906 -0.138261 0.102769
0.197912 -0.138263 0.102760
0.197917 -0.138261 0.102753
0.197925 -0.138269 0.102744
0.197927 -0.138267 0.102737
0.197940 -0.138275 0.102728
0.197950 -0.138278 0.102724
0.197954 -0.138278 0.102720
0.197969 -0.138285 0.102718
0.197976 -0.138288 0.102714
0.197985 -0.138295 0.102711
0.198004 -0.138308 0.102706
0.198018 -0.138314 0.102700
0.198022 -0.138316 0.102698
0.198045 -0.138321 0.102688
0.198054 -0.138327 0.102683
0.198064 -0.138329 0.102677
0.198068 -0.138336 0.102677
0.198084 -0.138337 0.102671
0.198087 -0.138344 0.102673
0.198099 -0.138346 0.102672
0.198103 -0.138352 0.102673
0.198103 -0.138358 0.102675
0.198109 -0.138363 0.102676
0.198111 -0.138375 0.102677
0.198112 -0.138382 0.102678
0.198116 -0.138390 0.102673
0.198113 -0.138394 0.102663
0.198114 -0.138395 0.102663
0.198119 -0.138408 0.102652
0.198123 -0.138417 0.102642
0.198129 -0.138430 0.102633
0.198130 -0.138432 0.102629
0.198138 -0.138455 0.102610
0.198140 -0.138461 0.102606
0.198147 -0.138491 0.102584
0.198151 -0.138512 0.102566
0.198150 -0.138514 0.102561
0.198157 -0.138531 0.102543
0.198166 -0.138551 0.102517
0.198170 -0.138561 0.102499
0.198176 -0.138571 0.102477
0.198180 -0.138578 0.102462
0.198185 -0.138587 0.102445
0.198185 -0.138590 0.102439
0.198185 -0.138592 0.102435
0.198189 -0.138601 0.102422
0.198187 -0.138607 0.102414
0.198187 -0.138609 0.102410
0.198183 -0.138620 0.102399
0.198181 -0.138626 0.102390
0.198181 -0.138627 0.102391
0.198177 -0.138641 0.102377
0.198175 -0.138650 0.102370
0.198175 -0.138653 0.102369
0.198176 -0.138669 0.102353
0.198178 -0.138672 0.102354
0.198180 -0.138688 0.102339
0.198186 -0.138702 0.102328
0.198189 -0.138703 0.102327
0.198197 -0.138717 0.102314
0.198197 -0.138719 0.102314
0.198207 -0.138730 0.102303
0.198211 -0.138738 0.102298
0.198214 -0.138741 0.102296
0.198226 -0.138759 0.102292
0.198238 -0.138765 0.102287
0.198240 -0.138767 0.102287
0.198253 -0.138773 0.102276
0.198260 -0.138774 0.102271
0.198260 -0.138775 0.102270
0.198269 -0.138770 0.102261
0.198271 -0.138770 0.102259
0.198276 -0.138768 0.102255
0.198275 -0.138767 0.102255
0.198277 -0.138763 0.102255
0.198277 -0.138761 0.102259
0.198275 -0.138762 0.102259
0.198272 -0.138762 0.102265
0.198271 -0.138761 0.102268
0.198268 -0.138762 0.102275
0.198268 -0.138765 0.102281
0.198266 -0.138767 0.102282
0.198267 -0.138768 0.102286
0.198266 -0.138772 0.102287
0.198266 -0.138773 0.102288
0.198269 -0.138778 0.102290
0.198270 -0.138781 0.102290
0.198270 -0.138783 0.102292
0.198273 -0.138787 0.102291
0.198273 -0.138792 0.102292
0.198274 -0.138793 0.102294
0.198277 -0.138805 0.102297
0.198279 -0.138807 0.102299
0.198291 -0.138812 0.102297
0.198291 -0.138812 0.102299
0.198298 -0.138811 0.102294
0.198298 -0.138810 0.102293
0.198304 -0.138805 0.102287
0.198303 -0.138805 0.102288
0.198304 -0.138801 0.102285
0.198301 -0.138802 0.102285
0.198296 -0.138799 0.102285
0.198295 -0.138798 0.102285
0.198287 -0.138797 0.102291
0.198283 -0.138798 0.102294
0.198280 -0.138799 0.102295
0.198270 -0.138801 0.102299
0.198267 -0.138800 0.102301
0.198260 -0.138805 0.102302
0.198259 -0.138807 0.102301
0.198254 -0.138814 0.102300
0.198255 -0.138820 0.102299
0.198253 -0.138820 0.102300
0.198255 -0.138828 0.102294
0.198255 -0.138832 0.102292
0.198255 -0.138833 0.102291
0.198256 -0.138836 0.102288
0.198257 -0.138837 0.102285
0.198260 -0.138837 0.102280
0.198261 -0.138835 0.102276
0.198262 -0.138835 0.102274
0.198265 -0.138832 0.102267
0.198265 -0.138831 0.102266
0.198266 -0.138828 0.102258
0.198266 -0.138828 0.102251
0.198264 -0.138829 0.102246
0.198263 -0.138837 0.102239
0.198260 -0.138838 0.102233
0.198263 -0.138842 0.102222
0.198260 -0.138841 0.102215
0.198261 -0.138844 0.102204
0.198257 -0.138842 0.102191
0.198258 -0.138842 0.102188
0.198254 -0.138841 0.102177
0.198252 -0.138840 0.102169
0.198249 -0.138839 0.102161
0.198246 -0.138837 0.102155
0.198244 -0.138837 0.102152
0.198243 -0.138835 0.102145
0.198238 -0.138831 0.102140
0.198233 -0.138830 0.102138
0.198236 -0.138830 0.102133
0.198227 -0.138830 0.102134
0.198223 -0.138828 0.102122
0.198220 -0.138829 0.102117
0.198216 -0.138833 0.102112
0.198213 -0.138834 0.102105
0.198206 -0.138837 0.102102
0.198203 -0.138838 0.102098
0.198199 -0.138839 0.102094
0.198199 -0.138840 0.102091
0.198198 -0.138840 0.102092
0.198196 -0.138840 0.102090
0.198193 -0.138839 0.102089
0.198191 -0.138838 0.102089
0.198188 -0.138837 0.102085
0.198183 -0.138836 0.102082
0.198178 -0.138835 0.102079
0.198171 -0.138833 0.102076
0.198162 -0.138833 0.102074
0.198153 -0.138834 0.102070
0.198146 -0.138834 0.102070
0.198140 -0.138835 0.102071
0.198133 -0.138835 0.102069
0.198132 -0.138835 0.102070
0.198130 -0.138836 0.102069
0.198129 -0.138837 0.102068
0.198126 -0.138843 0.102069
0.198125 -0.138848 0.102069
0.198124 -0.138850 0.102069
0.198128 -0.138852 0.102067
0.198128 -0.138852 0.102064
0.198129 -0.138849 0.102057
0.198131 -0.138849 0.102053
0.198132 -0.138844 0.102052
0.198132 -0.138841 0.102051
0.198129 -0.138837 0.102053
0.198125 -0.138834 0.102056
0.198117 -0.138832 0.102060
0.198111 -0.138830 0.102061
0.198104 -0.138828 0.102064
0.198096 -0.138828 0.102064
0.198085 -0.138830 0.102064
0.198076 -0.138831 0.102064
0.198064 -0.138834 0.102062
0.198059 -0.138835 0.102059
0.198055 -0.138837 0.102058
0.198050 -0.138839 0.102055
0.198047 -0.138840 0.102050
0.198044 -0.138839 0.102045
0.198043 -0.138841 0.102041
0.198041 -0.138843 0.102034
0.198043 -0.138852 0.102028
0.198049 -0.138856 0.102023
0.198053 -0.138855 0.102018
0.198055 -0.138851 0.102013
0.198057 -0.138849 0.102011
0.198058 -0.138847 0.102012
0.198059 -0.138845 0.102015
0.198056 -0.138842 0.102016
0.198051 -0.138839 0.102017
0.198046 -0.138836 0.102020
0.198039 -0.138833 0.102020
0.198032 -0.138834 0.102021
0.198024 -0.138835 0.102022
0.198019 -0.138836 0.102022
0.198012 -0.138840 0.102021
0.198007 -0.138845 0.102021
0.198001 -0.138849 0.102019
0.197995 -0.138852 0.102017
0.197991 -0.138854 0.102014
0.197990 -0.138856 0.102010
0.197989 -0.138857 0.102007
0.197988 -0.138857 0.102006
0.197988 -0.138858 0.102003
0.197988 -0.138858 0.102002
0.197988 -0.138858 0.102001
0.197987 -0.138858 0.102002
0.197988 -0.138858 0.102003
0.197988 -0.138858 0.102002
0.197988 -0.138857 0.102002
0.197988 -0.138857 0.102004
0.197987 -0.138858 0.102001
0.197987 -0.138857 0.101999
0.197987 -0.138859 0.101995
0.197986 -0.138860 0.101992
0.197986 -0.138861 0.101989
0.197987 -0.138861 0.101986
0.197989 -0.138862 0.101983
0.197989 -0.138864 0.101981
0.197992 -0.138865 0.101977
0.197989 -0.138866 0.101974
0.197989 -0.138866 0.101971
0.197988 -0.138866 0.101968
0.197988 -0.138866 0.101967
0.197988 -0.138867 0.101962
0.197988 -0.138867 0.101956
0.197989 -0.138866 0.101948
0.197987 -0.138865 0.101943
0.197986 -0.138865 0.101939
0.197986 -0.138864 0.101933
0.197986 -0.138864 0.101930
0.197988 -0.138863 0.101926
0.197986 -0.138862 0.101921
0.197987 -0.138861 0.101912
0.197988 -0.138861 0.101907
0.197989 -0.138860 0.101900
0.197989 -0.138859 0.101896
0.197994 -0.138855 0.101885
0.197996 -0.138853 0.101877
0.197997 -0.138851 0.101868
0.198000 -0.138849 0.101863
0.198001 -0.138848 0.101857
0.198003 -0.138843 0.101841
0.198001 -0.138842 0.101834
0.198000 -0.138839 0.101822
0.197997 -0.138839 0.101817
0.197996 -0.138837 0.101812
0.198000 -0.138834 0.101800
0.198005 -0.138831 0.101788
0.198006 -0.138828 0.101781
0.198010 -0.138825 0.101774
0.198012 -0.138822 0.101767
0.198015 -0.138820 0.101759
0.198023 -0.138819 0.101753
0.198028 -0.138816 0.101746
0.198037 -0.138815 0.101737
0.198046 -0.138817 0.101728
0.198052 -0.138819 0.101723
0.198061 -0.138822 0.101717
0.198073 -0.138822 0.101706
0.198082 -0.138821 0.101693
0.198088 -0.138821 0.101685
0.198099 -0.138818 0.101673
0.198105 -0.138816 0.101662
0.198110 -0.138814 0.101656
0.198118 -0.138812 0.101644
0.198122 -0.138811 0.101638
0.198125 -0.138808 0.101633
0.198129 -0.138806 0.101626
0.198134 -0.138803 0.101619
0.198141 -0.138801 0.101611
0.198145 -0.138799 0.101607
0.198148 -0.138798 0.101601
0.198150 -0.138797 0.101594
0.198153 -0.138798 0.101588
0.198153 -0.138798 0.101576
0.198155 -0.138799 0.101559
0.198155 -0.138798 0.101545
0.198154 -0.138796 0.101529
0.198157 -0.138795 0.101510
0.198160 -0.138794 0.101493
0.198165 -0.138791 0.101477
0.198168 -0.138789 0.101461
0.198174 -0.138784 0.101443
0.198179 -0.138783 0.101425
0.198183 -0.138779 0.101409
0.198188 -0.138775 0.101392
0.198191 -0.138772 0.101376
0.198195 -0.138770 0.101360
0.198202 -0.138766 0.101338
0.198206 -0.138763 0.101314
0.198210 -0.138760 0.101296
0.198211 -0.138757 0.101272
0.198207 -0.138755 0.101251
0.198203 -0.138754 0.101235
0.198199 -0.138752 0.101212
0.198195 -0.138748 0.101192
0.198196 -0.138746 0.101177
0.198196 -0.138743 0.101161
0.198196 -0.138739 0.101144
0.198197 -0.138735 0.101126
0.198197 -0.138732 0.101110
0.198198 -0.138729 0.101091
0.198201 -0.138727 0.101070
0.198206 -0.138727 0.101052
0.198208 -0.138725 0.101035
0.198212 -0.138725 0.101020
0.198217 -0.138724 0.101005
0.198218 -0.138725 0.100992
0.198220 -0.138726 0.100979
0.198221 -0.138725 0.100966
0.198222 -0.138726 0.100949
0.198222 -0.138727 0.100934
0.198222 -0.138726 0.100925
0.198220 -0.138726 0.100914
0.198219 -0.138727 0.100910
0.198218 -0.138727 0.100903
0.198216 -0.138727 0.100897
0.198213 -0.138729 0.100889
0.198210 -0.138730 0.100883
0.198209 -0.138731 0.100879
0.198208 -0.138731 0.100875
0.198208 -0.138732 0.100871
0.198208 -0.138731 0.100867
0.198209 -0.138731 0.100864
0.198210 -0.138731 0.100861
0.198212 -0.138731 0.100857
0.198216 -0.138730 0.100850
0.198217 -0.138730 0.100845
0.198219 -0.138729 0.100836
0.198222 -0.138728 0.100829
0.198223 -0.138729 0.100822
0.198224 -0.138730 0.100816
0.198227 -0.138727 0.100806
0.198224 -0.138728 0.100800
0.198226 -0.138726 0.100787
0.198223 -0.138725 0.100781
0.198221 -0.138726 0.100769
0.198216 -0.138725 0.100759
0.198213 -0.138724 0.100749
0.198212 -0.138721 0.100735
0.198212 -0.138720 0.100729
0.198209 -0.138719 0.100713
0.198205 -0.138719 0.100702
0.198203 -0.138719 0.100693
0.198203 -0.138719 0.100684
0.198206 -0.138719 0.100678
0.198196 -0.138720 0.100668
0.198193 -0.138720 0.100661
0.198196 -0.138718 0.100655
0.198199 -0.138718 0.100649
0.198195 -0.138718 0.100643
0.198199 -0.138718 0.100637
0.198198 -0.138717 0.100624
0.198200 -0.138716 0.100618
0.198198 -0.138717 0.100607
0.198199 -0.138715 0.100599
0.198192 -0.138713 0.100585
0.198191 -0.138712 0.100578
0.198179 -0.138711 0.100568
0.198178 -0.138709 0.100554
0.198169 -0.138710 0.100549
0.198167 -0.138709 0.100541
0.198159 -0.138708 0.100539
0.198157 -0.138704 0.100534
0.198150 -0.138699 0.100529
0.198148 -0.138693 0.100524
0.198144 -0.138678 0.100517
0.198135 -0.138666 0.100516
0.198134 -0.138653 0.100509
0.198133 -0.138645 0.100508
0.198132 -0.138625 0.100498
0.198132 -0.138611 0.100492
0.198132 -0.138591 0.100481
0.198134 -0.138578 0.100474
0.198135 -0.138563 0.100466
0.198134 -0.138556 0.100461
0.198132 -0.138542 0.100450
0.198127 -0.138530 0.100440
0.198123 -0.138521 0.100429
0.198115 -0.138514 0.100420
0.198109 -0.138506 0.100411
0.198093 -0.138493 0.100396
0.198087 -0.138484 0.100384
0.198080 -0.138476 0.100375
0.198063 -0.138462 0.100354
0.198058 -0.138453 0.100343
0.198043 -0.138439 0.100322
0.198028 -0.138425 0.100310
0.198010 -0.138411 0.100295
0.198000 -0.138400 0.100287
0.197977 -0.138377 0.100269
0.197965 -0.138361 0.100260
0.197945 -0.138338 0.100244
0.197934 -0.138321 0.100234
0.197920 -0.138304 0.100223
0.197904 -0.138279 0.100210
0.197886 -0.138257 0.100196
0.197871 -0.138233 0.100184
0.197852 -0.138211 0.100168
0.197835 -0.138185 0.100153
0.197814 -0.138158 0.100135
0.197797 -0.138129 0.100118
0.197782 -0.138106 0.100106
0.197762 -0.138082 0.100092
0.197740 -0.138041 0.100072
0.197727 -0.138016 0.100062
0.197700 -0.137978 0.100044
0.197682 -0.137941 0.100030
0.197652 -0.137897 0.100012
0.197633 -0.137855 0.100001
0.197612 -0.137820 0.099988
0.197576 -0.137764 0.099969
0.197563 -0.137739 0.099961
0.197540 -0.137698 0.099947
0.197515 -0.137649 0.099931
0.197487 -0.137597 0.099913
0.197460 -0.137555 0.099898
0.197437 -0.137521 0.099886
0.197407 -0.137481 0.099871
0.197374 -0.137446 0.099855
0.197342 -0.137403 0.099837
0.197327 -0.137387 0.099830
0.197286 -0.137343 0.099809
0.197260 -0.137318 0.099796
0.197221 -0.137275 0.099778
0.197193 -0.137250 0.099764
0.197149 -0.137198 0.099744
0.197107 -0.137157 0.099725
0.197075 -0.137128 0.099711
0.197031 -0.137073 0.099692
0.197000 -0.137037 0.099681
0.196961 -0.136977 0.099664
0.196933 -0.136939 0.099653
0.196889 -0.136869 0.099638
0.196866 -0.136834 0.099629
0.196824 -0.136759 0.099619
0.196799 -0.136717 0.099611
0.196768 -0.136652 0.099605
0.196740 -0.136601 0.099603
0.196713 -0.136553 0.099597
0.196686 -0.136505 0.099596
0.196651 -0.136449 0.099593
0.196631 -0.136417 0.099590
0.196600 -0.136370 0.099588
0.196571 -0.136335 0.099585
0.196543 -0.136302 0.099581
0.196514 -0.136271 0.099579
0.196489 -0.136245 0.099576
0.196460 -0.136220 0.099575
0.196434 -0.136197 0.099576
0.196409 -0.136182 0.099575
0.196380 -0.136155 0.099578
0.196350 -0.136134 0.099578
0.196336 -0.136125 0.099578
0.196307 -0.136088 0.099573
0.196286 -0.136063 0.099569
0.196270 -0.136050 0.099565
0.196244 -0.136007 0.099551
0.196231 -0.135994 0.099548
0.196212 -0.135949 0.099535
0.196203 -0.135938 0.099535
0.196188 -0.135891 0.099523
0.196184 -0.135882 0.099523
0.196179 -0.135836 0.099513
0.196178 -0.135804 0.099508
0.196178 -0.135794 0.099511
0.196175 -0.135748 0.099505
0.196176 -0.135740 0.099508
0.196177 -0.135694 0.099506
0.196177 -0.135666 0.099506
0.196181 -0.135661 0.099511
0.196190 -0.135613 0.099511
0.196196 -0.135585 0.099511
0.196202 -0.135580 0.099517
0.196208 -0.135535 0.099511
0.196221 -0.135503 0.099514
0.196227 -0.135502 0.099517
0.196235 -0.135450 0.099514
0.196241 -0.135449 0.099518
0.196244 -0.135396 0.099517
0.196247 -0.135371 0.099520
0.196248 -0.135367 0.099525
0.196251 -0.135330 0.099532
0.196253 -0.135323 0.099536
0.196257 -0.135289 0.099546
0.196258 -0.135269 0.099555
0.196258 -0.135266 0.099562
0.196259 -0.135266 0.099571
0.196257 -0.135250 0.099582
0.196255 -0.135206 0.099597
0.196255 -0.135194 0.099602
0.196246 -0.135174 0.099615
0.196237 -0.135148 0.099626
0.196231 -0.135130 0.099632
0.196221 -0.135109 0.099640
0.196208 -0.135088 0.099647
0.196200 -0.135074 0.099652
0.196192 -0.135058 0.099657
0.196178 -0.135042 0.099662
0.196160 -0.135024 0.099666
0.196142 -0.135006 0.099668
0.196131 -0.134997 0.099668
0.196111 -0.134979 0.099671
0.196093 -0.134964 0.099673
0.196071 -0.134945 0.099674
0.196028 -0.134912 0.099677
0.196002 -0.134894 0.099680
0.195987 -0.134880 0.099683
0.195945 -0.134857 0.099686
0.195913 -0.134835 0.099690
0.195871 -0.134805 0.099692
0.195815 -0.134757 0.099696
0.195775 -0.134710 0.099703
0.195734 -0.134659 0.099708
0.195680 -0.134589 0.099720
0.195659 -0.134559 0.099725
0.195624 -0.134514 0.099733
0.195588 -0.134471 0.099740
0.195546 -0.134431 0.099746
0.195510 -0.134390 0.099754
0.195472 -0.134352 0.099764
0.195446 -0.134323 0.099773
0.195417 -0.134298 0.099784
0.195391 -0.134274 0.099796
0.195367 -0.134247 0.099809
0.195337 -0.134222 0.099824
0.195304 -0.134190 0.099839
0.195270 -0.134159 0.099857
0.195234 -0.134128 0.099875
0.195205 -0.134095 0.099897
0.195181 -0.134069 0.099914
0.195158 -0.134042 0.099935
0.195134 -0.134010 0.099955
0.195114 -0.133980 0.099977
0.195090 -0.133949 0.099996
0.195055 -0.133911 0.100020
0.195014 -0.133875 0.100044
0.194977 -0.133840 0.100066
0.194946 -0.133810 0.100087
0.194910 -0.133775 0.100112
0.194866 -0.133739 0.100139
0.194832 -0.133705 0.100162
0.194796 -0.133672 0.100182
0.194750 -0.133633 0.100208
0.194699 -0.133599 0.100233
0.194657 -0.133575 0.100253
0.194627 -0.133558 0.100268
0.194585 -0.133533 0.100291
0.194535 -0.133504 0.100318
0.194495 -0.133487 0.100338
0.194458 -0.133468 0.100358
0.194419 -0.133449 0.100377
0.194363 -0.133424 0.100401
0.194293 -0.133395 0.100429
0.194237 -0.133374 0.100451
0.194182 -0.133350 0.100478
0.194135 -0.133328 0.100503
0.194080 -0.133303 0.100531
0.194030 -0.133283 0.100558
0.193976 -0.133256 0.100583
0.193903 -0.133224 0.100614
0.193811 -0.133183 0.100647
0.193740 -0.133149 0.100671
0.193701 -0.133122 0.100690
0.193607 -0.133089 0.100725
0.193541 -0.133052 0.100756
0.193492 -0.133038 0.100775
0.193430 -0.133009 0.100804
0.193355 -0.132974 0.100840
0.193284 -0.132942 0.100870
0.193237 -0.132917 0.100892
0.193174 -0.132890 0.100917
0.193116 -0.132858 0.100943
0.193047 -0.132822 0.100969
0.192983 -0.132789 0.100992
0.192951 -0.132776 0.100997
0.192875 -0.132732 0.101031
0.192801 -0.132693 0.101050
0.192723 -0.132651 0.101069
0.192649 -0.132609 0.101093
0.192580 -0.132574 0.101104
0.192511 -0.132540 0.101125
0.192456 -0.132517 0.101140
0.192373 -0.132481 0.101159
0.192340 -0.132470 0.101157
0.192234 -0.132412 0.101197
0.192155 -0.132372 0.101210
0.192098 -0.132337 0.101226
0.192023 -0.132294 0.101239
0.191950 -0.132249 0.101258
0.191878 -0.132204 0.101275
0.191804 -0.132160 0.101298
0.191726 -0.132115 0.101310
0.191647 -0.132067 0.101326
0.191564 -0.132011 0.101353
0.191482 -0.131952 0.101356
0.191417 -0.131901 0.101361
0.191366 -0.131862 0.101360
0.191314 -0.131826 0.101372
0.191238 -0.131764 0.101381
0.191161 -0.131701 0.101384
0.191088 -0.131632 0.101391
0.191032 -0.131574 0.101401
0.190967 -0.131492 0.101406
0.190899 -0.131397 0.101415
0.190845 -0.131311 0.101421
0.190792 -0.131210 0.101431
0.190759 -0.131142 0.101435
0.190715 -0.131045 0.101440
0.190671 -0.130959 0.101447
0.190662 -0.130923 0.101445
0.190614 -0.130835 0.101461
0.190602 -0.130792 0.101458
0.190552 -0.130673 0.101474
0.190527 -0.130612 0.101483
0.190497 -0.130541 0.101496
0.190467 -0.130463 0.101506
0.190437 -0.130392 0.101517
0.190398 -0.130315 0.101526
0.190358 -0.130238 0.101537
0.190312 -0.130147 0.101548
0.190278 -0.130074 0.101558
0.190241 -0.129993 0.101572
0.190210 -0.129913 0.101584
0.190185 -0.129835 0.101602
0.190162 -0.129763 0.101616
0.190141 -0.129686 0.101640
0.190121 -0.129598 0.101671
0.190103 -0.129527 0.101695
0.190089 -0.129462 0.101715
0.190071 -0.129383 0.101749
0.190056 -0.129324 0.101771
0.190034 -0.129250 0.101802
0.190017 -0.129198 0.101824
0.189988 -0.129127 0.101856
0.189983 -0.129117 0.101866
0.189964 -0.129074 0.101881
0.189954 -0.129058 0.101896
0.189931 -0.129017 0.101915
0.189896 -0.128955 0.101939
0.189869 -0.128913 0.101963
0.189832 -0.128853 0.101994
0.189803 -0.128814 0.102021
0.189774 -0.128778 0.102050
0.189743 -0.128739 0.102076
0.189697 -0.128691 0.102115
0.189634 -0.128617 0.102153
0.189577 -0.128541 0.102195
0.189522 -0.128456 0.102242
0.189479 -0.128384 0.102289
0.189439 -0.128310 0.102342
0.189393 -0.128237 0.102397
0.189349 -0.128161 0.102459
0.189296 -0.128082 0.102524
0.189251 -0.128014 0.102582
0.189213 -0.127950 0.102636
0.189171 -0.127885 0.102693
0.189142 -0.127833 0.102736
0.189104 -0.127772 0.102784
0.189074 -0.127725 0.102823
0.189033 -0.127666 0.102862
0.188992 -0.127609 0.102895
0.188939 -0.127546 0.102931
0.188889 -0.127487 0.102960
0.188831 -0.127420 0.102994
0.188773 -0.127354 0.103030
0.188716 -0.127284 0.103067
0.188657 -0.127215 0.103103
0.188594 -0.127146 0.103136
0.188522 -0.127063 0.103171
0.188453 -0.126985 0.103202
0.188378 -0.126890 0.103233
0.188308 -0.126796 0.103265
0.188243 -0.126702 0.103293
0.188180 -0.126606 0.103324
0.188120 -0.126497 0.103362
0.188076 -0.126400 0.103395
0.188026 -0.126304 0.103431
0.187976 -0.126200 0.103470
0.187925 -0.126091 0.103515
0.187879 -0.125994 0.103556
0.187829 -0.125884 0.103602
0.187784 -0.125782 0.103643
0.187735 -0.125678 0.103686
0.187675 -0.125579 0.103730
0.187646 -0.125513 0.103755
0.187573 -0.125416 0.103797
0.187478 -0.125313 0.103844
0.187412 -0.125235 0.103875
0.187295 -0.125121 0.103926
0.187205 -0.125024 0.103964
0.187111 -0.124931 0.104003
0.187028 -0.124840 0.104035
0.186965 -0.124763 0.104061
0.186889 -0.124671 0.104092
0.186825 -0.124587 0.104116
0.186740 -0.124476 0.104148
0.186648 -0.124353 0.104181
0.186580 -0.124250 0.104208
0.186507 -0.124127 0.104245
0.186460 -0.124048 0.104271
0.186395 -0.123944 0.104297
0.186332 -0.123841 0.104325
0.186253 -0.123714 0.104358
0.186187 -0.123611 0.104385
0.186126 -0.123517 0.104408
0.186073 -0.123443 0.104427
0.185999 -0.123341 0.104452
0.185932 -0.123248 0.104476
0.185873 -0.123167 0.104500
0.185816 -0.123091 0.104523
0.185761 -0.123021 0.104544
0.185683 -0.122934 0.104572
0.185625 -0.122871 0.104590
0.185545 -0.122783 0.104616
0.185479 -0.122717 0.104642
0.185425 -0.122664 0.104664
0.185390 -0.122625 0.104674
0.185299 -0.122549 0.104717
0.185262 -0.122509 0.104732
0.185162 -0.122434 0.104791
0.185068 -0.122347 0.104842
0.185009 -0.122292 0.104881
0.184933 -0.122215 0.104941
0.184872 -0.122152 0.104994
0.184841 -0.122124 0.105019
0.184787 -0.122066 0.105072
0.184720 -0.121995 0.105143
0.184686 -0.121954 0.105187
0.184631 -0.121893 0.105249
0.184582 -0.121835 0.105316
0.184531 -0.121781 0.105372
0.184479 -0.121730 0.105430
0.184429 -0.121678 0.105492
0.184369 -0.121625 0.105558
0.184312 -0.121578 0.105613
0.184234 -0.121521 0.105691
0.184184 -0.121485 0.105740
0.184115 -0.121439 0.105808
0.184058 -0.121403 0.105866
0.183976 -0.121349 0.105932
0.183925 -0.121315 0.105983
0.183858 -0.121267 0.106040
0.183801 -0.121223 0.106092
0.183737 -0.121173 0.106143
0.183661 -0.121109 0.106202
0.183608 -0.121061 0.106250
0.183551 -0.121006 0.106303
0.183479 -0.120937 0.106354
0.183427 -0.120884 0.106401
0.183350 -0.120813 0.106451
0.183295 -0.120758 0.106493
0.183227 -0.120697 0.106535
0.183172 -0.120642 0.106573
0.183091 -0.120565 0.106621
0.183033 -0.120508 0.106656
0.182964 -0.120440 0.106699
0.182897 -0.120377 0.106743
0.182827 -0.120313 0.106785
0.182759 -0.120256 0.106831
0.182691 -0.120203 0.106876
0.182620 -0.120148 0.106923
0.182552 -0.120099 0.106967
0.182467 -0.120042 0.107020
0.182399 -0.119998 0.107063
0.182307 -0.119942 0.107121
0.182233 -0.119894 0.107169
0.182164 -0.119847 0.107211
0.182089 -0.119796 0.107270
0.182026 -0.119750 0.107318
0.181954 -0.119700 0.107384
0.181885 -0.119649 0.107449
0.181824 -0.119602 0.107509
0.181750 -0.119548 0.107581
0.181685 -0.119503 0.107648
0.181610 -0.119452 0.107721
0.181536 -0.119407 0.107794
0.181466 -0.119366 0.107859
0.181396 -0.119326 0.107922
0.181326 -0.119291 0.107983
0.181254 -0.119258 0.108043
0.181162 -0.119215 0.108107
0.181088 -0.119185 0.108158
0.181014 -0.119156 0.108204
0.180923 -0.119120 0.108255
0.180845 -0.119086 0.108296
0.180745 -0.119044 0.108341
0.180652 -0.119000 0.108378
0.180538 -0.118950 0.108416
0.180403 -0.118889 0.108458
0.180282 -0.118848 0.108489
0.180125 -0.118760 0.108529
0.180007 -0.118695 0.108559
0.179898 -0.118636 0.108589
0.179770 -0.118559 0.108631
0.179671 -0.118500 0.108665
0.179553 -0.118435 0.108712
0.179417 -0.118368 0.108768
0.179304 -0.118325 0.108824
0.179206 -0.118292 0.108875
0.179056 -0.118255 0.108962
0.178909 -0.118207 0.109054
0.178799 -0.118179 0.109121
0.178693 -0.118153 0.109189
0.178597 -0.118132 0.109248
0.178467 -0.118101 0.109331
0.178363 -0.118077 0.109395
0.178249 -0.118047 0.109457
0.178150 -0.118021 0.109505
0.178035 -0.117987 0.109561
0.177920 -0.117953 0.109613
0.177811 -0.117918 0.109656
0.177745 -0.117897 0.109684
0.177571 -0.117847 0.109738
0.177474 -0.117821 0.109766
0.177320 -0.117776 0.109807
0.177251 -0.117755 0.109823
0.177126 -0.117715 0.109856
0.177024 -0.117683 0.109884
0.176936 -0.117658 0.109912
0.176832 -0.117624 0.109944
0.176732 -0.117599 0.109982
0.176625 -0.117570 0.110024
0.176539 -0.117540 0.110055
0.176456 -0.117505 0.110087
0.176346 -0.117453 0.110125
0.176254 -0.117413 0.110155
0.176164 -0.117364 0.110183
0.176060 -0.117305 0.110215
0.175944 -0.117242 0.110254
0.175848 -0.117193 0.110283
0.175750 -0.117145 0.110316
0.175667 -0.117114 0.110344
0.175547 -0.117068 0.110385
0.175413 -0.117020 0.110433
0.175304 -0.116992 0.110478
0.175195 -0.116967 0.110522
0.175064 -0.116937 0.110579
0.174963 -0.116917 0.110626
0.174848 -0.116892 0.110679
0.174758 -0.116867 0.110722
0.174657 -0.116843 0.110775
0.174561 -0.116824 0.110832
0.174469 -0.116810 0.110895
0.174390 -0.116788 0.110959
0.174319 -0.116772 0.111019
0.174226 -0.116753 0.111094
0.174161 -0.116731 0.111157
0.174114 -0.116700 0.111208
0.174046 -0.116658 0.111270
0.173983 -0.116624 0.111322
0.173897 -0.116563 0.111402
0.173832 -0.116512 0.111465
0.173769 -0.116463 0.111529
0.173725 -0.116428 0.111587
0.173655 -0.116375 0.111645
0.173586 -0.116314 0.111699
0.173520 -0.116251 0.111746
0.173458 -0.116190 0.111786
0.173390 -0.116121 0.111825
0.173325 -0.116049 0.111859
0.173282 -0.115998 0.111885
0.173215 -0.115924 0.111912
0.173188 -0.115881 0.111945
0.173175 -0.115854 0.111973
0.173151 -0.115816 0.112016
0.173032 -0.115677 0.112079
0.172980 -0.115608 0.112130
0.172936 -0.115536 0.112189
0.172898 -0.115467 0.112248
0.172869 -0.115410 0.112296
0.172829 -0.115333 0.112362
0.172799 -0.115273 0.112418
0.172777 -0.115225 0.112464
0.172754 -0.115173 0.112511
0.172718 -0.115122 0.112584
0.172687 -0.115071 0.112657
0.172659 -0.115030 0.112715
0.172632 -0.114993 0.112774
0.172611 -0.114953 0.112813
0.172581 -0.114919 0.112895
0.172553 -0.114874 0.112957
0.172529 -0.114831 0.113022
0.172507 -0.114789 0.113077
0.172491 -0.114738 0.113142
0.172484 -0.114695 0.113206
0.172482 -0.114654 0.113272
0.172485 -0.114608 0.113348
0.172488 -0.114569 0.113387
0.172509 -0.114528 0.113479
0.172527 -0.114483 0.113550
0.172543 -0.114446 0.113599
0.172568 -0.114406 0.113657
0.172599 -0.114365 0.113709
0.172635 -0.114331 0.113755
0.172666 -0.114292 0.113797
0.172711 -0.114252 0.113838
0.172750 -0.114216 0.113872
0.172807 -0.114156 0.113914
0.172871 -0.114077 0.113962
0.172903 -0.114029 0.113993
0.172935 -0.113972 0.114028
0.172968 -0.113914 0.114062
0.173003 -0.113848 0.114104
0.173029 -0.113789 0.114145
0.173062 -0.113723 0.114182
0.173089 -0.113662 0.114212
0.173121 -0.113600 0.114243
0.173160 -0.113534 0.114273
0.173197 -0.113494 0.114300
0.173250 -0.113442 0.114332
0.173298 -0.113413 0.114365
0.173353 -0.113385 0.114399
0.173404 -0.113369 0.114436
0.173443 -0.113366 0.114460
0.173517 -0.113345 0.114518
0.173557 -0.113335 0.114553
0.173595 -0.113331 0.114586
0.173649 -0.113331 0.114634
0.173709 -0.113333 0.114697
0.173755 -0.113338 0.114751
0.173807 -0.113347 0.114816
0.173848 -0.113358 0.114866
0.173899 -0.113372 0.114929
0.173941 -0.113385 0.114981
0.173976 -0.113401 0.115003
0.174031 -0.113412 0.115065
0.174080 -0.113421 0.115109
0.174103 -0.113423 0.115132
0.174158 -0.113440 0.115161
0.174183 -0.113439 0.115182
0.174246 -0.113456 0.115207
0.174292 -0.113463 0.115228
0.174335 -0.113475 0.115240
0.174386 -0.113479 0.115261
0.174441 -0.113486 0.115282
0.174507 -0.113490 0.115306
0.174543 -0.113499 0.115312
0.174619 -0.113498 0.115348
0.174678 -0.113498 0.115373
0.174723 -0.113507 0.115383
0.174805 -0.113497 0.115414
0.174876 -0.113493 0.115433
0.174956 -0.113493 0.115453
0.175065 -0.113481 0.115479
0.175149 -0.113478 0.115495
0.175220 -0.113481 0.115505
0.175293 -0.113477 0.115520
0.175364 -0.113475 0.115532
0.175435 -0.113469 0.115551
0.175502 -0.113462 0.115571
0.175574 -0.113460 0.115594
0.175628 -0.113456 0.115617
0.175707 -0.113456 0.115649
0.175779 -0.113461 0.115679
0.175834 -0.113473 0.115692
0.175910 -0.113471 0.115742
0.175978 -0.113481 0.115777
0.176030 -0.113489 0.115803
0.176094 -0.113500 0.115833
0.176154 -0.113509 0.115867
0.176175 -0.113510 0.115888
0.176194 -0.113507 0.115911
0.176310 -0.113544 0.115934
0.176363 -0.113555 0.115951
0.176417 -0.113579 0.115949
0.176444 -0.113575 0.115963
0.176531 -0.113615 0.115960
0.176585 -0.113642 0.115960
0.176630 -0.113666 0.115962
0.176668 -0.113688 0.115960
0.176709 -0.113719 0.115948
0.176772 -0.113747 0.115948
0.176820 -0.113768 0.115945
0.176875 -0.113798 0.115940
0.176920 -0.113813 0.115936
0.176964 -0.113831 0.115929
0.177018 -0.113842 0.115929
0.177057 -0.113861 0.115922
0.177118 -0.113884 0.115917
0.177177 -0.113911 0.115916
0.177226 -0.113937 0.115914
0.177289 -0.113973 0.115916
0.177343 -0.114010 0.115920
0.177394 -0.114050 0.115922
0.177450 -0.114087 0.115929
0.177507 -0.114133 0.115935
0.177556 -0.114165 0.115945
0.177621 -0.114213 0.115956
0.177676 -0.114253 0.115966
0.177733 -0.114290 0.115979
0.177812 -0.114359 0.115998
0.177868 -0.114398 0.116011
0.177935 -0.114448 0.116031
0.178011 -0.114505 0.116051
0.178069 -0.114550 0.116066
0.178133 -0.114596 0.116083
0.178206 -0.114646 0.116101
0.178260 -0.114683 0.116112
0.178321 -0.114720 0.116127
0.178397 -0.114762 0.116140
0.178464 -0.114797 0.116148
0.178541 -0.114832 0.116156
0.178627 -0.114867 0.116157
0.178693 -0.114891 0.116154
0.178773 -0.114919 0.116147
0.178855 -0.114947 0.116139
0.178942 -0.114974 0.116124
0.179038 -0.115002 0.116109
0.179108 -0.115023 0.116095
0.179201 -0.115050 0.116077
0.179309 -0.115079 0.116057
0.179399 -0.115098 0.116040
0.179508 -0.115119 0.116019
0.179601 -0.115129 0.115999
0.179688 -0.115137 0.115982
0.179794 -0.115145 0.115959
0.179896 -0.115156 0.115942
0.180000 -0.115165 0.115925
0.180090 -0.115173 0.115910
0.180190 -0.115184 0.115897
0.180313 -0.115205 0.115888
0.180405 -0.115217 0.115880
0.180535 -0.115242 0.115881
0.180637 -0.115255 0.115875
0.180756 -0.115263 0.115862
0.180879 -0.115274 0.115852
0.180956 -0.115283 0.115849
0.181144 -0.115309 0.115844
0.181235 -0.115324 0.115843
0.181288 -0.115332 0.115842
0.181408 -0.115348 0.115835
0.181448 -0.115354 0.115832
0.181601 -0.115376 0.115818
0.181692 -0.115389 0.115808
0.181794 -0.115405 0.115792
0.181927 -0.115433 0.115775
0.182038 -0.115454 0.115754
0.182134 -0.115475 0.115739
0.182236 -0.115501 0.115722
0.182361 -0.115535 0.115707
0.182477 -0.115567 0.115693
0.182599 -0.115601 0.115676
0.182729 -0.115635 0.115656
0.182851 -0.115665 0.115635
0.182995 -0.115698 0.115612
0.183102 -0.115722 0.115590
0.183220 -0.115746 0.115564
0.183306 -0.115763 0.115547
0.183445 -0.115795 0.115514
0.183532 -0.115816 0.115497
0.183679 -0.115847 0.115469
0.183776 -0.115869 0.115452
0.183895 -0.115898 0.115437
0.184019 -0.115933 0.115422
0.184140 -0.115966 0.115408
0.184223 -0.115989 0.115400
0.184346 -0.116021 0.115384
0.184456 -0.116048 0.115369
0.184559 -0.116073 0.115356
0.184621 -0.116089 0.115349
0.184741 -0.116117 0.115337
0.184838 -0.116137 0.115329
0.184927 -0.116151 0.115321
0.185012 -0.116169 0.115317
0.185124 -0.116197 0.115320
0.185278 -0.116247 0.115335
0.185358 -0.116273 0.115342
0.185466 -0.116305 0.115347
0.185582 -0.116345 0.115356
0.185649 -0.116369 0.115361
0.185728 -0.116399 0.115370
0.185798 -0.116431 0.115382
0.185895 -0.116478 0.115405
0.185989 -0.116533 0.115438
0.186069 -0.116586 0.115470
0.186136 -0.116630 0.115498
0.186201 -0.116674 0.115524
0.186251 -0.116709 0.115543
0.186302 -0.116745 0.115556
0.186357 -0.116778 0.115563
0.186412 -0.116811 0.115565
0.186472 -0.116851 0.115566
0.186516 -0.116877 0.115565
0.186538 -0.116901 0.115569
0.186574 -0.116943 0.115580
0.186611 -0.116977 0.115589
0.186619 -0.117000 0.115596
0.186623 -0.117017 0.115601
0.186684 -0.117091 0.115626
0.186707 -0.117123 0.115638
0.186727 -0.117156 0.115651
0.186766 -0.117213 0.115675
0.186789 -0.117244 0.115687
0.186817 -0.117292 0.115707
0.186844 -0.117328 0.115720
0.186860 -0.117366 0.115736
0.186868 -0.117383 0.115743
0.186894 -0.117410 0.115748
0.186906 -0.117468 0.115773
0.186923 -0.117493 0.115779
0.186935 -0.117516 0.115788
0.186942 -0.117559 0.115807
0.186954 -0.117587 0.115820
0.186948 -0.117614 0.115837
0.186946 -0.117630 0.115847
0.186963 -0.117677 0.115871
0.186977 -0.117698 0.115883
0.186978 -0.117724 0.115900
0.186976 -0.117746 0.115917
0.186970 -0.117758 0.115927
0.186963 -0.117771 0.115939
0.186964 -0.117800 0.115961
0.186960 -0.117810 0.115969
0.186982 -0.117860 0.115996
0.187004 -0.117911 0.116015
0.187003 -0.117918 0.116019
0.187005 -0.117947 0.116031
0.187008 -0.117967 0.116038
0.187015 -0.117986 0.116038
0.187012 -0.118001 0.116045
0.187013 -0.118021 0.116049
0.187023 -0.118036 0.116048
0.187030 -0.118041 0.116046
0.187033 -0.118059 0.116050
0.187055 -0.118068 0.116049
0.187059 -0.118068 0.116048
0.187087 -0.118070 0.116043
0.187101 -0.118089 0.116046
0.187141 -0.118095 0.116044
0.187152 -0.118100 0.116044
0.187197 -0.118112 0.116043
0.187208 -0.118117 0.116044
0.187247 -0.118133 0.116043
0.187281 -0.118152 0.116042
0.187298 -0.118164 0.116043
0.187321 -0.118183 0.116042
0.187351 -0.118210 0.116041
0.187379 -0.118235 0.116042
0.187398 -0.118253 0.116043
0.187426 -0.118284 0.116045
0.187451 -0.118313 0.116047
0.187470 -0.118329 0.116050
0.187504 -0.118377 0.116056
0.187514 -0.118393 0.116058
0.187558 -0.118445 0.116068
0.187563 -0.118456 0.116071
0.187627 -0.118517 0.116084
0.187660 -0.118550 0.116093
0.187699 -0.118585 0.116102
0.187751 -0.118629 0.116113
0.187821 -0.118676 0.116121
0.187884 -0.118718 0.116128
0.187913 -0.118737 0.116132
0.188001 -0.118784 0.116131
0.188074 -0.118820 0.116130
0.188131 -0.118848 0.116129
0.188201 -0.118874 0.116123
0.188287 -0.118909 0.116122
0.188344 -0.118934 0.116123
0.188395 -0.118947 0.116120
0.188500 -0.118989 0.116120
0.188558 -0.119005 0.116119
0.188650 -0.119031 0.116115
0.188700 -0.119045 0.116108
0.188770 -0.119057 0.116100
0.188866 -0.119079 0.116087
0.188936 -0.119089 0.116081
0.188995 -0.119105 0.116072
0.189083 -0.119122 0.116064
0.189129 -0.119134 0.116057
0.189185 -0.119147 0.116053
0.189278 -0.119157 0.116046
0.189346 -0.119166 0.116041
0.189392 -0.119170 0.116040
0.189448 -0.119174 0.116040
0.189528 -0.119174 0.116040
0.189578 -0.119169 0.116039
0.189637 -0.119161 0.116039
0.189711 -0.119153 0.116041
0.189781 -0.119147 0.116044
0.189839 -0.119138 0.116047
0.189907 -0.119133 0.116051
0.189985 -0.119132 0.116060
0.190072 -0.119135 0.116071
0.190152 -0.119144 0.116085
0.190223 -0.119155 0.116101
0.190294 -0.119171 0.116118
0.190365 -0.119189 0.116133
0.190428 -0.119205 0.116146
0.190510 -0.119229 0.116165
0.190585 -0.119266 0.116183
0.190647 -0.119283 0.116199
0.190707 -0.119304 0.116214
0.190780 -0.119363 0.116230
0.190848 -0.119391 0.116247
0.190894 -0.119414 0.116257
0.190950 -0.119430 0.116268
0.191011 -0.119467 0.116277
0.191036 -0.119476 0.116282
0.191070 -0.119487 0.116288
0.191125 -0.119497 0.116292
0.191162 -0.119503 0.116295
0.191215 -0.119503 0.116296
0.191254 -0.119502 0.116294
0.191301 -0.119496 0.116289
0.191332 -0.119490 0.116287
0.191385 -0.119476 0.116279
0.191407 -0.119471 0.116277
0.191439 -0.119461 0.116275
0.191485 -0.119451 0.116274
0.191537 -0.119438 0.116272
0.191561 -0.119432 0.116272
0.191608 -0.119418 0.116269
0.191622 -0.119413 0.116269
0.191614 -0.119404 0.116270
0.191635 -0.119387 0.116267
0.191689 -0.119357 0.116261
0.191679 -0.119348 0.116260
0.191697 -0.119323 0.116258
0.191737 -0.119277 0.116256
0.191731 -0.119252 0.116258
0.191753 -0.119230 0.116257
0.191777 -0.119195 0.116261
0.191796 -0.119153 0.116272
0.191849 -0.119112 0.116280
0.191853 -0.119094 0.116287
0.191879 -0.119057 0.116300
0.191904 -0.119034 0.116307
0.191958 -0.118993 0.116322
0.191987 -0.118965 0.116337
0.192017 -0.118941 0.116355
0.192037 -0.118922 0.116375
0.192050 -0.118911 0.116386
0.192074 -0.118898 0.116405
0.192092 -0.118888 0.116423
0.192111 -0.118877 0.116441
0.192133 -0.118866 0.116461
0.192160 -0.118855 0.116486
0.192182 -0.118849 0.116509
0.192189 -0.118848 0.116517
0.192210 -0.118844 0.116547
0.192220 -0.118842 0.116563
0.192230 -0.118841 0.116579
0.192237 -0.118842 0.116597
0.192243 -0.118849 0.116621
0.192248 -0.118860 0.116645
0.192247 -0.118863 0.116662
0.192248 -0.118867 0.116679
0.192242 -0.118870 0.116693
0.192232 -0.118871 0.116707
0.192215 -0.118866 0.116720
0.192201 -0.118860 0.116728
0.192183 -0.118854 0.116736
0.192165 -0.118840 0.116738
0.192153 -0.118823 0.116735
0.192123 -0.118790 0.116737
0.192106 -0.118755 0.116732
0.192087 -0.118715 0.116729
0.192072 -0.118671 0.116730
0.192058 -0.118625 0.116735
0.192045 -0.118580 0.116740
0.192028 -0.118525 0.116749
0.192013 -0.118478 0.116759
0.191990 -0.118414 0.116771
0.191967 -0.118354 0.116779
0.191941 -0.118298 0.116791
0.191932 -0.118258 0.116803
0.191909 -0.118224 0.116813
0.191891 -0.118195 0.116824
0.191875 -0.118171 0.116834
0.191842 -0.118151 0.116854
0.191806 -0.118141 0.116881
0.191775 -0.118143 0.116909
0.191729 -0.118146 0.116944
0.191693 -0.118159 0.116973
0.191647 -0.118171 0.117003
0.191620 -0.118188 0.117025
0.191574 -0.118208 0.117055
0.191541 -0.118223 0.117072
0.191499 -0.118246 0.117093
0.191453 -0.118262 0.117114
0.191403 -0.118282 0.117132
0.191355 -0.118304 0.117145
0.191298 -0.118320 0.117158
0.191258 -0.118337 0.117164
0.191220 -0.118348 0.117168
0.191155 -0.118348 0.117172
0.191089 -0.118341 0.117170
0.191043 -0.118330 0.117163
0.190978 -0.118311 0.117155
0.190934 -0.118296 0.117149
0.190879 -0.118279 0.117148
0.190847 -0.118267 0.117147
0.190775 -0.118248 0.117150
0.190727 -0.118235 0.117154
0.190690 -0.118227 0.117159
0.190649 -0.118218 0.117165
0.190618 -0.118211 0.117165
0.190598 -0.118205 0.117162
0.190582 -0.118200 0.117158
0.190562 -0.118199 0.117156
0.190527 -0.118194 0.117152
0.190511 -0.118209 0.117147
0.190485 -0.118214 0.117144
0.190454 -0.118209 0.117145
0.190457 -0.118238 0.117138
0.190400 -0.118230 0.117144
0.190373 -0.118260 0.117143
0.190357 -0.118282 0.117145
0.190319 -0.118301 0.117151
0.190298 -0.118309 0.117156
0.190277 -0.118355 0.117160
0.190269 -0.118386 0.117163
0.190246 -0.118429 0.117167
0.190217 -0.118463 0.117173
0.190194 -0.118506 0.117176
0.190164 -0.118551 0.117179
0.190142 -0.118586 0.117178
0.190119 -0.118614 0.117178
0.190089 -0.118660 0.117175
0.190073 -0.118696 0.117169
0.190069 -0.118729 0.117160
0.190058 -0.118752 0.117153
0.190055 -0.118773 0.117143
0.190035 -0.118796 0.117133
0.190028 -0.118819 0.117117
0.190021 -0.118848 0.117098
0.190019 -0.118886 0.117075
0.190028 -0.118920 0.117055
0.190036 -0.118959 0.117033
0.190040 -0.118993 0.117009
0.190045 -0.119030 0.116983
0.190045 -0.119064 0.116956
0.190046 -0.119095 0.116930
0.190047 -0.119120 0.116908
0.190049 -0.119157 0.116875
0.190054 -0.119185 0.116850
0.190060 -0.119209 0.116824
0.190068 -0.119235 0.116798
0.190084 -0.119264 0.116770
0.190107 -0.119290 0.116746
0.190127 -0.119309 0.116730
0.190148 -0.119328 0.116721
0.190170 -0.119347 0.116714
0.190184 -0.119361 0.116713
0.190218 -0.119393 0.116706
0.190248 -0.119424 0.116698
0.190281 -0.119461 0.116686
0.190306 -0.119496 0.116674
0.190333 -0.119543 0.116657
0.190363 -0.119588 0.116640
0.190380 -0.119636 0.116619
0.190401 -0.119684 0.116599
0.190406 -0.119726 0.116579
0.190441 -0.119805 0.116541
0.190469 -0.119868 0.116505
0.190491 -0.119905 0.116481
0.190509 -0.119934 0.116454
0.190546 -0.119945 0.116439
0.190544 -0.119976 0.116400
0.190554 -0.119995 0.116374
0.190591 -0.120001 0.116355
0.190584 -0.120031 0.116323
0.190596 -0.120048 0.116293
0.190599 -0.120066 0.116265
0.190635 -0.120072 0.116247
0.190617 -0.120097 0.116209
0.190628 -0.120118 0.116182
0.190633 -0.120139 0.116156
0.190658 -0.120146 0.116142
0.190638 -0.120179 0.116116
0.190626 -0.120205 0.116101
0.190620 -0.120213 0.116097
0.190612 -0.120237 0.116087
0.190644 -0.120249 0.116081
0.190633 -0.120275 0.116070
0.190618 -0.120304 0.116060
0.190576 -0.120322 0.116053
0.190562 -0.120352 0.116038
0.190578 -0.120399 0.116019
0.190555 -0.120479 0.115988
0.190558 -0.120533 0.115971
0.190489 -0.120638 0.115936
0.190442 -0.120701 0.115917
0.190408 -0.120765 0.115897
0.190419 -0.120786 0.115893
0.190364 -0.120821 0.115880
0.190350 -0.120844 0.115872
0.190375 -0.120869 0.115867
0.190336 -0.120889 0.115859
0.190317 -0.120910 0.115851
0.190314 -0.120939 0.115838
0.190298 -0.120959 0.115826
0.190275 -0.120978 0.115812
0.190250 -0.120993 0.115801
0.190229 -0.121015 0.115787
0.190205 -0.121039 0.115769
0.190181 -0.121060 0.115752
0.190151 -0.121083 0.115730
0.190117 -0.121099 0.115707
0.190093 -0.121114 0.115684
0.190053 -0.121127 0.115658
0.190026 -0.121136 0.115630
0.190000 -0.121141 0.115607
0.189968 -0.121146 0.115583
0.189939 -0.121148 0.115564
0.189923 -0.121150 0.115548
0.189906 -0.121151 0.115545
0.189880 -0.121150 0.115545
0.189857 -0.121151 0.115543
0.189847 -0.121151 0.115532
0.189849 -0.121158 0.115520
0.189836 -0.121164 0.115513
0.189832 -0.121176 0.115506
0.189827 -0.121191 0.115495
0.189811 -0.121207 0.115491
0.189794 -0.121223 0.115487
0.189790 -0.121246 0.115479
0.189777 -0.121266 0.115475
0.189761 -0.121289 0.115473
0.189752 -0.121315 0.115470
0.189740 -0.121333 0.115470
0.189725 -0.121349 0.115470
0.189717 -0.121372 0.115468
0.189717 -0.121409 0.115469
0.189707 -0.121439 0.115468
0.189702 -0.121460 0.115466
0.189698 -0.121481 0.115464
0.189695 -0.121502 0.115458
0.189694 -0.121524 0.115449
0.189694 -0.121538 0.115441
0.189694 -0.121552 0.115431
0.189694 -0.121568 0.115415
0.189686 -0.121572 0.115403
0.189696 -0.121580 0.115381
0.189695 -0.121579 0.115367
0.189701 -0.121580 0.115351
0.189713 -0.121578 0.115336
0.189720 -0.121572 0.115325
0.189734 -0.121567 0.115311
0.189747 -0.121562 0.115299
0.189761 -0.121552 0.115283
0.189775 -0.121542 0.115268
0.189786 -0.121532 0.115253
0.189792 -0.121526 0.115244
0.189802 -0.121521 0.115234
0.189810 -0.121512 0.115221
0.189818 -0.121509 0.115213
0.189825 -0.121506 0.115206
0.189837 -0.121498 0.115205
0.189847 -0.121494 0.115207
0.189862 -0.121490 0.115209
0.189877 -0.121491 0.115216
0.189894 -0.121492 0.115227
0.189910 -0.121494 0.115239
0.189933 -0.121498 0.115257
0.189947 -0.121506 0.115269
0.189959 -0.121518 0.115280
0.189971 -0.121527 0.115290
0.189987 -0.121536 0.115304
0.189994 -0.121546 0.115311
0.190003 -0.121555 0.115322
0.190011 -0.121561 0.115331
0.190014 -0.121571 0.115345
0.190016 -0.121575 0.115352
0.190020 -0.121576 0.115360
0.190021 -0.121576 0.115368
0.190025 -0.121572 0.115377
0.190034 -0.121565 0.115381
0.190040 -0.121555 0.115384
0.190053 -0.121537 0.115383
0.190060 -0.121519 0.115384
0.190061 -0.121509 0.115381
0.190067 -0.121487 0.115377
0.190063 -0.121470 0.115368
0.190060 -0.121448 0.115362
0.190049 -0.121430 0.115351
0.190041 -0.121411 0.115343
0.190032 -0.121391 0.115334
0.190020 -0.121370 0.115324
0.190007 -0.121352 0.115313
0.189990 -0.121325 0.115305
0.189985 -0.121316 0.115302
0.189977 -0.121309 0.115298
0.189974 -0.121306 0.115297
0.189961 -0.121297 0.115293
0.189946 -0.121277 0.115290
0.189920 -0.121222 0.115286
0.189913 -0.121220 0.115287
0.189894 -0.121179 0.115293
0.189874 -0.121125 0.115315
0.189863 -0.121100 0.115331
0.189853 -0.121082 0.115345
0.189836 -0.121067 0.115361
0.189830 -0.121050 0.115376
0.189816 -0.121042 0.115391
0.189809 -0.121032 0.115401
0.189795 -0.121017 0.115419
0.189781 -0.121012 0.115430
0.189769 -0.121005 0.115440
0.189750 -0.120996 0.115453
0.189733 -0.120993 0.115464
0.189714 -0.120995 0.115476
0.189689 -0.120990 0.115487
0.189669 -0.120986 0.115493
0.189643 -0.120983 0.115502
0.189615 -0.120976 0.115510
0.189593 -0.120969 0.115515
0.189571 -0.120962 0.115521
0.189551 -0.120951 0.115524
0.189533 -0.120938 0.115526
0.189515 -0.120924 0.115527
0.189501 -0.120909 0.115528
0.189481 -0.120890 0.115530
0.189464 -0.120869 0.115531
0.189448 -0.120851 0.115534
0.189430 -0.120832 0.115535
0.189411 -0.120811 0.115534
0.189396 -0.120794 0.115533
0.189379 -0.120774 0.115529
0.189362 -0.120755 0.115524
0.189346 -0.120740 0.115521
0.189329 -0.120726 0.115517
0.189307 -0.120714 0.115512
0.189285 -0.120702 0.115507
0.189263 -0.120692 0.115503
0.189236 -0.120682 0.115502
0.189204 -0.120669 0.115503
0.189182 -0.120654 0.115503
0.189157 -0.120639 0.115506
0.189138 -0.120622 0.115510
0.189129 -0.120611 0.115510
0.189105 -0.120588 0.115527
0.189093 -0.120576 0.115530
0.189082 -0.120558 0.115539
0.189069 -0.120542 0.115548
0.189061 -0.120534 0.115552
0.189050 -0.120521 0.115553
0.189038 -0.120504 0.115552
0.189024 -0.120497 0.115550
0.189006 -0.120484 0.115546
0.188992 -0.120475 0.115541
0.188972 -0.120463 0.115536
0.188957 -0.120454 0.115533
0.188938 -0.120442 0.115529
0.188923 -0.120429 0.115526
0.188908 -0.120415 0.115524
0.188895 -0.120398 0.115521
0.188880 -0.120380 0.115517
0.188869 -0.120365 0.115513
0.188864 -0.120358 0.115512
0.188843 -0.120327 0.115508
0.188838 -0.120321 0.115506
