Column1 Column2 Column3
0.211276 -0.077358 0.155735
0.211276 -0.077358 0.155735
0.211276 -0.077359 0.155735
0.211276 -0.077358 0.155734
0.211276 -0.077359 0.155735
0.211272 -0.077365 0.155736
0.211276 -0.077358 0.155735
0.211276 -0.077358 0.155735
0.211276 -0.077358 0.155735
0.211276 -0.077358 0.155735
0.211276 -0.077358 0.155735
0.211276 -0.077358 0.155735
0.211275 -0.077362 0.155734
0.211276 -0.077358 0.155735
0.211276 -0.077358 0.155735
0.211276 -0.077358 0.155735
0.211274 -0.077379 0.155722
0.211275 -0.077362 0.155733
0.211276 -0.077361 0.155733
0.211276 -0.077360 0.155733
0.211274 -0.077372 0.155727
0.211275 -0.077363 0.155731
0.211276 -0.077358 0.155735
0.211276 -0.077361 0.155733
0.211276 -0.077360 0.155733
0.211273 -0.077380 0.155715
0.211276 -0.077358 0.155735
0.211275 -0.077363 0.155729
0.211275 -0.077363 0.155730
0.211276 -0.077360 0.155731
0.211276 -0.077361 0.155732
0.211275 -0.077363 0.155731
0.211275 -0.077356 0.155741
0.211275 -0.077358 0.155737
0.211274 -0.077357 0.155740
0.211271 -0.077361 0.155739
0.211268 -0.077365 0.155737
0.211275 -0.077358 0.155737
0.211273 -0.077361 0.155734
0.211273 -0.077361 0.155734
0.211271 -0.077363 0.155732
0.211272 -0.077363 0.155732
0.211270 -0.077370 0.155725
0.211269 -0.077370 0.155726
0.211275 -0.077355 0.155738
0.211275 -0.077358 0.155738
0.211275 -0.077358 0.155737
0.211275 -0.077358 0.155737
0.211274 -0.077358 0.155737
0.211275 -0.077358 0.155737
0.211274 -0.077360 0.155736
0.211273 -0.077360 0.155735
0.211271 -0.077360 0.155734
0.211274 -0.077360 0.155734
0.211275 -0.077358 0.155737
0.211275 -0.077358 0.155737
0.211276 -0.077358 0.155737
0.211276 -0.077358 0.155737
0.211276 -0.077358 0.155737
0.211275 -0.077358 0.155737
0.211275 -0.077358 0.155736
0.211275 -0.077358 0.155736
0.211272 -0.077362 0.155730
0.211271 -0.077365 0.155726
0.211275 -0.077360 0.155735
0.211275 -0.077359 0.155734
0.211275 -0.077358 0.155737
0.211275 -0.077358 0.155737
0.211275 -0.077358 0.155737
0.211275 -0.077358 0.155737
0.211275 -0.077358 0.155737
0.211275 -0.077360 0.155734
0.211275 -0.077358 0.155737
0.211275 -0.077360 0.155734
0.211274 -0.077360 0.155733
0.211275 -0.077358 0.155737
0.211275 -0.077358 0.155737
0.211275 -0.077358 0.155737
0.211275 -0.077358 0.155737
0.211275 -0.077358 0.155737
0.211275 -0.077358 0.155737
0.211275 -0.077358 0.155737
0.211275 -0.077358 0.155737
0.211275 -0.077358 0.155737
0.211275 -0.077358 0.155737
0.211275 -0.077358 0.155737
0.211275 -0.077358 0.155737
0.211275 -0.077359 0.155738
0.211275 -0.077358 0.155737
0.211275 -0.077358 0.155737
0.211275 -0.077358 0.155737
0.211275 -0.077358 0.155737
0.211275 -0.077358 0.155737
0.211275 -0.077358 0.155737
0.211275 -0.077357 0.155737
0.211275 -0.077359 0.155737
0.211274 -0.077358 0.155737
0.211275 -0.077358 0.155737
0.211275 -0.077357 0.155735
0.211274 -0.077361 0.155733
0.211274 -0.077360 0.155733
0.211275 -0.077360 0.155735
0.211275 -0.077358 0.155737
0.211275 -0.077360 0.155735
0.211274 -0.077360 0.155735
0.211274 -0.077363 0.155731
0.211274 -0.077363 0.155731
0.211274 -0.077365 0.155730
0.211273 -0.077370 0.155723
0.211273 -0.077370 0.155723
0.211273 -0.077372 0.155721
0.211273 -0.077377 0.155716
0.211274 -0.077365 0.155730
0.211274 -0.077364 0.155729
0.211273 -0.077363 0.155729
0.211272 -0.077361 0.155729
0.211270 -0.077361 0.155728
0.211270 -0.077362 0.155729
0.211268 -0.077364 0.155727
0.211264 -0.077369 0.155725
0.211262 -0.077372 0.155724
0.211256 -0.077384 0.155720
0.211251 -0.077393 0.155718
0.211249 -0.077398 0.155717
0.211241 -0.077416 0.155713
0.211235 -0.077429 0.155711
0.211230 -0.077441 0.155709
0.211224 -0.077454 0.155706
0.211220 -0.077465 0.155704
0.211212 -0.077486 0.155701
0.211208 -0.077496 0.155699
0.211201 -0.077514 0.155696
0.211199 -0.077521 0.155696
0.211190 -0.077540 0.155692
0.211190 -0.077543 0.155692
0.211189 -0.077553 0.155692
0.211181 -0.077573 0.155689
0.211171 -0.077596 0.155685
0.211169 -0.077606 0.155684
0.211164 -0.077619 0.155684
0.211164 -0.077626 0.155684
0.211163 -0.077642 0.155683
0.211161 -0.077663 0.155682
0.211163 -0.077668 0.155682
0.211163 -0.077699 0.155681
0.211165 -0.077716 0.155681
0.211171 -0.077729 0.155682
0.211175 -0.077739 0.155683
0.211189 -0.077752 0.155683
0.211190 -0.077754 0.155683
0.211201 -0.077765 0.155685
0.211210 -0.077770 0.155685
0.211221 -0.077775 0.155686
0.211235 -0.077780 0.155686
0.211251 -0.077783 0.155688
0.211276 -0.077785 0.155688
0.211292 -0.077785 0.155687
0.211310 -0.077785 0.155689
0.211321 -0.077785 0.155689
0.211360 -0.077779 0.155691
0.211370 -0.077774 0.155692
0.211400 -0.077765 0.155688
0.211410 -0.077759 0.155688
0.211435 -0.077748 0.155683
0.211448 -0.077740 0.155682
0.211469 -0.077728 0.155676
0.211481 -0.077720 0.155676
0.211497 -0.077709 0.155670
0.211511 -0.077698 0.155668
0.211526 -0.077690 0.155665
0.211530 -0.077687 0.155664
0.211539 -0.077680 0.155662
0.211548 -0.077671 0.155661
0.211560 -0.077658 0.155658
0.211563 -0.077654 0.155659
0.211567 -0.077649 0.155660
0.211569 -0.077646 0.155660
0.211570 -0.077645 0.155659
0.211570 -0.077641 0.155663
0.211570 -0.077640 0.155663
0.211562 -0.077638 0.155667
0.211556 -0.077638 0.155669
0.211551 -0.077640 0.155672
0.211547 -0.077645 0.155676
0.211540 -0.077651 0.155681
0.211533 -0.077657 0.155686
0.211526 -0.077662 0.155691
0.211518 -0.077668 0.155696
0.211517 -0.077669 0.155699
0.211512 -0.077672 0.155704
0.211497 -0.077688 0.155714
0.211489 -0.077696 0.155723
0.211486 -0.077702 0.155728
0.211485 -0.077705 0.155732
0.211481 -0.077714 0.155740
0.211478 -0.077723 0.155749
0.211476 -0.077732 0.155755
0.211483 -0.077743 0.155766
0.211488 -0.077751 0.155776
0.211499 -0.077761 0.155787
0.211514 -0.077769 0.155797
0.211531 -0.077775 0.155806
0.211563 -0.077786 0.155819
0.211583 -0.077790 0.155826
0.211610 -0.077793 0.155832
0.211647 -0.077797 0.155840
0.211688 -0.077799 0.155845
0.211711 -0.077801 0.155846
0.211763 -0.077802 0.155849
0.211804 -0.077804 0.155850
0.211817 -0.077804 0.155850
0.211862 -0.077807 0.155849
0.211864 -0.077807 0.155849
0.211882 -0.077807 0.155847
0.211896 -0.077805 0.155846
0.211914 -0.077802 0.155843
0.211918 -0.077801 0.155842
0.211935 -0.077799 0.155840
0.211949 -0.077798 0.155836
0.211959 -0.077796 0.155834
0.211971 -0.077795 0.155830
0.211972 -0.077792 0.155831
0.211976 -0.077790 0.155831
0.211981 -0.077788 0.155829
0.211978 -0.077786 0.155831
0.211973 -0.077783 0.155832
0.211965 -0.077781 0.155834
0.211963 -0.077781 0.155834
0.211944 -0.077778 0.155839
0.211943 -0.077778 0.155839
0.211929 -0.077778 0.155841
0.211914 -0.077778 0.155844
0.211899 -0.077777 0.155848
0.211888 -0.077777 0.155850
0.211880 -0.077777 0.155852
0.211857 -0.077779 0.155861
0.211843 -0.077781 0.155868
0.211830 -0.077784 0.155873
0.211821 -0.077783 0.155877
0.211812 -0.077785 0.155885
0.211805 -0.077784 0.155889
0.211808 -0.077787 0.155892
0.211802 -0.077788 0.155897
0.211800 -0.077789 0.155902
0.211803 -0.077792 0.155909
0.211811 -0.077793 0.155909
0.211816 -0.077793 0.155914
0.211827 -0.077794 0.155919
0.211838 -0.077794 0.155924
0.211849 -0.077796 0.155924
0.211867 -0.077796 0.155927
0.211884 -0.077796 0.155929
0.211917 -0.077798 0.155933
0.211927 -0.077799 0.155933
0.211941 -0.077799 0.155935
0.211978 -0.077800 0.155937
0.212015 -0.077800 0.155938
0.212051 -0.077800 0.155939
0.212085 -0.077800 0.155940
0.212101 -0.077801 0.155940
0.212122 -0.077801 0.155940
0.212164 -0.077802 0.155940
0.212198 -0.077801 0.155940
0.212221 -0.077800 0.155940
0.212221 -0.077800 0.155940
0.212252 -0.077800 0.155940
0.212281 -0.077801 0.155941
0.212288 -0.077801 0.155941
0.212318 -0.077804 0.155942
0.212343 -0.077805 0.155943
0.212362 -0.077806 0.155942
0.212366 -0.077806 0.155944
0.212382 -0.077808 0.155944
0.212392 -0.077808 0.155944
0.212389 -0.077808 0.155945
0.212384 -0.077808 0.155945
0.212388 -0.077810 0.155945
0.212377 -0.077809 0.155946
0.212353 -0.077810 0.155948
0.212351 -0.077809 0.155948
0.212317 -0.077808 0.155952
0.212289 -0.077808 0.155955
0.212278 -0.077809 0.155956
0.212232 -0.077807 0.155962
0.212199 -0.077805 0.155967
0.212178 -0.077803 0.155970
0.212157 -0.077803 0.155973
0.212124 -0.077800 0.155977
0.212117 -0.077800 0.155978
0.212104 -0.077798 0.155980
0.212057 -0.077794 0.155987
0.211971 -0.077782 0.155998
0.211937 -0.077780 0.156003
0.211930 -0.077777 0.156004
0.211883 -0.077769 0.156012
0.211883 -0.077768 0.156013
0.211868 -0.077764 0.156016
0.211850 -0.077757 0.156022
0.211841 -0.077754 0.156025
0.211842 -0.077751 0.156027
0.211848 -0.077746 0.156031
0.211856 -0.077744 0.156033
0.211864 -0.077742 0.156036
0.211879 -0.077738 0.156037
0.211894 -0.077737 0.156040
0.211916 -0.077736 0.156043
0.211937 -0.077735 0.156046
0.211970 -0.077734 0.156048
0.211998 -0.077733 0.156049
0.212033 -0.077735 0.156052
0.212075 -0.077737 0.156055
0.212144 -0.077742 0.156061
0.212191 -0.077746 0.156064
0.212262 -0.077755 0.156072
0.212293 -0.077758 0.156073
0.212381 -0.077777 0.156083
0.212448 -0.077794 0.156088
0.212496 -0.077811 0.156092
0.212549 -0.077832 0.156098
0.212595 -0.077855 0.156103
0.212628 -0.077875 0.156107
0.212650 -0.077888 0.156109
0.212676 -0.077919 0.156114
0.212693 -0.077943 0.156119
0.212700 -0.077964 0.156123
0.212693 -0.077977 0.156124
0.212688 -0.078008 0.156133
0.212668 -0.078026 0.156139
0.212638 -0.078042 0.156146
0.212600 -0.078058 0.156155
0.212558 -0.078076 0.156166
0.212524 -0.078083 0.156172
0.212462 -0.078096 0.156184
0.212395 -0.078103 0.156199
0.212316 -0.078111 0.156224
0.212265 -0.078113 0.156240
0.212209 -0.078109 0.156261
0.212155 -0.078105 0.156280
0.212113 -0.078096 0.156294
0.212075 -0.078082 0.156309
0.212047 -0.078068 0.156323
0.212032 -0.078053 0.156334
0.212028 -0.078035 0.156343
0.212038 -0.078017 0.156350
0.212051 -0.077998 0.156353
0.212074 -0.077989 0.156353
0.212115 -0.077973 0.156356
0.212167 -0.077960 0.156352
0.212216 -0.077950 0.156350
0.212276 -0.077945 0.156344
0.212360 -0.077936 0.156337
0.212441 -0.077932 0.156332
0.212511 -0.077935 0.156326
0.212592 -0.077940 0.156319
0.212614 -0.077942 0.156317
0.212738 -0.077959 0.156310
0.212786 -0.077970 0.156307
0.212866 -0.077992 0.156307
0.212874 -0.077994 0.156307
0.212949 -0.078028 0.156311
0.212975 -0.078045 0.156313
0.212993 -0.078058 0.156317
0.213023 -0.078090 0.156328
0.213027 -0.078100 0.156332
0.213030 -0.078133 0.156349
0.213019 -0.078148 0.156359
0.212996 -0.078153 0.156365
0.212954 -0.078169 0.156381
0.212920 -0.078172 0.156388
0.212861 -0.078181 0.156402
0.212836 -0.078183 0.156409
0.212749 -0.078176 0.156422
0.212699 -0.078166 0.156431
0.212635 -0.078147 0.156443
0.212577 -0.078127 0.156452
0.212527 -0.078108 0.156462
0.212467 -0.078079 0.156471
0.212434 -0.078056 0.156477
0.212399 -0.078030 0.156483
0.212347 -0.077979 0.156497
0.212311 -0.077928 0.156509
0.212298 -0.077891 0.156519
0.212296 -0.077855 0.156531
0.212295 -0.077830 0.156534
0.212316 -0.077794 0.156545
0.212327 -0.077775 0.156547
0.212385 -0.077752 0.156560
0.212409 -0.077741 0.156562
0.212496 -0.077729 0.156572
0.212559 -0.077725 0.156578
0.212612 -0.077727 0.156584
0.212684 -0.077737 0.156596
0.212750 -0.077755 0.156607
0.212823 -0.077783 0.156622
0.212894 -0.077815 0.156638
0.212960 -0.077854 0.156655
0.213009 -0.077895 0.156670
0.213052 -0.077936 0.156682
0.213062 -0.077950 0.156685
0.213074 -0.077962 0.156687
0.213101 -0.077996 0.156693
0.213114 -0.078020 0.156697
0.213125 -0.078061 0.156705
0.213133 -0.078088 0.156708
0.213140 -0.078116 0.156712
0.213144 -0.078139 0.156715
0.213128 -0.078173 0.156724
0.213120 -0.078212 0.156734
0.213109 -0.078233 0.156741
0.213093 -0.078252 0.156747
0.213068 -0.078275 0.156757
0.213033 -0.078297 0.156767
0.213014 -0.078305 0.156771
0.212984 -0.078320 0.156778
0.212954 -0.078327 0.156783
0.212907 -0.078350 0.156795
0.212878 -0.078363 0.156804
0.212855 -0.078372 0.156811
0.212836 -0.078377 0.156813
0.212771 -0.078399 0.156826
0.212723 -0.078409 0.156837
0.212682 -0.078415 0.156846
0.212671 -0.078417 0.156846
0.212629 -0.078419 0.156854
0.212591 -0.078416 0.156863
0.212549 -0.078409 0.156872
0.212549 -0.078409 0.156872
0.212514 -0.078398 0.156879
0.212486 -0.078386 0.156888
0.212456 -0.078367 0.156895
0.212460 -0.078364 0.156897
0.212446 -0.078345 0.156903
0.212443 -0.078322 0.156908
0.212443 -0.078322 0.156908
0.212437 -0.078303 0.156910
0.212465 -0.078273 0.156916
0.212478 -0.078248 0.156919
0.212474 -0.078222 0.156919
0.212481 -0.078193 0.156919
0.212546 -0.078169 0.156923
0.212594 -0.078154 0.156925
0.212627 -0.078145 0.156925
0.212665 -0.078132 0.156926
0.212687 -0.078123 0.156925
0.212740 -0.078118 0.156925
0.212793 -0.078104 0.156924
0.212829 -0.078098 0.156923
0.212869 -0.078096 0.156922
0.212883 -0.078095 0.156921
0.212925 -0.078095 0.156920
0.212953 -0.078096 0.156920
0.213007 -0.078103 0.156921
0.213068 -0.078117 0.156923
0.213101 -0.078130 0.156926
0.213159 -0.078151 0.156930
0.213221 -0.078177 0.156936
0.213252 -0.078196 0.156941
0.213283 -0.078214 0.156944
0.213323 -0.078242 0.156949
0.213344 -0.078258 0.156951
0.213373 -0.078287 0.156954
0.213390 -0.078308 0.156956
0.213391 -0.078320 0.156955
0.213419 -0.078358 0.156956
0.213431 -0.078384 0.156959
0.213434 -0.078407 0.156959
0.213438 -0.078427 0.156958
0.213444 -0.078441 0.156957
0.213451 -0.078449 0.156956
0.213429 -0.078475 0.156955
0.213408 -0.078484 0.156954
0.213408 -0.078484 0.156954
0.213403 -0.078503 0.156954
0.213341 -0.078525 0.156958
0.213317 -0.078536 0.156962
0.213286 -0.078548 0.156968
0.213268 -0.078547 0.156969
0.213245 -0.078547 0.156972
0.213203 -0.078558 0.156981
0.213162 -0.078565 0.156994
0.213131 -0.078564 0.157003
0.213113 -0.078563 0.157009
0.213064 -0.078550 0.157017
0.213028 -0.078540 0.157024
0.213012 -0.078536 0.157028
0.212955 -0.078512 0.157040
0.212917 -0.078494 0.157048
0.212896 -0.078482 0.157057
0.212875 -0.078467 0.157062
0.212855 -0.078449 0.157067
0.212840 -0.078429 0.157071
0.212829 -0.078409 0.157076
0.212823 -0.078394 0.157078
0.212822 -0.078382 0.157079
0.212823 -0.078364 0.157082
0.212832 -0.078342 0.157085
0.212846 -0.078322 0.157089
0.212869 -0.078296 0.157091
0.212896 -0.078270 0.157095
0.212928 -0.078249 0.157097
0.212969 -0.078236 0.157102
0.213014 -0.078222 0.157104
0.213063 -0.078218 0.157107
0.213116 -0.078216 0.157112
0.213164 -0.078223 0.157117
0.213213 -0.078237 0.157123
0.213279 -0.078263 0.157132
0.213330 -0.078292 0.157144
0.213387 -0.078324 0.157157
0.213433 -0.078357 0.157169
0.213478 -0.078398 0.157183
0.213511 -0.078436 0.157197
0.213534 -0.078475 0.157207
0.213551 -0.078502 0.157209
0.213567 -0.078564 0.157228
0.213572 -0.078611 0.157238
0.213576 -0.078639 0.157239
0.213569 -0.078687 0.157247
0.213544 -0.078750 0.157263
0.213528 -0.078790 0.157270
0.213505 -0.078823 0.157278
0.213479 -0.078860 0.157286
0.213448 -0.078882 0.157293
0.213396 -0.078926 0.157305
0.213356 -0.078952 0.157316
0.213320 -0.078969 0.157326
0.213295 -0.078980 0.157334
0.213285 -0.078986 0.157337
0.213257 -0.078995 0.157345
0.213226 -0.078998 0.157357
0.213195 -0.078996 0.157368
0.213165 -0.078991 0.157379
0.213136 -0.078983 0.157391
0.213110 -0.078970 0.157405
0.213087 -0.078957 0.157418
0.213064 -0.078940 0.157428
0.213063 -0.078938 0.157432
0.213045 -0.078916 0.157443
0.213029 -0.078896 0.157451
0.213015 -0.078844 0.157464
0.213016 -0.078823 0.157467
0.213019 -0.078815 0.157468
0.213025 -0.078795 0.157471
0.213040 -0.078758 0.157476
0.213056 -0.078739 0.157477
0.213071 -0.078727 0.157478
0.213096 -0.078711 0.157481
0.213123 -0.078703 0.157482
0.213142 -0.078699 0.157484
0.213183 -0.078696 0.157486
0.213214 -0.078697 0.157485
0.213247 -0.078705 0.157488
0.213274 -0.078713 0.157492
0.213314 -0.078734 0.157497
0.213350 -0.078759 0.157504
0.213389 -0.078792 0.157513
0.213424 -0.078826 0.157523
0.213460 -0.078866 0.157532
0.213485 -0.078898 0.157541
0.213500 -0.078916 0.157547
0.213530 -0.078964 0.157558
0.213534 -0.078974 0.157563
0.213557 -0.079022 0.157575
0.213576 -0.079065 0.157584
0.213597 -0.079112 0.157592
0.213610 -0.079154 0.157602
0.213617 -0.079189 0.157609
0.213622 -0.079221 0.157615
0.213621 -0.079253 0.157624
0.213615 -0.079260 0.157629
0.213612 -0.079287 0.157637
0.213609 -0.079315 0.157646
0.213602 -0.079338 0.157657
0.213593 -0.079362 0.157672
0.213582 -0.079383 0.157687
0.213567 -0.079384 0.157692
0.213555 -0.079399 0.157705
0.213537 -0.079411 0.157719
0.213519 -0.079416 0.157731
0.213490 -0.079415 0.157750
0.213466 -0.079411 0.157763
0.213441 -0.079400 0.157773
0.213414 -0.079386 0.157784
0.213389 -0.079370 0.157795
0.213364 -0.079353 0.157803
0.213337 -0.079330 0.157814
0.213308 -0.079302 0.157824
0.213301 -0.079293 0.157830
0.213294 -0.079286 0.157836
0.213274 -0.079263 0.157845
0.213251 -0.079231 0.157858
0.213230 -0.079195 0.157868
0.213211 -0.079160 0.157880
0.213186 -0.079114 0.157893
0.213178 -0.079091 0.157904
0.213173 -0.079072 0.157913
0.213170 -0.079056 0.157923
0.213169 -0.079045 0.157933
0.213170 -0.079034 0.157942
0.213174 -0.079031 0.157949
0.213179 -0.079029 0.157959
0.213186 -0.079034 0.157965
0.213201 -0.079047 0.157974
0.213216 -0.079065 0.157984
0.213229 -0.079084 0.157994
0.213252 -0.079121 0.158011
0.213277 -0.079160 0.158027
0.213279 -0.079162 0.158028
0.213317 -0.079231 0.158057
0.213353 -0.079296 0.158081
0.213379 -0.079340 0.158096
0.213403 -0.079378 0.158108
0.213431 -0.079419 0.158118
0.213454 -0.079456 0.158128
0.213473 -0.079488 0.158136
0.213492 -0.079521 0.158146
0.213510 -0.079551 0.158154
0.213529 -0.079576 0.158161
0.213546 -0.079603 0.158168
0.213561 -0.079621 0.158169
0.213575 -0.079631 0.158170
0.213589 -0.079648 0.158177
0.213597 -0.079659 0.158185
0.213607 -0.079682 0.158196
0.213616 -0.079696 0.158206
0.213622 -0.079709 0.158220
0.213624 -0.079718 0.158231
0.213626 -0.079722 0.158241
0.213622 -0.079723 0.158252
0.213615 -0.079720 0.158261
0.213609 -0.079715 0.158271
0.213599 -0.079705 0.158281
0.213595 -0.079700 0.158286
0.213588 -0.079688 0.158297
0.213576 -0.079670 0.158308
0.213558 -0.079643 0.158321
0.213542 -0.079612 0.158328
0.213526 -0.079582 0.158335
0.213512 -0.079551 0.158341
0.213497 -0.079516 0.158347
0.213487 -0.079489 0.158351
0.213481 -0.079469 0.158354
0.213460 -0.079419 0.158359
0.213449 -0.079384 0.158362
0.213446 -0.079369 0.158366
0.213436 -0.079335 0.158370
0.213420 -0.079294 0.158378
0.213421 -0.079281 0.158381
0.213410 -0.079245 0.158392
0.213411 -0.079233 0.158396
0.213405 -0.079213 0.158407
0.213405 -0.079204 0.158416
0.213409 -0.079198 0.158427
0.213415 -0.079200 0.158441
0.213423 -0.079204 0.158451
0.213431 -0.079215 0.158465
0.213441 -0.079232 0.158480
0.213451 -0.079249 0.158494
0.213464 -0.079270 0.158507
0.213484 -0.079287 0.158515
0.213502 -0.079300 0.158519
0.213525 -0.079316 0.158523
0.213548 -0.079336 0.158527
0.213575 -0.079358 0.158532
0.213605 -0.079382 0.158538
0.213632 -0.079404 0.158544
0.213662 -0.079426 0.158551
0.213694 -0.079453 0.158558
0.213726 -0.079477 0.158564
0.213752 -0.079497 0.158570
0.213777 -0.079516 0.158576
0.213804 -0.079536 0.158582
0.213828 -0.079548 0.158585
0.213848 -0.079558 0.158586
0.213868 -0.079568 0.158586
0.213884 -0.079569 0.158584
0.213897 -0.079570 0.158582
0.213909 -0.079568 0.158578
0.213913 -0.079565 0.158579
0.213919 -0.079561 0.158578
0.213927 -0.079560 0.158577
0.213935 -0.079560 0.158579
0.213936 -0.079556 0.158580
0.213940 -0.079563 0.158595
0.213935 -0.079558 0.158600
0.213931 -0.079550 0.158603
0.213922 -0.079539 0.158608
0.213911 -0.079525 0.158614
0.213898 -0.079510 0.158620
0.213890 -0.079507 0.158619
0.213881 -0.079500 0.158619
0.213860 -0.079466 0.158625
0.213843 -0.079448 0.158625
0.213826 -0.079428 0.158625
0.213811 -0.079412 0.158623
0.213797 -0.079395 0.158622
0.213781 -0.079378 0.158621
0.213768 -0.079358 0.158618
0.213757 -0.079342 0.158617
0.213751 -0.079344 0.158618
0.213745 -0.079333 0.158618
0.213746 -0.079331 0.158619
0.213749 -0.079339 0.158621
0.213754 -0.079355 0.158627
0.213764 -0.079377 0.158637
0.213779 -0.079411 0.158648
0.213797 -0.079442 0.158655
0.213806 -0.079459 0.158658
0.213828 -0.079480 0.158657
0.213858 -0.079503 0.158648
0.213881 -0.079525 0.158647
0.213910 -0.079556 0.158651
0.213940 -0.079586 0.158656
0.213971 -0.079613 0.158661
0.213999 -0.079644 0.158670
0.214024 -0.079670 0.158678
0.214037 -0.079684 0.158686
0.214059 -0.079706 0.158695
0.214081 -0.079730 0.158705
0.214104 -0.079752 0.158713
0.214120 -0.079766 0.158721
0.214144 -0.079780 0.158731
0.214154 -0.079780 0.158734
0.214157 -0.079776 0.158735
0.214159 -0.079763 0.158731
0.214148 -0.079750 0.158729
0.214145 -0.079720 0.158721
0.214134 -0.079702 0.158721
0.214117 -0.079684 0.158723
0.214102 -0.079664 0.158724
0.214080 -0.079640 0.158727
0.214061 -0.079620 0.158731
0.214035 -0.079595 0.158737
0.214012 -0.079574 0.158741
0.213989 -0.079554 0.158747
0.213963 -0.079537 0.158749
0.213932 -0.079518 0.158753
0.213895 -0.079504 0.158753
0.213861 -0.079494 0.158753
0.213830 -0.079487 0.158755
0.213813 -0.079483 0.158757
0.213783 -0.079485 0.158758
0.213773 -0.079487 0.158761
0.213730 -0.079502 0.158761
0.213719 -0.079512 0.158769
0.213704 -0.079531 0.158775
0.213680 -0.079572 0.158787
0.213674 -0.079596 0.158794
0.213671 -0.079626 0.158803
0.213671 -0.079645 0.158807
0.213674 -0.079679 0.158813
0.213678 -0.079694 0.158815
0.213695 -0.079724 0.158818
0.213714 -0.079753 0.158823
0.213739 -0.079782 0.158828
0.213753 -0.079800 0.158833
0.213787 -0.079829 0.158838
0.213810 -0.079848 0.158844
0.213822 -0.079860 0.158848
0.213858 -0.079885 0.158855
0.213882 -0.079901 0.158859
0.213907 -0.079914 0.158863
0.213929 -0.079925 0.158866
0.213933 -0.079929 0.158868
0.213947 -0.079934 0.158870
0.213962 -0.079937 0.158873
0.213975 -0.079932 0.158871
0.213976 -0.079931 0.158873
0.213991 -0.079913 0.158866
0.213996 -0.079900 0.158867
0.213997 -0.079895 0.158869
0.213996 -0.079892 0.158873
0.213996 -0.079883 0.158877
0.213994 -0.079876 0.158879
0.213992 -0.079870 0.158881
0.213988 -0.079865 0.158882
0.213982 -0.079858 0.158884
0.213976 -0.079855 0.158885
0.213968 -0.079851 0.158886
0.213959 -0.079848 0.158889
0.213949 -0.079846 0.158890
0.213937 -0.079845 0.158892
0.213922 -0.079844 0.158895
0.213917 -0.079844 0.158895
0.213888 -0.079845 0.158900
0.213873 -0.079846 0.158901
0.213850 -0.079849 0.158902
0.213831 -0.079851 0.158904
0.213808 -0.079856 0.158907
0.213786 -0.079864 0.158910
0.213771 -0.079869 0.158912
0.213750 -0.079876 0.158916
0.213738 -0.079882 0.158917
0.213724 -0.079889 0.158919
0.213724 -0.079893 0.158920
0.213720 -0.079896 0.158921
0.213701 -0.079908 0.158924
0.213692 -0.079913 0.158925
0.213697 -0.079918 0.158925
0.213684 -0.079925 0.158926
0.213671 -0.079932 0.158929
0.213663 -0.079939 0.158929
0.213663 -0.079946 0.158930
0.213665 -0.079951 0.158930
0.213665 -0.079954 0.158931
0.213673 -0.079957 0.158931
0.213686 -0.079957 0.158931
0.213697 -0.079957 0.158932
0.213711 -0.079957 0.158932
0.213729 -0.079958 0.158933
0.213752 -0.079957 0.158932
0.213769 -0.079954 0.158932
0.213792 -0.079950 0.158931
0.213811 -0.079944 0.158930
0.213845 -0.079934 0.158924
0.213855 -0.079931 0.158924
0.213871 -0.079924 0.158922
0.213901 -0.079911 0.158918
0.213923 -0.079899 0.158914
0.213935 -0.079891 0.158913
0.213948 -0.079884 0.158913
0.213958 -0.079877 0.158913
0.213967 -0.079870 0.158913
0.213975 -0.079864 0.158915
0.213978 -0.079858 0.158917
0.213983 -0.079853 0.158919
0.213985 -0.079849 0.158921
0.213984 -0.079847 0.158924
0.213980 -0.079845 0.158927
0.213975 -0.079847 0.158933
0.213974 -0.079847 0.158933
0.213969 -0.079848 0.158935
0.213954 -0.079855 0.158942
0.213932 -0.079862 0.158951
0.213910 -0.079873 0.158958
0.213890 -0.079885 0.158964
0.213885 -0.079890 0.158964
0.213875 -0.079896 0.158966
0.213855 -0.079910 0.158972
0.213834 -0.079923 0.158978
0.213812 -0.079938 0.158984
0.213787 -0.079952 0.158991
0.213763 -0.079969 0.158997
0.213745 -0.079984 0.159001
0.213724 -0.079998 0.159006
0.213721 -0.080006 0.159008
0.213702 -0.080022 0.159014
0.213687 -0.080035 0.159017
0.213676 -0.080047 0.159021
0.213665 -0.080057 0.159023
0.213657 -0.080072 0.159028
0.213652 -0.080084 0.159033
0.213651 -0.080096 0.159037
0.213657 -0.080100 0.159039
0.213661 -0.080109 0.159042
0.213667 -0.080118 0.159046
0.213676 -0.080126 0.159048
0.213692 -0.080138 0.159049
0.213711 -0.080143 0.159053
0.213730 -0.080148 0.159057
0.213751 -0.080150 0.159060
0.213768 -0.080151 0.159065
0.213777 -0.080151 0.159069
0.213807 -0.080152 0.159075
0.213834 -0.080151 0.159079
0.213862 -0.080149 0.159084
0.213888 -0.080147 0.159089
0.213919 -0.080143 0.159096
0.213941 -0.080141 0.159097
0.213969 -0.080133 0.159103
0.213979 -0.080128 0.159109
0.214008 -0.080118 0.159113
0.214032 -0.080109 0.159116
0.214053 -0.080102 0.159121
0.214072 -0.080092 0.159127
0.214089 -0.080083 0.159130
0.214101 -0.080076 0.159134
0.214112 -0.080067 0.159139
0.214111 -0.080062 0.159141
0.214117 -0.080056 0.159145
0.214118 -0.080050 0.159149
0.214123 -0.080042 0.159157
0.214120 -0.080040 0.159162
0.214112 -0.080039 0.159168
0.214103 -0.080039 0.159170
0.214093 -0.080041 0.159171
0.214079 -0.080047 0.159179
0.214067 -0.080051 0.159187
0.214054 -0.080058 0.159196
0.214040 -0.080066 0.159202
0.214024 -0.080074 0.159210
0.214006 -0.080084 0.159218
0.213993 -0.080090 0.159219
0.213974 -0.080100 0.159226
0.213956 -0.080110 0.159232
0.213938 -0.080120 0.159238
0.213918 -0.080132 0.159245
0.213898 -0.080140 0.159250
0.213892 -0.080143 0.159248
0.213874 -0.080152 0.159253
0.213853 -0.080161 0.159258
0.213838 -0.080167 0.159262
0.213825 -0.080173 0.159268
0.213811 -0.080179 0.159271
0.213798 -0.080186 0.159277
0.213797 -0.080187 0.159280
0.213797 -0.080188 0.159280
0.213801 -0.080189 0.159282
0.213809 -0.080186 0.159281
0.213816 -0.080186 0.159280
0.213823 -0.080184 0.159282
0.213834 -0.080181 0.159283
0.213847 -0.080175 0.159282
0.213867 -0.080167 0.159280
0.213884 -0.080158 0.159278
0.213900 -0.080155 0.159278
0.213924 -0.080145 0.159276
0.213954 -0.080134 0.159274
0.213982 -0.080124 0.159272
0.214016 -0.080112 0.159269
0.214048 -0.080100 0.159269
0.214062 -0.080096 0.159270
0.214097 -0.080081 0.159269
0.214128 -0.080068 0.159267
0.214162 -0.080052 0.159266
0.214190 -0.080040 0.159266
0.214219 -0.080027 0.159267
0.214244 -0.080016 0.159267
0.214266 -0.080005 0.159268
0.214293 -0.079993 0.159269
0.214309 -0.079986 0.159271
0.214326 -0.079981 0.159274
0.214339 -0.079975 0.159276
0.214349 -0.079972 0.159279
0.214359 -0.079970 0.159284
0.214368 -0.079970 0.159288
0.214374 -0.079973 0.159292
0.214379 -0.079979 0.159299
0.214381 -0.079986 0.159305
0.214379 -0.079990 0.159309
0.214371 -0.079996 0.159313
0.214362 -0.079997 0.159314
0.214360 -0.080006 0.159318
0.214353 -0.080015 0.159324
0.214348 -0.080026 0.159329
0.214342 -0.080041 0.159337
0.214334 -0.080052 0.159343
0.214325 -0.080054 0.159345
0.214320 -0.080066 0.159352
0.214311 -0.080078 0.159358
0.214304 -0.080090 0.159366
0.214298 -0.080104 0.159372
0.214291 -0.080118 0.159378
0.214286 -0.080131 0.159383
0.214284 -0.080136 0.159385
0.214280 -0.080147 0.159391
0.214275 -0.080161 0.159397
0.214274 -0.080172 0.159401
0.214271 -0.080180 0.159406
0.214271 -0.080188 0.159409
0.214271 -0.080192 0.159412
0.214276 -0.080195 0.159412
0.214285 -0.080196 0.159413
0.214291 -0.080194 0.159414
0.214299 -0.080193 0.159416
0.214312 -0.080189 0.159416
0.214320 -0.080182 0.159414
0.214338 -0.080172 0.159411
0.214355 -0.080159 0.159407
0.214372 -0.080155 0.159407
0.214390 -0.080141 0.159403
0.214413 -0.080121 0.159396
0.214432 -0.080105 0.159391
0.214455 -0.080079 0.159382
0.214471 -0.080073 0.159381
0.214493 -0.080052 0.159374
0.214519 -0.080019 0.159363
0.214536 -0.079996 0.159352
0.214555 -0.079976 0.159345
0.214574 -0.079954 0.159336
0.214581 -0.079950 0.159336
0.214596 -0.079933 0.159328
0.214613 -0.079920 0.159322
0.214629 -0.079910 0.159317
0.214641 -0.079907 0.159316
0.214653 -0.079906 0.159316
0.214654 -0.079906 0.159316
0.214663 -0.079911 0.159319
0.214672 -0.079921 0.159326
0.214677 -0.079931 0.159329
0.214678 -0.079938 0.159331
0.214679 -0.079939 0.159325
0.214672 -0.079943 0.159326
0.214671 -0.079942 0.159317
0.214667 -0.079944 0.159313
0.214662 -0.079950 0.159311
0.214659 -0.079957 0.159310
0.214651 -0.079961 0.159310
0.214642 -0.079971 0.159311
0.214635 -0.079981 0.159311
0.214629 -0.079992 0.159312
0.214621 -0.080004 0.159316
0.214613 -0.080018 0.159319
0.214605 -0.080022 0.159320
0.214598 -0.080035 0.159323
0.214590 -0.080050 0.159327
0.214586 -0.080063 0.159331
0.214580 -0.080077 0.159335
0.214576 -0.080091 0.159340
0.214573 -0.080106 0.159344
0.214571 -0.080119 0.159350
0.214570 -0.080122 0.159349
0.214573 -0.080132 0.159353
0.214576 -0.080143 0.159358
0.214582 -0.080150 0.159363
0.214588 -0.080153 0.159365
0.214594 -0.080155 0.159367
0.214605 -0.080155 0.159367
0.214616 -0.080148 0.159367
0.214627 -0.080146 0.159369
0.214636 -0.080139 0.159369
0.214651 -0.080127 0.159367
0.214669 -0.080110 0.159364
0.214687 -0.080094 0.159361
0.214704 -0.080078 0.159358
0.214726 -0.080063 0.159357
0.214739 -0.080053 0.159357
0.214759 -0.080037 0.159356
0.214778 -0.080024 0.159354
0.214799 -0.080009 0.159353
0.214824 -0.079992 0.159349
0.214839 -0.079980 0.159347
0.214859 -0.079965 0.159345
0.214868 -0.079959 0.159345
0.214882 -0.079951 0.159343
0.214898 -0.079943 0.159343
0.214914 -0.079935 0.159342
0.214931 -0.079931 0.159342
0.214944 -0.079931 0.159344
0.214956 -0.079928 0.159344
0.214972 -0.079927 0.159345
0.214972 -0.079928 0.159345
0.214985 -0.079926 0.159342
0.214992 -0.079926 0.159339
0.214999 -0.079926 0.159337
0.215006 -0.079930 0.159336
0.215018 -0.079934 0.159333
0.215010 -0.079939 0.159336
0.215010 -0.079946 0.159337
0.215014 -0.079951 0.159335
0.215016 -0.079961 0.159336
0.215020 -0.079967 0.159337
0.215023 -0.079977 0.159340
0.215016 -0.079982 0.159343
0.215018 -0.079992 0.159347
0.215021 -0.080003 0.159352
0.215024 -0.080016 0.159360
0.215027 -0.080026 0.159367
0.215030 -0.080036 0.159373
0.215034 -0.080048 0.159381
0.215037 -0.080057 0.159388
0.215036 -0.080060 0.159389
0.215041 -0.080068 0.159396
0.215045 -0.080074 0.159403
0.215049 -0.080079 0.159409
0.215054 -0.080080 0.159415
0.215059 -0.080080 0.159418
0.215066 -0.080081 0.159424
0.215072 -0.080080 0.159423
0.215083 -0.080076 0.159427
0.215096 -0.080069 0.159429
0.215107 -0.080061 0.159430
0.215121 -0.080050 0.159432
0.215133 -0.080035 0.159432
0.215145 -0.080020 0.159430
0.215157 -0.080016 0.159427
0.215157 -0.080004 0.159426
0.215159 -0.079990 0.159425
0.215159 -0.079978 0.159425
0.215159 -0.079978 0.159425
0.215181 -0.079956 0.159419
0.215181 -0.079946 0.159419
0.215200 -0.079926 0.159413
0.215221 -0.079918 0.159406
0.215229 -0.079906 0.159404
0.215236 -0.079895 0.159402
0.215251 -0.079884 0.159399
0.215269 -0.079877 0.159398
0.215273 -0.079872 0.159396
0.215277 -0.079867 0.159395
0.215283 -0.079868 0.159394
0.215286 -0.079866 0.159392
0.215286 -0.079862 0.159388
0.215284 -0.079865 0.159386
0.215281 -0.079867 0.159387
0.215278 -0.079873 0.159386
0.215272 -0.079882 0.159387
0.215272 -0.079886 0.159388
0.215266 -0.079896 0.159389
0.215259 -0.079906 0.159391
0.215251 -0.079921 0.159394
0.215245 -0.079932 0.159398
0.215235 -0.079948 0.159403
0.215224 -0.079965 0.159411
0.215223 -0.079969 0.159413
0.215212 -0.079989 0.159423
0.215201 -0.080005 0.159431
0.215192 -0.080021 0.159439
0.215184 -0.080035 0.159447
0.215173 -0.080050 0.159456
0.215171 -0.080053 0.159459
0.215162 -0.080065 0.159467
0.215153 -0.080077 0.159475
0.215145 -0.080086 0.159482
0.215138 -0.080093 0.159489
0.215132 -0.080095 0.159495
0.215126 -0.080094 0.159501
0.215127 -0.080093 0.159502
0.215122 -0.080092 0.159505
0.215124 -0.080084 0.159511
0.215126 -0.080073 0.159513
0.215128 -0.080059 0.159511
0.215129 -0.080041 0.159508
0.215134 -0.080022 0.159505
0.215145 -0.080015 0.159505
0.215151 -0.079998 0.159502
0.215161 -0.079975 0.159500
0.215171 -0.079957 0.159502
0.215182 -0.079941 0.159503
0.215196 -0.079924 0.159505
0.215209 -0.079907 0.159505
0.215221 -0.079893 0.159505
0.215234 -0.079879 0.159505
0.215242 -0.079870 0.159504
0.215252 -0.079859 0.159504
0.215263 -0.079852 0.159504
0.215271 -0.079847 0.159504
0.215280 -0.079843 0.159505
0.215286 -0.079842 0.159505
0.215292 -0.079845 0.159507
0.215298 -0.079848 0.159512
0.215302 -0.079855 0.159515
0.215306 -0.079859 0.159518
0.215309 -0.079864 0.159518
0.215311 -0.079869 0.159517
0.215312 -0.079875 0.159517
0.215312 -0.079879 0.159516
0.215313 -0.079884 0.159516
0.215313 -0.079889 0.159516
0.215310 -0.079895 0.159518
0.215307 -0.079905 0.159522
0.215305 -0.079910 0.159525
0.215299 -0.079916 0.159529
0.215290 -0.079923 0.159536
0.215282 -0.079928 0.159542
0.215274 -0.079932 0.159549
0.215266 -0.079936 0.159555
0.215259 -0.079937 0.159559
0.215249 -0.079936 0.159567
0.215240 -0.079933 0.159573
0.215235 -0.079929 0.159577
0.215227 -0.079922 0.159582
0.215219 -0.079912 0.159588
0.215211 -0.079895 0.159590
0.215205 -0.079876 0.159589
0.215201 -0.079864 0.159589
0.215195 -0.079835 0.159584
0.215192 -0.079823 0.159583
0.215187 -0.079790 0.159582
0.215185 -0.079769 0.159582
0.215183 -0.079749 0.159582
0.215183 -0.079725 0.159582
0.215183 -0.079708 0.159582
0.215185 -0.079685 0.159581
0.215189 -0.079664 0.159579
0.215193 -0.079643 0.159578
0.215202 -0.079623 0.159576
0.215208 -0.079604 0.159576
0.215207 -0.079596 0.159576
0.215208 -0.079587 0.159576
0.215222 -0.079571 0.159574
0.215237 -0.079559 0.159573
0.215253 -0.079549 0.159570
0.215253 -0.079549 0.159570
0.215267 -0.079546 0.159569
0.215289 -0.079554 0.159576
0.215305 -0.079565 0.159582
0.215306 -0.079566 0.159583
0.215316 -0.079570 0.159580
0.215328 -0.079582 0.159583
0.215335 -0.079591 0.159584
0.215341 -0.079598 0.159584
0.215354 -0.079615 0.159582
0.215354 -0.079615 0.159582
0.215368 -0.079630 0.159579
0.215372 -0.079644 0.159581
0.215378 -0.079653 0.159577
0.215390 -0.079686 0.159580
0.215391 -0.079702 0.159585
0.215398 -0.079720 0.159584
0.215405 -0.079751 0.159589
0.215402 -0.079767 0.159597
0.215406 -0.079784 0.159598
0.215407 -0.079810 0.159606
0.215403 -0.079846 0.159619
0.215406 -0.079861 0.159623
0.215402 -0.079885 0.159633
0.215403 -0.079893 0.159635
0.215394 -0.079915 0.159652
0.215385 -0.079922 0.159662
0.215386 -0.079933 0.159667
0.215376 -0.079941 0.159681
0.215366 -0.079942 0.159690
0.215366 -0.079942 0.159690
0.215356 -0.079941 0.159698
0.215346 -0.079936 0.159704
0.215347 -0.079929 0.159704
0.215337 -0.079920 0.159709
0.215335 -0.079903 0.159704
0.215321 -0.079860 0.159701
0.215318 -0.079841 0.159703
0.215308 -0.079824 0.159705
0.215297 -0.079791 0.159710
0.215291 -0.079775 0.159715
0.215282 -0.079748 0.159717
0.215271 -0.079708 0.159716
0.215267 -0.079699 0.159717
0.215261 -0.079673 0.159713
0.215245 -0.079612 0.159713
0.215237 -0.079587 0.159717
0.215231 -0.079544 0.159712
0.215226 -0.079530 0.159714
0.215220 -0.079489 0.159708
0.215219 -0.079456 0.159702
0.215215 -0.079438 0.159704
0.215218 -0.079403 0.159696
0.215214 -0.079389 0.159698
0.215218 -0.079365 0.159691
0.215227 -0.079344 0.159685
0.215225 -0.079339 0.159688
0.215235 -0.079324 0.159684
0.215233 -0.079323 0.159687
0.215246 -0.079319 0.159680
0.215257 -0.079320 0.159672
0.215257 -0.079322 0.159674
0.215268 -0.079326 0.159668
0.215292 -0.079355 0.159678
0.215309 -0.079378 0.159677
0.215312 -0.079381 0.159676
0.215335 -0.079404 0.159668
0.215350 -0.079422 0.159668
0.215374 -0.079438 0.159648
0.215401 -0.079476 0.159646
0.215425 -0.079513 0.159645
0.215447 -0.079554 0.159647
0.215470 -0.079596 0.159650
0.215480 -0.079614 0.159648
0.215501 -0.079662 0.159652
0.215518 -0.079706 0.159661
0.215527 -0.079739 0.159669
0.215542 -0.079776 0.159669
0.215550 -0.079817 0.159683
0.215557 -0.079855 0.159695
0.215557 -0.079855 0.159695
0.215566 -0.079899 0.159709
0.215570 -0.079941 0.159721
0.215568 -0.079963 0.159735
0.215578 -0.079991 0.159738
0.215578 -0.080005 0.159748
0.215569 -0.080008 0.159759
0.215572 -0.080011 0.159763
0.215578 -0.080003 0.159756
0.215565 -0.079995 0.159766
0.215554 -0.079983 0.159772
0.215546 -0.079952 0.159768
0.215553 -0.079926 0.159759
0.215547 -0.079888 0.159764
0.215536 -0.079845 0.159776
0.215536 -0.079845 0.159776
0.215519 -0.079813 0.159779
0.215508 -0.079769 0.159787
0.215508 -0.079756 0.159790
0.215494 -0.079706 0.159790
0.215478 -0.079627 0.159792
0.215476 -0.079617 0.159793
0.215464 -0.079589 0.159788
0.215452 -0.079540 0.159785
0.215437 -0.079468 0.159792
0.215424 -0.079417 0.159787
0.215410 -0.079371 0.159784
0.215410 -0.079371 0.159784
0.215391 -0.079321 0.159786
0.215382 -0.079296 0.159782
0.215375 -0.079288 0.159786
0.215368 -0.079276 0.159784
0.215365 -0.079277 0.159784
0.215362 -0.079280 0.159792
0.215366 -0.079292 0.159793
0.215364 -0.079294 0.159796
0.215372 -0.079307 0.159787
0.215372 -0.079299 0.159781
0.215382 -0.079308 0.159765
0.215396 -0.079329 0.159756
0.215402 -0.079334 0.159752
0.215414 -0.079361 0.159747
0.215418 -0.079366 0.159746
0.215433 -0.079398 0.159744
0.215456 -0.079429 0.159739
0.215483 -0.079476 0.159737
0.215513 -0.079534 0.159738
0.215528 -0.079558 0.159735
0.215559 -0.079614 0.159737
0.215591 -0.079667 0.159742
0.215604 -0.079690 0.159741
0.215629 -0.079732 0.159750
0.215647 -0.079760 0.159759
0.215663 -0.079791 0.159757
0.215695 -0.079850 0.159763
0.215726 -0.079908 0.159773
0.215739 -0.079940 0.159773
0.215762 -0.079982 0.159783
0.215791 -0.080036 0.159792
0.215796 -0.080049 0.159792
0.215803 -0.080058 0.159802
0.215833 -0.080110 0.159809
0.215850 -0.080126 0.159813
0.215857 -0.080130 0.159810
0.215856 -0.080123 0.159818
0.215859 -0.080124 0.159816
0.215871 -0.080107 0.159810
0.215880 -0.080063 0.159792
0.215880 -0.080063 0.159792
0.215888 -0.080018 0.159786
0.215894 -0.080012 0.159788
0.215881 -0.079984 0.159788
0.215877 -0.079950 0.159794
0.215891 -0.079939 0.159803
0.215884 -0.079908 0.159806
0.215897 -0.079895 0.159814
0.215893 -0.079841 0.159820
0.215885 -0.079782 0.159822
0.215896 -0.079743 0.159830
0.215882 -0.079684 0.159833
0.215883 -0.079678 0.159834
0.215868 -0.079626 0.159835
0.215851 -0.079556 0.159840
0.215851 -0.079530 0.159847
0.215828 -0.079475 0.159849
0.215826 -0.079471 0.159850
0.215811 -0.079451 0.159844
0.215792 -0.079414 0.159845
0.215775 -0.079381 0.159864
0.215759 -0.079366 0.159861
0.215721 -0.079355 0.159880
0.215703 -0.079358 0.159879
0.215690 -0.079353 0.159883
0.215672 -0.079354 0.159870
0.215662 -0.079344 0.159863
0.215649 -0.079355 0.159850
0.215641 -0.079351 0.159847
0.215630 -0.079379 0.159837
0.215627 -0.079407 0.159831
0.215619 -0.079420 0.159829
0.215618 -0.079458 0.159824
0.215618 -0.079491 0.159822
0.215615 -0.079503 0.159820
0.215618 -0.079556 0.159817
0.215617 -0.079564 0.159817
0.215625 -0.079630 0.159817
0.215625 -0.079630 0.159817
0.215647 -0.079733 0.159820
0.215662 -0.079798 0.159825
0.215666 -0.079804 0.159824
0.215686 -0.079874 0.159833
0.215686 -0.079874 0.159833
0.215711 -0.079938 0.159841
0.215756 -0.080035 0.159851
0.215764 -0.080049 0.159851
0.215778 -0.080067 0.159860
0.215796 -0.080098 0.159859
0.215850 -0.080174 0.159867
0.215883 -0.080205 0.159875
0.215921 -0.080234 0.159877
0.215969 -0.080246 0.159864
0.216002 -0.080227 0.159853
0.216032 -0.080197 0.159838
0.216062 -0.080156 0.159829
0.216084 -0.080120 0.159831
0.216102 -0.080079 0.159839
0.216119 -0.080020 0.159848
0.216127 -0.079955 0.159851
0.216138 -0.079927 0.159855
0.216140 -0.079855 0.159861
0.216145 -0.079779 0.159870
0.216136 -0.079721 0.159874
0.216118 -0.079593 0.159883
0.216117 -0.079492 0.159898
0.216104 -0.079437 0.159906
0.216083 -0.079388 0.159919
0.216057 -0.079365 0.159930
0.216033 -0.079364 0.159943
0.216004 -0.079381 0.159954
0.215975 -0.079403 0.159962
0.215950 -0.079428 0.159954
0.215912 -0.079456 0.159940
0.215885 -0.079498 0.159937
0.215860 -0.079555 0.159939
0.215832 -0.079630 0.159943
0.215812 -0.079705 0.159950
0.215793 -0.079781 0.159959
0.215778 -0.079866 0.159969
0.215770 -0.079943 0.159982
0.215766 -0.080032 0.159998
0.215766 -0.080095 0.160008
0.215771 -0.080164 0.160019
0.215788 -0.080234 0.160033
0.215809 -0.080282 0.160039
0.215834 -0.080312 0.160045
0.215852 -0.080316 0.160053
0.215909 -0.080322 0.160021
0.215947 -0.080297 0.160007
0.215972 -0.080272 0.160005
0.216023 -0.080228 0.159982
0.216061 -0.080196 0.159979
0.216091 -0.080150 0.159977
0.216119 -0.080088 0.159968
0.216134 -0.080034 0.159959
0.216163 -0.079925 0.159948
0.216173 -0.079857 0.159942
0.216190 -0.079755 0.159936
0.216198 -0.079671 0.159933
0.216195 -0.079653 0.159930
0.216198 -0.079640 0.159931
0.216202 -0.079543 0.159929
0.216210 -0.079407 0.159939
0.216201 -0.079353 0.159940
0.216189 -0.079312 0.159949
0.216164 -0.079307 0.159960
0.216152 -0.079320 0.159952
0.216114 -0.079297 0.159958
0.216088 -0.079268 0.159943
0.216054 -0.079308 0.159930
0.216003 -0.079384 0.159913
0.215991 -0.079425 0.159906
0.215957 -0.079480 0.159893
0.215893 -0.079563 0.159885
0.215886 -0.079582 0.159883
0.215842 -0.079659 0.159888
0.215825 -0.079715 0.159884
0.215790 -0.079819 0.159888
0.215738 -0.079969 0.159899
0.215712 -0.080102 0.159913
0.215686 -0.080159 0.159923
0.215668 -0.080250 0.159934
0.215662 -0.080374 0.159945
0.215654 -0.080395 0.159948
0.215665 -0.080444 0.159948
0.215680 -0.080491 0.159939
0.215696 -0.080476 0.159921
0.215718 -0.080448 0.159888
0.215737 -0.080391 0.159864
0.215761 -0.080371 0.159856
0.215782 -0.080306 0.159849
0.215808 -0.080249 0.159844
0.215841 -0.080153 0.159826
0.215865 -0.080075 0.159812
0.215891 -0.079959 0.159793
0.215916 -0.079847 0.159775
0.215943 -0.079728 0.159760
0.215962 -0.079620 0.159748
0.215987 -0.079503 0.159740
0.215985 -0.079430 0.159735
0.216020 -0.079329 0.159737
0.216043 -0.079241 0.159743
0.216081 -0.079186 0.159769
0.216095 -0.079165 0.159792
0.216109 -0.079132 0.159802
0.216135 -0.079066 0.159771
0.216140 -0.079019 0.159727
0.216152 -0.078985 0.159691
0.216153 -0.078981 0.159661
0.216158 -0.078992 0.159616
0.216146 -0.079033 0.159598
0.216151 -0.079073 0.159565
0.216139 -0.079139 0.159548
0.216136 -0.079224 0.159535
0.216134 -0.079314 0.159534
0.216132 -0.079422 0.159536
0.216128 -0.079528 0.159546
0.216134 -0.079649 0.159562
0.216147 -0.079768 0.159580
0.216159 -0.079863 0.159595
0.216179 -0.079957 0.159609
0.216209 -0.080040 0.159620
0.216205 -0.080029 0.159619
0.216272 -0.080123 0.159638
0.216312 -0.080154 0.159652
0.216351 -0.080171 0.159651
0.216402 -0.080147 0.159655
0.216460 -0.080055 0.159669
0.216531 -0.079996 0.159675
0.216611 -0.079941 0.159715
0.216699 -0.079890 0.159755
0.216772 -0.079794 0.159784
0.216811 -0.079718 0.159799
0.216929 -0.079604 0.159828
0.217029 -0.079492 0.159852
0.217232 -0.079312 0.159880
0.217359 -0.079175 0.159895
0.217479 -0.079036 0.159909
0.217542 -0.078958 0.159927
0.217578 -0.078911 0.159946
0.217717 -0.078769 0.159952
0.217865 -0.078611 0.159942
0.217995 -0.078460 0.159925
0.218304 -0.078216 0.159936
0.218426 -0.078127 0.159941
0.218633 -0.078030 0.159971
0.218776 -0.077974 0.159992
0.218951 -0.077879 0.159986
0.219115 -0.077769 0.159957
0.219258 -0.077700 0.159944
0.219431 -0.077637 0.159941
0.219607 -0.077586 0.159934
0.219779 -0.077545 0.159931
0.219961 -0.077526 0.159938
0.220013 -0.077517 0.159954
0.220097 -0.077514 0.159969
0.220455 -0.077536 0.159981
0.220709 -0.077578 0.160016
0.220805 -0.077594 0.160038
0.220997 -0.077639 0.160058
0.221386 -0.077734 0.160125
0.221653 -0.077799 0.160189
0.221770 -0.077826 0.160224
0.222172 -0.077913 0.160298
0.222395 -0.077955 0.160341
0.222719 -0.077999 0.160397
0.222970 -0.078015 0.160431
0.223037 -0.078017 0.160441
0.223471 -0.077971 0.160461
0.223709 -0.077921 0.160455
0.224059 -0.077867 0.160489
0.224317 -0.077844 0.160534
0.224630 -0.077821 0.160592
0.224872 -0.077791 0.160637
0.225073 -0.077770 0.160660
0.225431 -0.077700 0.160737
0.225706 -0.077643 0.160780
0.225853 -0.077607 0.160789
0.226246 -0.077491 0.160841
0.226477 -0.077419 0.160859
0.226753 -0.077327 0.160877
0.226923 -0.077268 0.160884
0.227326 -0.077152 0.160912
0.227494 -0.077092 0.160922
0.227830 -0.077006 0.160948
0.228106 -0.076935 0.160976
0.228358 -0.076878 0.161006
0.228636 -0.076826 0.161049
0.228910 -0.076784 0.161106
0.229169 -0.076748 0.161161
0.229462 -0.076681 0.161202
0.229722 -0.076607 0.161224
0.229998 -0.076523 0.161261
0.230235 -0.076470 0.161300
0.230517 -0.076420 0.161343
0.230799 -0.076345 0.161390
0.231084 -0.076302 0.161440
0.231350 -0.076248 0.161488
0.231635 -0.076197 0.161539
0.231787 -0.076174 0.161568
0.232151 -0.076129 0.161634
0.232503 -0.076074 0.161703
0.232794 -0.076040 0.161758
0.232916 -0.076009 0.161801
0.233090 -0.075979 0.161849
0.233392 -0.075959 0.161897
0.233607 -0.075958 0.161919
0.234020 -0.075917 0.162011
0.234263 -0.075902 0.162052
0.234562 -0.075878 0.162106
0.234845 -0.075861 0.162145
0.235227 -0.075850 0.162185
0.235417 -0.075819 0.162228
0.235780 -0.075816 0.162275
0.236093 -0.075807 0.162334
0.236348 -0.075807 0.162384
0.236600 -0.075805 0.162441
0.236870 -0.075805 0.162501
0.237121 -0.075804 0.162558
0.237391 -0.075811 0.162613
0.237657 -0.075810 0.162679
0.237907 -0.075819 0.162735
0.238194 -0.075827 0.162805
0.238424 -0.075836 0.162859
0.238691 -0.075854 0.162919
0.238973 -0.075865 0.162986
0.239217 -0.075885 0.163042
0.239357 -0.075877 0.163081
0.239715 -0.075921 0.163162
0.239972 -0.075945 0.163224
0.240212 -0.075974 0.163283
0.240485 -0.076001 0.163348
0.240672 -0.076016 0.163394
0.240792 -0.076018 0.163422
0.241025 -0.076037 0.163476
0.241123 -0.076034 0.163498
0.241493 -0.076086 0.163584
0.241748 -0.076118 0.163642
0.242190 -0.076178 0.163740
0.242439 -0.076196 0.163790
0.242668 -0.076208 0.163834
0.242780 -0.076220 0.163854
0.243178 -0.076228 0.163923
0.243402 -0.076233 0.163957
0.243549 -0.076233 0.163977
0.243802 -0.076225 0.164009
0.243921 -0.076221 0.164025
0.244201 -0.076207 0.164063
0.244345 -0.076199 0.164077
0.244694 -0.076187 0.164134
0.244948 -0.076174 0.164171
0.245110 -0.076166 0.164192
0.245378 -0.076140 0.164234
0.245572 -0.076121 0.164260
0.245829 -0.076093 0.164295
0.246165 -0.076066 0.164340
0.246402 -0.076046 0.164372
0.246565 -0.076039 0.164396
0.246816 -0.076000 0.164421
0.247053 -0.075967 0.164440
0.247241 -0.075942 0.164453
0.247412 -0.075921 0.164463
0.247564 -0.075910 0.164476
0.247660 -0.075904 0.164486
0.247871 -0.075884 0.164499
0.248063 -0.075871 0.164509
0.248358 -0.075854 0.164523
0.248563 -0.075850 0.164534
0.248754 -0.075850 0.164548
0.248936 -0.075853 0.164560
0.249092 -0.075857 0.164569
0.249285 -0.075866 0.164579
0.249445 -0.075877 0.164583
0.249619 -0.075888 0.164585
0.249788 -0.075905 0.164585
0.249953 -0.075923 0.164582
0.250103 -0.075941 0.164576
0.250254 -0.075961 0.164568
0.250410 -0.075985 0.164557
0.250546 -0.076007 0.164544
0.250679 -0.076028 0.164532
0.250846 -0.076053 0.164512
0.250973 -0.076074 0.164493
0.251098 -0.076092 0.164473
0.251247 -0.076113 0.164449
0.251377 -0.076127 0.164423
0.251506 -0.076142 0.164396
0.251616 -0.076151 0.164374
0.251755 -0.076164 0.164343
0.251879 -0.076174 0.164310
0.251995 -0.076183 0.164280
0.252108 -0.076190 0.164249
0.252221 -0.076199 0.164218
0.252333 -0.076207 0.164187
0.252439 -0.076214 0.164155
0.252549 -0.076222 0.164118
0.252652 -0.076227 0.164084
0.252753 -0.076232 0.164052
0.252852 -0.076237 0.164018
0.252898 -0.076241 0.163998
0.252992 -0.076246 0.163966
0.253026 -0.076249 0.163946
0.253130 -0.076259 0.163910
0.253149 -0.076263 0.163898
0.253406 -0.076286 0.163819
0.253475 -0.076296 0.163791
0.253533 -0.076304 0.163775
0.253620 -0.076323 0.163738
0.253687 -0.076339 0.163711
0.253767 -0.076362 0.163674
0.253831 -0.076384 0.163645
0.253892 -0.076408 0.163614
0.253945 -0.076432 0.163585
0.253988 -0.076455 0.163558
0.254029 -0.076482 0.163529
0.254070 -0.076511 0.163494
0.254101 -0.076536 0.163464
0.254132 -0.076567 0.163431
0.254163 -0.076601 0.163392
0.254185 -0.076627 0.163361
0.254197 -0.076644 0.163339
0.254217 -0.076690 0.163290
0.254228 -0.076724 0.163249
0.254232 -0.076751 0.163211
0.254232 -0.076781 0.163170
0.254228 -0.076809 0.163133
0.254217 -0.076838 0.163092
0.254203 -0.076867 0.163051
0.254180 -0.076896 0.163007
0.254159 -0.076920 0.162971
0.254126 -0.076949 0.162928
0.254095 -0.076972 0.162892
0.254049 -0.077004 0.162848
0.254005 -0.077032 0.162811
0.253950 -0.077064 0.162768
0.253902 -0.077089 0.162736
0.253872 -0.077105 0.162714
0.253769 -0.077159 0.162658
0.253704 -0.077192 0.162623
0.253629 -0.077232 0.162587
0.253540 -0.077275 0.162548
0.253454 -0.077315 0.162516
0.253367 -0.077355 0.162483
0.253253 -0.077401 0.162444
0.253158 -0.077441 0.162413
0.253035 -0.077492 0.162375
0.252912 -0.077542 0.162339
0.252793 -0.077586 0.162307
0.252666 -0.077639 0.162271
0.252507 -0.077700 0.162233
0.252381 -0.077749 0.162202
0.252216 -0.077815 0.162165
0.252061 -0.077876 0.162133
0.251881 -0.077947 0.162094
0.251779 -0.077978 0.162082
0.251634 -0.078023 0.162062
0.251389 -0.078125 0.162003
0.251241 -0.078172 0.161981
0.250995 -0.078263 0.161927
0.250806 -0.078326 0.161896
0.250630 -0.078381 0.161864
0.250420 -0.078441 0.161832
0.250251 -0.078489 0.161807
0.250049 -0.078539 0.161774
0.249953 -0.078571 0.161747
0.249737 -0.078597 0.161736
0.249444 -0.078663 0.161682
0.249236 -0.078697 0.161650
0.249064 -0.078725 0.161622
0.248832 -0.078755 0.161587
0.248657 -0.078782 0.161554
0.248533 -0.078810 0.161524
0.248218 -0.078830 0.161482
0.248015 -0.078852 0.161444
0.247819 -0.078879 0.161403
0.247615 -0.078901 0.161365
0.247406 -0.078931 0.161320
0.247195 -0.078961 0.161276
0.247031 -0.078987 0.161239
0.246821 -0.079028 0.161191
0.246618 -0.079065 0.161145
0.246438 -0.079104 0.161101
0.246238 -0.079153 0.161053
0.246128 -0.079172 0.161030
0.245920 -0.079231 0.160978
0.245633 -0.079325 0.160908
0.245418 -0.079400 0.160854
0.245239 -0.079466 0.160809
0.245128 -0.079513 0.160779
0.245031 -0.079553 0.160753
0.244844 -0.079625 0.160705
0.244747 -0.079666 0.160680
0.244378 -0.079810 0.160592
0.244096 -0.079932 0.160527
0.244062 -0.079942 0.160517
0.243734 -0.080064 0.160440
0.243526 -0.080142 0.160394
0.243285 -0.080231 0.160345
0.243056 -0.080314 0.160299
0.242842 -0.080392 0.160258
0.242589 -0.080473 0.160212
0.242372 -0.080542 0.160173
0.242133 -0.080609 0.160132
0.241881 -0.080667 0.160090
0.241737 -0.080684 0.160066
0.241490 -0.080735 0.160024
0.241240 -0.080778 0.159985
0.240990 -0.080817 0.159943
0.240735 -0.080848 0.159902
0.240495 -0.080873 0.159862
0.240217 -0.080896 0.159816
0.239966 -0.080913 0.159775
0.239712 -0.080931 0.159738
0.239348 -0.080954 0.159689
0.239141 -0.080970 0.159664
0.238986 -0.080996 0.159646
0.238792 -0.081018 0.159624
0.238671 -0.081046 0.159613
0.238437 -0.081076 0.159587
0.238229 -0.081101 0.159561
0.238089 -0.081127 0.159536
0.237850 -0.081145 0.159494
0.237586 -0.081172 0.159447
0.237563 -0.081178 0.159444
0.237215 -0.081229 0.159382
0.236955 -0.081268 0.159336
0.236717 -0.081306 0.159291
0.236575 -0.081349 0.159266
0.236352 -0.081397 0.159226
0.236091 -0.081461 0.159182
0.236068 -0.081470 0.159177
0.235738 -0.081570 0.159125
0.235489 -0.081647 0.159085
0.235366 -0.081689 0.159068
0.235126 -0.081771 0.159031
0.234889 -0.081858 0.158996
0.234627 -0.081964 0.158959
0.234499 -0.082004 0.158942
0.234251 -0.082104 0.158904
0.233988 -0.082216 0.158865
0.233859 -0.082246 0.158846
0.233624 -0.082353 0.158810
0.233360 -0.082468 0.158771
0.233231 -0.082495 0.158757
0.232967 -0.082617 0.158727
0.232709 -0.082740 0.158702
0.232682 -0.082745 0.158701
0.232329 -0.082891 0.158672
0.232122 -0.082980 0.158652
0.231964 -0.082997 0.158647
0.231729 -0.083097 0.158622
0.231467 -0.083191 0.158594
0.231254 -0.083273 0.158568
0.231115 -0.083277 0.158564
0.230726 -0.083400 0.158512
0.230481 -0.083443 0.158478
0.230372 -0.083442 0.158474
0.230198 -0.083445 0.158463
0.229941 -0.083466 0.158410
0.229785 -0.083460 0.158404
0.229542 -0.083462 0.158354
0.229263 -0.083463 0.158295
0.229112 -0.083451 0.158288
0.228847 -0.083453 0.158250
0.228556 -0.083451 0.158220
0.228287 -0.083439 0.158190
0.228031 -0.083414 0.158163
0.227884 -0.083394 0.158160
0.227665 -0.083370 0.158144
0.227380 -0.083335 0.158126
0.227233 -0.083316 0.158130
0.226925 -0.083280 0.158114
0.226638 -0.083246 0.158109
0.226515 -0.083238 0.158116
0.226222 -0.083214 0.158122
0.225930 -0.083198 0.158135
0.225713 -0.083192 0.158149
0.225615 -0.083190 0.158154
0.225311 -0.083174 0.158159
0.225107 -0.083136 0.158136
0.224913 -0.083127 0.158126
0.224593 -0.083077 0.158089
0.224318 -0.083044 0.158061
0.224109 -0.083031 0.158044
0.223851 -0.083023 0.158023
0.223615 -0.083019 0.158003
0.223360 -0.083017 0.157981
0.223336 -0.083019 0.157980
0.223087 -0.083025 0.157959
0.222862 -0.083034 0.157942
0.222862 -0.083034 0.157942
0.222569 -0.083053 0.157920
0.222365 -0.083086 0.157920
0.222199 -0.083095 0.157904
0.221827 -0.083145 0.157891
0.221617 -0.083179 0.157894
0.221454 -0.083206 0.157880
0.221103 -0.083270 0.157873
0.220985 -0.083302 0.157865
0.220769 -0.083334 0.157870
0.220428 -0.083396 0.157868
0.220428 -0.083396 0.157868
0.220057 -0.083466 0.157860
0.220057 -0.083466 0.157860
0.219689 -0.083537 0.157853
0.219689 -0.083537 0.157853
0.219351 -0.083616 0.157853
0.218992 -0.083704 0.157865
0.218992 -0.083704 0.157865
0.218182 -0.083904 0.157899
0.217750 -0.083983 0.157916
0.217391 -0.084042 0.157927
0.217158 -0.084015 0.157946
0.216985 -0.083963 0.157964
0.216700 -0.083990 0.157967
0.216266 -0.084029 0.157945
0.216152 -0.083979 0.157956
0.215943 -0.083931 0.157952
0.215641 -0.083871 0.157916
0.215533 -0.083812 0.157926
0.215234 -0.083720 0.157893
0.214984 -0.083661 0.157876
0.214734 -0.083607 0.157878
0.214734 -0.083607 0.157878
0.214572 -0.083591 0.157868
0.214414 -0.083484 0.157883
0.214044 -0.083312 0.157883
0.213791 -0.083210 0.157875
0.213718 -0.083157 0.157884
0.213419 -0.083022 0.157882
0.213110 -0.082883 0.157884
0.212812 -0.082758 0.157889
0.212476 -0.082632 0.157913
0.212197 -0.082532 0.157931
0.211912 -0.082430 0.157939
0.211625 -0.082330 0.157946
0.211434 -0.082287 0.157947
0.211012 -0.082125 0.157917
0.210565 -0.081967 0.157862
0.210310 -0.081899 0.157841
0.210111 -0.081870 0.157835
0.209804 -0.081804 0.157801
0.209682 -0.081808 0.157805
0.209351 -0.081771 0.157779
0.209001 -0.081754 0.157758
0.208708 -0.081748 0.157739
0.208379 -0.081758 0.157723
0.208031 -0.081787 0.157713
0.207743 -0.081816 0.157706
0.207510 -0.081844 0.157697
0.207086 -0.081921 0.157703
0.206796 -0.081974 0.157706
0.206659 -0.081981 0.157708
0.206360 -0.082026 0.157708
0.206085 -0.082071 0.157708
0.205784 -0.082121 0.157713
0.205523 -0.082178 0.157732
0.205249 -0.082250 0.157760
0.205060 -0.082328 0.157772
0.204731 -0.082366 0.157801
0.204474 -0.082390 0.157812
0.204251 -0.082408 0.157820
0.204026 -0.082456 0.157811
0.203728 -0.082360 0.157802
0.203533 -0.082271 0.157783
0.203351 -0.082193 0.157761
0.203148 -0.082109 0.157766
0.202954 -0.082050 0.157776
0.202788 -0.081966 0.157788
0.202639 -0.081924 0.157780
0.202509 -0.081760 0.157804
0.202308 -0.081627 0.157807
0.202271 -0.081562 0.157820
0.202084 -0.081422 0.157822
0.201940 -0.081344 0.157808
0.201733 -0.081146 0.157825
0.201562 -0.081018 0.157829
0.201388 -0.080899 0.157840
0.201216 -0.080805 0.157861
0.201042 -0.080738 0.157896
0.200752 -0.080633 0.157926
0.200584 -0.080542 0.157914
0.200443 -0.080478 0.157895
0.200257 -0.080400 0.157869
0.200112 -0.080350 0.157847
0.199926 -0.080308 0.157822
0.199778 -0.080297 0.157811
0.199599 -0.080280 0.157792
0.199446 -0.080294 0.157781
0.199295 -0.080300 0.157771
0.199126 -0.080344 0.157767
0.198930 -0.080458 0.157777
0.198790 -0.080521 0.157783
0.198770 -0.080559 0.157788
0.198712 -0.080605 0.157792
0.198543 -0.080681 0.157800
0.198360 -0.080773 0.157806
0.198218 -0.080846 0.157827
0.198058 -0.080941 0.157853
0.198036 -0.080958 0.157841
0.197889 -0.081053 0.157874
0.197754 -0.081157 0.157918
0.197607 -0.081281 0.157990
0.197494 -0.081342 0.158038
0.197499 -0.081325 0.158049
0.197387 -0.081373 0.158094
0.197213 -0.081405 0.158136
0.197113 -0.081379 0.158124
0.197074 -0.081294 0.158150
0.197023 -0.081251 0.158172
0.196985 -0.081192 0.158214
0.196948 -0.081130 0.158248
0.196922 -0.081035 0.158280
0.196906 -0.080940 0.158306
0.196850 -0.080861 0.158318
0.196840 -0.080746 0.158337
0.196846 -0.080572 0.158364
0.196855 -0.080446 0.158381
0.196855 -0.080300 0.158399
0.196854 -0.080198 0.158412
0.196858 -0.080082 0.158433
0.196863 -0.079996 0.158457
0.196823 -0.079938 0.158490
0.196868 -0.079911 0.158516
0.196823 -0.079827 0.158492
0.196849 -0.079811 0.158466
0.196835 -0.079797 0.158447
0.196820 -0.079802 0.158429
0.196800 -0.079809 0.158409
0.196812 -0.079836 0.158407
0.196795 -0.079859 0.158393
0.196759 -0.079881 0.158382
0.196720 -0.079889 0.158371
0.196727 -0.079903 0.158372
0.196684 -0.079909 0.158363
0.196664 -0.079970 0.158359
0.196619 -0.080064 0.158359
0.196638 -0.080115 0.158360
0.196595 -0.080148 0.158361
0.196550 -0.080248 0.158364
0.196508 -0.080352 0.158375
0.196464 -0.080458 0.158394
0.196422 -0.080560 0.158419
0.196397 -0.080625 0.158436
0.196354 -0.080706 0.158468
0.196314 -0.080776 0.158502
0.196280 -0.080834 0.158538
0.196251 -0.080876 0.158578
0.196263 -0.080860 0.158583
0.196254 -0.080854 0.158622
0.196218 -0.080875 0.158647
0.196230 -0.080812 0.158666
0.196231 -0.080744 0.158662
0.196219 -0.080686 0.158655
0.196232 -0.080604 0.158663
0.196215 -0.080572 0.158685
0.196244 -0.080535 0.158684
0.196270 -0.080452 0.158704
0.196295 -0.080360 0.158717
0.196363 -0.080222 0.158728
0.196375 -0.080130 0.158743
0.196443 -0.080007 0.158754
0.196468 -0.079926 0.158767
0.196468 -0.079926 0.158767
0.196474 -0.079865 0.158783
0.196506 -0.079805 0.158800
0.196558 -0.079794 0.158787
0.196582 -0.079768 0.158807
0.196596 -0.079762 0.158829
0.196621 -0.079775 0.158821
0.196631 -0.079760 0.158822
0.196637 -0.079736 0.158803
0.196661 -0.079765 0.158798
0.196666 -0.079768 0.158784
0.196671 -0.079794 0.158775
0.196683 -0.079822 0.158773
0.196685 -0.079864 0.158763
0.196684 -0.079914 0.158755
0.196689 -0.079927 0.158755
0.196689 -0.080014 0.158755
0.196683 -0.080091 0.158757
0.196695 -0.080139 0.158760
0.196688 -0.080233 0.158767
0.196685 -0.080328 0.158778
0.196694 -0.080365 0.158781
0.196685 -0.080434 0.158794
0.196681 -0.080518 0.158811
0.196689 -0.080551 0.158815
0.196696 -0.080663 0.158840
0.196693 -0.080738 0.158862
0.196705 -0.080769 0.158869
0.196719 -0.080865 0.158899
0.196733 -0.080945 0.158928
0.196750 -0.080963 0.158938
0.196754 -0.081021 0.158957
0.196783 -0.081064 0.158975
0.196783 -0.081064 0.158975
0.196814 -0.081082 0.158985
0.196870 -0.081066 0.158991
0.196903 -0.081054 0.159007
0.196940 -0.081020 0.159003
0.196957 -0.081009 0.159012
0.197001 -0.080978 0.159025
0.197038 -0.080952 0.159049
0.197038 -0.080952 0.159049
0.197105 -0.080892 0.159073
0.197141 -0.080837 0.159082
0.197175 -0.080813 0.159086
0.197193 -0.080763 0.159090
0.197223 -0.080703 0.159094
0.197258 -0.080681 0.159095
0.197318 -0.080601 0.159096
0.197342 -0.080532 0.159098
0.197383 -0.080517 0.159096
0.197483 -0.080442 0.159088
0.197530 -0.080390 0.159089
0.197566 -0.080392 0.159083
0.197607 -0.080359 0.159087
0.197652 -0.080350 0.159094
0.197683 -0.080363 0.159083
0.197696 -0.080367 0.159104
0.197727 -0.080376 0.159105
0.197727 -0.080376 0.159105
0.197755 -0.080361 0.159074
0.197774 -0.080385 0.159069
0.197795 -0.080392 0.159038
0.197795 -0.080392 0.159038
0.197808 -0.080417 0.159013
0.197822 -0.080446 0.159010
0.197841 -0.080528 0.158985
0.197845 -0.080588 0.158962
0.197849 -0.080622 0.158962
0.197841 -0.080654 0.158945
0.197840 -0.080753 0.158932
0.197843 -0.080774 0.158932
0.197835 -0.080822 0.158927
0.197844 -0.080893 0.158927
0.197846 -0.080995 0.158925
0.197840 -0.081065 0.158931
0.197852 -0.081114 0.158929
0.197852 -0.081203 0.158938
0.197854 -0.081207 0.158938
0.197848 -0.081280 0.158953
0.197868 -0.081398 0.158971
0.197881 -0.081413 0.158970
0.197885 -0.081489 0.158991
0.197898 -0.081498 0.158989
0.197899 -0.081561 0.159012
0.197918 -0.081620 0.159029
0.197918 -0.081620 0.159029
0.197924 -0.081659 0.159045
0.197966 -0.081664 0.159038
0.197990 -0.081686 0.159045
0.198014 -0.081683 0.159040
0.198023 -0.081680 0.159038
0.198046 -0.081644 0.159018
0.198096 -0.081583 0.158989
0.198116 -0.081574 0.158983
0.198153 -0.081525 0.158970
0.198157 -0.081502 0.158981
0.198203 -0.081477 0.158968
0.198260 -0.081415 0.158971
0.198280 -0.081358 0.158975
0.198331 -0.081326 0.158964
0.198380 -0.081243 0.158959
0.198423 -0.081159 0.158958
0.198469 -0.081082 0.158955
0.198506 -0.081064 0.158949
0.198562 -0.080984 0.158943
0.198585 -0.080921 0.158944
0.198638 -0.080905 0.158934
0.198688 -0.080845 0.158931
0.198725 -0.080805 0.158935
0.198755 -0.080807 0.158926
0.198784 -0.080798 0.158934
0.198812 -0.080814 0.158946
0.198832 -0.080818 0.158937
0.198854 -0.080840 0.158929
0.198869 -0.080843 0.158908
0.198881 -0.080862 0.158879
0.198893 -0.080892 0.158873
0.198894 -0.080930 0.158850
0.198894 -0.080987 0.158825
0.198899 -0.081019 0.158821
0.198892 -0.081083 0.158796
0.198882 -0.081161 0.158776
0.198869 -0.081254 0.158762
0.198866 -0.081300 0.158759
0.198851 -0.081412 0.158747
0.198835 -0.081519 0.158743
0.198830 -0.081560 0.158740
0.198815 -0.081687 0.158740
0.198801 -0.081814 0.158745
0.198797 -0.081840 0.158743
0.198784 -0.081973 0.158753
0.198773 -0.082101 0.158767
0.198768 -0.082124 0.158767
0.198759 -0.082228 0.158782
0.198752 -0.082348 0.158800
0.198750 -0.082357 0.158799
0.198748 -0.082457 0.158819
0.198752 -0.082546 0.158838
0.198756 -0.082554 0.158839
0.198768 -0.082609 0.158846
0.198784 -0.082640 0.158838
0.198793 -0.082642 0.158837
0.198818 -0.082631 0.158811
0.198852 -0.082593 0.158769
0.198889 -0.082571 0.158756
0.198906 -0.082558 0.158753
0.198949 -0.082548 0.158766
0.198994 -0.082522 0.158775
0.199012 -0.082502 0.158773
0.199067 -0.082446 0.158776
0.199127 -0.082370 0.158778
0.199198 -0.082267 0.158778
0.199270 -0.082157 0.158773
0.199353 -0.082040 0.158771
0.199435 -0.081910 0.158766
0.199474 -0.081873 0.158773
0.199553 -0.081756 0.158770
0.199633 -0.081653 0.158774
0.199720 -0.081568 0.158786
0.199805 -0.081508 0.158800
0.199873 -0.081487 0.158817
0.199945 -0.081498 0.158851
0.200010 -0.081503 0.158865
0.200104 -0.081466 0.158811
0.200140 -0.081499 0.158806
0.200148 -0.081537 0.158817
0.200196 -0.081588 0.158800
0.200239 -0.081638 0.158773
0.200274 -0.081704 0.158755
0.200318 -0.081763 0.158735
0.200402 -0.082044 0.158714
0.200459 -0.082263 0.158717
0.200455 -0.082344 0.158721
0.200499 -0.082499 0.158731
0.200488 -0.082532 0.158736
0.200600 -0.082803 0.158768
0.200674 -0.082980 0.158797
0.200742 -0.083110 0.158822
0.200797 -0.083196 0.158841
0.200868 -0.083260 0.158845
0.200943 -0.083303 0.158846
0.201027 -0.083307 0.158841
0.201100 -0.083297 0.158826
0.201204 -0.083301 0.158834
0.201208 -0.083296 0.158838
0.201219 -0.083302 0.158840
0.201235 -0.083282 0.158852
0.201360 -0.083309 0.158891
0.201360 -0.083309 0.158891
0.201487 -0.083294 0.158921
0.201623 -0.083252 0.158943
0.201659 -0.083204 0.158959
0.201769 -0.083189 0.158967
0.201804 -0.083139 0.158981
0.201917 -0.083103 0.158982
0.201954 -0.083047 0.158995
0.202096 -0.082960 0.158994
0.202096 -0.082960 0.158994
0.202246 -0.082847 0.158993
0.202281 -0.082799 0.159003
0.202416 -0.082699 0.158993
0.202558 -0.082588 0.158987
0.202588 -0.082556 0.158994
0.202735 -0.082448 0.158992
0.202742 -0.082442 0.158993
0.202881 -0.082345 0.159000
0.202881 -0.082345 0.159000
0.203033 -0.082254 0.159013
0.203069 -0.082234 0.159016
0.203221 -0.082168 0.159035
0.203376 -0.082130 0.159063
0.203406 -0.082122 0.159066
0.203603 -0.082110 0.159105
0.203782 -0.082088 0.159118
0.203951 -0.082045 0.159094
0.204082 -0.082018 0.159072
0.204249 -0.082015 0.159062
0.204438 -0.082036 0.159064
0.204449 -0.082044 0.159068
0.204606 -0.082075 0.159066
0.204799 -0.082160 0.159094
0.204932 -0.082195 0.159088
0.205222 -0.082325 0.159115
0.205433 -0.082438 0.159145
0.205504 -0.082503 0.159173
0.205746 -0.082640 0.159212
0.205879 -0.082714 0.159234
0.206204 -0.082907 0.159293
0.206388 -0.083013 0.159331
0.206570 -0.083109 0.159367
0.206789 -0.083211 0.159407
0.206937 -0.083269 0.159430
0.207213 -0.083337 0.159475
0.207410 -0.083353 0.159494
0.207648 -0.083343 0.159500
0.207805 -0.083332 0.159497
0.208073 -0.083304 0.159534
0.208259 -0.083318 0.159574
0.208432 -0.083335 0.159609
0.208652 -0.083287 0.159651
0.209035 -0.083123 0.159712
0.209126 -0.083058 0.159724
0.209323 -0.083009 0.159747
0.209412 -0.082921 0.159756
0.209750 -0.082730 0.159783
0.210047 -0.082573 0.159796
0.210319 -0.082428 0.159803
0.210559 -0.082284 0.159803
0.210866 -0.082110 0.159803
0.211144 -0.081958 0.159806
0.211454 -0.081801 0.159813
0.211735 -0.081669 0.159826
0.211821 -0.081647 0.159827
0.212039 -0.081552 0.159847
0.212344 -0.081470 0.159878
0.212362 -0.081468 0.159878
0.212743 -0.081425 0.159932
0.212952 -0.081409 0.159992
0.213255 -0.081393 0.160040
0.213686 -0.081358 0.160053
0.213910 -0.081296 0.160042
0.214356 -0.081247 0.160043
0.214595 -0.081293 0.160057
0.214665 -0.081290 0.160055
0.214981 -0.081303 0.160063
0.215393 -0.081360 0.160081
0.215779 -0.081391 0.160104
0.216153 -0.081465 0.160138
0.216568 -0.081570 0.160172
0.216771 -0.081617 0.160202
0.216902 -0.081664 0.160215
0.217364 -0.081805 0.160277
0.217506 -0.081855 0.160289
0.217856 -0.081935 0.160347
0.218210 -0.082008 0.160410
0.218934 -0.082109 0.160528
0.219077 -0.082128 0.160546
0.219208 -0.082141 0.160563
0.219588 -0.082139 0.160602
0.219966 -0.082100 0.160619
0.220342 -0.082046 0.160635
0.220719 -0.082009 0.160673
0.221069 -0.081985 0.160727
0.221449 -0.081947 0.160779
0.221827 -0.081888 0.160815
0.222301 -0.081811 0.160861
0.222594 -0.081731 0.160880
0.223096 -0.081608 0.160902
0.223398 -0.081515 0.160908
0.223754 -0.081400 0.160910
0.224114 -0.081285 0.160910
0.224480 -0.081176 0.160912
0.224850 -0.081066 0.160913
0.225022 -0.081015 0.160919
0.225276 -0.080941 0.160932
0.225635 -0.080870 0.160926
0.225937 -0.080825 0.160932
0.226403 -0.080752 0.160964
0.226782 -0.080708 0.160999
0.227149 -0.080674 0.161055
0.227561 -0.080635 0.161112
0.227944 -0.080580 0.161137
0.228356 -0.080484 0.161153
0.228740 -0.080423 0.161182
0.228887 -0.080430 0.161185
0.229274 -0.080381 0.161216
0.229691 -0.080326 0.161254
0.230089 -0.080272 0.161298
0.230478 -0.080237 0.161340
0.230850 -0.080199 0.161386
0.231251 -0.080172 0.161438
0.231658 -0.080156 0.161486
0.232012 -0.080138 0.161539
0.232426 -0.080123 0.161594
0.232600 -0.080128 0.161596
0.232986 -0.080112 0.161649
0.233380 -0.080097 0.161698
0.233748 -0.080079 0.161743
0.234128 -0.080051 0.161785
0.234509 -0.080008 0.161827
0.234888 -0.079956 0.161862
0.235274 -0.079886 0.161893
0.235775 -0.079789 0.161949
0.235975 -0.079765 0.161966
0.236189 -0.079736 0.161991
0.236587 -0.079680 0.162057
0.236956 -0.079625 0.162120
0.237298 -0.079564 0.162174
0.237644 -0.079500 0.162225
0.237977 -0.079435 0.162265
0.238322 -0.079365 0.162312
0.238734 -0.079278 0.162364
0.239102 -0.079200 0.162407
0.239471 -0.079120 0.162448
0.239695 -0.079094 0.162457
0.240069 -0.079019 0.162494
0.240428 -0.078949 0.162529
0.240765 -0.078879 0.162564
0.241110 -0.078816 0.162600
0.241447 -0.078757 0.162637
0.241806 -0.078695 0.162679
0.242154 -0.078632 0.162720
0.242463 -0.078576 0.162758
0.242796 -0.078519 0.162798
0.242988 -0.078498 0.162814
0.243303 -0.078445 0.162853
0.243602 -0.078393 0.162889
0.243901 -0.078337 0.162925
0.244205 -0.078276 0.162955
0.244533 -0.078204 0.162981
0.244803 -0.078136 0.162997
0.245095 -0.078062 0.163012
0.245346 -0.077999 0.163026
0.245500 -0.077969 0.163035
0.245759 -0.077902 0.163048
0.246013 -0.077834 0.163059
0.246297 -0.077755 0.163069
0.246554 -0.077682 0.163078
0.246789 -0.077616 0.163086
0.247034 -0.077548 0.163093
0.247226 -0.077496 0.163098
0.247474 -0.077431 0.163104
0.247506 -0.077423 0.163105
0.247903 -0.077324 0.163114
0.248151 -0.077267 0.163122
0.248245 -0.077248 0.163127
0.248436 -0.077207 0.163130
0.248603 -0.077172 0.163138
0.248786 -0.077139 0.163149
0.248866 -0.077126 0.163154
0.248976 -0.077107 0.163164
0.249128 -0.077086 0.163179
0.249370 -0.077061 0.163210
0.249524 -0.077046 0.163231
0.249755 -0.077032 0.163267
0.249808 -0.077033 0.163278
0.249926 -0.077031 0.163298
0.250068 -0.077030 0.163321
0.250210 -0.077035 0.163346
0.250355 -0.077045 0.163369
0.250498 -0.077057 0.163393
0.250655 -0.077073 0.163416
0.250662 -0.077074 0.163418
0.250770 -0.077090 0.163433
0.250880 -0.077106 0.163446
0.250966 -0.077115 0.163456
0.250991 -0.077120 0.163458
0.251098 -0.077132 0.163465
0.251196 -0.077139 0.163469
0.251218 -0.077143 0.163471
0.251300 -0.077144 0.163469
0.251396 -0.077147 0.163467
0.251399 -0.077148 0.163468
0.251501 -0.077143 0.163461
0.251587 -0.077138 0.163452
0.251590 -0.077138 0.163453
0.251680 -0.077134 0.163448
0.251685 -0.077133 0.163448
0.251776 -0.077129 0.163448
0.251859 -0.077123 0.163447
0.251869 -0.077119 0.163447
0.251950 -0.077106 0.163442
0.252028 -0.077095 0.163436
0.252084 -0.077088 0.163431
0.252092 -0.077075 0.163430
0.252167 -0.077055 0.163423
0.252224 -0.077037 0.163416
0.252226 -0.077026 0.163415
0.252300 -0.077003 0.163405
0.252358 -0.076979 0.163397
0.252452 -0.076947 0.163383
0.252452 -0.076938 0.163382
0.252486 -0.076919 0.163378
0.252547 -0.076890 0.163368
0.252546 -0.076884 0.163370
0.252605 -0.076861 0.163365
0.252672 -0.076834 0.163359
0.252670 -0.076828 0.163363
0.252727 -0.076806 0.163361
0.252841 -0.076776 0.163355
0.252838 -0.076774 0.163361
0.252864 -0.076769 0.163367
0.252913 -0.076760 0.163373
0.252974 -0.076754 0.163378
0.252971 -0.076757 0.163385
0.253031 -0.076758 0.163395
0.253084 -0.076764 0.163406
0.253081 -0.076770 0.163413
0.253143 -0.076781 0.163424
0.253205 -0.076796 0.163436
0.253202 -0.076807 0.163445
0.253255 -0.076823 0.163453
0.253314 -0.076843 0.163462
0.253357 -0.076858 0.163465
0.253391 -0.076874 0.163467
0.253426 -0.076889 0.163467
0.253459 -0.076905 0.163468
0.253500 -0.076926 0.163466
0.253533 -0.076946 0.163467
0.253566 -0.076968 0.163466
0.253598 -0.076992 0.163466
0.253631 -0.077017 0.163464
0.253663 -0.077031 0.163460
0.253695 -0.077067 0.163458
0.253726 -0.077087 0.163451
0.253755 -0.077111 0.163443
0.253783 -0.077133 0.163433
0.253817 -0.077155 0.163418
0.253845 -0.077175 0.163402
0.253871 -0.077194 0.163385
0.253873 -0.077204 0.163383
0.253913 -0.077229 0.163355
0.253951 -0.077259 0.163329
0.253954 -0.077268 0.163326
0.253990 -0.077299 0.163303
0.254030 -0.077336 0.163276
0.254034 -0.077342 0.163271
0.254065 -0.077375 0.163248
0.254097 -0.077404 0.163221
0.254102 -0.077409 0.163214
0.254131 -0.077437 0.163186
0.254159 -0.077464 0.163158
0.254164 -0.077468 0.163150
0.254191 -0.077494 0.163124
0.254219 -0.077517 0.163097
0.254227 -0.077521 0.163088
0.254252 -0.077544 0.163063
0.254273 -0.077566 0.163034
0.254284 -0.077571 0.163026
0.254307 -0.077593 0.162998
0.254322 -0.077611 0.162972
0.254327 -0.077613 0.162969
0.254334 -0.077626 0.162949
0.254347 -0.077645 0.162921
0.254362 -0.077654 0.162910
0.254376 -0.077673 0.162882
0.254389 -0.077696 0.162853
0.254389 -0.077696 0.162853
0.254397 -0.077715 0.162829
0.254403 -0.077740 0.162801
0.254416 -0.077753 0.162791
0.254421 -0.077780 0.162766
0.254421 -0.077807 0.162745
0.254421 -0.077807 0.162745
0.254420 -0.077840 0.162724
0.254413 -0.077871 0.162706
0.254429 -0.077895 0.162697
0.254420 -0.077931 0.162682
0.254394 -0.077947 0.162679
0.254410 -0.077973 0.162670
0.254379 -0.077991 0.162671
0.254390 -0.078010 0.162664
0.254375 -0.078058 0.162657
0.254375 -0.078058 0.162657
0.254350 -0.078103 0.162653
0.254364 -0.078134 0.162645
0.254335 -0.078180 0.162643
0.254290 -0.078200 0.162649
0.254305 -0.078230 0.162641
0.254267 -0.078275 0.162639
0.254282 -0.078306 0.162631
0.254242 -0.078347 0.162629
0.254185 -0.078361 0.162634
0.254197 -0.078386 0.162625
0.254150 -0.078424 0.162617
0.254150 -0.078424 0.162617
0.254100 -0.078457 0.162612
0.254054 -0.078491 0.162604
0.254054 -0.078491 0.162604
0.253995 -0.078518 0.162598
0.254007 -0.078539 0.162583
0.253934 -0.078547 0.162589
0.253944 -0.078564 0.162574
0.253878 -0.078592 0.162566
0.253878 -0.078592 0.162566
0.253806 -0.078613 0.162560
0.253731 -0.078636 0.162551
0.253739 -0.078647 0.162536
0.253658 -0.078667 0.162526
0.253565 -0.078672 0.162534
0.253570 -0.078683 0.162518
0.253480 -0.078698 0.162509
0.253398 -0.078710 0.162498
0.253320 -0.078714 0.162505
0.253275 -0.078725 0.162490
0.253280 -0.078731 0.162472
0.253200 -0.078732 0.162480
0.253206 -0.078740 0.162459
0.253098 -0.078747 0.162449
0.252989 -0.078751 0.162439
0.252891 -0.078758 0.162426
0.252778 -0.078770 0.162401
0.252578 -0.078770 0.162410
0.252476 -0.078793 0.162389
0.252352 -0.078813 0.162383
0.252223 -0.078831 0.162392
0.252127 -0.078858 0.162392
0.252002 -0.078910 0.162382
0.251890 -0.078955 0.162381
0.251775 -0.078984 0.162391
0.251654 -0.079053 0.162379
0.251562 -0.079102 0.162369
0.251545 -0.079110 0.162368
0.251339 -0.079208 0.162348
0.251235 -0.079240 0.162345
0.251139 -0.079326 0.162329
0.251042 -0.079385 0.162317
0.250943 -0.079449 0.162307
0.250857 -0.079508 0.162299
0.250832 -0.079520 0.162296
0.250746 -0.079586 0.162295
0.250597 -0.079661 0.162278
0.250513 -0.079713 0.162277
0.250433 -0.079753 0.162266
0.250340 -0.079785 0.162265
0.250271 -0.079814 0.162254
0.250171 -0.079844 0.162242
0.250056 -0.079850 0.162240
0.249983 -0.079869 0.162223
0.249872 -0.079880 0.162205
0.249791 -0.079855 0.162211
0.249673 -0.079873 0.162182
0.249537 -0.079877 0.162164
0.249441 -0.079870 0.162157
0.249293 -0.079858 0.162155
0.249258 -0.079857 0.162152
0.249052 -0.079862 0.162140
0.248989 -0.079857 0.162145
0.248793 -0.079873 0.162135
0.248725 -0.079877 0.162134
0.248490 -0.079892 0.162115
0.248365 -0.079902 0.162104
0.248218 -0.079918 0.162091
0.248109 -0.079937 0.162084
0.247955 -0.079971 0.162074
0.247826 -0.080005 0.162065
0.247756 -0.080038 0.162059
0.247589 -0.080086 0.162046
0.247568 -0.080090 0.162044
0.247473 -0.080126 0.162037
0.247354 -0.080173 0.162030
0.247211 -0.080267 0.162020
0.247071 -0.080372 0.162012
0.246958 -0.080464 0.162005
0.246847 -0.080561 0.161997
0.246798 -0.080609 0.161997
0.246707 -0.080700 0.161989
0.246650 -0.080756 0.161982
0.246635 -0.080773 0.161981
0.246500 -0.080927 0.161969
0.246403 -0.081042 0.161959
0.246313 -0.081148 0.161949
0.246276 -0.081178 0.161944
0.246270 -0.081187 0.161943
0.246201 -0.081278 0.161937
0.246129 -0.081361 0.161930
0.246098 -0.081379 0.161928
0.246078 -0.081416 0.161925
0.246003 -0.081510 0.161920
0.245943 -0.081570 0.161915
0.245891 -0.081608 0.161912
0.245824 -0.081653 0.161906
0.245763 -0.081684 0.161900
0.245700 -0.081707 0.161892
0.245632 -0.081726 0.161882
0.245553 -0.081731 0.161866
0.245483 -0.081730 0.161850
0.245410 -0.081723 0.161831
0.245403 -0.081724 0.161828
0.245312 -0.081718 0.161802
0.245216 -0.081713 0.161782
0.245134 -0.081704 0.161770
0.245045 -0.081697 0.161758
0.244947 -0.081690 0.161745
0.244911 -0.081691 0.161738
0.244807 -0.081676 0.161724
0.244719 -0.081661 0.161712
0.244607 -0.081646 0.161694
0.244494 -0.081629 0.161677
0.244424 -0.081617 0.161667
0.244348 -0.081603 0.161658
0.244264 -0.081589 0.161645
0.244122 -0.081567 0.161627
0.243908 -0.081538 0.161613
0.243850 -0.081526 0.161618
0.243690 -0.081520 0.161607
0.243522 -0.081520 0.161606
0.243477 -0.081518 0.161619
0.243306 -0.081540 0.161620
0.243164 -0.081562 0.161617
0.243108 -0.081552 0.161621
0.242951 -0.081570 0.161595
0.242797 -0.081602 0.161572
0.242666 -0.081680 0.161548
0.242644 -0.081675 0.161546
0.242541 -0.081689 0.161540
0.242401 -0.081684 0.161544
0.242267 -0.081751 0.161526
0.242110 -0.081829 0.161511
0.242079 -0.081836 0.161512
0.241963 -0.081918 0.161499
0.241912 -0.081932 0.161501
0.241782 -0.082025 0.161491
0.241742 -0.082043 0.161494
0.241653 -0.082125 0.161486
0.241469 -0.082261 0.161487
0.241460 -0.082267 0.161488
0.241302 -0.082401 0.161489
0.241257 -0.082439 0.161492
0.241152 -0.082538 0.161491
0.241103 -0.082589 0.161494
0.240994 -0.082699 0.161493
0.240901 -0.082789 0.161495
0.240901 -0.082789 0.161495
0.240737 -0.082970 0.161499
0.240715 -0.083001 0.161498
0.240585 -0.083145 0.161496
0.240488 -0.083239 0.161502
0.240481 -0.083249 0.161500
0.240393 -0.083314 0.161506
0.240321 -0.083419 0.161482
0.240222 -0.083492 0.161481
0.240188 -0.083530 0.161464
0.240074 -0.083593 0.161448
0.239962 -0.083635 0.161434
0.239851 -0.083658 0.161416
0.239820 -0.083675 0.161395
0.239712 -0.083693 0.161382
0.239618 -0.083701 0.161372
0.239611 -0.083705 0.161371
0.239516 -0.083701 0.161366
0.239503 -0.083712 0.161364
0.239371 -0.083726 0.161355
0.239310 -0.083755 0.161341
0.239190 -0.083730 0.161330
0.239048 -0.083698 0.161307
0.239017 -0.083698 0.161296
0.238851 -0.083651 0.161272
0.238702 -0.083602 0.161247
0.238662 -0.083594 0.161236
0.238554 -0.083554 0.161221
0.238469 -0.083530 0.161198
0.238313 -0.083474 0.161175
0.238255 -0.083456 0.161162
0.238126 -0.083413 0.161147
0.238077 -0.083397 0.161139
0.237886 -0.083334 0.161116
0.237715 -0.083286 0.161098
0.237549 -0.083254 0.161082
0.237413 -0.083220 0.161079
0.237345 -0.083205 0.161084
0.237217 -0.083190 0.161083
0.237150 -0.083182 0.161095
0.237000 -0.083177 0.161091
0.236933 -0.083168 0.161100
0.236744 -0.083154 0.161079
0.236702 -0.083135 0.161069
0.236519 -0.083129 0.161035
0.236323 -0.083129 0.160998
0.236266 -0.083112 0.160987
0.236100 -0.083129 0.160954
0.236031 -0.083114 0.160940
0.235833 -0.083148 0.160902
0.235680 -0.083201 0.160872
0.235623 -0.083194 0.160860
0.235499 -0.083261 0.160839
0.235424 -0.083258 0.160823
0.235220 -0.083336 0.160784
0.234885 -0.083438 0.160723
0.234663 -0.083547 0.160687
0.234566 -0.083580 0.160675
0.234360 -0.083699 0.160647
0.234154 -0.083825 0.160621
0.234154 -0.083825 0.160621
0.234028 -0.083910 0.160609
0.233735 -0.084106 0.160588
0.233442 -0.084311 0.160573
0.233299 -0.084416 0.160567
0.233209 -0.084464 0.160567
0.232990 -0.084630 0.160559
0.232805 -0.084783 0.160551
0.232614 -0.084917 0.160545
0.232538 -0.084941 0.160547
0.232324 -0.085082 0.160534
0.232151 -0.085192 0.160518
0.231958 -0.085276 0.160503
0.231810 -0.085330 0.160483
0.231700 -0.085320 0.160482
0.231610 -0.085315 0.160477
0.231320 -0.085376 0.160392
0.231143 -0.085375 0.160353
0.231002 -0.085372 0.160329
0.230830 -0.085363 0.160311
0.230661 -0.085358 0.160295
0.230524 -0.085343 0.160278
0.230353 -0.085305 0.160251
0.230227 -0.085266 0.160227
0.230111 -0.085220 0.160207
0.229894 -0.085148 0.160163
0.229767 -0.085096 0.160141
0.229637 -0.085038 0.160117
0.229561 -0.085001 0.160102
0.229399 -0.084932 0.160068
0.229215 -0.084849 0.160033
0.229075 -0.084795 0.160013
0.228850 -0.084702 0.159993
0.228678 -0.084655 0.159986
0.228594 -0.084657 0.159973
0.228481 -0.084658 0.159967
0.228224 -0.084631 0.160000
0.228046 -0.084613 0.159986
0.227902 -0.084592 0.159943
0.227757 -0.084576 0.159893
0.227601 -0.084550 0.159838
0.227434 -0.084550 0.159778
0.227294 -0.084548 0.159724
0.227160 -0.084562 0.159670
0.227007 -0.084585 0.159613
0.226862 -0.084607 0.159560
0.226718 -0.084655 0.159511
0.226621 -0.084681 0.159480
0.226453 -0.084744 0.159438
0.226274 -0.084824 0.159401
0.226127 -0.084895 0.159372
0.225979 -0.084970 0.159348
0.225822 -0.085059 0.159326
0.225674 -0.085149 0.159308
0.225541 -0.085233 0.159294
0.225432 -0.085289 0.159286
0.225350 -0.085323 0.159283
0.225204 -0.085410 0.159271
0.225082 -0.085495 0.159260
0.224924 -0.085595 0.159249
0.224808 -0.085679 0.159239
0.224680 -0.085763 0.159234
0.224543 -0.085854 0.159225
0.224416 -0.085921 0.159215
0.224285 -0.085982 0.159204
0.224153 -0.086039 0.159192
0.224025 -0.086074 0.159181
0.223903 -0.086105 0.159160
0.223763 -0.086105 0.159132
0.223697 -0.086081 0.159123
0.223552 -0.086055 0.159078
0.223425 -0.086025 0.159030
0.223299 -0.085981 0.158987
0.223154 -0.085934 0.158951
0.223040 -0.085908 0.158932
0.222895 -0.085861 0.158909
0.222770 -0.085814 0.158887
0.222631 -0.085746 0.158858
0.222500 -0.085683 0.158833
0.222430 -0.085637 0.158818
0.222309 -0.085574 0.158796
0.222154 -0.085491 0.158769
0.222011 -0.085411 0.158746
0.221888 -0.085345 0.158732
0.221729 -0.085271 0.158719
0.221503 -0.085166 0.158721
0.221367 -0.085139 0.158731
0.221231 -0.085132 0.158745
0.221093 -0.085124 0.158761
0.220962 -0.085104 0.158742
0.220820 -0.085041 0.158691
0.220683 -0.085005 0.158643
0.220556 -0.084993 0.158603
0.220417 -0.084973 0.158562
0.220281 -0.084976 0.158517
0.220164 -0.084976 0.158478
0.220049 -0.085003 0.158444
0.219927 -0.085022 0.158411
0.219798 -0.085049 0.158378
0.219633 -0.085090 0.158339
0.219513 -0.085126 0.158313
0.219387 -0.085168 0.158286
0.219258 -0.085213 0.158259
0.219137 -0.085260 0.158240
0.218992 -0.085330 0.158227
0.218891 -0.085385 0.158222
0.218747 -0.085466 0.158217
0.218686 -0.085487 0.158218
0.218526 -0.085600 0.158213
0.218426 -0.085667 0.158208
0.218339 -0.085692 0.158207
0.218242 -0.085759 0.158204
0.218134 -0.085824 0.158201
0.217998 -0.085933 0.158194
0.217903 -0.085968 0.158190
0.217794 -0.086004 0.158179
0.217703 -0.086022 0.158167
0.217600 -0.086028 0.158148
0.217496 -0.086020 0.158117
0.217404 -0.086002 0.158090
0.217285 -0.085967 0.158056
0.217184 -0.085939 0.158039
0.217075 -0.085918 0.158032
0.216967 -0.085894 0.158026
0.216876 -0.085864 0.158021
0.216757 -0.085817 0.158009
0.216656 -0.085767 0.157999
0.216543 -0.085709 0.157988
0.216460 -0.085663 0.157982
0.216318 -0.085581 0.157969
0.216223 -0.085522 0.157962
0.216111 -0.085457 0.157955
0.216003 -0.085388 0.157952
0.215887 -0.085325 0.157951
0.215776 -0.085266 0.157953
0.215663 -0.085220 0.157959
0.215554 -0.085184 0.157970
0.215528 -0.085180 0.157972
0.215377 -0.085151 0.157994
0.215218 -0.085119 0.158005
0.215136 -0.085092 0.157992
0.215029 -0.085055 0.157967
0.214911 -0.085025 0.157943
0.214807 -0.085013 0.157923
0.214776 -0.085032 0.157918
0.214733 -0.085049 0.157911
0.214604 -0.085038 0.157883
0.214478 -0.085039 0.157854
0.214327 -0.085050 0.157825
0.214219 -0.085081 0.157807
0.214174 -0.085107 0.157801
0.214049 -0.085159 0.157787
0.213998 -0.085196 0.157788
0.213875 -0.085273 0.157784
0.213794 -0.085336 0.157787
0.213744 -0.085373 0.157792
0.213639 -0.085477 0.157800
0.213606 -0.085499 0.157805
0.213510 -0.085611 0.157816
0.213407 -0.085731 0.157831
0.213297 -0.085851 0.157844
0.213216 -0.085924 0.157854
0.213176 -0.085980 0.157852
0.213115 -0.086016 0.157850
0.213080 -0.086044 0.157834
0.213015 -0.086036 0.157820
0.212988 -0.086016 0.157820
0.212938 -0.085987 0.157802
0.212878 -0.085992 0.157780
0.212823 -0.085973 0.157784
0.212795 -0.085937 0.157785
0.212767 -0.085944 0.157790
0.212721 -0.085905 0.157789
0.212686 -0.085900 0.157791
0.212640 -0.085844 0.157788
0.212640 -0.085844 0.157788
0.212605 -0.085786 0.157783
0.212562 -0.085722 0.157780
0.212521 -0.085696 0.157779
0.212478 -0.085628 0.157775
0.212444 -0.085602 0.157773
0.212402 -0.085527 0.157770
0.212343 -0.085443 0.157769
0.212269 -0.085382 0.157773
0.212220 -0.085309 0.157776
0.212169 -0.085237 0.157781
0.212129 -0.085188 0.157788
0.212075 -0.085161 0.157799
0.212038 -0.085129 0.157809
0.211989 -0.085104 0.157825
0.211946 -0.085092 0.157837
0.211954 -0.085088 0.157835
0.211954 -0.085088 0.157835
0.211924 -0.085068 0.157827
0.211891 -0.085046 0.157811
0.211837 -0.085008 0.157799
0.211804 -0.085002 0.157785
0.211804 -0.085002 0.157785
0.211780 -0.085011 0.157772
0.211728 -0.084990 0.157768
0.211705 -0.085010 0.157757
0.211688 -0.085039 0.157748
0.211643 -0.085033 0.157745
0.211627 -0.085072 0.157741
0.211607 -0.085115 0.157740
0.211568 -0.085123 0.157741
0.211558 -0.085185 0.157743
0.211549 -0.085249 0.157752
0.211542 -0.085326 0.157764
0.211487 -0.085386 0.157779
0.211477 -0.085472 0.157793
0.211488 -0.085539 0.157805
0.211473 -0.085580 0.157813
0.211475 -0.085676 0.157830
0.211485 -0.085775 0.157846
0.211503 -0.085844 0.157856
0.211527 -0.085915 0.157864
0.211555 -0.085981 0.157865
0.211585 -0.086015 0.157863
0.211619 -0.086038 0.157854
0.211654 -0.086035 0.157830
0.211714 -0.085993 0.157815
0.211719 -0.085994 0.157802
0.211751 -0.085983 0.157812
0.211790 -0.085949 0.157825
0.211798 -0.085945 0.157831
0.211820 -0.085892 0.157836
0.211817 -0.085876 0.157836
0.211838 -0.085832 0.157838
0.211853 -0.085774 0.157843
0.211847 -0.085750 0.157843
0.211866 -0.085702 0.157847
0.211873 -0.085634 0.157850
0.211866 -0.085552 0.157850
0.211859 -0.085474 0.157852
0.211856 -0.085418 0.157855
0.211845 -0.085390 0.157857
0.211841 -0.085338 0.157860
0.211835 -0.085295 0.157863
0.211828 -0.085250 0.157866
0.211821 -0.085211 0.157871
0.211807 -0.085174 0.157877
0.211796 -0.085150 0.157885
0.211783 -0.085133 0.157893
0.211766 -0.085123 0.157909
0.211766 -0.085123 0.157908
0.211733 -0.085104 0.157919
0.211718 -0.085085 0.157906
0.211708 -0.085073 0.157893
0.211686 -0.085053 0.157875
0.211680 -0.085058 0.157866
0.211646 -0.085048 0.157851
0.211631 -0.085056 0.157842
0.211608 -0.085063 0.157832
0.211582 -0.085054 0.157826
0.211583 -0.085076 0.157825
0.211553 -0.085113 0.157819
0.211553 -0.085113 0.157819
0.211549 -0.085156 0.157821
0.211499 -0.085185 0.157818
0.211501 -0.085219 0.157824
0.211491 -0.085267 0.157834
0.211467 -0.085316 0.157838
0.211463 -0.085354 0.157849
0.211451 -0.085396 0.157854
0.211444 -0.085447 0.157866
0.211441 -0.085493 0.157879
0.211441 -0.085493 0.157879
0.211440 -0.085520 0.157891
0.211441 -0.085604 0.157903
0.211445 -0.085658 0.157921
0.211453 -0.085690 0.157936
0.211453 -0.085690 0.157936
0.211461 -0.085703 0.157948
0.211467 -0.085729 0.157949
0.211488 -0.085754 0.157953
0.211501 -0.085767 0.157942
0.211514 -0.085758 0.157948
0.211547 -0.085731 0.157924
0.211561 -0.085708 0.157923
0.211565 -0.085705 0.157917
0.211593 -0.085675 0.157904
0.211628 -0.085644 0.157901
0.211628 -0.085644 0.157901
0.211675 -0.085622 0.157911
0.211717 -0.085590 0.157917
0.211740 -0.085582 0.157919
0.211777 -0.085527 0.157919
0.211820 -0.085453 0.157918
0.211826 -0.085445 0.157918
0.211853 -0.085378 0.157918
0.211872 -0.085320 0.157920
0.211880 -0.085296 0.157920
0.211890 -0.085245 0.157923
0.211891 -0.085225 0.157924
0.211898 -0.085172 0.157926
0.211898 -0.085153 0.157928
0.211899 -0.085107 0.157930
0.211898 -0.085088 0.157935
0.211897 -0.085054 0.157938
0.211893 -0.085029 0.157940
0.211883 -0.085010 0.157949
0.211876 -0.085007 0.157957
0.211870 -0.085006 0.157966
0.211858 -0.085005 0.157966
0.211848 -0.085004 0.157959
0.211834 -0.084992 0.157945
0.211817 -0.084990 0.157930
0.211797 -0.084994 0.157918
0.211774 -0.085003 0.157906
0.211752 -0.085021 0.157899
0.211731 -0.085040 0.157894
0.211700 -0.085070 0.157887
0.211700 -0.085070 0.157887
0.211690 -0.085100 0.157887
0.211657 -0.085113 0.157882
0.211645 -0.085161 0.157886
0.211613 -0.085219 0.157891
0.211585 -0.085241 0.157893
0.211552 -0.085314 0.157903
0.211542 -0.085355 0.157912
0.211504 -0.085435 0.157928
0.211481 -0.085471 0.157933
0.211461 -0.085509 0.157940
0.211439 -0.085568 0.157953
0.211426 -0.085605 0.157960
0.211399 -0.085670 0.157977
0.211378 -0.085734 0.157995
0.211374 -0.085755 0.157999
0.211363 -0.085773 0.158011
0.211356 -0.085855 0.158030
0.211347 -0.085868 0.158040
0.211340 -0.085918 0.158062
0.211348 -0.085933 0.158062
0.211350 -0.085935 0.158063
0.211376 -0.085903 0.158035
0.211396 -0.085869 0.158020
0.211410 -0.085846 0.158019
0.211457 -0.085793 0.158025
0.211490 -0.085747 0.158032
0.211523 -0.085683 0.158028
0.211558 -0.085607 0.158020
0.211583 -0.085549 0.158008
0.211642 -0.085400 0.157997
0.211681 -0.085291 0.157983
0.211714 -0.085199 0.157973
0.211751 -0.085098 0.157969
0.211781 -0.085009 0.157967
0.211806 -0.084936 0.157972
0.211823 -0.084880 0.157982
0.211831 -0.084851 0.157993
0.211835 -0.084822 0.158008
0.211837 -0.084779 0.157982
0.211830 -0.084742 0.157950
0.211816 -0.084744 0.157932
0.211799 -0.084764 0.157917
0.211779 -0.084792 0.157899
0.211748 -0.084847 0.157880
0.211718 -0.084910 0.157867
0.211678 -0.084992 0.157855
0.211638 -0.085090 0.157848
0.211601 -0.085199 0.157851
0.211561 -0.085319 0.157857
0.211523 -0.085434 0.157866
0.211488 -0.085554 0.157881
0.211453 -0.085672 0.157900
0.211421 -0.085788 0.157924
0.211403 -0.085871 0.157936
0.211377 -0.085949 0.157954
0.211358 -0.085993 0.157968
0.211322 -0.086078 0.157993
0.211308 -0.086121 0.157978
0.211308 -0.086104 0.157951
0.211313 -0.086081 0.157936
0.211324 -0.086068 0.157943
0.211342 -0.086056 0.157956
0.211373 -0.086024 0.157967
0.211403 -0.085964 0.157968
0.211435 -0.085884 0.157964
0.211471 -0.085790 0.157955
0.211510 -0.085671 0.157941
0.211553 -0.085540 0.157929
0.211599 -0.085399 0.157917
0.211636 -0.085270 0.157909
0.211675 -0.085137 0.157905
0.211714 -0.084994 0.157908
0.211724 -0.084940 0.157917
0.211769 -0.084787 0.157924
0.211786 -0.084723 0.157945
0.211802 -0.084675 0.157965
0.211806 -0.084638 0.157970
0.211807 -0.084639 0.157969
0.211809 -0.084626 0.157960
0.211808 -0.084569 0.157937
0.211802 -0.084557 0.157913
0.211792 -0.084588 0.157894
0.211780 -0.084607 0.157877
0.211760 -0.084647 0.157856
0.211736 -0.084688 0.157833
0.211706 -0.084761 0.157813
0.211653 -0.084847 0.157784
0.211617 -0.084944 0.157770
0.211566 -0.085081 0.157761
0.211542 -0.085153 0.157756
0.211489 -0.085341 0.157774
0.211465 -0.085421 0.157788
0.211406 -0.085651 0.157822
0.211358 -0.085843 0.157858
0.211321 -0.085991 0.157888
0.211287 -0.086121 0.157921
0.211272 -0.086199 0.157933
0.211264 -0.086236 0.157929
0.211269 -0.086229 0.157912
0.211277 -0.086208 0.157889
0.211282 -0.086190 0.157894
0.211288 -0.086167 0.157900
0.211302 -0.086163 0.157884
0.211327 -0.086152 0.157894
0.211363 -0.086101 0.157903
0.211403 -0.086037 0.157901
0.211425 -0.086007 0.157900
0.211428 -0.085998 0.157899
0.211442 -0.085940 0.157893
0.211481 -0.085856 0.157887
0.211517 -0.085737 0.157873
0.211540 -0.085647 0.157862
0.211567 -0.085552 0.157850
0.211588 -0.085486 0.157846
0.211644 -0.085263 0.157830
0.211687 -0.085091 0.157825
0.211719 -0.084962 0.157825
0.211730 -0.084908 0.157834
0.211748 -0.084835 0.157826
0.211764 -0.084757 0.157825
0.211783 -0.084666 0.157865
0.211802 -0.084590 0.157890
0.211808 -0.084572 0.157914
0.211816 -0.084531 0.157916
0.211819 -0.084483 0.157908
0.211824 -0.084405 0.157882
0.211824 -0.084391 0.157881
0.211824 -0.084391 0.157881
0.211820 -0.084313 0.157848
0.211813 -0.084272 0.157826
0.211808 -0.084290 0.157821
0.211797 -0.084255 0.157792
0.211784 -0.084260 0.157763
0.211769 -0.084281 0.157731
0.211757 -0.084279 0.157717
0.211733 -0.084321 0.157692
0.211730 -0.084323 0.157690
0.211697 -0.084390 0.157665
0.211684 -0.084409 0.157656
0.211655 -0.084496 0.157645
0.211643 -0.084518 0.157639
0.211614 -0.084614 0.157634
0.211581 -0.084727 0.157631
0.211569 -0.084770 0.157631
0.211537 -0.084885 0.157630
0.211527 -0.084936 0.157632
0.211490 -0.085067 0.157627
0.211456 -0.085185 0.157620
0.211421 -0.085291 0.157617
0.211414 -0.085353 0.157622
0.211381 -0.085465 0.157637
0.211378 -0.085515 0.157642
0.211346 -0.085626 0.157676
0.211320 -0.085730 0.157710
0.211320 -0.085730 0.157710
0.211294 -0.085777 0.157740
0.211296 -0.085836 0.157745
0.211272 -0.085859 0.157769
0.211283 -0.085950 0.157770
0.211276 -0.085978 0.157778
0.211266 -0.085969 0.157781
0.211266 -0.085937 0.157772
0.211263 -0.085904 0.157776
0.211281 -0.085885 0.157761
0.211278 -0.085846 0.157772
0.211275 -0.085797 0.157777
0.211288 -0.085792 0.157783
0.211304 -0.085720 0.157790
0.211327 -0.085617 0.157783
0.211359 -0.085545 0.157774
0.211360 -0.085462 0.157761
0.211417 -0.085252 0.157733
0.211441 -0.085189 0.157727
0.211449 -0.085089 0.157706
0.211464 -0.084982 0.157687
0.211493 -0.084898 0.157682
0.211505 -0.084792 0.157662
0.211553 -0.084576 0.157643
0.211593 -0.084403 0.157636
0.211622 -0.084283 0.157635
0.211641 -0.084196 0.157635
0.211668 -0.084100 0.157645
0.211697 -0.084016 0.157666
0.211697 -0.084016 0.157666
0.211720 -0.083948 0.157691
0.211751 -0.083830 0.157676
0.211787 -0.083623 0.157605
0.211793 -0.083571 0.157586
0.211808 -0.083510 0.157548
0.211831 -0.083360 0.157447
0.211831 -0.083360 0.157447
0.211838 -0.083321 0.157398
0.211848 -0.083254 0.157326
0.211848 -0.083254 0.157326
0.211857 -0.083195 0.157239
0.211857 -0.083195 0.157239
0.211857 -0.083157 0.157151
0.211864 -0.083118 0.157099
0.211860 -0.083150 0.157074
0.211868 -0.083122 0.157022
0.211862 -0.083164 0.157001
0.211870 -0.083143 0.156951
0.211861 -0.083193 0.156933
0.211862 -0.083231 0.156872
0.211873 -0.083228 0.156824
0.211867 -0.083290 0.156811
0.211879 -0.083295 0.156766
0.211886 -0.083369 0.156703
0.211886 -0.083369 0.156703
0.211896 -0.083444 0.156647
0.211888 -0.083491 0.156631
0.211908 -0.083513 0.156588
0.211921 -0.083570 0.156515
0.211946 -0.083600 0.156474
0.211957 -0.083628 0.156402
0.211982 -0.083650 0.156312
0.211991 -0.083659 0.156262
0.212001 -0.083677 0.156242
0.212026 -0.083699 0.156224
0.212017 -0.083700 0.156223
0.212027 -0.083708 0.156217
0.212019 -0.083693 0.156212
0.212051 -0.083691 0.156185
0.212130 -0.083697 0.156163
0.212157 -0.083687 0.156160
0.212190 -0.083648 0.156148
0.212217 -0.083650 0.156154
0.212234 -0.083575 0.156131
0.212236 -0.083511 0.156107
0.212246 -0.083510 0.156109
0.212250 -0.083437 0.156082
0.212288 -0.083428 0.156091
0.212338 -0.083300 0.156056
0.212338 -0.083300 0.156056
0.212381 -0.083157 0.156013
0.212460 -0.082968 0.155964
0.212492 -0.082936 0.155964
0.212537 -0.082762 0.155914
0.212569 -0.082598 0.155865
0.212613 -0.082436 0.155827
0.212643 -0.082396 0.155828
0.212648 -0.082318 0.155803
0.212670 -0.082191 0.155774
0.212742 -0.082086 0.155775
0.212763 -0.081978 0.155755
0.212829 -0.081787 0.155713
0.212859 -0.081740 0.155710
0.212892 -0.081577 0.155638
0.212937 -0.081384 0.155546
0.212965 -0.081339 0.155532
0.213000 -0.081187 0.155441
0.213034 -0.081136 0.155417
0.213069 -0.081000 0.155321
0.213117 -0.080794 0.155140
0.213153 -0.080711 0.155064
0.213196 -0.080593 0.154935
0.213215 -0.080563 0.154902
0.213248 -0.080474 0.154785
0.213249 -0.080465 0.154772
0.213313 -0.080351 0.154604
0.213331 -0.080327 0.154569
0.213376 -0.080251 0.154433
0.213395 -0.080212 0.154354
0.213468 -0.080129 0.154177
0.213514 -0.080071 0.154028
0.213564 -0.080022 0.153883
0.213566 -0.080001 0.153808
0.213582 -0.079970 0.153694
0.213646 -0.079925 0.153533
0.213706 -0.079886 0.153380
0.213808 -0.079831 0.153167
0.213864 -0.079796 0.153033
0.213915 -0.079759 0.152899
0.214028 -0.079695 0.152690
0.214045 -0.079658 0.152602
0.214097 -0.079634 0.152534
0.214210 -0.079547 0.152350
0.214231 -0.079481 0.152252
0.214329 -0.079429 0.152164
0.214374 -0.079400 0.152127
0.214404 -0.079335 0.152047
0.214447 -0.079226 0.151936
0.214491 -0.079191 0.151903
0.214523 -0.079115 0.151835
0.214568 -0.078987 0.151734
0.214610 -0.078945 0.151703
0.214615 -0.078903 0.151673
0.214629 -0.078828 0.151623
0.214687 -0.078672 0.151524
0.214689 -0.078648 0.151510
0.214748 -0.078581 0.151467
0.214804 -0.078457 0.151395
0.214869 -0.078243 0.151283
0.214869 -0.078243 0.151283
0.214928 -0.078128 0.151222
0.214978 -0.077978 0.151149
0.214984 -0.077873 0.151105
0.215041 -0.077709 0.151029
0.215047 -0.077644 0.151002
0.215093 -0.077521 0.150943
0.215099 -0.077470 0.150921
0.215159 -0.077345 0.150859
0.215174 -0.077249 0.150813
0.215233 -0.077090 0.150735
0.215322 -0.076869 0.150625
0.215387 -0.076697 0.150528
0.215443 -0.076568 0.150455
0.215515 -0.076385 0.150312
0.215578 -0.076250 0.150197
0.215641 -0.076119 0.150055
0.215698 -0.076015 0.149932
0.215758 -0.075912 0.149782
0.215816 -0.075822 0.149627
0.215869 -0.075738 0.149476
0.215907 -0.075673 0.149376
0.215971 -0.075597 0.149157
0.216025 -0.075523 0.148991
0.216065 -0.075466 0.148877
0.216122 -0.075402 0.148653
0.216163 -0.075348 0.148497
0.216212 -0.075282 0.148334
0.216258 -0.075216 0.148167
0.216312 -0.075135 0.147988
0.216360 -0.075058 0.147834
0.216408 -0.074974 0.147681
0.216465 -0.074866 0.147511
0.216515 -0.074763 0.147367
0.216564 -0.074658 0.147234
0.216586 -0.074592 0.147159
0.216655 -0.074451 0.147003
0.216697 -0.074364 0.146912
0.216744 -0.074226 0.146782
0.216768 -0.074143 0.146710
0.216834 -0.073916 0.146536
0.216897 -0.073716 0.146375
0.216948 -0.073528 0.146242
0.216981 -0.073403 0.146151
0.217024 -0.073234 0.146031
0.217059 -0.073095 0.145932
0.217096 -0.072951 0.145827
0.217134 -0.072813 0.145726
0.217162 -0.072733 0.145664
0.217200 -0.072534 0.145514
0.217237 -0.072397 0.145401
0.217272 -0.072265 0.145288
0.217298 -0.072145 0.145190
0.217310 -0.072055 0.145122
0.217340 -0.071953 0.145024
0.217398 -0.071806 0.144849
0.217427 -0.071705 0.144734
0.217449 -0.071612 0.144627
0.217473 -0.071528 0.144515
0.217497 -0.071448 0.144402
0.217501 -0.071425 0.144377
0.217542 -0.071317 0.144198
0.217545 -0.071313 0.144188
0.217575 -0.071142 0.143951
0.217575 -0.071046 0.143832
0.217605 -0.070944 0.143664
0.217608 -0.070895 0.143597
0.217619 -0.070815 0.143478
0.217639 -0.070741 0.143369
0.217681 -0.070665 0.143256
0.217683 -0.070646 0.143231
0.217701 -0.070551 0.143108
0.217720 -0.070462 0.142996
0.217736 -0.070369 0.142885
0.217776 -0.070225 0.142730
0.217774 -0.070168 0.142664
0.217789 -0.070014 0.142506
0.217832 -0.069865 0.142373
0.217831 -0.069820 0.142328
0.217856 -0.069746 0.142270
0.217862 -0.069612 0.142156
0.217914 -0.069495 0.142069
0.217919 -0.069486 0.142062
0.217947 -0.069255 0.141883
0.217973 -0.069201 0.141840
0.217985 -0.069080 0.141746
0.218003 -0.068987 0.141670
0.218033 -0.068925 0.141614
0.218053 -0.068838 0.141537
0.218068 -0.068762 0.141468
0.218087 -0.068685 0.141393
0.218113 -0.068609 0.141313
0.218127 -0.068542 0.141242
0.218151 -0.068472 0.141160
0.218148 -0.068395 0.141059
0.218141 -0.068376 0.141031
0.218138 -0.068374 0.141027
0.218159 -0.068333 0.140970
0.218189 -0.068279 0.140903
0.218194 -0.068235 0.140833
0.218220 -0.068185 0.140762
0.218228 -0.068151 0.140710
0.218243 -0.068113 0.140655
0.218242 -0.068094 0.140616
0.218232 -0.068087 0.140590
0.218246 -0.068050 0.140531
0.218265 -0.068004 0.140463
0.218290 -0.067961 0.140418
0.218301 -0.067918 0.140345
0.218299 -0.067917 0.140339
0.218314 -0.067868 0.140260
0.218351 -0.067809 0.140205
0.218377 -0.067740 0.140118
0.218394 -0.067693 0.140061
0.218392 -0.067691 0.140055
0.218389 -0.067662 0.140001
0.218406 -0.067612 0.139948
0.218431 -0.067558 0.139897
0.218474 -0.067483 0.139848
0.218486 -0.067424 0.139786
0.218487 -0.067396 0.139752
0.218485 -0.067393 0.139747
0.218524 -0.067295 0.139675
0.218537 -0.067248 0.139639
0.218561 -0.067184 0.139596
0.218559 -0.067180 0.139592
0.218548 -0.067144 0.139555
0.218581 -0.067065 0.139512
0.218606 -0.066993 0.139471
0.218619 -0.066934 0.139438
0.218602 -0.066908 0.139417
0.218672 -0.066772 0.139356
0.218675 -0.066717 0.139327
0.218697 -0.066665 0.139302
0.218697 -0.066586 0.139259
0.218704 -0.066568 0.139250
0.218714 -0.066469 0.139197
0.218700 -0.066443 0.139182
0.218700 -0.066390 0.139152
0.218704 -0.066344 0.139123
0.218723 -0.066314 0.139104
0.218776 -0.066258 0.139065
0.218741 -0.066207 0.139021
0.218737 -0.066168 0.138982
0.218733 -0.066138 0.138946
0.218733 -0.066138 0.138946
0.218781 -0.066094 0.138892
0.218776 -0.066071 0.138852
0.218767 -0.066045 0.138802
0.218789 -0.066030 0.138779
0.218774 -0.066014 0.138729
0.218764 -0.065996 0.138670
0.218783 -0.065983 0.138646
0.218772 -0.065970 0.138584
0.218735 -0.065964 0.138508
0.218710 -0.065968 0.138475
0.218698 -0.065967 0.138431
0.218708 -0.065955 0.138367
0.218714 -0.065946 0.138304
0.218730 -0.065933 0.138239
0.218735 -0.065924 0.138188
0.218747 -0.065913 0.138154
0.218731 -0.065915 0.138122
0.218716 -0.065914 0.138064
0.218737 -0.065898 0.138040
0.218747 -0.065886 0.138014
0.218758 -0.065857 0.137946
0.218771 -0.065845 0.137935
0.218769 -0.065827 0.137884
0.218767 -0.065806 0.137841
0.218775 -0.065768 0.137792
0.218769 -0.065755 0.137769
0.218766 -0.065704 0.137716
0.218764 -0.065676 0.137694
0.218767 -0.065671 0.137693
0.218777 -0.065632 0.137681
0.218775 -0.065596 0.137665
0.218766 -0.065565 0.137646
0.218762 -0.065510 0.137630
0.218758 -0.065460 0.137617
0.218743 -0.065361 0.137594
0.218721 -0.065312 0.137581
0.218722 -0.065262 0.137576
0.218723 -0.065183 0.137566
0.218713 -0.065143 0.137559
0.218688 -0.065060 0.137547
0.218664 -0.064964 0.137535
0.218653 -0.064915 0.137530
0.218642 -0.064850 0.137524
0.218618 -0.064803 0.137521
0.218588 -0.064735 0.137515
0.218557 -0.064680 0.137510
0.218559 -0.064680 0.137509
0.218541 -0.064658 0.137499
0.218516 -0.064627 0.137491
0.218505 -0.064608 0.137477
0.218494 -0.064588 0.137460
0.218487 -0.064573 0.137442
0.218479 -0.064567 0.137422
0.218472 -0.064566 0.137400
0.218470 -0.064583 0.137362
0.218469 -0.064584 0.137357
0.218470 -0.064596 0.137341
0.218467 -0.064606 0.137308
0.218468 -0.064620 0.137275
0.218472 -0.064657 0.137225
0.218474 -0.064680 0.137186
0.218482 -0.064710 0.137147
0.218482 -0.064714 0.137143
0.218497 -0.064761 0.137092
0.218510 -0.064792 0.137055
0.218528 -0.064832 0.137015
0.218542 -0.064849 0.136990
0.218558 -0.064870 0.136963
0.218561 -0.064892 0.136951
0.218584 -0.064941 0.136909
0.218605 -0.064964 0.136881
0.218629 -0.065009 0.136848
0.218654 -0.065054 0.136820
0.218682 -0.065084 0.136794
0.218685 -0.065094 0.136797
0.218706 -0.065111 0.136778
0.218736 -0.065127 0.136764
0.218760 -0.065136 0.136752
0.218783 -0.065135 0.136746
0.218782 -0.065120 0.136751
0.218805 -0.065108 0.136747
0.218827 -0.065111 0.136739
0.218847 -0.065100 0.136737
0.218867 -0.065053 0.136739
0.218861 -0.064962 0.136741
0.218878 -0.064938 0.136738
0.218890 -0.064863 0.136736
0.218897 -0.064785 0.136738
0.218901 -0.064694 0.136745
0.218894 -0.064658 0.136754
0.218898 -0.064601 0.136765
0.218906 -0.064545 0.136770
0.218901 -0.064451 0.136785
0.218896 -0.064374 0.136794
0.218892 -0.064347 0.136796
0.218877 -0.064233 0.136805
0.218870 -0.064169 0.136815
0.218858 -0.064081 0.136824
0.218847 -0.064021 0.136830
0.218842 -0.064000 0.136827
0.218822 -0.063928 0.136830
0.218809 -0.063891 0.136836
0.218791 -0.063853 0.136840
0.218775 -0.063836 0.136838
0.218773 -0.063854 0.136834
0.218752 -0.063841 0.136836
0.218733 -0.063901 0.136830
0.218714 -0.063913 0.136820
0.218691 -0.063921 0.136802
0.218689 -0.063925 0.136780
0.218666 -0.063938 0.136752
0.218645 -0.063959 0.136727
0.218623 -0.063987 0.136699
0.218608 -0.064017 0.136676
0.218605 -0.064036 0.136660
0.218596 -0.064052 0.136650
0.218589 -0.064076 0.136635
0.218579 -0.064125 0.136601
0.218575 -0.064184 0.136566
0.218569 -0.064221 0.136548
0.218575 -0.064255 0.136529
0.218579 -0.064322 0.136493
0.218586 -0.064382 0.136463
0.218596 -0.064451 0.136431
0.218596 -0.064451 0.136431
0.218615 -0.064521 0.136400
0.218632 -0.064586 0.136375
0.218655 -0.064652 0.136351
0.218679 -0.064722 0.136329
0.218679 -0.064722 0.136329
0.218705 -0.064786 0.136310
0.218730 -0.064841 0.136298
0.218755 -0.064891 0.136287
0.218820 -0.064964 0.136272
0.218854 -0.064978 0.136273
0.218868 -0.064952 0.136279
0.218907 -0.064921 0.136274
0.218912 -0.064861 0.136273
0.218928 -0.064762 0.136268
0.218954 -0.064641 0.136268
0.218954 -0.064634 0.136267
0.218972 -0.064445 0.136291
0.218972 -0.064423 0.136289
0.218972 -0.064333 0.136290
0.218973 -0.064215 0.136308
0.218961 -0.063998 0.136352
0.218956 -0.063912 0.136367
0.218945 -0.063815 0.136386
0.218913 -0.063701 0.136412
0.218905 -0.063658 0.136418
0.218867 -0.063561 0.136441
0.218860 -0.063550 0.136446
0.218839 -0.063538 0.136448
0.218791 -0.063570 0.136476
0.218782 -0.063605 0.136475
0.218768 -0.063733 0.136471
0.218719 -0.063727 0.136462
0.218717 -0.063785 0.136452
0.218707 -0.063857 0.136398
0.218676 -0.063883 0.136379
0.218676 -0.063916 0.136355
0.218670 -0.064013 0.136302
0.218663 -0.064068 0.136283
0.218663 -0.064110 0.136264
0.218664 -0.064208 0.136225
0.218692 -0.064278 0.136201
0.218693 -0.064313 0.136191
0.218709 -0.064400 0.136164
0.218755 -0.064476 0.136138
0.218759 -0.064494 0.136133
0.218783 -0.064542 0.136119
0.218844 -0.064626 0.136092
0.218852 -0.064628 0.136092
0.218912 -0.064658 0.136078
0.218969 -0.064716 0.136061
0.219010 -0.064686 0.136064
0.219036 -0.064700 0.136059
0.219112 -0.064636 0.136055
0.219120 -0.064629 0.136055
0.219152 -0.064565 0.136053
0.219201 -0.064390 0.136048
0.219204 -0.064373 0.136049
0.219229 -0.064212 0.136049
0.219234 -0.064147 0.136068
0.219239 -0.064084 0.136072
0.219238 -0.063933 0.136096
0.219239 -0.063878 0.136110
0.219237 -0.063802 0.136128
0.219229 -0.063685 0.136149
0.219223 -0.063632 0.136161
0.219210 -0.063565 0.136173
0.219171 -0.063463 0.136194
0.219167 -0.063456 0.136196
0.219140 -0.063438 0.136207
0.219108 -0.063483 0.136219
0.219085 -0.063506 0.136232
0.219057 -0.063575 0.136245
0.219023 -0.063641 0.136236
0.218989 -0.063633 0.136226
0.218945 -0.063657 0.136192
0.218915 -0.063669 0.136181
0.218885 -0.063704 0.136160
0.218853 -0.063775 0.136129
0.218835 -0.063796 0.136117
0.218804 -0.063874 0.136088
0.218795 -0.063902 0.136077
0.218786 -0.063957 0.136062
0.218776 -0.064041 0.136048
0.218794 -0.064117 0.136028
0.218791 -0.064146 0.136027
0.218805 -0.064193 0.136022
0.218828 -0.064238 0.136015
0.218856 -0.064279 0.136011
0.218883 -0.064308 0.136011
0.218920 -0.064332 0.136011
0.218965 -0.064345 0.136013
0.219007 -0.064349 0.136013
0.219036 -0.064357 0.136010
0.219096 -0.064315 0.136019
0.219130 -0.064288 0.136021
0.219177 -0.064219 0.136026
0.219204 -0.064173 0.136027
0.219235 -0.064095 0.136035
0.219260 -0.064035 0.136046
0.219286 -0.063954 0.136063
0.219301 -0.063866 0.136076
0.219309 -0.063774 0.136087
0.219314 -0.063699 0.136102
0.219316 -0.063636 0.136124
0.219312 -0.063544 0.136157
0.219311 -0.063524 0.136164
0.219302 -0.063470 0.136182
0.219289 -0.063435 0.136194
0.219270 -0.063406 0.136205
0.219251 -0.063389 0.136216
0.219231 -0.063379 0.136226
0.219214 -0.063379 0.136238
0.219191 -0.063429 0.136234
0.219150 -0.063512 0.136248
0.219084 -0.063570 0.136261
0.219045 -0.063607 0.136252
0.218991 -0.063628 0.136240
0.218946 -0.063663 0.136221
0.218916 -0.063698 0.136205
0.218884 -0.063745 0.136189
0.218862 -0.063786 0.136176
0.218843 -0.063832 0.136160
0.218834 -0.063880 0.136145
0.218830 -0.063931 0.136131
0.218834 -0.063982 0.136119
0.218851 -0.064037 0.136106
0.218867 -0.064064 0.136100
0.218895 -0.064094 0.136094
0.218904 -0.064092 0.136094
0.218911 -0.064097 0.136094
0.218958 -0.064094 0.136092
0.218980 -0.064109 0.136088
0.219018 -0.064112 0.136088
0.219061 -0.064102 0.136089
0.219122 -0.064055 0.136091
0.219148 -0.064050 0.136092
0.219185 -0.063973 0.136093
0.219208 -0.063964 0.136093
0.219256 -0.063889 0.136099
0.219272 -0.063874 0.136100
0.219276 -0.063869 0.136100
0.219303 -0.063827 0.136107
0.219327 -0.063779 0.136115
0.219347 -0.063727 0.136120
0.219358 -0.063708 0.136125
0.219373 -0.063652 0.136133
0.219373 -0.063652 0.136133
0.219385 -0.063585 0.136143
0.219392 -0.063557 0.136152
0.219397 -0.063534 0.136161
0.219399 -0.063520 0.136168
0.219400 -0.063516 0.136172
0.219400 -0.063506 0.136181
0.219398 -0.063503 0.136191
0.219395 -0.063507 0.136193
0.219385 -0.063527 0.136199
0.219374 -0.063555 0.136212
0.219366 -0.063576 0.136224
0.219343 -0.063615 0.136233
0.219342 -0.063620 0.136233
0.219313 -0.063654 0.136235
0.219287 -0.063666 0.136234
0.219266 -0.063678 0.136231
0.219254 -0.063694 0.136226
0.219229 -0.063721 0.136225
0.219200 -0.063750 0.136224
0.219177 -0.063774 0.136220
0.219168 -0.063795 0.136216
0.219143 -0.063821 0.136210
0.219123 -0.063852 0.136204
0.219107 -0.063886 0.136199
0.219088 -0.063917 0.136195
0.219083 -0.063930 0.136192
0.219069 -0.063963 0.136189
0.219057 -0.063994 0.136186
0.219053 -0.064025 0.136184
0.219051 -0.064032 0.136182
0.219050 -0.064056 0.136182
0.219052 -0.064077 0.136182
0.219057 -0.064100 0.136181
0.219062 -0.064100 0.136182
0.219089 -0.064126 0.136182
0.219113 -0.064135 0.136180
0.219136 -0.064133 0.136178
0.219164 -0.064125 0.136178
0.219199 -0.064113 0.136176
0.219217 -0.064112 0.136174
0.219263 -0.064087 0.136171
0.219303 -0.064063 0.136169
0.219339 -0.064042 0.136169
0.219349 -0.064037 0.136168
0.219370 -0.064025 0.136167
0.219406 -0.064008 0.136166
0.219435 -0.063994 0.136167
0.219480 -0.063976 0.136173
0.219522 -0.063955 0.136175
0.219553 -0.063938 0.136178
0.219581 -0.063923 0.136182
0.219608 -0.063910 0.136186
0.219633 -0.063899 0.136190
0.219647 -0.063893 0.136197
0.219682 -0.063882 0.136204
0.219706 -0.063877 0.136212
0.219731 -0.063871 0.136221
0.219751 -0.063871 0.136228
0.219770 -0.063871 0.136234
0.219788 -0.063872 0.136240
0.219802 -0.063870 0.136244
0.219820 -0.063879 0.136251
0.219836 -0.063884 0.136258
0.219853 -0.063887 0.136262
0.219868 -0.063894 0.136265
0.219878 -0.063901 0.136268
0.219890 -0.063912 0.136271
0.219898 -0.063925 0.136274
0.219899 -0.063927 0.136275
0.219906 -0.063938 0.136278
0.219914 -0.063952 0.136281
0.219914 -0.063952 0.136281
0.219919 -0.063965 0.136283
0.219924 -0.063979 0.136285
0.219931 -0.063991 0.136286
0.219938 -0.064005 0.136287
0.219952 -0.064027 0.136289
0.219960 -0.064040 0.136289
0.219974 -0.064053 0.136290
0.220001 -0.064072 0.136291
0.220023 -0.064085 0.136291
0.220029 -0.064088 0.136290
0.220047 -0.064095 0.136289
0.220066 -0.064104 0.136289
0.220093 -0.064114 0.136289
0.220152 -0.064119 0.136287
0.220192 -0.064121 0.136286
0.220234 -0.064120 0.136284
0.220243 -0.064120 0.136284
0.220279 -0.064119 0.136283
0.220318 -0.064116 0.136283
0.220359 -0.064112 0.136284
0.220401 -0.064107 0.136284
0.220499 -0.064094 0.136284
0.220531 -0.064084 0.136284
0.220565 -0.064080 0.136285
0.220665 -0.064059 0.136289
0.220678 -0.064057 0.136290
0.220789 -0.064029 0.136293
0.220803 -0.064025 0.136294
0.220859 -0.064009 0.136297
0.220985 -0.063972 0.136303
0.221064 -0.063950 0.136306
0.221142 -0.063928 0.136312
0.221217 -0.063909 0.136318
0.221305 -0.063891 0.136325
0.221380 -0.063880 0.136333
0.221455 -0.063869 0.136340
0.221528 -0.063859 0.136346
0.221543 -0.063858 0.136348
0.221601 -0.063854 0.136355
0.221673 -0.063854 0.136364
0.221730 -0.063855 0.136372
0.221730 -0.063855 0.136372
0.221853 -0.063861 0.136388
0.221926 -0.063868 0.136398
0.222043 -0.063884 0.136413
0.222130 -0.063898 0.136425
0.222205 -0.063912 0.136435
0.222292 -0.063929 0.136448
0.222306 -0.063931 0.136450
0.222361 -0.063945 0.136458
0.222416 -0.063960 0.136466
0.222550 -0.063996 0.136484
0.222574 -0.064011 0.136490
0.222620 -0.064020 0.136495
0.222687 -0.064040 0.136504
0.222800 -0.064076 0.136520
0.222872 -0.064098 0.136530
0.222937 -0.064117 0.136538
0.223018 -0.064138 0.136548
0.223030 -0.064141 0.136550
0.223086 -0.064155 0.136556
0.223141 -0.064165 0.136562
0.223269 -0.064185 0.136576
0.223283 -0.064187 0.136577
0.223340 -0.064195 0.136583
0.223412 -0.064205 0.136592
0.223471 -0.064212 0.136599
0.223545 -0.064220 0.136608
0.223671 -0.064230 0.136624
0.223783 -0.064234 0.136639
0.223852 -0.064234 0.136645
0.223958 -0.064236 0.136660
0.223976 -0.064235 0.136663
0.224135 -0.064226 0.136683
0.224196 -0.064221 0.136690
0.224319 -0.064212 0.136708
0.224440 -0.064196 0.136724
0.224544 -0.064181 0.136738
0.224651 -0.064165 0.136751
0.224760 -0.064148 0.136766
0.224780 -0.064144 0.136768
0.224869 -0.064130 0.136779
0.224954 -0.064117 0.136791
0.225065 -0.064097 0.136807
0.225155 -0.064080 0.136819
0.225245 -0.064064 0.136831
0.225365 -0.064045 0.136847
0.225365 -0.064045 0.136847
0.225461 -0.064027 0.136860
0.225556 -0.064012 0.136873
0.225775 -0.063980 0.136902
0.225991 -0.063951 0.136930
0.226187 -0.063931 0.136956
0.226362 -0.063919 0.136980
0.226532 -0.063910 0.137004
0.226700 -0.063903 0.137027
0.226887 -0.063907 0.137054
0.227073 -0.063913 0.137079
0.227256 -0.063926 0.137102
0.227438 -0.063936 0.137128
0.227607 -0.063948 0.137151
0.227776 -0.063962 0.137174
0.227964 -0.063982 0.137200
0.228107 -0.063997 0.137219
0.228292 -0.064018 0.137246
0.228465 -0.064039 0.137270
0.228636 -0.064058 0.137294
0.228808 -0.064078 0.137319
0.228981 -0.064093 0.137345
0.229156 -0.064109 0.137371
0.229324 -0.064120 0.137394
0.229515 -0.064131 0.137420
0.229686 -0.064136 0.137442
0.229877 -0.064140 0.137468
0.230077 -0.064140 0.137493
0.230236 -0.064135 0.137513
0.230428 -0.064124 0.137539
0.230623 -0.064108 0.137564
0.230818 -0.064085 0.137589
0.231044 -0.064050 0.137615
0.231241 -0.064018 0.137642
0.231433 -0.063983 0.137667
0.231620 -0.063948 0.137690
0.231825 -0.063905 0.137717
0.232040 -0.063859 0.137745
0.232241 -0.063810 0.137770
0.232459 -0.063752 0.137795
0.232643 -0.063702 0.137818
0.232857 -0.063648 0.137842
0.233074 -0.063591 0.137865
0.233271 -0.063542 0.137888
0.233474 -0.063493 0.137907
0.233665 -0.063455 0.137929
0.233902 -0.063419 0.137955
0.234094 -0.063392 0.137976
0.234322 -0.063362 0.137997
0.234547 -0.063346 0.138021
0.234738 -0.063339 0.138042
0.234961 -0.063340 0.138067
0.235135 -0.063345 0.138085
0.235340 -0.063356 0.138108
0.235545 -0.063371 0.138130
0.235742 -0.063389 0.138151
0.235947 -0.063406 0.138170
0.236154 -0.063419 0.138186
0.236345 -0.063419 0.138197
0.236531 -0.063415 0.138207
0.236717 -0.063410 0.138217
0.236901 -0.063408 0.138228
0.237084 -0.063404 0.138241
0.237265 -0.063397 0.138256
0.237417 -0.063389 0.138268
0.237598 -0.063375 0.138283
0.237772 -0.063357 0.138298
0.237948 -0.063334 0.138312
0.238091 -0.063306 0.138322
0.238271 -0.063264 0.138334
0.238438 -0.063223 0.138344
0.238612 -0.063184 0.138353
0.238746 -0.063157 0.138363
0.238901 -0.063128 0.138375
0.239051 -0.063095 0.138386
0.239196 -0.063060 0.138397
0.239339 -0.063024 0.138406
0.239470 -0.062992 0.138414
0.239618 -0.062959 0.138428
0.239759 -0.062931 0.138442
0.239891 -0.062905 0.138455
0.240002 -0.062883 0.138467
0.240150 -0.062856 0.138483
0.240281 -0.062833 0.138496
0.240406 -0.062818 0.138509
0.240524 -0.062805 0.138524
0.240670 -0.062798 0.138540
0.240774 -0.062795 0.138553
0.240911 -0.062794 0.138569
0.241046 -0.062801 0.138585
0.241150 -0.062811 0.138597
0.241283 -0.062828 0.138614
0.241400 -0.062846 0.138627
0.241539 -0.062870 0.138643
0.241646 -0.062891 0.138655
0.241768 -0.062916 0.138668
0.241890 -0.062941 0.138680
0.242002 -0.062965 0.138693
0.242117 -0.062988 0.138705
0.242220 -0.063012 0.138717
0.242338 -0.063035 0.138732
0.242454 -0.063056 0.138750
0.242569 -0.063074 0.138767
0.242677 -0.063091 0.138788
0.242784 -0.063102 0.138810
0.242888 -0.063110 0.138834
0.242988 -0.063114 0.138859
0.243072 -0.063114 0.138881
0.243167 -0.063110 0.138908
0.243256 -0.063103 0.138935
0.243340 -0.063093 0.138963
0.243421 -0.063079 0.138990
0.243484 -0.063066 0.139014
0.243557 -0.063051 0.139042
0.243627 -0.063036 0.139073
0.243687 -0.063022 0.139101
0.243746 -0.063009 0.139130
0.243801 -0.062995 0.139159
0.243854 -0.062981 0.139187
0.243905 -0.062970 0.139217
0.243958 -0.062960 0.139247
0.244001 -0.062954 0.139272
0.244051 -0.062949 0.139303
0.244100 -0.062949 0.139335
0.244151 -0.062955 0.139369
0.244194 -0.062966 0.139395
0.244238 -0.062984 0.139424
0.244279 -0.063003 0.139450
0.244320 -0.063027 0.139476
0.244362 -0.063056 0.139500
0.244402 -0.063087 0.139523
0.244445 -0.063122 0.139546
0.244484 -0.063157 0.139569
0.244532 -0.063201 0.139595
0.244548 -0.063223 0.139604
0.244589 -0.063264 0.139627
0.244634 -0.063305 0.139653
0.244683 -0.063348 0.139680
0.244730 -0.063387 0.139706
0.244774 -0.063422 0.139733
0.244822 -0.063459 0.139760
0.244905 -0.063521 0.139808
0.244918 -0.063529 0.139815
0.244977 -0.063571 0.139855
0.245021 -0.063602 0.139887
0.245064 -0.063631 0.139917
0.245107 -0.063662 0.139951
0.245146 -0.063689 0.139982
0.245171 -0.063708 0.140004
0.245217 -0.063742 0.140057
0.245244 -0.063766 0.140096
0.245271 -0.063793 0.140142
0.245292 -0.063818 0.140191
0.245307 -0.063841 0.140240
0.245318 -0.063865 0.140292
0.245322 -0.063906 0.140385
0.245322 -0.063917 0.140419
0.245314 -0.063944 0.140480
0.245304 -0.063972 0.140548
0.245285 -0.064006 0.140615
0.245262 -0.064044 0.140684
0.245237 -0.064077 0.140744
0.245184 -0.064145 0.140847
0.245164 -0.064177 0.140886
0.245126 -0.064229 0.140947
0.245081 -0.064292 0.141014
0.245031 -0.064357 0.141074
0.244982 -0.064424 0.141132
0.244926 -0.064504 0.141196
0.244923 -0.064511 0.141199
0.244885 -0.064552 0.141234
0.244835 -0.064629 0.141286
0.244835 -0.064629 0.141286
0.244755 -0.064756 0.141366
0.244747 -0.064770 0.141374
0.244686 -0.064866 0.141429
0.244665 -0.064899 0.141450
0.244616 -0.064976 0.141492
0.244575 -0.065041 0.141524
0.244575 -0.065041 0.141524
0.244497 -0.065171 0.141592
0.244433 -0.065279 0.141644
0.244411 -0.065306 0.141662
0.244353 -0.065408 0.141705
0.244304 -0.065501 0.141743
0.244271 -0.065542 0.141770
0.244225 -0.065636 0.141807
0.244180 -0.065728 0.141846
0.244156 -0.065755 0.141865
0.244130 -0.065832 0.141889
0.244056 -0.065962 0.141949
0.244025 -0.065993 0.141974
0.243984 -0.066089 0.142010
0.243945 -0.066186 0.142048
0.243918 -0.066209 0.142071
0.243862 -0.066321 0.142121
0.243850 -0.066397 0.142138
0.243843 -0.066403 0.142144
0.243829 -0.066479 0.142162
0.243762 -0.066595 0.142230
0.243702 -0.066639 0.142285
0.243611 -0.066766 0.142375
0.243564 -0.066862 0.142432
0.243521 -0.066949 0.142485
0.243521 -0.066949 0.142485
0.243498 -0.067018 0.142521
0.243456 -0.067048 0.142562
0.243438 -0.067119 0.142599
0.243360 -0.067217 0.142690
0.243328 -0.067309 0.142760
0.243255 -0.067378 0.142843
0.243177 -0.067454 0.142936
0.243111 -0.067520 0.143016
0.243054 -0.067579 0.143090
0.243038 -0.067608 0.143128
0.242974 -0.067665 0.143208
0.242877 -0.067747 0.143320
0.242822 -0.067799 0.143393
0.242789 -0.067823 0.143424
0.242752 -0.067852 0.143463
0.242697 -0.067916 0.143573
0.242590 -0.068006 0.143702
0.242522 -0.068060 0.143766
0.242474 -0.068108 0.143856
0.242391 -0.068177 0.143948
0.242284 -0.068269 0.144062
0.242182 -0.068359 0.144164
0.242102 -0.068431 0.144258
0.242026 -0.068501 0.144341
0.242011 -0.068515 0.144357
0.241905 -0.068615 0.144466
0.241783 -0.068735 0.144598
0.241668 -0.068853 0.144714
0.241539 -0.068989 0.144844
0.241485 -0.069063 0.144916
0.241387 -0.069153 0.144986
0.241298 -0.069232 0.145045
0.241110 -0.069461 0.145232
0.240974 -0.069647 0.145372
0.240878 -0.069772 0.145457
0.240768 -0.069921 0.145558
0.240650 -0.070089 0.145663
0.240588 -0.070198 0.145730
0.240462 -0.070377 0.145833
0.240346 -0.070545 0.145928
0.240256 -0.070700 0.146012
0.240186 -0.070798 0.146067
0.240150 -0.070900 0.146120
0.240110 -0.070998 0.146172
0.240026 -0.071148 0.146251
0.239926 -0.071324 0.146351
0.239803 -0.071499 0.146461
0.239716 -0.071655 0.146563
0.239629 -0.071782 0.146656
0.239529 -0.071937 0.146777
0.239445 -0.072041 0.146872
0.239411 -0.072136 0.146945
0.239265 -0.072285 0.147113
0.239184 -0.072343 0.147194
0.239072 -0.072495 0.147367
0.239040 -0.072557 0.147432
0.238935 -0.072665 0.147578
0.238778 -0.072787 0.147765
0.238675 -0.072871 0.147893
0.238554 -0.072974 0.148044
0.238549 -0.072981 0.148055
0.238503 -0.073021 0.148116
0.238423 -0.073080 0.148209
0.238382 -0.073119 0.148275
0.238338 -0.073144 0.148313
0.238324 -0.073158 0.148335
0.238168 -0.073269 0.148512
0.238127 -0.073301 0.148569
0.237996 -0.073389 0.148700
0.237872 -0.073476 0.148822
0.237772 -0.073550 0.148924
0.237717 -0.073589 0.148972
0.237633 -0.073649 0.149054
0.237423 -0.073801 0.149264
0.237259 -0.073925 0.149412
0.237107 -0.074047 0.149549
0.236945 -0.074169 0.149685
0.236771 -0.074308 0.149830
0.236601 -0.074442 0.149958
0.236442 -0.074574 0.150076
0.236267 -0.074717 0.150200
0.236092 -0.074864 0.150327
0.235911 -0.075017 0.150452
0.235734 -0.075173 0.150579
0.235563 -0.075321 0.150700
0.235384 -0.075485 0.150832
0.235185 -0.075660 0.150970
0.235014 -0.075812 0.151090
0.234831 -0.075978 0.151219
0.234661 -0.076130 0.151340
0.234467 -0.076308 0.151477
0.234305 -0.076457 0.151598
0.234205 -0.076555 0.151677
0.233998 -0.076726 0.151807
0.233899 -0.076804 0.151873
0.233639 -0.077061 0.152089
0.233437 -0.077254 0.152256
0.233344 -0.077360 0.152346
0.233222 -0.077449 0.152438
0.233067 -0.077578 0.152570
0.232962 -0.077668 0.152666
0.232842 -0.077769 0.152774
0.232711 -0.077876 0.152898
0.232653 -0.077944 0.152961
0.232447 -0.078116 0.153164
0.232326 -0.078225 0.153293
0.232228 -0.078276 0.153385
0.232120 -0.078366 0.153503
0.231981 -0.078505 0.153669
0.231852 -0.078610 0.153816
0.231776 -0.078651 0.153895
0.231635 -0.078784 0.154066
0.231528 -0.078869 0.154191
0.231430 -0.078925 0.154297
0.231320 -0.079010 0.154422
0.231198 -0.079126 0.154575
0.231050 -0.079239 0.154744
0.230961 -0.079305 0.154844
0.230863 -0.079360 0.154947
0.230779 -0.079416 0.155033
0.230650 -0.079520 0.155184
0.230567 -0.079561 0.155260
0.230356 -0.079755 0.155506
0.230227 -0.079861 0.155645
0.230141 -0.079915 0.155723
0.230005 -0.080019 0.155855
0.229928 -0.080062 0.155918
0.229778 -0.080178 0.156053
0.229694 -0.080256 0.156139
0.229556 -0.080338 0.156237
0.229401 -0.080466 0.156372
0.229223 -0.080604 0.156513
0.229049 -0.080738 0.156642
0.228860 -0.080886 0.156779
0.228705 -0.081005 0.156884
0.228602 -0.081077 0.156947
0.228523 -0.081129 0.156989
0.228294 -0.081315 0.157145
0.228159 -0.081421 0.157230
0.228004 -0.081538 0.157321
0.227930 -0.081590 0.157360
0.227851 -0.081656 0.157413
0.227618 -0.081835 0.157547
0.227471 -0.081964 0.157640
0.227281 -0.082109 0.157743
0.227101 -0.082241 0.157835
0.226927 -0.082360 0.157920
0.226824 -0.082423 0.157967
0.226716 -0.082488 0.158018
0.226511 -0.082634 0.158118
0.226273 -0.082788 0.158228
0.226167 -0.082839 0.158276
0.225956 -0.082970 0.158372
0.225758 -0.083127 0.158459
0.225566 -0.083230 0.158545
0.225396 -0.083316 0.158621
0.225204 -0.083402 0.158707
0.225043 -0.083466 0.158780
0.224853 -0.083535 0.158867
0.224670 -0.083589 0.158948
0.224491 -0.083638 0.159028
0.224307 -0.083675 0.159110
0.224194 -0.083686 0.159164
0.224167 -0.083695 0.159175
0.223876 -0.083745 0.159289
0.223650 -0.083759 0.159380
0.223463 -0.083761 0.159453
0.223092 -0.083743 0.159597
0.222749 -0.083704 0.159725
0.222487 -0.083668 0.159812
0.222334 -0.083634 0.159839
0.222133 -0.083596 0.159897
0.222026 -0.083562 0.159906
0.221928 -0.083550 0.159946
0.221799 -0.083532 0.159989
0.221399 -0.083415 0.160033
0.221183 -0.083363 0.160061
0.221023 -0.083346 0.160095
0.220819 -0.083306 0.160119
0.220714 -0.083311 0.160147
0.220494 -0.083277 0.160166
0.220185 -0.083205 0.160163
0.219927 -0.083158 0.160163
0.219706 -0.083141 0.160172
0.219563 -0.083083 0.160146
0.219467 -0.083101 0.160164
0.219161 -0.083065 0.160162
0.218864 -0.083038 0.160159
0.218592 -0.083014 0.160156
0.218201 -0.082978 0.160150
0.217894 -0.083035 0.160195
0.217563 -0.083046 0.160215
0.217276 -0.083082 0.160251
0.217025 -0.083108 0.160276
0.216640 -0.083132 0.160306
0.216583 -0.083126 0.160299
0.216157 -0.083109 0.160303
0.216115 -0.083110 0.160309
0.215716 -0.083084 0.160320
0.215346 -0.083059 0.160256
0.214992 -0.083022 0.160272
0.214788 -0.083020 0.160242
0.214417 -0.082967 0.160256
0.214233 -0.082973 0.160238
0.213877 -0.082889 0.160253
0.213687 -0.082889 0.160236
0.213428 -0.082847 0.160237
0.213026 -0.082727 0.160253
0.212878 -0.082728 0.160244
0.212459 -0.082587 0.160256
0.212397 -0.082564 0.160257
0.211930 -0.082428 0.160260
0.211792 -0.082416 0.160255
0.211377 -0.082258 0.160257
0.211206 -0.082218 0.160253
0.210999 -0.082103 0.160252
0.210734 -0.082058 0.160242
0.210279 -0.081890 0.160222
0.210140 -0.081862 0.160215
0.209730 -0.081717 0.160192
0.209548 -0.081676 0.160182
0.209290 -0.081605 0.160166
0.208867 -0.081496 0.160139
0.208703 -0.081468 0.160130
0.208279 -0.081397 0.160101
0.208115 -0.081373 0.160089
0.207778 -0.081329 0.160058
0.207369 -0.081267 0.159997
0.207177 -0.081251 0.159972
0.206736 -0.081207 0.159904
0.206569 -0.081204 0.159881
0.206123 -0.081181 0.159810
0.205937 -0.081187 0.159784
0.205491 -0.081179 0.159713
0.205468 -0.081178 0.159709
0.205308 -0.081172 0.159684
0.204672 -0.081205 0.159602
0.204505 -0.081229 0.159587
0.204017 -0.081240 0.159532
0.203895 -0.081265 0.159526
0.203456 -0.081269 0.159485
0.203289 -0.081289 0.159475
0.203100 -0.081286 0.159458
0.202841 -0.081255 0.159430
0.202573 -0.081290 0.159415
0.202078 -0.081271 0.159369
0.201912 -0.081279 0.159360
0.201567 -0.081239 0.159323
0.201425 -0.081231 0.159311
0.201080 -0.081180 0.159275
0.200918 -0.081161 0.159261
0.200588 -0.081101 0.159231
0.200465 -0.081078 0.159218
0.200234 -0.081028 0.159199
0.199935 -0.080961 0.159181
0.199799 -0.080926 0.159168
0.199491 -0.080851 0.159155
0.199338 -0.080809 0.159139
0.199059 -0.080741 0.159136
0.198924 -0.080707 0.159123
0.198652 -0.080651 0.159128
0.198482 -0.080613 0.159108
0.198284 -0.080576 0.159098
0.198035 -0.080542 0.159112
0.197895 -0.080520 0.159091
0.197649 -0.080500 0.159101
0.197477 -0.080482 0.159078
0.197424 -0.080484 0.159096
0.197340 -0.080488 0.159113
0.197062 -0.080481 0.159108
0.196704 -0.080481 0.159075
0.196572 -0.080483 0.159068
0.196345 -0.080489 0.159054
0.196208 -0.080499 0.159041
0.196097 -0.080512 0.159031
0.196004 -0.080517 0.159034
0.195947 -0.080530 0.159058
0.195711 -0.080579 0.159091
0.195546 -0.080605 0.159080
0.195356 -0.080637 0.159085
0.195045 -0.080690 0.159093
0.194862 -0.080722 0.159110
0.194680 -0.080752 0.159129
0.194522 -0.080775 0.159147
0.194365 -0.080792 0.159164
0.194167 -0.080795 0.159192
0.194039 -0.080795 0.159202
0.193895 -0.080791 0.159212
0.193774 -0.080795 0.159212
0.193624 -0.080781 0.159216
0.193497 -0.080764 0.159219
0.193362 -0.080743 0.159217
0.193232 -0.080682 0.159209
0.193124 -0.080654 0.159201
0.193032 -0.080616 0.159189
0.192909 -0.080592 0.159179
0.192806 -0.080528 0.159156
0.192804 -0.080510 0.159148
0.192777 -0.080500 0.159143
0.192578 -0.080420 0.159101
0.192449 -0.080372 0.159074
0.192366 -0.080339 0.159050
0.192287 -0.080312 0.159026
0.192222 -0.080292 0.159001
0.192140 -0.080274 0.158978
0.192068 -0.080261 0.158964
0.192007 -0.080248 0.158917
0.191931 -0.080238 0.158905
0.191878 -0.080229 0.158889
0.191823 -0.080212 0.158846
0.191818 -0.080199 0.158781
0.191707 -0.080196 0.158733
0.191658 -0.080194 0.158695
0.191655 -0.080193 0.158665
0.191571 -0.080199 0.158623
0.191580 -0.080202 0.158598
0.191569 -0.080208 0.158564
0.191524 -0.080216 0.158535
0.191436 -0.080230 0.158498
0.191420 -0.080238 0.158472
0.191413 -0.080248 0.158438
0.191398 -0.080256 0.158412
0.191394 -0.080265 0.158382
0.191397 -0.080272 0.158348
0.191400 -0.080276 0.158326
0.191412 -0.080280 0.158293
0.191424 -0.080285 0.158266
0.191440 -0.080287 0.158240
0.191458 -0.080289 0.158217
0.191480 -0.080292 0.158193
0.191507 -0.080294 0.158165
0.191536 -0.080295 0.158144
0.191564 -0.080298 0.158123
0.191579 -0.080300 0.158110
0.191611 -0.080304 0.158091
0.191627 -0.080308 0.158079
0.191675 -0.080318 0.158059
0.191765 -0.080335 0.158031
0.191825 -0.080351 0.158011
0.191852 -0.080361 0.158001
0.191944 -0.080387 0.157975
0.192010 -0.080410 0.157956
0.192074 -0.080434 0.157934
0.192163 -0.080465 0.157910
0.192229 -0.080489 0.157894
0.192309 -0.080520 0.157875
0.192349 -0.080539 0.157867
0.192477 -0.080577 0.157838
0.192568 -0.080606 0.157821
0.192666 -0.080636 0.157803
0.192775 -0.080661 0.157782
0.192868 -0.080681 0.157765
0.192963 -0.080698 0.157749
0.193023 -0.080706 0.157741
0.193207 -0.080721 0.157702
0.193313 -0.080722 0.157680
0.193433 -0.080722 0.157655
0.193588 -0.080715 0.157617
0.193634 -0.080711 0.157610
0.193849 -0.080693 0.157547
0.193998 -0.080673 0.157501
0.194163 -0.080652 0.157450
0.194341 -0.080622 0.157388
0.194507 -0.080591 0.157329
0.194683 -0.080557 0.157262
0.194875 -0.080518 0.157185
0.195043 -0.080482 0.157117
0.195242 -0.080440 0.157032
0.195315 -0.080427 0.157002
0.195453 -0.080402 0.156942
0.195654 -0.080356 0.156847
0.195866 -0.080311 0.156743
0.196097 -0.080265 0.156627
0.196331 -0.080212 0.156500
0.196525 -0.080173 0.156396
0.196615 -0.080172 0.156347
0.196858 -0.080121 0.156209
0.197066 -0.080082 0.156089
0.197321 -0.080036 0.155936
0.197520 -0.080003 0.155814
0.197754 -0.079955 0.155666
0.197993 -0.079896 0.155508
0.198345 -0.079788 0.155262
0.198551 -0.079747 0.155123
0.198783 -0.079697 0.154962
0.198978 -0.079639 0.154824
0.199213 -0.079581 0.154658
0.199436 -0.079516 0.154498
0.199659 -0.079446 0.154338
0.199871 -0.079366 0.154180
0.200075 -0.079283 0.154030
0.200336 -0.079186 0.153842
0.200563 -0.079085 0.153674
0.200750 -0.078989 0.153533
0.200807 -0.078967 0.153494
0.200807 -0.078967 0.153494
0.201052 -0.078841 0.153314
0.201274 -0.078725 0.153151
0.201359 -0.078647 0.153072
0.201589 -0.078514 0.152901
0.201731 -0.078465 0.152818
0.201971 -0.078316 0.152642
0.202048 -0.078240 0.152566
0.202278 -0.078088 0.152392
0.202505 -0.077939 0.152224
0.202643 -0.077880 0.152143
0.202875 -0.077719 0.151967
0.203135 -0.077554 0.151777
0.203248 -0.077442 0.151670
0.203482 -0.077276 0.151486
0.203588 -0.077232 0.151419
0.203831 -0.077076 0.151231
0.203928 -0.076980 0.151139
0.204016 -0.076879 0.151047
0.204195 -0.076753 0.150902
0.204367 -0.076692 0.150786
0.204455 -0.076589 0.150695
0.204680 -0.076454 0.150514
0.204938 -0.076304 0.150305
0.205290 -0.076132 0.150024
0.205403 -0.076104 0.149941
0.205586 -0.075991 0.149779
0.205764 -0.075880 0.149620
0.205844 -0.075784 0.149531
0.206104 -0.075658 0.149303
0.206315 -0.075541 0.149109
0.206438 -0.075510 0.149006
0.206615 -0.075393 0.148833
0.206779 -0.075290 0.148670
0.206935 -0.075188 0.148512
0.207118 -0.075068 0.148324
0.207283 -0.074963 0.148155
0.207372 -0.074931 0.148073
0.207455 -0.074847 0.147977
0.207692 -0.074710 0.147743
0.207867 -0.074587 0.147563
0.208010 -0.074484 0.147413
0.208162 -0.074371 0.147255
0.208251 -0.074327 0.147174
0.208377 -0.074230 0.147042
0.208566 -0.074096 0.146855
0.208711 -0.073991 0.146713
0.208857 -0.073885 0.146570
0.209011 -0.073773 0.146420
0.209105 -0.073722 0.146340
0.209232 -0.073625 0.146216
0.209404 -0.073501 0.146054
0.209568 -0.073389 0.145904
0.209741 -0.073265 0.145744
0.209838 -0.073209 0.145667
0.209984 -0.073104 0.145534
0.210134 -0.072998 0.145398
0.210267 -0.072898 0.145272
0.210331 -0.072844 0.145203
0.210370 -0.072808 0.145159
0.210458 -0.072744 0.145080
0.210669 -0.072614 0.144920
0.210723 -0.072565 0.144857
0.211085 -0.072318 0.144564
0.211085 -0.072318 0.144564
0.211217 -0.072216 0.144443
0.211422 -0.072067 0.144270
0.211575 -0.071951 0.144135
0.211669 -0.071891 0.144068
0.211893 -0.071727 0.143881
0.212032 -0.071622 0.143758
0.212123 -0.071564 0.143690
0.212319 -0.071402 0.143497
0.212423 -0.071327 0.143404
0.212645 -0.071174 0.143212
0.212686 -0.071141 0.143167
0.212801 -0.071058 0.143058
0.212988 -0.070933 0.142885
0.213049 -0.070887 0.142818
0.213141 -0.070822 0.142721
0.213325 -0.070699 0.142536
0.213350 -0.070675 0.142495
0.213412 -0.070630 0.142418
0.213534 -0.070544 0.142278
0.213557 -0.070524 0.142237
0.213693 -0.070426 0.142072
0.213807 -0.070345 0.141930
0.213916 -0.070263 0.141789
0.213937 -0.070247 0.141746
0.214058 -0.070156 0.141582
0.214172 -0.070070 0.141427
0.214196 -0.070050 0.141373
0.214297 -0.069972 0.141232
0.214404 -0.069884 0.141078
0.214423 -0.069869 0.141034
0.214525 -0.069783 0.140884
0.214631 -0.069691 0.140731
0.214724 -0.069604 0.140592
0.214749 -0.069582 0.140538
0.214847 -0.069488 0.140398
0.214935 -0.069399 0.140276
0.214975 -0.069358 0.140188
0.215066 -0.069265 0.140055
0.215165 -0.069161 0.139911
0.215189 -0.069134 0.139858
0.215288 -0.069028 0.139715
0.215386 -0.068924 0.139575
0.215478 -0.068824 0.139437
0.215499 -0.068800 0.139394
0.215601 -0.068689 0.139246
0.215683 -0.068603 0.139142
0.215708 -0.068570 0.139087
0.215817 -0.068449 0.138923
0.215912 -0.068342 0.138786
0.215912 -0.068342 0.138786
0.215994 -0.068259 0.138686
0.216127 -0.068097 0.138469
0.216145 -0.068067 0.138426
0.216237 -0.067961 0.138297
0.216324 -0.067861 0.138173
0.216451 -0.067719 0.138008
0.216463 -0.067704 0.137989
0.216503 -0.067641 0.137906
0.216546 -0.067598 0.137857
0.216634 -0.067485 0.137722
0.216671 -0.067427 0.137648
0.216757 -0.067327 0.137531
0.216834 -0.067236 0.137426
0.216858 -0.067196 0.137377
0.216936 -0.067104 0.137265
0.217013 -0.067008 0.137148
0.217033 -0.066975 0.137105
0.217102 -0.066890 0.136998
0.217172 -0.066802 0.136885
0.217189 -0.066772 0.136840
0.217250 -0.066692 0.136736
0.217312 -0.066612 0.136623
0.217326 -0.066582 0.136578
0.217383 -0.066510 0.136475
0.217440 -0.066436 0.136366
0.217509 -0.066359 0.136249
0.217526 -0.066324 0.136193
0.217546 -0.066307 0.136169
0.217617 -0.066218 0.136027
0.217632 -0.066189 0.135980
0.217694 -0.066122 0.135876
0.217753 -0.066068 0.135785
0.217771 -0.066039 0.135739
0.217830 -0.065985 0.135650
0.217849 -0.065956 0.135605
0.217911 -0.065900 0.135511
0.217969 -0.065851 0.135428
0.217969 -0.065851 0.135428
0.218009 -0.065827 0.135378
0.218095 -0.065740 0.135230
0.218115 -0.065713 0.135187
0.218173 -0.065674 0.135113
0.218236 -0.065630 0.135033
0.218254 -0.065603 0.134992
0.218314 -0.065566 0.134925
0.218374 -0.065531 0.134862
0.218394 -0.065505 0.134822
0.218456 -0.065471 0.134764
0.218474 -0.065450 0.134734
0.218541 -0.065415 0.134675
0.218600 -0.065390 0.134633
0.218628 -0.065360 0.134593
0.218669 -0.065352 0.134576
0.218734 -0.065324 0.134535
0.218758 -0.065299 0.134504
0.218848 -0.065243 0.134440
0.218915 -0.065213 0.134405
0.218942 -0.065189 0.134379
0.219009 -0.065157 0.134347
0.219076 -0.065123 0.134312
0.219103 -0.065101 0.134291
0.219170 -0.065067 0.134260
0.219232 -0.065038 0.134233
0.219264 -0.065015 0.134211
0.219302 -0.064997 0.134197
0.219339 -0.064979 0.134182
0.219339 -0.064979 0.134182
0.219369 -0.064963 0.134167
0.219415 -0.064938 0.134142
0.219447 -0.064918 0.134124
0.219466 -0.064906 0.134111
0.219601 -0.064840 0.134041
0.219625 -0.064827 0.134025
0.219747 -0.064785 0.133978
0.219816 -0.064764 0.133953
0.219942 -0.064736 0.133918
0.219988 -0.064732 0.133913
0.220084 -0.064714 0.133887
0.220153 -0.064701 0.133864
0.220181 -0.064690 0.133844
0.220200 -0.064690 0.133843
0.220289 -0.064677 0.133820
0.220345 -0.064675 0.133818
0.220372 -0.064669 0.133800
0.220464 -0.064663 0.133780
0.220523 -0.064663 0.133778
0.220624 -0.064662 0.133758
0.220624 -0.064662 0.133758
0.220711 -0.064663 0.133740
0.220810 -0.064667 0.133724
0.220810 -0.064667 0.133724
0.220901 -0.064671 0.133707
0.220985 -0.064678 0.133708
0.221084 -0.064683 0.133691
0.221107 -0.064683 0.133674
0.221196 -0.064689 0.133673
0.221300 -0.064693 0.133656
0.221425 -0.064696 0.133639
0.221509 -0.064700 0.133638
0.221639 -0.064699 0.133620
0.221671 -0.064691 0.133606
0.221761 -0.064693 0.133605
0.221898 -0.064684 0.133590
0.222029 -0.064669 0.133576
0.222144 -0.064667 0.133573
0.222283 -0.064645 0.133558
0.222323 -0.064627 0.133547
0.222443 -0.064621 0.133545
0.222612 -0.064595 0.133533
0.222765 -0.064565 0.133521
0.222943 -0.064532 0.133509
0.223056 -0.064517 0.133506
0.223105 -0.064499 0.133497
0.223295 -0.064465 0.133485
0.223413 -0.064447 0.133482
0.223608 -0.064410 0.133470
0.223790 -0.064376 0.133459
0.223790 -0.064376 0.133459
0.223988 -0.064338 0.133448
0.224180 -0.064304 0.133437
0.224327 -0.064278 0.133434
0.224544 -0.064238 0.133423
0.224743 -0.064203 0.133413
0.224743 -0.064203 0.133413
0.225023 -0.064156 0.133397
0.225215 -0.064125 0.133392
0.225350 -0.064102 0.133391
0.225547 -0.064070 0.133388
0.225877 -0.064022 0.133383
0.225970 -0.064008 0.133385
0.226167 -0.063982 0.133380
0.226400 -0.063952 0.133376
0.226521 -0.063935 0.133380
0.226648 -0.063923 0.133374
0.226870 -0.063897 0.133368
0.227143 -0.063866 0.133366
0.227263 -0.063850 0.133372
0.227489 -0.063827 0.133369
0.227563 -0.063823 0.133359
0.227634 -0.063818 0.133355
0.227985 -0.063771 0.133376
0.228223 -0.063742 0.133376
0.228341 -0.063732 0.133368
0.228559 -0.063699 0.133384
0.228779 -0.063669 0.133386
0.229018 -0.063634 0.133395
0.229141 -0.063614 0.133406
0.229401 -0.063576 0.133404
0.229523 -0.063553 0.133415
0.229799 -0.063503 0.133435
0.229937 -0.063482 0.133438
0.230058 -0.063456 0.133450
0.230378 -0.063394 0.133472
0.230619 -0.063350 0.133487
0.230740 -0.063320 0.133499
0.230983 -0.063271 0.133513
0.231184 -0.063237 0.133523
0.231530 -0.063162 0.133548
0.231626 -0.063135 0.133558
0.231810 -0.063095 0.133573
0.232091 -0.063037 0.133591
0.232136 -0.063023 0.133596
0.232396 -0.062976 0.133613
0.232632 -0.062938 0.133629
0.232987 -0.062859 0.133659
0.233196 -0.062818 0.133677
0.233309 -0.062812 0.133683
0.233773 -0.062713 0.133729
0.233970 -0.062682 0.133748
0.234254 -0.062619 0.133780
0.234391 -0.062606 0.133794
0.234611 -0.062566 0.133819
0.234731 -0.062558 0.133831
0.235014 -0.062496 0.133868
0.235282 -0.062438 0.133902
0.235546 -0.062382 0.133939
0.235833 -0.062318 0.133980
0.235970 -0.062308 0.133996
0.236214 -0.062251 0.134033
0.236498 -0.062188 0.134076
0.236761 -0.062131 0.134117
0.237025 -0.062077 0.134157
0.237268 -0.062023 0.134197
0.237389 -0.062011 0.134209
0.237829 -0.061899 0.134290
0.238093 -0.061842 0.134333
0.238374 -0.061786 0.134377
0.238593 -0.061739 0.134411
0.238825 -0.061696 0.134444
0.239105 -0.061641 0.134485
0.239324 -0.061598 0.134518
0.239506 -0.061552 0.134552
0.239646 -0.061515 0.134578
0.239817 -0.061499 0.134594
0.240164 -0.061440 0.134645
0.240575 -0.061369 0.134705
0.240845 -0.061326 0.134745
0.241035 -0.061304 0.134769
0.241324 -0.061262 0.134811
0.241766 -0.061190 0.134879
0.242078 -0.061141 0.134926
0.242294 -0.061105 0.134959
0.242646 -0.061043 0.135012
0.242748 -0.061015 0.135031
0.243081 -0.060949 0.135080
0.243389 -0.060878 0.135129
0.243784 -0.060786 0.135191
0.244103 -0.060706 0.135244
0.244144 -0.060691 0.135253
0.244341 -0.060625 0.135292
0.244734 -0.060488 0.135371
0.245034 -0.060384 0.135434
0.245311 -0.060282 0.135493
0.245568 -0.060185 0.135553
0.245901 -0.060058 0.135634
0.246033 -0.059993 0.135669
0.246191 -0.059918 0.135710
0.246425 -0.059820 0.135774
0.246653 -0.059722 0.135839
0.246886 -0.059625 0.135907
0.247099 -0.059534 0.135975
0.247303 -0.059448 0.136040
0.247568 -0.059350 0.136132
0.247685 -0.059293 0.136169
0.247818 -0.059234 0.136215
0.248012 -0.059166 0.136286
0.248197 -0.059103 0.136356
0.248367 -0.059048 0.136420
0.248536 -0.058997 0.136483
0.248720 -0.058945 0.136551
0.248824 -0.058904 0.136591
0.248984 -0.058865 0.136649
0.249194 -0.058832 0.136715
0.249349 -0.058802 0.136765
0.249460 -0.058772 0.136803
0.249580 -0.058740 0.136846
0.249736 -0.058716 0.136887
0.249885 -0.058697 0.136925
0.250040 -0.058676 0.136958
0.250188 -0.058658 0.136990
0.250337 -0.058641 0.137018
0.250469 -0.058625 0.137047
0.250635 -0.058605 0.137078
0.250788 -0.058588 0.137103
0.250951 -0.058568 0.137125
0.251107 -0.058547 0.137148
0.251265 -0.058522 0.137171
0.251374 -0.058500 0.137196
0.251545 -0.058466 0.137222
0.251716 -0.058424 0.137248
0.251860 -0.058374 0.137271
0.252008 -0.058315 0.137297
0.252144 -0.058246 0.137320
0.252273 -0.058170 0.137345
0.252357 -0.058111 0.137355
0.252493 -0.058036 0.137390
0.252625 -0.057966 0.137427
0.252764 -0.057884 0.137469
0.252889 -0.057800 0.137511
0.253005 -0.057716 0.137550
0.253113 -0.057628 0.137589
0.253180 -0.057576 0.137600
0.253277 -0.057488 0.137638
0.253366 -0.057404 0.137678
0.253411 -0.057359 0.137709
0.253440 -0.057345 0.137741
0.253623 -0.057212 0.137806
0.253687 -0.057186 0.137846
0.253694 -0.057181 0.137848
0.253728 -0.057184 0.137883
0.253796 -0.057172 0.137927
0.253860 -0.057172 0.137973
0.253947 -0.057178 0.138027
0.253991 -0.057219 0.138072
0.254027 -0.057270 0.138114
0.254054 -0.057288 0.138132
0.254077 -0.057350 0.138173
0.254090 -0.057419 0.138212
0.254106 -0.057497 0.138258
0.254109 -0.057563 0.138295
0.254107 -0.057649 0.138339
0.254096 -0.057718 0.138376
0.254103 -0.057771 0.138407
0.254087 -0.057851 0.138450
0.254064 -0.057940 0.138497
0.254044 -0.058018 0.138538
0.254014 -0.058116 0.138589
0.253988 -0.058166 0.138612
0.253950 -0.058291 0.138673
0.253939 -0.058360 0.138707
0.253905 -0.058414 0.138728
0.253863 -0.058524 0.138775
0.253809 -0.058670 0.138833
0.253775 -0.058710 0.138845
0.253693 -0.058889 0.138907
0.253649 -0.058942 0.138921
0.253649 -0.058942 0.138921
0.253578 -0.059061 0.138959
0.253502 -0.059184 0.138999
0.253359 -0.059445 0.139081
0.253304 -0.059505 0.139101
0.253143 -0.059716 0.139170
0.253130 -0.059732 0.139175
0.253081 -0.059819 0.139203
0.252932 -0.060009 0.139267
0.252823 -0.060126 0.139310
0.252711 -0.060241 0.139356
0.252588 -0.060353 0.139399
0.252517 -0.060402 0.139420
0.252320 -0.060603 0.139495
0.252199 -0.060715 0.139538
0.252041 -0.060849 0.139591
0.251872 -0.060982 0.139642
0.251801 -0.061055 0.139670
0.251618 -0.061197 0.139727
0.251447 -0.061321 0.139776
0.251267 -0.061450 0.139829
0.251096 -0.061576 0.139877
0.250974 -0.061648 0.139909
0.250865 -0.061700 0.139934
0.250524 -0.061959 0.140029
0.250234 -0.062171 0.140101
0.250158 -0.062240 0.140118
0.249754 -0.062488 0.140207
0.249552 -0.062629 0.140246
0.249447 -0.062725 0.140261
0.249287 -0.062809 0.140294
0.249004 -0.063005 0.140343
0.248687 -0.063237 0.140383
0.248388 -0.063428 0.140426
0.248108 -0.063611 0.140462
0.247717 -0.063843 0.140520
0.247558 -0.063963 0.140523
0.247461 -0.064047 0.140515
0.247010 -0.064290 0.140579
0.246881 -0.064397 0.140562
0.246605 -0.064549 0.140581
0.246300 -0.064706 0.140603
0.245861 -0.064897 0.140660
0.245751 -0.064965 0.140635
0.245506 -0.065072 0.140638
0.245144 -0.065207 0.140655
0.244802 -0.065323 0.140663
0.244438 -0.065430 0.140679
0.244096 -0.065518 0.140689
0.243573 -0.065630 0.140722
0.243409 -0.065656 0.140690
0.242863 -0.065746 0.140709
0.242654 -0.065767 0.140676
0.242501 -0.065769 0.140633
0.242119 -0.065806 0.140629
0.241814 -0.065844 0.140660
0.241625 -0.065835 0.140607
0.241252 -0.065857 0.140606
0.240901 -0.065873 0.140598
0.240619 -0.065874 0.140575
0.240492 -0.065864 0.140543
0.240089 -0.065884 0.140553
0.239662 -0.065896 0.140549
0.239363 -0.065903 0.140541
0.239234 -0.065896 0.140518
0.238827 -0.065914 0.140525
0.238670 -0.065918 0.140503
0.237934 -0.065966 0.140550
0.237804 -0.065979 0.140541
0.237504 -0.066012 0.140549
0.237376 -0.066038 0.140549
0.236951 -0.066081 0.140575
0.236516 -0.066110 0.140597
0.236375 -0.066111 0.140586
0.235886 -0.066121 0.140601
0.235430 -0.066132 0.140614
0.234942 -0.066151 0.140629
0.234802 -0.066167 0.140626
0.234422 -0.066186 0.140639
0.233970 -0.066212 0.140651
0.233828 -0.066235 0.140650
0.233469 -0.066239 0.140668
0.233313 -0.066269 0.140667
0.233032 -0.066286 0.140678
0.232959 -0.066303 0.140679
0.232492 -0.066331 0.140695
0.232350 -0.066372 0.140698
0.231807 -0.066391 0.140718
0.231348 -0.066413 0.140732
0.231220 -0.066457 0.140736
0.230912 -0.066489 0.140744
0.230779 -0.066538 0.140748
0.230194 -0.066615 0.140764
0.230168 -0.066626 0.140765
0.229626 -0.066706 0.140781
0.229600 -0.066717 0.140781
0.229070 -0.066799 0.140794
0.229047 -0.066811 0.140794
0.228475 -0.066897 0.140807
0.227924 -0.066971 0.140817
0.227462 -0.067020 0.140825
0.227347 -0.067077 0.140823
0.227105 -0.067083 0.140827
0.226923 -0.067164 0.140820
0.226507 -0.067166 0.140828
0.226322 -0.067236 0.140815
0.225779 -0.067268 0.140809
0.225390 -0.067260 0.140812
0.225199 -0.067311 0.140791
0.224761 -0.067299 0.140796
0.224574 -0.067349 0.140778
0.224045 -0.067370 0.140776
0.223928 -0.067414 0.140770
0.223440 -0.067434 0.140771
0.222880 -0.067453 0.140766
0.222759 -0.067484 0.140756
0.222212 -0.067500 0.140746
0.222082 -0.067523 0.140734
0.221634 -0.067495 0.140737
0.221126 -0.067473 0.140734
0.221019 -0.067490 0.140724
0.220911 -0.067504 0.140714
0.220416 -0.067481 0.140709
0.220306 -0.067492 0.140698
0.219796 -0.067460 0.140691
0.219566 -0.067470 0.140666
0.219166 -0.067423 0.140673
0.219049 -0.067425 0.140661
0.218493 -0.067370 0.140658
0.218268 -0.067367 0.140634
0.217843 -0.067321 0.140639
0.217227 -0.067264 0.140625
0.217059 -0.067254 0.140608
0.216478 -0.067194 0.140601
0.215853 -0.067127 0.140599
0.215822 -0.067126 0.140596
0.215137 -0.067060 0.140591
0.215099 -0.067058 0.140588
0.214461 -0.066999 0.140585
0.214298 -0.066992 0.140575
0.213869 -0.066949 0.140592
0.213734 -0.066945 0.140585
0.213118 -0.066908 0.140594
0.213083 -0.066908 0.140593
0.212356 -0.066885 0.140612
0.211841 -0.066864 0.140632
0.211406 -0.066859 0.140650
0.211012 -0.066858 0.140668
0.210541 -0.066849 0.140688
0.210507 -0.066850 0.140689
0.210032 -0.066825 0.140707
0.209751 -0.066816 0.140708
0.209208 -0.066780 0.140725
0.208757 -0.066756 0.140739
0.208423 -0.066745 0.140750
0.208015 -0.066730 0.140763
0.207979 -0.066732 0.140764
0.207335 -0.066714 0.140785
0.207299 -0.066717 0.140787
0.206845 -0.066695 0.140803
0.206563 -0.066724 0.140814
0.206223 -0.066694 0.140827
0.205939 -0.066730 0.140838
0.205564 -0.066693 0.140855
0.205018 -0.066702 0.140879
0.204695 -0.066711 0.140893
0.204660 -0.066717 0.140894
0.204154 -0.066735 0.140917
0.203619 -0.066732 0.140948
0.203582 -0.066739 0.140950
0.203011 -0.066755 0.140983
0.202838 -0.066790 0.140988
0.202349 -0.066791 0.141020
0.202315 -0.066798 0.141021
0.201504 -0.066772 0.141084
0.201203 -0.066788 0.141103
0.201171 -0.066793 0.141104
0.200747 -0.066830 0.141123
0.200551 -0.066861 0.141124
0.200103 -0.066857 0.141154
0.199820 -0.066828 0.141186
0.199568 -0.066856 0.141182
0.199145 -0.066834 0.141215
0.198988 -0.066843 0.141210
0.198607 -0.066820 0.141238
0.198210 -0.066788 0.141266
0.198177 -0.066788 0.141265
0.197848 -0.066762 0.141291
0.197561 -0.066765 0.141281
0.197181 -0.066737 0.141311
0.197053 -0.066741 0.141309
0.196700 -0.066714 0.141338
0.196638 -0.066715 0.141337
0.196343 -0.066682 0.141369
0.196082 -0.066685 0.141365
0.195881 -0.066654 0.141392
0.195749 -0.066653 0.141390
0.195294 -0.066608 0.141417
0.195002 -0.066567 0.141440
0.194931 -0.066565 0.141440
0.194516 -0.066516 0.141467
0.194480 -0.066515 0.141467
0.194066 -0.066463 0.141489
0.194066 -0.066463 0.141489
0.193615 -0.066404 0.141512
0.193432 -0.066394 0.141511
0.193130 -0.066345 0.141536
0.192983 -0.066302 0.141562
0.192691 -0.066288 0.141563
0.192602 -0.066253 0.141585
0.192437 -0.066247 0.141587
0.192231 -0.066202 0.141616
0.191878 -0.066190 0.141624
0.191756 -0.066153 0.141651
0.191643 -0.066150 0.141655
0.191224 -0.066111 0.141696
0.191186 -0.066111 0.141698
0.190954 -0.066077 0.141737
0.190650 -0.066087 0.141754
0.190428 -0.066063 0.141792
0.190373 -0.066066 0.141796
0.190009 -0.066051 0.141841
0.189911 -0.066027 0.141874
0.189599 -0.066026 0.141887
0.189367 -0.066005 0.141923
0.189182 -0.066005 0.141929
0.189101 -0.065989 0.141961
0.188955 -0.065993 0.141967
0.188630 -0.065993 0.142009
0.188418 -0.065993 0.142047
0.188418 -0.065993 0.142047
0.188112 -0.066007 0.142089
0.187941 -0.066019 0.142096
0.187712 -0.066036 0.142137
0.187497 -0.066060 0.142175
0.187304 -0.066079 0.142184
0.187099 -0.066106 0.142220
0.186935 -0.066135 0.142256
0.186786 -0.066154 0.142264
0.186634 -0.066187 0.142299
0.186457 -0.066226 0.142340
0.186428 -0.066230 0.142342
0.186318 -0.066259 0.142375
0.186181 -0.066280 0.142384
0.186025 -0.066318 0.142420
0.185905 -0.066353 0.142454
0.185905 -0.066353 0.142454
0.185790 -0.066384 0.142487
0.185668 -0.066407 0.142495
0.185542 -0.066441 0.142529
0.185542 -0.066441 0.142529
0.185444 -0.066467 0.142556
0.185314 -0.066486 0.142563
0.185231 -0.066510 0.142591
0.185252 -0.066520 0.142611
0.185124 -0.066530 0.142616
0.185010 -0.066550 0.142642
0.184948 -0.066563 0.142664
0.184948 -0.066563 0.142664
0.184853 -0.066578 0.142688
0.184637 -0.066609 0.142725
0.184560 -0.066616 0.142731
0.184520 -0.066631 0.142759
0.184479 -0.066647 0.142791
0.184427 -0.066647 0.142795
0.184404 -0.066657 0.142825
0.184383 -0.066670 0.142861
0.184373 -0.066681 0.142895
0.184315 -0.066677 0.142905
0.184312 -0.066690 0.142940
0.184326 -0.066702 0.142981
0.184279 -0.066692 0.142993
0.184302 -0.066708 0.143033
0.184322 -0.066724 0.143077
0.184402 -0.066769 0.143126
0.184390 -0.066765 0.143131
0.184334 -0.066750 0.143169
0.184300 -0.066735 0.143188
0.184353 -0.066772 0.143219
0.184371 -0.066801 0.143273
0.184371 -0.066801 0.143273
0.184415 -0.066850 0.143321
0.184438 -0.066891 0.143381
0.184501 -0.066982 0.143450
0.184508 -0.066999 0.143473
0.184552 -0.067068 0.143520
0.184552 -0.067068 0.143522
0.184610 -0.067162 0.143583
0.184701 -0.067331 0.143636
0.184760 -0.067433 0.143691
0.184791 -0.067498 0.143709
0.184816 -0.067525 0.143733
0.184906 -0.067685 0.143798
0.184970 -0.067813 0.143843
0.185049 -0.067959 0.143893
0.185132 -0.068111 0.143947
0.185219 -0.068261 0.143998
0.185342 -0.068518 0.144080
0.185358 -0.068530 0.144087
0.185447 -0.068614 0.144127
0.185510 -0.068744 0.144168
0.185510 -0.068744 0.144168
0.185594 -0.068886 0.144224
0.185594 -0.068886 0.144224
0.185728 -0.069052 0.144297
0.185812 -0.069098 0.144326
0.185991 -0.069278 0.144415
0.186101 -0.069419 0.144487
0.186113 -0.069424 0.144490
0.186186 -0.069540 0.144551
0.186244 -0.069567 0.144570
0.186322 -0.069683 0.144636
0.186507 -0.069840 0.144739
0.186619 -0.069883 0.144774
0.186712 -0.070000 0.144853
0.186817 -0.070036 0.144886
0.186915 -0.070152 0.144970
0.187135 -0.070305 0.145095
0.187249 -0.070340 0.145130
0.187479 -0.070490 0.145264
0.187736 -0.070656 0.145418
0.187844 -0.070685 0.145451
0.188036 -0.070820 0.145580
0.188098 -0.070837 0.145599
0.188331 -0.070982 0.145741
0.188555 -0.071124 0.145884
0.188635 -0.071146 0.145909
0.188867 -0.071295 0.146054
0.188951 -0.071316 0.146080
0.189138 -0.071456 0.146212
0.189436 -0.071629 0.146375
0.189751 -0.071827 0.146551
0.189875 -0.071861 0.146587
0.190152 -0.072029 0.146732
0.190454 -0.072218 0.146888
0.190779 -0.072419 0.147050
0.191084 -0.072619 0.147207
0.191394 -0.072828 0.147367
0.191682 -0.073037 0.147524
0.192005 -0.073260 0.147691
0.192310 -0.073480 0.147857
0.192332 -0.073489 0.147864
0.192468 -0.073636 0.147972
0.192570 -0.073677 0.148003
0.192720 -0.073843 0.148124
0.192888 -0.073909 0.148177
0.193189 -0.074142 0.148348
0.193341 -0.074207 0.148402
0.193581 -0.074416 0.148553
0.193669 -0.074453 0.148585
0.193952 -0.074678 0.148749
0.194041 -0.074715 0.148783
0.194281 -0.074923 0.148928
0.194547 -0.075140 0.149079
0.194664 -0.075188 0.149124
0.194908 -0.075398 0.149262
0.195050 -0.075457 0.149317
0.195369 -0.075696 0.149482
0.195740 -0.075952 0.149664
0.196094 -0.076196 0.149836
0.196401 -0.076416 0.149988
0.196610 -0.076595 0.150101
0.196922 -0.076806 0.150258
0.197417 -0.077080 0.150491
0.197639 -0.077243 0.150614
0.198148 -0.077502 0.150859
0.198331 -0.077627 0.150964
0.198718 -0.077829 0.151162
0.199045 -0.077936 0.151304
0.199272 -0.078061 0.151428
0.199828 -0.078281 0.151697
0.200033 -0.078379 0.151806
0.200738 -0.078628 0.152144
0.200930 -0.078699 0.152239
0.201326 -0.078817 0.152418
0.201869 -0.078964 0.152657
0.201982 -0.078991 0.152705
0.202335 -0.079086 0.152857
0.202478 -0.079117 0.152918
0.202777 -0.079194 0.153042
0.203108 -0.079275 0.153174
0.203296 -0.079320 0.153245
0.203631 -0.079400 0.153370
0.203934 -0.079468 0.153482
0.204079 -0.079501 0.153542
0.204421 -0.079580 0.153659
0.204596 -0.079618 0.153729
0.204841 -0.079675 0.153816
0.205184 -0.079759 0.153926
0.205334 -0.079792 0.153984
0.205736 -0.079894 0.154108
0.206014 -0.079964 0.154194
0.206164 -0.080002 0.154251
0.206687 -0.080142 0.154417
0.206875 -0.080195 0.154461
0.207303 -0.080314 0.154601
0.207362 -0.080331 0.154619
0.207700 -0.080432 0.154707
0.207973 -0.080517 0.154784
0.208129 -0.080569 0.154842
0.208706 -0.080757 0.155014
0.209170 -0.080910 0.155148
0.209627 -0.081053 0.155265
0.210081 -0.081195 0.155380
0.210483 -0.081319 0.155487
0.210948 -0.081460 0.155609
0.211353 -0.081574 0.155704
0.211820 -0.081698 0.155809
0.212291 -0.081816 0.155925
0.212699 -0.081903 0.156011
0.213183 -0.082002 0.156125
0.213463 -0.082073 0.156224
0.214035 -0.082138 0.156314
0.214518 -0.082202 0.156423
0.214879 -0.082266 0.156542
0.215140 -0.082320 0.156647
0.215602 -0.082343 0.156738
0.216108 -0.082360 0.156845
0.216961 -0.082303 0.156973
0.217406 -0.082278 0.157065
0.217744 -0.082296 0.157184
0.218376 -0.082197 0.157277
0.218898 -0.082140 0.157393
0.219225 -0.082124 0.157490
0.219677 -0.082058 0.157585
0.219714 -0.082057 0.157598
0.220126 -0.081973 0.157663
0.220469 -0.081901 0.157711
0.220616 -0.081891 0.157760
0.220996 -0.081808 0.157816
0.221557 -0.081693 0.157909
0.222018 -0.081589 0.157975
0.222542 -0.081465 0.158039
0.223211 -0.081297 0.158074
0.223617 -0.081203 0.158099
0.224022 -0.081121 0.158154
0.224516 -0.081026 0.158220
0.225316 -0.080892 0.158261
0.225573 -0.080852 0.158325
0.226181 -0.080781 0.158365
0.226549 -0.080737 0.158447
0.227247 -0.080682 0.158500
0.227514 -0.080658 0.158571
0.228291 -0.080610 0.158634
0.228550 -0.080583 0.158700
0.229087 -0.080528 0.158755
0.229720 -0.080470 0.158774
0.230014 -0.080416 0.158827
0.230717 -0.080349 0.158859
0.231020 -0.080297 0.158907
0.231355 -0.080248 0.158941
0.232018 -0.080169 0.158976
0.232304 -0.080097 0.159027
0.233122 -0.079944 0.159087
0.233445 -0.079857 0.159127
0.234105 -0.079710 0.159173
0.234328 -0.079650 0.159199
0.234782 -0.079533 0.159250
0.235402 -0.079379 0.159300
0.235678 -0.079303 0.159350
0.236443 -0.079088 0.159422
0.236733 -0.078998 0.159462
0.237221 -0.078849 0.159513
0.237890 -0.078645 0.159574
0.238155 -0.078557 0.159609
0.238783 -0.078366 0.159662
0.239067 -0.078271 0.159698
0.239709 -0.078079 0.159748
0.239955 -0.077997 0.159787
0.240403 -0.077863 0.159830
0.241029 -0.077697 0.159877
0.241276 -0.077622 0.159925
0.241305 -0.077614 0.159932
0.241648 -0.077527 0.159967
0.241995 -0.077445 0.159996
0.242115 -0.077400 0.160019
0.242460 -0.077319 0.160045
0.242460 -0.077319 0.160045
0.242798 -0.077231 0.160072
0.243104 -0.077162 0.160098
0.243196 -0.077124 0.160115
0.243510 -0.077058 0.160143
0.243851 -0.076989 0.160179
0.243959 -0.076947 0.160201
0.244257 -0.076890 0.160232
0.244603 -0.076821 0.160269
0.244718 -0.076776 0.160293
0.245018 -0.076722 0.160326
0.245307 -0.076668 0.160362
0.245409 -0.076630 0.160387
0.245687 -0.076578 0.160422
0.246079 -0.076482 0.160486
0.246142 -0.076460 0.160502
0.246418 -0.076399 0.160544
0.246706 -0.076346 0.160577
0.246981 -0.076296 0.160609
0.247067 -0.076266 0.160633
0.247410 -0.076185 0.160692
0.247605 -0.076159 0.160704
0.247964 -0.076068 0.160775
0.248299 -0.075993 0.160827
0.248570 -0.075930 0.160870
0.248987 -0.075842 0.160922
0.249243 -0.075773 0.160968
0.249513 -0.075698 0.161015
0.249883 -0.075599 0.161077
0.250034 -0.075540 0.161116
0.250375 -0.075440 0.161175
0.250498 -0.075388 0.161207
0.250708 -0.075310 0.161251
0.250919 -0.075227 0.161298
0.251155 -0.075136 0.161345
0.251460 -0.075017 0.161401
0.251606 -0.074963 0.161422
0.251789 -0.074852 0.161484
0.251853 -0.074806 0.161512
0.252046 -0.074720 0.161551
0.252235 -0.074627 0.161595
0.252413 -0.074546 0.161627
0.252585 -0.074459 0.161665
0.252880 -0.074353 0.161697
0.253020 -0.074295 0.161722
0.253178 -0.074226 0.161758
0.253309 -0.074182 0.161785
0.253453 -0.074128 0.161821
0.253562 -0.074095 0.161848
0.253689 -0.074064 0.161873
0.253789 -0.074029 0.161901
0.253898 -0.074004 0.161924
0.254002 -0.073983 0.161943
0.254056 -0.073965 0.161961
0.254130 -0.073958 0.161964
0.254278 -0.073936 0.161984
0.254364 -0.073925 0.161996
0.254396 -0.073924 0.162007
0.254513 -0.073915 0.162019
0.254589 -0.073911 0.162028
0.254649 -0.073908 0.162036
0.254673 -0.073901 0.162036
0.254688 -0.073899 0.162037
0.254735 -0.073904 0.162044
0.254814 -0.073903 0.162053
0.254869 -0.073891 0.162056
0.254920 -0.073874 0.162055
0.254966 -0.073856 0.162053
0.255000 -0.073830 0.162045
0.255037 -0.073788 0.162041
0.255043 -0.073776 0.162026
0.255064 -0.073747 0.162025
0.255096 -0.073707 0.162052
0.255098 -0.073704 0.162055
0.255123 -0.073667 0.162077
0.255123 -0.073665 0.162078
0.255123 -0.073648 0.162091
0.255137 -0.073620 0.162114
0.255124 -0.073613 0.162115
0.255098 -0.073598 0.162125
0.255076 -0.073587 0.162141
0.255049 -0.073587 0.162142
0.255050 -0.073590 0.162152
0.255042 -0.073608 0.162167
0.255004 -0.073613 0.162165
0.254928 -0.073661 0.162169
0.254875 -0.073692 0.162163
0.254837 -0.073733 0.162164
0.254797 -0.073809 0.162178
0.254764 -0.073847 0.162180
0.254756 -0.073900 0.162201
0.254698 -0.073967 0.162202
0.254627 -0.074076 0.162214
0.254604 -0.074135 0.162236
0.254563 -0.074187 0.162233
0.254563 -0.074187 0.162233
0.254508 -0.074259 0.162230
0.254467 -0.074299 0.162215
0.254429 -0.074350 0.162215
0.254386 -0.074403 0.162215
0.254357 -0.074432 0.162203
0.254293 -0.074496 0.162193
0.254253 -0.074534 0.162176
0.254204 -0.074579 0.162170
0.254139 -0.074630 0.162159
0.254022 -0.074709 0.162150
0.253923 -0.074769 0.162131
0.253821 -0.074826 0.162112
0.253724 -0.074880 0.162097
0.253567 -0.074962 0.162075
0.253454 -0.075011 0.162062
0.253296 -0.075079 0.162033
0.253180 -0.075117 0.162022
0.253006 -0.075178 0.161997
0.252858 -0.075224 0.161978
0.252683 -0.075272 0.161956
0.252505 -0.075320 0.161933
0.252315 -0.075371 0.161905
0.252144 -0.075412 0.161884
0.251952 -0.075458 0.161859
0.251794 -0.075496 0.161837
0.251755 -0.075505 0.161835
0.251576 -0.075551 0.161811
0.251410 -0.075595 0.161789
0.251193 -0.075658 0.161762
0.251024 -0.075712 0.161741
0.250857 -0.075767 0.161721
0.250702 -0.075819 0.161699
0.250442 -0.075924 0.161668
0.250247 -0.076001 0.161640
0.250158 -0.076046 0.161632
0.250033 -0.076104 0.161618
0.249657 -0.076290 0.161562
0.249487 -0.076390 0.161539
0.249306 -0.076500 0.161517
0.249078 -0.076641 0.161487
0.248957 -0.076704 0.161478
0.248846 -0.076755 0.161473
0.248568 -0.076957 0.161419
0.248354 -0.077089 0.161373
0.248214 -0.077158 0.161345
0.248095 -0.077220 0.161313
0.247948 -0.077287 0.161285
0.247817 -0.077347 0.161258
0.247634 -0.077426 0.161228
0.247388 -0.077527 0.161180
0.247150 -0.077613 0.161137
0.246904 -0.077693 0.161092
0.246654 -0.077763 0.161045
0.246395 -0.077825 0.160997
0.246134 -0.077880 0.160950
0.245841 -0.077928 0.160903
0.245607 -0.077972 0.160858
0.245345 -0.078001 0.160827
0.244995 -0.078051 0.160774
0.244695 -0.078083 0.160734
0.244388 -0.078112 0.160695
0.244073 -0.078138 0.160654
0.243782 -0.078160 0.160615
0.243440 -0.078182 0.160579
0.243149 -0.078209 0.160542
0.242962 -0.078231 0.160522
0.242429 -0.078270 0.160477
0.242238 -0.078293 0.160464
0.241901 -0.078320 0.160435
0.241749 -0.078327 0.160422
0.241071 -0.078380 0.160355
0.240537 -0.078433 0.160310
0.240398 -0.078450 0.160305
0.240336 -0.078456 0.160304
0.240069 -0.078489 0.160286
0.239836 -0.078521 0.160271
0.239560 -0.078560 0.160253
0.239281 -0.078602 0.160234
0.239193 -0.078620 0.160230
0.238910 -0.078666 0.160211
0.238644 -0.078710 0.160192
0.238308 -0.078777 0.160170
0.238036 -0.078827 0.160150
0.237716 -0.078895 0.160130
0.237415 -0.078961 0.160111
0.237296 -0.079009 0.160105
0.236991 -0.079080 0.160086
0.236659 -0.079168 0.160065
0.236323 -0.079258 0.160046
0.236107 -0.079292 0.160032
0.235646 -0.079455 0.160006
0.234786 -0.079669 0.159958
0.234227 -0.079841 0.159929
0.233806 -0.079973 0.159906
0.233285 -0.080143 0.159875
0.232809 -0.080278 0.159845
0.232282 -0.080414 0.159812
0.231748 -0.080565 0.159773
0.231284 -0.080690 0.159738
0.230748 -0.080816 0.159696
0.230223 -0.080920 0.159655
0.229951 -0.080988 0.159619
0.229148 -0.081066 0.159557
0.228546 -0.081111 0.159493
0.228120 -0.081131 0.159442
0.227490 -0.081146 0.159395
0.226958 -0.081153 0.159366
0.226394 -0.081160 0.159342
0.225774 -0.081145 0.159317
0.225307 -0.081119 0.159295
0.225036 -0.081109 0.159265
0.224114 -0.081020 0.159235
0.223554 -0.080957 0.159205
0.222910 -0.080875 0.159166
0.222340 -0.080801 0.159130
0.221690 -0.080716 0.159089
0.221114 -0.080645 0.159055
0.220620 -0.080590 0.159032
0.220010 -0.080537 0.159008
0.219373 -0.080495 0.158994
0.219072 -0.080478 0.158980
0.218085 -0.080386 0.158924
0.217397 -0.080310 0.158860
0.216854 -0.080273 0.158823
0.216244 -0.080231 0.158773
0.215598 -0.080191 0.158711
0.215158 -0.080174 0.158680
0.214344 -0.080139 0.158592
0.213650 -0.080123 0.158514
0.213321 -0.080120 0.158463
0.212746 -0.080122 0.158404
0.212121 -0.080127 0.158342
0.211426 -0.080120 0.158291
0.210594 -0.080153 0.158198
0.210315 -0.080178 0.158161
0.209715 -0.080193 0.158117
0.209025 -0.080223 0.158065
0.208441 -0.080236 0.158031
0.207883 -0.080260 0.158004
0.207290 -0.080235 0.157990
0.206805 -0.080317 0.157961
0.206265 -0.080336 0.157946
0.205664 -0.080350 0.157930
0.205175 -0.080349 0.157916
0.204312 -0.080310 0.157892
0.203867 -0.080303 0.157880
0.203490 -0.080253 0.157871
0.202919 -0.080240 0.157852
0.202542 -0.080221 0.157843
0.202185 -0.080153 0.157838
0.201522 -0.080114 0.157824
0.201057 -0.080062 0.157818
0.200653 -0.080006 0.157814
0.200224 -0.079943 0.157811
0.199765 -0.079876 0.157807
0.199312 -0.079802 0.157805
0.199049 -0.079743 0.157811
0.198592 -0.079697 0.157799
0.198079 -0.079586 0.157814
0.197960 -0.079567 0.157817
0.197513 -0.079538 0.157804
0.197055 -0.079432 0.157842
0.196457 -0.079363 0.157868
0.196020 -0.079321 0.157892
0.195600 -0.079290 0.157915
0.195160 -0.079258 0.157941
0.194820 -0.079237 0.157961
0.194401 -0.079216 0.157984
0.194056 -0.079204 0.157996
0.193702 -0.079195 0.158013
0.193393 -0.079190 0.158032
0.193014 -0.079198 0.158056
0.192909 -0.079190 0.158083
0.192593 -0.079211 0.158108
0.192335 -0.079234 0.158131
0.191827 -0.079300 0.158162
0.191720 -0.079300 0.158191
0.191257 -0.079388 0.158211
0.191182 -0.079399 0.158219
0.190727 -0.079485 0.158252
0.190686 -0.079476 0.158283
0.190266 -0.079555 0.158311
0.190203 -0.079570 0.158310
0.189807 -0.079635 0.158332
0.189817 -0.079597 0.158393
0.189475 -0.079639 0.158423
0.189492 -0.079618 0.158453
0.189172 -0.079638 0.158462
0.189033 -0.079623 0.158474
0.189061 -0.079600 0.158499
0.188781 -0.079574 0.158496
0.188787 -0.079551 0.158512
0.188717 -0.079512 0.158523
0.188477 -0.079445 0.158512
0.188382 -0.079385 0.158512
0.188359 -0.079369 0.158511
0.188357 -0.079304 0.158524
0.188173 -0.079211 0.158504
0.188200 -0.079191 0.158509
0.188032 -0.079103 0.158490
0.188093 -0.079099 0.158496
0.187913 -0.079015 0.158470
0.187986 -0.079028 0.158474
0.187923 -0.078997 0.158458
0.187795 -0.078948 0.158426
0.187730 -0.078928 0.158401
0.187760 -0.078948 0.158390
0.187722 -0.078943 0.158368
0.187508 -0.078878 0.158332
0.187475 -0.078897 0.158303
0.187487 -0.078962 0.158263
0.187455 -0.078996 0.158237
0.187428 -0.079012 0.158222
0.187339 -0.079005 0.158218
0.187325 -0.079064 0.158187
0.187311 -0.079094 0.158172
0.187252 -0.079100 0.158167
0.187252 -0.079150 0.158145
0.187216 -0.079185 0.158134
0.187188 -0.079213 0.158125
0.187164 -0.079239 0.158119
0.187140 -0.079264 0.158114
0.187104 -0.079288 0.158115
0.187076 -0.079308 0.158117
0.187078 -0.079336 0.158112
0.187057 -0.079350 0.158116
0.187020 -0.079360 0.158128
0.187086 -0.079380 0.158107
0.187057 -0.079395 0.158122
0.187052 -0.079400 0.158130
0.187074 -0.079403 0.158129
0.187094 -0.079401 0.158134
0.187135 -0.079393 0.158124
0.187161 -0.079383 0.158125
0.187138 -0.079377 0.158148
0.187225 -0.079348 0.158132
0.187273 -0.079332 0.158120
0.187327 -0.079305 0.158120
0.187340 -0.079291 0.158131
0.187439 -0.079251 0.158113
0.187505 -0.079226 0.158105
0.187575 -0.079200 0.158097
0.187585 -0.079195 0.158109
0.187623 -0.079183 0.158109
0.187801 -0.079137 0.158071
0.187821 -0.079136 0.158078
0.188005 -0.079109 0.158039
0.188072 -0.079106 0.158020
0.188081 -0.079105 0.158022
0.188128 -0.079107 0.158027
0.188128 -0.079107 0.158027
0.188270 -0.079114 0.158003
0.188351 -0.079121 0.157979
0.188404 -0.079128 0.157985
0.188600 -0.079169 0.157946
0.188665 -0.079193 0.157926
0.188793 -0.079236 0.157911
0.188900 -0.079281 0.157901
0.188988 -0.079317 0.157901
0.189185 -0.079429 0.157873
0.189283 -0.079480 0.157874
0.189435 -0.079577 0.157855
0.189587 -0.079670 0.157844
0.189742 -0.079769 0.157832
0.189792 -0.079804 0.157814
0.189938 -0.079895 0.157809
0.190077 -0.079981 0.157801
0.190202 -0.080055 0.157805
0.190418 -0.080176 0.157785
0.190595 -0.080266 0.157777
0.190781 -0.080352 0.157763
0.190939 -0.080413 0.157749
0.191124 -0.080470 0.157725
0.191133 -0.080474 0.157724
0.191301 -0.080513 0.157698
0.191498 -0.080550 0.157662
0.191596 -0.080571 0.157652
0.191786 -0.080609 0.157630
0.192017 -0.080672 0.157621
0.192245 -0.080743 0.157627
0.192510 -0.080812 0.157628
0.192733 -0.080865 0.157627
0.192748 -0.080866 0.157626
0.193067 -0.080921 0.157622
0.193322 -0.080959 0.157619
0.193535 -0.080995 0.157617
0.193672 -0.081002 0.157614
0.193899 -0.081032 0.157613
0.193970 -0.081037 0.157612
0.194321 -0.081069 0.157611
0.194596 -0.081091 0.157607
0.194908 -0.081110 0.157600
0.195243 -0.081125 0.157592
0.195346 -0.081133 0.157596
0.195676 -0.081146 0.157586
0.195897 -0.081149 0.157571
0.196212 -0.081157 0.157558
0.196567 -0.081164 0.157540
0.196823 -0.081200 0.157549
0.197512 -0.081217 0.157504
0.198179 -0.081240 0.157455
0.198635 -0.081282 0.157432
0.199146 -0.081330 0.157401
0.199355 -0.081385 0.157401
0.199476 -0.081426 0.157401
0.199892 -0.081483 0.157381
0.200270 -0.081550 0.157364
0.200662 -0.081618 0.157346
0.201018 -0.081688 0.157334
0.201484 -0.081803 0.157323
0.202033 -0.081941 0.157317
0.202548 -0.082081 0.157314
0.202980 -0.082190 0.157313
0.203446 -0.082298 0.157303
0.204164 -0.082414 0.157278
0.204384 -0.082484 0.157268
0.205143 -0.082594 0.157261
0.205363 -0.082652 0.157253
0.205804 -0.082707 0.157247
0.206235 -0.082751 0.157236
0.206636 -0.082786 0.157223
0.206822 -0.082824 0.157216
0.207305 -0.082835 0.157193
0.207638 -0.082820 0.157176
0.208097 -0.082834 0.157163
0.208247 -0.082850 0.157159
0.209026 -0.082856 0.157167
0.209551 -0.082866 0.157173
0.209971 -0.082862 0.157177
0.210184 -0.082867 0.157177
0.210679 -0.082858 0.157180
0.211061 -0.082844 0.157181
0.211272 -0.082842 0.157179
0.211695 -0.082818 0.157181
0.212088 -0.082791 0.157182
0.212558 -0.082756 0.157184
0.212843 -0.082726 0.157184
0.213445 -0.082670 0.157186
0.213848 -0.082626 0.157187
0.214136 -0.082589 0.157189
0.214411 -0.082572 0.157190
0.214821 -0.082525 0.157192
0.215233 -0.082480 0.157196
0.215694 -0.082433 0.157202
0.215869 -0.082427 0.157203
0.216277 -0.082368 0.157210
0.216527 -0.082365 0.157212
0.217267 -0.082301 0.157223
0.217837 -0.082239 0.157236
0.218011 -0.082244 0.157234
0.218405 -0.082194 0.157250
0.218706 -0.082204 0.157245
0.219322 -0.082161 0.157265
0.219494 -0.082175 0.157261
0.220069 -0.082140 0.157291
0.220069 -0.082140 0.157291
0.220507 -0.082112 0.157325
0.220914 -0.082080 0.157378
0.221262 -0.082121 0.157366
0.221958 -0.082136 0.157414
0.221958 -0.082136 0.157414
0.222662 -0.082143 0.157450
0.223324 -0.082138 0.157460
0.223531 -0.082177 0.157450
0.224185 -0.082171 0.157461
0.224947 -0.082185 0.157481
0.225151 -0.082221 0.157472
0.225709 -0.082199 0.157503
0.225871 -0.082224 0.157495
0.226265 -0.082173 0.157536
0.226304 -0.082179 0.157534
0.226652 -0.082138 0.157572
0.227368 -0.082139 0.157598
0.227686 -0.082177 0.157582
0.228516 -0.082173 0.157605
0.229056 -0.082148 0.157636
0.229295 -0.082156 0.157626
0.229971 -0.082115 0.157667
0.230394 -0.082075 0.157704
0.230714 -0.082069 0.157695
0.231048 -0.082031 0.157725
0.231127 -0.082028 0.157723
0.231502 -0.081980 0.157750
0.231819 -0.081962 0.157744
0.232671 -0.081861 0.157756
0.233278 -0.081763 0.157762
0.233438 -0.081742 0.157763
0.233962 -0.081643 0.157765
0.234122 -0.081619 0.157765
0.234684 -0.081520 0.157777
0.234842 -0.081498 0.157779
0.235322 -0.081424 0.157801
0.235884 -0.081342 0.157833
0.235925 -0.081336 0.157835
0.236289 -0.081274 0.157859
0.237131 -0.081143 0.157895
0.237131 -0.081143 0.157895
0.237689 -0.081047 0.157924
0.238288 -0.080945 0.157956
0.238488 -0.080922 0.157961
0.239073 -0.080825 0.157990
0.239437 -0.080743 0.158015
0.240038 -0.080687 0.158025
0.240628 -0.080586 0.158050
0.240628 -0.080586 0.158050
0.241067 -0.080493 0.158081
0.241653 -0.080403 0.158103
0.241890 -0.080386 0.158100
0.242438 -0.080299 0.158127
0.242438 -0.080299 0.158127
0.243065 -0.080205 0.158159
0.243404 -0.080163 0.158172
0.243724 -0.080154 0.158163
0.244424 -0.080057 0.158188
0.245388 -0.079863 0.158190
0.245863 -0.079812 0.158187
0.246378 -0.079752 0.158188
0.246930 -0.079677 0.158189
0.247182 -0.079692 0.158181
0.247957 -0.079642 0.158170
0.248517 -0.079581 0.158165
0.249032 -0.079527 0.158161
0.249579 -0.079478 0.158151
0.250220 -0.079466 0.158132
0.250693 -0.079442 0.158116
0.251170 -0.079403 0.158099
0.251699 -0.079367 0.158074
0.252189 -0.079331 0.158046
0.252473 -0.079289 0.158030
0.252809 -0.079252 0.158008
0.253800 -0.079195 0.157924
0.254077 -0.079189 0.157896
0.254817 -0.079122 0.157825
0.255187 -0.079110 0.157780
0.255958 -0.079035 0.157696
0.256491 -0.078981 0.157631
0.256491 -0.078981 0.157631
0.256598 -0.078969 0.157617
0.257004 -0.078922 0.157562
0.257004 -0.078922 0.157562
0.257401 -0.078873 0.157506
0.257788 -0.078824 0.157446
0.257788 -0.078824 0.157446
0.258322 -0.078767 0.157345
0.258650 -0.078720 0.157284
0.258951 -0.078678 0.157229
0.259038 -0.078680 0.157201
0.259277 -0.078637 0.157160
0.259277 -0.078637 0.157160
0.259633 -0.078601 0.157072
0.259865 -0.078566 0.157024
0.259958 -0.078581 0.156987
0.260233 -0.078547 0.156921
0.260284 -0.078560 0.156897
0.260493 -0.078514 0.156861
0.260711 -0.078472 0.156818
0.260798 -0.078500 0.156776
0.261074 -0.078481 0.156703
0.261074 -0.078481 0.156703
0.261352 -0.078473 0.156622
0.261603 -0.078477 0.156545
0.261799 -0.078488 0.156478
0.261918 -0.078466 0.156455
0.262106 -0.078482 0.156389
0.262329 -0.078504 0.156310
0.262514 -0.078525 0.156242
0.262803 -0.078534 0.156150
0.262824 -0.078531 0.156145
0.263015 -0.078562 0.156070
0.263289 -0.078578 0.155978
0.263414 -0.078618 0.155914
0.263587 -0.078639 0.155842
0.263754 -0.078661 0.155772
0.263843 -0.078654 0.155746
0.264019 -0.078678 0.155667
0.264099 -0.078702 0.155625
0.264266 -0.078717 0.155556
0.264459 -0.078720 0.155479
0.264536 -0.078735 0.155440
0.264654 -0.078722 0.155395
0.264857 -0.078720 0.155305
0.265043 -0.078708 0.155220
0.265210 -0.078695 0.155139
0.265328 -0.078683 0.155082
