Column1 Column2 Column3
0.211149 -0.077682 0.155554
0.211152 -0.077686 0.155552
0.211156 -0.077686 0.155553
0.211159 -0.077692 0.155550
0.211162 -0.077694 0.155548
0.211165 -0.077695 0.155549
0.211167 -0.077698 0.155547
0.211169 -0.077701 0.155546
0.211171 -0.077702 0.155545
0.211173 -0.077701 0.155545
0.211173 -0.077702 0.155545
0.211173 -0.077702 0.155545
0.211175 -0.077701 0.155546
0.211177 -0.077701 0.155546
0.211178 -0.077699 0.155546
0.211176 -0.077696 0.155548
0.211176 -0.077695 0.155549
0.211176 -0.077685 0.155554
0.211174 -0.077680 0.155556
0.211172 -0.077677 0.155558
0.211173 -0.077667 0.155563
0.211172 -0.077663 0.155565
0.211169 -0.077654 0.155570
0.211169 -0.077650 0.155572
0.211167 -0.077645 0.155576
0.211167 -0.077638 0.155578
0.211165 -0.077635 0.155580
0.211165 -0.077634 0.155581
0.211167 -0.077634 0.155582
0.211168 -0.077632 0.155581
0.211169 -0.077631 0.155582
0.211169 -0.077631 0.155582
0.211092 -0.077678 0.155563
0.211096 -0.077679 0.155562
0.211101 -0.077675 0.155566
0.211105 -0.077671 0.155571
0.211105 -0.077670 0.155571
0.211105 -0.077668 0.155571
0.211107 -0.077667 0.155572
0.211105 -0.077665 0.155574
0.211103 -0.077663 0.155575
0.211101 -0.077657 0.155575
0.211098 -0.077653 0.155577
0.211098 -0.077652 0.155578
0.211087 -0.077572 0.155614
0.211088 -0.077571 0.155616
0.211089 -0.077570 0.155617
0.211090 -0.077570 0.155616
0.211090 -0.077571 0.155618
0.211093 -0.077569 0.155618
0.211093 -0.077569 0.155618
0.211093 -0.077571 0.155617
0.211093 -0.077569 0.155618
0.211094 -0.077569 0.155618
0.211158 -0.077514 0.155638
0.211158 -0.077515 0.155639
0.211158 -0.077516 0.155638
0.211160 -0.077515 0.155640
0.211160 -0.077514 0.155641
0.211160 -0.077514 0.155641
0.211161 -0.077514 0.155641
0.211161 -0.077515 0.155642
0.211164 -0.077514 0.155644
0.211165 -0.077515 0.155643
0.211165 -0.077515 0.155643
0.211168 -0.077513 0.155645
0.211168 -0.077514 0.155644
0.211168 -0.077511 0.155644
0.211168 -0.077510 0.155645
0.211168 -0.077507 0.155646
0.211166 -0.077506 0.155649
0.211166 -0.077507 0.155649
0.211166 -0.077507 0.155648
0.211166 -0.077508 0.155646
0.211166 -0.077507 0.155648
0.211165 -0.077508 0.155647
0.211165 -0.077508 0.155646
0.211166 -0.077509 0.155646
0.211166 -0.077512 0.155645
0.211168 -0.077512 0.155643
0.211170 -0.077511 0.155644
0.211172 -0.077512 0.155643
0.211173 -0.077512 0.155643
0.211176 -0.077514 0.155642
0.211177 -0.077517 0.155640
0.211180 -0.077517 0.155641
0.211182 -0.077517 0.155640
0.211184 -0.077518 0.155639
0.211185 -0.077560 0.155616
0.211185 -0.077559 0.155615
0.211184 -0.077556 0.155617
0.211184 -0.077554 0.155619
0.211188 -0.077550 0.155623
0.211188 -0.077545 0.155625
0.211191 -0.077543 0.155626
0.211191 -0.077543 0.155626
0.211191 -0.077539 0.155630
0.211192 -0.077537 0.155631
0.211192 -0.077536 0.155631
0.211191 -0.077534 0.155632
0.211192 -0.077531 0.155634
0.211195 -0.077531 0.155633
0.211196 -0.077530 0.155634
0.211197 -0.077529 0.155632
0.211200 -0.077530 0.155631
0.211204 -0.077530 0.155631
0.211208 -0.077529 0.155632
0.211208 -0.077528 0.155632
0.211213 -0.077526 0.155635
0.211226 -0.077525 0.155641
0.211239 -0.077523 0.155642
0.211247 -0.077524 0.155643
0.211232 -0.077511 0.155646
0.211232 -0.077512 0.155645
0.211232 -0.077512 0.155645
0.211232 -0.077511 0.155644
0.211234 -0.077514 0.155648
0.211240 -0.077511 0.155658
0.211248 -0.077507 0.155668
0.211255 -0.077506 0.155676
0.211263 -0.077506 0.155685
0.211271 -0.077505 0.155693
0.211279 -0.077499 0.155702
0.211288 -0.077492 0.155712
0.211296 -0.077487 0.155722
0.211304 -0.077483 0.155728
0.211310 -0.077478 0.155735
0.211316 -0.077472 0.155744
0.211321 -0.077466 0.155751
0.211328 -0.077460 0.155759
0.211328 -0.077460 0.155759
0.211332 -0.077455 0.155762
0.211338 -0.077451 0.155767
0.211338 -0.077451 0.155767
0.211345 -0.077447 0.155770
0.211355 -0.077445 0.155773
0.211368 -0.077444 0.155778
0.211382 -0.077445 0.155782
0.211382 -0.077445 0.155782
0.211399 -0.077445 0.155785
0.211416 -0.077445 0.155788
0.211427 -0.077444 0.155791
0.211439 -0.077445 0.155793
0.211449 -0.077449 0.155796
0.211449 -0.077449 0.155796
0.211462 -0.077455 0.155798
0.211473 -0.077459 0.155801
0.211485 -0.077466 0.155802
0.211498 -0.077476 0.155803
0.211498 -0.077476 0.155803
0.211510 -0.077485 0.155804
0.211521 -0.077496 0.155806
0.211530 -0.077508 0.155807
0.211534 -0.077516 0.155807
0.211535 -0.077529 0.155807
0.211529 -0.077549 0.155806
0.211521 -0.077564 0.155806
0.211511 -0.077576 0.155806
0.211504 -0.077585 0.155805
0.211502 -0.077587 0.155805
0.211495 -0.077594 0.155804
0.211476 -0.077614 0.155807
0.211466 -0.077620 0.155809
0.211459 -0.077628 0.155814
0.211457 -0.077629 0.155815
0.211459 -0.077635 0.155823
0.211462 -0.077642 0.155831
0.211463 -0.077644 0.155834
0.211464 -0.077651 0.155840
0.211465 -0.077652 0.155842
0.211467 -0.077652 0.155845
0.211473 -0.077653 0.155847
0.211478 -0.077652 0.155847
0.211483 -0.077650 0.155848
0.211490 -0.077648 0.155848
0.211495 -0.077647 0.155847
0.211508 -0.077644 0.155845
0.211518 -0.077642 0.155844
0.211529 -0.077639 0.155844
0.211550 -0.077633 0.155845
0.211566 -0.077629 0.155846
0.211578 -0.077627 0.155845
0.211589 -0.077623 0.155845
0.211600 -0.077619 0.155843
0.211609 -0.077614 0.155841
0.211614 -0.077611 0.155840
0.211622 -0.077609 0.155839
0.211630 -0.077608 0.155838
0.211639 -0.077608 0.155838
0.211644 -0.077607 0.155837
0.211662 -0.077606 0.155840
0.211676 -0.077605 0.155842
0.211692 -0.077604 0.155845
0.211696 -0.077604 0.155846
0.211727 -0.077605 0.155848
0.211742 -0.077605 0.155852
0.211756 -0.077606 0.155854
0.211771 -0.077608 0.155857
0.211786 -0.077610 0.155861
0.211798 -0.077612 0.155865
0.211804 -0.077614 0.155870
0.211807 -0.077616 0.155874
0.211805 -0.077617 0.155880
0.211801 -0.077619 0.155887
0.211797 -0.077622 0.155891
0.211782 -0.077626 0.155901
0.211770 -0.077628 0.155908
0.211762 -0.077631 0.155914
0.211757 -0.077634 0.155918
0.211741 -0.077639 0.155929
0.211730 -0.077644 0.155938
0.211728 -0.077649 0.155947
0.211730 -0.077653 0.155954
0.211733 -0.077658 0.155962
0.211736 -0.077660 0.155968
0.211737 -0.077667 0.155979
0.211736 -0.077669 0.155982
0.211738 -0.077679 0.155991
0.211740 -0.077683 0.155996
0.211740 -0.077688 0.155998
0.211745 -0.077692 0.156003
0.211749 -0.077698 0.156005
0.211757 -0.077701 0.156006
0.211757 -0.077701 0.156006
0.211760 -0.077703 0.156006
0.211772 -0.077708 0.156003
0.211803 -0.077719 0.155997
0.211818 -0.077721 0.155995
0.211852 -0.077724 0.155992
0.211875 -0.077725 0.155990
0.211901 -0.077726 0.155989
0.211922 -0.077728 0.155988
0.211949 -0.077729 0.155989
0.211978 -0.077728 0.155990
0.212012 -0.077727 0.155990
0.212037 -0.077726 0.155991
0.212059 -0.077726 0.155992
0.212078 -0.077723 0.155994
0.212089 -0.077722 0.155995
0.212094 -0.077720 0.155996
0.212117 -0.077716 0.155998
0.212129 -0.077714 0.156001
0.212133 -0.077714 0.156001
0.212147 -0.077711 0.156005
0.212159 -0.077709 0.156009
0.212196 -0.077698 0.156019
0.212201 -0.077697 0.156021
0.212219 -0.077691 0.156028
0.212222 -0.077690 0.156029
0.212222 -0.077690 0.156029
0.212228 -0.077686 0.156033
0.212229 -0.077676 0.156042
0.212228 -0.077674 0.156043
0.212219 -0.077671 0.156049
0.212217 -0.077669 0.156050
0.212206 -0.077667 0.156052
0.212182 -0.077664 0.156059
0.212182 -0.077664 0.156059
0.212178 -0.077664 0.156059
0.212160 -0.077663 0.156062
0.212138 -0.077664 0.156065
0.212107 -0.077667 0.156069
0.212092 -0.077669 0.156071
0.212085 -0.077669 0.156071
0.212080 -0.077670 0.156072
0.212080 -0.077670 0.156072
0.212061 -0.077672 0.156074
0.212024 -0.077676 0.156078
0.212009 -0.077680 0.156079
0.211993 -0.077685 0.156082
0.211978 -0.077692 0.156085
0.211978 -0.077692 0.156085
0.211960 -0.077703 0.156090
0.211958 -0.077705 0.156092
0.211953 -0.077714 0.156098
0.211954 -0.077717 0.156098
0.211962 -0.077725 0.156102
0.211963 -0.077725 0.156103
0.211985 -0.077733 0.156106
0.212001 -0.077738 0.156109
0.212019 -0.077743 0.156110
0.212044 -0.077746 0.156110
0.212074 -0.077749 0.156109
0.212104 -0.077750 0.156109
0.212129 -0.077751 0.156108
0.212150 -0.077752 0.156107
0.212168 -0.077752 0.156108
0.212217 -0.077750 0.156108
0.212257 -0.077749 0.156111
0.212266 -0.077747 0.156112
0.212342 -0.077742 0.156119
0.212366 -0.077739 0.156120
0.212405 -0.077736 0.156123
0.212425 -0.077734 0.156126
0.212439 -0.077732 0.156127
0.212461 -0.077727 0.156132
0.212475 -0.077723 0.156137
0.212479 -0.077723 0.156138
0.212505 -0.077714 0.156147
0.212520 -0.077709 0.156151
0.212529 -0.077705 0.156155
0.212534 -0.077702 0.156158
0.212542 -0.077695 0.156165
0.212543 -0.077693 0.156166
0.212540 -0.077687 0.156172
0.212528 -0.077679 0.156178
0.212512 -0.077674 0.156185
0.212510 -0.077674 0.156186
0.212486 -0.077668 0.156189
0.212457 -0.077664 0.156194
0.212432 -0.077662 0.156197
0.212405 -0.077659 0.156198
0.212353 -0.077658 0.156199
0.212322 -0.077658 0.156199
0.212267 -0.077658 0.156198
0.212213 -0.077660 0.156198
0.212162 -0.077664 0.156197
0.212113 -0.077669 0.156193
0.212070 -0.077674 0.156190
0.212033 -0.077682 0.156185
0.212004 -0.077695 0.156184
0.211980 -0.077709 0.156185
0.211971 -0.077725 0.156190
0.211970 -0.077728 0.156191
0.211973 -0.077753 0.156200
0.212001 -0.077794 0.156226
0.212026 -0.077817 0.156243
0.212055 -0.077842 0.156258
0.212101 -0.077874 0.156280
0.212111 -0.077879 0.156284
0.212240 -0.077926 0.156321
0.212322 -0.077944 0.156339
0.212418 -0.077961 0.156353
0.212521 -0.077974 0.156368
0.212605 -0.077983 0.156378
0.212690 -0.077990 0.156387
0.212711 -0.077992 0.156388
0.212808 -0.078001 0.156398
0.212853 -0.078003 0.156404
0.212898 -0.078004 0.156415
0.212932 -0.078000 0.156426
0.212937 -0.077999 0.156426
0.212964 -0.077993 0.156437
0.212982 -0.077989 0.156451
0.212992 -0.077981 0.156463
0.212988 -0.077975 0.156474
0.212974 -0.077966 0.156489
0.212954 -0.077956 0.156500
0.212919 -0.077943 0.156513
0.212781 -0.077912 0.156541
0.212704 -0.077902 0.156546
0.212645 -0.077895 0.156550
0.212559 -0.077888 0.156551
0.212459 -0.077883 0.156551
0.212348 -0.077879 0.156550
0.212278 -0.077878 0.156546
0.212202 -0.077879 0.156540
0.212159 -0.077882 0.156534
0.212133 -0.077885 0.156530
0.212126 -0.077891 0.156526
0.212131 -0.077896 0.156523
0.212136 -0.077900 0.156519
0.212148 -0.077911 0.156515
0.212154 -0.077914 0.156514
0.212175 -0.077927 0.156507
0.212197 -0.077935 0.156503
0.212225 -0.077948 0.156500
0.212302 -0.077970 0.156502
0.212402 -0.077988 0.156512
0.212493 -0.077996 0.156528
0.212506 -0.077997 0.156530
0.212604 -0.078004 0.156552
0.212790 -0.078022 0.156602
0.212881 -0.078033 0.156628
0.212943 -0.078038 0.156651
0.213001 -0.078042 0.156671
0.213019 -0.078043 0.156677
0.213123 -0.078043 0.156714
0.213156 -0.078041 0.156723
0.213185 -0.078033 0.156727
0.213187 -0.078033 0.156727
0.213210 -0.078021 0.156738
0.213210 -0.078019 0.156738
0.213191 -0.077990 0.156746
0.213173 -0.077973 0.156751
0.213169 -0.077971 0.156752
0.213102 -0.077933 0.156759
0.213046 -0.077914 0.156764
0.213038 -0.077910 0.156764
0.212920 -0.077877 0.156769
0.212852 -0.077861 0.156771
0.212842 -0.077859 0.156771
0.212710 -0.077831 0.156771
0.212630 -0.077820 0.156771
0.212552 -0.077813 0.156772
0.212477 -0.077806 0.156774
0.212415 -0.077800 0.156774
0.212415 -0.077800 0.156774
0.212409 -0.077801 0.156775
0.212374 -0.077798 0.156778
0.212374 -0.077798 0.156778
0.212350 -0.077796 0.156781
0.212340 -0.077795 0.156783
0.212337 -0.077796 0.156787
0.212344 -0.077802 0.156791
0.212356 -0.077811 0.156798
0.212368 -0.077820 0.156802
0.212382 -0.077833 0.156807
0.212382 -0.077833 0.156807
0.212403 -0.077853 0.156814
0.212458 -0.077897 0.156828
0.212500 -0.077922 0.156842
0.212508 -0.077927 0.156845
0.212526 -0.077936 0.156851
0.212582 -0.077958 0.156866
0.212655 -0.077984 0.156887
0.212734 -0.078010 0.156912
0.212734 -0.078010 0.156912
0.212814 -0.078033 0.156936
0.212876 -0.078053 0.156952
0.212941 -0.078078 0.156973
0.212998 -0.078106 0.156990
0.212998 -0.078106 0.156990
0.213049 -0.078134 0.157006
0.213101 -0.078163 0.157024
0.213155 -0.078189 0.157044
0.213207 -0.078214 0.157060
0.213207 -0.078214 0.157060
0.213257 -0.078239 0.157076
0.213306 -0.078263 0.157090
0.213343 -0.078280 0.157094
0.213381 -0.078300 0.157104
0.213381 -0.078300 0.157104
0.213405 -0.078319 0.157117
0.213417 -0.078331 0.157123
0.213417 -0.078343 0.157130
0.213417 -0.078343 0.157130
0.213412 -0.078350 0.157132
0.213404 -0.078355 0.157133
0.213393 -0.078357 0.157134
0.213380 -0.078359 0.157134
0.213356 -0.078357 0.157132
0.213326 -0.078353 0.157131
0.213290 -0.078347 0.157132
0.213290 -0.078347 0.157132
0.213241 -0.078340 0.157133
0.213190 -0.078334 0.157136
0.213190 -0.078334 0.157136
0.213147 -0.078328 0.157137
0.213096 -0.078317 0.157139
0.213044 -0.078304 0.157142
0.212990 -0.078291 0.157143
0.212990 -0.078291 0.157143
0.212941 -0.078279 0.157144
0.212879 -0.078266 0.157145
0.212828 -0.078255 0.157147
0.212768 -0.078241 0.157148
0.212768 -0.078241 0.157148
0.212654 -0.078214 0.157148
0.212633 -0.078209 0.157148
0.212614 -0.078206 0.157149
0.212606 -0.078207 0.157149
0.212603 -0.078210 0.157148
0.212601 -0.078212 0.157150
0.212601 -0.078212 0.157150
0.212615 -0.078216 0.157152
0.212628 -0.078220 0.157152
0.212644 -0.078226 0.157151
0.212664 -0.078231 0.157151
0.212693 -0.078240 0.157150
0.212727 -0.078248 0.157150
0.212747 -0.078255 0.157149
0.212753 -0.078256 0.157150
0.212769 -0.078260 0.157150
0.212769 -0.078260 0.157150
0.212815 -0.078273 0.157149
0.212870 -0.078291 0.157149
0.212925 -0.078312 0.157150
0.212925 -0.078312 0.157150
0.212979 -0.078337 0.157150
0.213028 -0.078361 0.157151
0.213028 -0.078361 0.157151
0.213158 -0.078433 0.157168
0.213212 -0.078461 0.157180
0.213260 -0.078484 0.157192
0.213323 -0.078510 0.157210
0.213385 -0.078535 0.157230
0.213427 -0.078549 0.157242
0.213472 -0.078567 0.157259
0.213515 -0.078581 0.157270
0.213542 -0.078593 0.157283
0.213564 -0.078604 0.157298
0.213569 -0.078606 0.157301
0.213577 -0.078611 0.157306
0.213597 -0.078622 0.157317
0.213605 -0.078628 0.157324
0.213608 -0.078635 0.157328
0.213600 -0.078639 0.157329
0.213580 -0.078640 0.157326
0.213549 -0.078633 0.157323
0.213539 -0.078631 0.157323
0.213484 -0.078621 0.157314
0.213404 -0.078599 0.157302
0.213397 -0.078597 0.157301
0.213371 -0.078586 0.157296
0.213324 -0.078565 0.157289
0.213204 -0.078516 0.157263
0.213153 -0.078496 0.157255
0.213139 -0.078492 0.157254
0.213060 -0.078466 0.157250
0.213053 -0.078463 0.157250
0.213011 -0.078455 0.157254
0.212941 -0.078440 0.157270
0.212923 -0.078437 0.157276
0.212918 -0.078438 0.157280
0.212908 -0.078439 0.157293
0.212908 -0.078439 0.157293
0.212913 -0.078444 0.157305
0.212922 -0.078446 0.157312
0.212965 -0.078471 0.157343
0.213003 -0.078489 0.157365
0.213066 -0.078524 0.157396
0.213128 -0.078557 0.157424
0.213144 -0.078566 0.157433
0.213273 -0.078630 0.157501
0.213285 -0.078637 0.157507
0.213335 -0.078669 0.157534
0.213374 -0.078699 0.157555
0.213412 -0.078732 0.157577
0.213445 -0.078762 0.157594
0.213482 -0.078797 0.157616
0.213510 -0.078826 0.157632
0.213541 -0.078861 0.157650
0.213560 -0.078890 0.157662
0.213560 -0.078890 0.157662
0.213577 -0.078925 0.157673
0.213585 -0.078950 0.157678
0.213592 -0.078977 0.157685
0.213599 -0.079005 0.157695
0.213606 -0.079025 0.157700
0.213609 -0.079048 0.157703
0.213610 -0.079066 0.157704
0.213610 -0.079084 0.157702
0.213605 -0.079096 0.157700
0.213594 -0.079108 0.157700
0.213585 -0.079116 0.157698
0.213569 -0.079125 0.157696
0.213551 -0.079131 0.157693
0.213537 -0.079134 0.157690
0.213517 -0.079134 0.157688
0.213496 -0.079130 0.157686
0.213467 -0.079124 0.157684
0.213437 -0.079117 0.157684
0.213408 -0.079111 0.157682
0.213370 -0.079101 0.157680
0.213327 -0.079086 0.157679
0.213283 -0.079068 0.157677
0.213248 -0.079052 0.157676
0.213209 -0.079032 0.157674
0.213177 -0.079017 0.157671
0.213150 -0.079002 0.157671
0.213116 -0.078987 0.157672
0.213089 -0.078974 0.157676
0.213062 -0.078965 0.157683
0.213040 -0.078952 0.157690
0.213025 -0.078944 0.157698
0.213018 -0.078938 0.157706
0.213015 -0.078933 0.157715
0.213020 -0.078933 0.157725
0.213020 -0.078933 0.157725
0.213030 -0.078939 0.157736
0.213042 -0.078946 0.157751
0.213059 -0.078956 0.157764
0.213080 -0.078972 0.157782
0.213105 -0.078990 0.157802
0.213128 -0.079011 0.157821
0.213155 -0.079039 0.157844
0.213185 -0.079071 0.157869
0.213210 -0.079100 0.157891
0.213236 -0.079137 0.157921
0.213258 -0.079175 0.157951
0.213287 -0.079224 0.157990
0.213309 -0.079265 0.158020
0.213331 -0.079306 0.158051
0.213354 -0.079349 0.158081
0.213379 -0.079393 0.158110
0.213404 -0.079440 0.158139
0.213424 -0.079476 0.158158
0.213448 -0.079518 0.158178
0.213466 -0.079552 0.158189
0.213484 -0.079578 0.158195
0.213502 -0.079602 0.158202
0.213523 -0.079625 0.158205
0.213545 -0.079646 0.158203
0.213545 -0.079646 0.158203
0.213570 -0.079667 0.158193
0.213588 -0.079679 0.158187
0.213614 -0.079683 0.158173
0.213622 -0.079679 0.158166
0.213625 -0.079664 0.158158
0.213628 -0.079652 0.158153
0.213627 -0.079635 0.158147
0.213627 -0.079629 0.158144
0.213617 -0.079592 0.158138
0.213604 -0.079566 0.158134
0.213583 -0.079537 0.158131
0.213563 -0.079511 0.158129
0.213545 -0.079490 0.158127
0.213542 -0.079484 0.158127
0.213505 -0.079446 0.158130
0.213476 -0.079418 0.158137
0.213445 -0.079393 0.158149
0.213445 -0.079393 0.158149
0.213387 -0.079362 0.158172
0.213363 -0.079351 0.158183
0.213345 -0.079342 0.158192
0.213327 -0.079335 0.158205
0.213302 -0.079331 0.158223
0.213286 -0.079331 0.158236
0.213271 -0.079333 0.158249
0.213260 -0.079339 0.158264
0.213259 -0.079341 0.158268
0.213259 -0.079341 0.158268
0.213249 -0.079351 0.158290
0.213243 -0.079367 0.158313
0.213237 -0.079408 0.158364
0.213238 -0.079416 0.158371
0.213251 -0.079465 0.158417
0.213258 -0.079476 0.158427
0.213269 -0.079499 0.158448
0.213275 -0.079511 0.158459
0.213294 -0.079547 0.158495
0.213314 -0.079584 0.158531
0.213314 -0.079584 0.158531
0.213376 -0.079690 0.158616
0.213396 -0.079728 0.158643
0.213408 -0.079753 0.158662
0.213408 -0.079753 0.158662
0.213413 -0.079764 0.158672
0.213429 -0.079802 0.158702
0.213444 -0.079830 0.158725
0.213465 -0.079859 0.158743
0.213493 -0.079890 0.158756
0.213497 -0.079893 0.158754
0.213503 -0.079896 0.158755
0.213517 -0.079898 0.158747
0.213537 -0.079894 0.158734
0.213546 -0.079891 0.158729
0.213547 -0.079891 0.158728
0.213551 -0.079890 0.158726
0.213563 -0.079882 0.158715
0.213571 -0.079867 0.158703
0.213579 -0.079850 0.158687
0.213585 -0.079833 0.158675
0.213591 -0.079813 0.158663
0.213599 -0.079771 0.158645
0.213598 -0.079767 0.158644
0.213598 -0.079767 0.158644
0.213601 -0.079698 0.158622
0.213602 -0.079693 0.158620
0.213610 -0.079638 0.158606
0.213613 -0.079614 0.158604
0.213615 -0.079611 0.158605
0.213618 -0.079589 0.158605
0.213625 -0.079559 0.158609
0.213627 -0.079540 0.158614
0.213623 -0.079520 0.158622
0.213618 -0.079506 0.158628
0.213618 -0.079504 0.158629
0.213618 -0.079504 0.158629
0.213613 -0.079494 0.158636
0.213598 -0.079472 0.158653
0.213594 -0.079466 0.158660
0.213594 -0.079465 0.158661
0.213595 -0.079463 0.158675
0.213597 -0.079465 0.158680
0.213604 -0.079468 0.158686
0.213609 -0.079469 0.158691
0.213617 -0.079475 0.158698
0.213624 -0.079483 0.158705
0.213639 -0.079491 0.158714
0.213650 -0.079498 0.158721
0.213663 -0.079509 0.158729
0.213677 -0.079520 0.158735
0.213680 -0.079523 0.158736
0.213718 -0.079548 0.158746
0.213722 -0.079552 0.158747
0.213722 -0.079552 0.158747
0.213722 -0.079552 0.158747
0.213742 -0.079565 0.158754
0.213791 -0.079604 0.158777
0.213791 -0.079604 0.158777
0.213825 -0.079637 0.158796
0.213876 -0.079681 0.158824
0.213894 -0.079694 0.158832
0.213901 -0.079698 0.158835
0.213908 -0.079702 0.158837
0.213935 -0.079714 0.158834
0.213936 -0.079716 0.158833
0.213950 -0.079719 0.158827
0.213976 -0.079718 0.158808
0.213983 -0.079715 0.158799
0.213987 -0.079709 0.158786
0.213987 -0.079708 0.158785
0.213983 -0.079697 0.158766
0.213978 -0.079687 0.158755
0.213973 -0.079679 0.158744
0.213965 -0.079668 0.158733
0.213956 -0.079655 0.158724
0.213949 -0.079648 0.158719
0.213937 -0.079641 0.158715
0.213930 -0.079637 0.158713
0.213926 -0.079637 0.158714
0.213895 -0.079634 0.158712
0.213891 -0.079633 0.158713
0.213852 -0.079630 0.158718
0.213831 -0.079630 0.158722
0.213811 -0.079632 0.158726
0.213792 -0.079637 0.158732
0.213771 -0.079642 0.158739
0.213752 -0.079648 0.158748
0.213740 -0.079654 0.158758
0.213721 -0.079669 0.158775
0.213715 -0.079679 0.158792
0.213711 -0.079693 0.158814
0.213711 -0.079708 0.158840
0.213712 -0.079711 0.158846
0.213721 -0.079725 0.158867
0.213738 -0.079741 0.158885
0.213758 -0.079753 0.158898
0.213811 -0.079774 0.158919
0.213855 -0.079786 0.158928
0.213889 -0.079795 0.158931
0.213917 -0.079799 0.158929
0.213957 -0.079804 0.158924
0.213975 -0.079807 0.158922
0.213981 -0.079808 0.158921
0.214023 -0.079814 0.158913
0.214040 -0.079816 0.158910
0.214076 -0.079815 0.158904
0.214100 -0.079815 0.158899
0.214118 -0.079814 0.158895
0.214137 -0.079813 0.158890
0.214153 -0.079812 0.158885
0.214163 -0.079807 0.158881
0.214165 -0.079803 0.158877
0.214163 -0.079800 0.158873
0.214160 -0.079797 0.158871
0.214149 -0.079791 0.158869
0.214133 -0.079787 0.158869
0.214127 -0.079787 0.158868
0.214102 -0.079785 0.158869
0.214093 -0.079783 0.158869
0.214063 -0.079781 0.158870
0.214011 -0.079779 0.158876
0.213983 -0.079780 0.158878
0.213930 -0.079780 0.158881
0.213908 -0.079780 0.158883
0.213871 -0.079783 0.158889
0.213846 -0.079785 0.158892
0.213814 -0.079788 0.158896
0.213783 -0.079792 0.158901
0.213761 -0.079796 0.158904
0.213721 -0.079802 0.158913
0.213701 -0.079807 0.158918
0.213683 -0.079811 0.158925
0.213666 -0.079818 0.158931
0.213651 -0.079828 0.158941
0.213645 -0.079838 0.158952
0.213642 -0.079847 0.158961
0.213645 -0.079858 0.158975
0.213650 -0.079866 0.158986
0.213658 -0.079876 0.158996
0.213669 -0.079885 0.159008
0.213683 -0.079892 0.159018
0.213699 -0.079899 0.159029
0.213718 -0.079906 0.159040
0.213732 -0.079912 0.159047
0.213747 -0.079916 0.159055
0.213762 -0.079920 0.159062
0.213778 -0.079923 0.159065
0.213788 -0.079923 0.159067
0.213788 -0.079923 0.159067
0.213792 -0.079924 0.159066
0.213810 -0.079925 0.159067
0.213850 -0.079924 0.159064
0.213869 -0.079924 0.159062
0.213876 -0.079924 0.159061
0.213882 -0.079924 0.159061
0.213900 -0.079924 0.159059
0.213929 -0.079924 0.159057
0.213955 -0.079923 0.159055
0.213981 -0.079923 0.159052
0.213981 -0.079923 0.159052
0.214006 -0.079923 0.159050
0.214059 -0.079922 0.159047
0.214073 -0.079922 0.159048
0.214088 -0.079922 0.159046
0.214099 -0.079922 0.159048
0.214108 -0.079924 0.159048
0.214118 -0.079926 0.159050
0.214123 -0.079926 0.159051
0.214123 -0.079926 0.159051
0.214123 -0.079926 0.159051
0.214124 -0.079928 0.159054
0.214121 -0.079929 0.159056
0.214113 -0.079931 0.159061
0.214099 -0.079932 0.159065
0.214099 -0.079932 0.159065
0.214063 -0.079936 0.159072
0.214033 -0.079938 0.159076
0.214009 -0.079941 0.159080
0.213983 -0.079943 0.159084
0.213959 -0.079945 0.159089
0.213919 -0.079947 0.159097
0.213894 -0.079948 0.159101
0.213870 -0.079949 0.159106
0.213855 -0.079949 0.159110
0.213844 -0.079950 0.159112
0.213817 -0.079952 0.159118
0.213808 -0.079953 0.159120
0.213798 -0.079953 0.159120
0.213793 -0.079953 0.159121
0.213793 -0.079953 0.159121
0.213790 -0.079953 0.159121
0.213787 -0.079954 0.159121
0.213790 -0.079953 0.159123
0.213790 -0.079953 0.159122
0.213806 -0.079955 0.159121
0.213816 -0.079955 0.159120
0.213818 -0.079956 0.159119
0.213839 -0.079956 0.159116
0.213853 -0.079956 0.159115
0.213868 -0.079956 0.159113
0.213879 -0.079956 0.159112
0.213882 -0.079956 0.159112
0.213889 -0.079958 0.159112
0.213909 -0.079958 0.159110
0.213926 -0.079959 0.159109
0.213945 -0.079960 0.159109
0.213968 -0.079961 0.159109
0.213996 -0.079964 0.159109
0.214013 -0.079965 0.159109
0.214033 -0.079969 0.159111
0.214033 -0.079969 0.159111
0.214036 -0.079968 0.159111
0.214051 -0.079971 0.159112
0.214089 -0.079979 0.159117
0.214110 -0.079984 0.159122
0.214110 -0.079984 0.159122
0.214114 -0.079986 0.159124
0.214133 -0.080000 0.159138
0.214141 -0.080011 0.159153
0.214144 -0.080016 0.159160
0.214145 -0.080022 0.159170
0.214144 -0.080031 0.159182
0.214141 -0.080046 0.159199
0.214132 -0.080055 0.159214
0.214126 -0.080061 0.159222
0.214116 -0.080068 0.159234
0.214115 -0.080069 0.159236
0.214088 -0.080084 0.159254
0.214064 -0.080095 0.159264
0.214045 -0.080102 0.159272
0.214024 -0.080108 0.159279
0.213999 -0.080115 0.159288
0.213980 -0.080123 0.159294
0.213968 -0.080127 0.159297
0.213968 -0.080127 0.159297
0.213925 -0.080141 0.159312
0.213900 -0.080145 0.159322
0.213888 -0.080148 0.159328
0.213886 -0.080150 0.159329
0.213861 -0.080158 0.159343
0.213861 -0.080158 0.159343
0.213841 -0.080168 0.159359
0.213834 -0.080169 0.159366
0.213831 -0.080172 0.159372
0.213831 -0.080172 0.159374
0.213827 -0.080174 0.159382
0.213830 -0.080173 0.159386
0.213834 -0.080174 0.159390
0.213837 -0.080175 0.159395
0.213845 -0.080172 0.159403
0.213856 -0.080169 0.159406
0.213867 -0.080164 0.159407
0.213879 -0.080161 0.159408
0.213898 -0.080157 0.159408
0.213908 -0.080155 0.159408
0.213923 -0.080152 0.159408
0.213953 -0.080149 0.159408
0.213979 -0.080145 0.159409
0.214002 -0.080143 0.159410
0.214024 -0.080141 0.159411
0.214049 -0.080139 0.159414
0.214063 -0.080139 0.159415
0.214082 -0.080138 0.159418
0.214082 -0.080138 0.159418
0.214087 -0.080138 0.159418
0.214114 -0.080138 0.159421
0.214172 -0.080141 0.159430
0.214182 -0.080140 0.159433
0.214214 -0.080144 0.159441
0.214237 -0.080148 0.159445
0.214247 -0.080149 0.159449
0.214256 -0.080152 0.159454
0.214270 -0.080157 0.159465
0.214273 -0.080160 0.159471
0.214272 -0.080162 0.159472
0.214272 -0.080164 0.159476
0.214269 -0.080172 0.159484
0.214268 -0.080178 0.159491
0.214262 -0.080187 0.159499
0.214261 -0.080188 0.159503
0.214259 -0.080192 0.159505
0.214242 -0.080204 0.159515
0.214242 -0.080204 0.159515
0.214220 -0.080213 0.159521
0.214210 -0.080215 0.159524
0.214202 -0.080216 0.159524
0.214180 -0.080220 0.159523
0.214167 -0.080222 0.159525
0.214152 -0.080225 0.159524
0.214137 -0.080225 0.159524
0.214126 -0.080226 0.159523
0.214120 -0.080225 0.159523
0.214115 -0.080225 0.159523
0.214105 -0.080222 0.159523
0.214104 -0.080221 0.159524
0.214102 -0.080220 0.159524
0.214101 -0.080209 0.159524
0.214099 -0.080208 0.159524
0.214104 -0.080199 0.159523
0.214111 -0.080194 0.159522
0.214111 -0.080192 0.159521
0.214125 -0.080181 0.159520
0.214133 -0.080175 0.159521
0.214152 -0.080165 0.159518
0.214163 -0.080157 0.159517
0.214183 -0.080144 0.159516
0.214200 -0.080135 0.159516
0.214218 -0.080127 0.159515
0.214222 -0.080126 0.159516
0.214257 -0.080115 0.159514
0.214278 -0.080109 0.159513
0.214303 -0.080103 0.159513
0.214326 -0.080101 0.159512
0.214344 -0.080097 0.159510
0.214373 -0.080096 0.159508
0.214399 -0.080092 0.159506
0.214425 -0.080091 0.159505
0.214452 -0.080089 0.159503
0.214477 -0.080086 0.159503
0.214503 -0.080084 0.159502
0.214528 -0.080085 0.159501
0.214551 -0.080085 0.159501
0.214571 -0.080087 0.159500
0.214587 -0.080088 0.159499
0.214607 -0.080092 0.159498
0.214623 -0.080097 0.159499
0.214642 -0.080107 0.159500
0.214656 -0.080112 0.159500
0.214666 -0.080119 0.159501
0.214675 -0.080126 0.159504
0.214684 -0.080134 0.159508
0.214691 -0.080145 0.159515
0.214693 -0.080154 0.159520
0.214691 -0.080163 0.159526
0.214692 -0.080170 0.159531
0.214689 -0.080177 0.159535
0.214687 -0.080181 0.159539
0.214679 -0.080188 0.159543
0.214673 -0.080195 0.159547
0.214658 -0.080203 0.159552
0.214642 -0.080206 0.159554
0.214633 -0.080207 0.159554
0.214625 -0.080208 0.159556
0.214615 -0.080208 0.159556
0.214608 -0.080208 0.159554
0.214601 -0.080205 0.159554
0.214595 -0.080201 0.159550
0.214590 -0.080194 0.159547
0.214585 -0.080187 0.159545
0.214581 -0.080179 0.159541
0.214581 -0.080179 0.159541
0.214579 -0.080177 0.159540
0.214576 -0.080166 0.159536
0.214573 -0.080153 0.159530
0.214572 -0.080140 0.159522
0.214577 -0.080116 0.159508
0.214587 -0.080102 0.159501
0.214598 -0.080092 0.159495
0.214598 -0.080092 0.159495
0.214620 -0.080076 0.159487
0.214635 -0.080067 0.159482
0.214654 -0.080053 0.159474
0.214654 -0.080053 0.159474
0.214654 -0.080053 0.159474
0.214700 -0.080024 0.159452
0.214703 -0.080023 0.159451
0.214712 -0.080020 0.159448
0.214730 -0.080011 0.159439
0.214776 -0.079996 0.159415
0.214796 -0.079991 0.159405
0.214804 -0.079989 0.159401
0.214844 -0.079983 0.159386
0.214848 -0.079982 0.159386
0.214881 -0.079982 0.159377
0.214906 -0.079983 0.159371
0.214909 -0.079982 0.159371
0.214909 -0.079982 0.159371
0.214946 -0.079994 0.159364
0.214966 -0.080001 0.159362
0.214979 -0.080008 0.159363
0.214979 -0.080008 0.159363
0.214984 -0.080010 0.159363
0.215005 -0.080033 0.159366
0.215008 -0.080034 0.159367
0.215009 -0.080037 0.159368
0.215011 -0.080043 0.159369
0.215010 -0.080054 0.159372
0.215005 -0.080076 0.159380
0.215000 -0.080092 0.159386
0.214995 -0.080101 0.159391
0.214992 -0.080109 0.159396
0.214989 -0.080115 0.159402
0.214986 -0.080119 0.159406
0.214981 -0.080121 0.159412
0.214978 -0.080121 0.159413
0.214976 -0.080121 0.159414
0.214976 -0.080121 0.159414
0.214969 -0.080122 0.159415
0.214964 -0.080120 0.159418
0.214960 -0.080118 0.159420
0.214957 -0.080114 0.159422
0.214952 -0.080109 0.159426
0.214949 -0.080101 0.159429
0.214946 -0.080093 0.159432
0.214945 -0.080084 0.159437
0.214943 -0.080077 0.159439
0.214942 -0.080065 0.159442
0.214941 -0.080048 0.159448
0.214939 -0.080037 0.159452
0.214940 -0.080021 0.159457
0.214942 -0.080011 0.159459
0.214945 -0.079990 0.159465
0.214948 -0.079977 0.159468
0.214952 -0.079967 0.159472
0.214959 -0.079952 0.159474
0.214973 -0.079931 0.159477
0.214987 -0.079916 0.159478
0.214994 -0.079910 0.159477
0.215008 -0.079902 0.159475
0.215027 -0.079894 0.159472
0.215041 -0.079889 0.159469
0.215044 -0.079889 0.159468
0.215079 -0.079883 0.159461
0.215098 -0.079880 0.159458
0.215120 -0.079881 0.159454
0.215130 -0.079882 0.159451
0.215134 -0.079882 0.159451
0.215142 -0.079884 0.159449
0.215165 -0.079888 0.159446
0.215184 -0.079894 0.159444
0.215205 -0.079903 0.159440
0.215215 -0.079909 0.159439
0.215245 -0.079928 0.159436
0.215257 -0.079939 0.159435
0.215269 -0.079952 0.159435
0.215278 -0.079962 0.159436
0.215283 -0.079970 0.159436
0.215295 -0.079990 0.159439
0.215302 -0.080003 0.159441
0.215302 -0.080005 0.159442
0.215306 -0.080015 0.159446
0.215308 -0.080017 0.159447
0.215311 -0.080045 0.159463
0.215312 -0.080051 0.159467
0.215312 -0.080058 0.159471
0.215312 -0.080062 0.159474
0.215313 -0.080067 0.159481
0.215315 -0.080070 0.159484
0.215312 -0.080072 0.159486
0.215310 -0.080072 0.159490
0.215306 -0.080071 0.159490
0.215302 -0.080068 0.159492
0.215300 -0.080064 0.159494
0.215296 -0.080057 0.159498
0.215292 -0.080049 0.159499
0.215292 -0.080038 0.159501
0.215291 -0.080029 0.159505
0.215289 -0.080015 0.159506
0.215289 -0.080004 0.159509
0.215290 -0.079991 0.159511
0.215290 -0.079976 0.159514
0.215292 -0.079963 0.159515
0.215293 -0.079950 0.159517
0.215295 -0.079936 0.159516
0.215296 -0.079924 0.159517
0.215300 -0.079911 0.159518
0.215309 -0.079900 0.159517
0.215315 -0.079891 0.159517
0.215323 -0.079885 0.159517
0.215339 -0.079872 0.159518
0.215350 -0.079864 0.159518
0.215359 -0.079859 0.159520
0.215372 -0.079852 0.159521
0.215381 -0.079846 0.159523
0.215392 -0.079843 0.159523
0.215403 -0.079843 0.159522
0.215414 -0.079843 0.159524
0.215425 -0.079845 0.159525
0.215437 -0.079850 0.159524
0.215452 -0.079855 0.159524
0.215463 -0.079862 0.159525
0.215472 -0.079869 0.159527
0.215485 -0.079881 0.159528
0.215494 -0.079892 0.159531
0.215503 -0.079903 0.159533
0.215509 -0.079916 0.159538
0.215516 -0.079932 0.159543
0.215520 -0.079947 0.159549
0.215522 -0.079959 0.159553
0.215524 -0.079975 0.159564
0.215522 -0.079986 0.159570
0.215521 -0.079987 0.159571
0.215516 -0.079995 0.159574
0.215513 -0.080004 0.159579
0.215511 -0.080011 0.159581
0.215507 -0.080017 0.159584
0.215496 -0.080028 0.159590
0.215477 -0.080035 0.159596
0.215475 -0.080035 0.159597
0.215464 -0.080037 0.159598
0.215455 -0.080035 0.159602
0.215444 -0.080032 0.159604
0.215436 -0.080028 0.159607
0.215427 -0.080025 0.159609
0.215407 -0.080012 0.159619
0.215398 -0.080005 0.159622
0.215388 -0.079995 0.159627
0.215381 -0.079986 0.159632
0.215369 -0.079963 0.159641
0.215364 -0.079953 0.159647
0.215349 -0.079920 0.159660
0.215348 -0.079918 0.159661
0.215345 -0.079905 0.159669
0.215342 -0.079891 0.159675
0.215340 -0.079874 0.159684
0.215344 -0.079848 0.159696
0.215350 -0.079820 0.159706
0.215353 -0.079802 0.159714
0.215361 -0.079786 0.159720
0.215367 -0.079773 0.159724
0.215376 -0.079762 0.159728
0.215378 -0.079760 0.159729
0.215380 -0.079759 0.159730
0.215392 -0.079747 0.159735
0.215419 -0.079730 0.159741
0.215430 -0.079728 0.159743
0.215449 -0.079725 0.159746
0.215452 -0.079725 0.159745
0.215471 -0.079727 0.159747
0.215493 -0.079733 0.159748
0.215503 -0.079737 0.159750
0.215510 -0.079743 0.159751
0.215514 -0.079746 0.159751
0.215526 -0.079756 0.159752
0.215541 -0.079778 0.159753
0.215551 -0.079795 0.159752
0.215551 -0.079795 0.159752
0.215565 -0.079826 0.159749
0.215569 -0.079838 0.159745
0.215572 -0.079857 0.159740
0.215574 -0.079871 0.159734
0.215574 -0.079885 0.159729
0.215573 -0.079895 0.159724
0.215568 -0.079903 0.159720
0.215561 -0.079915 0.159716
0.215552 -0.079925 0.159710
0.215545 -0.079930 0.159707
0.215536 -0.079932 0.159703
0.215528 -0.079933 0.159701
0.215516 -0.079932 0.159700
0.215507 -0.079931 0.159699
0.215507 -0.079931 0.159699
0.215503 -0.079928 0.159697
0.215462 -0.079907 0.159699
0.215462 -0.079907 0.159699
0.215447 -0.079898 0.159701
0.215443 -0.079893 0.159702
0.215428 -0.079880 0.159705
0.215411 -0.079862 0.159710
0.215405 -0.079856 0.159713
0.215405 -0.079856 0.159713
0.215361 -0.079795 0.159736
0.215345 -0.079769 0.159746
0.215333 -0.079747 0.159754
0.215329 -0.079735 0.159759
0.215322 -0.079711 0.159767
0.215322 -0.079711 0.159767
0.215320 -0.079700 0.159772
0.215320 -0.079700 0.159772
0.215321 -0.079648 0.159792
0.215320 -0.079622 0.159800
0.215321 -0.079613 0.159805
0.215322 -0.079587 0.159816
0.215329 -0.079571 0.159823
0.215335 -0.079563 0.159829
0.215343 -0.079557 0.159834
0.215353 -0.079550 0.159841
0.215365 -0.079546 0.159849
0.215381 -0.079545 0.159858
0.215382 -0.079544 0.159860
0.215398 -0.079548 0.159868
0.215406 -0.079549 0.159871
0.215432 -0.079559 0.159888
0.215445 -0.079567 0.159896
0.215459 -0.079577 0.159904
0.215472 -0.079589 0.159912
0.215492 -0.079607 0.159918
0.215501 -0.079617 0.159921
0.215517 -0.079637 0.159924
0.215543 -0.079669 0.159928
0.215557 -0.079689 0.159929
0.215575 -0.079719 0.159929
0.215586 -0.079737 0.159929
0.215598 -0.079761 0.159928
0.215617 -0.079796 0.159924
0.215620 -0.079803 0.159923
0.215640 -0.079844 0.159912
0.215653 -0.079867 0.159903
0.215665 -0.079886 0.159895
0.215676 -0.079908 0.159883
0.215684 -0.079925 0.159873
0.215692 -0.079946 0.159862
0.215692 -0.079946 0.159862
0.215692 -0.079949 0.159859
0.215699 -0.079972 0.159840
0.215700 -0.080002 0.159817
0.215700 -0.080005 0.159814
0.215700 -0.080009 0.159809
0.215688 -0.080016 0.159784
0.215688 -0.080016 0.159784
0.215688 -0.080016 0.159784
0.215663 -0.080003 0.159754
0.215646 -0.079992 0.159739
0.215643 -0.079989 0.159738
0.215630 -0.079979 0.159729
0.215622 -0.079975 0.159727
0.215597 -0.079954 0.159718
0.215566 -0.079921 0.159712
0.215566 -0.079921 0.159712
0.215537 -0.079889 0.159712
0.215507 -0.079855 0.159716
0.215452 -0.079788 0.159729
0.215408 -0.079720 0.159741
0.215394 -0.079695 0.159745
0.215372 -0.079655 0.159755
0.215358 -0.079624 0.159765
0.215344 -0.079594 0.159778
0.215330 -0.079570 0.159790
0.215323 -0.079559 0.159796
0.215310 -0.079529 0.159811
0.215299 -0.079506 0.159826
0.215289 -0.079473 0.159851
0.215286 -0.079461 0.159862
0.215284 -0.079448 0.159879
0.215283 -0.079440 0.159896
0.215283 -0.079440 0.159896
0.215286 -0.079439 0.159905
0.215296 -0.079443 0.159930
0.215326 -0.079467 0.159981
0.215348 -0.079481 0.160010
0.215368 -0.079498 0.160028
0.215398 -0.079528 0.160048
0.215418 -0.079551 0.160058
0.215443 -0.079581 0.160070
0.215466 -0.079607 0.160076
0.215491 -0.079639 0.160082
0.215513 -0.079663 0.160084
0.215548 -0.079705 0.160084
0.215580 -0.079744 0.160080
0.215611 -0.079786 0.160072
0.215635 -0.079819 0.160062
0.215674 -0.079866 0.160043
0.215699 -0.079894 0.160028
0.215705 -0.079901 0.160024
0.215772 -0.079970 0.159985
0.215799 -0.079996 0.159966
0.215831 -0.080024 0.159943
0.215859 -0.080046 0.159921
0.215881 -0.080060 0.159901
0.215903 -0.080075 0.159877
0.215922 -0.080085 0.159855
0.215932 -0.080090 0.159835
0.215939 -0.080093 0.159816
0.215943 -0.080094 0.159804
0.215946 -0.080091 0.159786
0.215947 -0.080085 0.159768
0.215943 -0.080078 0.159753
0.215939 -0.080071 0.159743
0.215932 -0.080055 0.159728
0.215923 -0.080040 0.159719
0.215912 -0.080024 0.159710
0.215897 -0.079998 0.159700
0.215880 -0.079973 0.159694
0.215867 -0.079954 0.159690
0.215837 -0.079911 0.159685
0.215812 -0.079874 0.159683
0.215784 -0.079836 0.159684
0.215753 -0.079795 0.159687
0.215729 -0.079762 0.159692
0.215722 -0.079753 0.159694
0.215694 -0.079721 0.159700
0.215689 -0.079712 0.159702
0.215654 -0.079674 0.159711
0.215605 -0.079622 0.159734
0.215605 -0.079622 0.159734
0.215539 -0.079552 0.159774
0.215539 -0.079552 0.159774
0.215478 -0.079493 0.159822
0.215434 -0.079463 0.159865
0.215416 -0.079455 0.159888
0.215400 -0.079450 0.159920
0.215396 -0.079450 0.159926
0.215382 -0.079454 0.159980
0.215377 -0.079462 0.160014
0.215375 -0.079469 0.160034
0.215377 -0.079483 0.160064
0.215378 -0.079488 0.160075
0.215378 -0.079488 0.160075
0.215385 -0.079516 0.160116
0.215393 -0.079538 0.160147
0.215406 -0.079563 0.160176
0.215437 -0.079616 0.160212
0.215461 -0.079657 0.160223
0.215481 -0.079688 0.160225
0.215499 -0.079711 0.160225
0.215534 -0.079752 0.160220
0.215566 -0.079790 0.160209
0.215600 -0.079829 0.160193
0.215621 -0.079852 0.160181
0.215658 -0.079892 0.160159
0.215684 -0.079920 0.160143
0.215727 -0.079956 0.160117
0.215761 -0.079986 0.160096
0.215805 -0.080020 0.160068
0.215843 -0.080045 0.160045
0.215889 -0.080074 0.160017
0.215917 -0.080091 0.160000
0.215936 -0.080100 0.159988
0.215972 -0.080119 0.159964
0.216007 -0.080138 0.159940
0.216051 -0.080157 0.159908
0.216051 -0.080157 0.159908
0.216113 -0.080177 0.159864
0.216191 -0.080185 0.159805
0.216228 -0.080181 0.159778
0.216254 -0.080172 0.159753
0.216281 -0.080157 0.159739
0.216297 -0.080140 0.159727
0.216305 -0.080128 0.159718
0.216314 -0.080112 0.159706
0.216317 -0.080099 0.159699
0.216320 -0.080075 0.159692
0.216321 -0.080055 0.159688
0.216315 -0.080021 0.159684
0.216309 -0.079985 0.159686
0.216300 -0.079956 0.159688
0.216291 -0.079933 0.159690
0.216268 -0.079886 0.159698
0.216249 -0.079855 0.159706
0.216222 -0.079817 0.159720
0.216190 -0.079782 0.159737
0.216163 -0.079752 0.159755
0.216130 -0.079719 0.159774
0.216094 -0.079689 0.159797
0.216063 -0.079665 0.159818
0.216022 -0.079639 0.159845
0.215981 -0.079618 0.159875
0.215913 -0.079593 0.159927
0.215871 -0.079585 0.159962
0.215801 -0.079580 0.160025
0.215744 -0.079589 0.160081
0.215696 -0.079612 0.160136
0.215662 -0.079646 0.160183
0.215638 -0.079683 0.160233
0.215620 -0.079722 0.160270
0.215607 -0.079762 0.160293
0.215603 -0.079823 0.160308
0.215613 -0.079879 0.160309
0.215630 -0.079933 0.160296
0.215655 -0.079992 0.160270
0.215681 -0.080052 0.160238
0.215711 -0.080107 0.160202
0.215746 -0.080152 0.160171
0.215765 -0.080172 0.160155
0.215841 -0.080245 0.160090
0.215889 -0.080275 0.160047
0.215938 -0.080286 0.160008
0.215988 -0.080288 0.159962
0.216029 -0.080280 0.159922
0.216069 -0.080259 0.159878
0.216107 -0.080238 0.159843
0.216150 -0.080208 0.159813
0.216190 -0.080172 0.159783
0.216228 -0.080130 0.159767
0.216268 -0.080072 0.159760
0.216296 -0.080016 0.159758
0.216316 -0.079959 0.159764
0.216334 -0.079900 0.159780
0.216346 -0.079843 0.159803
0.216350 -0.079778 0.159834
0.216348 -0.079733 0.159869
0.216338 -0.079700 0.159902
0.216322 -0.079667 0.159954
0.216300 -0.079648 0.160008
0.216276 -0.079642 0.160060
0.216232 -0.079642 0.160132
0.216188 -0.079650 0.160197
0.216140 -0.079667 0.160258
0.216097 -0.079692 0.160307
0.216031 -0.079742 0.160369
0.215981 -0.079784 0.160405
0.215941 -0.079826 0.160432
0.215899 -0.079886 0.160454
0.215869 -0.079945 0.160458
0.215852 -0.080004 0.160448
0.215846 -0.080055 0.160427
0.215847 -0.080125 0.160392
0.215859 -0.080193 0.160347
0.215874 -0.080248 0.160301
0.215889 -0.080294 0.160251
0.215908 -0.080336 0.160196
0.215929 -0.080371 0.160135
0.215952 -0.080395 0.160068
0.215974 -0.080401 0.160019
0.215999 -0.080398 0.159964
0.216004 -0.080398 0.159957
0.216043 -0.080362 0.159866
0.216045 -0.080358 0.159858
0.216071 -0.080331 0.159817
0.216111 -0.080273 0.159765
0.216140 -0.080226 0.159736
0.216165 -0.080171 0.159707
0.216195 -0.080106 0.159683
0.216225 -0.080050 0.159674
0.216265 -0.079971 0.159670
0.216290 -0.079908 0.159669
0.216349 -0.079739 0.159695
0.216371 -0.079659 0.159723
0.216383 -0.079579 0.159760
0.216384 -0.079509 0.159805
0.216373 -0.079456 0.159851
0.216360 -0.079419 0.159896
0.216342 -0.079388 0.159945
0.216331 -0.079379 0.159968
0.216261 -0.079360 0.160090
0.216255 -0.079362 0.160100
0.216171 -0.079406 0.160223
0.216125 -0.079442 0.160281
0.216065 -0.079497 0.160350
0.216013 -0.079555 0.160403
0.215951 -0.079632 0.160441
0.215906 -0.079710 0.160465
0.215866 -0.079789 0.160465
0.215831 -0.079870 0.160451
0.215802 -0.079953 0.160416
0.215777 -0.080052 0.160358
0.215764 -0.080125 0.160307
0.215754 -0.080189 0.160257
0.215741 -0.080270 0.160173
0.215730 -0.080341 0.160074
0.215724 -0.080387 0.159982
0.215719 -0.080423 0.159869
0.215717 -0.080441 0.159785
0.215719 -0.080456 0.159680
0.215716 -0.080455 0.159598
0.215716 -0.080437 0.159523
0.215721 -0.080412 0.159461
0.215732 -0.080378 0.159400
0.215748 -0.080324 0.159337
0.215761 -0.080269 0.159290
0.215785 -0.080181 0.159250
0.215788 -0.080168 0.159246
0.215810 -0.080087 0.159226
0.215859 -0.079887 0.159200
0.215884 -0.079790 0.159199
0.215920 -0.079653 0.159213
0.215948 -0.079549 0.159236
0.215987 -0.079438 0.159279
0.216026 -0.079337 0.159330
0.216059 -0.079256 0.159380
0.216065 -0.079245 0.159390
0.216124 -0.079108 0.159516
0.216149 -0.079057 0.159592
0.216153 -0.079053 0.159605
0.216193 -0.079008 0.159771
0.216196 -0.079005 0.159785
0.216225 -0.079016 0.159951
0.216235 -0.079039 0.160022
0.216238 -0.079043 0.160032
0.216262 -0.079120 0.160165
0.216278 -0.079182 0.160227
0.216281 -0.079191 0.160234
0.216309 -0.079335 0.160293
0.216323 -0.079404 0.160300
0.216326 -0.079414 0.160299
0.216351 -0.079517 0.160279
0.216369 -0.079568 0.160259
0.216435 -0.079698 0.160193
0.216475 -0.079761 0.160153
0.216519 -0.079820 0.160107
0.216565 -0.079868 0.160060
0.216603 -0.079894 0.160021
0.216603 -0.079894 0.160021
0.216664 -0.079917 0.159960
0.216809 -0.079896 0.159816
0.216890 -0.079852 0.159747
0.216916 -0.079835 0.159726
0.217087 -0.079710 0.159601
0.217199 -0.079614 0.159531
0.217293 -0.079523 0.159483
0.217393 -0.079416 0.159443
0.217542 -0.079248 0.159407
0.217666 -0.079107 0.159393
0.217795 -0.078955 0.159393
0.217925 -0.078798 0.159404
0.218032 -0.078665 0.159423
0.218048 -0.078643 0.159428
0.218304 -0.078332 0.159505
0.218433 -0.078171 0.159558
0.218541 -0.078039 0.159610
0.218700 -0.077858 0.159692
0.218813 -0.077751 0.159753
0.218969 -0.077624 0.159843
0.219083 -0.077545 0.159914
0.219266 -0.077448 0.160045
0.219397 -0.077403 0.160140
0.219598 -0.077356 0.160284
0.219753 -0.077331 0.160392
0.219965 -0.077316 0.160536
0.220170 -0.077317 0.160645
0.220391 -0.077336 0.160747
0.220589 -0.077362 0.160826
0.220821 -0.077398 0.160904
0.221057 -0.077443 0.160976
0.221294 -0.077492 0.161028
0.221535 -0.077546 0.161068
0.221784 -0.077596 0.161090
0.222036 -0.077645 0.161106
0.222255 -0.077683 0.161115
0.222514 -0.077723 0.161122
0.222783 -0.077761 0.161122
0.223054 -0.077795 0.161114
0.223330 -0.077820 0.161099
0.223570 -0.077833 0.161081
0.223891 -0.077836 0.161054
0.224051 -0.077830 0.161037
0.224408 -0.077804 0.160995
0.224651 -0.077778 0.160971
0.224753 -0.077767 0.160965
0.225278 -0.077688 0.160927
0.225482 -0.077653 0.160921
0.225820 -0.077593 0.160916
0.226117 -0.077536 0.160917
0.226369 -0.077485 0.160922
0.226697 -0.077420 0.160933
0.226897 -0.077381 0.160943
0.226983 -0.077366 0.160947
0.227132 -0.077338 0.160958
0.227447 -0.077281 0.160987
0.227681 -0.077241 0.161017
0.228301 -0.077144 0.161106
0.228573 -0.077106 0.161152
0.228814 -0.077074 0.161198
0.228853 -0.077067 0.161206
0.229050 -0.077042 0.161250
0.229462 -0.077001 0.161353
0.229873 -0.076970 0.161445
0.230157 -0.076951 0.161504
0.230449 -0.076931 0.161569
0.230727 -0.076916 0.161642
0.230991 -0.076905 0.161716
0.231262 -0.076897 0.161782
0.231466 -0.076889 0.161824
0.231549 -0.076885 0.161840
0.231881 -0.076869 0.161901
0.232321 -0.076854 0.161981
0.232648 -0.076842 0.162030
0.232899 -0.076832 0.162064
0.233195 -0.076822 0.162101
0.233482 -0.076817 0.162142
0.233721 -0.076819 0.162179
0.234001 -0.076820 0.162226
0.234287 -0.076824 0.162278
0.234575 -0.076829 0.162338
0.234859 -0.076839 0.162405
0.235183 -0.076854 0.162484
0.235429 -0.076867 0.162544
0.235677 -0.076876 0.162601
0.235969 -0.076885 0.162668
0.236273 -0.076895 0.162736
0.236315 -0.076897 0.162747
0.236525 -0.076905 0.162794
0.237098 -0.076926 0.162927
0.237138 -0.076928 0.162937
0.237633 -0.076939 0.163042
0.237674 -0.076941 0.163050
0.238238 -0.076946 0.163165
0.238394 -0.076945 0.163196
0.238666 -0.076943 0.163248
0.238952 -0.076942 0.163309
0.239242 -0.076940 0.163383
0.239548 -0.076939 0.163480
0.239581 -0.076939 0.163491
0.239995 -0.076949 0.163618
0.240310 -0.076958 0.163707
0.240576 -0.076966 0.163784
0.240794 -0.076973 0.163849
0.241041 -0.076980 0.163919
0.241286 -0.076987 0.163979
0.241499 -0.076989 0.164018
0.241530 -0.076989 0.164024
0.241777 -0.076984 0.164057
0.242022 -0.076981 0.164084
0.242495 -0.076978 0.164132
0.242668 -0.076977 0.164147
0.242735 -0.076977 0.164153
0.242976 -0.076973 0.164173
0.243212 -0.076967 0.164196
0.243440 -0.076966 0.164222
0.243865 -0.076955 0.164275
0.244071 -0.076945 0.164299
0.244279 -0.076939 0.164323
0.244313 -0.076937 0.164327
0.244801 -0.076926 0.164377
0.245042 -0.076914 0.164395
0.245288 -0.076896 0.164405
0.245503 -0.076878 0.164408
0.245794 -0.076848 0.164407
0.245971 -0.076829 0.164405
0.246004 -0.076824 0.164405
0.246352 -0.076783 0.164401
0.246702 -0.076737 0.164400
0.246945 -0.076701 0.164401
0.247188 -0.076668 0.164408
0.247425 -0.076638 0.164420
0.247628 -0.076613 0.164432
0.247832 -0.076589 0.164448
0.247874 -0.076583 0.164450
0.248234 -0.076538 0.164478
0.248355 -0.076523 0.164485
0.248721 -0.076484 0.164508
0.248926 -0.076462 0.164520
0.249158 -0.076437 0.164531
0.249362 -0.076418 0.164537
0.249418 -0.076414 0.164538
0.249746 -0.076391 0.164543
0.249925 -0.076379 0.164544
0.250101 -0.076373 0.164541
0.250251 -0.076368 0.164536
0.250466 -0.076368 0.164526
0.250490 -0.076369 0.164526
0.250623 -0.076370 0.164517
0.250772 -0.076372 0.164505
0.250913 -0.076377 0.164489
0.251044 -0.076383 0.164471
0.251171 -0.076391 0.164451
0.251288 -0.076399 0.164431
0.251382 -0.076407 0.164415
0.251605 -0.076428 0.164365
0.251688 -0.076436 0.164343
0.251791 -0.076445 0.164312
0.251890 -0.076452 0.164282
0.251973 -0.076458 0.164255
0.252057 -0.076464 0.164228
0.252140 -0.076470 0.164200
0.252152 -0.076472 0.164195
0.252164 -0.076472 0.164191
0.252339 -0.076483 0.164131
0.252467 -0.076483 0.164093
0.252549 -0.076483 0.164067
0.252584 -0.076484 0.164057
0.252708 -0.076484 0.164018
0.252770 -0.076482 0.164002
0.252853 -0.076480 0.163978
0.252926 -0.076478 0.163959
0.252997 -0.076477 0.163940
0.253054 -0.076476 0.163922
0.253131 -0.076477 0.163898
0.253178 -0.076478 0.163883
0.253241 -0.076478 0.163863
0.253259 -0.076480 0.163857
0.253375 -0.076486 0.163816
0.253390 -0.076488 0.163810
0.253441 -0.076494 0.163792
0.253549 -0.076507 0.163748
0.253597 -0.076516 0.163726
0.253651 -0.076531 0.163698
0.253658 -0.076533 0.163693
0.253748 -0.076572 0.163639
0.253790 -0.076594 0.163607
0.253823 -0.076615 0.163578
0.253858 -0.076644 0.163543
0.253892 -0.076679 0.163501
0.253913 -0.076707 0.163468
0.253915 -0.076712 0.163462
0.253933 -0.076747 0.163423
0.253943 -0.076782 0.163383
0.253948 -0.076850 0.163312
0.253944 -0.076899 0.163262
0.253934 -0.076936 0.163222
0.253919 -0.076976 0.163172
0.253896 -0.077017 0.163121
0.253896 -0.077017 0.163121
0.253889 -0.077029 0.163106
0.253804 -0.077126 0.162972
0.253762 -0.077163 0.162920
0.253711 -0.077199 0.162866
0.253649 -0.077243 0.162803
0.253598 -0.077272 0.162758
0.253589 -0.077278 0.162750
0.253466 -0.077339 0.162659
0.253402 -0.077368 0.162621
0.253320 -0.077404 0.162575
0.253244 -0.077434 0.162538
0.253187 -0.077453 0.162514
0.253098 -0.077484 0.162478
0.252908 -0.077548 0.162413
0.252789 -0.077589 0.162380
0.252677 -0.077628 0.162354
0.252559 -0.077670 0.162329
0.252436 -0.077713 0.162303
0.252247 -0.077784 0.162260
0.252115 -0.077834 0.162231
0.251948 -0.077894 0.162197
0.251772 -0.077955 0.162165
0.251721 -0.077972 0.162155
0.251421 -0.078080 0.162100
0.251287 -0.078129 0.162076
0.251026 -0.078224 0.162027
0.250789 -0.078310 0.161979
0.250604 -0.078374 0.161941
0.250540 -0.078394 0.161929
0.250540 -0.078394 0.161929
0.250324 -0.078467 0.161880
0.250071 -0.078550 0.161827
0.249838 -0.078622 0.161780
0.249177 -0.078812 0.161642
0.248919 -0.078880 0.161584
0.248664 -0.078942 0.161525
0.248372 -0.079011 0.161456
0.248158 -0.079058 0.161402
0.248017 -0.079086 0.161365
0.247673 -0.079145 0.161269
0.247400 -0.079185 0.161196
0.247193 -0.079211 0.161143
0.247123 -0.079220 0.161124
0.246693 -0.079265 0.161014
0.246503 -0.079280 0.160969
0.246292 -0.079301 0.160922
0.246088 -0.079322 0.160881
0.245923 -0.079339 0.160851
0.245715 -0.079357 0.160817
0.245537 -0.079371 0.160790
0.245359 -0.079392 0.160762
0.245178 -0.079420 0.160738
0.244990 -0.079453 0.160716
0.244806 -0.079488 0.160698
0.244592 -0.079535 0.160679
0.244425 -0.079574 0.160666
0.244397 -0.079581 0.160663
0.244028 -0.079679 0.160631
0.243830 -0.079740 0.160611
0.243628 -0.079812 0.160588
0.243451 -0.079882 0.160565
0.243391 -0.079906 0.160557
0.243184 -0.079993 0.160529
0.242986 -0.080080 0.160500
0.242810 -0.080162 0.160473
0.242594 -0.080265 0.160437
0.242405 -0.080355 0.160404
0.241940 -0.080590 0.160310
0.241784 -0.080671 0.160271
0.241586 -0.080769 0.160219
0.241420 -0.080850 0.160168
0.241420 -0.080850 0.160168
0.241386 -0.080866 0.160158
0.241178 -0.080960 0.160084
0.240947 -0.081062 0.160001
0.240719 -0.081158 0.159914
0.240719 -0.081158 0.159914
0.240524 -0.081239 0.159840
0.240299 -0.081329 0.159752
0.240066 -0.081412 0.159667
0.239896 -0.081466 0.159607
0.239406 -0.081601 0.159436
0.239265 -0.081636 0.159389
0.239230 -0.081644 0.159376
0.239157 -0.081661 0.159352
0.238897 -0.081710 0.159270
0.238632 -0.081748 0.159192
0.238632 -0.081748 0.159192
0.238402 -0.081771 0.159123
0.238134 -0.081795 0.159046
0.237865 -0.081812 0.158980
0.237343 -0.081828 0.158877
0.237101 -0.081830 0.158847
0.237101 -0.081830 0.158847
0.237061 -0.081829 0.158840
0.236774 -0.081829 0.158813
0.236487 -0.081826 0.158798
0.236487 -0.081826 0.158798
0.236240 -0.081825 0.158791
0.235960 -0.081821 0.158793
0.235672 -0.081818 0.158799
0.235181 -0.081816 0.158814
0.234891 -0.081823 0.158824
0.234687 -0.081834 0.158837
0.234483 -0.081853 0.158854
0.234321 -0.081871 0.158870
0.234201 -0.081886 0.158883
0.234035 -0.081910 0.158905
0.233582 -0.081983 0.158963
0.233582 -0.081983 0.158963
0.233173 -0.082071 0.159005
0.233019 -0.082114 0.159018
0.232980 -0.082125 0.159021
0.232899 -0.082149 0.159026
0.232630 -0.082237 0.159040
0.232403 -0.082315 0.159052
0.232403 -0.082315 0.159052
0.231791 -0.082551 0.159059
0.231718 -0.082583 0.159057
0.231391 -0.082734 0.159033
0.231205 -0.082820 0.159011
0.230985 -0.082923 0.158980
0.230948 -0.082941 0.158974
0.230948 -0.082941 0.158974
0.230416 -0.083209 0.158853
0.230207 -0.083317 0.158791
0.230207 -0.083317 0.158791
0.230171 -0.083334 0.158780
0.229952 -0.083433 0.158710
0.229771 -0.083510 0.158648
0.229551 -0.083596 0.158563
0.229329 -0.083680 0.158471
0.229107 -0.083756 0.158378
0.228920 -0.083816 0.158301
0.228920 -0.083816 0.158301
0.228692 -0.083881 0.158212
0.228455 -0.083940 0.158126
0.228216 -0.083994 0.158048
0.228006 -0.084031 0.157982
0.227792 -0.084062 0.157915
0.227531 -0.084086 0.157836
0.227316 -0.084100 0.157779
0.227316 -0.084100 0.157779
0.227062 -0.084104 0.157714
0.226801 -0.084100 0.157649
0.226581 -0.084091 0.157598
0.226318 -0.084073 0.157544
0.226046 -0.084046 0.157491
0.225824 -0.084013 0.157454
0.225555 -0.083967 0.157420
0.225555 -0.083967 0.157420
0.225282 -0.083912 0.157391
0.225005 -0.083851 0.157371
0.224772 -0.083797 0.157362
0.224486 -0.083724 0.157358
0.224486 -0.083724 0.157358
0.224202 -0.083647 0.157363
0.223964 -0.083579 0.157376
0.223677 -0.083497 0.157399
0.223677 -0.083497 0.157399
0.223441 -0.083428 0.157423
0.223159 -0.083348 0.157459
0.222877 -0.083267 0.157504
0.222209 -0.083093 0.157623
0.221768 -0.083008 0.157712
0.221329 -0.082939 0.157808
0.220937 -0.082884 0.157896
0.220635 -0.082851 0.157965
0.220229 -0.082822 0.158056
0.220229 -0.082822 0.158056
0.220178 -0.082819 0.158067
0.219832 -0.082810 0.158141
0.219066 -0.082815 0.158297
0.218875 -0.082830 0.158331
0.218777 -0.082838 0.158346
0.218729 -0.082843 0.158354
0.218048 -0.082927 0.158448
0.218001 -0.082934 0.158454
0.217546 -0.083007 0.158489
0.217322 -0.083050 0.158496
0.217099 -0.083097 0.158499
0.216918 -0.083139 0.158496
0.216700 -0.083195 0.158489
0.216445 -0.083263 0.158477
0.216143 -0.083342 0.158454
0.215788 -0.083431 0.158411
0.215539 -0.083491 0.158369
0.215226 -0.083558 0.158303
0.215169 -0.083569 0.158291
0.214705 -0.083644 0.158173
0.214427 -0.083675 0.158092
0.214074 -0.083691 0.157979
0.213801 -0.083687 0.157884
0.213528 -0.083664 0.157785
0.213260 -0.083626 0.157683
0.213030 -0.083583 0.157591
0.212914 -0.083555 0.157547
0.212468 -0.083419 0.157367
0.212213 -0.083328 0.157272
0.212102 -0.083284 0.157235
0.211707 -0.083114 0.157134
0.211635 -0.083081 0.157121
0.211189 -0.082872 0.157071
0.210933 -0.082745 0.157071
0.210714 -0.082631 0.157081
0.210412 -0.082475 0.157109
0.210151 -0.082345 0.157148
0.209887 -0.082223 0.157197
0.209809 -0.082189 0.157214
0.209349 -0.081998 0.157328
0.209122 -0.081901 0.157387
0.208810 -0.081778 0.157468
0.208482 -0.081669 0.157544
0.208191 -0.081584 0.157613
0.207898 -0.081505 0.157683
0.207645 -0.081446 0.157743
0.207339 -0.081392 0.157814
0.206977 -0.081356 0.157893
0.206607 -0.081344 0.157973
0.206291 -0.081356 0.158045
0.206027 -0.081374 0.158105
0.205723 -0.081404 0.158171
0.205383 -0.081446 0.158243
0.205092 -0.081491 0.158293
0.204840 -0.081537 0.158325
0.204521 -0.081605 0.158359
0.204209 -0.081679 0.158374
0.203946 -0.081745 0.158368
0.203697 -0.081811 0.158346
0.203459 -0.081874 0.158314
0.203194 -0.081943 0.158271
0.203163 -0.081952 0.158264
0.202788 -0.082039 0.158177
0.202613 -0.082071 0.158121
0.202362 -0.082099 0.158025
0.202176 -0.082104 0.157942
0.202024 -0.082099 0.157870
0.201827 -0.082082 0.157778
0.201680 -0.082060 0.157713
0.201512 -0.082025 0.157640
0.201347 -0.081977 0.157573
0.201189 -0.081921 0.157511
0.201053 -0.081864 0.157464
0.200899 -0.081785 0.157420
0.200749 -0.081693 0.157387
0.200605 -0.081593 0.157356
0.200585 -0.081578 0.157352
0.200488 -0.081497 0.157331
0.200371 -0.081387 0.157306
0.200177 -0.081191 0.157283
0.200074 -0.081084 0.157284
0.199992 -0.081001 0.157299
0.199897 -0.080901 0.157325
0.199732 -0.080727 0.157403
0.199643 -0.080633 0.157454
0.199568 -0.080561 0.157498
0.199474 -0.080480 0.157552
0.199293 -0.080346 0.157657
0.199198 -0.080281 0.157719
0.199106 -0.080225 0.157784
0.198859 -0.080143 0.157958
0.198841 -0.080141 0.157971
0.198629 -0.080139 0.158136
0.198479 -0.080168 0.158263
0.198338 -0.080214 0.158380
0.198215 -0.080261 0.158477
0.198074 -0.080328 0.158578
0.197940 -0.080398 0.158669
0.197809 -0.080476 0.158750
0.197697 -0.080549 0.158804
0.197548 -0.080644 0.158858
0.197422 -0.080721 0.158883
0.197320 -0.080786 0.158889
0.197210 -0.080858 0.158877
0.197121 -0.080912 0.158852
0.196995 -0.080977 0.158808
0.196878 -0.081022 0.158754
0.196787 -0.081051 0.158698
0.196694 -0.081068 0.158620
0.196623 -0.081059 0.158552
0.196579 -0.081038 0.158505
0.196548 -0.081016 0.158464
0.196535 -0.081006 0.158450
0.196525 -0.080995 0.158435
0.196495 -0.080960 0.158395
0.196462 -0.080913 0.158352
0.196444 -0.080883 0.158329
0.196412 -0.080768 0.158282
0.196408 -0.080726 0.158272
0.196409 -0.080662 0.158266
0.196413 -0.080617 0.158262
0.196425 -0.080532 0.158264
0.196443 -0.080435 0.158276
0.196462 -0.080352 0.158292
0.196488 -0.080273 0.158313
0.196520 -0.080197 0.158340
0.196553 -0.080127 0.158376
0.196587 -0.080066 0.158412
0.196618 -0.080016 0.158451
0.196652 -0.079976 0.158492
0.196686 -0.079946 0.158536
0.196722 -0.079926 0.158596
0.196747 -0.079923 0.158658
0.196767 -0.079936 0.158727
0.196779 -0.079965 0.158799
0.196788 -0.079994 0.158860
0.196797 -0.080042 0.158934
0.196800 -0.080097 0.159005
0.196799 -0.080162 0.159072
0.196798 -0.080223 0.159122
0.196785 -0.080319 0.159178
0.196773 -0.080379 0.159199
0.196750 -0.080460 0.159207
0.196720 -0.080530 0.159203
0.196686 -0.080595 0.159186
0.196653 -0.080656 0.159161
0.196623 -0.080712 0.159131
0.196593 -0.080761 0.159097
0.196571 -0.080791 0.159072
0.196549 -0.080816 0.159047
0.196537 -0.080830 0.159032
0.196505 -0.080856 0.158990
0.196502 -0.080857 0.158984
0.196472 -0.080868 0.158944
0.196445 -0.080866 0.158909
0.196435 -0.080863 0.158900
0.196403 -0.080847 0.158859
0.196390 -0.080837 0.158842
0.196374 -0.080803 0.158813
0.196367 -0.080778 0.158796
0.196359 -0.080740 0.158778
0.196353 -0.080705 0.158763
0.196347 -0.080668 0.158748
0.196343 -0.080619 0.158733
0.196343 -0.080574 0.158722
0.196346 -0.080524 0.158715
0.196349 -0.080466 0.158711
0.196357 -0.080416 0.158712
0.196367 -0.080371 0.158716
0.196381 -0.080321 0.158723
0.196395 -0.080283 0.158736
0.196412 -0.080250 0.158753
0.196437 -0.080211 0.158776
0.196460 -0.080181 0.158800
0.196485 -0.080154 0.158825
0.196514 -0.080129 0.158860
0.196536 -0.080117 0.158891
0.196560 -0.080114 0.158926
0.196586 -0.080120 0.158972
0.196608 -0.080132 0.159016
0.196629 -0.080149 0.159060
0.196645 -0.080165 0.159098
0.196672 -0.080209 0.159163
0.196697 -0.080256 0.159218
0.196713 -0.080301 0.159264
0.196730 -0.080351 0.159310
0.196749 -0.080417 0.159360
0.196767 -0.080476 0.159395
0.196786 -0.080549 0.159427
0.196801 -0.080610 0.159446
0.196814 -0.080672 0.159458
0.196829 -0.080747 0.159466
0.196839 -0.080812 0.159466
0.196850 -0.080874 0.159464
0.196859 -0.080948 0.159458
0.196867 -0.081006 0.159449
0.196875 -0.081073 0.159431
0.196879 -0.081124 0.159413
0.196882 -0.081174 0.159392
0.196886 -0.081225 0.159366
0.196890 -0.081264 0.159347
0.196896 -0.081298 0.159325
0.196898 -0.081329 0.159304
0.196901 -0.081351 0.159283
0.196901 -0.081351 0.159283
0.196901 -0.081355 0.159279
0.196909 -0.081372 0.159254
0.196914 -0.081380 0.159231
0.196914 -0.081380 0.159231
0.196919 -0.081380 0.159212
0.196926 -0.081372 0.159192
0.196935 -0.081364 0.159176
0.196935 -0.081364 0.159176
0.196951 -0.081344 0.159161
0.196967 -0.081322 0.159149
0.196991 -0.081284 0.159137
0.197020 -0.081237 0.159125
0.197047 -0.081191 0.159117
0.197082 -0.081131 0.159107
0.197115 -0.081080 0.159101
0.197157 -0.081016 0.159095
0.197192 -0.080961 0.159092
0.197237 -0.080894 0.159089
0.197237 -0.080894 0.159089
0.197275 -0.080839 0.159092
0.197326 -0.080777 0.159098
0.197374 -0.080721 0.159109
0.197426 -0.080676 0.159127
0.197471 -0.080647 0.159141
0.197471 -0.080647 0.159141
0.197527 -0.080620 0.159160
0.197584 -0.080598 0.159179
0.197630 -0.080581 0.159197
0.197686 -0.080567 0.159220
0.197739 -0.080567 0.159242
0.197739 -0.080567 0.159242
0.197781 -0.080578 0.159261
0.197820 -0.080601 0.159279
0.197868 -0.080642 0.159306
0.197907 -0.080688 0.159335
0.197939 -0.080735 0.159357
0.197973 -0.080805 0.159385
0.198006 -0.080887 0.159412
0.198033 -0.080960 0.159432
0.198062 -0.081054 0.159452
0.198087 -0.081137 0.159462
0.198117 -0.081238 0.159465
0.198117 -0.081238 0.159465
0.198145 -0.081340 0.159456
0.198166 -0.081423 0.159441
0.198188 -0.081526 0.159415
0.198200 -0.081610 0.159386
0.198210 -0.081694 0.159353
0.198214 -0.081781 0.159315
0.198217 -0.081879 0.159265
0.198220 -0.081949 0.159227
0.198220 -0.082025 0.159181
0.198220 -0.082096 0.159137
0.198219 -0.082149 0.159100
0.198219 -0.082205 0.159056
0.198217 -0.082240 0.159021
0.198216 -0.082271 0.158979
0.198219 -0.082287 0.158935
0.198222 -0.082292 0.158899
0.198228 -0.082284 0.158861
0.198235 -0.082271 0.158830
0.198248 -0.082243 0.158795
0.198265 -0.082205 0.158763
0.198281 -0.082168 0.158742
0.198281 -0.082168 0.158742
0.198305 -0.082113 0.158719
0.198335 -0.082047 0.158701
0.198363 -0.081987 0.158691
0.198398 -0.081909 0.158686
0.198434 -0.081828 0.158684
0.198469 -0.081756 0.158688
0.198469 -0.081756 0.158688
0.198469 -0.081756 0.158688
0.198544 -0.081606 0.158704
0.198544 -0.081606 0.158704
0.198687 -0.081361 0.158760
0.198823 -0.081172 0.158845
0.198881 -0.081117 0.158884
0.198943 -0.081080 0.158925
0.198992 -0.081063 0.158958
0.199038 -0.081053 0.158998
0.199084 -0.081049 0.159042
0.199092 -0.081048 0.159052
0.199127 -0.081051 0.159094
0.199197 -0.081080 0.159181
0.199255 -0.081132 0.159255
0.199296 -0.081183 0.159307
0.199330 -0.081245 0.159358
0.199354 -0.081301 0.159396
0.199377 -0.081372 0.159433
0.199386 -0.081403 0.159447
0.199389 -0.081418 0.159452
0.199417 -0.081521 0.159485
0.199462 -0.081727 0.159507
0.199494 -0.081947 0.159489
0.199498 -0.081987 0.159483
0.199505 -0.082090 0.159462
0.199510 -0.082313 0.159390
0.199501 -0.082551 0.159290
0.199490 -0.082664 0.159232
0.199471 -0.082783 0.159162
0.199467 -0.082798 0.159153
0.199445 -0.082891 0.159093
0.199400 -0.083042 0.158984
0.199360 -0.083140 0.158872
0.199345 -0.083169 0.158801
0.199343 -0.083175 0.158752
0.199347 -0.083168 0.158662
0.199354 -0.083142 0.158595
0.199367 -0.083095 0.158543
0.199387 -0.083033 0.158496
0.199409 -0.082968 0.158461
0.199437 -0.082893 0.158437
0.199499 -0.082746 0.158419
0.199595 -0.082544 0.158432
0.199672 -0.082398 0.158461
0.199757 -0.082248 0.158510
0.199842 -0.082126 0.158565
0.199938 -0.082017 0.158625
0.200041 -0.081913 0.158692
0.200151 -0.081818 0.158765
0.200263 -0.081733 0.158845
0.200376 -0.081670 0.158930
0.200470 -0.081636 0.159010
0.200499 -0.081630 0.159038
0.200572 -0.081624 0.159107
0.200659 -0.081627 0.159194
0.200808 -0.081660 0.159344
0.200959 -0.081734 0.159480
0.201016 -0.081775 0.159527
0.201070 -0.081820 0.159569
0.201124 -0.081869 0.159610
0.201187 -0.081938 0.159654
0.201233 -0.081998 0.159683
0.201268 -0.082045 0.159702
0.201331 -0.082150 0.159732
0.201373 -0.082223 0.159745
0.201394 -0.082263 0.159749
0.201455 -0.082383 0.159755
0.201500 -0.082485 0.159752
0.201536 -0.082569 0.159745
0.201567 -0.082650 0.159733
0.201605 -0.082753 0.159712
0.201630 -0.082835 0.159693
0.201630 -0.082835 0.159693
0.201637 -0.082856 0.159688
0.201675 -0.082975 0.159649
0.201704 -0.083068 0.159612
0.201736 -0.083173 0.159561
0.201736 -0.083173 0.159561
0.201766 -0.083276 0.159505
0.201791 -0.083356 0.159455
0.201820 -0.083443 0.159393
0.201842 -0.083508 0.159341
0.201842 -0.083508 0.159341
0.201918 -0.083656 0.159159
0.201949 -0.083684 0.159088
0.201953 -0.083687 0.159078
0.201986 -0.083691 0.159025
0.202055 -0.083661 0.158942
0.202130 -0.083603 0.158871
0.202137 -0.083595 0.158864
0.202191 -0.083540 0.158834
0.202252 -0.083469 0.158806
0.202314 -0.083402 0.158786
0.202495 -0.083207 0.158750
0.202703 -0.082981 0.158751
0.202845 -0.082841 0.158771
0.203007 -0.082699 0.158802
0.203181 -0.082561 0.158849
0.203364 -0.082423 0.158908
0.203549 -0.082291 0.158984
0.203742 -0.082165 0.159068
0.203947 -0.082046 0.159161
0.204131 -0.081963 0.159252
0.204376 -0.081880 0.159380
0.204589 -0.081834 0.159502
0.204773 -0.081809 0.159613
0.204834 -0.081803 0.159652
0.204990 -0.081799 0.159748
0.205212 -0.081811 0.159879
0.205437 -0.081843 0.160004
0.205665 -0.081885 0.160115
0.205665 -0.081885 0.160115
0.205859 -0.081925 0.160197
0.206261 -0.082029 0.160327
0.206562 -0.082139 0.160388
0.206780 -0.082233 0.160413
0.207001 -0.082338 0.160421
0.207196 -0.082436 0.160419
0.207677 -0.082686 0.160401
0.207861 -0.082780 0.160387
0.207892 -0.082795 0.160384
0.208279 -0.082955 0.160326
0.208506 -0.083045 0.160263
0.208645 -0.083095 0.160220
0.208673 -0.083103 0.160211
0.208701 -0.083112 0.160202
0.209079 -0.083183 0.160074
0.209274 -0.083193 0.160001
0.209439 -0.083190 0.159937
0.209644 -0.083165 0.159859
0.209825 -0.083127 0.159798
0.210003 -0.083072 0.159750
0.210172 -0.083011 0.159715
0.210229 -0.082988 0.159704
0.210401 -0.082913 0.159679
0.210691 -0.082768 0.159650
0.211029 -0.082565 0.159634
0.211225 -0.082443 0.159639
0.211258 -0.082424 0.159641
0.211533 -0.082262 0.159665
0.211789 -0.082122 0.159698
0.212245 -0.081884 0.159777
0.212570 -0.081728 0.159843
0.212827 -0.081622 0.159895
0.212872 -0.081604 0.159904
0.213488 -0.081381 0.160049
0.213802 -0.081293 0.160143
0.214129 -0.081232 0.160242
0.214466 -0.081200 0.160348
0.214811 -0.081185 0.160463
0.215107 -0.081184 0.160570
0.215499 -0.081200 0.160717
0.215836 -0.081235 0.160853
0.216131 -0.081275 0.160961
0.216532 -0.081335 0.161091
0.216842 -0.081388 0.161179
0.217266 -0.081468 0.161277
0.217635 -0.081555 0.161352
0.217958 -0.081637 0.161402
0.218341 -0.081732 0.161444
0.218726 -0.081823 0.161466
0.219052 -0.081894 0.161467
0.219487 -0.081974 0.161448
0.219868 -0.082032 0.161416
0.220244 -0.082086 0.161375
0.220565 -0.082123 0.161330
0.220565 -0.082123 0.161330
0.221266 -0.082177 0.161217
0.221642 -0.082191 0.161148
0.221946 -0.082194 0.161093
0.222274 -0.082190 0.161039
0.222604 -0.082171 0.160990
0.222904 -0.082148 0.160954
0.223310 -0.082105 0.160913
0.223591 -0.082070 0.160894
0.223893 -0.082025 0.160876
0.224342 -0.081943 0.160851
0.224618 -0.081887 0.160838
0.224977 -0.081810 0.160823
0.225306 -0.081735 0.160811
0.225644 -0.081654 0.160801
0.226045 -0.081555 0.160798
0.226352 -0.081478 0.160803
0.226650 -0.081403 0.160813
0.227047 -0.081312 0.160845
0.227340 -0.081251 0.160881
0.227537 -0.081214 0.160910
0.228004 -0.081133 0.161001
0.228364 -0.081077 0.161086
0.228764 -0.081027 0.161191
0.229075 -0.080995 0.161276
0.229457 -0.080962 0.161381
0.229822 -0.080931 0.161480
0.230132 -0.080906 0.161565
0.230543 -0.080874 0.161671
0.230902 -0.080843 0.161752
0.231266 -0.080808 0.161821
0.231476 -0.080788 0.161856
0.231947 -0.080736 0.161922
0.232232 -0.080703 0.161956
0.232635 -0.080655 0.161997
0.233128 -0.080597 0.162041
0.233486 -0.080553 0.162069
0.233879 -0.080504 0.162101
0.234223 -0.080463 0.162132
0.234595 -0.080418 0.162168
0.234991 -0.080368 0.162212
0.235377 -0.080319 0.162260
0.235750 -0.080266 0.162307
0.236129 -0.080212 0.162354
0.236499 -0.080159 0.162398
0.236888 -0.080096 0.162444
0.237260 -0.080031 0.162487
0.237626 -0.079964 0.162530
0.237939 -0.079905 0.162563
0.238316 -0.079827 0.162597
0.238643 -0.079758 0.162627
0.239007 -0.079679 0.162657
0.239378 -0.079597 0.162686
0.239684 -0.079530 0.162710
0.239834 -0.079498 0.162723
0.240377 -0.079381 0.162772
0.240728 -0.079309 0.162804
0.241025 -0.079250 0.162833
0.241410 -0.079176 0.162868
0.241694 -0.079126 0.162894
0.241788 -0.079109 0.162902
0.242314 -0.079025 0.162946
0.242641 -0.078977 0.162965
0.242778 -0.078959 0.162971
0.243051 -0.078920 0.162979
0.243575 -0.078852 0.162973
0.243869 -0.078820 0.162964
0.244170 -0.078783 0.162952
0.244441 -0.078748 0.162937
0.244711 -0.078713 0.162918
0.244970 -0.078685 0.162898
0.245197 -0.078661 0.162881
0.245481 -0.078627 0.162863
0.245725 -0.078598 0.162850
0.245931 -0.078575 0.162844
0.246168 -0.078551 0.162837
0.246397 -0.078527 0.162833
0.246593 -0.078502 0.162829
0.246844 -0.078467 0.162825
0.247063 -0.078431 0.162822
0.247282 -0.078392 0.162825
0.247486 -0.078352 0.162830
0.247686 -0.078305 0.162842
0.247877 -0.078255 0.162858
0.248059 -0.078201 0.162882
0.248209 -0.078153 0.162905
0.248379 -0.078096 0.162937
0.248502 -0.078054 0.162963
0.248526 -0.078045 0.162968
0.248698 -0.077984 0.163009
0.248795 -0.077946 0.163036
0.248958 -0.077884 0.163086
0.249028 -0.077858 0.163111
0.249205 -0.077788 0.163176
0.249379 -0.077724 0.163241
0.249506 -0.077677 0.163290
0.249613 -0.077637 0.163329
0.249717 -0.077597 0.163369
0.249781 -0.077573 0.163394
0.249943 -0.077512 0.163454
0.250022 -0.077485 0.163482
0.250022 -0.077485 0.163482
0.250042 -0.077477 0.163488
0.250152 -0.077440 0.163525
0.250242 -0.077409 0.163552
0.250330 -0.077382 0.163574
0.250413 -0.077354 0.163592
0.250509 -0.077325 0.163611
0.250656 -0.077291 0.163632
0.250718 -0.077282 0.163640
0.250781 -0.077273 0.163647
0.250867 -0.077269 0.163656
0.250937 -0.077264 0.163663
0.250997 -0.077269 0.163669
0.251058 -0.077277 0.163671
0.251116 -0.077288 0.163674
0.251156 -0.077297 0.163675
0.251219 -0.077315 0.163673
0.251276 -0.077332 0.163672
0.251325 -0.077351 0.163668
0.251373 -0.077372 0.163659
0.251413 -0.077391 0.163650
0.251451 -0.077410 0.163638
0.251497 -0.077430 0.163624
0.251541 -0.077448 0.163609
0.251582 -0.077470 0.163593
0.251622 -0.077490 0.163576
0.251661 -0.077506 0.163559
0.251699 -0.077519 0.163542
0.251747 -0.077535 0.163523
0.251785 -0.077545 0.163506
0.251830 -0.077553 0.163484
0.251865 -0.077558 0.163469
0.251900 -0.077561 0.163456
0.251925 -0.077563 0.163446
0.251968 -0.077559 0.163432
0.252003 -0.077553 0.163422
0.252038 -0.077545 0.163413
0.252075 -0.077538 0.163406
0.252116 -0.077526 0.163402
0.252151 -0.077513 0.163399
0.252184 -0.077498 0.163400
0.252222 -0.077482 0.163403
0.252258 -0.077466 0.163409
0.252296 -0.077448 0.163416
0.252344 -0.077427 0.163427
0.252344 -0.077427 0.163427
0.252384 -0.077411 0.163438
0.252443 -0.077388 0.163456
0.252515 -0.077359 0.163476
0.252559 -0.077342 0.163489
0.252629 -0.077317 0.163514
0.252664 -0.077306 0.163529
0.252681 -0.077300 0.163536
0.252681 -0.077300 0.163536
0.252755 -0.077281 0.163568
0.252833 -0.077268 0.163596
0.252880 -0.077259 0.163610
0.252989 -0.077246 0.163639
0.253056 -0.077242 0.163655
0.253098 -0.077242 0.163663
0.253148 -0.077243 0.163671
0.253182 -0.077247 0.163673
0.253228 -0.077254 0.163676
0.253265 -0.077263 0.163675
0.253307 -0.077278 0.163671
0.253341 -0.077294 0.163665
0.253373 -0.077312 0.163658
0.253373 -0.077312 0.163658
0.253441 -0.077353 0.163642
0.253469 -0.077375 0.163635
0.253493 -0.077398 0.163625
0.253499 -0.077403 0.163624
0.253537 -0.077448 0.163605
0.253572 -0.077494 0.163582
0.253598 -0.077528 0.163562
0.253614 -0.077552 0.163548
0.253619 -0.077558 0.163546
0.253651 -0.077608 0.163517
0.253681 -0.077660 0.163486
0.253700 -0.077692 0.163465
0.253720 -0.077731 0.163439
0.253738 -0.077762 0.163418
0.253754 -0.077796 0.163398
0.253770 -0.077829 0.163377
0.253779 -0.077848 0.163364
0.253802 -0.077900 0.163328
0.253817 -0.077929 0.163308
0.253831 -0.077959 0.163286
0.253847 -0.077990 0.163262
0.253860 -0.078016 0.163242
0.253875 -0.078045 0.163219
0.253883 -0.078058 0.163209
0.253886 -0.078063 0.163204
0.253892 -0.078072 0.163197
0.253892 -0.078072 0.163197
0.253906 -0.078096 0.163177
0.253923 -0.078121 0.163154
0.253931 -0.078133 0.163144
0.253941 -0.078146 0.163131
0.253961 -0.078170 0.163108
0.253969 -0.078177 0.163099
0.253979 -0.078184 0.163090
0.253988 -0.078192 0.163083
0.253995 -0.078197 0.163077
0.254004 -0.078206 0.163070
0.254009 -0.078212 0.163066
0.254012 -0.078214 0.163065
0.254016 -0.078221 0.163060
0.254017 -0.078222 0.163060
0.254021 -0.078227 0.163055
0.254027 -0.078237 0.163051
0.254033 -0.078243 0.163049
0.254033 -0.078249 0.163048
0.254032 -0.078254 0.163046
0.254032 -0.078259 0.163046
0.254031 -0.078265 0.163044
0.254028 -0.078273 0.163042
0.254029 -0.078274 0.163041
0.254021 -0.078293 0.163037
0.254011 -0.078307 0.163035
0.254002 -0.078324 0.163031
0.253991 -0.078343 0.163027
0.253983 -0.078357 0.163024
0.253983 -0.078357 0.163024
0.253981 -0.078362 0.163022
0.253966 -0.078386 0.163018
0.253949 -0.078414 0.163011
0.253949 -0.078414 0.163011
0.253928 -0.078444 0.163006
0.253902 -0.078481 0.162998
0.253873 -0.078515 0.162989
0.253873 -0.078515 0.162989
0.253844 -0.078550 0.162982
0.253814 -0.078588 0.162974
0.253740 -0.078681 0.162951
0.253698 -0.078730 0.162936
0.253644 -0.078784 0.162918
0.253602 -0.078825 0.162903
0.253602 -0.078825 0.162903
0.253594 -0.078833 0.162901
0.253500 -0.078912 0.162864
0.253386 -0.078988 0.162816
0.253263 -0.079046 0.162761
0.253181 -0.079073 0.162727
0.253090 -0.079094 0.162694
0.252987 -0.079111 0.162663
0.252873 -0.079124 0.162636
0.252732 -0.079135 0.162611
0.252601 -0.079142 0.162598
0.252468 -0.079149 0.162589
0.252346 -0.079150 0.162589
0.252172 -0.079153 0.162597
0.252145 -0.079154 0.162598
0.251920 -0.079154 0.162618
0.251706 -0.079155 0.162644
0.251579 -0.079160 0.162660
0.251539 -0.079162 0.162665
0.251294 -0.079174 0.162699
0.251155 -0.079182 0.162721
0.251097 -0.079189 0.162729
0.250979 -0.079208 0.162747
0.250756 -0.079256 0.162784
0.250614 -0.079296 0.162807
0.250597 -0.079303 0.162808
0.250399 -0.079387 0.162829
0.250246 -0.079458 0.162838
0.250161 -0.079504 0.162841
0.250042 -0.079574 0.162837
0.249917 -0.079662 0.162826
0.249825 -0.079730 0.162810
0.249796 -0.079751 0.162804
0.249593 -0.079905 0.162750
0.249505 -0.079977 0.162717
0.249487 -0.079992 0.162710
0.249296 -0.080146 0.162622
0.249185 -0.080232 0.162566
0.249069 -0.080322 0.162497
0.248983 -0.080386 0.162441
0.248884 -0.080458 0.162374
0.248785 -0.080526 0.162305
0.248681 -0.080587 0.162234
0.248578 -0.080637 0.162165
0.248529 -0.080659 0.162136
0.248324 -0.080737 0.162029
0.248234 -0.080766 0.161990
0.248196 -0.080776 0.161974
0.248027 -0.080816 0.161913
0.247817 -0.080853 0.161858
0.247681 -0.080864 0.161837
0.247555 -0.080867 0.161827
0.247555 -0.080867 0.161827
0.247446 -0.080868 0.161825
0.247291 -0.080872 0.161831
0.247069 -0.080870 0.161854
0.246957 -0.080867 0.161872
0.246935 -0.080866 0.161876
0.246706 -0.080853 0.161932
0.246615 -0.080848 0.161958
0.246524 -0.080844 0.161985
0.246433 -0.080843 0.162012
0.246366 -0.080844 0.162034
0.246344 -0.080844 0.162040
0.246320 -0.080843 0.162048
0.246320 -0.080843 0.162048
0.246001 -0.080842 0.162156
0.245898 -0.080847 0.162193
0.245777 -0.080860 0.162234
0.245683 -0.080880 0.162265
0.245589 -0.080907 0.162294
0.245502 -0.080936 0.162323
0.245502 -0.080936 0.162323
0.245484 -0.080941 0.162328
0.245293 -0.081017 0.162395
0.245236 -0.081050 0.162415
0.245181 -0.081086 0.162432
0.245116 -0.081134 0.162450
0.245067 -0.081174 0.162460
0.245031 -0.081205 0.162464
0.244996 -0.081236 0.162467
0.244928 -0.081302 0.162462
0.244883 -0.081350 0.162455
0.244851 -0.081389 0.162446
0.244792 -0.081468 0.162426
0.244755 -0.081523 0.162410
0.244709 -0.081592 0.162383
0.244666 -0.081664 0.162352
0.244613 -0.081751 0.162312
0.244562 -0.081839 0.162266
0.244522 -0.081915 0.162222
0.244484 -0.081991 0.162174
0.244438 -0.082079 0.162113
0.244404 -0.082134 0.162070
0.244346 -0.082211 0.162001
0.244305 -0.082259 0.161954
0.244249 -0.082314 0.161892
0.244227 -0.082336 0.161866
0.244191 -0.082364 0.161827
0.244154 -0.082391 0.161785
0.244077 -0.082439 0.161699
0.243993 -0.082483 0.161614
0.243911 -0.082522 0.161537
0.243822 -0.082555 0.161458
0.243822 -0.082555 0.161458
0.243586 -0.082602 0.161281
0.243586 -0.082602 0.161281
0.243569 -0.082605 0.161273
0.243569 -0.082605 0.161273
0.243454 -0.082611 0.161210
0.243268 -0.082601 0.161133
0.243098 -0.082582 0.161081
0.243098 -0.082582 0.161081
0.243076 -0.082580 0.161075
0.242787 -0.082537 0.161037
0.242670 -0.082517 0.161035
0.242670 -0.082517 0.161035
0.242670 -0.082517 0.161035
0.242525 -0.082491 0.161046
0.242375 -0.082468 0.161071
0.242250 -0.082450 0.161104
0.242120 -0.082434 0.161145
0.241933 -0.082405 0.161213
0.241705 -0.082372 0.161300
0.241676 -0.082369 0.161312
0.241620 -0.082361 0.161335
0.241620 -0.082361 0.161335
0.241446 -0.082346 0.161405
0.241237 -0.082335 0.161489
0.241056 -0.082328 0.161563
0.241056 -0.082328 0.161563
0.240672 -0.082317 0.161727
0.240555 -0.082321 0.161776
0.240467 -0.082327 0.161813
0.240467 -0.082327 0.161813
0.240289 -0.082353 0.161885
0.240289 -0.082353 0.161885
0.240118 -0.082389 0.161954
0.239933 -0.082440 0.162026
0.239759 -0.082490 0.162093
0.239759 -0.082490 0.162093
0.239450 -0.082611 0.162187
0.239246 -0.082718 0.162227
0.239119 -0.082794 0.162245
0.239016 -0.082861 0.162248
0.238957 -0.082904 0.162242
0.238882 -0.082962 0.162235
0.238794 -0.083040 0.162223
0.238743 -0.083087 0.162213
0.238662 -0.083168 0.162192
0.238600 -0.083234 0.162168
0.238586 -0.083251 0.162162
0.238526 -0.083320 0.162136
0.238449 -0.083408 0.162097
0.238332 -0.083547 0.162021
0.238332 -0.083547 0.162021
0.238316 -0.083565 0.162011
0.238246 -0.083648 0.161954
0.238151 -0.083763 0.161862
0.238057 -0.083872 0.161758
0.237974 -0.083959 0.161662
0.237974 -0.083959 0.161662
0.237856 -0.084056 0.161526
0.237779 -0.084107 0.161439
0.237717 -0.084144 0.161367
0.237649 -0.084179 0.161296
0.237598 -0.084202 0.161242
0.237493 -0.084240 0.161134
0.237382 -0.084269 0.161026
0.237304 -0.084283 0.160953
0.237225 -0.084293 0.160880
0.237185 -0.084296 0.160842
0.237105 -0.084301 0.160769
0.236923 -0.084304 0.160627
0.236816 -0.084299 0.160553
0.236679 -0.084285 0.160473
0.236539 -0.084261 0.160402
0.236390 -0.084233 0.160344
0.236229 -0.084197 0.160292
0.236095 -0.084166 0.160259
0.235963 -0.084135 0.160235
0.235853 -0.084109 0.160222
0.235824 -0.084102 0.160220
0.235551 -0.084041 0.160232
0.235524 -0.084034 0.160236
0.235183 -0.083965 0.160306
0.235028 -0.083942 0.160344
0.234997 -0.083937 0.160354
0.234675 -0.083903 0.160438
0.234611 -0.083898 0.160458
0.234245 -0.083872 0.160575
0.234004 -0.083865 0.160652
0.233796 -0.083868 0.160717
0.233619 -0.083883 0.160772
0.233407 -0.083913 0.160834
0.233369 -0.083919 0.160845
0.232975 -0.083989 0.160964
0.232765 -0.084030 0.161022
0.232559 -0.084083 0.161071
0.232422 -0.084127 0.161098
0.232182 -0.084216 0.161139
0.231944 -0.084305 0.161168
0.231778 -0.084370 0.161186
0.231746 -0.084383 0.161189
0.231485 -0.084489 0.161193
0.231197 -0.084627 0.161181
0.231013 -0.084723 0.161163
0.230836 -0.084821 0.161134
0.230637 -0.084940 0.161091
0.230499 -0.085027 0.161054
0.230313 -0.085146 0.160991
0.230202 -0.085217 0.160948
0.230175 -0.085233 0.160937
0.229964 -0.085355 0.160837
0.229804 -0.085442 0.160753
0.229537 -0.085561 0.160587
0.229406 -0.085610 0.160493
0.229226 -0.085667 0.160352
0.229076 -0.085705 0.160227
0.228950 -0.085729 0.160120
0.228899 -0.085738 0.160078
0.228649 -0.085773 0.159885
0.228502 -0.085783 0.159772
0.228349 -0.085783 0.159666
0.228220 -0.085775 0.159582
0.228062 -0.085754 0.159483
0.227923 -0.085735 0.159409
0.227803 -0.085716 0.159353
0.227621 -0.085677 0.159275
0.227491 -0.085642 0.159227
0.227431 -0.085626 0.159207
0.227376 -0.085609 0.159190
0.227217 -0.085559 0.159139
0.227062 -0.085506 0.159101
0.226777 -0.085405 0.159058
0.226650 -0.085359 0.159050
0.226546 -0.085322 0.159052
0.226321 -0.085239 0.159072
0.226221 -0.085204 0.159089
0.226123 -0.085171 0.159109
0.225796 -0.085077 0.159197
0.225648 -0.085043 0.159240
0.225622 -0.085039 0.159248
0.225352 -0.085002 0.159330
0.225232 -0.084993 0.159367
0.225058 -0.084988 0.159421
0.224932 -0.084992 0.159459
0.224809 -0.085004 0.159500
0.224622 -0.085037 0.159569
0.224485 -0.085075 0.159619
0.224377 -0.085112 0.159657
0.224228 -0.085171 0.159703
0.224105 -0.085228 0.159732
0.224105 -0.085228 0.159732
0.224085 -0.085239 0.159737
0.223965 -0.085302 0.159754
0.223827 -0.085376 0.159757
0.223732 -0.085431 0.159749
0.223600 -0.085516 0.159726
0.223397 -0.085676 0.159662
0.223261 -0.085802 0.159601
0.223261 -0.085802 0.159601
0.223091 -0.085966 0.159493
0.222995 -0.086060 0.159414
0.222907 -0.086136 0.159341
0.222829 -0.086192 0.159276
0.222715 -0.086259 0.159178
0.222628 -0.086296 0.159103
0.222611 -0.086302 0.159087
0.222424 -0.086346 0.158927
0.222384 -0.086351 0.158894
0.222384 -0.086351 0.158894
0.222044 -0.086350 0.158625
0.221922 -0.086331 0.158532
0.221774 -0.086300 0.158430
0.221642 -0.086267 0.158345
0.221530 -0.086235 0.158276
0.221441 -0.086209 0.158230
0.221264 -0.086148 0.158141
0.221125 -0.086096 0.158081
0.220953 -0.086024 0.158017
0.220831 -0.085968 0.157980
0.220806 -0.085957 0.157973
0.220558 -0.085831 0.157912
0.220510 -0.085808 0.157903
0.220411 -0.085758 0.157891
0.220061 -0.085588 0.157888
0.220061 -0.085588 0.157888
0.220036 -0.085577 0.157891
0.219636 -0.085425 0.157969
0.219452 -0.085368 0.158021
0.219343 -0.085337 0.158050
0.219316 -0.085330 0.158057
0.219004 -0.085262 0.158150
0.218879 -0.085240 0.158190
0.218728 -0.085224 0.158240
0.218610 -0.085223 0.158277
0.218548 -0.085225 0.158296
0.218416 -0.085237 0.158338
0.218258 -0.085263 0.158395
0.218098 -0.085297 0.158461
0.217981 -0.085328 0.158508
0.217868 -0.085362 0.158549
0.217763 -0.085403 0.158582
0.217640 -0.085455 0.158610
0.217542 -0.085503 0.158631
0.217433 -0.085558 0.158644
0.217343 -0.085602 0.158644
0.217254 -0.085651 0.158639
0.217154 -0.085712 0.158625
0.217077 -0.085764 0.158603
0.216989 -0.085832 0.158574
0.216921 -0.085891 0.158544
0.216795 -0.086004 0.158477
0.216730 -0.086059 0.158433
0.216660 -0.086113 0.158384
0.216595 -0.086159 0.158330
0.216541 -0.086190 0.158288
0.216443 -0.086235 0.158203
0.216378 -0.086253 0.158147
0.216319 -0.086264 0.158096
0.216242 -0.086271 0.158024
0.216168 -0.086271 0.157958
0.216075 -0.086261 0.157881
0.215989 -0.086240 0.157817
0.215904 -0.086215 0.157759
0.215818 -0.086185 0.157698
0.215738 -0.086159 0.157648
0.215645 -0.086126 0.157599
0.215567 -0.086096 0.157565
0.215487 -0.086060 0.157535
0.215392 -0.086013 0.157507
0.215309 -0.085969 0.157491
0.215226 -0.085917 0.157474
0.215122 -0.085853 0.157457
0.215028 -0.085797 0.157448
0.214825 -0.085671 0.157447
0.214626 -0.085566 0.157474
0.214480 -0.085501 0.157508
0.214227 -0.085404 0.157583
0.214067 -0.085349 0.157642
0.213887 -0.085304 0.157713
0.213745 -0.085285 0.157773
0.213611 -0.085280 0.157841
0.213519 -0.085282 0.157893
0.213413 -0.085297 0.157957
0.213324 -0.085318 0.158009
0.213222 -0.085349 0.158070
0.213137 -0.085383 0.158118
0.213057 -0.085419 0.158167
0.212979 -0.085455 0.158211
0.212922 -0.085485 0.158241
0.212853 -0.085527 0.158275
0.212800 -0.085563 0.158297
0.212734 -0.085607 0.158316
0.212720 -0.085616 0.158320
0.212621 -0.085693 0.158335
0.212578 -0.085732 0.158334
0.212546 -0.085762 0.158330
0.212527 -0.085783 0.158326
0.212508 -0.085803 0.158321
0.212461 -0.085855 0.158302
0.212414 -0.085914 0.158275
0.212379 -0.085965 0.158252
0.212340 -0.086021 0.158221
0.212308 -0.086069 0.158191
0.212275 -0.086124 0.158152
0.212251 -0.086164 0.158117
0.212233 -0.086200 0.158080
0.212216 -0.086235 0.158032
0.212216 -0.086235 0.158032
0.212207 -0.086256 0.157989
0.212197 -0.086273 0.157943
0.212183 -0.086281 0.157887
0.212183 -0.086281 0.157887
0.212172 -0.086281 0.157840
0.212158 -0.086274 0.157786
0.212149 -0.086263 0.157745
0.212149 -0.086263 0.157745
0.212143 -0.086243 0.157699
0.212136 -0.086226 0.157660
0.212127 -0.086196 0.157615
0.212099 -0.086128 0.157542
0.212074 -0.086056 0.157490
0.212060 -0.086018 0.157469
0.212039 -0.085966 0.157446
0.212015 -0.085911 0.157429
0.211980 -0.085836 0.157409
0.211953 -0.085779 0.157399
0.211948 -0.085769 0.157397
0.211915 -0.085692 0.157397
0.211880 -0.085619 0.157410
0.211845 -0.085563 0.157428
0.211796 -0.085501 0.157466
0.211789 -0.085492 0.157473
0.211746 -0.085445 0.157516
0.211671 -0.085366 0.157606
0.211602 -0.085319 0.157700
0.211587 -0.085313 0.157721
0.211554 -0.085304 0.157772
0.211483 -0.085312 0.157897
0.211418 -0.085344 0.158024
0.211380 -0.085375 0.158099
0.211350 -0.085408 0.158157
0.211324 -0.085454 0.158217
0.211319 -0.085461 0.158224
0.211298 -0.085503 0.158267
0.211285 -0.085537 0.158294
0.211275 -0.085584 0.158320
0.211263 -0.085664 0.158343
0.211259 -0.085696 0.158344
0.211259 -0.085730 0.158341
0.211261 -0.085770 0.158336
0.211266 -0.085810 0.158323
0.211275 -0.085833 0.158315
0.211283 -0.085862 0.158302
0.211299 -0.085897 0.158282
0.211310 -0.085917 0.158268
0.211333 -0.085947 0.158246
0.211348 -0.085965 0.158231
0.211370 -0.085982 0.158210
0.211405 -0.086005 0.158175
0.211431 -0.086014 0.158151
0.211450 -0.086019 0.158133
0.211487 -0.086023 0.158092
0.211512 -0.086021 0.158063
0.211526 -0.086020 0.158050
0.211557 -0.086011 0.158016
0.211563 -0.086009 0.158009
0.211603 -0.085987 0.157965
0.211633 -0.085967 0.157928
0.211653 -0.085949 0.157905
0.211675 -0.085921 0.157876
0.211693 -0.085897 0.157853
0.211706 -0.085875 0.157836
0.211736 -0.085812 0.157790
0.211748 -0.085776 0.157770
0.211756 -0.085747 0.157755
0.211766 -0.085707 0.157735
0.211771 -0.085675 0.157720
0.211784 -0.085603 0.157695
0.211784 -0.085603 0.157695
0.211788 -0.085583 0.157690
0.211798 -0.085522 0.157675
0.211805 -0.085434 0.157662
0.211805 -0.085407 0.157663
0.211805 -0.085374 0.157668
0.211798 -0.085309 0.157692
0.211794 -0.085285 0.157711
0.211784 -0.085258 0.157735
0.211774 -0.085241 0.157756
0.211763 -0.085225 0.157778
0.211751 -0.085212 0.157809
0.211741 -0.085206 0.157837
0.211729 -0.085208 0.157869
0.211729 -0.085208 0.157869
0.211727 -0.085208 0.157876
0.211706 -0.085216 0.157930
0.211684 -0.085227 0.157974
0.211653 -0.085246 0.158024
0.211628 -0.085266 0.158065
0.211597 -0.085296 0.158112
0.211574 -0.085327 0.158147
0.211544 -0.085367 0.158188
0.211511 -0.085410 0.158224
0.211487 -0.085447 0.158247
0.211460 -0.085491 0.158266
0.211438 -0.085530 0.158274
0.211413 -0.085578 0.158277
0.211413 -0.085578 0.158277
0.211388 -0.085627 0.158272
0.211370 -0.085667 0.158266
0.211356 -0.085715 0.158252
0.211356 -0.085715 0.158252
0.211348 -0.085753 0.158238
0.211343 -0.085795 0.158220
0.211342 -0.085828 0.158202
0.211342 -0.085828 0.158202
0.211346 -0.085864 0.158181
0.211351 -0.085894 0.158159
0.211356 -0.085916 0.158141
0.211366 -0.085933 0.158121
0.211381 -0.085946 0.158097
0.211381 -0.085946 0.158097
0.211397 -0.085952 0.158078
0.211422 -0.085952 0.158054
0.211448 -0.085945 0.158034
0.211448 -0.085945 0.158034
0.211482 -0.085931 0.158010
0.211512 -0.085911 0.157991
0.211544 -0.085882 0.157972
0.211570 -0.085853 0.157954
0.211597 -0.085820 0.157939
0.211597 -0.085820 0.157939
0.211628 -0.085773 0.157918
0.211651 -0.085730 0.157904
0.211680 -0.085672 0.157888
0.211702 -0.085619 0.157877
0.211702 -0.085619 0.157877
0.211725 -0.085554 0.157867
0.211747 -0.085498 0.157861
0.211773 -0.085429 0.157857
0.211793 -0.085373 0.157856
0.211812 -0.085307 0.157857
0.211812 -0.085307 0.157857
0.211829 -0.085257 0.157865
0.211847 -0.085200 0.157882
0.211860 -0.085158 0.157901
0.211871 -0.085114 0.157928
0.211879 -0.085083 0.157952
0.211879 -0.085083 0.157952
0.211885 -0.085052 0.157983
0.211889 -0.085015 0.158052
0.211888 -0.085014 0.158114
0.211883 -0.085038 0.158173
0.211869 -0.085075 0.158236
0.211858 -0.085101 0.158270
0.211850 -0.085122 0.158295
0.211802 -0.085232 0.158387
0.211776 -0.085296 0.158418
0.211734 -0.085401 0.158447
0.211694 -0.085499 0.158461
0.211657 -0.085587 0.158460
0.211620 -0.085677 0.158443
0.211583 -0.085767 0.158412
0.211549 -0.085852 0.158371
0.211516 -0.085939 0.158318
0.211491 -0.086008 0.158269
0.211460 -0.086078 0.158210
0.211437 -0.086128 0.158152
0.211418 -0.086158 0.158093
0.211407 -0.086169 0.158042
0.211404 -0.086171 0.158016
0.211398 -0.086157 0.157913
0.211399 -0.086137 0.157865
0.211405 -0.086116 0.157832
0.211432 -0.086032 0.157758
0.211459 -0.085948 0.157708
0.211486 -0.085869 0.157672
0.211526 -0.085747 0.157641
0.211549 -0.085653 0.157632
0.211577 -0.085538 0.157634
0.211604 -0.085419 0.157645
0.211631 -0.085307 0.157664
0.211663 -0.085203 0.157699
0.211699 -0.085090 0.157753
0.211728 -0.085015 0.157807
0.211759 -0.084935 0.157872
0.211786 -0.084872 0.157944
0.211810 -0.084826 0.158028
0.211824 -0.084806 0.158093
0.211828 -0.084800 0.158121
0.211836 -0.084794 0.158160
0.211851 -0.084790 0.158265
0.211857 -0.084863 0.158468
0.211852 -0.084924 0.158528
0.211845 -0.085004 0.158590
0.211836 -0.085083 0.158630
0.211824 -0.085163 0.158652
0.211815 -0.085207 0.158659
0.211803 -0.085284 0.158664
0.211748 -0.085505 0.158630
0.211743 -0.085521 0.158626
0.211679 -0.085734 0.158546
0.211645 -0.085848 0.158486
0.211641 -0.085864 0.158476
0.211581 -0.086054 0.158340
0.211545 -0.086153 0.158246
0.211517 -0.086221 0.158157
0.211492 -0.086262 0.158061
0.211477 -0.086278 0.157992
0.211477 -0.086278 0.157992
0.211461 -0.086287 0.157868
0.211457 -0.086281 0.157788
0.211459 -0.086257 0.157695
0.211464 -0.086222 0.157618
0.211473 -0.086169 0.157537
0.211492 -0.086094 0.157460
0.211510 -0.086014 0.157413
0.211534 -0.085918 0.157387
0.211553 -0.085822 0.157379
0.211578 -0.085702 0.157381
0.211605 -0.085561 0.157401
0.211630 -0.085435 0.157435
0.211651 -0.085327 0.157477
0.211671 -0.085204 0.157534
0.211704 -0.085026 0.157633
0.211737 -0.084883 0.157723
0.211759 -0.084793 0.157790
0.211795 -0.084672 0.157927
0.211809 -0.084636 0.158040
0.211813 -0.084627 0.158132
0.211814 -0.084628 0.158164
0.211815 -0.084633 0.158244
0.211821 -0.084649 0.158324
0.211819 -0.084686 0.158416
0.211823 -0.084724 0.158486
0.211822 -0.084769 0.158549
0.211817 -0.084830 0.158622
0.211807 -0.084878 0.158664
0.211792 -0.084934 0.158697
0.211776 -0.085000 0.158722
0.211755 -0.085089 0.158732
0.211755 -0.085089 0.158732
0.211732 -0.085191 0.158727
0.211714 -0.085281 0.158716
0.211691 -0.085388 0.158690
0.211669 -0.085478 0.158662
0.211643 -0.085589 0.158618
0.211573 -0.085865 0.158480
0.211548 -0.085952 0.158425
0.211519 -0.086049 0.158352
0.211500 -0.086121 0.158285
0.211484 -0.086183 0.158215
0.211475 -0.086225 0.158154
0.211463 -0.086262 0.158089
0.211453 -0.086292 0.158025
0.211446 -0.086312 0.157974
0.211432 -0.086336 0.157878
0.211426 -0.086342 0.157814
0.211421 -0.086340 0.157752
0.211418 -0.086327 0.157674
0.211418 -0.086312 0.157612
0.211418 -0.086286 0.157539
0.211421 -0.086266 0.157494
0.211431 -0.086222 0.157407
0.211431 -0.086222 0.157407
0.211454 -0.086147 0.157314
0.211472 -0.086091 0.157264
0.211472 -0.086091 0.157264
0.211478 -0.086080 0.157256
0.211514 -0.085948 0.157185
0.211538 -0.085830 0.157154
0.211553 -0.085754 0.157143
0.211559 -0.085734 0.157140
0.211593 -0.085568 0.157134
0.211611 -0.085484 0.157137
0.211620 -0.085441 0.157139
0.211655 -0.085267 0.157168
0.211681 -0.085135 0.157205
0.211686 -0.085112 0.157212
0.211711 -0.084984 0.157264
0.211711 -0.084984 0.157264
0.211736 -0.084879 0.157314
0.211768 -0.084755 0.157378
0.211793 -0.084653 0.157437
0.211817 -0.084541 0.157505
0.211817 -0.084541 0.157505
0.211835 -0.084457 0.157563
0.211855 -0.084370 0.157635
0.211871 -0.084296 0.157711
0.211884 -0.084245 0.157780
0.211894 -0.084199 0.157870
0.211897 -0.084172 0.157949
0.211899 -0.084156 0.158045
0.211892 -0.084158 0.158126
0.211885 -0.084181 0.158220
0.211880 -0.084218 0.158294
0.211872 -0.084268 0.158375
0.211872 -0.084268 0.158375
0.211860 -0.084322 0.158452
0.211845 -0.084381 0.158525
0.211830 -0.084442 0.158567
0.211814 -0.084515 0.158599
0.211794 -0.084616 0.158626
0.211778 -0.084703 0.158635
0.211758 -0.084807 0.158633
0.211739 -0.084905 0.158620
0.211720 -0.085002 0.158597
0.211720 -0.085002 0.158597
0.211698 -0.085116 0.158559
0.211677 -0.085216 0.158517
0.211652 -0.085330 0.158461
0.211630 -0.085422 0.158403
0.211609 -0.085512 0.158342
0.211586 -0.085616 0.158264
0.211565 -0.085693 0.158190
0.211539 -0.085769 0.158089
0.211539 -0.085769 0.158089
0.211518 -0.085815 0.157995
0.211495 -0.085844 0.157898
0.211468 -0.085862 0.157779
0.211446 -0.085863 0.157675
0.211424 -0.085854 0.157557
0.211412 -0.085838 0.157462
0.211404 -0.085800 0.157352
0.211399 -0.085756 0.157267
0.211399 -0.085756 0.157267
0.211397 -0.085695 0.157165
0.211398 -0.085621 0.157059
0.211400 -0.085556 0.156976
0.211405 -0.085466 0.156876
0.211405 -0.085466 0.156876
0.211417 -0.085381 0.156807
0.211431 -0.085264 0.156737
0.211431 -0.085264 0.156737
0.211467 -0.084926 0.156608
0.211485 -0.084794 0.156566
0.211499 -0.084686 0.156537
0.211516 -0.084575 0.156507
0.211520 -0.084547 0.156501
0.211524 -0.084518 0.156494
0.211551 -0.084349 0.156463
0.211575 -0.084207 0.156451
0.211601 -0.084067 0.156450
0.211601 -0.084067 0.156450
0.211633 -0.083905 0.156464
0.211667 -0.083749 0.156489
0.211698 -0.083621 0.156519
0.211737 -0.083477 0.156559
0.211768 -0.083366 0.156595
0.211806 -0.083240 0.156643
0.211838 -0.083145 0.156686
0.211869 -0.083054 0.156729
0.211869 -0.083054 0.156729
0.211909 -0.082953 0.156777
0.211943 -0.082877 0.156806
0.211980 -0.082799 0.156836
0.212011 -0.082745 0.156857
0.212045 -0.082688 0.156879
0.212071 -0.082647 0.156893
0.212101 -0.082608 0.156904
0.212126 -0.082585 0.156905
0.212171 -0.082574 0.156897
0.212187 -0.082577 0.156887
0.212202 -0.082584 0.156877
0.212212 -0.082595 0.156869
0.212227 -0.082615 0.156856
0.212238 -0.082637 0.156841
0.212249 -0.082672 0.156814
0.212259 -0.082714 0.156780
0.212269 -0.082760 0.156741
0.212277 -0.082799 0.156706
0.212279 -0.082808 0.156697
0.212284 -0.082827 0.156676
0.212299 -0.082895 0.156597
0.212309 -0.082956 0.156515
0.212309 -0.082956 0.156515
0.212329 -0.083085 0.156307
0.212342 -0.083139 0.156195
0.212342 -0.083139 0.156195
0.212359 -0.083203 0.155999
0.212365 -0.083224 0.155874
0.212366 -0.083227 0.155853
0.212368 -0.083229 0.155831
0.212384 -0.083222 0.155501
0.212391 -0.083203 0.155380
0.212392 -0.083198 0.155356
0.212409 -0.083140 0.155161
0.212410 -0.083131 0.155136
0.212420 -0.083089 0.155039
0.212428 -0.083053 0.154964
0.212438 -0.083003 0.154868
0.212449 -0.082948 0.154769
0.212461 -0.082884 0.154667
0.212484 -0.082766 0.154495
0.212515 -0.082598 0.154287
0.212536 -0.082494 0.154188
0.212586 -0.082265 0.154011
0.212624 -0.082098 0.153898
0.212665 -0.081916 0.153793
0.212695 -0.081779 0.153724
0.212748 -0.081516 0.153613
0.212780 -0.081370 0.153559
0.212841 -0.081108 0.153472
0.212877 -0.080967 0.153428
0.212972 -0.080651 0.153326
0.213029 -0.080482 0.153269
0.213099 -0.080265 0.153189
0.213155 -0.080108 0.153123
0.213238 -0.079909 0.153031
0.213302 -0.079765 0.152962
0.213346 -0.079672 0.152914
0.213390 -0.079585 0.152864
0.213433 -0.079500 0.152810
0.213433 -0.079500 0.152810
0.213442 -0.079480 0.152798
0.213504 -0.079367 0.152710
0.213504 -0.079367 0.152710
0.213545 -0.079299 0.152652
0.213631 -0.079181 0.152530
0.213676 -0.079124 0.152465
0.213676 -0.079124 0.152465
0.213770 -0.079013 0.152332
0.213840 -0.078943 0.152235
0.213840 -0.078943 0.152235
0.213927 -0.078874 0.152116
0.214011 -0.078826 0.151995
0.214098 -0.078779 0.151858
0.214149 -0.078757 0.151769
0.214202 -0.078739 0.151677
0.214233 -0.078730 0.151620
0.214254 -0.078727 0.151582
0.214313 -0.078714 0.151463
0.214313 -0.078714 0.151463
0.214350 -0.078703 0.151380
0.214423 -0.078676 0.151208
0.214459 -0.078662 0.151118
0.214581 -0.078619 0.150816
0.214633 -0.078588 0.150671
0.214700 -0.078527 0.150481
0.214710 -0.078519 0.150456
0.214767 -0.078454 0.150290
0.214871 -0.078323 0.149976
0.214919 -0.078247 0.149831
0.214965 -0.078153 0.149693
0.215017 -0.078028 0.149537
0.215069 -0.077894 0.149380
0.215106 -0.077790 0.149264
0.215149 -0.077659 0.149136
0.215198 -0.077497 0.149008
0.215250 -0.077315 0.148876
0.215286 -0.077178 0.148783
0.215343 -0.076970 0.148643
0.215382 -0.076828 0.148560
0.215436 -0.076635 0.148444
0.215436 -0.076635 0.148444
0.215538 -0.076283 0.148225
0.215590 -0.076122 0.148124
0.215642 -0.075960 0.148012
0.215696 -0.075784 0.147873
0.215729 -0.075677 0.147780
0.215784 -0.075514 0.147630
0.215798 -0.075474 0.147593
0.215905 -0.075213 0.147345
0.215950 -0.075113 0.147237
0.216003 -0.075009 0.147108
0.216057 -0.074915 0.146973
0.216117 -0.074827 0.146835
0.216175 -0.074743 0.146698
0.216240 -0.074655 0.146538
0.216240 -0.074655 0.146538
0.216357 -0.074510 0.146255
0.216416 -0.074440 0.146106
0.216473 -0.074365 0.145950
0.216473 -0.074365 0.145950
0.216540 -0.074276 0.145756
0.216579 -0.074218 0.145629
0.216610 -0.074171 0.145526
0.216650 -0.074112 0.145410
0.216742 -0.073978 0.145158
0.216806 -0.073866 0.144967
0.216818 -0.073840 0.144927
0.216877 -0.073711 0.144761
0.216935 -0.073554 0.144584
0.216974 -0.073422 0.144447
0.217010 -0.073301 0.144329
0.217039 -0.073191 0.144229
0.217043 -0.073172 0.144212
0.217090 -0.072981 0.144048
0.217135 -0.072810 0.143908
0.217145 -0.072773 0.143879
0.217190 -0.072600 0.143758
0.217233 -0.072400 0.143629
0.217261 -0.072259 0.143535
0.217284 -0.072139 0.143450
0.217311 -0.072001 0.143351
0.217345 -0.071821 0.143221
0.217368 -0.071703 0.143135
0.217388 -0.071573 0.143031
0.217389 -0.071554 0.143017
0.217404 -0.071432 0.142914
0.217421 -0.071237 0.142744
0.217436 -0.071131 0.142640
0.217456 -0.071029 0.142532
0.217473 -0.070933 0.142421
0.217490 -0.070837 0.142299
0.217506 -0.070744 0.142170
0.217522 -0.070671 0.142056
0.217538 -0.070603 0.141945
0.217540 -0.070592 0.141927
0.217564 -0.070490 0.141747
0.217598 -0.070399 0.141583
0.217623 -0.070341 0.141473
0.217646 -0.070292 0.141385
0.217653 -0.070275 0.141358
0.217687 -0.070180 0.141204
0.217710 -0.070116 0.141098
0.217713 -0.070108 0.141085
0.217725 -0.070067 0.141021
0.217766 -0.069911 0.140836
0.217766 -0.069911 0.140836
0.217768 -0.069902 0.140825
0.217784 -0.069836 0.140760
0.217796 -0.069791 0.140717
0.217806 -0.069743 0.140678
0.217826 -0.069638 0.140607
0.217840 -0.069571 0.140568
0.217853 -0.069502 0.140533
0.217867 -0.069387 0.140477
0.217871 -0.069314 0.140443
0.217875 -0.069235 0.140411
0.217876 -0.069219 0.140404
0.217882 -0.069135 0.140371
0.217886 -0.069067 0.140344
0.217892 -0.068994 0.140317
0.217898 -0.068923 0.140288
0.217913 -0.068784 0.140233
0.217915 -0.068764 0.140224
0.217924 -0.068690 0.140194
0.217933 -0.068616 0.140163
0.217944 -0.068541 0.140130
0.217952 -0.068467 0.140094
0.217962 -0.068398 0.140062
0.217970 -0.068332 0.140030
0.217983 -0.068195 0.139957
0.217990 -0.068130 0.139920
0.217997 -0.068067 0.139880
0.218005 -0.068004 0.139836
0.218015 -0.067943 0.139793
0.218024 -0.067880 0.139745
0.218032 -0.067818 0.139695
0.218042 -0.067760 0.139643
0.218060 -0.067654 0.139534
0.218069 -0.067606 0.139479
0.218080 -0.067562 0.139423
0.218103 -0.067483 0.139307
0.218115 -0.067448 0.139250
0.218134 -0.067411 0.139179
0.218153 -0.067378 0.139115
0.218172 -0.067350 0.139048
0.218195 -0.067327 0.138986
0.218241 -0.067302 0.138883
0.218288 -0.067287 0.138796
0.218327 -0.067279 0.138735
0.218357 -0.067273 0.138684
0.218380 -0.067269 0.138645
0.218385 -0.067269 0.138636
0.218448 -0.067269 0.138547
0.218477 -0.067266 0.138504
0.218512 -0.067263 0.138455
0.218517 -0.067262 0.138447
0.218567 -0.067245 0.138383
0.218587 -0.067230 0.138350
0.218591 -0.067227 0.138344
0.218626 -0.067190 0.138281
0.218647 -0.067163 0.138247
0.218663 -0.067135 0.138219
0.218680 -0.067092 0.138190
0.218691 -0.067051 0.138169
0.218699 -0.067005 0.138151
0.218702 -0.066995 0.138148
0.218712 -0.066885 0.138120
0.218709 -0.066829 0.138110
0.218705 -0.066754 0.138100
0.218700 -0.066687 0.138093
0.218696 -0.066617 0.138086
0.218694 -0.066603 0.138084
0.218689 -0.066531 0.138076
0.218679 -0.066385 0.138057
0.218671 -0.066294 0.138044
0.218670 -0.066278 0.138043
0.218651 -0.066117 0.138018
0.218643 -0.066057 0.138006
0.218643 -0.066042 0.138001
0.218629 -0.065923 0.137970
0.218622 -0.065808 0.137930
0.218620 -0.065793 0.137925
0.218615 -0.065652 0.137866
0.218614 -0.065587 0.137832
0.218612 -0.065523 0.137791
0.218612 -0.065512 0.137783
0.218621 -0.065411 0.137693
0.218631 -0.065369 0.137648
0.218631 -0.065361 0.137639
0.218649 -0.065282 0.137531
0.218657 -0.065264 0.137497
0.218669 -0.065242 0.137445
0.218679 -0.065238 0.137416
0.218682 -0.065238 0.137409
0.218714 -0.065244 0.137344
0.218717 -0.065246 0.137338
0.218733 -0.065256 0.137315
0.218766 -0.065302 0.137259
0.218780 -0.065330 0.137236
0.218782 -0.065336 0.137232
0.218801 -0.065389 0.137195
0.218802 -0.065394 0.137191
0.218823 -0.065457 0.137142
0.218832 -0.065486 0.137120
0.218839 -0.065514 0.137093
0.218845 -0.065538 0.137063
0.218845 -0.065542 0.137056
0.218851 -0.065584 0.137013
0.218851 -0.065596 0.136990
0.218845 -0.065601 0.136961
0.218836 -0.065605 0.136936
0.218833 -0.065605 0.136930
0.218812 -0.065601 0.136901
0.218784 -0.065583 0.136867
0.218780 -0.065579 0.136862
0.218744 -0.065537 0.136824
0.218741 -0.065531 0.136821
0.218707 -0.065477 0.136795
0.218702 -0.065469 0.136794
0.218676 -0.065415 0.136784
0.218644 -0.065342 0.136784
0.218624 -0.065294 0.136789
0.218605 -0.065240 0.136797
0.218577 -0.065173 0.136809
0.218558 -0.065120 0.136820
0.218533 -0.065051 0.136833
0.218529 -0.065039 0.136836
0.218509 -0.064979 0.136849
0.218471 -0.064860 0.136877
0.218457 -0.064812 0.136886
0.218440 -0.064757 0.136891
0.218423 -0.064692 0.136893
0.218408 -0.064636 0.136892
0.218406 -0.064625 0.136891
0.218393 -0.064552 0.136882
0.218390 -0.064485 0.136871
0.218393 -0.064446 0.136869
0.218394 -0.064439 0.136869
0.218393 -0.064433 0.136869
0.218397 -0.064388 0.136860
0.218404 -0.064362 0.136849
0.218413 -0.064339 0.136836
0.218422 -0.064330 0.136829
0.218434 -0.064323 0.136818
0.218434 -0.064323 0.136818
0.218449 -0.064326 0.136804
0.218466 -0.064337 0.136795
0.218492 -0.064363 0.136778
0.218515 -0.064387 0.136764
0.218545 -0.064422 0.136744
0.218580 -0.064465 0.136721
0.218616 -0.064509 0.136699
0.218616 -0.064509 0.136699
0.218650 -0.064554 0.136676
0.218691 -0.064611 0.136647
0.218729 -0.064663 0.136621
0.218765 -0.064716 0.136595
0.218805 -0.064770 0.136568
0.218848 -0.064829 0.136536
0.218848 -0.064829 0.136536
0.218890 -0.064884 0.136506
0.218932 -0.064934 0.136475
0.218971 -0.064979 0.136442
0.219005 -0.065021 0.136405
0.219028 -0.065052 0.136383
0.219028 -0.065052 0.136383
0.219053 -0.065079 0.136367
0.219077 -0.065098 0.136345
0.219099 -0.065111 0.136326
0.219119 -0.065118 0.136311
0.219128 -0.065115 0.136302
0.219128 -0.065115 0.136302
0.219132 -0.065106 0.136296
0.219131 -0.065088 0.136292
0.219122 -0.065048 0.136289
0.219114 -0.065014 0.136286
0.219100 -0.064956 0.136283
0.219100 -0.064956 0.136283
0.219084 -0.064891 0.136278
0.219068 -0.064831 0.136277
0.219044 -0.064754 0.136281
0.219011 -0.064663 0.136285
0.218980 -0.064587 0.136289
0.218980 -0.064587 0.136289
0.218890 -0.064385 0.136309
0.218861 -0.064322 0.136320
0.218854 -0.064312 0.136321
0.218830 -0.064263 0.136331
0.218807 -0.064217 0.136343
0.218720 -0.064073 0.136387
0.218667 -0.064000 0.136413
0.218634 -0.063955 0.136432
0.218605 -0.063923 0.136449
0.218590 -0.063917 0.136462
0.218581 -0.063921 0.136473
0.218574 -0.063924 0.136480
0.218574 -0.063937 0.136488
0.218573 -0.063941 0.136490
0.218590 -0.064004 0.136496
0.218606 -0.064054 0.136490
0.218622 -0.064095 0.136484
0.218657 -0.064170 0.136463
0.218698 -0.064252 0.136436
0.218734 -0.064320 0.136410
0.218764 -0.064373 0.136388
0.218823 -0.064465 0.136345
0.218863 -0.064522 0.136315
0.218904 -0.064576 0.136285
0.218964 -0.064648 0.136243
0.219010 -0.064690 0.136211
0.219071 -0.064733 0.136173
0.219120 -0.064760 0.136144
0.219154 -0.064776 0.136115
0.219160 -0.064778 0.136111
0.219194 -0.064791 0.136090
0.219194 -0.064791 0.136090
0.219222 -0.064795 0.136083
0.219264 -0.064758 0.136070
0.219261 -0.064728 0.136075
0.219247 -0.064680 0.136080
0.219222 -0.064615 0.136083
0.219194 -0.064549 0.136087
0.219176 -0.064489 0.136088
0.219153 -0.064414 0.136089
0.219126 -0.064340 0.136087
0.219106 -0.064292 0.136085
0.219070 -0.064220 0.136085
0.219070 -0.064220 0.136085
0.218981 -0.064074 0.136091
0.218939 -0.064017 0.136103
0.218891 -0.063961 0.136125
0.218848 -0.063925 0.136144
0.218806 -0.063891 0.136164
0.218782 -0.063876 0.136179
0.218756 -0.063867 0.136195
0.218734 -0.063869 0.136214
0.218720 -0.063878 0.136232
0.218703 -0.063893 0.136242
0.218695 -0.063911 0.136249
0.218691 -0.063936 0.136253
0.218698 -0.063970 0.136246
0.218711 -0.064009 0.136233
0.218739 -0.064059 0.136211
0.218758 -0.064092 0.136194
0.218801 -0.064153 0.136158
0.218835 -0.064195 0.136133
0.218870 -0.064239 0.136106
0.218912 -0.064286 0.136077
0.218957 -0.064326 0.136049
0.219007 -0.064362 0.136025
0.219062 -0.064390 0.136000
0.219118 -0.064411 0.135972
0.219168 -0.064425 0.135951
0.219210 -0.064433 0.135932
0.219250 -0.064436 0.135913
0.219256 -0.064436 0.135911
0.219266 -0.064433 0.135903
0.219301 -0.064426 0.135889
0.219384 -0.064401 0.135897
0.219416 -0.064359 0.135907
0.219425 -0.064327 0.135917
0.219430 -0.064269 0.135931
0.219425 -0.064215 0.135940
0.219415 -0.064157 0.135951
0.219401 -0.064094 0.135961
0.219388 -0.064034 0.135969
0.219374 -0.063978 0.135974
0.219372 -0.063967 0.135975
0.219330 -0.063856 0.135991
0.219304 -0.063808 0.136001
0.219293 -0.063792 0.136004
0.219256 -0.063739 0.136022
0.219216 -0.063696 0.136042
0.219181 -0.063667 0.136059
0.219091 -0.063613 0.136097
0.219050 -0.063601 0.136115
0.219010 -0.063599 0.136135
0.218981 -0.063606 0.136151
0.218981 -0.063606 0.136151
0.218973 -0.063609 0.136155
0.218943 -0.063629 0.136174
0.218919 -0.063652 0.136195
0.218904 -0.063674 0.136206
0.218869 -0.063769 0.136209
0.218868 -0.063776 0.136209
0.218874 -0.063815 0.136200
0.218886 -0.063849 0.136192
0.218901 -0.063883 0.136180
0.218925 -0.063923 0.136161
0.218952 -0.063963 0.136142
0.219010 -0.064034 0.136105
0.219024 -0.064045 0.136101
0.219074 -0.064080 0.136081
0.219123 -0.064101 0.136065
0.219128 -0.064102 0.136064
0.219156 -0.064108 0.136059
0.219185 -0.064109 0.136054
0.219276 -0.064094 0.136049
0.219320 -0.064076 0.136049
0.219344 -0.064062 0.136055
0.219344 -0.064062 0.136055
0.219385 -0.063989 0.136082
0.219387 -0.063984 0.136084
0.219396 -0.063954 0.136095
0.219417 -0.063849 0.136126
0.219419 -0.063777 0.136142
0.219412 -0.063725 0.136154
0.219403 -0.063682 0.136162
0.219385 -0.063634 0.136172
0.219371 -0.063606 0.136179
0.219362 -0.063591 0.136183
0.219323 -0.063550 0.136196
0.219293 -0.063533 0.136203
0.219270 -0.063525 0.136210
0.219241 -0.063519 0.136217
0.219211 -0.063519 0.136223
0.219187 -0.063523 0.136228
0.219157 -0.063532 0.136232
0.219125 -0.063546 0.136238
0.219110 -0.063556 0.136241
0.219098 -0.063566 0.136244
0.219089 -0.063577 0.136247
0.219057 -0.063618 0.136250
0.219047 -0.063632 0.136249
0.219047 -0.063632 0.136249
0.219023 -0.063685 0.136247
0.219018 -0.063704 0.136243
0.219015 -0.063724 0.136239
0.219013 -0.063743 0.136235
0.219011 -0.063763 0.136229
0.219011 -0.063785 0.136222
0.219012 -0.063804 0.136216
0.219011 -0.063820 0.136208
0.219013 -0.063823 0.136207
0.219019 -0.063839 0.136199
0.219029 -0.063855 0.136190
0.219059 -0.063886 0.136172
0.219064 -0.063891 0.136167
0.219096 -0.063909 0.136154
0.219124 -0.063917 0.136146
0.219148 -0.063920 0.136141
0.219173 -0.063920 0.136136
0.219179 -0.063919 0.136136
0.219191 -0.063920 0.136135
0.219219 -0.063919 0.136133
0.219255 -0.063917 0.136130
0.219255 -0.063917 0.136130
0.219293 -0.063910 0.136130
0.219345 -0.063895 0.136129
0.219389 -0.063878 0.136131
0.219389 -0.063878 0.136131
0.219438 -0.063855 0.136133
0.219497 -0.063825 0.136142
0.219542 -0.063796 0.136147
0.219545 -0.063794 0.136147
0.219551 -0.063790 0.136148
0.219551 -0.063790 0.136148
0.219585 -0.063766 0.136153
0.219611 -0.063745 0.136160
0.219632 -0.063725 0.136166
0.219632 -0.063725 0.136166
0.219653 -0.063707 0.136174
0.219666 -0.063695 0.136185
0.219666 -0.063695 0.136185
0.219669 -0.063687 0.136194
0.219669 -0.063684 0.136204
0.219662 -0.063683 0.136216
0.219641 -0.063692 0.136238
0.219620 -0.063703 0.136256
0.219602 -0.063716 0.136270
0.219584 -0.063728 0.136282
0.219584 -0.063728 0.136282
0.219557 -0.063753 0.136305
0.219536 -0.063774 0.136320
0.219521 -0.063788 0.136328
0.219502 -0.063807 0.136338
0.219499 -0.063810 0.136340
0.219467 -0.063842 0.136351
0.219450 -0.063861 0.136353
0.219443 -0.063868 0.136354
0.219423 -0.063891 0.136353
0.219423 -0.063891 0.136353
0.219419 -0.063898 0.136352
0.219402 -0.063938 0.136336
0.219401 -0.063947 0.136332
0.219401 -0.063977 0.136319
0.219401 -0.063983 0.136317
0.219401 -0.063983 0.136317
0.219404 -0.063995 0.136309
0.219412 -0.064008 0.136301
0.219422 -0.064025 0.136291
0.219442 -0.064043 0.136280
0.219465 -0.064050 0.136273
0.219476 -0.064052 0.136269
0.219476 -0.064052 0.136269
0.219484 -0.064053 0.136268
0.219522 -0.064052 0.136263
0.219563 -0.064051 0.136259
0.219596 -0.064047 0.136256
0.219618 -0.064043 0.136256
0.219635 -0.064040 0.136255
0.219668 -0.064033 0.136254
0.219675 -0.064030 0.136255
0.219726 -0.064018 0.136254
0.219771 -0.064005 0.136255
0.219806 -0.063996 0.136256
0.219814 -0.063993 0.136256
0.219848 -0.063983 0.136257
0.219908 -0.063965 0.136258
0.219965 -0.063948 0.136262
0.219973 -0.063945 0.136262
0.219989 -0.063939 0.136263
0.220022 -0.063929 0.136264
0.220072 -0.063916 0.136269
0.220072 -0.063916 0.136269
0.220212 -0.063889 0.136291
0.220212 -0.063889 0.136291
0.220222 -0.063888 0.136292
0.220277 -0.063882 0.136308
0.220301 -0.063882 0.136316
0.220329 -0.063883 0.136326
0.220392 -0.063893 0.136354
0.220403 -0.063896 0.136360
0.220403 -0.063896 0.136360
0.220421 -0.063900 0.136368
0.220491 -0.063927 0.136410
0.220515 -0.063941 0.136424
0.220531 -0.063953 0.136433
0.220536 -0.063957 0.136435
0.220543 -0.063963 0.136439
0.220564 -0.063980 0.136448
0.220587 -0.064000 0.136455
0.220609 -0.064021 0.136460
0.220625 -0.064034 0.136462
0.220639 -0.064049 0.136463
0.220677 -0.064085 0.136464
0.220690 -0.064095 0.136463
0.220695 -0.064099 0.136462
0.220719 -0.064112 0.136458
0.220719 -0.064112 0.136458
0.220750 -0.064127 0.136452
0.220785 -0.064141 0.136442
0.220785 -0.064141 0.136442
0.220816 -0.064152 0.136435
0.220852 -0.064163 0.136427
0.220936 -0.064176 0.136414
0.220988 -0.064180 0.136409
0.221029 -0.064182 0.136406
0.221037 -0.064182 0.136406
0.221055 -0.064182 0.136406
0.221161 -0.064182 0.136410
0.221210 -0.064180 0.136414
0.221222 -0.064180 0.136415
0.221222 -0.064180 0.136415
0.221276 -0.064177 0.136422
0.221343 -0.064172 0.136432
0.221464 -0.064161 0.136452
0.221551 -0.064154 0.136469
0.221653 -0.064145 0.136489
0.221653 -0.064145 0.136489
0.221668 -0.064145 0.136491
0.221668 -0.064145 0.136491
0.221791 -0.064138 0.136518
0.221920 -0.064132 0.136550
0.221920 -0.064132 0.136550
0.222048 -0.064123 0.136579
0.222048 -0.064123 0.136579
0.222164 -0.064117 0.136604
0.222302 -0.064113 0.136627
0.222479 -0.064117 0.136656
0.222619 -0.064122 0.136677
0.222691 -0.064126 0.136688
0.222726 -0.064127 0.136694
0.222881 -0.064148 0.136721
0.222881 -0.064148 0.136721
0.222900 -0.064150 0.136724
0.223028 -0.064175 0.136750
0.223233 -0.064222 0.136790
0.223233 -0.064222 0.136790
0.223413 -0.064271 0.136823
0.223431 -0.064276 0.136826
0.223466 -0.064286 0.136833
0.223573 -0.064322 0.136855
0.223655 -0.064351 0.136874
0.223655 -0.064351 0.136874
0.223835 -0.064422 0.136917
0.223835 -0.064422 0.136917
0.223852 -0.064428 0.136921
0.223935 -0.064463 0.136939
0.224114 -0.064536 0.136970
0.224183 -0.064562 0.136983
0.224280 -0.064597 0.136998
0.224410 -0.064639 0.137017
0.224523 -0.064677 0.137032
0.224590 -0.064697 0.137036
0.224760 -0.064738 0.137040
0.224777 -0.064741 0.137040
0.224849 -0.064753 0.137037
0.225116 -0.064786 0.137019
0.225132 -0.064787 0.137018
0.225302 -0.064792 0.137008
0.225520 -0.064784 0.137000
0.225651 -0.064777 0.136999
0.225790 -0.064767 0.137001
0.225934 -0.064753 0.137010
0.226095 -0.064734 0.137023
0.226266 -0.064714 0.137043
0.226468 -0.064691 0.137071
0.226650 -0.064670 0.137101
0.226811 -0.064652 0.137130
0.226920 -0.064641 0.137150
0.227029 -0.064631 0.137171
0.227225 -0.064616 0.137214
0.227392 -0.064602 0.137252
0.227802 -0.064568 0.137343
0.227831 -0.064566 0.137350
0.228202 -0.064548 0.137423
0.228230 -0.064547 0.137430
0.228487 -0.064538 0.137476
0.228599 -0.064535 0.137497
0.228873 -0.064533 0.137542
0.228981 -0.064535 0.137560
0.229227 -0.064543 0.137593
0.229507 -0.064557 0.137630
0.229560 -0.064559 0.137639
0.229749 -0.064575 0.137666
0.230099 -0.064614 0.137719
0.230318 -0.064642 0.137745
0.230372 -0.064649 0.137752
0.230721 -0.064695 0.137796
0.230918 -0.064723 0.137820
0.231118 -0.064751 0.137842
0.231263 -0.064767 0.137854
0.231442 -0.064784 0.137866
0.231660 -0.064798 0.137874
0.231841 -0.064806 0.137875
0.232018 -0.064808 0.137870
0.232123 -0.064806 0.137867
0.232386 -0.064791 0.137847
0.232574 -0.064772 0.137832
0.232760 -0.064752 0.137814
0.232787 -0.064749 0.137812
0.232897 -0.064736 0.137804
0.233061 -0.064711 0.137796
0.233238 -0.064684 0.137792
0.233436 -0.064651 0.137792
0.233620 -0.064622 0.137797
0.233826 -0.064590 0.137809
0.234375 -0.064510 0.137872
0.234407 -0.064505 0.137876
0.234594 -0.064477 0.137901
0.234939 -0.064427 0.137947
0.235214 -0.064389 0.137983
0.235243 -0.064385 0.137987
0.235601 -0.064337 0.138023
0.235689 -0.064325 0.138031
0.235864 -0.064303 0.138043
0.236064 -0.064277 0.138054
0.236268 -0.064254 0.138063
0.236613 -0.064221 0.138071
0.236668 -0.064217 0.138072
0.236834 -0.064206 0.138075
0.237181 -0.064194 0.138088
0.237394 -0.064193 0.138099
0.237553 -0.064193 0.138110
0.237606 -0.064192 0.138114
0.237759 -0.064193 0.138122
0.237917 -0.064193 0.138131
0.238214 -0.064198 0.138143
0.238290 -0.064198 0.138146
0.238455 -0.064201 0.138152
0.238760 -0.064197 0.138154
0.238915 -0.064191 0.138153
0.239082 -0.064184 0.138151
0.239224 -0.064176 0.138148
0.239382 -0.064163 0.138146
0.239498 -0.064152 0.138144
0.239670 -0.064130 0.138141
0.239798 -0.064110 0.138140
0.239899 -0.064094 0.138141
0.239920 -0.064090 0.138141
0.240195 -0.064034 0.138158
0.240325 -0.064006 0.138171
0.240455 -0.063979 0.138190
0.240550 -0.063959 0.138209
0.240694 -0.063930 0.138243
0.240801 -0.063908 0.138275
0.240922 -0.063885 0.138313
0.241009 -0.063872 0.138342
0.241163 -0.063848 0.138395
0.241263 -0.063832 0.138430
0.241395 -0.063815 0.138475
0.241493 -0.063802 0.138505
0.241606 -0.063791 0.138542
0.241706 -0.063782 0.138573
0.241821 -0.063779 0.138609
0.241922 -0.063777 0.138637
0.242057 -0.063783 0.138674
0.242175 -0.063792 0.138710
0.242296 -0.063804 0.138752
0.242417 -0.063822 0.138793
0.242537 -0.063843 0.138834
0.242622 -0.063860 0.138863
0.242764 -0.063891 0.138906
0.242878 -0.063914 0.138939
0.242973 -0.063936 0.138966
0.243096 -0.063964 0.139001
0.243207 -0.063990 0.139027
0.243298 -0.064009 0.139044
0.243419 -0.064030 0.139062
0.243518 -0.064045 0.139074
0.243607 -0.064056 0.139082
0.243694 -0.064063 0.139089
0.243775 -0.064065 0.139096
0.243852 -0.064065 0.139103
0.243916 -0.064060 0.139110
0.243993 -0.064051 0.139125
0.244055 -0.064040 0.139144
0.244114 -0.064024 0.139170
0.244175 -0.064005 0.139208
0.244218 -0.063991 0.139240
0.244269 -0.063972 0.139285
0.244317 -0.063953 0.139334
0.244323 -0.063952 0.139342
0.244368 -0.063933 0.139394
0.244433 -0.063901 0.139486
0.244474 -0.063876 0.139554
0.244493 -0.063863 0.139592
0.244524 -0.063842 0.139652
0.244528 -0.063840 0.139658
0.244550 -0.063826 0.139710
0.244569 -0.063810 0.139758
0.244588 -0.063798 0.139806
0.244604 -0.063792 0.139846
0.244642 -0.063791 0.139940
0.244660 -0.063798 0.139980
0.244664 -0.063800 0.139988
0.244672 -0.063804 0.140003
0.244699 -0.063822 0.140059
0.244780 -0.063887 0.140207
0.244790 -0.063898 0.140224
0.244822 -0.063931 0.140272
0.244860 -0.063969 0.140319
0.244899 -0.064009 0.140365
0.244989 -0.064114 0.140463
0.245027 -0.064163 0.140500
0.245079 -0.064230 0.140550
0.245125 -0.064291 0.140597
0.245172 -0.064357 0.140642
0.245209 -0.064414 0.140680
0.245250 -0.064483 0.140724
0.245256 -0.064494 0.140730
0.245278 -0.064533 0.140756
0.245311 -0.064602 0.140805
0.245337 -0.064660 0.140850
0.245405 -0.064811 0.140975
0.245418 -0.064852 0.141014
0.245424 -0.064876 0.141038
0.245432 -0.064905 0.141073
0.245436 -0.064919 0.141092
0.245444 -0.064957 0.141148
0.245445 -0.064975 0.141177
0.245448 -0.064987 0.141198
0.245448 -0.065004 0.141228
0.245449 -0.065046 0.141311
0.245448 -0.065051 0.141323
0.245448 -0.065051 0.141323
0.245431 -0.065105 0.141450
0.245428 -0.065110 0.141462
0.245407 -0.065143 0.141564
0.245390 -0.065159 0.141627
0.245378 -0.065170 0.141667
0.245351 -0.065187 0.141748
0.245326 -0.065203 0.141819
0.245295 -0.065217 0.141890
0.245267 -0.065229 0.141949
0.245261 -0.065232 0.141963
0.245191 -0.065256 0.142090
0.245158 -0.065268 0.142147
0.245113 -0.065283 0.142219
0.245067 -0.065297 0.142288
0.245027 -0.065311 0.142347
0.244978 -0.065328 0.142414
0.244934 -0.065345 0.142471
0.244885 -0.065367 0.142536
0.244834 -0.065392 0.142601
0.244794 -0.065413 0.142652
0.244752 -0.065435 0.142702
0.244676 -0.065476 0.142790
0.244621 -0.065510 0.142849
0.244565 -0.065547 0.142909
0.244522 -0.065581 0.142955
0.244489 -0.065608 0.142991
0.244434 -0.065658 0.143049
0.244390 -0.065702 0.143095
0.244326 -0.065770 0.143165
0.244272 -0.065830 0.143222
0.244219 -0.065894 0.143275
0.244166 -0.065960 0.143327
0.244157 -0.065974 0.143336
0.244070 -0.066108 0.143419
0.244023 -0.066195 0.143466
0.243979 -0.066285 0.143512
0.243946 -0.066359 0.143548
0.243920 -0.066414 0.143576
0.243862 -0.066546 0.143643
0.243829 -0.066620 0.143680
0.243820 -0.066640 0.143690
0.243812 -0.066658 0.143700
0.243748 -0.066806 0.143766
0.243748 -0.066806 0.143766
0.243692 -0.066942 0.143819
0.243636 -0.067072 0.143867
0.243579 -0.067204 0.143914
0.243521 -0.067331 0.143964
0.243521 -0.067331 0.143964
0.243454 -0.067482 0.144029
0.243400 -0.067610 0.144085
0.243343 -0.067737 0.144142
0.243285 -0.067863 0.144205
0.243148 -0.068123 0.144359
0.243017 -0.068349 0.144507
0.242939 -0.068476 0.144604
0.242913 -0.068511 0.144634
0.242852 -0.068601 0.144716
0.242764 -0.068722 0.144836
0.242687 -0.068820 0.144941
0.242607 -0.068909 0.145045
0.242453 -0.069040 0.145223
0.242359 -0.069108 0.145325
0.242263 -0.069172 0.145434
0.242163 -0.069231 0.145548
0.242078 -0.069277 0.145645
0.241973 -0.069327 0.145762
0.241711 -0.069436 0.146050
0.241691 -0.069441 0.146068
0.241562 -0.069489 0.146211
0.241541 -0.069496 0.146230
0.241429 -0.069542 0.146362
0.241318 -0.069589 0.146496
0.241098 -0.069676 0.146760
0.241008 -0.069713 0.146865
0.240894 -0.069764 0.146989
0.240782 -0.069829 0.147111
0.240670 -0.069906 0.147235
0.240569 -0.069988 0.147357
0.240384 -0.070143 0.147588
0.240294 -0.070229 0.147691
0.240204 -0.070329 0.147784
0.240118 -0.070437 0.147870
0.240039 -0.070550 0.147952
0.239975 -0.070647 0.148021
0.239904 -0.070767 0.148104
0.239837 -0.070898 0.148183
0.239772 -0.071041 0.148257
0.239772 -0.071041 0.148257
0.239715 -0.071166 0.148314
0.239647 -0.071321 0.148389
0.239647 -0.071321 0.148389
0.239579 -0.071477 0.148461
0.239515 -0.071635 0.148532
0.239515 -0.071635 0.148532
0.239455 -0.071797 0.148603
0.239339 -0.072133 0.148722
0.239296 -0.072247 0.148761
0.239215 -0.072451 0.148841
0.239124 -0.072651 0.148932
0.239101 -0.072707 0.148957
0.238958 -0.073031 0.149111
0.238873 -0.073219 0.149202
0.238774 -0.073397 0.149301
0.238660 -0.073568 0.149411
0.238543 -0.073735 0.149535
0.238426 -0.073892 0.149659
0.238408 -0.073914 0.149676
0.238301 -0.074037 0.149785
0.238264 -0.074075 0.149821
0.238126 -0.074197 0.149944
0.238003 -0.074294 0.150052
0.237706 -0.074489 0.150311
0.237413 -0.074632 0.150571
0.237269 -0.074694 0.150700
0.237118 -0.074753 0.150834
0.237067 -0.074772 0.150880
0.236917 -0.074829 0.151023
0.236783 -0.074877 0.151154
0.236501 -0.074968 0.151442
0.236351 -0.075015 0.151598
0.236195 -0.075064 0.151756
0.236037 -0.075118 0.151915
0.235908 -0.075164 0.152044
0.235748 -0.075220 0.152196
0.235748 -0.075220 0.152196
0.235592 -0.075279 0.152349
0.235465 -0.075329 0.152471
0.235307 -0.075398 0.152618
0.235150 -0.075473 0.152764
0.234996 -0.075555 0.152912
0.234872 -0.075628 0.153035
0.234723 -0.075725 0.153193
0.234588 -0.075822 0.153340
0.234450 -0.075926 0.153482
0.234336 -0.076018 0.153597
0.234198 -0.076136 0.153729
0.234063 -0.076258 0.153855
0.234063 -0.076258 0.153855
0.233956 -0.076362 0.153958
0.233836 -0.076496 0.154081
0.233716 -0.076639 0.154201
0.233623 -0.076764 0.154298
0.233507 -0.076928 0.154422
0.233384 -0.077118 0.154565
0.233290 -0.077267 0.154674
0.233196 -0.077419 0.154779
0.233084 -0.077594 0.154889
0.232972 -0.077756 0.154990
0.232972 -0.077756 0.154990
0.232836 -0.077939 0.155105
0.232716 -0.078096 0.155200
0.232601 -0.078247 0.155291
0.232488 -0.078400 0.155379
0.232394 -0.078532 0.155458
0.232275 -0.078696 0.155555
0.232157 -0.078856 0.155656
0.232052 -0.078987 0.155741
0.231925 -0.079141 0.155844
0.231813 -0.079268 0.155934
0.231700 -0.079394 0.156025
0.231559 -0.079542 0.156136
0.231437 -0.079657 0.156227
0.231286 -0.079788 0.156339
0.231135 -0.079905 0.156450
0.230981 -0.080017 0.156566
0.230849 -0.080107 0.156664
0.230682 -0.080212 0.156785
0.230511 -0.080311 0.156907
0.230365 -0.080391 0.157013
0.230218 -0.080463 0.157122
0.230043 -0.080545 0.157253
0.229892 -0.080607 0.157364
0.229738 -0.080667 0.157475
0.229568 -0.080730 0.157598
0.229388 -0.080792 0.157718
0.229215 -0.080847 0.157832
0.229053 -0.080898 0.157939
0.228864 -0.080955 0.158069
0.228720 -0.081000 0.158171
0.228554 -0.081054 0.158290
0.228384 -0.081116 0.158413
0.228242 -0.081169 0.158516
0.228073 -0.081237 0.158638
0.227902 -0.081307 0.158760
0.227755 -0.081366 0.158862
0.227574 -0.081446 0.158983
0.227397 -0.081527 0.159100
0.227074 -0.081684 0.159314
0.226905 -0.081773 0.159422
0.226735 -0.081869 0.159528
0.226566 -0.081966 0.159625
0.226393 -0.082066 0.159717
0.226075 -0.082254 0.159869
0.225903 -0.082361 0.159935
0.225759 -0.082451 0.159987
0.225590 -0.082554 0.160042
0.225284 -0.082742 0.160124
0.225144 -0.082824 0.160156
0.224975 -0.082920 0.160192
0.224835 -0.082998 0.160221
0.224691 -0.083072 0.160245
0.224517 -0.083155 0.160267
0.224369 -0.083221 0.160281
0.224219 -0.083281 0.160293
0.224074 -0.083331 0.160303
0.223850 -0.083390 0.160315
0.223679 -0.083422 0.160324
0.223541 -0.083444 0.160335
0.223365 -0.083466 0.160345
0.223143 -0.083493 0.160358
0.222775 -0.083515 0.160373
0.222559 -0.083514 0.160387
0.222170 -0.083495 0.160412
0.222134 -0.083491 0.160413
0.221957 -0.083472 0.160420
0.221553 -0.083401 0.160429
0.221098 -0.083291 0.160434
0.220863 -0.083224 0.160428
0.220552 -0.083137 0.160421
0.220316 -0.083068 0.160421
0.220037 -0.082989 0.160432
0.219995 -0.082977 0.160435
0.219792 -0.082922 0.160449
0.219344 -0.082821 0.160492
0.219102 -0.082769 0.160523
0.218897 -0.082726 0.160554
0.218428 -0.082642 0.160624
0.217962 -0.082575 0.160689
0.217703 -0.082542 0.160722
0.217439 -0.082514 0.160750
0.217356 -0.082507 0.160757
0.217151 -0.082491 0.160774
0.216693 -0.082474 0.160809
0.216180 -0.082464 0.160837
0.215922 -0.082465 0.160848
0.215833 -0.082467 0.160852
0.215619 -0.082475 0.160859
0.215161 -0.082493 0.160857
0.214689 -0.082523 0.160844
0.214432 -0.082544 0.160827
0.214121 -0.082567 0.160800
0.214046 -0.082570 0.160792
0.213810 -0.082583 0.160763
0.213313 -0.082608 0.160687
0.212860 -0.082635 0.160606
0.212574 -0.082646 0.160549
0.212525 -0.082648 0.160539
0.212283 -0.082649 0.160487
0.211797 -0.082638 0.160371
0.211369 -0.082619 0.160250
0.211091 -0.082596 0.160173
0.210836 -0.082565 0.160102
0.210545 -0.082521 0.160013
0.210264 -0.082473 0.159921
0.210226 -0.082467 0.159908
0.209991 -0.082421 0.159833
0.209552 -0.082327 0.159710
0.209153 -0.082236 0.159618
0.208879 -0.082172 0.159565
0.208839 -0.082163 0.159557
0.208604 -0.082107 0.159517
0.208239 -0.082015 0.159457
0.207764 -0.081892 0.159385
0.207480 -0.081820 0.159347
0.207321 -0.081784 0.159327
0.207231 -0.081766 0.159316
0.206981 -0.081719 0.159288
0.206530 -0.081646 0.159248
0.206144 -0.081589 0.159222
0.205876 -0.081561 0.159208
0.205603 -0.081544 0.159198
0.205370 -0.081535 0.159193
0.205293 -0.081532 0.159192
0.205099 -0.081530 0.159189
0.204666 -0.081536 0.159181
0.204224 -0.081561 0.159175
0.203984 -0.081579 0.159174
0.203944 -0.081582 0.159173
0.203699 -0.081604 0.159168
0.203253 -0.081649 0.159156
0.202847 -0.081690 0.159134
0.202561 -0.081717 0.159116
0.202274 -0.081739 0.159097
0.202232 -0.081742 0.159093
0.201986 -0.081758 0.159070
0.201575 -0.081772 0.159019
0.201142 -0.081772 0.158954
0.200871 -0.081764 0.158909
0.200602 -0.081749 0.158863
0.200372 -0.081732 0.158822
0.200297 -0.081726 0.158806
0.200112 -0.081708 0.158770
0.199717 -0.081658 0.158691
0.199385 -0.081609 0.158634
0.199185 -0.081576 0.158606
0.198958 -0.081537 0.158581
0.198894 -0.081526 0.158575
0.198681 -0.081486 0.158560
0.198405 -0.081432 0.158549
0.198028 -0.081366 0.158545
0.197838 -0.081333 0.158546
0.197811 -0.081328 0.158547
0.197655 -0.081299 0.158553
0.197381 -0.081247 0.158567
0.197100 -0.081195 0.158586
0.196947 -0.081167 0.158598
0.196795 -0.081142 0.158611
0.196649 -0.081122 0.158622
0.196628 -0.081119 0.158623
0.196525 -0.081110 0.158632
0.196402 -0.081103 0.158644
0.196304 -0.081101 0.158654
0.196097 -0.081096 0.158681
0.195878 -0.081105 0.158712
0.195672 -0.081123 0.158744
0.195540 -0.081139 0.158769
0.195388 -0.081162 0.158798
0.195277 -0.081180 0.158821
0.195125 -0.081206 0.158847
0.195004 -0.081227 0.158863
0.194837 -0.081252 0.158876
0.194672 -0.081269 0.158881
0.194651 -0.081271 0.158881
0.194510 -0.081282 0.158876
0.194230 -0.081294 0.158857
0.194127 -0.081297 0.158847
0.193952 -0.081293 0.158826
0.193929 -0.081291 0.158823
0.193650 -0.081268 0.158778
0.193509 -0.081254 0.158751
0.193411 -0.081238 0.158730
0.193216 -0.081201 0.158684
0.193062 -0.081167 0.158645
0.192922 -0.081134 0.158608
0.192804 -0.081105 0.158575
0.192667 -0.081071 0.158540
0.192513 -0.081032 0.158503
0.192383 -0.080997 0.158471
0.192254 -0.080962 0.158440
0.192130 -0.080931 0.158407
0.192013 -0.080897 0.158373
0.191907 -0.080866 0.158337
0.191810 -0.080833 0.158299
0.191719 -0.080805 0.158257
0.191636 -0.080778 0.158211
0.191568 -0.080757 0.158173
0.191496 -0.080737 0.158130
0.191422 -0.080721 0.158089
0.191366 -0.080714 0.158059
0.191325 -0.080712 0.158036
0.191279 -0.080715 0.158012
0.191241 -0.080719 0.157987
0.191214 -0.080724 0.157969
0.191210 -0.080726 0.157966
0.191184 -0.080735 0.157941
0.191160 -0.080752 0.157899
0.191156 -0.080759 0.157882
0.191154 -0.080768 0.157853
0.191159 -0.080774 0.157831
0.191162 -0.080776 0.157820
0.191173 -0.080780 0.157798
0.191185 -0.080782 0.157775
0.191225 -0.080778 0.157728
0.191250 -0.080773 0.157707
0.191293 -0.080758 0.157676
0.191328 -0.080746 0.157653
0.191358 -0.080735 0.157633
0.191400 -0.080717 0.157611
0.191441 -0.080700 0.157594
0.191480 -0.080683 0.157582
0.191527 -0.080665 0.157570
0.191577 -0.080648 0.157562
0.191629 -0.080630 0.157557
0.191683 -0.080615 0.157553
0.191741 -0.080599 0.157552
0.191792 -0.080590 0.157551
0.191865 -0.080581 0.157552
0.191909 -0.080579 0.157553
0.191977 -0.080579 0.157553
0.192011 -0.080579 0.157553
0.192047 -0.080579 0.157554
0.192109 -0.080585 0.157553
0.192240 -0.080610 0.157547
0.192309 -0.080631 0.157538
0.192383 -0.080655 0.157527
0.192455 -0.080681 0.157509
0.192532 -0.080710 0.157489
0.192624 -0.080747 0.157456
0.192636 -0.080752 0.157451
0.192791 -0.080807 0.157376
0.192901 -0.080839 0.157313
0.192987 -0.080862 0.157258
0.193108 -0.080890 0.157175
0.193236 -0.080914 0.157078
0.193338 -0.080928 0.157001
0.193460 -0.080940 0.156906
0.193569 -0.080948 0.156825
0.193715 -0.080955 0.156715
0.193733 -0.080956 0.156700
0.193863 -0.080957 0.156602
0.193997 -0.080955 0.156508
0.194097 -0.080949 0.156437
0.194398 -0.080915 0.156226
0.194572 -0.080883 0.156107
0.194595 -0.080879 0.156093
0.194729 -0.080847 0.156001
0.195007 -0.080771 0.155815
0.195201 -0.080712 0.155690
0.195376 -0.080653 0.155572
0.195557 -0.080590 0.155447
0.195745 -0.080518 0.155311
0.195940 -0.080441 0.155172
0.196144 -0.080362 0.155032
0.196362 -0.080282 0.154885
0.196390 -0.080271 0.154863
0.196572 -0.080204 0.154738
0.196758 -0.080138 0.154613
0.196946 -0.080070 0.154489
0.197110 -0.080016 0.154388
0.197279 -0.079963 0.154287
0.197479 -0.079906 0.154168
0.197670 -0.079854 0.154054
0.197857 -0.079805 0.153945
0.198006 -0.079767 0.153855
0.198201 -0.079722 0.153736
0.198386 -0.079683 0.153625
0.198696 -0.079623 0.153434
0.198696 -0.079623 0.153434
0.198883 -0.079585 0.153312
0.199198 -0.079512 0.153077
0.199358 -0.079468 0.152942
0.199517 -0.079421 0.152799
0.199549 -0.079411 0.152771
0.199612 -0.079389 0.152711
0.200003 -0.079253 0.152341
0.200195 -0.079182 0.152160
0.200388 -0.079104 0.151967
0.200550 -0.079034 0.151805
0.200686 -0.078973 0.151665
0.200850 -0.078894 0.151491
0.200884 -0.078877 0.151455
0.200950 -0.078846 0.151386
0.201171 -0.078736 0.151150
0.201326 -0.078656 0.150986
0.201479 -0.078580 0.150835
0.201604 -0.078518 0.150716
0.201760 -0.078439 0.150578
0.202203 -0.078199 0.150191
0.202364 -0.078105 0.150047
0.202395 -0.078084 0.150016
0.202523 -0.078004 0.149897
0.202523 -0.078004 0.149897
0.202746 -0.077856 0.149690
0.202963 -0.077709 0.149502
0.203249 -0.077517 0.149279
0.203381 -0.077432 0.149178
0.203544 -0.077328 0.149052
0.203803 -0.077149 0.148826
0.204066 -0.076956 0.148580
0.204100 -0.076931 0.148548
0.204233 -0.076832 0.148424
0.204641 -0.076546 0.148080
0.204815 -0.076427 0.147943
0.204992 -0.076308 0.147806
0.205200 -0.076170 0.147644
0.205338 -0.076078 0.147531
0.205547 -0.075940 0.147360
0.205719 -0.075829 0.147219
0.205927 -0.075699 0.147059
0.206065 -0.075614 0.146954
0.206169 -0.075549 0.146876
0.206444 -0.075387 0.146679
0.206650 -0.075266 0.146526
0.206786 -0.075189 0.146420
0.206921 -0.075117 0.146317
0.207170 -0.074987 0.146123
0.207367 -0.074886 0.145968
0.207492 -0.074820 0.145863
0.207620 -0.074754 0.145756
0.207840 -0.074639 0.145569
0.208032 -0.074543 0.145404
0.208159 -0.074483 0.145296
0.208349 -0.074395 0.145130
0.208442 -0.074351 0.145047
0.208683 -0.074241 0.144828
0.208839 -0.074172 0.144689
0.208994 -0.074104 0.144553
0.209176 -0.074028 0.144394
0.209323 -0.073967 0.144262
0.209465 -0.073905 0.144133
0.209608 -0.073843 0.144004
0.209636 -0.073830 0.143979
0.209919 -0.073701 0.143725
0.210059 -0.073635 0.143594
0.210198 -0.073570 0.143462
0.210360 -0.073493 0.143311
0.210467 -0.073440 0.143209
0.210549 -0.073397 0.143128
0.210762 -0.073275 0.142908
0.210890 -0.073199 0.142769
0.211020 -0.073119 0.142631
0.211141 -0.073040 0.142501
0.211214 -0.072991 0.142425
0.211411 -0.072856 0.142227
0.211561 -0.072757 0.142086
0.211660 -0.072690 0.141995
0.211760 -0.072622 0.141904
0.211957 -0.072488 0.141735
0.212079 -0.072400 0.141634
0.212199 -0.072311 0.141536
0.212342 -0.072203 0.141427
0.212434 -0.072133 0.141358
0.212526 -0.072062 0.141289
0.212684 -0.071938 0.141170
0.212825 -0.071826 0.141061
0.212940 -0.071734 0.140971
0.213055 -0.071638 0.140875
0.213168 -0.071545 0.140781
0.213235 -0.071488 0.140725
0.213412 -0.071335 0.140567
0.213540 -0.071222 0.140445
0.213623 -0.071147 0.140362
0.213642 -0.071127 0.140341
0.213861 -0.070924 0.140110
0.213958 -0.070832 0.140003
0.214072 -0.070725 0.139876
0.214147 -0.070656 0.139790
0.214221 -0.070589 0.139704
0.214367 -0.070454 0.139527
0.214462 -0.070365 0.139407
0.214530 -0.070301 0.139318
0.214628 -0.070207 0.139182
0.214707 -0.070132 0.139069
0.214800 -0.070047 0.138937
0.214860 -0.069992 0.138849
0.214920 -0.069939 0.138763
0.215028 -0.069840 0.138593
0.215095 -0.069780 0.138488
0.215161 -0.069721 0.138380
0.215241 -0.069650 0.138247
0.215309 -0.069593 0.138134
0.215379 -0.069535 0.138021
0.215447 -0.069476 0.137907
0.215462 -0.069464 0.137883
0.215555 -0.069379 0.137717
0.215667 -0.069271 0.137507
0.215714 -0.069224 0.137415
0.215726 -0.069212 0.137392
0.215845 -0.069097 0.137168
0.215916 -0.069026 0.137040
0.215974 -0.068968 0.136937
0.216032 -0.068911 0.136836
0.216105 -0.068845 0.136716
0.216152 -0.068799 0.136636
0.216200 -0.068751 0.136556
0.216286 -0.068661 0.136420
0.216298 -0.068648 0.136400
0.216417 -0.068518 0.136218
0.216486 -0.068443 0.136114
0.216556 -0.068364 0.136011
0.216604 -0.068308 0.135941
0.216604 -0.068308 0.135941
0.216628 -0.068280 0.135906
0.216702 -0.068193 0.135802
0.216778 -0.068105 0.135698
0.216855 -0.068017 0.135599
0.216933 -0.067931 0.135504
0.216933 -0.067931 0.135504
0.217021 -0.067832 0.135405
0.217096 -0.067747 0.135323
0.217170 -0.067660 0.135241
0.217239 -0.067573 0.135159
0.217309 -0.067484 0.135077
0.217309 -0.067484 0.135077
0.217375 -0.067396 0.134995
0.217439 -0.067307 0.134917
0.217514 -0.067202 0.134830
0.217580 -0.067115 0.134760
0.217645 -0.067028 0.134691
0.217707 -0.066944 0.134624
0.217707 -0.066944 0.134624
0.217769 -0.066863 0.134560
0.217829 -0.066783 0.134495
0.217890 -0.066705 0.134431
0.217890 -0.066705 0.134431
0.217962 -0.066615 0.134356
0.218020 -0.066538 0.134294
0.218077 -0.066461 0.134229
0.218128 -0.066387 0.134163
0.218180 -0.066317 0.134095
0.218230 -0.066247 0.134028
0.218230 -0.066247 0.134028
0.218279 -0.066181 0.133966
0.218324 -0.066118 0.133906
0.218374 -0.066051 0.133840
0.218416 -0.065997 0.133788
0.218460 -0.065944 0.133735
0.218504 -0.065896 0.133689
0.218504 -0.065896 0.133689
0.218618 -0.065792 0.133595
0.218655 -0.065765 0.133574
0.218693 -0.065738 0.133555
0.218734 -0.065713 0.133540
0.218784 -0.065686 0.133523
0.218817 -0.065669 0.133512
0.218841 -0.065657 0.133505
0.218874 -0.065642 0.133494
0.218908 -0.065627 0.133483
0.218959 -0.065604 0.133467
0.219016 -0.065575 0.133450
0.219076 -0.065543 0.133430
0.219085 -0.065538 0.133427
0.219127 -0.065515 0.133413
0.219179 -0.065488 0.133391
0.219206 -0.065472 0.133377
0.219206 -0.065472 0.133377
0.219377 -0.065365 0.133289
0.219424 -0.065334 0.133260
0.219471 -0.065303 0.133232
0.219520 -0.065272 0.133201
0.219559 -0.065248 0.133176
0.219577 -0.065235 0.133163
0.219659 -0.065187 0.133118
0.219713 -0.065158 0.133093
0.219746 -0.065142 0.133080
0.219815 -0.065112 0.133055
0.219853 -0.065096 0.133044
0.219915 -0.065073 0.133030
0.220005 -0.065042 0.133015
0.220072 -0.065022 0.133009
0.220087 -0.065018 0.133009
0.220154 -0.065001 0.133005
0.220211 -0.064986 0.133002
0.220325 -0.064963 0.132998
0.220381 -0.064950 0.132999
0.220452 -0.064936 0.132997
0.220567 -0.064915 0.132994
0.220687 -0.064898 0.132987
0.220747 -0.064889 0.132983
0.220865 -0.064872 0.132974
0.220938 -0.064862 0.132969
0.221014 -0.064854 0.132961
0.221028 -0.064851 0.132960
0.221122 -0.064841 0.132951
0.221184 -0.064834 0.132945
0.221350 -0.064816 0.132927
0.221426 -0.064808 0.132919
0.221503 -0.064800 0.132909
0.221565 -0.064796 0.132901
0.221693 -0.064784 0.132886
0.221773 -0.064777 0.132876
0.221855 -0.064768 0.132866
0.221939 -0.064762 0.132855
0.222045 -0.064752 0.132841
0.222142 -0.064745 0.132831
0.222239 -0.064736 0.132820
0.222298 -0.064732 0.132815
0.222460 -0.064718 0.132800
0.222583 -0.064706 0.132788
0.222667 -0.064698 0.132779
0.222800 -0.064684 0.132766
0.222934 -0.064667 0.132750
0.223026 -0.064654 0.132741
0.223164 -0.064635 0.132725
0.223189 -0.064631 0.132724
0.223308 -0.064614 0.132712
0.223555 -0.064578 0.132687
0.223711 -0.064556 0.132673
0.223814 -0.064540 0.132664
0.223842 -0.064536 0.132662
0.224136 -0.064488 0.132641
0.224246 -0.064471 0.132635
0.224273 -0.064466 0.132633
0.224599 -0.064416 0.132616
0.224718 -0.064399 0.132610
0.224901 -0.064371 0.132602
0.225022 -0.064352 0.132597
0.225083 -0.064342 0.132595
0.225365 -0.064302 0.132586
0.225534 -0.064278 0.132582
0.225731 -0.064249 0.132579
0.225897 -0.064225 0.132578
0.226065 -0.064202 0.132578
0.226230 -0.064179 0.132581
0.226431 -0.064152 0.132587
0.226596 -0.064130 0.132596
0.226754 -0.064108 0.132605
0.226944 -0.064082 0.132621
0.227068 -0.064066 0.132632
0.227260 -0.064040 0.132650
0.227427 -0.064020 0.132668
0.227460 -0.064016 0.132672
0.227801 -0.063976 0.132713
0.227975 -0.063957 0.132736
0.228118 -0.063940 0.132754
0.228326 -0.063917 0.132781
0.228535 -0.063891 0.132808
0.228708 -0.063868 0.132829
0.228744 -0.063864 0.132832
0.229103 -0.063813 0.132866
0.229288 -0.063787 0.132882
0.229486 -0.063759 0.132896
0.229717 -0.063726 0.132909
0.229988 -0.063681 0.132924
0.230224 -0.063643 0.132934
0.230423 -0.063609 0.132941
0.230662 -0.063570 0.132952
0.230922 -0.063530 0.132966
0.230922 -0.063530 0.132966
0.231267 -0.063479 0.132985
0.231716 -0.063418 0.133012
0.232041 -0.063375 0.133032
0.232329 -0.063337 0.133054
0.232568 -0.063304 0.133075
0.232854 -0.063266 0.133103
0.233186 -0.063223 0.133139
0.233474 -0.063189 0.133173
0.233712 -0.063161 0.133204
0.233902 -0.063138 0.133231
0.234331 -0.063080 0.133295
0.234610 -0.063042 0.133340
0.234838 -0.063010 0.133377
0.235127 -0.062968 0.133428
0.235403 -0.062925 0.133480
0.235723 -0.062871 0.133539
0.236003 -0.062820 0.133590
0.236318 -0.062760 0.133640
0.236633 -0.062699 0.133689
0.236936 -0.062636 0.133734
0.237234 -0.062571 0.133780
0.237527 -0.062502 0.133823
0.237808 -0.062437 0.133866
0.237847 -0.062426 0.133872
0.238189 -0.062341 0.133926
0.238580 -0.062232 0.133991
0.238857 -0.062155 0.134039
0.239105 -0.062089 0.134089
0.239141 -0.062080 0.134097
0.239522 -0.061978 0.134181
0.239661 -0.061945 0.134216
0.239897 -0.061887 0.134278
0.240144 -0.061833 0.134347
0.240601 -0.061745 0.134478
0.240817 -0.061708 0.134538
0.241072 -0.061665 0.134608
0.241358 -0.061618 0.134693
0.241600 -0.061579 0.134762
0.241841 -0.061542 0.134824
0.241984 -0.061523 0.134856
0.242400 -0.061466 0.134938
0.242628 -0.061434 0.134984
0.242773 -0.061414 0.135015
0.243176 -0.061363 0.135091
0.243402 -0.061335 0.135124
0.243590 -0.061309 0.135146
0.243960 -0.061248 0.135186
0.244218 -0.061197 0.135213
0.244366 -0.061170 0.135229
0.244622 -0.061121 0.135257
0.245032 -0.061035 0.135298
0.245258 -0.060986 0.135321
0.245447 -0.060946 0.135344
0.245705 -0.060891 0.135375
0.246074 -0.060806 0.135421
0.246222 -0.060768 0.135442
0.246587 -0.060668 0.135497
0.246763 -0.060617 0.135528
0.247108 -0.060516 0.135592
0.247347 -0.060443 0.135642
0.247580 -0.060366 0.135697
0.247709 -0.060322 0.135730
0.248016 -0.060202 0.135819
0.248162 -0.060143 0.135868
0.248415 -0.060031 0.135957
0.248549 -0.059969 0.136008
0.248802 -0.059841 0.136103
0.248963 -0.059746 0.136171
0.249114 -0.059650 0.136243
0.249217 -0.059581 0.136294
0.249390 -0.059456 0.136384
0.249484 -0.059387 0.136437
0.249661 -0.059254 0.136539
0.249781 -0.059169 0.136608
0.249847 -0.059123 0.136648
0.250028 -0.059006 0.136759
0.250146 -0.058938 0.136829
0.250216 -0.058903 0.136868
0.250339 -0.058845 0.136935
0.250530 -0.058761 0.137030
0.250636 -0.058718 0.137077
0.250778 -0.058671 0.137136
0.250883 -0.058642 0.137177
0.250972 -0.058621 0.137208
0.251149 -0.058591 0.137265
0.251185 -0.058587 0.137276
0.251289 -0.058576 0.137307
0.251519 -0.058563 0.137368
0.251648 -0.058561 0.137400
0.251667 -0.058560 0.137404
0.251930 -0.058561 0.137462
0.252039 -0.058561 0.137486
0.252200 -0.058563 0.137518
0.252327 -0.058565 0.137541
0.252457 -0.058561 0.137559
0.252593 -0.058554 0.137572
0.252728 -0.058542 0.137587
0.252858 -0.058525 0.137598
0.252988 -0.058506 0.137607
0.253111 -0.058483 0.137615
0.253251 -0.058452 0.137628
0.253369 -0.058423 0.137643
0.253485 -0.058396 0.137664
0.253580 -0.058375 0.137684
0.253702 -0.058348 0.137715
0.253732 -0.058342 0.137725
0.253903 -0.058303 0.137789
0.253983 -0.058287 0.137830
0.254009 -0.058282 0.137845
0.254092 -0.058266 0.137902
0.254174 -0.058251 0.137967
0.254252 -0.058237 0.138039
0.254314 -0.058227 0.138104
0.254365 -0.058218 0.138170
0.254416 -0.058213 0.138253
0.254452 -0.058211 0.138326
0.254484 -0.058215 0.138405
0.254510 -0.058222 0.138487
0.254541 -0.058252 0.138657
0.254545 -0.058272 0.138737
0.254542 -0.058308 0.138843
0.254537 -0.058338 0.138922
0.254522 -0.058377 0.139014
0.254500 -0.058421 0.139101
0.254469 -0.058469 0.139186
0.254432 -0.058519 0.139263
0.254386 -0.058573 0.139332
0.254380 -0.058582 0.139342
0.254273 -0.058706 0.139462
0.254255 -0.058727 0.139480
0.254158 -0.058851 0.139574
0.254090 -0.058946 0.139637
0.254080 -0.058959 0.139646
0.254016 -0.059047 0.139700
0.253885 -0.059228 0.139798
0.253873 -0.059242 0.139805
0.253807 -0.059332 0.139849
0.253717 -0.059451 0.139901
0.253633 -0.059565 0.139943
0.253561 -0.059661 0.139978
0.253476 -0.059777 0.140014
0.253333 -0.059975 0.140072
0.253276 -0.060058 0.140095
0.253184 -0.060188 0.140133
0.253090 -0.060319 0.140171
0.252980 -0.060464 0.140217
0.252879 -0.060599 0.140258
0.252667 -0.060852 0.140342
0.252651 -0.060870 0.140347
0.252547 -0.060981 0.140382
0.252425 -0.061103 0.140421
0.252155 -0.061359 0.140504
0.252134 -0.061379 0.140511
0.251985 -0.061506 0.140556
0.251824 -0.061630 0.140599
0.251675 -0.061736 0.140639
0.251493 -0.061854 0.140683
0.251334 -0.061951 0.140722
0.250913 -0.062195 0.140825
0.250699 -0.062317 0.140876
0.250473 -0.062444 0.140926
0.250343 -0.062516 0.140953
0.250020 -0.062684 0.141024
0.249778 -0.062805 0.141073
0.249639 -0.062874 0.141101
0.249384 -0.062997 0.141153
0.249016 -0.063171 0.141223
0.248826 -0.063261 0.141256
0.248439 -0.063445 0.141318
0.248163 -0.063576 0.141360
0.247878 -0.063707 0.141401
0.247668 -0.063803 0.141432
0.247219 -0.064005 0.141490
0.246954 -0.064124 0.141520
0.246733 -0.064228 0.141542
0.246322 -0.064418 0.141579
0.246275 -0.064438 0.141582
0.245903 -0.064604 0.141606
0.245661 -0.064709 0.141616
0.245368 -0.064833 0.141621
0.245167 -0.064914 0.141620
0.245117 -0.064935 0.141620
0.244760 -0.065070 0.141610
0.244343 -0.065217 0.141583
0.244081 -0.065305 0.141557
0.243813 -0.065388 0.141523
0.243761 -0.065406 0.141515
0.243375 -0.065512 0.141455
0.243208 -0.065554 0.141424
0.242635 -0.065686 0.141308
0.242346 -0.065747 0.141246
0.242287 -0.065759 0.141233
0.241882 -0.065836 0.141140
0.241408 -0.065920 0.141031
0.241112 -0.065968 0.140969
0.241054 -0.065978 0.140957
0.240642 -0.066047 0.140877
0.240170 -0.066123 0.140797
0.239881 -0.066169 0.140756
0.239820 -0.066178 0.140748
0.239405 -0.066238 0.140701
0.238983 -0.066297 0.140662
0.238921 -0.066304 0.140658
0.238789 -0.066321 0.140648
0.238457 -0.066365 0.140624
0.238146 -0.066401 0.140606
0.237872 -0.066431 0.140594
0.237663 -0.066453 0.140589
0.237351 -0.066482 0.140584
0.237142 -0.066500 0.140582
0.236931 -0.066515 0.140581
0.236700 -0.066530 0.140582
0.236473 -0.066541 0.140583
0.236245 -0.066551 0.140585
0.236015 -0.066559 0.140589
0.235512 -0.066575 0.140602
0.235326 -0.066579 0.140608
0.235072 -0.066583 0.140619
0.234644 -0.066589 0.140639
0.234201 -0.066590 0.140663
0.234141 -0.066589 0.140667
0.233446 -0.066579 0.140707
0.233187 -0.066573 0.140723
0.232863 -0.066567 0.140748
0.232738 -0.066565 0.140757
0.232474 -0.066562 0.140780
0.232277 -0.066559 0.140798
0.231809 -0.066558 0.140846
0.231543 -0.066559 0.140877
0.231345 -0.066560 0.140902
0.230884 -0.066564 0.140966
0.230366 -0.066574 0.141039
0.230021 -0.066583 0.141087
0.229607 -0.066598 0.141143
0.229331 -0.066610 0.141176
0.229260 -0.066613 0.141185
0.228513 -0.066648 0.141258
0.228172 -0.066667 0.141284
0.227829 -0.066687 0.141307
0.227685 -0.066695 0.141317
0.227469 -0.066708 0.141330
0.227177 -0.066728 0.141346
0.226959 -0.066743 0.141357
0.226741 -0.066759 0.141368
0.226233 -0.066804 0.141387
0.225701 -0.066854 0.141404
0.225629 -0.066862 0.141408
0.225406 -0.066884 0.141412
0.225187 -0.066907 0.141415
0.224890 -0.066939 0.141418
0.224424 -0.066993 0.141419
0.223959 -0.067051 0.141421
0.223499 -0.067110 0.141416
0.223107 -0.067158 0.141404
0.222633 -0.067217 0.141384
0.222335 -0.067253 0.141369
0.222258 -0.067262 0.141365
0.221963 -0.067296 0.141346
0.221667 -0.067327 0.141326
0.221146 -0.067380 0.141284
0.220566 -0.067431 0.141227
0.220200 -0.067460 0.141182
0.220123 -0.067466 0.141173
0.219825 -0.067490 0.141137
0.219458 -0.067518 0.141089
0.218880 -0.067556 0.141008
0.218426 -0.067578 0.140941
0.218047 -0.067595 0.140884
0.217971 -0.067600 0.140873
0.217512 -0.067617 0.140806
0.217200 -0.067627 0.140763
0.216903 -0.067634 0.140723
0.216603 -0.067640 0.140685
0.216067 -0.067650 0.140627
0.215474 -0.067663 0.140577
0.215402 -0.067666 0.140572
0.215112 -0.067674 0.140554
0.214892 -0.067678 0.140539
0.214296 -0.067687 0.140515
0.213914 -0.067692 0.140510
0.213691 -0.067695 0.140509
0.213307 -0.067697 0.140506
0.213017 -0.067697 0.140505
0.212716 -0.067699 0.140508
0.212494 -0.067699 0.140512
0.212198 -0.067699 0.140522
0.211608 -0.067692 0.140543
0.211092 -0.067680 0.140566
0.210717 -0.067670 0.140582
0.210640 -0.067668 0.140585
0.210338 -0.067660 0.140599
0.209790 -0.067642 0.140625
0.209198 -0.067618 0.140656
0.209122 -0.067614 0.140660
0.208912 -0.067603 0.140673
0.208325 -0.067573 0.140713
0.207798 -0.067547 0.140753
0.207425 -0.067528 0.140781
0.206977 -0.067508 0.140817
0.206607 -0.067490 0.140848
0.206164 -0.067468 0.140885
0.205867 -0.067453 0.140910
0.205499 -0.067437 0.140944
0.205429 -0.067435 0.140951
0.204930 -0.067416 0.140997
0.204426 -0.067392 0.141041
0.204149 -0.067379 0.141066
0.204074 -0.067375 0.141074
0.203791 -0.067362 0.141102
0.203299 -0.067345 0.141152
0.202801 -0.067330 0.141201
0.202729 -0.067329 0.141208
0.202454 -0.067322 0.141236
0.201972 -0.067311 0.141280
0.201499 -0.067300 0.141319
0.201433 -0.067300 0.141325
0.200952 -0.067291 0.141359
0.200819 -0.067287 0.141368
0.200333 -0.067280 0.141402
0.199985 -0.067274 0.141425
0.199915 -0.067273 0.141430
0.199707 -0.067270 0.141443
0.199435 -0.067268 0.141457
0.199164 -0.067266 0.141470
0.198771 -0.067266 0.141488
0.198233 -0.067266 0.141508
0.197900 -0.067268 0.141519
0.197833 -0.067269 0.141519
0.197636 -0.067272 0.141526
0.197249 -0.067277 0.141533
0.196936 -0.067283 0.141539
0.196756 -0.067285 0.141542
0.196595 -0.067287 0.141544
0.196378 -0.067291 0.141547
0.196088 -0.067297 0.141548
0.195848 -0.067301 0.141548
0.195409 -0.067310 0.141546
0.195214 -0.067315 0.141543
0.194990 -0.067318 0.141538
0.194826 -0.067322 0.141534
0.194384 -0.067329 0.141519
0.194008 -0.067334 0.141509
0.193777 -0.067337 0.141502
0.193513 -0.067340 0.141495
0.193304 -0.067341 0.141491
0.193247 -0.067341 0.141490
0.193047 -0.067342 0.141486
0.192898 -0.067343 0.141484
0.192512 -0.067345 0.141480
0.192191 -0.067344 0.141479
0.191962 -0.067340 0.141478
0.191776 -0.067335 0.141480
0.191553 -0.067327 0.141483
0.191377 -0.067322 0.141488
0.191115 -0.067311 0.141500
0.190859 -0.067298 0.141517
0.190610 -0.067281 0.141537
0.190405 -0.067266 0.141556
0.190159 -0.067245 0.141582
0.189960 -0.067228 0.141604
0.189919 -0.067225 0.141609
0.189919 -0.067225 0.141609
0.189722 -0.067206 0.141635
0.189722 -0.067206 0.141635
0.189409 -0.067173 0.141681
0.189409 -0.067173 0.141681
0.189109 -0.067139 0.141732
0.189109 -0.067139 0.141732
0.188745 -0.067090 0.141802
0.188745 -0.067090 0.141802
0.188341 -0.067029 0.141886
0.188057 -0.066984 0.141950
0.188057 -0.066984 0.141950
0.187880 -0.066957 0.141994
0.187529 -0.066907 0.142090
0.187325 -0.066884 0.142155
0.187123 -0.066865 0.142221
0.186958 -0.066853 0.142278
0.186764 -0.066841 0.142346
0.186606 -0.066830 0.142404
0.186449 -0.066821 0.142462
0.186292 -0.066811 0.142518
0.186137 -0.066802 0.142573
0.185958 -0.066792 0.142635
0.185812 -0.066785 0.142681
0.185672 -0.066781 0.142725
0.185542 -0.066781 0.142767
0.185390 -0.066784 0.142815
0.185390 -0.066784 0.142815
0.185365 -0.066784 0.142822
0.185134 -0.066796 0.142898
0.185046 -0.066803 0.142926
0.184957 -0.066811 0.142953
0.184872 -0.066820 0.142977
0.184682 -0.066841 0.143030
0.184507 -0.066871 0.143079
0.184418 -0.066889 0.143106
0.184351 -0.066906 0.143127
0.184244 -0.066938 0.143163
0.184172 -0.066963 0.143186
0.184106 -0.066992 0.143209
0.184043 -0.067017 0.143231
0.183974 -0.067048 0.143255
0.183922 -0.067073 0.143275
0.183880 -0.067099 0.143296
0.183833 -0.067133 0.143322
0.183786 -0.067179 0.143360
0.183765 -0.067210 0.143388
0.183750 -0.067247 0.143422
0.183744 -0.067286 0.143462
0.183747 -0.067309 0.143488
0.183756 -0.067344 0.143528
0.183758 -0.067348 0.143534
0.183772 -0.067368 0.143561
0.183831 -0.067421 0.143635
0.183912 -0.067466 0.143713
0.183920 -0.067470 0.143721
0.184045 -0.067522 0.143825
0.184136 -0.067556 0.143901
0.184214 -0.067585 0.143965
0.184311 -0.067624 0.144047
0.184311 -0.067624 0.144047
0.184404 -0.067663 0.144126
0.184523 -0.067717 0.144226
0.184593 -0.067750 0.144287
0.184666 -0.067782 0.144349
0.184777 -0.067834 0.144444
0.184831 -0.067862 0.144491
0.184922 -0.067910 0.144569
0.184975 -0.067941 0.144616
0.185117 -0.068027 0.144741
0.185209 -0.068086 0.144822
0.185300 -0.068149 0.144904
0.185374 -0.068201 0.144969
0.185462 -0.068267 0.145048
0.185529 -0.068322 0.145109
0.185611 -0.068395 0.145186
0.185675 -0.068456 0.145243
0.185726 -0.068506 0.145287
0.185726 -0.068506 0.145287
0.185954 -0.068736 0.145482
0.186033 -0.068822 0.145548
0.186110 -0.068913 0.145611
0.186124 -0.068932 0.145622
0.186247 -0.069093 0.145722
0.186325 -0.069200 0.145788
0.186422 -0.069331 0.145871
0.186502 -0.069442 0.145938
0.186582 -0.069554 0.146003
0.186646 -0.069646 0.146053
0.186724 -0.069764 0.146116
0.186810 -0.069885 0.146181
0.186941 -0.070060 0.146278
0.187055 -0.070202 0.146359
0.187157 -0.070320 0.146427
0.187368 -0.070560 0.146568
0.187527 -0.070730 0.146671
0.187551 -0.070755 0.146685
0.187621 -0.070824 0.146730
0.187765 -0.070961 0.146821
0.187973 -0.071146 0.146945
0.188438 -0.071530 0.147223
0.188617 -0.071661 0.147328
0.188742 -0.071747 0.147401
0.188775 -0.071766 0.147419
0.188775 -0.071766 0.147419
0.188909 -0.071853 0.147496
0.189118 -0.071985 0.147620
0.189118 -0.071985 0.147620
0.189619 -0.072271 0.147916
0.189692 -0.072309 0.147958
0.189879 -0.072401 0.148062
0.190035 -0.072477 0.148148
0.190114 -0.072515 0.148191
0.190195 -0.072554 0.148237
0.190354 -0.072627 0.148323
0.190616 -0.072749 0.148474
0.191034 -0.072936 0.148724
0.191416 -0.073107 0.148949
0.191460 -0.073126 0.148972
0.192059 -0.073386 0.149310
0.192424 -0.073539 0.149526
0.192693 -0.073656 0.149685
0.192787 -0.073699 0.149740
0.193062 -0.073826 0.149897
0.193731 -0.074140 0.150261
0.194068 -0.074299 0.150439
0.194449 -0.074490 0.150646
0.194735 -0.074642 0.150799
0.195094 -0.074841 0.150994
0.195443 -0.075039 0.151188
0.195541 -0.075097 0.151242
0.195888 -0.075303 0.151437
0.195888 -0.075303 0.151437
0.196553 -0.075719 0.151795
0.197124 -0.076084 0.152061
0.197464 -0.076308 0.152214
0.197512 -0.076341 0.152236
0.197905 -0.076600 0.152413
0.198055 -0.076698 0.152481
0.198254 -0.076830 0.152568
0.198453 -0.076962 0.152656
0.198698 -0.077127 0.152762
0.198845 -0.077226 0.152824
0.199133 -0.077422 0.152947
0.199324 -0.077553 0.153030
0.199466 -0.077650 0.153095
0.199607 -0.077745 0.153159
0.199797 -0.077872 0.153246
0.200087 -0.078060 0.153379
0.200184 -0.078124 0.153424
0.200184 -0.078124 0.153424
0.200377 -0.078248 0.153513
0.200571 -0.078369 0.153596
0.201200 -0.078734 0.153844
0.201444 -0.078862 0.153930
0.201494 -0.078887 0.153948
0.201594 -0.078937 0.153983
0.202047 -0.079141 0.154132
0.202149 -0.079183 0.154163
0.202149 -0.079183 0.154163
0.202720 -0.079404 0.154346
0.203247 -0.079581 0.154506
0.203684 -0.079709 0.154637
0.204011 -0.079792 0.154733
0.204462 -0.079894 0.154862
0.204924 -0.079989 0.154999
0.205339 -0.080065 0.155123
0.205756 -0.080141 0.155254
0.206114 -0.080206 0.155369
0.206542 -0.080284 0.155506
0.206983 -0.080362 0.155656
0.207497 -0.080458 0.155836
0.207962 -0.080549 0.156006
0.208374 -0.080629 0.156157
0.208869 -0.080722 0.156334
0.209352 -0.080814 0.156500
0.209838 -0.080906 0.156654
0.210391 -0.081022 0.156816
0.210869 -0.081127 0.156953
0.211271 -0.081218 0.157063
0.211745 -0.081326 0.157182
0.212221 -0.081442 0.157296
0.212761 -0.081571 0.157415
0.213222 -0.081682 0.157506
0.213611 -0.081776 0.157578
0.213675 -0.081792 0.157590
0.214134 -0.081902 0.157669
0.214540 -0.081992 0.157737
0.214606 -0.082006 0.157747
0.214811 -0.082049 0.157780
0.215544 -0.082189 0.157882
0.216017 -0.082268 0.157938
0.216471 -0.082341 0.157989
0.216937 -0.082409 0.158038
0.217253 -0.082450 0.158071
0.217797 -0.082498 0.158122
0.218248 -0.082521 0.158155
0.218747 -0.082529 0.158179
0.219182 -0.082519 0.158189
0.219424 -0.082505 0.158191
0.219965 -0.082450 0.158186
0.220398 -0.082388 0.158180
0.220771 -0.082325 0.158172
0.221249 -0.082236 0.158167
0.221676 -0.082151 0.158168
0.222107 -0.082065 0.158177
0.222551 -0.081973 0.158201
0.223007 -0.081883 0.158242
0.223402 -0.081809 0.158292
0.223893 -0.081723 0.158364
0.224155 -0.081679 0.158405
0.224724 -0.081588 0.158501
0.225301 -0.081499 0.158602
0.225847 -0.081415 0.158706
0.226441 -0.081332 0.158822
0.226944 -0.081268 0.158912
0.227334 -0.081219 0.158977
0.227759 -0.081166 0.159042
0.228348 -0.081093 0.159131
0.228937 -0.081023 0.159213
0.229446 -0.080964 0.159273
0.229944 -0.080907 0.159322
0.230551 -0.080833 0.159368
0.231103 -0.080762 0.159402
0.231568 -0.080701 0.159426
0.232100 -0.080630 0.159447
0.232686 -0.080550 0.159467
0.233217 -0.080476 0.159479
0.233732 -0.080404 0.159489
0.234175 -0.080341 0.159498
0.234731 -0.080262 0.159506
0.235220 -0.080194 0.159515
0.235566 -0.080145 0.159520
0.235709 -0.080124 0.159521
0.236142 -0.080058 0.159527
0.236433 -0.080009 0.159532
0.236507 -0.079996 0.159534
0.236723 -0.079955 0.159538
0.236937 -0.079913 0.159541
0.237222 -0.079854 0.159547
0.237594 -0.079772 0.159553
0.237798 -0.079725 0.159556
0.238044 -0.079669 0.159559
0.238438 -0.079574 0.159566
0.238891 -0.079458 0.159572
0.239173 -0.079384 0.159575
0.239429 -0.079317 0.159580
0.239429 -0.079317 0.159580
0.239690 -0.079247 0.159584
0.240262 -0.079095 0.159597
0.240510 -0.079028 0.159606
0.240768 -0.078960 0.159617
0.240832 -0.078943 0.159620
0.241030 -0.078889 0.159633
0.241653 -0.078716 0.159683
0.241897 -0.078643 0.159708
0.242261 -0.078536 0.159750
0.242502 -0.078463 0.159783
0.242749 -0.078387 0.159817
0.243211 -0.078244 0.159889
0.243682 -0.078101 0.159969
0.244135 -0.077969 0.160050
0.244505 -0.077867 0.160117
0.244884 -0.077765 0.160185
0.245265 -0.077661 0.160250
0.245651 -0.077552 0.160322
0.246003 -0.077449 0.160391
0.246367 -0.077339 0.160465
0.246794 -0.077213 0.160552
0.247162 -0.077108 0.160622
0.247421 -0.077035 0.160671
0.247762 -0.076945 0.160728
0.248088 -0.076867 0.160777
0.248465 -0.076782 0.160828
0.248513 -0.076771 0.160834
0.248782 -0.076710 0.160867
0.249048 -0.076648 0.160896
0.249529 -0.076531 0.160953
0.249946 -0.076429 0.161005
0.250220 -0.076357 0.161041
0.250484 -0.076287 0.161072
0.250741 -0.076222 0.161096
0.250983 -0.076160 0.161117
0.251216 -0.076100 0.161132
0.251440 -0.076038 0.161143
0.251632 -0.075979 0.161153
0.251855 -0.075901 0.161163
0.252074 -0.075813 0.161179
0.252104 -0.075800 0.161180
0.252282 -0.075720 0.161196
0.252557 -0.075587 0.161224
0.252829 -0.075443 0.161255
0.252983 -0.075355 0.161276
0.253131 -0.075267 0.161298
0.253257 -0.075185 0.161318
0.253276 -0.075174 0.161322
0.253369 -0.075112 0.161337
0.253585 -0.074955 0.161382
0.253585 -0.074955 0.161382
0.253796 -0.074785 0.161444
0.253855 -0.074735 0.161466
0.253922 -0.074678 0.161494
0.254033 -0.074591 0.161541
0.254107 -0.074534 0.161574
0.254171 -0.074487 0.161604
0.254194 -0.074472 0.161615
0.254245 -0.074444 0.161640
0.254367 -0.074393 0.161697
0.254501 -0.074347 0.161757
0.254586 -0.074321 0.161792
0.254667 -0.074305 0.161821
0.254737 -0.074298 0.161842
0.254823 -0.074299 0.161863
0.254882 -0.074302 0.161875
0.254948 -0.074317 0.161884
0.255006 -0.074334 0.161888
0.255014 -0.074335 0.161887
0.255131 -0.074370 0.161890
0.255180 -0.074381 0.161892
0.255227 -0.074389 0.161894
0.255258 -0.074391 0.161900
0.255272 -0.074390 0.161906
0.255278 -0.074389 0.161909
0.255282 -0.074386 0.161909
0.255278 -0.074380 0.161910
0.255271 -0.074365 0.161916
0.255259 -0.074349 0.161920
0.255241 -0.074328 0.161926
0.255212 -0.074297 0.161936
0.255191 -0.074271 0.161946
0.255166 -0.074244 0.161958
0.255132 -0.074206 0.161980
0.255127 -0.074201 0.161982
0.255123 -0.074196 0.161986
0.255102 -0.074178 0.162000
0.255081 -0.074162 0.162015
0.255057 -0.074145 0.162029
0.255031 -0.074131 0.162045
0.255006 -0.074118 0.162062
0.254977 -0.074106 0.162078
0.254949 -0.074094 0.162096
0.254918 -0.074083 0.162112
0.254816 -0.074074 0.162168
0.254764 -0.074080 0.162195
0.254719 -0.074089 0.162216
0.254661 -0.074101 0.162243
0.254574 -0.074139 0.162284
0.254532 -0.074165 0.162304
0.254469 -0.074217 0.162336
0.254419 -0.074269 0.162361
0.254370 -0.074333 0.162386
0.254333 -0.074385 0.162401
0.254272 -0.074475 0.162420
0.254215 -0.074555 0.162433
0.254158 -0.074637 0.162441
0.254101 -0.074709 0.162441
0.254024 -0.074795 0.162434
0.253948 -0.074867 0.162424
0.253889 -0.074917 0.162415
0.253825 -0.074966 0.162406
0.253742 -0.075025 0.162391
0.253742 -0.075025 0.162391
0.253742 -0.075025 0.162391
0.253705 -0.075049 0.162383
0.253705 -0.075049 0.162383
0.253367 -0.075258 0.162295
0.253107 -0.075388 0.162228
0.252874 -0.075478 0.162176
0.252694 -0.075536 0.162133
0.252286 -0.075631 0.162046
0.252085 -0.075666 0.162009
0.251840 -0.075704 0.161968
0.251805 -0.075711 0.161963
0.251333 -0.075775 0.161899
0.251066 -0.075807 0.161870
0.251026 -0.075812 0.161866
0.250870 -0.075830 0.161852
0.250671 -0.075855 0.161842
0.250514 -0.075876 0.161837
0.250354 -0.075898 0.161837
0.250154 -0.075927 0.161845
0.249988 -0.075956 0.161854
0.249718 -0.076013 0.161873
0.249450 -0.076078 0.161898
0.249185 -0.076146 0.161928
0.248925 -0.076210 0.161964
0.248706 -0.076269 0.161992
0.248450 -0.076347 0.162022
0.248198 -0.076434 0.162049
0.247950 -0.076530 0.162069
0.247711 -0.076630 0.162082
0.247499 -0.076721 0.162085
0.247271 -0.076826 0.162077
0.247036 -0.076941 0.162060
0.246825 -0.077045 0.162034
0.246580 -0.077169 0.161999
0.246333 -0.077293 0.161949
0.246082 -0.077414 0.161884
0.245864 -0.077524 0.161824
0.245596 -0.077648 0.161737
0.245368 -0.077750 0.161659
0.244813 -0.077988 0.161464
0.244540 -0.078109 0.161358
0.244266 -0.078228 0.161251
0.244030 -0.078327 0.161159
0.244030 -0.078327 0.161159
0.243751 -0.078437 0.161047
0.243751 -0.078437 0.161047
0.243474 -0.078543 0.160926
0.243207 -0.078650 0.160822
0.243207 -0.078650 0.160822
0.242930 -0.078756 0.160723
0.242930 -0.078756 0.160723
0.242679 -0.078838 0.160634
0.242377 -0.078917 0.160530
0.242377 -0.078917 0.160530
0.242072 -0.078985 0.160434
0.241771 -0.079044 0.160347
0.241771 -0.079044 0.160347
0.241505 -0.079086 0.160279
0.241178 -0.079125 0.160203
0.241178 -0.079125 0.160203
0.240835 -0.079152 0.160129
0.240534 -0.079168 0.160072
0.240179 -0.079180 0.160013
0.239812 -0.079182 0.159960
0.239486 -0.079177 0.159922
0.239094 -0.079169 0.159891
0.238696 -0.079158 0.159878
0.238289 -0.079144 0.159871
0.237923 -0.079135 0.159873
0.237478 -0.079130 0.159889
0.237031 -0.079128 0.159918
0.236588 -0.079126 0.159960
0.235752 -0.079138 0.160059
0.235305 -0.079159 0.160119
0.234858 -0.079193 0.160185
0.234471 -0.079226 0.160239
0.233881 -0.079289 0.160319
0.233479 -0.079337 0.160368
0.232969 -0.079408 0.160419
0.232478 -0.079486 0.160452
0.231986 -0.079569 0.160470
0.231491 -0.079654 0.160473
0.230987 -0.079749 0.160463
0.230484 -0.079848 0.160447
0.229981 -0.079950 0.160422
0.229475 -0.080056 0.160393
0.228958 -0.080167 0.160355
0.228517 -0.080265 0.160315
0.228003 -0.080380 0.160259
0.227490 -0.080490 0.160198
0.226971 -0.080593 0.160126
0.225651 -0.080816 0.159894
0.225488 -0.080839 0.159860
0.224445 -0.080954 0.159624
0.224284 -0.080969 0.159584
0.223724 -0.081010 0.159448
0.223174 -0.081044 0.159309
0.222609 -0.081066 0.159175
0.222113 -0.081073 0.159057
0.221258 -0.081063 0.158859
0.220746 -0.081052 0.158754
0.220251 -0.081034 0.158652
0.219674 -0.081002 0.158535
0.219095 -0.080963 0.158434
0.218513 -0.080924 0.158346
0.217538 -0.080846 0.158222
0.217222 -0.080818 0.158191
0.216154 -0.080740 0.158133
0.215983 -0.080729 0.158126
0.215388 -0.080690 0.158101
0.214809 -0.080646 0.158080
0.213745 -0.080557 0.158044
0.213232 -0.080523 0.158030
0.213062 -0.080513 0.158027
0.211860 -0.080445 0.157998
0.211692 -0.080436 0.157994
0.211196 -0.080414 0.157984
0.210616 -0.080400 0.157979
0.210024 -0.080399 0.157986
0.208923 -0.080412 0.158006
0.208839 -0.080414 0.158008
0.208102 -0.080432 0.158026
0.207536 -0.080450 0.158035
0.207060 -0.080472 0.158043
0.206501 -0.080504 0.158048
0.205952 -0.080541 0.158049
0.205492 -0.080571 0.158046
0.204745 -0.080629 0.158035
0.204234 -0.080670 0.158023
0.203730 -0.080711 0.158006
0.203160 -0.080754 0.157982
0.202671 -0.080788 0.157952
0.201865 -0.080838 0.157882
0.201799 -0.080842 0.157875
0.201243 -0.080863 0.157813
0.200876 -0.080872 0.157770
0.200291 -0.080880 0.157695
0.199847 -0.080879 0.157636
0.199416 -0.080871 0.157583
0.198990 -0.080862 0.157538
0.198570 -0.080848 0.157499
0.197817 -0.080815 0.157444
0.197706 -0.080808 0.157439
0.197319 -0.080782 0.157421
0.196994 -0.080756 0.157410
0.196630 -0.080720 0.157404
0.196276 -0.080681 0.157402
0.195926 -0.080636 0.157406
0.195539 -0.080580 0.157420
0.195259 -0.080533 0.157435
0.195072 -0.080499 0.157445
0.194741 -0.080442 0.157469
0.194415 -0.080382 0.157494
0.193843 -0.080270 0.157550
0.193538 -0.080211 0.157583
0.193270 -0.080162 0.157613
0.192966 -0.080111 0.157653
0.192705 -0.080072 0.157690
0.192407 -0.080031 0.157739
0.192154 -0.080004 0.157783
0.191860 -0.079978 0.157842
0.191574 -0.079958 0.157904
0.191334 -0.079949 0.157959
0.191055 -0.079946 0.158025
0.190541 -0.079964 0.158148
0.190312 -0.079974 0.158199
0.189843 -0.079998 0.158292
0.189808 -0.080000 0.158299
0.189376 -0.080020 0.158354
0.189312 -0.080024 0.158359
0.189100 -0.080033 0.158371
0.188929 -0.080040 0.158372
0.188742 -0.080040 0.158367
0.188587 -0.080032 0.158358
0.188417 -0.080024 0.158340
0.188274 -0.080015 0.158322
0.188115 -0.080000 0.158301
0.187976 -0.079979 0.158278
0.187868 -0.079955 0.158260
0.187750 -0.079922 0.158237
0.187524 -0.079820 0.158178
0.187512 -0.079813 0.158175
0.187431 -0.079754 0.158146
0.187431 -0.079754 0.158146
0.187363 -0.079700 0.158122
0.187290 -0.079638 0.158098
0.187244 -0.079595 0.158082
0.187188 -0.079534 0.158065
0.187149 -0.079480 0.158051
0.187113 -0.079416 0.158041
0.187105 -0.079403 0.158039
0.187099 -0.079388 0.158039
0.187081 -0.079350 0.158040
0.187067 -0.079321 0.158045
0.187067 -0.079321 0.158045
0.187061 -0.079295 0.158053
0.187060 -0.079275 0.158062
0.187064 -0.079255 0.158071
0.187064 -0.079255 0.158071
0.187064 -0.079246 0.158081
0.187064 -0.079248 0.158090
0.187070 -0.079252 0.158098
0.187080 -0.079261 0.158106
0.187080 -0.079261 0.158106
0.187090 -0.079275 0.158113
0.187099 -0.079302 0.158121
0.187108 -0.079339 0.158130
0.187108 -0.079339 0.158130
0.187118 -0.079381 0.158141
0.187127 -0.079420 0.158150
0.187134 -0.079468 0.158156
0.187137 -0.079520 0.158159
0.187137 -0.079520 0.158159
0.187140 -0.079562 0.158161
0.187141 -0.079611 0.158160
0.187142 -0.079654 0.158156
0.187142 -0.079654 0.158156
0.187146 -0.079685 0.158148
0.187151 -0.079715 0.158136
0.187158 -0.079737 0.158123
0.187158 -0.079737 0.158123
0.187165 -0.079759 0.158106
0.187165 -0.079759 0.158106
0.187179 -0.079773 0.158090
0.187193 -0.079778 0.158076
0.187193 -0.079778 0.158076
0.187212 -0.079775 0.158060
0.187232 -0.079768 0.158040
0.187286 -0.079735 0.157997
0.187330 -0.079710 0.157973
0.187394 -0.079675 0.157943
0.187453 -0.079641 0.157914
0.187513 -0.079605 0.157885
0.187575 -0.079567 0.157856
0.187656 -0.079525 0.157830
0.187739 -0.079490 0.157810
0.187815 -0.079464 0.157798
0.187830 -0.079461 0.157797
0.188047 -0.079414 0.157792
0.188066 -0.079411 0.157794
0.188283 -0.079393 0.157818
0.188435 -0.079393 0.157841
0.188575 -0.079396 0.157863
0.188718 -0.079408 0.157886
0.188826 -0.079420 0.157906
0.188852 -0.079424 0.157912
0.188954 -0.079441 0.157932
0.189172 -0.079486 0.157983
0.189315 -0.079520 0.158017
0.189493 -0.079567 0.158056
0.189645 -0.079611 0.158085
0.189795 -0.079658 0.158111
0.190007 -0.079728 0.158142
0.190130 -0.079770 0.158158
0.190316 -0.079837 0.158180
0.190507 -0.079911 0.158198
0.190636 -0.079964 0.158208
0.190709 -0.079996 0.158213
0.190838 -0.080051 0.158218
0.190965 -0.080107 0.158222
0.191060 -0.080150 0.158223
0.191383 -0.080294 0.158215
0.191548 -0.080369 0.158207
0.191750 -0.080460 0.158195
0.191920 -0.080537 0.158184
0.192094 -0.080617 0.158172
0.192269 -0.080697 0.158159
0.192482 -0.080793 0.158140
0.192662 -0.080872 0.158121
0.192880 -0.080964 0.158093
0.193138 -0.081064 0.158054
0.193434 -0.081173 0.158010
0.193744 -0.081274 0.157966
0.194065 -0.081364 0.157923
0.194314 -0.081425 0.157890
0.194487 -0.081464 0.157865
0.194881 -0.081543 0.157809
0.195104 -0.081581 0.157778
0.195329 -0.081612 0.157749
0.195556 -0.081640 0.157722
0.195994 -0.081674 0.157677
0.196359 -0.081690 0.157648
0.196734 -0.081699 0.157622
0.197170 -0.081703 0.157601
0.197505 -0.081705 0.157592
0.197935 -0.081707 0.157592
0.198306 -0.081711 0.157598
0.198794 -0.081719 0.157608
0.199160 -0.081723 0.157619
0.199541 -0.081734 0.157631
0.199820 -0.081742 0.157642
0.200368 -0.081766 0.157666
0.200755 -0.081789 0.157687
0.200755 -0.081789 0.157687
0.201167 -0.081817 0.157713
0.201449 -0.081841 0.157730
0.201999 -0.081893 0.157761
0.202416 -0.081940 0.157781
0.202776 -0.081987 0.157795
0.203139 -0.082037 0.157810
0.203509 -0.082094 0.157826
0.203880 -0.082157 0.157840
0.204256 -0.082223 0.157856
0.204633 -0.082294 0.157870
0.205011 -0.082370 0.157882
0.205390 -0.082450 0.157888
0.205467 -0.082466 0.157888
0.205694 -0.082516 0.157890
0.206382 -0.082665 0.157887
0.206459 -0.082682 0.157885
0.206459 -0.082682 0.157885
0.207158 -0.082827 0.157877
0.207158 -0.082827 0.157877
0.208020 -0.083000 0.157855
0.208424 -0.083074 0.157836
0.208826 -0.083141 0.157810
0.209206 -0.083197 0.157779
0.209509 -0.083237 0.157752
0.209890 -0.083285 0.157716
0.210194 -0.083320 0.157684
0.210497 -0.083354 0.157650
0.210798 -0.083385 0.157616
0.210948 -0.083399 0.157601
0.211180 -0.083418 0.157578
0.211801 -0.083452 0.157517
0.211801 -0.083452 0.157517
0.211878 -0.083456 0.157509
0.212272 -0.083467 0.157471
0.212743 -0.083474 0.157428
0.213207 -0.083476 0.157388
0.213207 -0.083476 0.157388
0.213592 -0.083472 0.157356
0.214066 -0.083458 0.157319
0.214457 -0.083443 0.157290
0.214884 -0.083416 0.157264
0.215387 -0.083383 0.157239
0.215793 -0.083352 0.157226
0.216278 -0.083311 0.157216
0.216278 -0.083311 0.157216
0.216683 -0.083274 0.157212
0.217170 -0.083230 0.157216
0.217583 -0.083192 0.157222
0.218088 -0.083149 0.157236
0.218088 -0.083149 0.157236
0.218610 -0.083110 0.157258
0.219050 -0.083080 0.157281
0.219586 -0.083044 0.157314
0.220027 -0.083013 0.157348
0.220556 -0.082979 0.157394
0.221728 -0.082920 0.157496
0.222202 -0.082902 0.157539
0.222583 -0.082892 0.157576
0.222965 -0.082882 0.157616
0.223061 -0.082878 0.157626
0.223252 -0.082873 0.157647
0.223730 -0.082859 0.157702
0.224299 -0.082846 0.157768
0.224299 -0.082846 0.157768
0.224871 -0.082840 0.157830
0.225345 -0.082838 0.157879
0.225345 -0.082838 0.157879
0.225920 -0.082838 0.157935
0.226502 -0.082838 0.157986
0.227087 -0.082837 0.158032
0.227574 -0.082834 0.158065
0.228154 -0.082830 0.158095
0.228154 -0.082830 0.158095
0.228730 -0.082826 0.158118
0.229301 -0.082815 0.158134
0.229778 -0.082803 0.158139
0.230348 -0.082782 0.158132
0.230941 -0.082762 0.158121
0.231412 -0.082750 0.158114
0.231963 -0.082734 0.158097
0.232507 -0.082716 0.158075
0.232507 -0.082716 0.158075
0.232957 -0.082699 0.158058
0.233503 -0.082675 0.158036
0.234039 -0.082649 0.158015
0.234484 -0.082626 0.157998
0.235013 -0.082594 0.157975
0.235542 -0.082560 0.157955
0.235897 -0.082537 0.157946
0.235897 -0.082537 0.157946
0.236926 -0.082458 0.157921
0.237372 -0.082419 0.157910
0.237974 -0.082360 0.157897
0.238927 -0.082266 0.157878
0.239314 -0.082224 0.157873
0.240229 -0.082115 0.157869
0.240390 -0.082095 0.157868
0.240793 -0.082044 0.157864
0.241658 -0.081932 0.157855
0.242123 -0.081867 0.157857
0.242561 -0.081803 0.157859
0.243005 -0.081738 0.157861
0.243461 -0.081671 0.157865
0.244297 -0.081541 0.157876
0.245172 -0.081400 0.157902
0.245698 -0.081326 0.157917
0.246224 -0.081256 0.157932
0.246858 -0.081166 0.157955
0.246935 -0.081154 0.157958
0.248236 -0.080981 0.158004
0.248387 -0.080961 0.158006
0.249681 -0.080782 0.157997
0.249754 -0.080771 0.157996
0.250191 -0.080714 0.157987
0.250629 -0.080659 0.157975
0.250986 -0.080615 0.157961
0.251416 -0.080561 0.157942
0.251848 -0.080508 0.157920
0.252214 -0.080466 0.157898
0.252647 -0.080423 0.157874
0.253070 -0.080383 0.157853
0.253476 -0.080347 0.157828
0.253872 -0.080313 0.157802
0.254206 -0.080284 0.157777
0.254600 -0.080250 0.157739
0.254983 -0.080213 0.157697
0.254983 -0.080213 0.157697
0.255298 -0.080182 0.157660
0.255667 -0.080141 0.157613
0.256033 -0.080099 0.157561
0.256033 -0.080099 0.157561
0.256335 -0.080062 0.157515
0.256689 -0.080017 0.157456
0.257029 -0.079971 0.157392
0.257356 -0.079923 0.157329
0.257671 -0.079873 0.157262
0.257671 -0.079873 0.157262
0.257930 -0.079827 0.157203
0.258231 -0.079772 0.157135
0.258526 -0.079715 0.157068
0.258764 -0.079666 0.157010
0.258998 -0.079617 0.156952
0.259268 -0.079558 0.156884
0.259530 -0.079499 0.156818
0.259984 -0.079388 0.156706
0.260185 -0.079338 0.156660
0.260383 -0.079289 0.156618
0.260577 -0.079241 0.156576
0.260805 -0.079185 0.156530
0.260988 -0.079141 0.156496
0.261163 -0.079102 0.156465
0.261337 -0.079067 0.156437
0.261407 -0.079054 0.156425
0.261680 -0.079007 0.156384
0.261844 -0.078981 0.156356
0.262041 -0.078953 0.156323
0.262202 -0.078934 0.156293
0.262368 -0.078915 0.156265
0.262533 -0.078902 0.156236
0.262731 -0.078892 0.156204
0.262895 -0.078886 0.156176
0.263053 -0.078883 0.156146
