Column1 Column2 Column3
0.185279 -0.084269 0.123853
0.185279 -0.084269 0.123857
0.185272 -0.084269 0.123861
0.185265 -0.084275 0.123861
0.185264 -0.084274 0.123864
0.185264 -0.084273 0.123866
0.185265 -0.084270 0.123866
0.185265 -0.084263 0.123875
0.185257 -0.084264 0.123879
0.185259 -0.084268 0.123877
0.185259 -0.084265 0.123885
0.185259 -0.084264 0.123885
0.185258 -0.084261 0.123887
0.185258 -0.084258 0.123888
0.185259 -0.084260 0.123888
0.185264 -0.084260 0.123885
0.185264 -0.084260 0.123885
0.185264 -0.084260 0.123885
0.185262 -0.084251 0.123900
0.185262 -0.084248 0.123906
0.185260 -0.084248 0.123922
0.185258 -0.084246 0.123934
0.185262 -0.084248 0.123947
0.185252 -0.084277 0.123952
0.185220 -0.084328 0.123948
0.185178 -0.084393 0.123935
0.185148 -0.084435 0.123922
0.185143 -0.084442 0.123922
0.185130 -0.084451 0.123920
0.185130 -0.084451 0.123920
0.185121 -0.084451 0.123925
0.185116 -0.084441 0.123932
0.185106 -0.084422 0.123939
0.185098 -0.084414 0.123935
0.185097 -0.084414 0.123935
0.185084 -0.084403 0.123937
0.185078 -0.084386 0.123939
0.185094 -0.084350 0.123948
0.185108 -0.084326 0.123954
0.185112 -0.084308 0.123957
0.185106 -0.084306 0.123957
0.185087 -0.084308 0.123959
0.185060 -0.084312 0.123962
0.185011 -0.084311 0.123970
0.184999 -0.084303 0.123978
0.184996 -0.084277 0.124001
0.185000 -0.084262 0.124013
0.185001 -0.084260 0.124016
0.184993 -0.084250 0.124027
0.184993 -0.084250 0.124027
0.184968 -0.084253 0.124030
0.184939 -0.084259 0.124030
0.184939 -0.084259 0.124030
0.184873 -0.084273 0.124030
0.184855 -0.084274 0.124032
0.184842 -0.084271 0.124035
0.184832 -0.084267 0.124040
0.184832 -0.084267 0.124040
0.184823 -0.084258 0.124045
0.184826 -0.084247 0.124049
0.184831 -0.084239 0.124053
0.184836 -0.084233 0.124055
0.184836 -0.084233 0.124055
0.184826 -0.084230 0.124057
0.184797 -0.084235 0.124054
0.184788 -0.084243 0.124046
0.184790 -0.084247 0.124039
0.184801 -0.084249 0.124032
0.184827 -0.084246 0.124027
0.184859 -0.084239 0.124023
0.184900 -0.084232 0.124019
0.184937 -0.084223 0.124014
0.184965 -0.084215 0.124011
0.184985 -0.084208 0.124007
0.184996 -0.084206 0.124003
0.185000 -0.084206 0.123994
0.184999 -0.084210 0.123986
0.185000 -0.084214 0.123968
0.185004 -0.084214 0.123958
0.185008 -0.084212 0.123954
0.185023 -0.084201 0.123952
0.185030 -0.084189 0.123958
0.185031 -0.084175 0.123967
0.185019 -0.084162 0.123973
0.184991 -0.084160 0.123977
0.184982 -0.084160 0.123979
0.184911 -0.084163 0.123981
0.184822 -0.084154 0.123989
0.184775 -0.084144 0.123998
0.184725 -0.084131 0.124010
0.184678 -0.084119 0.124020
0.184645 -0.084110 0.124028
0.184619 -0.084104 0.124035
0.184575 -0.084093 0.124047
0.184551 -0.084084 0.124057
0.184542 -0.084080 0.124062
0.184540 -0.084069 0.124075
0.184548 -0.084065 0.124084
0.184568 -0.084062 0.124093
0.184588 -0.084059 0.124100
0.184613 -0.084059 0.124108
0.184631 -0.084060 0.124113
0.184665 -0.084061 0.124121
0.184705 -0.084066 0.124125
0.184752 -0.084073 0.124126
0.184799 -0.084082 0.124125
0.184844 -0.084092 0.124122
0.184895 -0.084106 0.124118
0.184941 -0.084122 0.124111
0.184974 -0.084137 0.124106
0.185007 -0.084151 0.124101
0.185037 -0.084164 0.124094
0.185063 -0.084176 0.124088
0.185094 -0.084188 0.124080
0.185110 -0.084196 0.124075
0.185121 -0.084200 0.124072
0.185121 -0.084200 0.124069
0.185121 -0.084200 0.124069
0.185121 -0.084200 0.124069
0.185091 -0.084194 0.124061
0.185055 -0.084186 0.124057
0.185017 -0.084174 0.124056
0.184973 -0.084158 0.124056
0.184973 -0.084158 0.124056
0.184870 -0.084121 0.124056
0.184740 -0.084066 0.124053
0.184658 -0.084020 0.124048
0.184571 -0.083964 0.124042
0.184480 -0.083908 0.124039
0.184415 -0.083870 0.124041
0.184343 -0.083831 0.124043
0.184261 -0.083779 0.124047
0.184225 -0.083747 0.124053
0.184207 -0.083721 0.124062
0.184216 -0.083702 0.124071
0.184253 -0.083692 0.124076
0.184324 -0.083690 0.124082
0.184386 -0.083692 0.124089
0.184453 -0.083699 0.124092
0.184531 -0.083712 0.124092
0.184606 -0.083730 0.124091
0.184694 -0.083752 0.124090
0.184802 -0.083785 0.124089
0.184898 -0.083814 0.124084
0.185013 -0.083852 0.124078
0.185029 -0.083858 0.124076
0.185216 -0.083935 0.124062
0.185315 -0.083984 0.124055
0.185386 -0.084030 0.124051
0.185435 -0.084077 0.124044
0.185468 -0.084123 0.124035
0.185470 -0.084144 0.124027
0.185445 -0.084151 0.124014
0.185383 -0.084157 0.124010
0.185308 -0.084148 0.124000
0.185296 -0.084147 0.123997
0.185042 -0.084087 0.123987
0.184923 -0.084050 0.123981
0.184690 -0.083963 0.123981
0.184647 -0.083944 0.123980
0.184498 -0.083880 0.123980
0.184253 -0.083765 0.123991
0.184114 -0.083691 0.124006
0.184094 -0.083681 0.124008
0.183922 -0.083592 0.124034
0.183720 -0.083475 0.124077
0.183607 -0.083375 0.124112
0.183565 -0.083303 0.124139
0.183563 -0.083256 0.124151
0.183596 -0.083172 0.124169
0.183631 -0.083137 0.124178
0.183772 -0.083096 0.124192
0.183880 -0.083091 0.124197
0.184048 -0.083099 0.124196
0.184208 -0.083119 0.124192
0.184412 -0.083159 0.124179
0.184599 -0.083208 0.124164
0.184759 -0.083255 0.124148
0.184793 -0.083266 0.124144
0.185059 -0.083367 0.124112
0.185314 -0.083493 0.124078
0.185472 -0.083592 0.124059
0.185607 -0.083697 0.124047
0.185711 -0.083802 0.124042
0.185782 -0.083895 0.124039
0.185848 -0.084005 0.124035
0.185873 -0.084050 0.124031
0.185938 -0.084183 0.124017
0.185953 -0.084272 0.124002
0.185952 -0.084282 0.123998
0.185940 -0.084330 0.123979
0.185917 -0.084371 0.123966
0.185882 -0.084404 0.123954
0.185830 -0.084415 0.123940
0.185758 -0.084413 0.123927
0.185677 -0.084404 0.123918
0.185584 -0.084388 0.123905
0.185391 -0.084326 0.123883
0.185242 -0.084256 0.123869
0.185104 -0.084185 0.123865
0.184958 -0.084101 0.123860
0.184811 -0.084004 0.123858
0.184657 -0.083894 0.123867
0.184528 -0.083797 0.123882
0.184415 -0.083712 0.123900
0.184215 -0.083556 0.123939
0.184067 -0.083427 0.123976
0.183924 -0.083280 0.124021
0.183838 -0.083175 0.124056
0.183747 -0.083048 0.124102
0.183657 -0.082908 0.124158
0.183591 -0.082790 0.124209
0.183524 -0.082644 0.124279
0.183449 -0.082399 0.124407
0.183445 -0.082359 0.124432
0.183448 -0.082267 0.124490
0.183465 -0.082182 0.124557
0.183493 -0.082118 0.124616
0.183557 -0.082015 0.124728
0.183611 -0.081960 0.124800
0.183695 -0.081902 0.124894
0.183780 -0.081862 0.124970
0.183878 -0.081834 0.125035
0.183981 -0.081820 0.125084
0.184108 -0.081817 0.125132
0.184236 -0.081833 0.125175
0.184377 -0.081862 0.125216
0.184501 -0.081901 0.125247
0.184670 -0.081968 0.125286
0.184815 -0.082046 0.125321
0.184936 -0.082128 0.125349
0.185055 -0.082226 0.125372
0.185186 -0.082358 0.125395
0.185298 -0.082484 0.125406
0.185405 -0.082618 0.125410
0.185490 -0.082734 0.125407
0.185593 -0.082881 0.125390
0.185676 -0.083004 0.125366
0.185770 -0.083167 0.125319
0.185830 -0.083295 0.125270
0.185874 -0.083419 0.125214
0.185902 -0.083540 0.125153
0.185914 -0.083635 0.125101
0.185910 -0.083762 0.125025
0.185887 -0.083858 0.124963
0.185795 -0.084009 0.124826
0.185667 -0.084106 0.124728
0.185489 -0.084148 0.124617
0.185342 -0.084153 0.124545
0.185187 -0.084137 0.124475
0.185031 -0.084100 0.124412
0.184830 -0.084021 0.124348
0.184810 -0.084010 0.124342
0.184681 -0.083943 0.124317
0.184556 -0.083865 0.124300
0.184432 -0.083778 0.124293
0.184311 -0.083681 0.124300
0.184191 -0.083566 0.124322
0.184063 -0.083434 0.124353
0.183936 -0.083300 0.124388
0.183812 -0.083162 0.124430
0.183705 -0.083015 0.124478
0.183617 -0.082862 0.124537
0.183573 -0.082759 0.124582
0.183520 -0.082582 0.124668
0.183497 -0.082425 0.124758
0.183526 -0.082128 0.124967
0.183537 -0.082080 0.125000
0.183580 -0.081942 0.125104
0.183622 -0.081836 0.125208
0.183751 -0.081608 0.125456
0.183849 -0.081489 0.125608
0.183948 -0.081404 0.125736
0.184060 -0.081336 0.125859
0.184171 -0.081291 0.125964
0.184304 -0.081257 0.126076
0.184436 -0.081240 0.126182
0.184565 -0.081235 0.126283
0.184686 -0.081244 0.126377
0.184798 -0.081263 0.126461
0.184905 -0.081294 0.126533
0.185008 -0.081336 0.126595
0.185095 -0.081383 0.126633
0.185201 -0.081447 0.126662
0.185294 -0.081517 0.126676
0.185491 -0.081711 0.126662
0.185616 -0.081969 0.126592
0.185642 -0.082127 0.126536
0.185642 -0.082266 0.126480
0.185614 -0.082515 0.126371
0.185568 -0.082685 0.126284
0.185427 -0.082961 0.126109
0.185331 -0.083091 0.126018
0.185081 -0.083349 0.125789
0.184802 -0.083572 0.125568
0.184624 -0.083681 0.125415
0.184447 -0.083771 0.125263
0.184447 -0.083771 0.125263
0.184425 -0.083782 0.125244
0.184302 -0.083829 0.125138
0.184187 -0.083857 0.125051
0.184068 -0.083873 0.124975
0.183948 -0.083873 0.124905
0.183827 -0.083858 0.124839
0.183827 -0.083858 0.124839
0.183716 -0.083831 0.124784
0.183613 -0.083794 0.124740
0.183563 -0.083771 0.124723
0.183428 -0.083676 0.124687
0.183360 -0.083603 0.124678
0.183292 -0.083506 0.124686
0.183241 -0.083399 0.124706
0.183206 -0.083283 0.124741
0.183189 -0.083183 0.124780
0.183190 -0.083051 0.124835
0.183211 -0.082911 0.124906
0.183247 -0.082768 0.124994
0.183295 -0.082640 0.125081
0.183369 -0.082470 0.125200
0.183449 -0.082325 0.125315
0.183540 -0.082175 0.125434
0.183637 -0.082027 0.125563
0.183744 -0.081885 0.125695
0.183859 -0.081748 0.125828
0.183978 -0.081618 0.125964
0.184080 -0.081515 0.126080
0.184213 -0.081390 0.126231
0.184333 -0.081290 0.126367
0.184580 -0.081127 0.126640
0.184825 -0.081003 0.126900
0.184937 -0.080964 0.127016
0.185031 -0.080939 0.127092
0.185168 -0.080922 0.127176
0.185241 -0.080934 0.127201
0.185272 -0.080963 0.127197
0.185280 -0.081057 0.127136
0.185235 -0.081154 0.127062
0.185227 -0.081165 0.127053
0.185084 -0.081334 0.126907
0.184988 -0.081424 0.126816
0.184784 -0.081614 0.126599
0.184767 -0.081629 0.126580
0.184662 -0.081717 0.126463
0.184547 -0.081801 0.126335
0.184400 -0.081896 0.126171
0.184296 -0.081960 0.126046
0.184022 -0.082117 0.125705
0.183898 -0.082186 0.125546
0.183654 -0.082295 0.125224
0.183635 -0.082301 0.125200
0.183433 -0.082347 0.124907
0.183404 -0.082349 0.124862
0.183328 -0.082351 0.124730
0.183264 -0.082345 0.124610
0.183210 -0.082328 0.124499
0.183166 -0.082295 0.124388
0.183111 -0.082215 0.124238
0.183103 -0.082160 0.124172
0.183108 -0.082100 0.124129
0.183128 -0.082028 0.124094
0.183210 -0.081832 0.124066
0.183218 -0.081813 0.124065
0.183275 -0.081703 0.124074
0.183354 -0.081560 0.124096
0.183431 -0.081431 0.124125
0.183512 -0.081298 0.124167
0.183602 -0.081162 0.124222
0.183602 -0.081162 0.124222
0.183761 -0.080928 0.124324
0.184092 -0.080447 0.124590
0.184213 -0.080259 0.124702
0.184306 -0.080101 0.124799
0.184322 -0.080073 0.124815
0.184492 -0.079758 0.125022
0.184566 -0.079601 0.125132
0.184620 -0.079473 0.125217
0.184636 -0.079432 0.125243
0.184673 -0.079305 0.125321
0.184673 -0.079305 0.125321
0.184731 -0.079082 0.125453
0.184750 -0.078948 0.125521
0.184735 -0.078878 0.125544
0.184728 -0.078863 0.125546
0.184665 -0.078799 0.125535
0.184634 -0.078779 0.125517
0.184622 -0.078774 0.125509
0.184510 -0.078781 0.125420
0.184431 -0.078817 0.125346
0.184355 -0.078858 0.125269
0.184270 -0.078907 0.125181
0.184164 -0.078978 0.125062
0.184149 -0.078990 0.125045
0.183952 -0.079145 0.124817
0.183843 -0.079231 0.124695
0.183705 -0.079341 0.124545
0.183570 -0.079454 0.124390
0.183458 -0.079554 0.124254
0.183332 -0.079667 0.124092
0.183246 -0.079749 0.123971
0.183112 -0.079877 0.123774
0.183029 -0.079971 0.123628
0.183016 -0.079987 0.123604
0.182907 -0.080149 0.123304
0.182888 -0.080180 0.123235
0.182858 -0.080263 0.123017
0.182858 -0.080270 0.122997
0.182921 -0.080331 0.122768
0.182976 -0.080347 0.122684
0.183055 -0.080352 0.122601
0.183140 -0.080341 0.122536
0.183256 -0.080320 0.122488
0.183273 -0.080317 0.122481
0.183385 -0.080285 0.122453
0.183510 -0.080248 0.122443
0.183715 -0.080168 0.122464
0.183861 -0.080097 0.122508
0.184017 -0.080011 0.122571
0.184178 -0.079912 0.122647
0.184201 -0.079898 0.122660
0.184493 -0.079699 0.122824
0.184523 -0.079676 0.122843
0.184764 -0.079476 0.123006
0.184876 -0.079367 0.123100
0.184989 -0.079237 0.123208
0.185075 -0.079124 0.123297
0.185159 -0.078993 0.123400
0.185223 -0.078857 0.123522
0.185258 -0.078714 0.123649
0.185263 -0.078592 0.123776
0.185233 -0.078509 0.123871
0.185162 -0.078439 0.123963
0.185057 -0.078392 0.124034
0.184915 -0.078371 0.124085
0.184769 -0.078373 0.124112
0.184654 -0.078384 0.124118
0.184409 -0.078431 0.124089
0.184211 -0.078500 0.124042
0.184011 -0.078591 0.123964
0.183815 -0.078705 0.123869
0.183629 -0.078829 0.123764
0.183450 -0.078970 0.123650
0.183287 -0.079120 0.123524
0.183137 -0.079270 0.123393
0.183002 -0.079422 0.123257
0.182891 -0.079574 0.123106
0.182805 -0.079715 0.122945
0.182760 -0.079839 0.122778
0.182757 -0.079924 0.122647
0.182777 -0.079985 0.122530
0.182879 -0.080067 0.122267
0.182982 -0.080102 0.122088
0.183104 -0.080121 0.121921
0.183221 -0.080126 0.121780
0.183298 -0.080123 0.121699
0.183529 -0.080094 0.121517
0.183694 -0.080048 0.121408
0.183871 -0.079982 0.121305
0.184064 -0.079898 0.121216
0.184259 -0.079790 0.121134
0.184452 -0.079661 0.121052
0.184602 -0.079554 0.120992
0.184644 -0.079522 0.120975
0.184731 -0.079454 0.120941
0.184837 -0.079366 0.120899
0.184914 -0.079295 0.120867
0.185009 -0.079204 0.120829
0.185097 -0.079109 0.120790
0.185235 -0.078943 0.120728
0.185357 -0.078744 0.120668
0.185413 -0.078607 0.120628
0.185437 -0.078506 0.120599
0.185442 -0.078283 0.120538
0.185415 -0.078127 0.120488
0.185372 -0.077991 0.120437
0.185305 -0.077841 0.120376
0.185226 -0.077712 0.120317
0.185163 -0.077617 0.120269
0.185023 -0.077415 0.120148
0.184923 -0.077283 0.120060
0.184753 -0.077056 0.119901
0.184657 -0.076921 0.119790
0.184549 -0.076793 0.119663
0.184540 -0.076783 0.119653
0.184431 -0.076631 0.119495
0.184387 -0.076541 0.119398
0.184370 -0.076453 0.119305
0.184365 -0.076402 0.119251
0.184362 -0.076320 0.119160
0.184367 -0.076251 0.119085
0.184375 -0.076195 0.119022
0.184389 -0.076124 0.118939
0.184405 -0.076055 0.118854
0.184420 -0.075998 0.118783
0.184420 -0.075998 0.118783
0.184429 -0.075970 0.118746
0.184498 -0.075764 0.118487
0.184519 -0.075711 0.118421
0.184628 -0.075486 0.118153
0.184745 -0.075296 0.117953
0.184893 -0.075085 0.117747
0.185017 -0.074915 0.117586
0.185066 -0.074846 0.117523
0.185170 -0.074698 0.117395
0.185459 -0.074284 0.117074
0.185689 -0.073943 0.116855
0.185814 -0.073746 0.116735
0.185993 -0.073448 0.116546
0.186159 -0.073148 0.116357
0.186330 -0.072810 0.116152
0.186463 -0.072502 0.115969
0.186488 -0.072434 0.115931
0.186573 -0.072192 0.115787
0.186749 -0.071519 0.115399
0.186806 -0.071221 0.115235
0.186853 -0.070855 0.115047
0.186872 -0.070504 0.114872
0.186864 -0.070228 0.114726
0.186840 -0.069952 0.114578
0.186840 -0.069952 0.114578
0.186831 -0.069881 0.114541
0.186755 -0.069382 0.114277
0.186616 -0.068887 0.114035
0.186519 -0.068563 0.113893
0.186467 -0.068351 0.113799
0.186402 -0.068038 0.113654
0.186357 -0.067816 0.113550
0.186312 -0.067610 0.113453
0.186269 -0.067408 0.113346
0.186222 -0.067216 0.113250
0.186182 -0.067058 0.113177
0.186153 -0.066914 0.113122
0.186131 -0.066778 0.113069
0.186114 -0.066647 0.113006
0.186113 -0.066517 0.112945
0.186134 -0.066369 0.112862
0.186171 -0.066232 0.112779
0.186221 -0.066091 0.112689
0.186293 -0.065948 0.112596
0.186374 -0.065822 0.112516
0.186429 -0.065742 0.112469
0.186503 -0.065644 0.112412
0.186570 -0.065565 0.112369
0.186570 -0.065565 0.112369
0.186700 -0.065427 0.112297
0.186789 -0.065337 0.112256
0.186848 -0.065276 0.112229
0.186959 -0.065162 0.112177
0.187068 -0.065054 0.112128
0.187183 -0.064945 0.112074
0.187198 -0.064930 0.112067
0.187355 -0.064792 0.111997
0.187490 -0.064676 0.111939
0.187592 -0.064586 0.111890
0.187693 -0.064501 0.111840
0.187795 -0.064415 0.111788
0.187915 -0.064316 0.111726
0.188016 -0.064233 0.111676
0.188124 -0.064144 0.111624
0.188226 -0.064059 0.111577
0.188297 -0.064002 0.111544
0.188416 -0.063911 0.111494
0.188500 -0.063853 0.111464
0.188571 -0.063809 0.111446
0.188614 -0.063785 0.111435
0.188726 -0.063731 0.111419
0.188782 -0.063711 0.111418
0.188847 -0.063693 0.111421
0.188900 -0.063686 0.111424
0.188967 -0.063684 0.111431
0.189021 -0.063690 0.111442
0.189069 -0.063701 0.111449
0.189126 -0.063717 0.111461
0.189178 -0.063734 0.111472
0.189252 -0.063765 0.111494
0.189310 -0.063792 0.111513
0.189360 -0.063815 0.111529
0.189453 -0.063863 0.111561
0.189518 -0.063900 0.111583
0.189609 -0.063950 0.111612
0.189680 -0.063990 0.111634
0.189771 -0.064035 0.111656
0.189865 -0.064078 0.111673
0.189967 -0.064118 0.111684
0.190076 -0.064157 0.111688
0.190172 -0.064189 0.111689
0.190312 -0.064227 0.111690
0.190427 -0.064255 0.111688
0.190549 -0.064277 0.111687
0.190657 -0.064293 0.111687
0.190869 -0.064325 0.111685
0.191047 -0.064349 0.111682
0.191200 -0.064363 0.111677
0.191387 -0.064374 0.111672
0.191597 -0.064379 0.111661
0.191766 -0.064379 0.111648
0.191966 -0.064374 0.111627
0.192138 -0.064366 0.111604
0.192254 -0.064358 0.111585
0.192547 -0.064329 0.111527
0.192670 -0.064313 0.111502
0.193020 -0.064260 0.111427
0.193243 -0.064222 0.111377
0.193439 -0.064185 0.111333
0.193690 -0.064140 0.111274
0.193909 -0.064097 0.111219
0.194121 -0.064056 0.111164
0.194303 -0.064021 0.111120
0.194543 -0.063969 0.111055
0.194756 -0.063927 0.111004
0.194930 -0.063893 0.110967
0.195153 -0.063849 0.110920
0.195313 -0.063815 0.110887
0.195494 -0.063778 0.110853
0.195651 -0.063746 0.110829
0.195854 -0.063710 0.110802
0.196006 -0.063684 0.110782
0.196172 -0.063655 0.110763
0.196264 -0.063640 0.110755
0.196481 -0.063604 0.110742
0.196624 -0.063580 0.110738
0.196783 -0.063556 0.110732
0.196924 -0.063536 0.110728
0.197073 -0.063517 0.110726
0.197220 -0.063499 0.110730
0.197344 -0.063483 0.110737
0.197472 -0.063468 0.110749
0.197593 -0.063454 0.110761
0.197750 -0.063439 0.110779
0.197865 -0.063430 0.110795
0.197959 -0.063425 0.110810
0.198107 -0.063421 0.110838
0.198221 -0.063421 0.110860
0.198355 -0.063425 0.110891
0.198468 -0.063432 0.110919
0.198618 -0.063441 0.110953
0.198729 -0.063451 0.110979
0.198838 -0.063460 0.111002
0.198966 -0.063475 0.111030
0.199078 -0.063489 0.111051
0.199211 -0.063504 0.111069
0.199325 -0.063515 0.111085
0.199480 -0.063529 0.111105
0.199597 -0.063537 0.111116
0.199732 -0.063547 0.111124
0.199852 -0.063555 0.111128
0.199993 -0.063566 0.111133
0.200096 -0.063575 0.111137
0.200117 -0.063577 0.111137
0.200117 -0.063577 0.111137
0.200178 -0.063581 0.111139
0.200397 -0.063596 0.111140
0.200516 -0.063604 0.111140
0.200615 -0.063609 0.111139
0.200615 -0.063609 0.111139
0.200696 -0.063612 0.111137
0.200905 -0.063613 0.111132
0.201075 -0.063609 0.111128
0.201180 -0.063603 0.111121
0.201200 -0.063602 0.111120
0.201407 -0.063584 0.111103
0.201514 -0.063576 0.111095
0.201535 -0.063574 0.111093
0.201578 -0.063569 0.111089
0.201796 -0.063540 0.111057
0.201963 -0.063516 0.111024
0.202056 -0.063499 0.111004
0.202056 -0.063499 0.111004
0.202056 -0.063499 0.111004
0.202391 -0.063421 0.110921
0.202495 -0.063397 0.110895
0.202582 -0.063376 0.110875
0.202652 -0.063359 0.110860
0.202754 -0.063333 0.110838
0.202828 -0.063314 0.110828
0.202885 -0.063298 0.110820
0.202971 -0.063275 0.110812
0.203039 -0.063257 0.110808
0.203118 -0.063233 0.110804
0.203216 -0.063203 0.110803
0.203299 -0.063178 0.110802
0.203370 -0.063156 0.110803
0.203439 -0.063133 0.110805
0.203519 -0.063107 0.110810
0.203588 -0.063086 0.110815
0.203667 -0.063061 0.110822
0.203721 -0.063043 0.110827
0.203797 -0.063020 0.110834
0.203860 -0.063002 0.110842
0.203928 -0.062980 0.110850
0.203987 -0.062964 0.110858
0.204046 -0.062947 0.110866
0.204115 -0.062929 0.110877
0.204178 -0.062912 0.110885
0.204238 -0.062897 0.110892
0.204248 -0.062895 0.110893
0.204299 -0.062883 0.110899
0.204351 -0.062875 0.110905
0.204402 -0.062865 0.110910
0.204444 -0.062858 0.110915
0.204497 -0.062850 0.110920
0.204551 -0.062841 0.110924
0.204609 -0.062833 0.110929
0.204667 -0.062824 0.110932
0.204667 -0.062824 0.110932
0.204808 -0.062807 0.110937
0.204889 -0.062799 0.110939
0.204889 -0.062799 0.110939
0.204913 -0.062796 0.110941
0.205065 -0.062780 0.110941
0.205065 -0.062780 0.110941
0.205133 -0.062774 0.110939
0.205241 -0.062763 0.110934
0.205412 -0.062747 0.110932
0.205480 -0.062739 0.110930
0.205550 -0.062730 0.110926
0.205619 -0.062718 0.110921
0.205747 -0.062696 0.110908
0.205835 -0.062676 0.110900
0.205924 -0.062655 0.110888
0.205955 -0.062646 0.110882
0.206013 -0.062631 0.110871
0.206088 -0.062609 0.110857
0.206163 -0.062587 0.110840
0.206241 -0.062561 0.110823
0.206318 -0.062533 0.110804
0.206395 -0.062506 0.110786
0.206575 -0.062439 0.110741
0.206688 -0.062399 0.110717
0.206775 -0.062368 0.110702
0.206864 -0.062338 0.110691
0.206951 -0.062307 0.110682
0.206982 -0.062297 0.110680
0.207058 -0.062271 0.110674
0.207134 -0.062245 0.110672
0.207291 -0.062189 0.110670
0.207291 -0.062189 0.110670
0.207403 -0.062151 0.110674
0.207560 -0.062098 0.110683
0.207604 -0.062082 0.110686
0.207699 -0.062051 0.110695
0.207780 -0.062026 0.110703
0.207864 -0.062001 0.110711
0.207864 -0.062001 0.110711
0.207947 -0.061976 0.110717
0.208171 -0.061914 0.110741
0.208292 -0.061884 0.110756
0.208396 -0.061859 0.110770
0.208505 -0.061836 0.110785
0.208631 -0.061808 0.110803
0.208743 -0.061785 0.110822
0.208856 -0.061762 0.110841
0.208973 -0.061742 0.110863
0.209076 -0.061726 0.110884
0.209219 -0.061705 0.110914
0.209323 -0.061693 0.110938
0.209427 -0.061679 0.110962
0.209554 -0.061667 0.110993
0.209638 -0.061659 0.111014
0.209725 -0.061652 0.111036
0.209862 -0.061642 0.111072
0.209976 -0.061637 0.111104
0.210067 -0.061633 0.111129
0.210185 -0.061629 0.111163
0.210361 -0.061628 0.111209
0.210471 -0.061628 0.111237
0.210583 -0.061629 0.111265
0.210739 -0.061627 0.111296
0.210739 -0.061627 0.111296
0.210785 -0.061629 0.111306
0.210967 -0.061631 0.111346
0.211079 -0.061633 0.111367
0.211307 -0.061632 0.111406
0.211516 -0.061627 0.111432
0.211635 -0.061626 0.111446
0.211759 -0.061628 0.111462
0.211833 -0.061628 0.111472
0.212025 -0.061634 0.111501
0.212174 -0.061642 0.111526
0.212345 -0.061654 0.111557
0.212489 -0.061665 0.111585
0.212652 -0.061679 0.111621
0.212769 -0.061688 0.111647
0.212885 -0.061698 0.111676
0.213044 -0.061716 0.111722
0.213179 -0.061733 0.111762
0.213266 -0.061744 0.111789
0.213397 -0.061762 0.111830
0.213484 -0.061775 0.111859
0.213549 -0.061785 0.111881
0.213682 -0.061807 0.111929
0.213787 -0.061825 0.111968
0.213893 -0.061846 0.112011
0.213975 -0.061864 0.112044
0.214119 -0.061896 0.112106
0.214220 -0.061920 0.112152
0.214320 -0.061944 0.112196
0.214417 -0.061969 0.112240
0.214512 -0.061994 0.112284
0.214589 -0.062015 0.112318
0.214664 -0.062035 0.112352
0.214775 -0.062066 0.112403
0.214892 -0.062100 0.112458
0.214947 -0.062118 0.112486
0.214999 -0.062135 0.112513
0.215140 -0.062182 0.112589
0.215221 -0.062214 0.112636
0.215286 -0.062241 0.112676
0.215286 -0.062241 0.112676
0.215430 -0.062306 0.112767
0.215540 -0.062358 0.112839
0.215555 -0.062365 0.112850
0.215709 -0.062446 0.112960
0.215793 -0.062496 0.113028
0.215887 -0.062557 0.113109
0.215950 -0.062602 0.113170
0.216025 -0.062658 0.113242
0.216107 -0.062724 0.113327
0.216176 -0.062782 0.113399
0.216242 -0.062839 0.113473
0.216254 -0.062848 0.113484
0.216277 -0.062869 0.113511
0.216364 -0.062949 0.113612
0.216437 -0.063019 0.113699
0.216507 -0.063088 0.113784
0.216564 -0.063144 0.113851
0.216630 -0.063208 0.113924
0.216686 -0.063263 0.113984
0.216686 -0.063263 0.113984
0.216750 -0.063327 0.114052
0.216835 -0.063411 0.114143
0.216835 -0.063411 0.114143
0.216892 -0.063466 0.114203
0.216988 -0.063570 0.114310
0.217050 -0.063641 0.114378
0.217095 -0.063695 0.114429
0.217132 -0.063744 0.114475
0.217139 -0.063754 0.114483
0.217184 -0.063822 0.114544
0.217243 -0.063906 0.114619
0.217291 -0.063970 0.114675
0.217323 -0.064009 0.114708
0.217390 -0.064089 0.114779
0.217436 -0.064142 0.114825
0.217473 -0.064188 0.114864
0.217530 -0.064261 0.114919
0.217564 -0.064309 0.114953
0.217606 -0.064363 0.114989
0.217641 -0.064407 0.115016
0.217674 -0.064449 0.115041
0.217693 -0.064473 0.115056
0.217761 -0.064550 0.115099
0.217814 -0.064607 0.115127
0.217867 -0.064670 0.115155
0.217920 -0.064738 0.115183
0.217966 -0.064801 0.115211
0.218005 -0.064852 0.115240
0.218044 -0.064908 0.115280
0.218096 -0.064982 0.115350
0.218147 -0.065047 0.115423
0.218195 -0.065101 0.115494
0.218229 -0.065143 0.115551
0.218291 -0.065224 0.115674
0.218320 -0.065261 0.115733
0.218370 -0.065335 0.115852
0.218392 -0.065369 0.115909
0.218425 -0.065435 0.116027
0.218445 -0.065483 0.116115
0.218457 -0.065527 0.116199
0.218457 -0.065533 0.116208
0.218463 -0.065562 0.116258
0.218468 -0.065631 0.116377
0.218467 -0.065690 0.116474
0.218468 -0.065726 0.116537
0.218464 -0.065856 0.116722
0.218452 -0.065948 0.116835
0.218439 -0.066057 0.116954
0.218420 -0.066213 0.117109
0.218407 -0.066338 0.117229
0.218398 -0.066488 0.117369
0.218395 -0.066725 0.117580
0.218403 -0.066857 0.117686
0.218421 -0.067050 0.117831
0.218444 -0.067229 0.117952
0.218473 -0.067397 0.118053
0.218508 -0.067582 0.118151
0.218540 -0.067748 0.118225
0.218596 -0.068008 0.118324
0.218633 -0.068162 0.118375
0.218686 -0.068375 0.118438
0.218727 -0.068524 0.118474
0.218801 -0.068807 0.118530
0.218846 -0.068963 0.118569
0.218918 -0.069221 0.118626
0.218955 -0.069345 0.118652
0.219016 -0.069544 0.118698
0.219065 -0.069683 0.118733
0.219143 -0.069879 0.118789
0.219205 -0.070024 0.118840
0.219266 -0.070171 0.118899
0.219318 -0.070284 0.118952
0.219355 -0.070360 0.118993
0.219423 -0.070481 0.119089
0.219466 -0.070539 0.119171
0.219492 -0.070561 0.119243
0.219504 -0.070570 0.119302
0.219508 -0.070572 0.119324
0.219516 -0.070579 0.119381
0.219525 -0.070589 0.119492
0.219525 -0.070590 0.119504
0.219528 -0.070613 0.119685
0.219528 -0.070625 0.119759
0.219526 -0.070632 0.119796
0.219520 -0.070665 0.119954
0.219520 -0.070665 0.119954
0.219520 -0.070669 0.119973
0.219503 -0.070758 0.120271
0.219496 -0.070799 0.120374
0.219491 -0.070850 0.120491
0.219493 -0.070911 0.120608
0.219496 -0.070972 0.120714
0.219510 -0.071061 0.120857
0.219523 -0.071138 0.120969
0.219525 -0.071151 0.120988
0.219555 -0.071354 0.121227
0.219571 -0.071458 0.121332
0.219589 -0.071592 0.121449
0.219611 -0.071730 0.121555
0.219614 -0.071752 0.121569
0.219658 -0.072021 0.121738
0.219680 -0.072171 0.121809
0.219700 -0.072327 0.121868
0.219721 -0.072481 0.121913
0.219745 -0.072633 0.121948
0.219770 -0.072774 0.121954
0.219793 -0.072900 0.121931
0.219820 -0.073035 0.121925
0.219854 -0.073183 0.121936
0.219891 -0.073331 0.121959
0.219923 -0.073452 0.121975
0.219952 -0.073579 0.121975
0.219979 -0.073677 0.121965
0.220007 -0.073770 0.121958
0.220041 -0.073859 0.121955
0.220075 -0.073941 0.121960
0.220075 -0.073941 0.121960
0.220126 -0.074035 0.121965
0.220178 -0.074125 0.121963
0.220207 -0.074173 0.121963
0.220242 -0.074221 0.121978
0.220272 -0.074257 0.122006
0.220297 -0.074276 0.122026
0.220318 -0.074282 0.122033
0.220338 -0.074284 0.122037
0.220359 -0.074280 0.122054
0.220371 -0.074270 0.122068
0.220385 -0.074245 0.122089
0.220389 -0.074237 0.122096
0.220400 -0.074210 0.122115
0.220410 -0.074174 0.122138
0.220414 -0.074139 0.122155
0.220419 -0.074072 0.122196
0.220420 -0.074043 0.122220
0.220415 -0.073884 0.122342
0.220401 -0.073810 0.122402
0.220360 -0.073689 0.122505
0.220342 -0.073654 0.122547
0.220320 -0.073617 0.122606
0.220301 -0.073590 0.122662
0.220285 -0.073585 0.122714
0.220272 -0.073597 0.122758
0.220259 -0.073618 0.122799
0.220249 -0.073644 0.122832
0.220242 -0.073665 0.122854
0.220225 -0.073726 0.122896
0.220215 -0.073768 0.122913
0.220209 -0.073815 0.122929
0.220200 -0.073908 0.122950
0.220199 -0.073943 0.122956
0.220194 -0.074039 0.122961
0.220193 -0.074101 0.122962
0.220192 -0.074273 0.122954
0.220197 -0.074346 0.122949
0.220200 -0.074414 0.122940
0.220217 -0.074564 0.122928
0.220229 -0.074655 0.122918
0.220244 -0.074758 0.122896
0.220259 -0.074833 0.122875
0.220281 -0.074921 0.122858
0.220309 -0.075013 0.122852
0.220338 -0.075093 0.122844
0.220371 -0.075164 0.122835
0.220411 -0.075229 0.122830
0.220452 -0.075280 0.122828
0.220494 -0.075320 0.122824
0.220529 -0.075351 0.122819
0.220579 -0.075385 0.122815
0.220628 -0.075403 0.122813
0.220661 -0.075402 0.122812
0.220679 -0.075401 0.122811
0.220704 -0.075392 0.122811
0.220704 -0.075392 0.122811
0.220732 -0.075376 0.122811
0.220765 -0.075344 0.122816
0.220792 -0.075306 0.122821
0.220809 -0.075264 0.122827
0.220816 -0.075219 0.122835
0.220815 -0.075172 0.122840
0.220814 -0.075111 0.122846
0.220810 -0.075065 0.122854
0.220796 -0.074997 0.122870
0.220776 -0.074958 0.122888
0.220755 -0.074940 0.122904
0.220713 -0.074920 0.122923
0.220674 -0.074914 0.122938
0.220668 -0.074914 0.122940
0.220602 -0.074925 0.122956
0.220558 -0.074937 0.122966
0.220536 -0.074944 0.122973
0.220518 -0.074952 0.122976
0.220477 -0.074981 0.122984
0.220447 -0.075009 0.122988
0.220437 -0.075020 0.122990
0.220387 -0.075076 0.122998
0.220331 -0.075166 0.123006
0.220295 -0.075241 0.123013
0.220280 -0.075292 0.123019
0.220259 -0.075373 0.123027
0.220245 -0.075432 0.123030
0.220226 -0.075531 0.123033
0.220219 -0.075634 0.123042
0.220226 -0.075709 0.123046
0.220237 -0.075773 0.123051
0.220243 -0.075801 0.123052
0.220243 -0.075801 0.123052
0.220263 -0.075873 0.123054
0.220309 -0.075997 0.123053
0.220323 -0.076027 0.123059
0.220339 -0.076052 0.123059
0.220378 -0.076090 0.123050
0.220405 -0.076107 0.123039
0.220440 -0.076131 0.123035
0.220493 -0.076161 0.123026
0.220532 -0.076175 0.123014
0.220564 -0.076182 0.123002
0.220628 -0.076188 0.122981
0.220668 -0.076185 0.122963
0.220699 -0.076177 0.122948
0.220728 -0.076163 0.122927
0.220746 -0.076146 0.122911
0.220757 -0.076124 0.122897
0.220752 -0.076086 0.122865
0.220738 -0.076057 0.122843
0.220708 -0.076034 0.122829
0.220688 -0.076020 0.122819
0.220679 -0.076015 0.122816
0.220674 -0.076011 0.122813
0.220599 -0.075980 0.122794
0.220562 -0.075976 0.122795
0.220517 -0.075972 0.122794
0.220517 -0.075972 0.122794
0.220415 -0.075969 0.122794
0.220320 -0.075970 0.122796
0.220260 -0.075974 0.122792
0.220189 -0.075989 0.122789
0.220153 -0.075999 0.122787
0.220153 -0.075999 0.122787
0.220119 -0.076010 0.122787
0.219998 -0.076067 0.122774
0.219948 -0.076123 0.122757
0.219948 -0.076148 0.122745
0.219954 -0.076176 0.122732
0.219962 -0.076201 0.122725
0.219971 -0.076227 0.122717
0.219983 -0.076247 0.122715
0.220004 -0.076274 0.122711
0.220023 -0.076296 0.122708
0.220052 -0.076323 0.122706
0.220077 -0.076342 0.122707
0.220086 -0.076348 0.122706
0.220143 -0.076376 0.122709
0.220171 -0.076385 0.122712
0.220209 -0.076391 0.122717
0.220230 -0.076393 0.122721
0.220316 -0.076387 0.122734
0.220371 -0.076381 0.122743
0.220423 -0.076368 0.122754
0.220437 -0.076364 0.122756
0.220525 -0.076326 0.122775
0.220568 -0.076301 0.122784
0.220602 -0.076274 0.122794
0.220622 -0.076252 0.122803
0.220641 -0.076221 0.122815
0.220650 -0.076194 0.122825
0.220657 -0.076164 0.122834
0.220655 -0.076161 0.122836
0.220638 -0.076117 0.122850
0.220622 -0.076104 0.122855
0.220581 -0.076089 0.122860
0.220520 -0.076079 0.122863
0.220454 -0.076074 0.122866
0.220398 -0.076070 0.122868
0.220338 -0.076065 0.122870
0.220282 -0.076064 0.122871
0.220218 -0.076066 0.122875
0.220165 -0.076070 0.122879
0.220102 -0.076077 0.122885
0.220040 -0.076089 0.122888
0.219981 -0.076102 0.122888
0.219933 -0.076113 0.122893
0.219890 -0.076127 0.122896
0.219844 -0.076146 0.122895
0.219817 -0.076162 0.122894
0.219792 -0.076187 0.122893
0.219786 -0.076192 0.122892
0.219778 -0.076209 0.122890
0.219775 -0.076234 0.122887
0.219779 -0.076261 0.122882
0.219804 -0.076317 0.122871
0.219805 -0.076322 0.122869
0.219839 -0.076372 0.122859
0.219862 -0.076401 0.122856
0.219867 -0.076405 0.122856
0.219900 -0.076433 0.122853
0.219961 -0.076481 0.122862
0.220010 -0.076497 0.122857
0.220017 -0.076498 0.122857
0.220109 -0.076519 0.122869
0.220118 -0.076520 0.122871
0.220221 -0.076531 0.122894
0.220272 -0.076526 0.122901
0.220313 -0.076520 0.122915
0.220352 -0.076512 0.122932
0.220384 -0.076505 0.122949
0.220423 -0.076491 0.122971
0.220433 -0.076486 0.122979
0.220452 -0.076472 0.123002
0.220462 -0.076446 0.123043
0.220455 -0.076428 0.123068
0.220451 -0.076424 0.123076
0.220431 -0.076408 0.123099
0.220431 -0.076408 0.123099
0.220359 -0.076355 0.123155
0.220328 -0.076338 0.123172
0.220279 -0.076317 0.123194
0.220228 -0.076302 0.123214
0.220179 -0.076294 0.123228
0.220100 -0.076291 0.123246
0.220034 -0.076296 0.123257
0.219961 -0.076301 0.123266
0.219951 -0.076302 0.123267
0.219899 -0.076305 0.123274
0.219824 -0.076301 0.123284
0.219817 -0.076301 0.123286
0.219776 -0.076308 0.123288
0.219728 -0.076323 0.123288
0.219681 -0.076341 0.123283
0.219625 -0.076376 0.123269
0.219622 -0.076379 0.123268
0.219604 -0.076426 0.123241
0.219604 -0.076452 0.123225
0.219610 -0.076477 0.123209
0.219622 -0.076508 0.123187
0.219637 -0.076533 0.123169
0.219643 -0.076543 0.123161
0.219688 -0.076613 0.123111
0.219696 -0.076625 0.123103
0.219717 -0.076660 0.123079
0.219766 -0.076727 0.123032
0.219807 -0.076770 0.123001
0.219840 -0.076795 0.122983
0.219888 -0.076820 0.122963
0.219944 -0.076839 0.122949
0.219996 -0.076853 0.122939
0.220064 -0.076866 0.122930
0.220106 -0.076875 0.122925
0.220138 -0.076887 0.122921
0.220146 -0.076891 0.122921
0.220174 -0.076904 0.122921
0.220190 -0.076909 0.122924
0.220198 -0.076909 0.122926
0.220225 -0.076900 0.122932
0.220241 -0.076882 0.122944
0.220237 -0.076870 0.122954
0.220221 -0.076855 0.122967
0.220207 -0.076841 0.122980
0.220196 -0.076823 0.122993
0.220181 -0.076797 0.123012
0.220169 -0.076777 0.123028
0.220133 -0.076751 0.123051
0.220092 -0.076739 0.123069
0.220036 -0.076731 0.123085
0.219983 -0.076724 0.123100
0.219934 -0.076714 0.123115
0.219901 -0.076703 0.123127
0.219875 -0.076691 0.123137
0.219858 -0.076682 0.123144
0.219833 -0.076675 0.123150
0.219806 -0.076677 0.123152
0.219768 -0.076689 0.123152
0.219737 -0.076701 0.123148
0.219714 -0.076716 0.123143
0.219707 -0.076729 0.123136
0.219707 -0.076731 0.123134
0.219715 -0.076757 0.123115
0.219715 -0.076773 0.123105
0.219712 -0.076820 0.123076
0.219707 -0.076854 0.123054
0.219709 -0.076902 0.123024
0.219710 -0.076908 0.123020
0.219744 -0.076970 0.122977
0.219770 -0.077007 0.122950
0.219796 -0.077040 0.122925
0.219801 -0.077044 0.122922
0.219863 -0.077089 0.122885
0.219875 -0.077096 0.122879
0.219923 -0.077119 0.122857
0.219965 -0.077142 0.122837
0.219997 -0.077166 0.122819
0.220019 -0.077186 0.122807
0.220061 -0.077213 0.122796
0.220086 -0.077222 0.122795
0.220108 -0.077226 0.122795
0.220125 -0.077230 0.122798
0.220151 -0.077228 0.122803
0.220162 -0.077223 0.122807
0.220178 -0.077207 0.122818
0.220185 -0.077189 0.122828
0.220185 -0.077189 0.122828
0.220186 -0.077186 0.122830
0.220179 -0.077127 0.122870
0.220168 -0.077097 0.122892
0.220156 -0.077069 0.122912
0.220134 -0.077045 0.122932
0.220109 -0.077029 0.122946
0.220074 -0.077009 0.122966
0.220047 -0.076992 0.122981
0.220017 -0.076972 0.122999
0.219990 -0.076954 0.123014
0.219983 -0.076951 0.123017
0.219953 -0.076933 0.123033
0.219933 -0.076921 0.123042
0.219910 -0.076914 0.123048
0.219907 -0.076913 0.123048
0.219907 -0.076913 0.123048
0.219885 -0.076917 0.123049
0.219861 -0.076922 0.123048
0.219818 -0.076945 0.123041
0.219807 -0.076964 0.123031
0.219801 -0.076985 0.123018
0.219800 -0.076998 0.123010
0.219801 -0.077029 0.122990
0.219802 -0.077060 0.122970
0.219800 -0.077086 0.122953
0.219799 -0.077113 0.122938
0.219801 -0.077144 0.122918
0.219806 -0.077173 0.122900
0.219819 -0.077197 0.122882
0.219830 -0.077218 0.122867
0.219839 -0.077243 0.122851
0.219847 -0.077265 0.122838
0.219854 -0.077284 0.122826
0.219861 -0.077295 0.122818
0.219870 -0.077304 0.122812
0.219878 -0.077308 0.122811
0.219903 -0.077310 0.122808
0.219921 -0.077307 0.122810
0.219945 -0.077294 0.122815
0.219968 -0.077279 0.122823
0.219985 -0.077267 0.122830
0.220002 -0.077248 0.122839
0.220011 -0.077229 0.122851
0.220022 -0.077203 0.122866
0.220031 -0.077181 0.122878
0.220045 -0.077155 0.122891
0.220056 -0.077129 0.122907
0.220067 -0.077099 0.122924
0.220072 -0.077077 0.122937
0.220079 -0.077051 0.122950
0.220082 -0.077034 0.122960
0.220086 -0.077006 0.122977
0.220084 -0.076987 0.122987
0.220084 -0.076974 0.122996
0.220078 -0.076963 0.123002
0.220069 -0.076958 0.123006
0.220052 -0.076956 0.123010
0.220029 -0.076958 0.123012
0.220009 -0.076964 0.123011
0.219987 -0.076973 0.123008
0.219955 -0.076989 0.123004
0.219926 -0.077008 0.122998
0.219900 -0.077028 0.122990
0.219878 -0.077045 0.122983
0.219840 -0.077077 0.122970
0.219806 -0.077107 0.122957
0.219772 -0.077138 0.122942
0.219743 -0.077167 0.122929
0.219710 -0.077200 0.122914
0.219678 -0.077237 0.122899
0.219665 -0.077256 0.122888
0.219654 -0.077274 0.122879
0.219647 -0.077303 0.122862
0.219644 -0.077323 0.122852
0.219643 -0.077342 0.122840
0.219641 -0.077352 0.122834
0.219643 -0.077364 0.122828
0.219644 -0.077371 0.122823
0.219649 -0.077378 0.122820
0.219662 -0.077379 0.122817
0.219680 -0.077374 0.122817
0.219722 -0.077361 0.122819
0.219762 -0.077344 0.122822
0.219812 -0.077323 0.122826
0.219869 -0.077298 0.122833
0.219915 -0.077274 0.122839
0.219967 -0.077248 0.122847
0.220014 -0.077222 0.122857
0.220047 -0.077202 0.122865
0.220078 -0.077183 0.122871
0.220112 -0.077160 0.122879
0.220144 -0.077138 0.122888
0.220162 -0.077124 0.122894
0.220186 -0.077105 0.122902
0.220202 -0.077091 0.122908
0.220212 -0.077080 0.122913
0.220214 -0.077072 0.122917
0.220203 -0.077070 0.122921
0.220185 -0.077072 0.122925
0.220163 -0.077076 0.122927
0.220135 -0.077080 0.122927
0.220110 -0.077087 0.122928
0.220080 -0.077094 0.122929
0.220027 -0.077110 0.122925
0.219933 -0.077144 0.122919
0.219846 -0.077176 0.122914
0.219776 -0.077202 0.122910
0.219704 -0.077231 0.122905
0.219628 -0.077263 0.122897
0.219532 -0.077305 0.122887
0.219478 -0.077332 0.122879
0.219441 -0.077354 0.122871
0.219418 -0.077372 0.122864
0.219398 -0.077393 0.122854
0.219384 -0.077410 0.122846
0.219379 -0.077421 0.122840
0.219410 -0.077431 0.122828
0.219452 -0.077428 0.122823
0.219565 -0.077412 0.122813
0.219659 -0.077406 0.122801
0.219714 -0.077406 0.122794
0.219788 -0.077400 0.122787
0.219895 -0.077378 0.122782
0.220001 -0.077353 0.122779
0.220133 -0.077327 0.122777
0.220198 -0.077321 0.122777
0.220253 -0.077315 0.122780
0.220302 -0.077304 0.122785
0.220341 -0.077291 0.122795
0.220352 -0.077288 0.122804
0.220342 -0.077289 0.122811
0.220313 -0.077291 0.122816
0.220278 -0.077295 0.122822
0.220244 -0.077298 0.122827
0.220139 -0.077312 0.122840
0.220081 -0.077319 0.122844
0.219952 -0.077341 0.122852
0.219887 -0.077352 0.122855
0.219738 -0.077376 0.122859
0.219662 -0.077386 0.122863
0.219612 -0.077394 0.122864
0.219508 -0.077415 0.122868
0.219460 -0.077430 0.122867
0.219411 -0.077453 0.122860
0.219406 -0.077466 0.122851
0.219433 -0.077474 0.122843
0.219461 -0.077483 0.122833
0.219518 -0.077508 0.122807
0.219565 -0.077525 0.122788
0.219635 -0.077547 0.122763
0.219716 -0.077561 0.122739
0.219811 -0.077573 0.122715
0.219886 -0.077582 0.122698
0.220021 -0.077608 0.122665
0.220152 -0.077642 0.122635
0.220230 -0.077655 0.122624
0.220324 -0.077667 0.122614
0.220398 -0.077679 0.122611
0.220445 -0.077693 0.122611
0.220469 -0.077706 0.122616
0.220467 -0.077719 0.122623
0.220448 -0.077726 0.122634
0.220418 -0.077726 0.122646
0.220385 -0.077717 0.122661
0.220328 -0.077704 0.122679
0.220246 -0.077693 0.122704
0.220166 -0.077680 0.122726
0.220070 -0.077663 0.122751
0.219987 -0.077643 0.122775
0.219899 -0.077617 0.122801
0.219814 -0.077586 0.122827
0.219804 -0.077584 0.122830
0.219688 -0.077553 0.122860
0.219565 -0.077528 0.122890
0.219521 -0.077514 0.122905
0.219512 -0.077499 0.122913
0.219518 -0.077487 0.122915
0.219526 -0.077482 0.122916
0.219535 -0.077485 0.122912
0.219586 -0.077494 0.122896
0.219629 -0.077500 0.122884
0.219737 -0.077522 0.122851
0.219793 -0.077541 0.122829
0.219900 -0.077586 0.122780
0.220053 -0.077660 0.122709
0.220123 -0.077698 0.122675
0.220193 -0.077743 0.122638
0.220281 -0.077809 0.122593
0.220336 -0.077866 0.122558
0.220378 -0.077958 0.122506
0.220379 -0.077985 0.122492
0.220376 -0.078017 0.122479
0.220370 -0.078038 0.122470
0.220359 -0.078059 0.122464
0.220338 -0.078073 0.122463
0.220315 -0.078081 0.122464
0.220287 -0.078083 0.122468
0.220250 -0.078082 0.122477
0.220197 -0.078076 0.122492
0.220142 -0.078065 0.122510
0.220086 -0.078047 0.122533
0.220042 -0.078029 0.122553
0.219996 -0.078000 0.122578
0.219960 -0.077968 0.122603
0.219926 -0.077930 0.122630
0.219891 -0.077890 0.122659
0.219859 -0.077854 0.122684
0.219829 -0.077819 0.122708
0.219799 -0.077772 0.122740
0.219784 -0.077737 0.122763
0.219783 -0.077707 0.122781
0.219792 -0.077656 0.122806
0.219802 -0.077625 0.122821
0.219815 -0.077595 0.122834
0.219832 -0.077573 0.122842
0.219849 -0.077560 0.122845
0.219863 -0.077556 0.122845
0.219885 -0.077555 0.122842
0.219914 -0.077558 0.122834
0.219945 -0.077564 0.122824
0.219972 -0.077574 0.122813
0.220028 -0.077604 0.122781
0.220073 -0.077650 0.122744
0.220101 -0.077699 0.122710
0.220142 -0.077771 0.122659
0.220159 -0.077803 0.122637
0.220184 -0.077862 0.122598
0.220197 -0.077927 0.122559
0.220197 -0.077986 0.122525
0.220187 -0.078033 0.122500
0.220184 -0.078043 0.122495
0.220137 -0.078114 0.122463
0.220110 -0.078139 0.122453
0.220079 -0.078162 0.122446
0.219994 -0.078191 0.122444
0.219941 -0.078195 0.122454
0.219883 -0.078189 0.122468
0.219827 -0.078171 0.122491
0.219783 -0.078137 0.122523
0.219766 -0.078093 0.122552
0.219764 -0.078048 0.122580
0.219769 -0.077997 0.122609
0.219781 -0.077931 0.122647
0.219793 -0.077885 0.122672
0.219818 -0.077828 0.122703
0.219854 -0.077787 0.122720
0.219923 -0.077741 0.122735
0.220033 -0.077687 0.122744
0.220067 -0.077675 0.122745
0.220113 -0.077665 0.122741
0.220162 -0.077672 0.122728
0.220207 -0.077693 0.122708
0.220236 -0.077720 0.122685
0.220253 -0.077765 0.122655
0.220251 -0.077820 0.122621
0.220242 -0.077875 0.122588
0.220224 -0.077935 0.122556
0.220191 -0.077993 0.122526
0.220145 -0.078046 0.122503
0.220094 -0.078098 0.122482
0.220023 -0.078158 0.122459
0.219940 -0.078212 0.122442
0.219858 -0.078251 0.122433
0.219800 -0.078272 0.122430
0.219800 -0.078272 0.122430
0.219800 -0.078272 0.122430
0.219535 -0.078321 0.122449
0.219449 -0.078317 0.122466
0.219407 -0.078302 0.122482
0.219388 -0.078274 0.122503
0.219384 -0.078244 0.122524
0.219382 -0.078224 0.122537
0.219385 -0.078168 0.122571
0.219399 -0.078138 0.122587
0.219404 -0.078133 0.122589
0.219435 -0.078101 0.122603
0.219541 -0.078026 0.122628
0.219600 -0.077992 0.122636
0.219600 -0.077992 0.122636
0.219692 -0.077953 0.122644
0.219753 -0.077931 0.122646
0.219851 -0.077901 0.122646
0.219851 -0.077901 0.122646
0.219939 -0.077878 0.122643
0.220093 -0.077855 0.122630
0.220171 -0.077855 0.122615
0.220171 -0.077855 0.122615
0.220189 -0.077856 0.122611
0.220249 -0.077863 0.122595
0.220304 -0.077879 0.122577
0.220304 -0.077879 0.122577
0.220360 -0.077905 0.122553
0.220397 -0.077936 0.122528
0.220420 -0.077972 0.122504
0.220420 -0.077972 0.122504
0.220423 -0.078056 0.122456
0.220407 -0.078093 0.122439
0.220401 -0.078105 0.122433
0.220392 -0.078118 0.122427
0.220350 -0.078165 0.122407
0.220293 -0.078214 0.122391
0.220225 -0.078260 0.122375
0.220149 -0.078307 0.122361
0.220092 -0.078336 0.122354
0.219981 -0.078376 0.122349
0.219901 -0.078397 0.122350
0.219797 -0.078422 0.122353
0.219738 -0.078433 0.122358
0.219665 -0.078444 0.122363
0.219585 -0.078451 0.122374
0.219539 -0.078450 0.122382
0.219519 -0.078448 0.122387
0.219469 -0.078441 0.122400
0.219357 -0.078414 0.122435
0.219283 -0.078388 0.122465
0.219231 -0.078356 0.122492
0.219200 -0.078318 0.122522
0.219215 -0.078251 0.122560
0.219267 -0.078194 0.122586
0.219317 -0.078147 0.122604
0.219415 -0.078084 0.122625
0.219474 -0.078059 0.122631
0.219564 -0.078030 0.122632
0.219682 -0.078001 0.122629
0.219798 -0.077986 0.122615
0.219901 -0.077986 0.122596
0.219994 -0.077995 0.122572
0.220106 -0.078023 0.122534
0.220160 -0.078051 0.122507
0.220204 -0.078087 0.122479
0.220250 -0.078158 0.122429
0.220257 -0.078218 0.122395
0.220239 -0.078287 0.122359
0.220203 -0.078350 0.122331
0.220154 -0.078411 0.122306
0.220095 -0.078463 0.122285
0.220006 -0.078514 0.122271
0.219903 -0.078554 0.122265
0.219725 -0.078604 0.122268
0.219608 -0.078620 0.122279
0.219556 -0.078624 0.122286
0.219464 -0.078618 0.122306
0.219412 -0.078608 0.122321
0.219342 -0.078588 0.122345
0.219290 -0.078574 0.122364
0.219228 -0.078553 0.122388
0.219175 -0.078530 0.122411
0.219147 -0.078511 0.122428
0.219114 -0.078473 0.122456
0.219104 -0.078431 0.122484
0.219106 -0.078395 0.122505
0.219114 -0.078359 0.122525
0.219127 -0.078323 0.122546
0.219128 -0.078316 0.122550
0.219147 -0.078276 0.122572
0.219191 -0.078213 0.122604
0.219252 -0.078160 0.122623
0.219337 -0.078110 0.122640
0.219439 -0.078065 0.122650
0.219522 -0.078043 0.122649
0.219626 -0.078026 0.122639
0.219744 -0.078013 0.122626
0.219843 -0.078007 0.122610
0.219977 -0.078012 0.122580
0.220056 -0.078034 0.122550
0.220082 -0.078051 0.122535
0.220100 -0.078071 0.122521
0.220104 -0.078143 0.122479
0.220092 -0.078193 0.122452
0.220080 -0.078247 0.122423
0.220066 -0.078276 0.122409
0.219996 -0.078297 0.122391
0.219906 -0.078303 0.122368
0.219829 -0.078295 0.122340
0.219761 -0.078277 0.122314
0.219704 -0.078254 0.122289
0.219578 -0.078165 0.122209
0.219512 -0.078087 0.122147
0.219495 -0.078062 0.122130
0.219447 -0.077983 0.122079
0.219409 -0.077905 0.122034
0.219368 -0.077817 0.121983
0.219299 -0.077628 0.121869
0.219280 -0.077446 0.121786
0.219302 -0.077327 0.121734
0.219370 -0.077136 0.121649
0.219421 -0.077019 0.121593
0.219466 -0.076928 0.121547
0.219581 -0.076744 0.121428
0.219602 -0.076713 0.121405
0.219731 -0.076538 0.121261
0.219879 -0.076377 0.121096
0.219966 -0.076304 0.121005
0.220113 -0.076198 0.120850
0.220205 -0.076142 0.120730
0.220251 -0.076115 0.120656
0.220357 -0.076055 0.120468
0.220405 -0.076017 0.120334
0.220407 -0.075974 0.120185
0.220340 -0.075931 0.120024
0.220234 -0.075883 0.119854
0.220101 -0.075821 0.119682
0.220086 -0.075811 0.119662
0.219880 -0.075667 0.119401
0.219621 -0.075462 0.119107
0.219458 -0.075341 0.118963
0.219402 -0.075299 0.118922
0.219325 -0.075243 0.118869
0.219159 -0.075115 0.118770
0.219005 -0.074989 0.118696
0.218857 -0.074863 0.118643
0.218719 -0.074736 0.118612
0.218607 -0.074615 0.118598
0.218505 -0.074491 0.118596
0.218414 -0.074364 0.118606
0.218342 -0.074255 0.118617
0.218266 -0.074122 0.118633
0.218196 -0.073960 0.118659
0.218162 -0.073835 0.118683
0.218140 -0.073690 0.118718
0.218127 -0.073539 0.118767
0.218124 -0.073410 0.118816
0.218124 -0.073410 0.118816
0.218132 -0.073278 0.118874
0.218142 -0.073159 0.118929
0.218188 -0.072942 0.119038
0.218215 -0.072863 0.119070
0.218245 -0.072780 0.119099
0.218278 -0.072705 0.119123
0.218316 -0.072639 0.119145
0.218406 -0.072545 0.119165
0.218466 -0.072504 0.119159
0.218607 -0.072434 0.119099
0.218665 -0.072424 0.119052
0.218719 -0.072425 0.118982
0.218771 -0.072437 0.118860
0.218786 -0.072449 0.118756
0.218739 -0.072514 0.118508
0.218679 -0.072571 0.118349
0.218670 -0.072579 0.118325
0.218566 -0.072649 0.118081
0.218409 -0.072729 0.117806
0.218297 -0.072777 0.117642
0.218192 -0.072782 0.117504
0.218001 -0.072737 0.117265
0.217871 -0.072685 0.117101
0.217757 -0.072620 0.116969
0.217744 -0.072608 0.116954
0.217657 -0.072535 0.116857
0.217657 -0.072535 0.116857
0.217467 -0.072350 0.116674
0.217380 -0.072255 0.116604
0.217301 -0.072149 0.116540
0.217224 -0.072006 0.116481
0.217176 -0.071869 0.116440
0.217133 -0.071705 0.116403
0.217100 -0.071546 0.116373
0.217072 -0.071382 0.116348
0.217052 -0.071212 0.116327
0.217046 -0.071009 0.116313
0.217050 -0.070862 0.116309
0.217064 -0.070642 0.116314
0.217078 -0.070497 0.116324
0.217099 -0.070309 0.116343
0.217123 -0.070125 0.116367
0.217148 -0.069971 0.116391
0.217219 -0.069667 0.116449
0.217333 -0.069305 0.116498
0.217384 -0.069159 0.116503
0.217457 -0.068931 0.116471
0.217506 -0.068740 0.116406
0.217526 -0.068607 0.116327
0.217521 -0.068513 0.116247
0.217487 -0.068385 0.116095
0.217456 -0.068311 0.115967
0.217422 -0.068260 0.115849
0.217349 -0.068200 0.115668
0.217215 -0.068172 0.115468
0.217078 -0.068170 0.115308
0.216940 -0.068158 0.115151
0.216803 -0.068135 0.114994
0.216670 -0.068108 0.114853
0.216670 -0.068108 0.114853
0.216418 -0.068037 0.114605
0.216397 -0.068029 0.114585
0.216268 -0.067973 0.114460
0.216025 -0.067849 0.114229
0.215988 -0.067828 0.114194
0.215847 -0.067743 0.114064
0.215598 -0.067559 0.113829
0.215562 -0.067526 0.113793
0.215459 -0.067417 0.113688
0.215359 -0.067275 0.113577
0.215292 -0.067150 0.113497
0.215247 -0.067051 0.113443
0.215169 -0.066856 0.113354
0.215123 -0.066706 0.113298
0.215091 -0.066561 0.113252
0.215072 -0.066401 0.113215
0.215064 -0.066244 0.113183
0.215072 -0.066082 0.113155
0.215088 -0.065910 0.113133
0.215113 -0.065748 0.113114
0.215183 -0.065402 0.113067
0.215224 -0.065236 0.113042
0.215265 -0.065081 0.113019
0.215305 -0.064937 0.112995
0.215344 -0.064792 0.112965
0.215390 -0.064637 0.112932
0.215447 -0.064468 0.112888
0.215482 -0.064368 0.112858
0.215557 -0.064159 0.112797
0.215606 -0.064022 0.112765
0.215640 -0.063898 0.112735
0.215661 -0.063781 0.112704
0.215670 -0.063681 0.112675
0.215670 -0.063586 0.112644
0.215660 -0.063406 0.112578
0.215648 -0.063335 0.112551
0.215591 -0.063214 0.112483
0.215461 -0.063081 0.112380
0.215348 -0.062977 0.112281
0.215334 -0.062964 0.112267
0.215269 -0.062908 0.112207
0.215142 -0.062805 0.112086
0.215029 -0.062726 0.111985
0.214893 -0.062641 0.111876
0.214781 -0.062584 0.111792
0.214506 -0.062474 0.111613
0.214361 -0.062418 0.111534
0.214361 -0.062418 0.111534
0.214219 -0.062365 0.111464
0.214081 -0.062320 0.111403
0.213920 -0.062273 0.111347
0.213761 -0.062222 0.111296
0.213627 -0.062176 0.111260
0.213627 -0.062176 0.111260
0.213496 -0.062133 0.111232
0.213378 -0.062088 0.111203
0.213259 -0.062029 0.111170
0.213169 -0.061975 0.111140
0.213090 -0.061916 0.111111
0.213023 -0.061852 0.111083
0.212965 -0.061780 0.111052
0.212934 -0.061720 0.111024
0.212918 -0.061648 0.110991
0.212918 -0.061648 0.110991
0.212919 -0.061583 0.110963
0.212936 -0.061492 0.110926
0.212970 -0.061411 0.110895
0.213011 -0.061333 0.110865
0.213047 -0.061269 0.110841
0.213097 -0.061194 0.110819
0.213163 -0.061125 0.110802
0.213163 -0.061125 0.110802
0.213234 -0.061062 0.110791
0.213329 -0.060991 0.110778
0.213423 -0.060929 0.110772
0.213536 -0.060864 0.110774
0.213658 -0.060798 0.110771
0.213757 -0.060743 0.110766
0.213841 -0.060695 0.110762
0.213929 -0.060642 0.110755
0.213997 -0.060596 0.110744
0.214054 -0.060550 0.110726
0.214104 -0.060499 0.110700
0.214104 -0.060499 0.110700
0.214137 -0.060457 0.110673
0.214170 -0.060408 0.110637
0.214194 -0.060357 0.110595
0.214197 -0.060310 0.110551
0.214160 -0.060207 0.110437
0.214102 -0.060117 0.110324
0.214066 -0.060078 0.110276
0.214008 -0.060037 0.110226
0.213818 -0.059988 0.110145
0.213593 -0.059970 0.110093
0.213430 -0.059953 0.110059
0.213414 -0.059950 0.110057
0.213223 -0.059919 0.110024
0.213080 -0.059894 0.109994
0.213034 -0.059886 0.109985
0.212879 -0.059867 0.109958
0.212746 -0.059867 0.109943
0.212672 -0.059883 0.109943
0.212664 -0.059887 0.109943
0.212607 -0.059930 0.109959
0.212642 -0.059977 0.109990
0.212646 -0.059981 0.109995
0.212719 -0.060057 0.110048
0.212826 -0.060156 0.110117
0.212933 -0.060223 0.110166
0.213114 -0.060313 0.110243
0.213133 -0.060321 0.110250
0.213255 -0.060370 0.110298
0.213398 -0.060420 0.110346
0.213538 -0.060464 0.110388
0.213682 -0.060507 0.110430
0.213802 -0.060541 0.110465
0.213932 -0.060574 0.110498
0.214030 -0.060596 0.110520
0.214129 -0.060616 0.110533
0.214198 -0.060633 0.110544
0.214257 -0.060644 0.110549
0.214313 -0.060646 0.110548
0.214367 -0.060640 0.110542
0.214427 -0.060601 0.110529
0.214426 -0.060598 0.110528
0.214409 -0.060572 0.110523
0.214337 -0.060511 0.110506
0.214321 -0.060500 0.110502
0.214266 -0.060460 0.110487
0.214081 -0.060349 0.110438
0.214065 -0.060341 0.110433
0.213954 -0.060280 0.110398
0.213834 -0.060220 0.110363
0.213699 -0.060153 0.110327
0.213581 -0.060089 0.110298
0.213460 -0.060019 0.110269
0.213348 -0.059955 0.110245
0.213242 -0.059897 0.110228
0.213136 -0.059841 0.110213
0.212923 -0.059749 0.110190
0.212831 -0.059715 0.110182
0.212756 -0.059690 0.110176
0.212687 -0.059669 0.110172
0.212639 -0.059656 0.110171
0.212590 -0.059653 0.110177
0.212550 -0.059656 0.110184
0.212522 -0.059669 0.110190
0.212516 -0.059685 0.110196
0.212540 -0.059722 0.110211
0.212540 -0.059722 0.110211
0.212620 -0.059780 0.110223
0.212794 -0.059916 0.110269
0.212889 -0.060007 0.110309
0.213005 -0.060122 0.110366
0.213118 -0.060219 0.110412
0.213132 -0.060230 0.110417
0.213248 -0.060312 0.110457
0.213358 -0.060379 0.110485
0.213490 -0.060446 0.110511
0.213749 -0.060564 0.110545
0.214003 -0.060678 0.110535
0.214073 -0.060711 0.110515
0.214173 -0.060763 0.110500
0.214184 -0.060767 0.110498
0.214243 -0.060766 0.110489
0.214230 -0.060751 0.110487
0.214179 -0.060717 0.110485
0.214124 -0.060676 0.110483
0.213993 -0.060589 0.110483
0.213887 -0.060533 0.110484
0.213737 -0.060459 0.110481
0.213698 -0.060441 0.110479
0.213570 -0.060387 0.110472
0.213408 -0.060319 0.110461
0.213247 -0.060241 0.110448
0.213121 -0.060166 0.110432
0.212993 -0.060078 0.110418
0.212872 -0.059985 0.110407
0.212763 -0.059897 0.110401
0.212671 -0.059828 0.110403
0.212480 -0.059697 0.110429
0.212399 -0.059639 0.110456
0.212302 -0.059558 0.110521
0.212297 -0.059554 0.110527
0.212266 -0.059509 0.110608
0.212280 -0.059505 0.110655
0.212369 -0.059515 0.110760
0.212376 -0.059517 0.110767
0.212436 -0.059547 0.110827
0.212504 -0.059594 0.110893
0.212504 -0.059594 0.110893
0.212570 -0.059643 0.110949
0.212659 -0.059707 0.111013
0.212760 -0.059775 0.111069
0.212878 -0.059848 0.111124
0.212990 -0.059917 0.111166
0.213125 -0.059997 0.111203
0.213259 -0.060083 0.111231
0.213356 -0.060152 0.111250
0.213479 -0.060247 0.111269
0.213572 -0.060327 0.111277
0.213649 -0.060405 0.111280
0.213735 -0.060497 0.111273
0.213790 -0.060561 0.111262
0.213860 -0.060647 0.111241
0.213917 -0.060722 0.111209
0.213956 -0.060786 0.111174
0.213979 -0.060843 0.111133
0.213988 -0.060901 0.111099
0.213985 -0.060946 0.111072
0.213966 -0.061000 0.111028
0.213947 -0.061035 0.110996
0.213908 -0.061079 0.110956
0.213858 -0.061108 0.110921
0.213801 -0.061128 0.110897
0.213718 -0.061143 0.110870
0.213626 -0.061151 0.110844
0.213496 -0.061155 0.110809
0.213383 -0.061152 0.110783
0.213383 -0.061152 0.110783
0.213265 -0.061142 0.110758
0.213137 -0.061123 0.110732
0.213011 -0.061091 0.110709
0.212824 -0.061003 0.110687
0.212739 -0.060950 0.110680
0.212539 -0.060832 0.110672
0.212429 -0.060753 0.110671
0.212417 -0.060743 0.110673
0.212362 -0.060676 0.110678
0.212324 -0.060603 0.110692
0.212291 -0.060539 0.110711
0.212259 -0.060477 0.110737
0.212259 -0.060477 0.110737
0.212234 -0.060425 0.110764
0.212223 -0.060367 0.110813
0.212246 -0.060317 0.110868
0.212289 -0.060275 0.110928
0.212351 -0.060236 0.111002
0.212418 -0.060211 0.111082
0.212557 -0.060207 0.111247
0.212580 -0.060209 0.111271
0.212723 -0.060247 0.111439
0.212733 -0.060250 0.111451
0.212805 -0.060275 0.111522
0.212893 -0.060306 0.111590
0.212976 -0.060338 0.111638
0.213048 -0.060370 0.111678
0.213224 -0.060469 0.111767
0.213280 -0.060520 0.111787
0.213377 -0.060648 0.111792
0.213428 -0.060729 0.111779
0.213465 -0.060814 0.111761
0.213469 -0.060826 0.111758
0.213485 -0.060894 0.111738
0.213488 -0.060978 0.111709
0.213482 -0.061050 0.111683
0.213470 -0.061127 0.111644
0.213442 -0.061269 0.111579
0.213356 -0.061434 0.111506
0.213269 -0.061517 0.111472
0.213029 -0.061680 0.111391
0.212901 -0.061740 0.111346
0.212887 -0.061744 0.111341
0.212811 -0.061764 0.111310
0.212732 -0.061774 0.111275
0.212659 -0.061772 0.111241
0.212601 -0.061764 0.111215
0.212530 -0.061749 0.111184
0.212468 -0.061728 0.111163
0.212400 -0.061699 0.111147
0.212344 -0.061660 0.111138
0.212301 -0.061612 0.111143
0.212283 -0.061565 0.111154
0.212283 -0.061565 0.111154
0.212280 -0.061512 0.111169
0.212290 -0.061442 0.111188
0.212307 -0.061382 0.111202
0.212333 -0.061298 0.111226
0.212368 -0.061215 0.111251
0.212410 -0.061136 0.111279
0.212476 -0.061044 0.111316
0.212553 -0.060958 0.111353
0.212622 -0.060892 0.111381
0.212622 -0.060892 0.111381
0.212715 -0.060821 0.111425
0.212785 -0.060776 0.111464
0.212862 -0.060731 0.111516
0.212932 -0.060698 0.111565
0.213006 -0.060674 0.111618
0.213110 -0.060641 0.111676
0.213220 -0.060610 0.111727
0.213298 -0.060595 0.111768
0.213386 -0.060593 0.111828
0.213446 -0.060603 0.111874
0.213505 -0.060624 0.111923
0.213549 -0.060645 0.111964
0.213549 -0.060645 0.111964
0.213592 -0.060677 0.112003
0.213626 -0.060711 0.112037
0.213652 -0.060751 0.112065
0.213671 -0.060803 0.112089
0.213676 -0.060854 0.112106
0.213672 -0.060917 0.112115
0.213653 -0.060972 0.112115
0.213624 -0.061035 0.112115
0.213580 -0.061096 0.112097
0.213529 -0.061161 0.112080
0.213462 -0.061242 0.112064
0.213384 -0.061316 0.112042
0.213304 -0.061379 0.112019
0.213203 -0.061449 0.111999
0.213124 -0.061497 0.111983
0.213124 -0.061497 0.111983
0.213008 -0.061556 0.111961
0.212925 -0.061594 0.111948
0.212802 -0.061641 0.111930
0.212706 -0.061667 0.111909
0.212628 -0.061686 0.111890
0.212543 -0.061706 0.111870
0.212474 -0.061719 0.111854
0.212400 -0.061722 0.111830
0.212400 -0.061722 0.111830
0.212298 -0.061693 0.111784
0.212298 -0.061693 0.111784
0.212255 -0.061671 0.111761
0.212222 -0.061652 0.111743
0.212183 -0.061616 0.111715
0.212157 -0.061559 0.111681
0.212159 -0.061511 0.111658
0.212170 -0.061467 0.111638
0.212210 -0.061395 0.111611
0.212263 -0.061336 0.111595
0.212327 -0.061287 0.111589
0.212400 -0.061241 0.111590
0.212487 -0.061194 0.111596
0.212565 -0.061159 0.111603
0.212787 -0.061098 0.111639
0.212998 -0.061049 0.111682
0.213199 -0.061032 0.111732
0.213317 -0.061034 0.111765
0.213410 -0.061040 0.111795
0.213488 -0.061051 0.111820
0.213625 -0.061073 0.111866
0.213643 -0.061078 0.111874
0.213712 -0.061112 0.111921
0.213714 -0.061116 0.111924
0.213727 -0.061138 0.111943
0.213726 -0.061159 0.111954
0.213661 -0.061184 0.111957
0.213570 -0.061194 0.111960
0.213487 -0.061188 0.111948
0.213407 -0.061174 0.111939
0.213395 -0.061172 0.111937
0.213304 -0.061150 0.111921
0.213157 -0.061121 0.111894
0.213136 -0.061116 0.111891
0.213048 -0.061102 0.111877
0.212913 -0.061079 0.111855
0.212712 -0.061046 0.111828
0.212630 -0.061031 0.111820
0.212611 -0.061027 0.111818
0.212468 -0.060995 0.111796
0.212401 -0.060979 0.111780
0.212341 -0.060962 0.111767
0.212269 -0.060942 0.111752
0.212204 -0.060922 0.111739
0.212137 -0.060906 0.111724
0.212082 -0.060896 0.111711
0.212045 -0.060891 0.111701
0.211997 -0.060889 0.111687
0.211978 -0.060889 0.111682
0.211968 -0.060892 0.111669
0.211971 -0.060894 0.111666
0.212009 -0.060916 0.111671
0.212116 -0.060973 0.111698
0.212208 -0.061023 0.111729
0.212323 -0.061088 0.111775
0.212439 -0.061162 0.111813
0.212593 -0.061261 0.111851
0.212763 -0.061358 0.111885
0.212935 -0.061446 0.111909
0.213093 -0.061517 0.111914
0.213277 -0.061602 0.111915
0.213420 -0.061676 0.111913
0.213447 -0.061691 0.111912
0.213640 -0.061807 0.111885
0.213708 -0.061843 0.111857
0.213760 -0.061867 0.111837
0.213806 -0.061885 0.111814
0.213819 -0.061884 0.111788
0.213817 -0.061883 0.111786
0.213746 -0.061860 0.111746
0.213695 -0.061838 0.111727
0.213579 -0.061781 0.111700
0.213486 -0.061733 0.111683
0.213375 -0.061672 0.111665
0.213253 -0.061594 0.111645
0.213131 -0.061515 0.111629
0.213016 -0.061453 0.111621
0.212923 -0.061405 0.111617
0.212877 -0.061383 0.111617
0.212752 -0.061328 0.111615
0.212728 -0.061317 0.111615
0.212583 -0.061250 0.111607
0.212479 -0.061212 0.111608
0.212441 -0.061210 0.111612
0.212418 -0.061227 0.111620
0.212417 -0.061249 0.111624
0.212418 -0.061278 0.111638
0.212422 -0.061301 0.111646
0.212442 -0.061361 0.111657
0.212451 -0.061379 0.111662
0.212550 -0.061499 0.111693
0.212645 -0.061596 0.111717
0.212725 -0.061678 0.111734
0.212784 -0.061745 0.111747
0.212846 -0.061816 0.111762
0.212911 -0.061891 0.111779
0.212962 -0.061951 0.111792
0.213028 -0.062023 0.111804
0.213096 -0.062093 0.111813
0.213168 -0.062161 0.111820
0.213258 -0.062239 0.111823
0.213323 -0.062288 0.111821
0.213461 -0.062382 0.111815
0.213521 -0.062418 0.111812
0.213618 -0.062474 0.111803
0.213687 -0.062511 0.111786
0.213757 -0.062543 0.111766
0.213814 -0.062570 0.111753
0.213868 -0.062590 0.111735
0.213905 -0.062600 0.111714
0.213928 -0.062607 0.111703
0.213932 -0.062604 0.111686
0.213922 -0.062592 0.111673
0.213894 -0.062571 0.111658
0.213860 -0.062539 0.111643
0.213826 -0.062504 0.111630
0.213788 -0.062467 0.111623
0.213743 -0.062427 0.111617
0.213696 -0.062393 0.111612
0.213641 -0.062357 0.111605
0.213540 -0.062300 0.111594
0.213469 -0.062264 0.111589
0.213395 -0.062230 0.111584
0.213318 -0.062198 0.111580
0.213202 -0.062153 0.111576
0.213134 -0.062129 0.111574
0.213066 -0.062106 0.111574
0.212972 -0.062081 0.111576
0.212911 -0.062069 0.111581
0.212868 -0.062063 0.111585
0.212838 -0.062061 0.111589
0.212804 -0.062069 0.111599
0.212793 -0.062078 0.111605
0.212797 -0.062093 0.111613
0.212814 -0.062114 0.111622
0.212839 -0.062136 0.111628
0.212872 -0.062170 0.111641
0.212936 -0.062224 0.111658
0.212997 -0.062275 0.111666
0.213067 -0.062336 0.111681
0.213144 -0.062404 0.111704
0.213210 -0.062465 0.111721
0.213260 -0.062508 0.111733
0.213389 -0.062622 0.111759
0.213507 -0.062718 0.111774
0.213622 -0.062814 0.111783
0.213722 -0.062901 0.111779
0.213831 -0.062989 0.111762
0.213904 -0.063050 0.111744
0.213962 -0.063093 0.111721
0.214025 -0.063125 0.111691
0.214075 -0.063145 0.111675
0.214097 -0.063141 0.111646
0.214086 -0.063128 0.111627
0.214045 -0.063103 0.111605
0.213975 -0.063054 0.111579
0.213913 -0.062989 0.111551
0.213848 -0.062914 0.111525
0.213765 -0.062839 0.111509
0.213644 -0.062753 0.111501
0.213521 -0.062675 0.111502
0.213433 -0.062628 0.111505
0.213303 -0.062561 0.111520
0.213103 -0.062470 0.111567
0.213013 -0.062436 0.111594
0.212922 -0.062402 0.111621
0.212879 -0.062388 0.111641
0.212853 -0.062381 0.111663
0.212859 -0.062386 0.111680
0.212883 -0.062393 0.111690
0.212935 -0.062419 0.111709
0.212988 -0.062447 0.111721
0.213065 -0.062493 0.111732
0.213138 -0.062545 0.111748
0.213245 -0.062626 0.111772
0.213258 -0.062635 0.111774
0.213423 -0.062771 0.111812
0.213526 -0.062853 0.111832
0.213540 -0.062865 0.111835
0.213707 -0.063014 0.111867
0.213783 -0.063085 0.111873
0.213864 -0.063155 0.111873
0.213864 -0.063155 0.111873
0.213875 -0.063165 0.111874
0.213954 -0.063233 0.111872
0.214030 -0.063296 0.111869
0.214099 -0.063350 0.111854
0.214189 -0.063412 0.111823
0.214198 -0.063419 0.111821
0.214262 -0.063476 0.111800
0.214267 -0.063488 0.111788
0.214262 -0.063497 0.111783
0.214260 -0.063497 0.111782
0.214250 -0.063499 0.111777
0.214240 -0.063496 0.111775
0.214227 -0.063485 0.111776
0.214198 -0.063460 0.111781
0.214100 -0.063403 0.111803
0.214048 -0.063379 0.111818
0.213901 -0.063302 0.111857
0.213827 -0.063255 0.111872
0.213802 -0.063239 0.111876
0.213802 -0.063239 0.111876
0.213626 -0.063123 0.111899
0.213551 -0.063069 0.111908
0.213418 -0.062974 0.111924
0.213396 -0.062959 0.111927
0.213341 -0.062925 0.111931
0.213238 -0.062860 0.111938
0.213223 -0.062849 0.111940
0.213154 -0.062798 0.111961
0.213137 -0.062784 0.111973
0.213132 -0.062781 0.111985
0.213160 -0.062794 0.112008
0.213199 -0.062817 0.112036
0.213204 -0.062820 0.112040
0.213231 -0.062842 0.112058
0.213254 -0.062862 0.112070
0.213334 -0.062929 0.112098
0.213386 -0.062972 0.112118
0.213498 -0.063070 0.112153
0.213571 -0.063145 0.112173
0.213584 -0.063159 0.112176
0.213649 -0.063229 0.112193
0.213783 -0.063373 0.112219
0.213853 -0.063446 0.112231
0.213993 -0.063592 0.112242
0.214022 -0.063620 0.112242
0.214092 -0.063690 0.112237
0.214092 -0.063690 0.112237
0.214147 -0.063746 0.112231
0.214213 -0.063812 0.112221
0.214275 -0.063876 0.112211
0.214402 -0.064014 0.112187
0.214476 -0.064094 0.112162
0.214541 -0.064163 0.112130
0.214603 -0.064237 0.112115
0.214641 -0.064296 0.112092
0.214647 -0.064327 0.112083
0.214616 -0.064343 0.112079
0.214541 -0.064347 0.112078
0.214460 -0.064340 0.112076
0.214369 -0.064319 0.112077
0.214231 -0.064263 0.112096
0.214157 -0.064228 0.112113
0.214039 -0.064168 0.112137
0.213915 -0.064098 0.112166
0.213769 -0.064006 0.112199
0.213648 -0.063921 0.112230
0.213545 -0.063848 0.112261
0.213448 -0.063785 0.112297
0.213345 -0.063722 0.112335
0.213255 -0.063672 0.112379
0.213204 -0.063640 0.112416
0.213180 -0.063628 0.112454
0.213198 -0.063632 0.112496
0.213256 -0.063661 0.112551
0.213334 -0.063696 0.112600
0.213427 -0.063740 0.112642
0.213440 -0.063748 0.112648
0.213630 -0.063874 0.112721
0.213827 -0.064038 0.112789
0.213959 -0.064154 0.112819
0.213975 -0.064170 0.112824
0.214156 -0.064327 0.112847
0.214409 -0.064548 0.112843
0.214426 -0.064563 0.112842
0.214650 -0.064778 0.112802
0.214812 -0.064951 0.112745
0.214910 -0.065062 0.112705
0.214986 -0.065160 0.112666
0.215045 -0.065268 0.112651
0.215067 -0.065352 0.112641
0.215058 -0.065428 0.112645
0.215023 -0.065491 0.112656
0.214968 -0.065534 0.112677
0.214891 -0.065558 0.112697
0.214789 -0.065570 0.112712
0.214676 -0.065569 0.112736
0.214659 -0.065567 0.112740
0.214412 -0.065546 0.112794
0.214165 -0.065493 0.112855
0.214017 -0.065433 0.112909
0.213887 -0.065366 0.112963
0.213779 -0.065301 0.113016
0.213767 -0.065293 0.113022
0.213620 -0.065194 0.113110
0.213508 -0.065114 0.113200
0.213454 -0.065074 0.113267
0.213434 -0.065052 0.113341
0.213460 -0.065058 0.113413
0.213521 -0.065086 0.113498
0.213614 -0.065120 0.113580
0.213717 -0.065157 0.113640
0.213835 -0.065206 0.113695
0.213871 -0.065223 0.113709
0.213871 -0.065223 0.113709
0.213970 -0.065268 0.113740
0.214084 -0.065335 0.113773
0.214182 -0.065403 0.113795
0.214302 -0.065490 0.113810
0.214398 -0.065559 0.113818
0.214511 -0.065643 0.113825
0.214659 -0.065761 0.113824
0.214780 -0.065865 0.113813
0.214780 -0.065865 0.113813
0.214902 -0.065975 0.113795
0.215003 -0.066070 0.113776
0.215099 -0.066164 0.113751
0.215201 -0.066270 0.113714
0.215338 -0.066430 0.113654
0.215398 -0.066521 0.113611
0.215441 -0.066595 0.113572
0.215483 -0.066684 0.113543
0.215509 -0.066758 0.113526
0.215516 -0.066821 0.113515
0.215503 -0.066877 0.113513
0.215468 -0.066938 0.113516
0.215423 -0.066985 0.113518
0.215362 -0.067025 0.113522
0.215276 -0.067055 0.113524
0.215174 -0.067073 0.113529
0.215086 -0.067082 0.113534
0.214992 -0.067084 0.113545
0.214878 -0.067074 0.113558
0.214760 -0.067053 0.113573
0.214640 -0.067024 0.113591
0.214496 -0.066984 0.113615
0.214367 -0.066944 0.113643
0.214205 -0.066889 0.113681
0.213953 -0.066783 0.113757
0.213827 -0.066716 0.113801
0.213735 -0.066657 0.113841
0.213643 -0.066585 0.113894
0.213577 -0.066525 0.113936
0.213513 -0.066464 0.113985
0.213469 -0.066419 0.114029
0.213439 -0.066376 0.114080
0.213435 -0.066349 0.114128
0.213454 -0.066330 0.114186
0.213493 -0.066321 0.114241
0.213550 -0.066325 0.114312
0.213677 -0.066351 0.114424
0.213711 -0.066360 0.114451
0.213802 -0.066382 0.114507
0.214048 -0.066481 0.114638
0.214241 -0.066578 0.114712
0.214452 -0.066711 0.114765
0.214636 -0.066838 0.114788
0.214678 -0.066867 0.114791
0.214805 -0.066959 0.114799
0.214939 -0.067061 0.114799
0.215090 -0.067177 0.114790
0.215220 -0.067279 0.114771
0.215441 -0.067482 0.114715
0.215535 -0.067580 0.114676
0.215620 -0.067679 0.114637
0.215620 -0.067679 0.114637
0.215695 -0.067779 0.114599
0.215765 -0.067877 0.114547
0.215818 -0.067972 0.114509
0.215818 -0.067972 0.114509
0.215848 -0.068059 0.114491
0.215861 -0.068244 0.114453
0.215838 -0.068318 0.114447
0.215800 -0.068382 0.114443
0.215673 -0.068502 0.114442
0.215591 -0.068544 0.114438
0.215350 -0.068589 0.114441
0.215151 -0.068599 0.114455
0.215130 -0.068599 0.114458
0.214832 -0.068580 0.114499
0.214501 -0.068502 0.114584
0.214320 -0.068417 0.114653
0.214176 -0.068327 0.114721
0.214056 -0.068239 0.114785
0.213935 -0.068132 0.114861
0.213845 -0.068031 0.114941
0.213786 -0.067947 0.115020
0.213762 -0.067862 0.115117
0.213788 -0.067811 0.115210
0.213857 -0.067780 0.115308
0.213960 -0.067771 0.115419
0.214090 -0.067774 0.115517
0.214261 -0.067796 0.115615
0.214427 -0.067839 0.115702
0.214564 -0.067889 0.115764
0.214585 -0.067897 0.115774
0.214856 -0.068033 0.115870
0.214856 -0.068033 0.115870
0.215280 -0.068335 0.115932
0.215395 -0.068431 0.115926
0.215395 -0.068431 0.115926
0.215701 -0.068719 0.115861
0.215928 -0.068962 0.115761
0.215942 -0.068979 0.115751
0.216082 -0.069183 0.115665
0.216169 -0.069399 0.115560
0.216194 -0.069572 0.115516
0.216177 -0.069703 0.115495
0.216132 -0.069836 0.115481
0.216055 -0.069944 0.115464
0.215951 -0.070025 0.115462
0.215803 -0.070085 0.115457
0.215679 -0.070117 0.115456
0.215473 -0.070139 0.115457
0.215275 -0.070137 0.115471
0.215086 -0.070105 0.115487
0.214908 -0.070050 0.115522
0.214759 -0.069981 0.115573
0.214670 -0.069929 0.115612
0.214456 -0.069779 0.115728
0.214376 -0.069703 0.115788
0.214249 -0.069549 0.115914
0.214182 -0.069434 0.116018
0.214157 -0.069346 0.116114
0.214164 -0.069256 0.116240
0.214232 -0.069185 0.116410
0.214333 -0.069160 0.116568
0.214434 -0.069157 0.116699
0.214505 -0.069159 0.116769
0.214597 -0.069169 0.116849
0.214717 -0.069202 0.116947
0.214735 -0.069207 0.116962
0.214735 -0.069207 0.116962
0.214847 -0.069253 0.117055
0.214944 -0.069305 0.117131
0.215042 -0.069369 0.117198
0.215244 -0.069525 0.117285
0.215345 -0.069611 0.117312
0.215449 -0.069706 0.117324
0.215545 -0.069809 0.117320
0.215621 -0.069902 0.117310
0.215725 -0.070037 0.117290
0.215725 -0.070037 0.117290
0.215816 -0.070170 0.117262
0.215886 -0.070292 0.117231
0.215964 -0.070443 0.117187
0.216017 -0.070572 0.117147
0.216062 -0.070719 0.117109
0.216082 -0.070860 0.117062
0.216084 -0.071007 0.117013
0.216078 -0.071152 0.116984
0.216065 -0.071286 0.116961
0.215994 -0.071543 0.116924
0.215939 -0.071651 0.116915
0.215862 -0.071768 0.116905
0.215862 -0.071768 0.116905
0.215714 -0.071928 0.116911
0.215471 -0.072071 0.116919
0.215286 -0.072118 0.116934
0.215144 -0.072126 0.116950
0.215028 -0.072112 0.116974
0.214877 -0.072063 0.117031
0.214694 -0.071943 0.117149
0.214637 -0.071885 0.117198
0.214522 -0.071700 0.117349
0.214477 -0.071580 0.117436
0.214454 -0.071278 0.117660
0.214498 -0.071100 0.117814
0.214556 -0.070999 0.117932
0.214634 -0.070926 0.118058
0.214755 -0.070883 0.118201
0.214878 -0.070863 0.118307
0.215008 -0.070864 0.118416
0.215096 -0.070871 0.118483
0.215307 -0.070929 0.118600
0.215407 -0.070973 0.118637
0.215509 -0.071026 0.118666
0.215509 -0.071026 0.118666
0.215616 -0.071099 0.118694
0.215712 -0.071183 0.118707
0.215795 -0.071270 0.118707
0.215869 -0.071363 0.118700
0.215941 -0.071467 0.118687
0.216010 -0.071575 0.118666
0.216071 -0.071691 0.118640
0.216130 -0.071827 0.118600
0.216130 -0.071827 0.118600
0.216168 -0.071946 0.118562
0.216193 -0.072066 0.118525
0.216211 -0.072186 0.118489
0.216218 -0.072294 0.118444
0.216219 -0.072412 0.118402
0.216209 -0.072539 0.118371
0.216189 -0.072642 0.118342
0.216144 -0.072771 0.118304
0.216096 -0.072865 0.118282
0.216030 -0.072954 0.118261
0.215942 -0.073046 0.118238
0.215844 -0.073131 0.118222
0.215696 -0.073220 0.118201
0.215587 -0.073259 0.118190
0.215502 -0.073274 0.118189
0.215407 -0.073284 0.118192
0.215325 -0.073282 0.118201
0.215236 -0.073266 0.118217
0.215155 -0.073238 0.118238
0.215079 -0.073199 0.118269
0.214895 -0.073062 0.118378
0.214748 -0.072884 0.118504
0.214665 -0.072727 0.118607
0.214605 -0.072582 0.118701
0.214569 -0.072446 0.118801
0.214560 -0.072308 0.118920
0.214574 -0.072221 0.119015
0.214602 -0.072152 0.119121
0.214663 -0.072096 0.119251
0.214721 -0.072076 0.119351
0.214871 -0.072049 0.119527
0.215052 -0.072063 0.119688
0.215222 -0.072109 0.119802
0.215363 -0.072177 0.119883
0.215396 -0.072195 0.119899
0.215495 -0.072254 0.119939
0.215600 -0.072335 0.119975
0.215702 -0.072432 0.120003
0.215877 -0.072644 0.120021
0.215956 -0.072758 0.120015
0.216033 -0.072891 0.119998
0.216095 -0.073012 0.119976
0.216095 -0.073012 0.119976
0.216148 -0.073142 0.119943
0.216196 -0.073279 0.119905
0.216236 -0.073415 0.119863
0.216262 -0.073529 0.119828
0.216276 -0.073630 0.119786
0.216284 -0.073761 0.119738
0.216280 -0.073884 0.119706
0.216259 -0.074023 0.119676
0.216227 -0.074122 0.119657
0.216176 -0.074232 0.119637
0.216107 -0.074343 0.119618
0.216107 -0.074343 0.119618
0.216028 -0.074436 0.119599
0.215939 -0.074519 0.119583
0.215844 -0.074582 0.119573
0.215769 -0.074616 0.119563
0.215621 -0.074665 0.119551
0.215435 -0.074701 0.119545
0.215340 -0.074701 0.119555
0.215245 -0.074681 0.119576
0.215171 -0.074652 0.119598
0.215090 -0.074614 0.119630
0.215008 -0.074572 0.119669
0.214932 -0.074514 0.119716
0.214865 -0.074444 0.119767
0.214794 -0.074353 0.119830
0.214696 -0.074187 0.119949
0.214696 -0.074187 0.119949
0.214659 -0.074100 0.120008
0.214638 -0.074023 0.120061
0.214620 -0.073934 0.120128
0.214614 -0.073844 0.120205
0.214619 -0.073786 0.120280
0.214630 -0.073740 0.120355
0.214630 -0.073740 0.120355
0.214673 -0.073656 0.120516
0.214761 -0.073625 0.120712
0.214885 -0.073610 0.120837
0.214982 -0.073543 0.120836
0.215056 -0.073543 0.120875
0.215086 -0.073557 0.120901
0.215173 -0.073606 0.120969
0.215460 -0.073781 0.121018
0.215645 -0.073959 0.121040
0.215764 -0.074091 0.121073
0.215779 -0.074109 0.121075
0.215935 -0.074346 0.121071
0.216045 -0.074589 0.121062
0.216064 -0.074639 0.121060
0.216120 -0.074800 0.121064
0.216212 -0.075110 0.121086
0.216234 -0.075213 0.121056
0.216264 -0.075501 0.121009
0.216266 -0.075521 0.121004
0.216252 -0.075780 0.120989
0.216246 -0.075800 0.120988
0.216206 -0.075911 0.120974
0.216169 -0.075970 0.120954
0.216058 -0.076089 0.120900
0.215974 -0.076158 0.120864
0.215890 -0.076219 0.120840
0.215705 -0.076300 0.120804
0.215616 -0.076309 0.120797
0.215515 -0.076309 0.120801
0.215186 -0.076258 0.120862
0.214933 -0.076142 0.120947
0.214827 -0.076050 0.120990
0.214665 -0.075866 0.121099
0.214643 -0.075831 0.121114
0.214586 -0.075733 0.121150
0.214475 -0.075505 0.121240
0.214412 -0.075275 0.121358
0.214413 -0.075149 0.121432
0.214448 -0.074994 0.121513
0.214490 -0.074904 0.121562
0.214583 -0.074793 0.121640
0.214655 -0.074759 0.121675
0.214809 -0.074756 0.121728
0.214820 -0.074757 0.121731
0.214874 -0.074775 0.121744
0.214977 -0.074823 0.121762
0.215069 -0.074887 0.121781
0.215149 -0.074953 0.121790
0.215256 -0.075060 0.121799
0.215357 -0.075176 0.121805
0.215454 -0.075305 0.121815
0.215549 -0.075443 0.121815
0.215636 -0.075585 0.121804
0.215636 -0.075585 0.121804
0.215715 -0.075727 0.121782
0.215788 -0.075879 0.121762
0.215837 -0.076005 0.121751
0.215886 -0.076151 0.121731
0.215951 -0.076411 0.121682
0.215977 -0.076669 0.121644
0.215958 -0.076899 0.121620
0.215913 -0.077045 0.121611
0.215856 -0.077178 0.121605
0.215774 -0.077284 0.121592
0.215698 -0.077340 0.121577
0.215626 -0.077372 0.121567
0.215457 -0.077390 0.121565
0.215363 -0.077370 0.121571
0.215153 -0.077285 0.121600
0.215009 -0.077198 0.121633
0.214857 -0.077065 0.121682
0.214730 -0.076919 0.121728
0.214624 -0.076756 0.121777
0.214536 -0.076571 0.121826
0.214476 -0.076416 0.121863
0.214393 -0.076082 0.121947
0.214384 -0.075889 0.122007
0.214394 -0.075761 0.122058
0.214440 -0.075587 0.122162
0.214445 -0.075576 0.122170
0.214522 -0.075456 0.122235
0.214531 -0.075448 0.122240
0.214580 -0.075411 0.122262
0.214757 -0.075391 0.122280
0.214767 -0.075394 0.122280
0.214822 -0.075411 0.122276
0.214903 -0.075458 0.122267
0.214976 -0.075520 0.122255
0.215056 -0.075601 0.122240
0.215135 -0.075693 0.122225
0.215228 -0.075812 0.122205
0.215299 -0.075920 0.122179
0.215353 -0.076013 0.122147
0.215467 -0.076259 0.122058
0.215551 -0.076557 0.121965
0.215583 -0.076807 0.121888
0.215584 -0.076980 0.121838
0.215571 -0.077096 0.121808
0.215568 -0.077111 0.121804
0.215543 -0.077212 0.121774
0.215543 -0.077212 0.121774
0.215521 -0.077279 0.121756
0.215481 -0.077352 0.121729
0.215443 -0.077400 0.121706
0.215397 -0.077436 0.121683
0.215342 -0.077462 0.121666
0.215280 -0.077473 0.121655
0.215210 -0.077471 0.121646
0.215143 -0.077455 0.121645
0.215055 -0.077425 0.121648
0.214985 -0.077394 0.121656
0.214905 -0.077351 0.121667
0.214763 -0.077253 0.121693
0.214607 -0.077088 0.121724
0.214416 -0.076807 0.121776
0.214316 -0.076605 0.121810
0.214245 -0.076413 0.121837
0.214201 -0.076267 0.121859
0.214163 -0.076115 0.121883
0.214125 -0.075862 0.121936
0.214129 -0.075751 0.121967
0.214158 -0.075575 0.122027
0.214222 -0.075431 0.122098
0.214288 -0.075366 0.122132
0.214346 -0.075339 0.122149
0.214364 -0.075334 0.122151
0.214414 -0.075329 0.122159
0.214467 -0.075339 0.122165
0.214531 -0.075361 0.122165
0.214611 -0.075399 0.122163
0.214702 -0.075452 0.122156
0.214815 -0.075537 0.122151
0.214893 -0.075611 0.122143
0.215051 -0.075831 0.122110
0.215121 -0.075960 0.122092
0.215121 -0.075960 0.122092
0.215181 -0.076087 0.122055
0.215238 -0.076216 0.122005
0.215288 -0.076347 0.121954
0.215333 -0.076483 0.121911
0.215368 -0.076621 0.121870
0.215411 -0.076909 0.121768
0.215415 -0.077031 0.121726
0.215407 -0.077142 0.121687
0.215372 -0.077325 0.121620
0.215366 -0.077340 0.121614
0.215332 -0.077426 0.121580
0.215302 -0.077481 0.121555
0.215263 -0.077530 0.121530
0.215213 -0.077571 0.121508
0.215168 -0.077592 0.121496
0.215060 -0.077596 0.121491
0.215000 -0.077575 0.121498
0.214929 -0.077541 0.121511
0.214785 -0.077440 0.121550
0.214785 -0.077440 0.121550
0.214574 -0.077229 0.121633
0.214447 -0.077040 0.121698
0.214325 -0.076791 0.121789
0.214272 -0.076611 0.121846
0.214213 -0.076335 0.121932
0.214193 -0.076165 0.121982
0.214199 -0.075912 0.122061
0.214237 -0.075741 0.122127
0.214290 -0.075648 0.122170
0.214381 -0.075578 0.122207
0.214465 -0.075560 0.122222
0.214561 -0.075587 0.122221
0.214669 -0.075663 0.122202
0.214780 -0.075779 0.122174
0.214869 -0.075902 0.122148
0.215030 -0.076175 0.122090
0.215131 -0.076399 0.122011
0.215211 -0.076634 0.121937
0.215254 -0.076795 0.121889
0.215306 -0.077116 0.121783
0.215313 -0.077330 0.121711
0.215303 -0.077496 0.121654
0.215288 -0.077621 0.121606
0.215247 -0.077771 0.121543
0.215204 -0.077863 0.121502
0.215160 -0.077919 0.121472
0.215109 -0.077946 0.121455
0.215068 -0.077943 0.121454
0.214989 -0.077910 0.121465
0.214915 -0.077860 0.121484
0.214857 -0.077800 0.121508
0.214798 -0.077722 0.121540
0.214685 -0.077535 0.121606
0.214573 -0.077289 0.121691
0.214516 -0.077104 0.121758
0.214511 -0.077080 0.121766
0.214453 -0.076818 0.121851
0.214412 -0.076426 0.121984
0.214412 -0.076270 0.122035
0.214432 -0.076070 0.122107
0.214437 -0.076055 0.122114
0.214502 -0.075926 0.122172
0.214577 -0.075857 0.122211
0.214656 -0.075842 0.122221
0.214775 -0.075898 0.122201
0.214783 -0.075905 0.122199
0.214917 -0.076027 0.122147
0.214986 -0.076108 0.122119
0.215126 -0.076327 0.122039
0.215185 -0.076441 0.122001
0.215241 -0.076566 0.121960
0.215291 -0.076703 0.121917
0.215357 -0.077022 0.121822
0.215368 -0.077136 0.121788
0.215378 -0.077445 0.121693
0.215366 -0.077640 0.121626
0.215343 -0.077773 0.121579
0.215343 -0.077773 0.121579
0.215318 -0.077853 0.121550
0.215289 -0.077925 0.121532
0.215248 -0.077995 0.121508
0.215211 -0.078038 0.121493
0.215152 -0.078079 0.121471
0.215103 -0.078101 0.121463
0.215042 -0.078114 0.121459
0.214994 -0.078112 0.121462
0.214939 -0.078092 0.121473
0.214764 -0.077924 0.121542
0.214649 -0.077725 0.121626
0.214637 -0.077705 0.121634
0.214589 -0.077602 0.121671
0.214537 -0.077482 0.121714
0.214488 -0.077356 0.121756
0.214445 -0.077225 0.121800
0.214408 -0.077091 0.121842
0.214381 -0.076972 0.121882
0.214357 -0.076839 0.121930
0.214340 -0.076708 0.121974
0.214326 -0.076557 0.122025
0.214324 -0.076465 0.122054
0.214327 -0.076353 0.122095
0.214340 -0.076241 0.122137
0.214357 -0.076165 0.122170
0.214394 -0.076080 0.122209
0.214481 -0.075966 0.122269
0.214552 -0.075922 0.122293
0.214614 -0.075911 0.122299
0.214682 -0.075915 0.122297
0.214758 -0.075941 0.122284
0.214887 -0.076051 0.122231
0.214958 -0.076138 0.122196
0.214958 -0.076138 0.122196
0.215019 -0.076229 0.122164
0.215083 -0.076341 0.122120
0.215124 -0.076433 0.122085
0.215178 -0.076573 0.122036
0.215178 -0.076573 0.122036
0.215216 -0.076709 0.121995
0.215239 -0.076819 0.121963
0.215260 -0.076946 0.121923
0.215277 -0.077083 0.121881
0.215286 -0.077228 0.121840
0.215289 -0.077320 0.121816
0.215283 -0.077424 0.121786
0.215260 -0.077602 0.121733
0.215238 -0.077718 0.121704
0.215238 -0.077718 0.121704
0.215212 -0.077810 0.121681
0.215179 -0.077894 0.121653
0.215140 -0.077968 0.121620
0.215095 -0.078055 0.121593
0.215095 -0.078055 0.121593
0.215062 -0.078106 0.121583
0.215038 -0.078138 0.121577
0.214982 -0.078179 0.121562
0.214939 -0.078192 0.121559
0.214856 -0.078198 0.121563
0.214856 -0.078198 0.121563
0.214795 -0.078192 0.121571
0.214704 -0.078172 0.121588
0.214627 -0.078140 0.121610
0.214511 -0.078031 0.121670
0.214467 -0.077952 0.121711
0.214426 -0.077861 0.121750
0.214331 -0.077620 0.121859
0.214259 -0.077323 0.121946
0.214256 -0.077307 0.121950
0.214239 -0.077167 0.121987
0.214228 -0.076909 0.122067
0.214228 -0.076802 0.122095
0.214238 -0.076664 0.122136
0.214252 -0.076572 0.122171
0.214305 -0.076420 0.122239
0.214344 -0.076355 0.122272
0.214373 -0.076319 0.122288
0.214439 -0.076263 0.122320
0.214487 -0.076236 0.122334
0.214604 -0.076217 0.122339
0.214681 -0.076229 0.122326
0.214754 -0.076248 0.122310
0.214805 -0.076270 0.122295
0.215065 -0.076502 0.122162
0.215133 -0.076592 0.122118
0.215277 -0.076925 0.121990
0.215309 -0.077072 0.121938
0.215332 -0.077240 0.121881
0.215341 -0.077383 0.121834
0.215342 -0.077404 0.121826
0.215342 -0.077526 0.121794
0.215301 -0.077769 0.121717
0.215274 -0.077849 0.121677
0.215237 -0.077940 0.121640
0.215198 -0.078022 0.121614
0.215110 -0.078135 0.121571
0.215039 -0.078178 0.121548
0.215031 -0.078182 0.121547
0.214975 -0.078203 0.121539
0.214896 -0.078212 0.121538
0.214809 -0.078199 0.121549
0.214718 -0.078170 0.121571
0.214585 -0.078099 0.121612
0.214493 -0.078021 0.121649
0.214420 -0.077942 0.121689
0.214350 -0.077851 0.121730
0.214284 -0.077750 0.121769
0.214222 -0.077637 0.121808
0.214157 -0.077492 0.121841
0.214118 -0.077383 0.121865
0.214083 -0.077273 0.121892
0.214056 -0.077162 0.121924
0.214039 -0.077072 0.121949
0.214011 -0.076810 0.122009
0.214010 -0.076681 0.122043
0.214016 -0.076580 0.122077
0.214016 -0.076580 0.122077
0.214030 -0.076482 0.122111
0.214053 -0.076380 0.122148
0.214108 -0.076234 0.122207
0.214138 -0.076188 0.122230
0.214178 -0.076146 0.122252
0.214208 -0.076124 0.122261
0.214257 -0.076103 0.122272
0.214311 -0.076093 0.122276
0.214345 -0.076092 0.122276
0.214420 -0.076106 0.122263
0.214611 -0.076223 0.122201
0.214728 -0.076351 0.122142
0.214838 -0.076551 0.122061
0.214886 -0.076675 0.122008
0.214928 -0.076810 0.121959
0.214958 -0.076931 0.121919
0.214990 -0.077139 0.121857
0.214993 -0.077263 0.121817
0.214991 -0.077283 0.121810
0.214966 -0.077513 0.121735
0.214942 -0.077621 0.121698
0.214933 -0.077656 0.121686
0.214920 -0.077704 0.121669
0.214920 -0.077704 0.121669
0.214889 -0.077797 0.121640
0.214799 -0.077976 0.121582
0.214759 -0.078021 0.121561
0.214720 -0.078059 0.121545
0.214705 -0.078069 0.121541
0.214599 -0.078109 0.121531
0.214544 -0.078114 0.121529
0.214529 -0.078115 0.121528
0.214529 -0.078115 0.121528
0.214466 -0.078111 0.121533
0.214288 -0.078042 0.121571
0.214288 -0.078042 0.121571
0.214278 -0.078033 0.121574
0.214202 -0.077973 0.121604
0.214103 -0.077862 0.121654
0.214038 -0.077764 0.121691
0.213996 -0.077687 0.121722
0.213988 -0.077671 0.121727
0.213940 -0.077552 0.121771
0.213925 -0.077517 0.121785
0.213925 -0.077517 0.121785
0.213912 -0.077479 0.121796
0.213849 -0.077236 0.121868
0.213828 -0.077124 0.121902
0.213819 -0.077068 0.121920
0.213806 -0.076811 0.121992
0.213813 -0.076732 0.122015
0.213823 -0.076625 0.122047
0.213830 -0.076580 0.122061
0.213830 -0.076580 0.122061
0.213835 -0.076551 0.122069
0.213864 -0.076447 0.122104
0.213864 -0.076447 0.122104
0.213913 -0.076354 0.122139
0.214036 -0.076228 0.122193
0.214064 -0.076214 0.122201
0.214131 -0.076195 0.122211
0.214165 -0.076194 0.122210
0.214182 -0.076195 0.122211
0.214252 -0.076218 0.122198
0.214342 -0.076273 0.122174
0.214434 -0.076356 0.122136
0.214519 -0.076462 0.122097
0.214599 -0.076611 0.122050
0.214670 -0.076797 0.121976
0.214718 -0.076956 0.121922
0.214764 -0.077170 0.121863
0.214787 -0.077342 0.121813
0.214799 -0.077536 0.121757
0.214793 -0.077691 0.121714
0.214759 -0.077859 0.121674
0.214703 -0.077969 0.121640
0.214623 -0.078079 0.121599
0.214581 -0.078134 0.121587
0.214563 -0.078153 0.121583
0.214442 -0.078221 0.121562
0.214354 -0.078216 0.121574
0.214289 -0.078186 0.121592
0.214224 -0.078144 0.121620
0.214075 -0.078016 0.121698
0.213978 -0.077891 0.121763
0.213902 -0.077762 0.121827
0.213828 -0.077610 0.121888
0.213789 -0.077503 0.121925
0.213741 -0.077254 0.121994
0.213732 -0.077091 0.122041
0.213736 -0.076973 0.122074
0.213762 -0.076798 0.122124
0.213786 -0.076716 0.122153
0.213868 -0.076584 0.122211
0.213919 -0.076537 0.122232
0.213985 -0.076502 0.122251
0.214039 -0.076492 0.122253
0.214168 -0.076512 0.122236
0.214269 -0.076562 0.122206
0.214315 -0.076598 0.122186
0.214458 -0.076754 0.122104
0.214545 -0.076881 0.122041
0.214554 -0.076897 0.122034
0.214610 -0.077018 0.121983
0.214656 -0.077153 0.121936
0.214685 -0.077274 0.121898
0.214705 -0.077392 0.121860
0.214717 -0.077546 0.121815
0.214720 -0.077669 0.121789
0.214698 -0.077900 0.121708
0.214687 -0.077941 0.121690
0.214650 -0.078042 0.121653
0.214606 -0.078151 0.121631
0.214571 -0.078222 0.121604
0.214524 -0.078303 0.121568
0.214474 -0.078357 0.121550
0.214417 -0.078390 0.121544
0.214371 -0.078402 0.121543
0.214325 -0.078408 0.121545
0.214285 -0.078410 0.121544
0.214227 -0.078402 0.121553
0.214116 -0.078346 0.121590
0.214053 -0.078300 0.121621
0.214043 -0.078292 0.121626
0.214002 -0.078252 0.121646
0.213954 -0.078195 0.121674
0.213907 -0.078130 0.121705
0.213866 -0.078060 0.121740
0.213835 -0.077999 0.121770
0.213800 -0.077917 0.121808
0.213770 -0.077827 0.121844
0.213749 -0.077752 0.121874
0.213729 -0.077659 0.121914
0.213717 -0.077561 0.121952
0.213710 -0.077481 0.121980
0.213707 -0.077294 0.122032
0.213713 -0.077113 0.122077
0.213723 -0.077020 0.122106
0.213739 -0.076916 0.122139
0.213744 -0.076901 0.122144
0.213780 -0.076759 0.122183
0.213827 -0.076647 0.122221
0.213856 -0.076597 0.122244
0.213896 -0.076551 0.122269
0.213903 -0.076545 0.122272
0.213970 -0.076503 0.122291
0.213997 -0.076498 0.122294
0.214075 -0.076502 0.122286
0.214123 -0.076521 0.122274
0.214166 -0.076546 0.122257
0.214185 -0.076560 0.122248
0.214220 -0.076591 0.122229
0.214316 -0.076697 0.122173
0.214401 -0.076814 0.122110
0.214454 -0.076909 0.122062
0.214454 -0.076909 0.122062
0.214463 -0.076928 0.122053
0.214501 -0.077042 0.122005
0.214542 -0.077221 0.121945
0.214564 -0.077370 0.121895
0.214573 -0.077472 0.121861
0.214579 -0.077666 0.121812
0.214566 -0.077834 0.121759
0.214540 -0.077978 0.121702
0.214491 -0.078155 0.121659
0.214430 -0.078289 0.121614
0.214366 -0.078373 0.121579
0.214281 -0.078449 0.121565
0.214262 -0.078462 0.121564
0.214138 -0.078503 0.121562
0.214048 -0.078479 0.121587
0.213983 -0.078420 0.121622
0.213933 -0.078354 0.121659
0.213933 -0.078354 0.121659
0.213835 -0.078180 0.121741
0.213782 -0.078044 0.121800
0.213728 -0.077781 0.121889
0.213720 -0.077667 0.121922
0.213714 -0.077414 0.121999
0.213722 -0.077162 0.122050
0.213752 -0.076951 0.122110
0.213786 -0.076819 0.122152
0.213790 -0.076804 0.122155
0.213855 -0.076651 0.122206
0.213894 -0.076603 0.122227
0.213956 -0.076559 0.122248
0.214000 -0.076540 0.122255
0.214009 -0.076537 0.122256
0.214095 -0.076520 0.122260
0.214117 -0.076522 0.122258
0.214156 -0.076530 0.122249
0.214190 -0.076549 0.122236
0.214265 -0.076624 0.122185
0.214273 -0.076632 0.122179
0.214336 -0.076743 0.122113
0.214343 -0.076756 0.122106
0.214399 -0.076897 0.122027
0.214436 -0.077035 0.121963
0.214453 -0.077130 0.121921
0.214468 -0.077254 0.121871
0.214468 -0.077254 0.121871
0.214473 -0.077417 0.121817
0.214462 -0.077577 0.121762
0.214448 -0.077690 0.121719
0.214432 -0.077783 0.121687
0.214403 -0.077908 0.121654
0.214364 -0.078026 0.121619
0.214301 -0.078154 0.121559
0.214279 -0.078193 0.121540
0.214199 -0.078307 0.121503
0.214139 -0.078368 0.121487
0.214072 -0.078409 0.121470
0.214031 -0.078425 0.121465
0.213966 -0.078435 0.121464
0.213897 -0.078425 0.121473
0.213852 -0.078408 0.121485
0.213792 -0.078376 0.121506
0.213750 -0.078348 0.121523
0.213723 -0.078325 0.121535
0.213676 -0.078280 0.121560
0.213625 -0.078213 0.121595
0.213551 -0.078057 0.121674
0.213551 -0.078057 0.121674
0.213537 -0.078010 0.121693
0.213514 -0.077903 0.121728
0.213496 -0.077759 0.121768
0.213483 -0.077602 0.121802
0.213483 -0.077602 0.121802
0.213484 -0.077455 0.121832
0.213488 -0.077328 0.121859
0.213499 -0.077204 0.121883
0.213518 -0.077090 0.121903
0.213544 -0.076992 0.121924
0.213544 -0.076992 0.121924
0.213592 -0.076890 0.121952
0.213644 -0.076797 0.121979
0.213691 -0.076727 0.122003
0.213779 -0.076645 0.122036
0.213824 -0.076623 0.122045
0.213824 -0.076623 0.122045
0.213881 -0.076603 0.122051
0.213936 -0.076593 0.122050
0.213998 -0.076597 0.122044
0.214046 -0.076613 0.122031
0.214160 -0.076685 0.121979
0.214197 -0.076718 0.121958
0.214295 -0.076848 0.121881
0.214329 -0.076922 0.121839
0.214384 -0.077135 0.121729
0.214397 -0.077296 0.121660
0.214394 -0.077470 0.121593
0.214381 -0.077582 0.121554
0.214325 -0.077798 0.121480
0.214294 -0.077879 0.121454
0.214208 -0.078036 0.121407
0.214066 -0.078199 0.121360
0.213963 -0.078279 0.121337
0.213863 -0.078331 0.121321
0.213761 -0.078353 0.121318
0.213673 -0.078342 0.121329
0.213583 -0.078308 0.121352
0.213533 -0.078276 0.121368
0.213414 -0.078156 0.121422
0.213343 -0.078049 0.121480
0.213289 -0.077900 0.121541
0.213261 -0.077760 0.121573
0.213243 -0.077653 0.121594
0.213214 -0.077500 0.121626
0.213206 -0.077353 0.121663
0.213262 -0.077145 0.121709
0.213278 -0.077111 0.121715
0.213376 -0.076962 0.121744
0.213526 -0.076817 0.121773
0.213589 -0.076776 0.121786
0.213684 -0.076760 0.121790
0.213695 -0.076761 0.121788
0.213814 -0.076789 0.121765
0.213947 -0.076860 0.121730
0.214030 -0.076943 0.121692
0.214097 -0.077040 0.121651
0.214163 -0.077196 0.121597
0.214203 -0.077351 0.121544
0.214226 -0.077515 0.121492
0.214225 -0.077694 0.121446
0.214199 -0.077831 0.121417
0.214157 -0.077960 0.121391
0.214062 -0.078141 0.121359
0.213974 -0.078258 0.121340
0.213869 -0.078363 0.121321
0.213782 -0.078429 0.121310
0.213630 -0.078501 0.121305
0.213522 -0.078524 0.121318
0.213407 -0.078518 0.121338
0.213314 -0.078489 0.121354
0.213232 -0.078446 0.121370
0.213102 -0.078337 0.121411
0.213036 -0.078252 0.121441
0.212950 -0.078079 0.121474
0.212901 -0.077913 0.121492
0.212883 -0.077780 0.121499
0.212886 -0.077658 0.121495
0.212917 -0.077450 0.121463
0.212944 -0.077344 0.121439
0.213031 -0.077142 0.121371
0.213129 -0.076999 0.121296
0.213212 -0.076911 0.121229
0.213296 -0.076833 0.121154
0.213387 -0.076774 0.121085
0.213443 -0.076746 0.121040
0.213569 -0.076711 0.120924
0.213625 -0.076707 0.120868
0.213758 -0.076719 0.120713
0.213880 -0.076758 0.120538
0.213976 -0.076799 0.120410
0.214054 -0.076826 0.120286
0.214136 -0.076857 0.120108
0.214161 -0.076888 0.119973
0.214157 -0.076920 0.119820
0.214134 -0.076946 0.119692
0.214097 -0.076963 0.119505
0.214057 -0.076937 0.119334
0.214009 -0.076892 0.119180
0.213935 -0.076817 0.118982
0.213839 -0.076711 0.118754
0.213826 -0.076697 0.118728
0.213652 -0.076499 0.118406
0.213633 -0.076476 0.118373
0.213424 -0.076195 0.118000
0.213407 -0.076172 0.117971
0.213315 -0.076041 0.117817
0.213208 -0.075873 0.117641
0.213120 -0.075729 0.117509
0.213029 -0.075566 0.117373
0.212963 -0.075436 0.117274
0.212891 -0.075271 0.117170
0.212844 -0.075140 0.117103
0.212800 -0.075000 0.117045
0.212760 -0.074866 0.116994
0.212734 -0.074739 0.116950
0.212724 -0.074601 0.116902
0.212726 -0.074495 0.116866
0.212726 -0.074495 0.116866
0.212738 -0.074378 0.116822
0.212765 -0.074219 0.116754
0.212797 -0.074087 0.116691
0.212837 -0.073941 0.116612
0.212873 -0.073822 0.116544
0.212916 -0.073691 0.116463
0.212952 -0.073583 0.116394
0.212952 -0.073583 0.116394
0.213038 -0.073368 0.116251
0.213087 -0.073273 0.116183
0.213194 -0.073092 0.116044
0.213214 -0.073063 0.116023
0.213269 -0.072980 0.115958
0.213321 -0.072897 0.115895
0.213371 -0.072816 0.115827
0.213457 -0.072671 0.115690
0.213494 -0.072604 0.115623
0.213566 -0.072453 0.115485
0.213572 -0.072439 0.115473
0.213599 -0.072361 0.115402
0.213639 -0.072194 0.115231
0.213647 -0.072013 0.115038
0.213636 -0.071858 0.114862
0.213602 -0.071702 0.114691
0.213547 -0.071565 0.114545
0.213478 -0.071430 0.114399
0.213414 -0.071329 0.114293
0.213352 -0.071242 0.114204
0.213217 -0.071063 0.114042
0.213071 -0.070869 0.113878
0.212987 -0.070755 0.113794
0.212966 -0.070728 0.113777
0.212850 -0.070566 0.113672
0.212730 -0.070354 0.113565
0.212715 -0.070324 0.113552
0.212629 -0.070142 0.113482
0.212593 -0.070044 0.113444
0.212525 -0.069814 0.113356
0.212464 -0.069549 0.113246
0.212459 -0.069531 0.113238
0.212436 -0.069416 0.113191
0.212436 -0.069416 0.113191
0.212418 -0.069302 0.113144
0.212409 -0.069221 0.113113
0.212400 -0.068996 0.113032
0.212407 -0.068859 0.112985
0.212427 -0.068674 0.112919
0.212469 -0.068467 0.112831
0.212500 -0.068363 0.112785
0.212530 -0.068272 0.112741
0.212603 -0.068072 0.112629
0.212653 -0.067956 0.112556
0.212666 -0.067927 0.112537
0.212753 -0.067772 0.112424
0.212865 -0.067604 0.112271
0.212929 -0.067502 0.112173
0.212988 -0.067411 0.112072
0.213051 -0.067311 0.111951
0.213097 -0.067229 0.111852
0.213154 -0.067125 0.111719
0.213199 -0.067034 0.111591
0.213233 -0.066964 0.111485
0.213256 -0.066897 0.111385
0.213264 -0.066821 0.111272
0.213253 -0.066749 0.111156
0.213232 -0.066688 0.111057
0.213195 -0.066619 0.110947
0.213148 -0.066550 0.110836
0.213095 -0.066488 0.110738
0.213088 -0.066481 0.110726
0.212970 -0.066365 0.110550
0.212937 -0.066339 0.110510
0.212828 -0.066263 0.110402
0.212772 -0.066221 0.110352
0.212711 -0.066173 0.110300
0.212676 -0.066142 0.110270
0.212637 -0.066109 0.110244
0.212611 -0.066083 0.110231
0.212585 -0.066056 0.110222
0.212563 -0.066035 0.110226
0.212544 -0.066018 0.110236
0.212530 -0.066005 0.110247
0.212519 -0.065991 0.110263
0.212515 -0.065986 0.110279
0.212521 -0.065990 0.110309
0.212543 -0.066003 0.110352
0.212563 -0.066019 0.110388
0.212611 -0.066045 0.110449
0.212655 -0.066068 0.110499
0.212713 -0.066102 0.110561
0.212787 -0.066147 0.110632
0.212860 -0.066191 0.110689
0.212945 -0.066240 0.110744
0.213021 -0.066281 0.110778
0.213108 -0.066325 0.110801
0.213196 -0.066369 0.110809
0.213272 -0.066409 0.110805
0.213343 -0.066447 0.110789
0.213414 -0.066483 0.110755
0.213487 -0.066529 0.110725
0.213551 -0.066570 0.110680
0.213601 -0.066608 0.110637
0.213649 -0.066651 0.110578
0.213675 -0.066679 0.110535
0.213705 -0.066722 0.110461
0.213717 -0.066755 0.110389
0.213723 -0.066785 0.110330
0.213725 -0.066821 0.110257
0.213726 -0.066849 0.110186
0.213721 -0.066872 0.110113
0.213709 -0.066890 0.110041
0.213687 -0.066910 0.109964
0.213668 -0.066927 0.109897
0.213665 -0.066929 0.109890
0.213623 -0.066966 0.109785
0.213601 -0.066987 0.109762
0.213566 -0.067029 0.109746
0.213539 -0.067065 0.109747
0.213514 -0.067104 0.109758
0.213491 -0.067154 0.109780
0.213486 -0.067210 0.109817
0.213501 -0.067253 0.109852
0.213522 -0.067312 0.109902
0.213542 -0.067376 0.109959
0.213558 -0.067433 0.110010
0.213579 -0.067538 0.110099
0.213599 -0.067608 0.110158
0.213647 -0.067718 0.110250
0.213698 -0.067797 0.110314
0.213770 -0.067889 0.110388
0.213787 -0.067910 0.110405
0.213901 -0.068051 0.110513
0.214007 -0.068185 0.110596
0.214084 -0.068278 0.110643
0.214170 -0.068369 0.110684
0.214181 -0.068379 0.110687
0.214241 -0.068441 0.110714
0.214305 -0.068509 0.110742
0.214366 -0.068577 0.110766
0.214433 -0.068654 0.110794
0.214489 -0.068719 0.110814
0.214552 -0.068791 0.110837
0.214602 -0.068852 0.110859
0.214650 -0.068917 0.110887
0.214693 -0.068980 0.110915
0.214732 -0.069041 0.110941
0.214771 -0.069104 0.110969
0.214805 -0.069163 0.110997
0.214805 -0.069163 0.110997
0.214833 -0.069221 0.111024
0.214857 -0.069270 0.111049
0.214875 -0.069325 0.111077
0.214885 -0.069363 0.111098
0.214890 -0.069398 0.111118
0.214891 -0.069428 0.111138
0.214869 -0.069486 0.111184
0.214851 -0.069507 0.111208
0.214824 -0.069526 0.111236
0.214797 -0.069543 0.111262
0.214761 -0.069559 0.111296
0.214724 -0.069574 0.111332
0.214682 -0.069589 0.111372
0.214637 -0.069608 0.111422
0.214557 -0.069654 0.111540
0.214546 -0.069662 0.111562
0.214493 -0.069723 0.111713
0.214487 -0.069734 0.111741
0.214471 -0.069766 0.111818
0.214453 -0.069809 0.111914
0.214437 -0.069863 0.112025
0.214423 -0.069915 0.112122
0.214412 -0.069969 0.112217
0.214404 -0.070019 0.112307
0.214400 -0.070070 0.112394
0.214403 -0.070122 0.112474
0.214412 -0.070187 0.112559
0.214429 -0.070257 0.112642
0.214461 -0.070370 0.112760
0.214504 -0.070504 0.112880
0.214534 -0.070586 0.112943
0.214551 -0.070630 0.112974
0.214614 -0.070798 0.113090
0.214678 -0.070964 0.113204
0.214735 -0.071111 0.113304
0.214744 -0.071133 0.113318
0.214851 -0.071393 0.113469
0.214859 -0.071416 0.113481
0.214922 -0.071570 0.113565
0.214989 -0.071724 0.113647
0.214989 -0.071724 0.113647
0.215055 -0.071871 0.113713
0.215140 -0.072037 0.113780
0.215333 -0.072365 0.113879
0.215442 -0.072556 0.113916
0.215517 -0.072703 0.113950
0.215568 -0.072834 0.113991
0.215586 -0.072930 0.114028
0.215581 -0.073027 0.114070
0.215568 -0.073089 0.114104
0.215530 -0.073177 0.114167
0.215493 -0.073229 0.114230
0.215452 -0.073258 0.114297
0.215406 -0.073278 0.114365
0.215354 -0.073289 0.114444
0.215300 -0.073294 0.114532
0.215242 -0.073300 0.114630
0.215177 -0.073307 0.114752
0.215106 -0.073317 0.114906
0.215045 -0.073335 0.115054
0.215028 -0.073341 0.115099
0.214971 -0.073363 0.115237
0.214873 -0.073402 0.115475
0.214822 -0.073439 0.115622
0.214801 -0.073480 0.115733
0.214794 -0.073527 0.115833
0.214803 -0.073605 0.115960
0.214819 -0.073663 0.116026
0.214861 -0.073755 0.116113
0.214924 -0.073867 0.116210
0.214996 -0.073973 0.116283
0.215090 -0.074098 0.116349
0.215151 -0.074181 0.116386
0.215201 -0.074256 0.116412
0.215292 -0.074391 0.116444
0.215405 -0.074576 0.116463
0.215474 -0.074699 0.116464
0.215535 -0.074802 0.116450
0.215638 -0.074972 0.116419
0.215694 -0.075068 0.116390
0.215733 -0.075152 0.116362
0.215738 -0.075161 0.116359
0.215765 -0.075260 0.116332
0.215763 -0.075336 0.116326
0.215747 -0.075374 0.116335
0.215719 -0.075397 0.116356
0.215677 -0.075404 0.116378
0.215642 -0.075397 0.116392
0.215561 -0.075361 0.116427
0.215480 -0.075320 0.116459
0.215397 -0.075274 0.116492
0.215319 -0.075228 0.116522
0.215179 -0.075139 0.116589
0.215084 -0.075079 0.116639
0.214967 -0.075000 0.116706
0.214879 -0.074933 0.116773
0.214822 -0.074885 0.116827
0.214746 -0.074829 0.116913
0.214687 -0.074794 0.116997
0.214646 -0.074780 0.117078
0.214642 -0.074780 0.117088
0.214630 -0.074792 0.117216
0.214661 -0.074846 0.117351
0.214685 -0.074887 0.117416
0.214711 -0.074935 0.117474
0.214775 -0.075042 0.117567
0.214813 -0.075102 0.117605
0.214908 -0.075239 0.117666
0.214960 -0.075313 0.117685
0.215071 -0.075468 0.117697
0.215186 -0.075630 0.117688
0.215282 -0.075806 0.117655
0.215349 -0.075962 0.117604
0.215398 -0.076092 0.117569
0.215402 -0.076104 0.117565
0.215450 -0.076237 0.117521
0.215467 -0.076294 0.117505
0.215474 -0.076348 0.117491
0.215475 -0.076395 0.117480
0.215475 -0.076395 0.117480
0.215469 -0.076437 0.117468
0.215450 -0.076470 0.117457
0.215428 -0.076493 0.117449
0.215403 -0.076510 0.117442
0.215371 -0.076524 0.117438
0.215336 -0.076534 0.117438
0.215302 -0.076535 0.117438
0.215255 -0.076530 0.117444
0.215204 -0.076522 0.117457
0.215146 -0.076508 0.117473
0.215024 -0.076464 0.117521
0.215013 -0.076459 0.117527
0.214950 -0.076431 0.117561
0.214891 -0.076402 0.117605
0.214829 -0.076370 0.117655
0.214829 -0.076370 0.117655
0.214770 -0.076339 0.117712
0.214668 -0.076290 0.117834
0.214615 -0.076267 0.117905
0.214615 -0.076267 0.117905
0.214565 -0.076248 0.117981
0.214513 -0.076234 0.118060
0.214469 -0.076224 0.118143
0.214433 -0.076217 0.118226
0.214413 -0.076216 0.118294
0.214387 -0.076222 0.118455
0.214387 -0.076238 0.118584
0.214393 -0.076253 0.118640
0.214406 -0.076281 0.118697
0.214432 -0.076320 0.118757
0.214464 -0.076364 0.118817
0.214501 -0.076412 0.118871
0.214501 -0.076412 0.118871
0.214546 -0.076465 0.118920
0.214592 -0.076523 0.118965
0.214644 -0.076591 0.119008
0.214702 -0.076670 0.119045
0.214767 -0.076754 0.119074
0.214924 -0.076924 0.119097
0.215033 -0.077030 0.119064
0.215134 -0.077146 0.119041
0.215297 -0.077345 0.119008
0.215401 -0.077496 0.118976
0.215486 -0.077651 0.118948
0.215553 -0.077803 0.118936
0.215588 -0.077896 0.118930
0.215648 -0.078075 0.118929
0.215667 -0.078194 0.118917
0.215650 -0.078240 0.118906
0.215620 -0.078272 0.118904
0.215581 -0.078297 0.118909
0.215537 -0.078309 0.118915
0.215475 -0.078312 0.118924
0.215408 -0.078300 0.118937
0.215345 -0.078284 0.118956
0.215282 -0.078261 0.118979
0.215201 -0.078229 0.119009
0.215189 -0.078224 0.119013
0.215128 -0.078194 0.119041
0.215050 -0.078151 0.119078
0.214971 -0.078102 0.119123
0.214893 -0.078049 0.119171
0.214831 -0.078004 0.119211
0.214735 -0.077931 0.119282
0.214681 -0.077889 0.119329
0.214625 -0.077845 0.119381
0.214556 -0.077784 0.119443
0.214544 -0.077771 0.119453
0.214365 -0.077598 0.119584
0.214283 -0.077510 0.119669
0.214223 -0.077421 0.119743
0.214201 -0.077374 0.119795
0.214201 -0.077374 0.119795
0.214200 -0.077366 0.119809
0.214237 -0.077329 0.119892
0.214270 -0.077317 0.119913
0.214275 -0.077317 0.119917
0.214331 -0.077327 0.119942
0.214387 -0.077354 0.119961
0.214397 -0.077358 0.119965
0.214442 -0.077381 0.119974
0.214465 -0.077393 0.119978
0.214548 -0.077444 0.119989
0.214687 -0.077551 0.119992
0.214750 -0.077606 0.119981
0.214750 -0.077606 0.119981
0.214764 -0.077619 0.119977
0.214848 -0.077698 0.119956
0.214935 -0.077805 0.119932
0.214935 -0.077805 0.119932
0.215016 -0.077924 0.119901
0.215080 -0.078024 0.119872
0.215163 -0.078151 0.119828
0.215249 -0.078277 0.119792
0.215277 -0.078318 0.119781
0.215277 -0.078318 0.119781
0.215320 -0.078387 0.119766
0.215379 -0.078498 0.119738
0.215439 -0.078658 0.119692
0.215458 -0.078728 0.119670
0.215471 -0.078800 0.119647
0.215471 -0.078847 0.119630
0.215468 -0.078881 0.119619
0.215458 -0.078921 0.119609
0.215445 -0.078959 0.119603
0.215433 -0.078987 0.119598
0.215421 -0.079007 0.119596
0.215380 -0.079048 0.119595
0.215380 -0.079048 0.119595
0.215368 -0.079055 0.119597
0.215334 -0.079067 0.119606
0.215287 -0.079074 0.119620
0.215225 -0.079068 0.119644
0.215105 -0.079029 0.119695
0.215011 -0.078976 0.119740
0.214938 -0.078928 0.119777
0.214915 -0.078912 0.119790
0.214806 -0.078826 0.119849
0.214748 -0.078781 0.119880
0.214689 -0.078730 0.119914
0.214631 -0.078675 0.119952
0.214631 -0.078675 0.119952
0.214503 -0.078549 0.120036
0.214410 -0.078455 0.120095
0.214341 -0.078388 0.120137
0.214258 -0.078308 0.120187
0.214150 -0.078202 0.120255
0.214083 -0.078131 0.120302
0.214038 -0.078076 0.120338
0.213981 -0.077995 0.120393
0.213962 -0.077948 0.120424
0.213956 -0.077908 0.120451
0.213959 -0.077873 0.120475
0.213969 -0.077848 0.120495
0.213984 -0.077834 0.120506
0.214022 -0.077829 0.120519
0.214068 -0.077835 0.120521
0.214120 -0.077850 0.120516
0.214178 -0.077874 0.120506
0.214255 -0.077917 0.120489
0.214324 -0.077966 0.120472
0.214396 -0.078023 0.120449
0.214499 -0.078113 0.120416
0.214591 -0.078201 0.120382
0.214667 -0.078284 0.120351
0.214743 -0.078369 0.120319
0.214836 -0.078488 0.120283
0.214906 -0.078586 0.120243
0.214984 -0.078711 0.120193
0.215031 -0.078791 0.120156
0.215091 -0.078912 0.120117
0.215135 -0.079014 0.120079
0.215161 -0.079081 0.120055
0.215190 -0.079162 0.120023
0.215216 -0.079243 0.119992
0.215232 -0.079299 0.119970
0.215243 -0.079356 0.119947
0.215241 -0.079394 0.119932
0.215232 -0.079423 0.119926
0.215218 -0.079439 0.119925
0.215193 -0.079450 0.119931
0.215158 -0.079450 0.119941
0.215120 -0.079440 0.119957
0.215067 -0.079413 0.119982
0.215013 -0.079378 0.120013
0.214963 -0.079339 0.120042
0.214878 -0.079270 0.120088
0.214799 -0.079200 0.120134
0.214725 -0.079132 0.120176
0.214653 -0.079066 0.120217
0.214557 -0.078978 0.120268
0.214480 -0.078903 0.120311
0.214374 -0.078800 0.120370
0.214295 -0.078724 0.120418
0.214222 -0.078649 0.120467
0.214140 -0.078556 0.120529
0.214093 -0.078496 0.120569
0.214038 -0.078420 0.120622
0.214001 -0.078355 0.120665
0.213978 -0.078305 0.120701
0.213959 -0.078254 0.120734
0.213953 -0.078220 0.120757
0.213952 -0.078194 0.120776
0.213961 -0.078173 0.120793
0.213975 -0.078167 0.120799
0.214007 -0.078169 0.120802
0.214045 -0.078185 0.120795
0.214085 -0.078208 0.120783
0.214139 -0.078248 0.120762
0.214201 -0.078303 0.120734
0.214250 -0.078352 0.120711
0.214315 -0.078423 0.120677
0.214315 -0.078423 0.120677
0.214331 -0.078440 0.120669
0.214382 -0.078496 0.120640
0.214454 -0.078582 0.120601
0.214590 -0.078760 0.120523
0.214742 -0.078993 0.120425
0.214819 -0.079138 0.120370
0.214878 -0.079262 0.120321
0.214933 -0.079396 0.120274
0.214960 -0.079490 0.120245
0.214978 -0.079563 0.120224
0.214990 -0.079617 0.120209
0.215017 -0.079736 0.120176
0.215017 -0.079797 0.120165
0.215004 -0.079821 0.120165
0.214960 -0.079842 0.120180
0.214931 -0.079837 0.120195
0.214895 -0.079822 0.120214
0.214805 -0.079766 0.120267
0.214689 -0.079670 0.120349
0.214607 -0.079588 0.120409
0.214531 -0.079506 0.120466
0.214467 -0.079436 0.120511
0.214351 -0.079310 0.120588
0.214234 -0.079178 0.120670
0.214143 -0.079081 0.120733
0.214034 -0.078963 0.120816
0.213962 -0.078879 0.120877
0.213910 -0.078809 0.120934
0.213888 -0.078767 0.120968
0.213876 -0.078721 0.121006
0.213881 -0.078701 0.121028
0.213896 -0.078697 0.121034
0.213924 -0.078708 0.121026
0.213965 -0.078734 0.121011
0.213991 -0.078752 0.120998
0.214018 -0.078777 0.120983
0.214065 -0.078823 0.120954
0.214090 -0.078851 0.120938
0.214141 -0.078911 0.120902
0.214183 -0.078962 0.120873
0.214264 -0.079069 0.120814
0.214348 -0.079183 0.120754
0.214455 -0.079342 0.120675
0.214540 -0.079482 0.120623
0.214629 -0.079628 0.120581
0.214718 -0.079772 0.120517
0.214802 -0.079911 0.120458
0.214856 -0.080014 0.120433
0.214929 -0.080164 0.120377
0.214968 -0.080247 0.120343
0.215003 -0.080321 0.120321
0.215027 -0.080374 0.120304
0.215037 -0.080406 0.120295
0.215036 -0.080417 0.120294
0.215035 -0.080424 0.120297
0.215034 -0.080425 0.120299
0.215023 -0.080428 0.120304
0.214999 -0.080418 0.120319
0.214973 -0.080400 0.120335
0.214946 -0.080378 0.120352
0.214887 -0.080319 0.120393
0.214825 -0.080241 0.120437
0.214757 -0.080156 0.120487
0.214682 -0.080062 0.120540
0.214617 -0.079975 0.120585
0.214617 -0.079975 0.120585
0.214496 -0.079805 0.120668
0.214428 -0.079710 0.120717
0.214294 -0.079535 0.120817
0.214208 -0.079435 0.120889
0.214168 -0.079382 0.120928
0.214139 -0.079330 0.120964
0.214137 -0.079325 0.120968
0.214117 -0.079271 0.121007
0.214115 -0.079250 0.121022
0.214132 -0.079242 0.121026
0.214156 -0.079252 0.121017
0.214195 -0.079279 0.120996
0.214252 -0.079331 0.120956
0.214310 -0.079394 0.120910
0.214383 -0.079476 0.120850
0.214466 -0.079573 0.120782
0.214545 -0.079666 0.120718
0.214635 -0.079780 0.120648
0.214727 -0.079901 0.120576
0.214800 -0.079998 0.120519
0.214854 -0.080064 0.120483
0.214895 -0.080118 0.120456
0.214942 -0.080182 0.120425
0.214952 -0.080195 0.120420
0.214976 -0.080232 0.120404
0.215075 -0.080395 0.120350
0.215122 -0.080477 0.120331
0.215158 -0.080539 0.120320
0.215162 -0.080548 0.120318
0.215214 -0.080632 0.120313
0.215229 -0.080655 0.120316
0.215246 -0.080690 0.120327
0.215246 -0.080690 0.120327
0.215250 -0.080698 0.120333
0.215249 -0.080709 0.120354
0.215235 -0.080704 0.120374
0.215218 -0.080683 0.120393
0.215196 -0.080657 0.120416
0.215168 -0.080621 0.120441
0.215137 -0.080579 0.120470
0.215104 -0.080538 0.120501
0.215020 -0.080435 0.120567
0.214966 -0.080373 0.120604
0.214912 -0.080310 0.120640
0.214853 -0.080245 0.120672
0.214738 -0.080105 0.120732
0.214729 -0.080092 0.120738
0.214627 -0.079959 0.120785
0.214563 -0.079874 0.120816
0.214508 -0.079804 0.120845
0.214449 -0.079727 0.120877
0.214406 -0.079667 0.120903
0.214394 -0.079649 0.120910
0.214364 -0.079607 0.120928
0.214334 -0.079562 0.120951
0.214312 -0.079522 0.120972
0.214295 -0.079490 0.120989
0.214285 -0.079466 0.121005
0.214283 -0.079450 0.121015
0.214284 -0.079442 0.121021
0.214294 -0.079442 0.121018
0.214306 -0.079452 0.121010
0.214327 -0.079469 0.120996
0.214361 -0.079501 0.120973
0.214433 -0.079570 0.120922
0.214449 -0.079589 0.120910
0.214534 -0.079688 0.120843
0.214541 -0.079696 0.120837
0.214588 -0.079751 0.120803
0.214642 -0.079816 0.120763
0.214689 -0.079874 0.120728
0.214740 -0.079937 0.120691
0.214845 -0.080071 0.120620
0.214892 -0.080131 0.120593
0.214934 -0.080190 0.120567
0.214973 -0.080246 0.120545
0.215009 -0.080303 0.120523
0.215035 -0.080347 0.120505
0.215059 -0.080387 0.120490
0.215101 -0.080455 0.120462
0.215114 -0.080474 0.120453
0.215125 -0.080489 0.120444
0.215132 -0.080499 0.120440
0.215132 -0.080499 0.120441
0.215130 -0.080499 0.120443
0.215122 -0.080489 0.120451
0.215112 -0.080477 0.120462
0.215096 -0.080454 0.120476
0.215070 -0.080422 0.120496
0.215044 -0.080391 0.120519
0.215011 -0.080354 0.120538
0.214975 -0.080309 0.120560
0.214925 -0.080253 0.120590
0.214880 -0.080205 0.120613
0.214828 -0.080153 0.120634
0.214774 -0.080097 0.120654
0.214678 -0.079992 0.120698
0.214623 -0.079931 0.120724
0.214572 -0.079878 0.120749
0.214520 -0.079825 0.120777
0.214469 -0.079774 0.120809
0.214427 -0.079731 0.120838
0.214387 -0.079690 0.120866
0.214350 -0.079653 0.120893
0.214320 -0.079622 0.120914
0.214278 -0.079571 0.120950
0.214250 -0.079514 0.120992
0.214258 -0.079512 0.120994
0.214279 -0.079522 0.120986
0.214309 -0.079543 0.120972
0.214346 -0.079573 0.120953
0.214392 -0.079611 0.120929
0.214392 -0.079611 0.120929
0.214392 -0.079611 0.120929
0.214442 -0.079653 0.120903
0.214499 -0.079706 0.120871
0.214499 -0.079706 0.120871
0.214563 -0.079767 0.120832
0.214563 -0.079767 0.120832
0.214661 -0.079859 0.120779
0.214759 -0.079951 0.120731
0.214824 -0.080013 0.120700
0.214884 -0.080076 0.120671
0.214937 -0.080128 0.120649
0.214978 -0.080171 0.120629
0.215026 -0.080223 0.120606
0.215071 -0.080269 0.120586
0.215071 -0.080269 0.120586
0.215114 -0.080310 0.120568
0.215147 -0.080345 0.120553
0.215170 -0.080371 0.120540
0.215191 -0.080400 0.120527
0.215209 -0.080425 0.120515
0.215229 -0.080456 0.120500
0.215230 -0.080457 0.120500
0.215230 -0.080464 0.120499
0.215227 -0.080465 0.120500
0.215217 -0.080466 0.120502
0.215217 -0.080466 0.120502
0.215204 -0.080462 0.120506
0.215185 -0.080454 0.120514
0.215160 -0.080441 0.120527
0.215129 -0.080422 0.120542
0.215099 -0.080400 0.120558
0.215067 -0.080373 0.120575
0.215031 -0.080344 0.120595
0.214991 -0.080310 0.120614
0.214954 -0.080279 0.120629
0.214909 -0.080241 0.120647
0.214862 -0.080201 0.120664
0.214817 -0.080159 0.120684
0.214768 -0.080111 0.120705
0.214740 -0.080085 0.120715
0.214688 -0.080044 0.120733
0.214627 -0.080004 0.120751
0.214556 -0.079967 0.120771
0.214504 -0.079943 0.120787
0.214450 -0.079915 0.120805
0.214407 -0.079887 0.120824
0.214370 -0.079864 0.120844
0.214370 -0.079864 0.120844
0.214313 -0.079822 0.120875
0.214296 -0.079808 0.120886
0.214296 -0.079808 0.120886
0.214280 -0.079797 0.120896
0.214271 -0.079791 0.120901
0.214268 -0.079789 0.120902
0.214268 -0.079789 0.120902
0.214267 -0.079789 0.120902
0.214272 -0.079794 0.120900
0.214284 -0.079803 0.120895
0.214302 -0.079817 0.120886
0.214328 -0.079836 0.120872
0.214359 -0.079859 0.120858
0.214388 -0.079881 0.120843
0.214427 -0.079911 0.120825
0.214427 -0.079911 0.120825
0.214466 -0.079945 0.120802
0.214511 -0.079983 0.120778
0.214562 -0.080023 0.120753
0.214613 -0.080066 0.120728
0.214669 -0.080110 0.120702
0.214724 -0.080155 0.120674
0.214780 -0.080200 0.120647
0.214836 -0.080246 0.120619
0.214836 -0.080246 0.120619
0.214892 -0.080291 0.120592
0.214935 -0.080325 0.120570
0.214984 -0.080364 0.120547
0.215030 -0.080400 0.120526
0.215065 -0.080429 0.120508
0.215104 -0.080463 0.120488
0.215133 -0.080489 0.120474
0.215165 -0.080518 0.120458
0.215165 -0.080518 0.120458
0.215192 -0.080543 0.120446
0.215212 -0.080564 0.120437
0.215221 -0.080580 0.120433
0.215226 -0.080596 0.120430
0.215226 -0.080605 0.120431
0.215225 -0.080611 0.120433
0.215219 -0.080616 0.120435
0.215210 -0.080616 0.120438
0.215197 -0.080612 0.120444
0.215179 -0.080606 0.120450
0.215179 -0.080606 0.120450
0.215152 -0.080597 0.120461
0.215128 -0.080585 0.120472
0.215093 -0.080568 0.120486
0.215063 -0.080552 0.120498
0.214961 -0.080496 0.120543
0.214916 -0.080471 0.120562
0.214881 -0.080446 0.120577
0.214844 -0.080422 0.120590
0.214807 -0.080395 0.120603
0.214779 -0.080374 0.120614
0.214736 -0.080343 0.120629
0.214701 -0.080318 0.120641
0.214667 -0.080291 0.120654
0.214624 -0.080262 0.120666
0.214617 -0.080258 0.120668
0.214602 -0.080249 0.120672
0.214557 -0.080224 0.120684
0.214515 -0.080201 0.120697
0.214472 -0.080179 0.120710
0.214429 -0.080163 0.120723
0.214429 -0.080163 0.120723
0.214394 -0.080153 0.120732
0.214359 -0.080144 0.120741
0.214332 -0.080138 0.120748
0.214332 -0.080138 0.120748
0.214316 -0.080134 0.120753
0.214311 -0.080132 0.120755
0.214308 -0.080132 0.120755
0.214313 -0.080136 0.120752
0.214324 -0.080141 0.120745
0.214324 -0.080141 0.120745
0.214340 -0.080152 0.120738
0.214368 -0.080167 0.120726
0.214401 -0.080185 0.120712
0.214442 -0.080204 0.120698
0.214486 -0.080226 0.120682
0.214585 -0.080274 0.120646
0.214681 -0.080333 0.120606
0.214741 -0.080377 0.120576
0.214795 -0.080432 0.120537
0.214844 -0.080495 0.120493
0.214898 -0.080549 0.120457
0.214998 -0.080602 0.120414
0.215055 -0.080629 0.120393
0.215111 -0.080659 0.120369
0.215147 -0.080686 0.120348
0.215175 -0.080707 0.120333
0.215209 -0.080725 0.120321
0.215221 -0.080728 0.120321
0.215223 -0.080730 0.120324
0.215213 -0.080727 0.120335
0.215191 -0.080720 0.120348
0.215162 -0.080709 0.120362
0.215106 -0.080688 0.120384
0.215060 -0.080670 0.120402
0.214971 -0.080636 0.120433
0.214927 -0.080618 0.120447
0.214900 -0.080608 0.120456
0.214791 -0.080568 0.120485
0.214719 -0.080541 0.120504
0.214663 -0.080520 0.120517
0.214572 -0.080491 0.120539
0.214512 -0.080474 0.120554
0.214473 -0.080463 0.120565
0.214424 -0.080451 0.120577
0.214395 -0.080444 0.120584
0.214381 -0.080442 0.120587
0.214379 -0.080442 0.120588
0.214391 -0.080448 0.120584
0.214423 -0.080464 0.120571
0.214462 -0.080483 0.120557
0.214506 -0.080500 0.120542
0.214563 -0.080521 0.120521
0.214630 -0.080547 0.120497
0.214700 -0.080575 0.120470
0.214756 -0.080598 0.120449
0.214826 -0.080622 0.120425
0.214901 -0.080646 0.120399
0.214969 -0.080670 0.120376
0.215032 -0.080690 0.120355
0.215090 -0.080707 0.120336
0.215144 -0.080722 0.120319
0.215190 -0.080736 0.120306
0.215225 -0.080746 0.120298
0.215240 -0.080750 0.120295
0.215263 -0.080759 0.120292
0.215259 -0.080765 0.120293
0.215248 -0.080764 0.120298
0.215229 -0.080762 0.120303
0.215190 -0.080756 0.120312
0.215145 -0.080750 0.120322
0.215100 -0.080747 0.120331
0.215046 -0.080741 0.120342
0.215000 -0.080738 0.120350
0.214928 -0.080730 0.120361
0.214881 -0.080725 0.120369
0.214828 -0.080719 0.120377
0.214762 -0.080714 0.120387
0.214701 -0.080711 0.120397
0.214669 -0.080708 0.120402
0.214663 -0.080709 0.120403
0.214663 -0.080709 0.120403
0.214635 -0.080706 0.120407
0.214571 -0.080703 0.120417
0.214542 -0.080701 0.120420
0.214535 -0.080700 0.120421
0.214560 -0.080701 0.120417
0.214595 -0.080703 0.120414
0.214636 -0.080708 0.120406
0.214682 -0.080711 0.120398
0.214732 -0.080714 0.120390
0.214802 -0.080719 0.120378
0.214851 -0.080721 0.120372
0.214907 -0.080722 0.120365
0.214983 -0.080726 0.120353
0.215024 -0.080727 0.120347
0.215087 -0.080728 0.120337
0.215123 -0.080729 0.120332
0.215166 -0.080729 0.120328
0.215197 -0.080729 0.120324
0.215225 -0.080729 0.120320
0.215237 -0.080732 0.120318
0.215240 -0.080735 0.120317
0.215241 -0.080734 0.120317
0.215236 -0.080736 0.120317
0.215230 -0.080737 0.120319
0.215221 -0.080737 0.120320
0.215200 -0.080739 0.120321
0.215185 -0.080740 0.120322
0.215147 -0.080743 0.120325
0.215119 -0.080746 0.120327
0.215088 -0.080749 0.120329
0.215051 -0.080752 0.120331
0.215019 -0.080753 0.120334
0.214986 -0.080755 0.120337
0.214957 -0.080757 0.120341
0.214912 -0.080760 0.120345
0.214872 -0.080761 0.120347
0.214834 -0.080764 0.120350
0.214800 -0.080766 0.120351
0.214765 -0.080767 0.120354
0.214746 -0.080767 0.120357
0.214707 -0.080768 0.120361
0.214682 -0.080769 0.120363
0.214664 -0.080769 0.120365
0.214652 -0.080770 0.120366
0.214647 -0.080770 0.120367
0.214644 -0.080770 0.120368
0.214645 -0.080769 0.120368
0.214654 -0.080767 0.120368
0.214666 -0.080767 0.120367
0.214684 -0.080767 0.120365
0.214700 -0.080767 0.120363
0.214722 -0.080768 0.120360
0.214753 -0.080769 0.120355
0.214786 -0.080770 0.120350
0.214812 -0.080771 0.120346
0.214855 -0.080773 0.120340
0.214883 -0.080774 0.120335
0.214925 -0.080777 0.120328
0.214961 -0.080780 0.120322
0.214985 -0.080781 0.120318
0.215038 -0.080785 0.120309
0.215078 -0.080788 0.120302
0.215113 -0.080790 0.120296
0.215144 -0.080792 0.120291
0.215177 -0.080795 0.120285
0.215204 -0.080798 0.120279
0.215232 -0.080801 0.120274
0.215253 -0.080804 0.120268
0.215267 -0.080807 0.120264
0.215276 -0.080810 0.120262
0.215282 -0.080813 0.120259
0.215284 -0.080816 0.120259
0.215285 -0.080818 0.120257
0.215282 -0.080821 0.120256
0.215270 -0.080825 0.120256
0.215260 -0.080829 0.120255
0.215241 -0.080832 0.120255
0.215222 -0.080834 0.120256
0.215196 -0.080838 0.120257
0.215167 -0.080841 0.120258
0.215137 -0.080845 0.120259
0.215108 -0.080846 0.120262
0.215108 -0.080846 0.120262
0.215079 -0.080849 0.120264
0.215049 -0.080851 0.120266
0.215017 -0.080854 0.120268
0.214989 -0.080855 0.120270
0.214957 -0.080858 0.120274
0.214927 -0.080861 0.120276
0.214902 -0.080862 0.120278
0.214869 -0.080862 0.120281
0.214845 -0.080863 0.120283
0.214845 -0.080863 0.120283
0.214816 -0.080863 0.120287
0.214795 -0.080863 0.120289
0.214776 -0.080863 0.120291
0.214760 -0.080863 0.120293
0.214760 -0.080863 0.120293
0.214750 -0.080863 0.120295
0.214740 -0.080862 0.120297
0.214735 -0.080860 0.120297
0.214735 -0.080858 0.120298
0.214734 -0.080857 0.120299
0.214737 -0.080856 0.120299
0.214737 -0.080856 0.120299
0.214744 -0.080855 0.120299
0.214762 -0.080854 0.120298
0.214781 -0.080852 0.120297
0.214781 -0.080852 0.120297
0.214801 -0.080851 0.120295
0.214836 -0.080849 0.120293
0.214864 -0.080849 0.120289
0.214891 -0.080848 0.120286
0.214915 -0.080849 0.120283
0.214939 -0.080848 0.120280
0.214959 -0.080849 0.120277
0.214986 -0.080849 0.120274
0.215049 -0.080847 0.120266
0.215085 -0.080847 0.120262
0.215118 -0.080846 0.120259
0.215154 -0.080846 0.120254
0.215186 -0.080847 0.120248
0.215212 -0.080848 0.120244
0.215236 -0.080850 0.120241
0.215256 -0.080851 0.120238
0.215274 -0.080853 0.120236
0.215286 -0.080854 0.120233
0.215294 -0.080856 0.120231
0.215298 -0.080861 0.120229
0.215300 -0.080863 0.120227
0.215299 -0.080866 0.120227
0.215296 -0.080869 0.120225
0.215290 -0.080870 0.120225
0.215289 -0.080871 0.120224
0.215261 -0.080878 0.120225
0.215238 -0.080881 0.120225
0.215218 -0.080884 0.120226
0.215197 -0.080886 0.120227
0.215157 -0.080891 0.120229
0.215130 -0.080894 0.120231
0.215093 -0.080897 0.120233
0.215062 -0.080899 0.120236
0.215028 -0.080902 0.120239
0.214998 -0.080903 0.120242
0.214967 -0.080904 0.120244
0.214934 -0.080907 0.120246
0.214903 -0.080907 0.120248
0.214875 -0.080907 0.120252
0.214852 -0.080908 0.120254
0.214834 -0.080907 0.120257
0.214820 -0.080907 0.120259
0.214815 -0.080905 0.120259
0.214813 -0.080904 0.120260
0.214817 -0.080904 0.120260
0.214827 -0.080902 0.120259
0.214841 -0.080901 0.120259
0.214863 -0.080900 0.120257
0.214889 -0.080899 0.120254
0.214916 -0.080898 0.120252
0.214946 -0.080898 0.120248
0.214979 -0.080896 0.120245
0.215007 -0.080896 0.120242
0.215064 -0.080895 0.120236
0.215095 -0.080895 0.120232
0.215136 -0.080895 0.120227
0.215185 -0.080893 0.120220
0.215227 -0.080893 0.120215
0.215274 -0.080893 0.120210
0.215306 -0.080893 0.120206
0.215335 -0.080894 0.120203
0.215367 -0.080893 0.120201
0.215388 -0.080892 0.120200
0.215397 -0.080894 0.120199
0.215398 -0.080895 0.120199
0.215395 -0.080895 0.120200
0.215379 -0.080896 0.120201
0.215348 -0.080898 0.120204
0.215308 -0.080900 0.120208
0.215276 -0.080902 0.120211
0.215254 -0.080903 0.120213
0.215254 -0.080903 0.120213
0.215254 -0.080903 0.120213
0.215235 -0.080904 0.120215
0.215172 -0.080906 0.120223
0.215124 -0.080905 0.120228
0.215124 -0.080905 0.120228
0.215086 -0.080906 0.120233
0.215055 -0.080907 0.120235
0.215034 -0.080907 0.120237
0.215013 -0.080906 0.120236
0.215000 -0.080904 0.120236
0.214990 -0.080903 0.120235
0.214982 -0.080899 0.120229
0.214976 -0.080894 0.120223
0.214976 -0.080880 0.120201
0.214978 -0.080871 0.120183
0.214978 -0.080871 0.120183
0.214983 -0.080860 0.120160
0.214988 -0.080849 0.120137
0.215005 -0.080813 0.120062
0.215015 -0.080795 0.120024
0.215031 -0.080770 0.119970
0.215050 -0.080742 0.119907
0.215067 -0.080719 0.119853
0.215092 -0.080689 0.119782
0.215092 -0.080689 0.119782
0.215119 -0.080659 0.119707
0.215156 -0.080610 0.119585
0.215190 -0.080560 0.119453
0.215222 -0.080518 0.119322
0.215255 -0.080481 0.119196
0.215284 -0.080450 0.119080
0.215347 -0.080381 0.118809
0.215411 -0.080325 0.118563
0.215451 -0.080266 0.118370
0.215476 -0.080180 0.118136
0.215479 -0.080106 0.117951
0.215478 -0.080055 0.117821
0.215463 -0.079961 0.117621
0.215460 -0.079947 0.117593
0.215452 -0.079765 0.117148
0.215452 -0.079757 0.117127
0.215436 -0.079590 0.116859
0.215369 -0.079309 0.116505
0.215300 -0.079108 0.116237
0.215238 -0.078926 0.116041
0.215172 -0.078729 0.115872
0.215101 -0.078525 0.115725
0.215025 -0.078316 0.115597
0.214952 -0.078103 0.115496
0.214886 -0.077923 0.115423
0.214834 -0.077802 0.115395
0.214747 -0.077614 0.115377
0.214657 -0.077380 0.115351
0.214587 -0.077185 0.115320
0.214533 -0.077011 0.115297
0.214483 -0.076858 0.115273
0.214447 -0.076745 0.115253
0.214367 -0.076526 0.115213
0.214330 -0.076397 0.115181
0.214304 -0.076306 0.115157
0.214279 -0.076150 0.115124
0.214278 -0.076085 0.115116
0.214291 -0.075963 0.115088
0.214306 -0.075891 0.115054
0.214331 -0.075830 0.115014
0.214368 -0.075773 0.114962
0.214397 -0.075738 0.114921
0.214464 -0.075659 0.114810
0.214506 -0.075612 0.114733
0.214598 -0.075525 0.114572
0.214642 -0.075482 0.114487
0.214718 -0.075393 0.114290
0.214769 -0.075326 0.114136
0.214816 -0.075248 0.113956
0.214851 -0.075187 0.113814
0.214886 -0.075119 0.113670
0.214912 -0.075048 0.113526
0.214929 -0.074966 0.113372
0.214917 -0.074870 0.113220
0.214882 -0.074752 0.113063
0.214831 -0.074622 0.112908
0.214774 -0.074495 0.112783
0.214723 -0.074386 0.112690
0.214667 -0.074268 0.112603
0.214614 -0.074159 0.112531
0.214516 -0.073965 0.112426
0.214437 -0.073823 0.112362
0.214367 -0.073698 0.112312
0.214299 -0.073567 0.112263
0.214274 -0.073522 0.112247
0.214183 -0.073334 0.112190
0.214126 -0.073212 0.112157
0.214070 -0.073090 0.112126
0.213961 -0.072839 0.112073
0.213864 -0.072576 0.112011
0.213845 -0.072522 0.111997
0.213794 -0.072355 0.111949
0.213735 -0.072143 0.111887
0.213667 -0.071855 0.111792
0.213639 -0.071699 0.111731
0.213635 -0.071673 0.111720
0.213610 -0.071488 0.111632
0.213587 -0.071186 0.111468
0.213578 -0.071041 0.111378
0.213568 -0.070882 0.111270
0.213564 -0.070755 0.111177
0.213562 -0.070735 0.111162
0.213563 -0.070566 0.111030
0.213567 -0.070402 0.110881
0.213576 -0.070284 0.110762
0.213579 -0.070253 0.110729
0.213579 -0.070253 0.110729
0.213595 -0.070151 0.110610
0.213610 -0.070056 0.110493
0.213633 -0.069952 0.110354
0.213653 -0.069864 0.110225
0.213680 -0.069765 0.110068
0.213700 -0.069690 0.109948
0.213724 -0.069586 0.109785
0.213724 -0.069586 0.109785
0.213746 -0.069494 0.109641
0.213767 -0.069390 0.109477
0.213779 -0.069292 0.109327
0.213790 -0.069198 0.109189
0.213798 -0.069087 0.109034
0.213801 -0.069002 0.108919
0.213796 -0.068884 0.108774
0.213774 -0.068685 0.108535
0.213755 -0.068592 0.108435
0.213731 -0.068493 0.108339
0.213727 -0.068476 0.108323
0.213672 -0.068302 0.108168
0.213600 -0.068124 0.108024
0.213553 -0.068014 0.107944
0.213501 -0.067899 0.107867
0.213492 -0.067880 0.107855
0.213492 -0.067880 0.107855
0.213417 -0.067718 0.107761
0.213271 -0.067444 0.107632
0.213115 -0.067188 0.107550
0.213091 -0.067147 0.107540
0.212902 -0.066848 0.107491
0.212876 -0.066807 0.107486
0.212771 -0.066643 0.107471
0.212667 -0.066474 0.107457
0.212568 -0.066297 0.107441
0.212488 -0.066140 0.107424
0.212314 -0.065776 0.107384
0.212238 -0.065595 0.107362
0.212182 -0.065440 0.107338
0.212133 -0.065264 0.107305
0.212098 -0.065089 0.107264
0.212073 -0.064920 0.107222
0.212052 -0.064631 0.107154
0.212054 -0.064405 0.107077
0.212071 -0.064294 0.107037
0.212113 -0.064134 0.106973
0.212153 -0.064044 0.106932
0.212187 -0.063987 0.106901
0.212227 -0.063922 0.106862
0.212316 -0.063800 0.106771
0.212371 -0.063725 0.106690
0.212410 -0.063677 0.106618
0.212436 -0.063639 0.106549
0.212445 -0.063618 0.106502
0.212452 -0.063595 0.106438
0.212453 -0.063569 0.106372
0.212450 -0.063556 0.106325
0.212449 -0.063555 0.106321
0.212449 -0.063555 0.106321
0.212429 -0.063541 0.106245
0.212408 -0.063531 0.106209
0.212408 -0.063531 0.106209
0.212389 -0.063524 0.106189
0.212350 -0.063513 0.106163
0.212310 -0.063506 0.106155
0.212262 -0.063501 0.106155
0.212213 -0.063497 0.106164
0.212130 -0.063495 0.106195
0.212122 -0.063495 0.106198
0.212036 -0.063495 0.106244
0.211993 -0.063495 0.106270
0.211911 -0.063494 0.106336
0.211859 -0.063495 0.106391
0.211819 -0.063499 0.106445
0.211781 -0.063507 0.106507
0.211770 -0.063509 0.106530
0.211730 -0.063523 0.106610
0.211730 -0.063523 0.106610
0.211690 -0.063540 0.106707
0.211660 -0.063560 0.106806
0.211636 -0.063595 0.106997
0.211638 -0.063600 0.107031
0.211652 -0.063614 0.107121
0.211675 -0.063631 0.107200
0.211699 -0.063646 0.107266
0.211740 -0.063668 0.107348
0.211798 -0.063694 0.107451
0.211798 -0.063694 0.107451
0.211865 -0.063724 0.107558
0.211927 -0.063763 0.107651
0.211996 -0.063805 0.107732
0.212051 -0.063834 0.107773
0.212098 -0.063855 0.107800
0.212156 -0.063883 0.107830
0.212203 -0.063907 0.107849
0.212298 -0.063965 0.107873
0.212345 -0.063998 0.107877
0.212437 -0.064068 0.107881
0.212501 -0.064120 0.107882
0.212508 -0.064129 0.107884
0.212550 -0.064171 0.107885
0.212589 -0.064220 0.107886
0.212665 -0.064332 0.107886
0.212728 -0.064452 0.107886
0.212765 -0.064546 0.107862
0.212775 -0.064590 0.107847
0.212782 -0.064652 0.107825
0.212775 -0.064690 0.107802
0.212730 -0.064752 0.107737
0.212631 -0.064778 0.107672
0.212546 -0.064775 0.107626
0.212456 -0.064757 0.107582
0.212359 -0.064732 0.107555
0.212256 -0.064709 0.107546
0.212188 -0.064689 0.107546
0.212063 -0.064626 0.107563
0.212013 -0.064592 0.107578
0.211923 -0.064521 0.107619
0.211850 -0.064467 0.107661
0.211797 -0.064429 0.107691
0.211746 -0.064394 0.107732
0.211729 -0.064380 0.107763
0.211724 -0.064373 0.107790
0.211761 -0.064385 0.107909
0.211834 -0.064414 0.108014
0.211843 -0.064417 0.108023
0.212042 -0.064482 0.108161
0.212175 -0.064521 0.108226
0.212199 -0.064528 0.108235
0.212497 -0.064644 0.108335
0.212685 -0.064733 0.108381
0.212726 -0.064754 0.108390
0.213023 -0.064922 0.108444
0.213040 -0.064934 0.108446
0.213177 -0.065039 0.108471
0.213312 -0.065199 0.108515
0.213356 -0.065319 0.108519
0.213359 -0.065339 0.108520
0.213339 -0.065478 0.108530
0.213296 -0.065534 0.108529
0.213262 -0.065562 0.108529
0.213148 -0.065622 0.108519
0.213135 -0.065628 0.108517
0.213135 -0.065628 0.108517
0.213037 -0.065660 0.108505
0.212937 -0.065683 0.108494
0.212855 -0.065689 0.108480
0.212758 -0.065685 0.108458
0.212663 -0.065672 0.108440
0.212663 -0.065672 0.108440
0.212565 -0.065654 0.108427
0.212477 -0.065635 0.108420
0.212364 -0.065608 0.108422
0.212235 -0.065585 0.108435
0.212107 -0.065567 0.108456
0.211962 -0.065547 0.108485
0.211739 -0.065498 0.108542
0.211651 -0.065468 0.108578
0.211593 -0.065439 0.108614
0.211593 -0.065439 0.108614
0.211548 -0.065411 0.108652
0.211512 -0.065384 0.108702
0.211495 -0.065368 0.108759
0.211496 -0.065361 0.108815
0.211511 -0.065357 0.108873
0.211548 -0.065359 0.108950
0.211594 -0.065368 0.109026
0.211672 -0.065387 0.109115
0.211672 -0.065387 0.109115
0.211838 -0.065436 0.109256
0.211838 -0.065436 0.109256
0.211942 -0.065468 0.109324
0.212051 -0.065511 0.109388
0.212150 -0.065554 0.109438
0.212279 -0.065611 0.109493
0.212421 -0.065672 0.109544
0.212570 -0.065733 0.109588
0.212755 -0.065804 0.109634
0.212945 -0.065880 0.109673
0.213098 -0.065951 0.109705
0.213263 -0.066048 0.109743
0.213380 -0.066136 0.109771
0.213490 -0.066236 0.109792
0.213561 -0.066325 0.109804
0.213617 -0.066427 0.109811
0.213648 -0.066513 0.109816
0.213659 -0.066621 0.109828
0.213647 -0.066731 0.109845
0.213620 -0.066820 0.109853
0.213569 -0.066919 0.109863
0.213414 -0.067095 0.109887
0.213332 -0.067155 0.109890
0.213133 -0.067247 0.109889
0.212990 -0.067282 0.109884
0.212832 -0.067300 0.109884
0.212654 -0.067302 0.109890
0.212501 -0.067298 0.109905
0.212301 -0.067283 0.109939
0.212121 -0.067258 0.109977
0.211947 -0.067222 0.110017
0.211807 -0.067175 0.110064
0.211709 -0.067129 0.110108
0.211616 -0.067082 0.110163
0.211553 -0.067049 0.110231
0.211526 -0.067031 0.110321
0.211535 -0.067033 0.110409
0.211542 -0.067036 0.110437
0.211709 -0.067122 0.110737
0.211883 -0.067195 0.110899
0.212065 -0.067283 0.111010
0.212161 -0.067324 0.111049
0.212410 -0.067418 0.111124
0.212616 -0.067492 0.111168
0.212783 -0.067568 0.111201
0.212935 -0.067659 0.111231
0.213072 -0.067770 0.111261
0.213156 -0.067860 0.111281
0.213181 -0.067891 0.111287
0.213277 -0.068030 0.111307
0.213315 -0.068093 0.111317
0.213359 -0.068180 0.111331
0.213359 -0.068180 0.111331
0.213398 -0.068441 0.111355
0.213397 -0.068454 0.111356
0.213386 -0.068539 0.111372
0.213356 -0.068632 0.111398
0.213356 -0.068632 0.111398
0.213301 -0.068710 0.111421
0.213138 -0.068860 0.111455
0.213030 -0.068921 0.111468
0.212952 -0.068941 0.111476
0.212776 -0.068955 0.111484
0.212761 -0.068955 0.111486
0.212518 -0.068951 0.111512
0.212283 -0.068911 0.111565
0.212114 -0.068872 0.111618
0.211976 -0.068830 0.111670
0.211855 -0.068782 0.111722
0.211712 -0.068713 0.111798
0.211621 -0.068665 0.111866
0.211549 -0.068621 0.111951
0.211512 -0.068599 0.112035
0.211507 -0.068597 0.112122
0.211507 -0.068597 0.112122
0.211555 -0.068626 0.112288
0.211592 -0.068645 0.112364
0.211592 -0.068645 0.112364
0.211646 -0.068672 0.112460
0.211724 -0.068708 0.112557
0.211817 -0.068747 0.112642
0.211936 -0.068802 0.112729
0.212028 -0.068846 0.112787
0.212129 -0.068901 0.112847
0.212236 -0.068961 0.112898
0.212436 -0.069072 0.112960
0.212619 -0.069173 0.113000
0.212619 -0.069173 0.113000
0.212834 -0.069317 0.113040
0.213148 -0.069654 0.113073
0.213217 -0.069758 0.113068
0.213323 -0.069965 0.113049
0.213396 -0.070196 0.113009
0.213423 -0.070336 0.112979
0.213424 -0.070352 0.112977
0.213419 -0.070492 0.112975
0.213334 -0.070698 0.112993
0.213269 -0.070773 0.113007
0.213150 -0.070875 0.113030
0.212910 -0.071012 0.113090
0.212767 -0.071042 0.113127
0.212623 -0.071054 0.113167
0.212451 -0.071049 0.113208
0.212295 -0.071022 0.113251
0.212257 -0.071013 0.113263
0.212036 -0.070942 0.113343
0.211820 -0.070830 0.113446
0.211720 -0.070737 0.113522
0.211711 -0.070726 0.113531
0.211625 -0.070599 0.113646
0.211584 -0.070487 0.113771
0.211587 -0.070423 0.113879
0.211637 -0.070391 0.114054
0.211701 -0.070392 0.114200
0.211802 -0.070413 0.114382
0.211922 -0.070450 0.114541
0.212044 -0.070497 0.114670
0.212176 -0.070563 0.114796
0.212285 -0.070624 0.114882
0.212443 -0.070716 0.114977
0.212590 -0.070812 0.115036
0.212746 -0.070934 0.115083
0.212765 -0.070952 0.115088
0.212938 -0.071127 0.115120
0.213078 -0.071351 0.115128
0.213137 -0.071498 0.115118
0.213175 -0.071659 0.115099
0.213178 -0.071771 0.115080
0.213156 -0.071924 0.115050
0.213138 -0.071986 0.115045
0.213100 -0.072081 0.115044
0.213027 -0.072205 0.115046
0.212867 -0.072409 0.115044
0.212791 -0.072490 0.115039
0.212631 -0.072606 0.115051
0.212499 -0.072656 0.115055
0.212376 -0.072685 0.115062
0.212360 -0.072689 0.115064
0.212157 -0.072718 0.115101
0.211961 -0.072724 0.115177
0.211855 -0.072719 0.115243
0.211802 -0.072710 0.115285
0.211712 -0.072660 0.115402
0.211689 -0.072627 0.115474
0.211692 -0.072586 0.115561
0.211727 -0.072547 0.115657
0.211807 -0.072515 0.115768
0.211900 -0.072504 0.115861
0.212018 -0.072498 0.115965
0.212150 -0.072495 0.116060
0.212271 -0.072509 0.116138
0.212410 -0.072536 0.116221
0.212557 -0.072556 0.116278
0.212711 -0.072589 0.116329
0.212860 -0.072640 0.116374
0.212986 -0.072711 0.116409
0.213089 -0.072800 0.116438
0.213167 -0.072902 0.116457
0.213218 -0.073015 0.116468
0.213242 -0.073131 0.116471
0.213238 -0.073245 0.116465
0.213199 -0.073362 0.116442
0.213144 -0.073469 0.116432
0.213071 -0.073564 0.116418
0.212971 -0.073653 0.116404
0.212850 -0.073731 0.116393
0.212716 -0.073793 0.116382
0.212596 -0.073832 0.116375
0.212463 -0.073857 0.116371
0.212330 -0.073866 0.116372
0.212190 -0.073866 0.116384
0.212042 -0.073858 0.116403
0.211914 -0.073841 0.116425
0.211790 -0.073813 0.116462
0.211688 -0.073776 0.116507
0.211585 -0.073713 0.116574
0.211556 -0.073686 0.116606
0.211529 -0.073644 0.116667
0.211538 -0.073619 0.116720
0.211559 -0.073608 0.116757
0.211597 -0.073602 0.116816
0.211726 -0.073623 0.116959
0.211840 -0.073659 0.117051
0.211956 -0.073704 0.117128
0.212074 -0.073756 0.117204
0.212244 -0.073823 0.117283
0.212395 -0.073882 0.117338
0.212557 -0.073961 0.117393
0.212700 -0.074049 0.117436
0.212845 -0.074179 0.117475
0.212902 -0.074261 0.117492
0.212935 -0.074328 0.117505
0.212962 -0.074415 0.117516
0.212966 -0.074529 0.117507
0.212950 -0.074612 0.117486
0.212916 -0.074685 0.117473
0.212849 -0.074752 0.117461
0.212746 -0.074808 0.117447
0.212640 -0.074854 0.117438
0.212538 -0.074885 0.117430
0.212407 -0.074905 0.117428
0.212270 -0.074918 0.117433
0.212140 -0.074921 0.117444
0.212013 -0.074914 0.117464
0.211878 -0.074902 0.117491
0.211847 -0.074900 0.117498
0.211665 -0.074892 0.117553
0.211495 -0.074881 0.117632
0.211428 -0.074873 0.117673
0.211358 -0.074865 0.117753
0.211338 -0.074866 0.117823
0.211356 -0.074873 0.117892
0.211410 -0.074896 0.117965
0.211493 -0.074929 0.118040
0.211616 -0.074970 0.118122
0.211739 -0.075016 0.118187
0.211864 -0.075078 0.118249
0.211881 -0.075086 0.118256
0.212078 -0.075177 0.118324
0.212330 -0.075276 0.118377
0.212486 -0.075351 0.118403
0.212625 -0.075439 0.118419
0.212723 -0.075520 0.118433
0.212800 -0.075603 0.118444
0.212841 -0.075676 0.118450
0.212864 -0.075774 0.118453
0.212862 -0.075843 0.118459
0.212830 -0.075906 0.118459
0.212768 -0.075951 0.118458
0.212649 -0.075995 0.118455
0.212526 -0.076023 0.118452
0.212410 -0.076040 0.118453
0.212273 -0.076050 0.118462
0.212256 -0.076051 0.118463
0.212050 -0.076048 0.118490
0.211830 -0.076025 0.118546
0.211676 -0.076004 0.118603
0.211512 -0.075983 0.118668
0.211371 -0.075965 0.118729
0.211219 -0.075946 0.118808
0.211120 -0.075932 0.118893
0.211083 -0.075927 0.118954
0.211068 -0.075935 0.119032
0.211087 -0.075957 0.119108
0.211115 -0.075977 0.119149
0.211207 -0.076027 0.119234
0.211367 -0.076101 0.119327
0.211502 -0.076169 0.119397
0.211659 -0.076256 0.119458
0.211831 -0.076361 0.119506
0.212014 -0.076485 0.119554
0.212201 -0.076594 0.119553
0.212425 -0.076680 0.119435
0.212538 -0.076761 0.119433
0.212679 -0.076878 0.119421
0.212766 -0.076983 0.119405
0.212828 -0.077119 0.119404
0.212845 -0.077192 0.119361
0.212842 -0.077246 0.119351
0.212820 -0.077343 0.119381
0.212797 -0.077409 0.119405
0.212723 -0.077493 0.119427
0.212617 -0.077544 0.119442
0.212479 -0.077577 0.119461
0.212328 -0.077599 0.119505
0.212277 -0.077599 0.119518
0.212044 -0.077578 0.119593
0.211890 -0.077569 0.119670
0.211705 -0.077535 0.119735
0.211501 -0.077469 0.119795
0.211316 -0.077412 0.119875
0.211154 -0.077346 0.119957
0.211013 -0.077265 0.120046
0.210931 -0.077205 0.120127
0.210872 -0.077153 0.120204
0.210829 -0.077091 0.120290
0.210830 -0.077052 0.120373
0.210877 -0.077038 0.120450
0.210967 -0.077040 0.120518
0.211081 -0.077046 0.120567
0.211224 -0.077074 0.120610
0.211417 -0.077134 0.120613
0.211523 -0.077172 0.120603
0.211720 -0.077260 0.120590
0.211901 -0.077361 0.120567
0.212051 -0.077457 0.120521
0.212234 -0.077604 0.120452
0.212335 -0.077728 0.120417
0.212382 -0.077810 0.120393
0.212459 -0.078030 0.120309
0.212473 -0.078154 0.120261
0.212451 -0.078294 0.120212
0.212400 -0.078409 0.120177
0.212342 -0.078497 0.120161
0.212296 -0.078545 0.120158
0.212239 -0.078586 0.120158
0.212138 -0.078638 0.120165
0.212056 -0.078670 0.120175
0.211941 -0.078699 0.120197
0.211836 -0.078700 0.120221
0.211806 -0.078698 0.120230
0.211620 -0.078659 0.120291
0.211539 -0.078631 0.120326
0.211429 -0.078586 0.120376
0.211349 -0.078547 0.120415
0.211229 -0.078487 0.120483
0.211129 -0.078429 0.120546
0.211045 -0.078371 0.120603
0.210966 -0.078302 0.120661
0.210920 -0.078253 0.120696
0.210871 -0.078195 0.120740
0.210795 -0.078074 0.120822
0.210765 -0.078005 0.120867
0.210753 -0.077949 0.120903
0.210756 -0.077884 0.120933
0.210770 -0.077828 0.120947
0.210790 -0.077788 0.120957
0.210819 -0.077741 0.120976
0.210841 -0.077717 0.120990
0.210903 -0.077667 0.121020
0.210964 -0.077634 0.121038
0.211078 -0.077601 0.121051
0.211169 -0.077588 0.121053
0.211217 -0.077585 0.121056
0.211403 -0.077579 0.121046
0.211514 -0.077582 0.121026
0.211670 -0.077605 0.121000
0.211792 -0.077633 0.120974
0.211812 -0.077637 0.120969
0.211976 -0.077695 0.120924
0.212090 -0.077757 0.120883
0.212172 -0.077819 0.120844
0.212246 -0.077882 0.120804
0.212309 -0.077943 0.120765
0.212398 -0.078076 0.120776
0.212458 -0.078211 0.120840
0.212486 -0.078264 0.120815
0.212495 -0.078285 0.120767
0.212495 -0.078339 0.120686
0.212494 -0.078430 0.120677
0.212481 -0.078507 0.120655
0.212433 -0.078564 0.120616
0.212358 -0.078614 0.120587
0.212278 -0.078647 0.120564
0.212156 -0.078673 0.120531
0.212057 -0.078688 0.120518
0.211854 -0.078692 0.120501
0.211708 -0.078687 0.120501
0.211544 -0.078692 0.120528
0.211435 -0.078689 0.120543
0.211253 -0.078669 0.120564
0.211253 -0.078669 0.120564
0.211253 -0.078669 0.120564
0.211104 -0.078641 0.120589
0.210958 -0.078607 0.120619
0.210809 -0.078562 0.120649
0.210656 -0.078507 0.120685
0.210419 -0.078392 0.120760
0.210225 -0.078272 0.120829
0.210107 -0.078205 0.120896
0.210032 -0.078149 0.120942
0.209959 -0.078062 0.121024
0.209969 -0.078012 0.121074
0.210023 -0.077984 0.121115
0.210133 -0.077970 0.121156
0.210310 -0.077971 0.121202
0.210447 -0.077980 0.121218
0.210677 -0.078027 0.121229
0.210872 -0.078091 0.121238
0.211054 -0.078162 0.121246
0.211241 -0.078251 0.121244
0.211377 -0.078318 0.121232
0.211630 -0.078465 0.121208
0.211789 -0.078606 0.121197
0.211890 -0.078756 0.121185
0.211951 -0.078908 0.121158
0.211990 -0.079055 0.121126
0.211996 -0.079078 0.121123
0.212005 -0.079182 0.121111
0.211959 -0.079362 0.121113
0.211913 -0.079445 0.121112
0.211750 -0.079604 0.121106
0.211635 -0.079671 0.121109
0.211618 -0.079679 0.121111
0.211396 -0.079758 0.121128
0.211263 -0.079782 0.121137
0.211246 -0.079782 0.121136
0.211172 -0.079785 0.121136
0.211091 -0.079783 0.121140
0.211091 -0.079783 0.121140
0.210961 -0.079771 0.121149
0.210837 -0.079747 0.121160
0.210707 -0.079709 0.121174
0.210602 -0.079666 0.121186
0.210464 -0.079599 0.121204
0.210357 -0.079541 0.121223
0.210271 -0.079491 0.121238
0.210148 -0.079407 0.121257
0.210064 -0.079344 0.121272
0.209979 -0.079274 0.121296
0.209920 -0.079217 0.121319
0.209920 -0.079217 0.121319
0.209841 -0.079082 0.121386
0.209838 -0.079027 0.121406
0.209859 -0.078962 0.121433
0.209889 -0.078916 0.121446
0.209889 -0.078916 0.121446
0.209944 -0.078862 0.121470
0.210009 -0.078822 0.121494
0.210091 -0.078784 0.121511
0.210190 -0.078760 0.121523
0.210296 -0.078744 0.121524
0.210404 -0.078735 0.121524
0.210535 -0.078730 0.121523
0.210642 -0.078732 0.121518
0.210802 -0.078743 0.121507
0.210953 -0.078761 0.121491
0.211086 -0.078781 0.121475
0.211236 -0.078811 0.121450
0.211236 -0.078811 0.121450
0.211375 -0.078851 0.121416
0.211500 -0.078902 0.121376
0.211611 -0.078963 0.121336
0.211708 -0.079027 0.121290
0.211708 -0.079027 0.121290
0.211793 -0.079098 0.121243
0.211862 -0.079177 0.121196
0.211914 -0.079258 0.121139
0.211952 -0.079331 0.121090
0.211983 -0.079416 0.121033
0.212003 -0.079497 0.120977
0.212013 -0.079575 0.120925
0.212007 -0.079645 0.120879
0.211990 -0.079708 0.120840
0.211973 -0.079738 0.120816
0.211921 -0.079800 0.120767
0.211745 -0.079899 0.120635
0.211522 -0.079895 0.120495
0.211336 -0.079802 0.120359
0.211319 -0.079791 0.120346
0.211207 -0.079723 0.120267
0.211093 -0.079654 0.120202
0.210973 -0.079579 0.120154
0.210851 -0.079500 0.120121
0.210723 -0.079411 0.120079
0.210596 -0.079320 0.120034
0.210356 -0.079142 0.119970
0.210140 -0.078924 0.119932
0.210018 -0.078766 0.119898
0.209950 -0.078661 0.119869
0.209834 -0.078417 0.119778
0.209808 -0.078291 0.119736
0.209812 -0.078163 0.119696
0.209860 -0.078067 0.119664
0.209973 -0.077970 0.119639
0.210127 -0.077905 0.119635
0.210271 -0.077875 0.119634
0.210396 -0.077867 0.119631
0.210542 -0.077866 0.119616
0.210559 -0.077865 0.119614
0.210792 -0.077884 0.119588
0.211023 -0.077922 0.119541
0.211204 -0.077968 0.119476
0.211339 -0.078010 0.119419
0.211446 -0.078069 0.119375
0.211498 -0.078093 0.119322
0.211555 -0.078128 0.119256
0.211560 -0.078130 0.119248
0.211599 -0.078135 0.119145
0.211599 -0.078135 0.119145
0.211597 -0.078111 0.119050
0.211454 -0.077983 0.118748
0.211322 -0.077881 0.118601
0.211149 -0.077730 0.118434
0.210982 -0.077589 0.118307
0.210838 -0.077475 0.118221
0.210684 -0.077359 0.118146
0.210549 -0.077258 0.118091
0.210418 -0.077157 0.118045
0.210279 -0.077040 0.118004
0.210279 -0.077040 0.118004
0.210279 -0.077040 0.118004
0.210181 -0.076932 0.117974
0.210092 -0.076804 0.117947
0.210037 -0.076697 0.117936
0.209987 -0.076572 0.117938
0.209946 -0.076412 0.117949
0.209930 -0.076313 0.117962
0.209928 -0.076252 0.117972
0.209929 -0.076241 0.117973
0.209945 -0.076171 0.117986
0.210005 -0.076068 0.118022
0.210043 -0.076030 0.118043
0.210103 -0.075989 0.118071
0.210170 -0.075951 0.118083
0.210228 -0.075928 0.118091
0.210241 -0.075924 0.118091
0.210418 -0.075880 0.118098
0.210541 -0.075865 0.118096
0.210674 -0.075852 0.118091
0.210798 -0.075843 0.118082
0.210943 -0.075836 0.118068
0.211054 -0.075838 0.118052
0.211188 -0.075849 0.118027
0.211317 -0.075863 0.117997
0.211414 -0.075871 0.117973
0.211544 -0.075874 0.117915
0.211596 -0.075861 0.117856
0.211605 -0.075823 0.117772
0.211578 -0.075783 0.117702
0.211572 -0.075779 0.117693
0.211529 -0.075744 0.117637
0.211361 -0.075636 0.117476
0.211329 -0.075620 0.117454
0.211239 -0.075575 0.117398
0.211239 -0.075575 0.117398
0.211126 -0.075525 0.117341
0.210862 -0.075412 0.117237
0.210712 -0.075356 0.117197
0.210375 -0.075248 0.117140
0.210160 -0.075170 0.117123
0.210138 -0.075161 0.117123
0.210015 -0.075106 0.117127
0.209875 -0.075044 0.117148
0.209749 -0.075000 0.117178
0.209643 -0.074970 0.117205
0.209476 -0.074926 0.117248
0.209325 -0.074886 0.117299
0.209207 -0.074849 0.117352
0.209122 -0.074820 0.117410
0.209012 -0.074781 0.117536
0.208982 -0.074771 0.117607
0.208967 -0.074767 0.117681
0.208968 -0.074763 0.117751
0.208996 -0.074764 0.117836
0.209049 -0.074776 0.117911
0.209117 -0.074794 0.117977
0.209247 -0.074823 0.118079
0.209367 -0.074848 0.118167
0.209508 -0.074882 0.118272
0.209631 -0.074922 0.118357
0.209783 -0.074984 0.118453
0.209941 -0.075055 0.118540
0.210235 -0.075179 0.118671
0.210442 -0.075268 0.118760
0.210610 -0.075353 0.118829
0.210795 -0.075467 0.118901
0.210891 -0.075536 0.118937
0.211151 -0.075780 0.119034
0.211151 -0.075780 0.119034
0.211336 -0.076040 0.119082
0.211355 -0.076077 0.119087
0.211387 -0.076140 0.119088
0.211454 -0.076336 0.119067
0.211457 -0.076367 0.119059
0.211451 -0.076438 0.119039
0.211418 -0.076548 0.119009
0.211386 -0.076615 0.118979
0.211347 -0.076671 0.118947
0.211286 -0.076741 0.118910
0.211136 -0.076831 0.118862
0.210981 -0.076885 0.118838
0.210799 -0.076918 0.118826
0.210780 -0.076920 0.118826
0.210668 -0.076925 0.118828
0.210533 -0.076922 0.118838
0.210441 -0.076916 0.118849
0.210298 -0.076896 0.118867
0.210069 -0.076843 0.118906
0.209935 -0.076807 0.118938
0.209816 -0.076772 0.118969
0.209631 -0.076712 0.119027
0.209605 -0.076702 0.119037
0.209526 -0.076673 0.119079
0.209466 -0.076651 0.119120
0.209419 -0.076641 0.119170
0.209389 -0.076637 0.119224
0.209373 -0.076640 0.119287
0.209384 -0.076672 0.119423
0.209423 -0.076710 0.119504
0.209487 -0.076760 0.119595
0.209560 -0.076795 0.119653
0.209626 -0.076785 0.119637
0.209741 -0.076754 0.119577
0.209959 -0.076845 0.119644
0.210123 -0.076926 0.119664
0.210243 -0.076982 0.119644
0.210375 -0.077059 0.119631
0.210486 -0.077126 0.119626
0.210616 -0.077199 0.119621
0.210705 -0.077248 0.119612
0.210806 -0.077321 0.119611
0.210871 -0.077394 0.119617
0.210926 -0.077491 0.119633
0.210944 -0.077549 0.119640
0.210961 -0.077645 0.119656
0.210957 -0.077794 0.119688
0.210936 -0.077887 0.119711
0.210905 -0.077956 0.119722
0.210874 -0.077994 0.119711
0.210840 -0.078041 0.119705
0.210801 -0.078086 0.119702
0.210722 -0.078128 0.119678
0.210660 -0.078136 0.119652
0.210559 -0.078139 0.119624
0.210466 -0.078138 0.119607
0.210338 -0.078128 0.119583
0.210212 -0.078102 0.119559
0.210097 -0.078066 0.119545
0.210015 -0.078035 0.119543
0.209863 -0.077978 0.119561
0.209605 -0.077881 0.119614
0.209494 -0.077831 0.119643
0.209379 -0.077774 0.119685
0.209270 -0.077708 0.119736
0.209207 -0.077642 0.119791
0.209198 -0.077602 0.119826
0.209234 -0.077560 0.119863
0.209298 -0.077528 0.119890
0.209399 -0.077495 0.119909
0.209448 -0.077492 0.119914
0.209539 -0.077514 0.119926
0.209686 -0.077570 0.119942
0.209870 -0.077645 0.119951
0.210013 -0.077706 0.119952
0.210186 -0.077778 0.119938
0.210366 -0.077868 0.119901
0.210524 -0.078001 0.119859
0.210537 -0.078015 0.119855
0.210719 -0.078230 0.119777
0.210786 -0.078339 0.119726
0.210817 -0.078427 0.119696
0.210822 -0.078494 0.119683
0.210802 -0.078559 0.119675
0.210741 -0.078632 0.119669
0.210680 -0.078672 0.119665
0.210590 -0.078699 0.119664
0.210519 -0.078706 0.119669
0.210346 -0.078681 0.119692
0.210222 -0.078637 0.119723
0.210092 -0.078577 0.119758
0.209946 -0.078512 0.119801
0.209804 -0.078450 0.119844
0.209621 -0.078366 0.119899
0.209463 -0.078278 0.119948
0.209340 -0.078196 0.119990
0.209237 -0.078097 0.120030
0.209187 -0.078014 0.120060
0.209167 -0.077944 0.120084
0.209174 -0.077889 0.120099
0.209220 -0.077836 0.120118
0.209299 -0.077805 0.120131
0.209418 -0.077782 0.120141
0.209543 -0.077784 0.120148
0.209639 -0.077805 0.120147
0.209671 -0.077814 0.120146
0.209775 -0.077847 0.120141
0.209885 -0.077887 0.120133
0.210030 -0.077948 0.120127
0.210162 -0.078012 0.120118
0.210431 -0.078152 0.120064
0.210452 -0.078165 0.120059
0.210574 -0.078250 0.120031
0.210684 -0.078342 0.120006
0.210779 -0.078434 0.119976
0.210857 -0.078518 0.119938
0.210918 -0.078599 0.119894
0.210994 -0.078762 0.119821
0.211007 -0.078824 0.119798
0.211005 -0.078898 0.119770
0.210991 -0.078955 0.119749
0.210964 -0.079013 0.119728
0.210921 -0.079068 0.119708
0.210851 -0.079116 0.119688
0.210773 -0.079146 0.119678
0.210572 -0.079179 0.119670
0.210408 -0.079164 0.119673
0.210286 -0.079124 0.119685
0.210167 -0.079063 0.119711
0.209963 -0.078945 0.119759
0.209785 -0.078841 0.119802
0.209608 -0.078720 0.119847
0.209485 -0.078624 0.119888
0.209295 -0.078450 0.119967
0.209190 -0.078334 0.120024
0.209097 -0.078204 0.120098
0.209055 -0.078106 0.120153
0.209042 -0.078022 0.120194
0.209063 -0.077952 0.120232
0.209121 -0.077904 0.120266
0.209191 -0.077881 0.120286
0.209351 -0.077875 0.120308
0.209494 -0.077912 0.120314
0.209627 -0.077975 0.120317
0.209776 -0.078057 0.120314
0.210029 -0.078208 0.120294
0.210185 -0.078317 0.120275
0.210413 -0.078533 0.120231
0.210504 -0.078646 0.120202
0.210669 -0.078908 0.120135
0.210714 -0.079026 0.120098
0.210757 -0.079233 0.120047
0.210749 -0.079363 0.120013
0.210729 -0.079455 0.119983
0.210669 -0.079599 0.119945
0.210623 -0.079664 0.119937
0.210499 -0.079729 0.119927
0.210472 -0.079735 0.119928
0.210387 -0.079743 0.119927
0.210221 -0.079737 0.119943
0.210128 -0.079716 0.119956
0.209928 -0.079632 0.119992
0.209891 -0.079613 0.120000
0.209675 -0.079488 0.120057
0.209657 -0.079476 0.120062
0.209548 -0.079407 0.120097
0.209447 -0.079330 0.120128
0.209351 -0.079246 0.120162
0.209210 -0.079074 0.120229
0.209165 -0.079002 0.120260
0.209128 -0.078917 0.120298
0.209109 -0.078853 0.120330
0.209100 -0.078782 0.120368
0.209106 -0.078721 0.120405
0.209167 -0.078620 0.120466
0.209231 -0.078569 0.120499
0.209368 -0.078533 0.120528
0.209476 -0.078537 0.120527
0.209592 -0.078552 0.120520
0.209811 -0.078606 0.120493
0.210000 -0.078668 0.120459
0.210223 -0.078756 0.120412
0.210411 -0.078864 0.120358
0.210552 -0.078971 0.120301
0.210673 -0.079087 0.120244
0.210686 -0.079101 0.120237
0.210795 -0.079260 0.120152
0.210800 -0.079274 0.120146
0.210800 -0.079274 0.120146
0.210800 -0.079274 0.120146
0.210800 -0.079274 0.120146
0.210800 -0.079274 0.120146
0.210800 -0.079274 0.120146
0.210824 -0.079337 0.120118
0.210797 -0.079857 0.119895
0.210706 -0.079974 0.119838
0.210353 -0.080015 0.119832
0.210027 -0.079982 0.119844
0.209931 -0.079942 0.119852
0.209843 -0.079890 0.119866
0.209660 -0.079758 0.119905
0.209660 -0.079758 0.119905
0.209573 -0.079685 0.119921
0.209484 -0.079605 0.119938
0.209350 -0.079426 0.119993
0.209301 -0.079317 0.120025
0.209257 -0.079122 0.120071
0.209256 -0.079013 0.120096
0.209274 -0.078910 0.120121
0.209304 -0.078820 0.120141
0.209347 -0.078737 0.120161
0.209397 -0.078677 0.120180
0.209471 -0.078619 0.120198
0.209553 -0.078578 0.120216
0.209604 -0.078559 0.120224
0.209808 -0.078531 0.120231
0.209825 -0.078530 0.120231
0.210034 -0.078537 0.120222
0.210072 -0.078540 0.120218
0.210174 -0.078554 0.120203
0.210290 -0.078579 0.120185
0.210405 -0.078610 0.120163
0.210522 -0.078648 0.120137
0.210614 -0.078685 0.120112
0.210819 -0.078797 0.120046
0.210888 -0.078853 0.120017
0.210931 -0.078898 0.119994
0.210974 -0.078951 0.119969
0.211002 -0.079003 0.119941
0.211004 -0.079047 0.119916
0.210986 -0.079089 0.119894
0.210948 -0.079131 0.119874
0.210902 -0.079171 0.119854
0.210780 -0.079236 0.119811
0.210703 -0.079258 0.119794
0.210616 -0.079268 0.119781
0.210519 -0.079271 0.119772
0.210354 -0.079255 0.119763
0.210312 -0.079247 0.119760
0.210177 -0.079214 0.119755
0.210046 -0.079170 0.119750
0.209947 -0.079131 0.119746
0.209825 -0.079078 0.119742
0.209682 -0.079014 0.119745
0.209546 -0.078946 0.119750
0.209318 -0.078827 0.119771
0.209186 -0.078759 0.119790
0.209081 -0.078702 0.119807
0.208989 -0.078646 0.119824
0.208916 -0.078592 0.119842
0.208856 -0.078536 0.119862
0.208825 -0.078494 0.119878
0.208806 -0.078461 0.119890
0.208803 -0.078397 0.119911
0.208820 -0.078356 0.119926
0.208853 -0.078322 0.119939
0.208954 -0.078274 0.119954
0.209021 -0.078266 0.119959
0.209105 -0.078263 0.119964
0.209203 -0.078273 0.119976
0.209494 -0.078336 0.119996
0.209822 -0.078441 0.119983
0.210016 -0.078530 0.119978
0.210326 -0.078716 0.119913
0.210493 -0.078855 0.119847
0.210601 -0.078962 0.119804
0.210735 -0.079146 0.119729
0.210770 -0.079240 0.119689
0.210740 -0.079434 0.119639
0.210698 -0.079509 0.119625
0.210684 -0.079529 0.119620
0.210660 -0.079557 0.119613
0.210565 -0.079624 0.119596
0.210477 -0.079655 0.119589
0.210408 -0.079669 0.119586
0.210298 -0.079679 0.119588
0.210212 -0.079676 0.119592
0.210012 -0.079636 0.119612
0.209864 -0.079580 0.119636
0.209778 -0.079543 0.119653
0.209646 -0.079483 0.119682
0.209503 -0.079405 0.119715
0.209255 -0.079256 0.119773
0.209133 -0.079178 0.119799
0.208987 -0.079079 0.119834
0.208987 -0.079079 0.119834
0.208855 -0.078977 0.119870
0.208777 -0.078906 0.119893
0.208688 -0.078806 0.119924
0.208636 -0.078726 0.119948
0.208594 -0.078639 0.119975
0.208570 -0.078562 0.120000
0.208557 -0.078488 0.120025
0.208574 -0.078368 0.120066
0.208577 -0.078360 0.120069
0.208611 -0.078325 0.120084
0.208647 -0.078303 0.120096
0.208647 -0.078303 0.120096
0.208803 -0.078257 0.120122
0.208926 -0.078252 0.120137
0.209047 -0.078271 0.120152
0.209047 -0.078271 0.120152
0.209142 -0.078294 0.120162
0.209270 -0.078329 0.120170
0.209426 -0.078380 0.120175
0.209609 -0.078450 0.120176
0.209764 -0.078516 0.120175
0.209973 -0.078608 0.120165
0.210185 -0.078722 0.120136
0.210321 -0.078816 0.120095
0.210419 -0.078903 0.120055
0.210419 -0.078903 0.120055
0.210536 -0.079035 0.119998
0.210625 -0.079157 0.119951
0.210700 -0.079277 0.119900
0.210749 -0.079379 0.119856
0.210790 -0.079506 0.119796
0.210804 -0.079612 0.119751
0.210805 -0.079715 0.119713
0.210802 -0.079794 0.119686
0.210761 -0.079964 0.119624
0.210637 -0.080101 0.119562
0.210624 -0.080110 0.119557
0.210555 -0.080151 0.119540
0.210437 -0.080187 0.119522
0.210328 -0.080199 0.119518
0.210237 -0.080195 0.119522
0.210142 -0.080181 0.119526
0.210018 -0.080150 0.119542
0.209910 -0.080109 0.119562
0.209666 -0.079974 0.119633
0.209545 -0.079900 0.119671
0.209545 -0.079900 0.119671
0.209419 -0.079819 0.119708
0.209290 -0.079728 0.119750
0.209157 -0.079626 0.119794
0.209035 -0.079519 0.119833
0.208925 -0.079412 0.119874
0.208831 -0.079303 0.119916
0.208743 -0.079177 0.119965
0.208681 -0.079063 0.120009
0.208620 -0.078867 0.120088
0.208609 -0.078774 0.120131
0.208613 -0.078698 0.120169
0.208669 -0.078556 0.120249
0.208676 -0.078546 0.120254
0.208710 -0.078507 0.120282
0.208759 -0.078471 0.120308
0.208828 -0.078445 0.120330
0.208923 -0.078432 0.120351
0.209024 -0.078429 0.120366
0.209151 -0.078435 0.120380
0.209273 -0.078455 0.120387
0.209565 -0.078547 0.120393
0.209720 -0.078614 0.120393
0.209890 -0.078706 0.120385
0.210011 -0.078791 0.120378
0.210248 -0.079001 0.120311
0.210280 -0.079036 0.120294
0.210441 -0.079277 0.120201
0.210451 -0.079302 0.120196
0.210538 -0.079551 0.120113
0.210546 -0.079585 0.120099
0.210568 -0.079842 0.119990
0.210531 -0.080091 0.119904
0.210496 -0.080205 0.119853
0.210484 -0.080236 0.119838
0.210442 -0.080325 0.119799
0.210387 -0.080400 0.119764
0.210315 -0.080463 0.119735
0.210146 -0.080553 0.119692
0.210045 -0.080588 0.119673
0.209850 -0.080606 0.119667
0.209834 -0.080603 0.119669
0.209716 -0.080579 0.119684
0.209621 -0.080553 0.119701
0.209509 -0.080513 0.119729
0.209260 -0.080390 0.119811
0.209160 -0.080329 0.119849
0.209045 -0.080247 0.119895
0.208953 -0.080167 0.119940
0.208873 -0.080085 0.119980
0.208800 -0.079991 0.120026
0.208746 -0.079899 0.120070
0.208692 -0.079777 0.120127
0.208656 -0.079657 0.120179
0.208630 -0.079543 0.120227
0.208625 -0.079461 0.120262
0.208633 -0.079374 0.120305
0.208665 -0.079266 0.120369
0.208696 -0.079201 0.120406
0.208739 -0.079138 0.120437
0.208797 -0.079079 0.120468
0.208873 -0.079031 0.120499
0.208959 -0.078995 0.120519
0.209058 -0.078968 0.120536
0.209259 -0.078940 0.120546
0.209490 -0.078958 0.120521
0.209708 -0.079014 0.120484
0.209889 -0.079100 0.120443
0.210047 -0.079202 0.120381
0.210183 -0.079326 0.120320
0.210267 -0.079442 0.120275
0.210319 -0.079548 0.120237
0.210382 -0.079765 0.120155
0.210394 -0.079877 0.120111
0.210389 -0.079979 0.120071
0.210336 -0.080197 0.119989
0.210240 -0.080386 0.119909
0.210157 -0.080485 0.119857
0.210088 -0.080547 0.119823
0.210012 -0.080598 0.119796
0.209839 -0.080674 0.119763
0.209631 -0.080702 0.119756
0.209525 -0.080692 0.119766
0.209430 -0.080672 0.119782
0.209200 -0.080587 0.119840
0.209081 -0.080527 0.119880
0.208987 -0.080464 0.119918
0.208802 -0.080292 0.120019
0.208716 -0.080165 0.120086
0.208677 -0.080052 0.120134
0.208658 -0.079955 0.120175
0.208654 -0.079745 0.120256
0.208665 -0.079649 0.120291
0.208746 -0.079446 0.120363
0.208819 -0.079359 0.120397
0.208896 -0.079294 0.120424
0.208983 -0.079238 0.120448
0.209178 -0.079154 0.120486
0.209444 -0.079113 0.120490
0.209612 -0.079104 0.120482
0.209798 -0.079112 0.120460
0.209957 -0.079133 0.120428
0.210220 -0.079210 0.120346
0.210357 -0.079289 0.120277
0.210515 -0.079461 0.120135
0.210572 -0.079638 0.119992
0.210574 -0.079723 0.119921
0.210566 -0.079798 0.119864
0.210520 -0.079948 0.119755
0.210506 -0.079972 0.119738
0.210451 -0.080035 0.119682
0.210378 -0.080088 0.119623
0.210286 -0.080131 0.119554
0.210188 -0.080166 0.119489
0.210094 -0.080191 0.119437
0.209988 -0.080209 0.119386
0.209866 -0.080214 0.119326
0.209765 -0.080203 0.119278
0.209670 -0.080181 0.119236
0.209578 -0.080152 0.119206
0.209483 -0.080112 0.119178
0.209385 -0.080059 0.119150
0.209286 -0.079996 0.119130
0.209169 -0.079915 0.119116
0.208985 -0.079743 0.119077
0.208832 -0.079504 0.119015
0.208743 -0.079337 0.118975
0.208676 -0.079191 0.118927
0.208630 -0.079067 0.118871
0.208559 -0.078857 0.118752
0.208518 -0.078580 0.118597
0.208546 -0.078433 0.118513
0.208551 -0.078418 0.118504
0.208585 -0.078326 0.118436
0.208613 -0.078250 0.118367
0.208645 -0.078165 0.118278
0.208676 -0.078088 0.118186
0.208763 -0.077952 0.117991
0.208811 -0.077894 0.117886
0.208862 -0.077831 0.117769
0.208862 -0.077831 0.117769
0.208970 -0.077677 0.117495
0.208970 -0.077677 0.117495
0.209016 -0.077590 0.117328
0.209047 -0.077513 0.117152
0.209066 -0.077448 0.116983
0.209073 -0.077393 0.116822
0.209072 -0.077342 0.116669
0.209061 -0.077284 0.116483
0.209042 -0.077227 0.116307
0.209004 -0.077150 0.116084
0.208951 -0.077070 0.115865
0.208896 -0.076994 0.115673
0.208837 -0.076911 0.115471
0.208768 -0.076820 0.115257
0.208705 -0.076743 0.115079
0.208635 -0.076659 0.114897
0.208558 -0.076568 0.114716
0.208476 -0.076474 0.114538
0.208386 -0.076379 0.114363
0.208190 -0.076187 0.114043
0.207990 -0.075999 0.113773
0.207806 -0.075832 0.113558
0.207654 -0.075697 0.113399
0.207372 -0.075451 0.113138
0.207129 -0.075241 0.112946
0.206926 -0.075064 0.112800
0.206709 -0.074870 0.112651
0.206412 -0.074601 0.112450
0.206213 -0.074410 0.112319
0.206013 -0.074191 0.112175
0.205844 -0.073986 0.112048
0.205684 -0.073783 0.111925
0.205505 -0.073538 0.111787
0.205375 -0.073341 0.111686
0.205256 -0.073161 0.111590
0.205124 -0.072978 0.111484
0.205011 -0.072819 0.111386
0.204832 -0.072579 0.111216
0.204745 -0.072473 0.111132
0.204583 -0.072291 0.110970
0.204447 -0.072138 0.110817
0.204304 -0.071988 0.110661
0.204185 -0.071872 0.110531
0.204066 -0.071769 0.110409
0.203951 -0.071666 0.110283
0.203838 -0.071572 0.110159
0.203672 -0.071460 0.109997
0.203538 -0.071382 0.109875
0.203401 -0.071317 0.109765
0.203269 -0.071261 0.109665
0.203235 -0.071248 0.109639
0.203029 -0.071169 0.109479
0.202788 -0.071070 0.109282
0.202614 -0.071000 0.109143
0.202451 -0.070942 0.109025
0.202279 -0.070869 0.108885
0.202157 -0.070811 0.108780
0.201892 -0.070684 0.108556
0.201703 -0.070596 0.108406
0.201512 -0.070508 0.108262
0.201512 -0.070508 0.108262
0.201491 -0.070499 0.108247
0.201336 -0.070432 0.108135
0.201201 -0.070378 0.108046
0.201063 -0.070328 0.107964
0.200927 -0.070277 0.107882
0.200770 -0.070212 0.107783
0.200506 -0.070104 0.107617
0.200368 -0.070049 0.107534
0.200028 -0.069922 0.107346
0.199833 -0.069856 0.107256
0.199631 -0.069795 0.107175
0.199422 -0.069739 0.107101
0.199219 -0.069691 0.107039
0.198983 -0.069640 0.106975
0.198796 -0.069600 0.106926
0.198772 -0.069594 0.106920
0.198427 -0.069527 0.106830
0.198427 -0.069527 0.106830
0.198244 -0.069493 0.106782
0.198065 -0.069460 0.106732
0.197911 -0.069432 0.106692
0.197731 -0.069401 0.106645
0.197545 -0.069373 0.106599
0.197153 -0.069321 0.106509
0.196947 -0.069300 0.106464
0.196897 -0.069294 0.106452
0.196560 -0.069269 0.106380
0.196198 -0.069261 0.106309
0.195981 -0.069265 0.106269
0.195955 -0.069266 0.106263
0.195573 -0.069295 0.106190
0.195172 -0.069345 0.106133
0.194943 -0.069381 0.106104
0.194886 -0.069392 0.106098
0.194510 -0.069464 0.106050
0.194107 -0.069558 0.106010
0.193856 -0.069624 0.105992
0.193586 -0.069698 0.105974
0.193312 -0.069774 0.105964
0.193041 -0.069850 0.105961
0.192742 -0.069938 0.105963
0.192440 -0.070024 0.105964
0.192151 -0.070101 0.105969
0.191869 -0.070174 0.105975
0.191525 -0.070260 0.105989
0.191244 -0.070321 0.106001
0.190915 -0.070382 0.106015
0.190618 -0.070430 0.106021
0.190286 -0.070474 0.106027
0.189986 -0.070507 0.106034
0.189677 -0.070537 0.106034
0.189391 -0.070562 0.106032
0.189130 -0.070582 0.106029
0.189053 -0.070587 0.106028
0.188559 -0.070631 0.106030
0.188214 -0.070667 0.106036
0.187898 -0.070702 0.106049
0.187359 -0.070778 0.106086
0.186985 -0.070840 0.106120
0.186622 -0.070909 0.106163
0.186266 -0.070993 0.106220
0.185963 -0.071079 0.106279
0.185620 -0.071184 0.106354
0.185341 -0.071283 0.106428
0.185114 -0.071375 0.106498
0.184762 -0.071525 0.106613
0.184521 -0.071636 0.106701
0.184297 -0.071762 0.106806
0.184061 -0.071903 0.106920
0.183868 -0.072023 0.107016
0.183650 -0.072168 0.107129
0.183513 -0.072274 0.107213
0.183297 -0.072470 0.107373
0.183160 -0.072610 0.107492
0.182979 -0.072818 0.107666
0.182865 -0.072954 0.107781
0.182680 -0.073193 0.107987
0.182574 -0.073340 0.108114
0.182372 -0.073629 0.108365
0.182219 -0.073837 0.108541
0.182000 -0.074103 0.108748
0.181834 -0.074299 0.108890
0.181638 -0.074527 0.109053
0.181505 -0.074683 0.109167
0.181395 -0.074820 0.109268
0.181248 -0.075010 0.109407
0.181118 -0.075187 0.109538
0.180962 -0.075402 0.109697
0.180823 -0.075591 0.109833
0.180654 -0.075816 0.109990
0.180506 -0.076010 0.110117
0.180384 -0.076174 0.110221
0.180197 -0.076436 0.110381
0.180039 -0.076673 0.110522
0.179932 -0.076847 0.110624
0.179890 -0.076916 0.110664
0.179640 -0.077335 0.110898
0.179499 -0.077584 0.111027
0.179364 -0.077848 0.111162
0.179230 -0.078120 0.111305
0.179122 -0.078359 0.111434
0.179019 -0.078598 0.111558
0.178926 -0.078836 0.111679
0.178855 -0.079038 0.111781
0.178736 -0.079405 0.111968
0.178657 -0.079689 0.112114
0.178600 -0.079933 0.112245
0.178545 -0.080213 0.112397
0.178510 -0.080451 0.112526
0.178485 -0.080725 0.112683
0.178485 -0.080725 0.112683
0.178486 -0.081182 0.112962
0.178510 -0.081395 0.113091
0.178553 -0.081637 0.113242
0.178597 -0.081842 0.113378
0.178655 -0.082078 0.113542
0.178717 -0.082272 0.113686
0.178804 -0.082485 0.113852
0.178889 -0.082664 0.114001
0.178991 -0.082869 0.114182
0.179112 -0.083100 0.114399
0.179206 -0.083276 0.114578
0.179307 -0.083452 0.114765
0.179406 -0.083616 0.114946
0.179501 -0.083779 0.115134
0.179575 -0.083913 0.115297
0.179658 -0.084075 0.115495
0.179722 -0.084207 0.115661
0.179794 -0.084369 0.115863
0.179846 -0.084502 0.116033
0.179855 -0.084529 0.116066
0.179905 -0.084689 0.116273
0.179949 -0.084843 0.116472
0.179984 -0.084985 0.116656
0.180014 -0.085119 0.116829
0.180039 -0.085262 0.117010
0.180052 -0.085378 0.117156
0.180060 -0.085500 0.117309
0.180065 -0.085621 0.117460
0.180055 -0.085878 0.117786
0.180052 -0.085899 0.117812
0.180036 -0.086015 0.117950
0.180013 -0.086132 0.118083
0.180013 -0.086132 0.118083
0.179987 -0.086254 0.118215
0.179954 -0.086403 0.118373
0.179914 -0.086554 0.118534
0.179875 -0.086687 0.118672
0.179834 -0.086823 0.118808
0.179795 -0.086961 0.118938
0.179746 -0.087121 0.119074
0.179709 -0.087257 0.119181
0.179671 -0.087396 0.119283
0.179634 -0.087536 0.119379
0.179591 -0.087704 0.119492
0.179561 -0.087850 0.119586
0.179534 -0.088000 0.119678
0.179534 -0.088000 0.119678
0.179514 -0.088154 0.119767
0.179494 -0.088329 0.119862
0.179477 -0.088480 0.119943
0.179466 -0.088630 0.120022
0.179459 -0.088802 0.120107
0.179459 -0.088802 0.120107
0.179463 -0.088942 0.120172
0.179474 -0.089078 0.120229
0.179487 -0.089212 0.120290
0.179506 -0.089343 0.120355
0.179543 -0.089489 0.120438
0.179582 -0.089610 0.120510
0.179633 -0.089726 0.120582
0.179690 -0.089841 0.120657
0.179762 -0.089968 0.120752
0.179762 -0.089968 0.120752
0.179830 -0.090074 0.120837
0.179900 -0.090178 0.120928
0.179973 -0.090276 0.121020
0.180048 -0.090367 0.121109
0.180121 -0.090456 0.121205
0.180196 -0.090533 0.121303
0.180274 -0.090594 0.121388
0.180368 -0.090645 0.121479
0.180436 -0.090674 0.121542
0.180517 -0.090697 0.121616
0.180598 -0.090707 0.121691
0.180676 -0.090710 0.121770
0.180748 -0.090707 0.121846
0.180805 -0.090702 0.121911
0.180870 -0.090689 0.121992
0.180926 -0.090671 0.122071
0.180975 -0.090650 0.122149
0.181016 -0.090626 0.122225
0.181078 -0.090577 0.122379
0.181110 -0.090521 0.122549
0.181112 -0.090482 0.122630
0.181097 -0.090413 0.122754
0.181073 -0.090356 0.122839
0.181043 -0.090310 0.122895
0.180981 -0.090227 0.122976
0.180927 -0.090169 0.123024
0.180870 -0.090114 0.123063
0.180788 -0.090044 0.123105
0.180715 -0.089989 0.123131
0.180652 -0.089947 0.123152
0.180652 -0.089947 0.123152
0.180599 -0.089912 0.123164
0.180412 -0.089829 0.123190
0.180324 -0.089800 0.123192
0.180269 -0.089782 0.123185
0.180242 -0.089776 0.123178
0.180219 -0.089771 0.123170
0.180211 -0.089771 0.123160
0.180212 -0.089770 0.123157
0.180236 -0.089779 0.123136
0.180303 -0.089795 0.123111
0.180355 -0.089802 0.123096
0.180436 -0.089798 0.123081
0.180539 -0.089792 0.123063
0.180621 -0.089779 0.123050
0.180752 -0.089752 0.123036
0.180870 -0.089724 0.123026
0.180870 -0.089724 0.123026
0.180929 -0.089708 0.123020
0.181144 -0.089640 0.123008
0.181382 -0.089570 0.123025
0.181624 -0.089472 0.123054
0.181778 -0.089395 0.123075
0.181911 -0.089310 0.123093
0.182051 -0.089207 0.123112
0.182082 -0.089184 0.123115
0.182274 -0.089037 0.123145
0.182477 -0.088884 0.123182
0.182601 -0.088783 0.123216
0.182691 -0.088703 0.123249
0.182768 -0.088621 0.123279
0.182778 -0.088610 0.123282
0.182942 -0.088408 0.123354
0.183013 -0.088302 0.123385
0.183075 -0.088204 0.123410
0.183129 -0.088114 0.123433
0.183197 -0.087997 0.123468
0.183274 -0.087865 0.123513
0.183324 -0.087783 0.123544
0.183425 -0.087620 0.123604
0.183476 -0.087545 0.123628
0.183539 -0.087463 0.123653
0.183592 -0.087400 0.123671
0.183646 -0.087344 0.123684
0.183686 -0.087305 0.123695
0.183742 -0.087256 0.123708
0.183785 -0.087223 0.123721
0.183851 -0.087178 0.123738
0.183899 -0.087148 0.123751
0.183949 -0.087119 0.123763
0.184011 -0.087088 0.123780
0.184073 -0.087061 0.123794
0.184127 -0.087041 0.123806
0.184189 -0.087022 0.123819
0.184266 -0.087002 0.123831
0.184332 -0.086988 0.123839
0.184386 -0.086978 0.123844
0.184455 -0.086965 0.123850
0.184511 -0.086954 0.123854
0.184547 -0.086948 0.123856
0.184662 -0.086931 0.123860
0.184729 -0.086925 0.123863
0.184824 -0.086917 0.123869
0.184913 -0.086911 0.123875
0.185016 -0.086906 0.123880
0.185108 -0.086902 0.123884
0.185203 -0.086899 0.123888
0.185314 -0.086896 0.123894
0.185429 -0.086892 0.123898
0.185531 -0.086885 0.123901
0.185634 -0.086879 0.123908
0.185753 -0.086874 0.123916
0.185855 -0.086868 0.123923
0.185957 -0.086863 0.123930
0.186058 -0.086859 0.123937
0.186169 -0.086854 0.123947
0.186262 -0.086852 0.123957
0.186387 -0.086847 0.123971
0.186484 -0.086844 0.123981
0.186577 -0.086839 0.123993
0.186683 -0.086834 0.124006
0.186782 -0.086827 0.124020
0.186864 -0.086822 0.124032
0.186965 -0.086813 0.124044
0.187053 -0.086805 0.124057
0.187157 -0.086798 0.124072
0.187236 -0.086792 0.124083
0.187333 -0.086784 0.124094
0.187409 -0.086779 0.124105
0.187518 -0.086776 0.124122
0.187606 -0.086774 0.124135
0.187715 -0.086771 0.124152
0.187732 -0.086771 0.124155
0.187893 -0.086767 0.124178
0.187976 -0.086763 0.124192
0.188049 -0.086760 0.124203
0.188134 -0.086757 0.124215
0.188254 -0.086753 0.124235
0.188361 -0.086753 0.124253
0.188472 -0.086752 0.124272
0.188584 -0.086750 0.124290
0.188696 -0.086749 0.124309
0.188810 -0.086749 0.124330
0.188926 -0.086749 0.124351
0.188986 -0.086750 0.124365
0.189129 -0.086754 0.124395
0.189275 -0.086761 0.124425
0.189391 -0.086767 0.124448
0.189524 -0.086779 0.124471
0.189686 -0.086799 0.124498
0.189803 -0.086818 0.124515
0.189828 -0.086821 0.124519
0.189828 -0.086821 0.124519
0.189948 -0.086842 0.124537
0.190126 -0.086876 0.124561
0.190317 -0.086917 0.124586
0.190488 -0.086954 0.124607
0.190804 -0.087026 0.124643
0.191038 -0.087079 0.124666
0.191423 -0.087149 0.124697
0.191839 -0.087206 0.124720
0.192170 -0.087243 0.124737
0.192451 -0.087273 0.124751
0.192725 -0.087300 0.124765
0.192940 -0.087318 0.124772
0.193191 -0.087335 0.124781
0.193371 -0.087345 0.124784
0.193408 -0.087347 0.124785
0.193518 -0.087352 0.124788
0.194035 -0.087373 0.124803
0.194329 -0.087386 0.124808
0.194491 -0.087391 0.124809
0.194739 -0.087397 0.124812
0.194918 -0.087401 0.124816
0.195158 -0.087402 0.124828
0.195432 -0.087396 0.124834
0.195638 -0.087392 0.124841
0.195844 -0.087383 0.124848
0.196126 -0.087374 0.124861
0.196342 -0.087366 0.124870
0.196559 -0.087354 0.124874
0.196763 -0.087337 0.124874
0.196965 -0.087317 0.124873
0.197167 -0.087294 0.124870
0.197203 -0.087290 0.124869
0.197203 -0.087290 0.124869
0.197668 -0.087240 0.124864
0.197668 -0.087240 0.124864
0.197878 -0.087212 0.124855
0.198079 -0.087182 0.124847
0.198280 -0.087148 0.124843
0.198481 -0.087113 0.124839
0.198679 -0.087078 0.124839
