Column1 Column2 Column3
0.185278 -0.084271 0.123853
0.185278 -0.084271 0.123853
0.185278 -0.084271 0.123854
0.185278 -0.084272 0.123854
0.185278 -0.084272 0.123854
0.185278 -0.084272 0.123854
0.185282 -0.084268 0.123857
0.185283 -0.084267 0.123855
0.185283 -0.084267 0.123855
0.185283 -0.084267 0.123855
0.185283 -0.084268 0.123855
0.185283 -0.084266 0.123855
0.185283 -0.084266 0.123855
0.185284 -0.084266 0.123855
0.185283 -0.084267 0.123856
0.185283 -0.084266 0.123855
0.185283 -0.084266 0.123855
0.185283 -0.084266 0.123855
0.185284 -0.084268 0.123856
0.185284 -0.084268 0.123854
0.185284 -0.084266 0.123851
0.185286 -0.084263 0.123841
0.185291 -0.084262 0.123830
0.185303 -0.084259 0.123818
0.185315 -0.084250 0.123791
0.185320 -0.084248 0.123767
0.185317 -0.084244 0.123738
0.185305 -0.084242 0.123716
0.185300 -0.084242 0.123708
0.185294 -0.084243 0.123700
0.185266 -0.084243 0.123676
0.185260 -0.084242 0.123672
0.185227 -0.084244 0.123654
0.185197 -0.084244 0.123644
0.185165 -0.084245 0.123636
0.185137 -0.084244 0.123634
0.185110 -0.084242 0.123635
0.185084 -0.084240 0.123640
0.185063 -0.084240 0.123648
0.185043 -0.084238 0.123658
0.185031 -0.084239 0.123669
0.185022 -0.084241 0.123683
0.185014 -0.084241 0.123694
0.185007 -0.084242 0.123704
0.185002 -0.084241 0.123713
0.185000 -0.084239 0.123721
0.185004 -0.084237 0.123726
0.185009 -0.084235 0.123731
0.185021 -0.084229 0.123732
0.185033 -0.084221 0.123730
0.185036 -0.084221 0.123731
0.185042 -0.084218 0.123731
0.185050 -0.084214 0.123729
0.185058 -0.084210 0.123727
0.185067 -0.084203 0.123722
0.185075 -0.084194 0.123717
0.185079 -0.084188 0.123713
0.185085 -0.084181 0.123708
0.185089 -0.084173 0.123704
0.185092 -0.084167 0.123700
0.185094 -0.084162 0.123697
0.185094 -0.084158 0.123695
0.185094 -0.084152 0.123691
0.185089 -0.084144 0.123684
0.185088 -0.084142 0.123683
0.185070 -0.084131 0.123674
0.185057 -0.084124 0.123670
0.185039 -0.084118 0.123669
0.185016 -0.084107 0.123665
0.184996 -0.084099 0.123664
0.184970 -0.084090 0.123664
0.184956 -0.084085 0.123665
0.184925 -0.084075 0.123668
0.184909 -0.084071 0.123673
0.184874 -0.084058 0.123678
0.184853 -0.084053 0.123684
0.184836 -0.084048 0.123687
0.184819 -0.084040 0.123692
0.184798 -0.084035 0.123700
0.184781 -0.084033 0.123708
0.184768 -0.084031 0.123715
0.184760 -0.084033 0.123724
0.184757 -0.084034 0.123730
0.184758 -0.084043 0.123739
0.184772 -0.084052 0.123747
0.184793 -0.084064 0.123752
0.184820 -0.084081 0.123758
0.184851 -0.084101 0.123761
0.184887 -0.084120 0.123762
0.184917 -0.084136 0.123761
0.184951 -0.084160 0.123764
0.184965 -0.084167 0.123765
0.184978 -0.084176 0.123766
0.184996 -0.084191 0.123765
0.185010 -0.084203 0.123762
0.185018 -0.084219 0.123761
0.185022 -0.084229 0.123759
0.185017 -0.084233 0.123756
0.185010 -0.084237 0.123755
0.184990 -0.084239 0.123753
0.184984 -0.084239 0.123752
0.184946 -0.084229 0.123745
0.184918 -0.084220 0.123741
0.184883 -0.084207 0.123739
0.184858 -0.084195 0.123737
0.184806 -0.084168 0.123735
0.184766 -0.084145 0.123735
0.184739 -0.084126 0.123735
0.184685 -0.084089 0.123735
0.184649 -0.084062 0.123734
0.184626 -0.084040 0.123734
0.184595 -0.084013 0.123732
0.184570 -0.083984 0.123732
0.184535 -0.083953 0.123730
0.184513 -0.083908 0.123731
0.184489 -0.083869 0.123725
0.184486 -0.083846 0.123726
0.184478 -0.083812 0.123723
0.184480 -0.083786 0.123720
0.184492 -0.083771 0.123722
0.184510 -0.083759 0.123718
0.184549 -0.083744 0.123719
0.184588 -0.083739 0.123717
0.184610 -0.083742 0.123714
0.184664 -0.083744 0.123718
0.184733 -0.083762 0.123715
0.184801 -0.083791 0.123718
0.184868 -0.083825 0.123719
0.184947 -0.083873 0.123718
0.185006 -0.083915 0.123714
0.185055 -0.083956 0.123710
0.185091 -0.083992 0.123708
0.185123 -0.084029 0.123704
0.185139 -0.084070 0.123702
0.185136 -0.084092 0.123702
0.185119 -0.084128 0.123706
0.185083 -0.084142 0.123707
0.185041 -0.084147 0.123712
0.184997 -0.084153 0.123717
0.184923 -0.084146 0.123724
0.184888 -0.084132 0.123729
0.184792 -0.084108 0.123736
0.184715 -0.084080 0.123745
0.184641 -0.084044 0.123753
0.184591 -0.084013 0.123758
0.184504 -0.083958 0.123766
0.184439 -0.083903 0.123772
0.184408 -0.083871 0.123774
0.184323 -0.083773 0.123780
0.184265 -0.083688 0.123783
0.184212 -0.083592 0.123782
0.184175 -0.083505 0.123780
0.184154 -0.083428 0.123780
0.184148 -0.083357 0.123780
0.184165 -0.083308 0.123781
0.184208 -0.083268 0.123783
0.184270 -0.083256 0.123788
0.184360 -0.083267 0.123800
0.184426 -0.083297 0.123811
0.184562 -0.083370 0.123829
0.184637 -0.083411 0.123831
0.184727 -0.083459 0.123820
0.184781 -0.083488 0.123808
0.184884 -0.083543 0.123778
0.184926 -0.083578 0.123766
0.185031 -0.083679 0.123731
0.185112 -0.083769 0.123709
0.185190 -0.083862 0.123688
0.185255 -0.083952 0.123662
0.185304 -0.084025 0.123631
0.185335 -0.084079 0.123598
0.185347 -0.084118 0.123574
0.185337 -0.084155 0.123563
0.185305 -0.084198 0.123570
0.185247 -0.084232 0.123588
0.185210 -0.084240 0.123597
0.185110 -0.084228 0.123629
0.185069 -0.084211 0.123649
0.184970 -0.084173 0.123681
0.184914 -0.084134 0.123703
0.184798 -0.084054 0.123749
0.184719 -0.083978 0.123784
0.184651 -0.083899 0.123813
0.184583 -0.083800 0.123842
0.184550 -0.083742 0.123855
0.184470 -0.083589 0.123891
0.184412 -0.083475 0.123912
0.184351 -0.083350 0.123929
0.184279 -0.083177 0.123951
0.184232 -0.083043 0.123966
0.184201 -0.082935 0.123979
0.184172 -0.082824 0.123994
0.184147 -0.082725 0.124011
0.184135 -0.082636 0.124029
0.184134 -0.082556 0.124052
0.184144 -0.082499 0.124078
0.184165 -0.082466 0.124104
0.184189 -0.082458 0.124135
0.184260 -0.082467 0.124205
0.184327 -0.082468 0.124239
0.184402 -0.082444 0.124244
0.184470 -0.082425 0.124241
0.184530 -0.082429 0.124245
0.184632 -0.082442 0.124255
0.184664 -0.082449 0.124262
0.184664 -0.082449 0.124262
0.184797 -0.082522 0.124283
0.184844 -0.082558 0.124288
0.184892 -0.082602 0.124298
0.184939 -0.082658 0.124302
0.185022 -0.082766 0.124317
0.185111 -0.082901 0.124335
0.185174 -0.083000 0.124341
0.185219 -0.083073 0.124338
0.185282 -0.083180 0.124312
0.185320 -0.083242 0.124279
0.185336 -0.083276 0.124255
0.185368 -0.083347 0.124222
0.185385 -0.083441 0.124225
0.185389 -0.083505 0.124238
0.185367 -0.083645 0.124276
0.185344 -0.083739 0.124299
0.185311 -0.083809 0.124319
0.185291 -0.083841 0.124329
0.185257 -0.083876 0.124347
0.185233 -0.083898 0.124356
0.185172 -0.083940 0.124377
0.185096 -0.083970 0.124400
0.184987 -0.083990 0.124424
0.184878 -0.083977 0.124457
0.184782 -0.083947 0.124484
0.184753 -0.083932 0.124490
0.184700 -0.083903 0.124509
0.184604 -0.083824 0.124531
0.184531 -0.083743 0.124561
0.184475 -0.083667 0.124584
0.184415 -0.083562 0.124605
0.184367 -0.083463 0.124621
0.184304 -0.083330 0.124648
0.184264 -0.083209 0.124668
0.184219 -0.083042 0.124697
0.184194 -0.082921 0.124716
0.184172 -0.082800 0.124734
0.184157 -0.082682 0.124751
0.184133 -0.082485 0.124782
0.184130 -0.082363 0.124801
0.184147 -0.082192 0.124833
0.184192 -0.081999 0.124884
0.184257 -0.081879 0.124942
0.184320 -0.081808 0.125001
0.184325 -0.081799 0.125005
0.184469 -0.081703 0.125099
0.184558 -0.081658 0.125133
0.184618 -0.081633 0.125159
0.184662 -0.081635 0.125176
0.184751 -0.081619 0.125203
0.184835 -0.081619 0.125229
0.184933 -0.081659 0.125255
0.184953 -0.081671 0.125268
0.185036 -0.081740 0.125287
0.185089 -0.081814 0.125307
0.185109 -0.081849 0.125316
0.185157 -0.081947 0.125329
0.185184 -0.082017 0.125338
0.185212 -0.082113 0.125340
0.185229 -0.082208 0.125335
0.185236 -0.082294 0.125325
0.185236 -0.082422 0.125277
0.185221 -0.082520 0.125240
0.185187 -0.082641 0.125218
0.185153 -0.082754 0.125210
0.185099 -0.082889 0.125209
0.185035 -0.083012 0.125210
0.184973 -0.083105 0.125211
0.184931 -0.083160 0.125214
0.184886 -0.083213 0.125213
0.184815 -0.083289 0.125207
0.184694 -0.083382 0.125200
0.184561 -0.083458 0.125201
0.184485 -0.083492 0.125202
0.184419 -0.083521 0.125201
0.184309 -0.083537 0.125203
0.184258 -0.083552 0.125200
0.184139 -0.083537 0.125207
0.184048 -0.083511 0.125206
0.183941 -0.083458 0.125213
0.183851 -0.083372 0.125217
0.183787 -0.083283 0.125220
0.183716 -0.083129 0.125231
0.183684 -0.082998 0.125241
0.183655 -0.082801 0.125268
0.183663 -0.082609 0.125294
0.183696 -0.082410 0.125328
0.183752 -0.082174 0.125378
0.183820 -0.081986 0.125420
0.183895 -0.081827 0.125461
0.183996 -0.081659 0.125505
0.184088 -0.081533 0.125543
0.184131 -0.081480 0.125562
0.184166 -0.081451 0.125573
0.184295 -0.081337 0.125623
0.184370 -0.081287 0.125650
0.184419 -0.081256 0.125672
0.184474 -0.081237 0.125692
0.184502 -0.081218 0.125712
0.184589 -0.081218 0.125737
0.184628 -0.081217 0.125754
0.184669 -0.081205 0.125783
0.184688 -0.081201 0.125797
0.184753 -0.081233 0.125816
0.184829 -0.081299 0.125832
0.184851 -0.081337 0.125831
0.184892 -0.081388 0.125851
0.184908 -0.081433 0.125854
0.184917 -0.081483 0.125847
0.184923 -0.081564 0.125850
0.184917 -0.081607 0.125851
0.184903 -0.081715 0.125832
0.184871 -0.081809 0.125815
0.184825 -0.081912 0.125793
0.184782 -0.081987 0.125776
0.184711 -0.082092 0.125750
0.184635 -0.082187 0.125724
0.184558 -0.082278 0.125702
0.184475 -0.082360 0.125680
0.184386 -0.082439 0.125657
0.184277 -0.082519 0.125635
0.184188 -0.082571 0.125617
0.184103 -0.082613 0.125600
0.183977 -0.082654 0.125573
0.183849 -0.082658 0.125544
0.183734 -0.082637 0.125514
0.183643 -0.082606 0.125484
0.183561 -0.082534 0.125453
0.183492 -0.082438 0.125428
0.183446 -0.082312 0.125405
0.183428 -0.082192 0.125387
0.183436 -0.082051 0.125376
0.183455 -0.081923 0.125376
0.183492 -0.081802 0.125381
0.183516 -0.081725 0.125396
0.183601 -0.081542 0.125405
0.183633 -0.081459 0.125399
0.183703 -0.081307 0.125388
0.183783 -0.081150 0.125384
0.183912 -0.080928 0.125393
0.184001 -0.080772 0.125394
0.184090 -0.080625 0.125394
0.184182 -0.080481 0.125389
0.184265 -0.080353 0.125381
0.184338 -0.080236 0.125369
0.184401 -0.080141 0.125351
0.184458 -0.080045 0.125339
0.184524 -0.079966 0.125310
0.184576 -0.079892 0.125288
0.184621 -0.079838 0.125261
0.184661 -0.079797 0.125231
0.184687 -0.079762 0.125199
0.184691 -0.079734 0.125169
0.184691 -0.079716 0.125132
0.184677 -0.079708 0.125095
0.184642 -0.079707 0.125057
0.184606 -0.079713 0.125019
0.184563 -0.079720 0.124981
0.184489 -0.079739 0.124930
0.184414 -0.079764 0.124885
0.184332 -0.079795 0.124836
0.184253 -0.079831 0.124796
0.184159 -0.079878 0.124737
0.184064 -0.079934 0.124681
0.183980 -0.079987 0.124630
0.183933 -0.080012 0.124594
0.183800 -0.080120 0.124509
0.183723 -0.080177 0.124446
0.183654 -0.080232 0.124383
0.183589 -0.080276 0.124320
0.183547 -0.080294 0.124279
0.183468 -0.080350 0.124200
0.183420 -0.080376 0.124139
0.183385 -0.080394 0.124085
0.183361 -0.080400 0.124036
0.183350 -0.080392 0.124010
0.183340 -0.080388 0.123972
0.183337 -0.080376 0.123936
0.183345 -0.080350 0.123898
0.183363 -0.080315 0.123863
0.183396 -0.080268 0.123834
0.183439 -0.080220 0.123810
0.183522 -0.080129 0.123777
0.183587 -0.080054 0.123760
0.183657 -0.079972 0.123748
0.183729 -0.079889 0.123744
0.183811 -0.079794 0.123740
0.183891 -0.079702 0.123742
0.183979 -0.079599 0.123743
0.184056 -0.079506 0.123750
0.184123 -0.079417 0.123753
0.184201 -0.079298 0.123758
0.184260 -0.079214 0.123767
0.184329 -0.079102 0.123773
0.184366 -0.079056 0.123783
0.184427 -0.078958 0.123790
0.184501 -0.078798 0.123795
0.184537 -0.078716 0.123803
0.184568 -0.078640 0.123811
0.184588 -0.078584 0.123818
0.184599 -0.078532 0.123826
0.184601 -0.078491 0.123833
0.184594 -0.078463 0.123837
0.184581 -0.078456 0.123838
0.184554 -0.078453 0.123839
0.184524 -0.078471 0.123834
0.184479 -0.078493 0.123834
0.184429 -0.078535 0.123828
0.184356 -0.078592 0.123819
0.184294 -0.078645 0.123809
0.184217 -0.078705 0.123788
0.184134 -0.078770 0.123766
0.184058 -0.078831 0.123740
0.183967 -0.078906 0.123705
0.183885 -0.078983 0.123666
0.183817 -0.079050 0.123631
0.183739 -0.079142 0.123584
0.183691 -0.079217 0.123553
0.183641 -0.079311 0.123510
0.183599 -0.079398 0.123472
0.183561 -0.079491 0.123435
0.183523 -0.079608 0.123386
0.183501 -0.079714 0.123341
0.183501 -0.079791 0.123304
0.183515 -0.079858 0.123267
0.183548 -0.079904 0.123233
0.183606 -0.079933 0.123208
0.183686 -0.079949 0.123190
0.183779 -0.079940 0.123171
0.183878 -0.079911 0.123157
0.183992 -0.079862 0.123139
0.184116 -0.079797 0.123121
0.184238 -0.079716 0.123100
0.184348 -0.079629 0.123078
0.184460 -0.079518 0.123047
0.184562 -0.079394 0.123010
0.184653 -0.079261 0.122967
0.184730 -0.079126 0.122919
0.184802 -0.078988 0.122865
0.184843 -0.078860 0.122808
0.184877 -0.078730 0.122741
0.184900 -0.078600 0.122667
0.184909 -0.078484 0.122589
0.184912 -0.078393 0.122518
0.184908 -0.078307 0.122439
0.184886 -0.078236 0.122357
0.184863 -0.078166 0.122286
0.184821 -0.078041 0.122158
0.184782 -0.077931 0.122049
0.184739 -0.077839 0.121948
0.184671 -0.077735 0.121826
0.184613 -0.077650 0.121726
0.184557 -0.077558 0.121622
0.184501 -0.077485 0.121525
0.184444 -0.077401 0.121414
0.184404 -0.077342 0.121331
0.184386 -0.077327 0.121293
0.184358 -0.077271 0.121224
0.184342 -0.077230 0.121177
0.184331 -0.077228 0.121127
0.184329 -0.077234 0.121107
0.184315 -0.077187 0.121045
0.184294 -0.077054 0.120892
0.184307 -0.076980 0.120788
0.184337 -0.076904 0.120686
0.184374 -0.076832 0.120598
0.184431 -0.076746 0.120500
0.184494 -0.076649 0.120404
0.184568 -0.076554 0.120313
0.184663 -0.076434 0.120209
0.184719 -0.076395 0.120172
0.184844 -0.076174 0.120014
0.184957 -0.075998 0.119895
0.185054 -0.075842 0.119795
0.185210 -0.075538 0.119615
0.185327 -0.075252 0.119460
0.185425 -0.074984 0.119319
0.185482 -0.074820 0.119234
0.185534 -0.074709 0.119178
0.185617 -0.074377 0.119010
0.185642 -0.074294 0.118967
0.185645 -0.074277 0.118958
0.185675 -0.074147 0.118893
0.185720 -0.073957 0.118796
0.185784 -0.073662 0.118647
0.185816 -0.073488 0.118559
0.185847 -0.073288 0.118460
0.185873 -0.073127 0.118379
0.185897 -0.072946 0.118287
0.185921 -0.072759 0.118192
0.185938 -0.072565 0.118094
0.185961 -0.072337 0.117979
0.185977 -0.072005 0.117809
0.185988 -0.071676 0.117639
0.185989 -0.071380 0.117482
0.185981 -0.071079 0.117319
0.185965 -0.070752 0.117137
0.185942 -0.070449 0.116964
0.185914 -0.070120 0.116772
0.185878 -0.069780 0.116565
0.185848 -0.069512 0.116397
0.185821 -0.069229 0.116218
0.185791 -0.068974 0.116050
0.185760 -0.068699 0.115867
0.185735 -0.068408 0.115667
0.185720 -0.068175 0.115506
0.185710 -0.067942 0.115342
0.185713 -0.067717 0.115183
0.185726 -0.067506 0.115025
0.185751 -0.067291 0.114869
0.185783 -0.067111 0.114734
0.185829 -0.066920 0.114594
0.185890 -0.066727 0.114453
0.185946 -0.066575 0.114344
0.186022 -0.066396 0.114221
0.186092 -0.066249 0.114121
0.186173 -0.066081 0.114023
0.186249 -0.065919 0.113939
0.186330 -0.065763 0.113851
0.186413 -0.065583 0.113762
0.186495 -0.065415 0.113682
0.186576 -0.065250 0.113604
0.186654 -0.065075 0.113522
0.186741 -0.064894 0.113439
0.186816 -0.064705 0.113340
0.186897 -0.064540 0.113263
0.186974 -0.064380 0.113173
0.187046 -0.064249 0.113097
0.187117 -0.064127 0.113022
0.187185 -0.064007 0.112946
0.187254 -0.063890 0.112863
0.187320 -0.063799 0.112794
0.187395 -0.063729 0.112737
0.187402 -0.063721 0.112729
0.187393 -0.063671 0.112686
0.187456 -0.063667 0.112684
0.187501 -0.063579 0.112616
0.187547 -0.063479 0.112540
0.187587 -0.063413 0.112486
0.187577 -0.063367 0.112450
0.187634 -0.063330 0.112414
0.187703 -0.063343 0.112413
0.187744 -0.063230 0.112314
0.187802 -0.063177 0.112258
0.187874 -0.063200 0.112258
0.187934 -0.063208 0.112247
0.188004 -0.063193 0.112214
0.188074 -0.063184 0.112185
0.188153 -0.063175 0.112152
0.188218 -0.063172 0.112126
0.188305 -0.063172 0.112099
0.188407 -0.063168 0.112058
0.188491 -0.063182 0.112041
0.188613 -0.063205 0.112015
0.188699 -0.063236 0.112012
0.188827 -0.063274 0.111997
0.188921 -0.063308 0.111992
0.189072 -0.063366 0.111985
0.189206 -0.063420 0.111982
0.189306 -0.063462 0.111976
0.189492 -0.063539 0.111975
0.189714 -0.063627 0.111967
0.189843 -0.063677 0.111964
0.190002 -0.063732 0.111962
0.190148 -0.063777 0.111958
0.190306 -0.063821 0.111955
0.190450 -0.063854 0.111953
0.190599 -0.063876 0.111947
0.190760 -0.063891 0.111938
0.190925 -0.063892 0.111927
0.191089 -0.063879 0.111913
0.191233 -0.063855 0.111896
0.191398 -0.063819 0.111874
0.191580 -0.063777 0.111850
0.191735 -0.063750 0.111832
0.191878 -0.063729 0.111819
0.192050 -0.063695 0.111798
0.192216 -0.063666 0.111779
0.192381 -0.063618 0.111755
0.192552 -0.063572 0.111731
0.192656 -0.063539 0.111715
0.192758 -0.063507 0.111702
0.192941 -0.063457 0.111678
0.193135 -0.063402 0.111652
0.193284 -0.063356 0.111631
0.193481 -0.063287 0.111600
0.193724 -0.063184 0.111548
0.193783 -0.063160 0.111536
0.193941 -0.063102 0.111508
0.194142 -0.063018 0.111465
0.194314 -0.062962 0.111435
0.194494 -0.062904 0.111402
0.194662 -0.062857 0.111374
0.194818 -0.062822 0.111351
0.195068 -0.062778 0.111326
0.195161 -0.062766 0.111305
0.195308 -0.062750 0.111286
0.195470 -0.062724 0.111264
0.195630 -0.062684 0.111237
0.195779 -0.062644 0.111215
0.195990 -0.062608 0.111204
0.196114 -0.062579 0.111171
0.196187 -0.062571 0.111175
0.196291 -0.062558 0.111173
0.196470 -0.062533 0.111150
0.196731 -0.062509 0.111108
0.196873 -0.062507 0.111097
0.197009 -0.062514 0.111092
0.197095 -0.062518 0.111094
0.197285 -0.062530 0.111091
0.197374 -0.062539 0.111081
0.197599 -0.062568 0.111059
0.197711 -0.062585 0.111054
0.197914 -0.062626 0.111044
0.198060 -0.062657 0.111040
0.198223 -0.062695 0.111038
0.198336 -0.062721 0.111037
0.198497 -0.062759 0.111035
0.198654 -0.062797 0.111036
0.198787 -0.062830 0.111036
0.198871 -0.062850 0.111035
0.199012 -0.062883 0.111034
0.199199 -0.062924 0.111029
0.199339 -0.062951 0.111026
0.199538 -0.062986 0.111024
0.199658 -0.063003 0.111020
0.199823 -0.063016 0.111012
0.199945 -0.063022 0.111003
0.200070 -0.063014 0.110993
0.200189 -0.063003 0.110982
0.200300 -0.062992 0.110973
0.200426 -0.062983 0.110966
0.200552 -0.062972 0.110960
0.200624 -0.062969 0.110960
0.200756 -0.062950 0.110949
0.200841 -0.062943 0.110950
0.200997 -0.062907 0.110937
0.201083 -0.062886 0.110932
0.201198 -0.062859 0.110924
0.201303 -0.062825 0.110915
0.201399 -0.062793 0.110906
0.201445 -0.062777 0.110900
0.201474 -0.062763 0.110895
0.201559 -0.062736 0.110889
0.201622 -0.062714 0.110883
0.201708 -0.062681 0.110875
0.201788 -0.062643 0.110862
0.201848 -0.062616 0.110854
0.201928 -0.062581 0.110843
0.202001 -0.062546 0.110832
0.202068 -0.062515 0.110822
0.202120 -0.062490 0.110814
0.202191 -0.062458 0.110803
0.202252 -0.062430 0.110793
0.202318 -0.062404 0.110783
0.202382 -0.062382 0.110775
0.202454 -0.062360 0.110765
0.202517 -0.062342 0.110757
0.202594 -0.062323 0.110747
0.202673 -0.062311 0.110738
0.202721 -0.062305 0.110733
0.202815 -0.062298 0.110724
0.202903 -0.062299 0.110717
0.202982 -0.062305 0.110712
0.203053 -0.062310 0.110707
0.203119 -0.062314 0.110703
0.203174 -0.062316 0.110699
0.203256 -0.062320 0.110694
0.203317 -0.062320 0.110689
0.203379 -0.062320 0.110684
0.203454 -0.062321 0.110678
0.203529 -0.062321 0.110672
0.203617 -0.062324 0.110665
0.203698 -0.062328 0.110660
0.203784 -0.062333 0.110655
0.203860 -0.062338 0.110651
0.203942 -0.062345 0.110645
0.204014 -0.062347 0.110640
0.204107 -0.062351 0.110634
0.204184 -0.062353 0.110631
0.204264 -0.062354 0.110626
0.204351 -0.062347 0.110620
0.204429 -0.062336 0.110614
0.204522 -0.062321 0.110608
0.204602 -0.062310 0.110603
0.204691 -0.062297 0.110600
0.204786 -0.062280 0.110598
0.204873 -0.062267 0.110595
0.204962 -0.062247 0.110592
0.205037 -0.062230 0.110589
0.205096 -0.062215 0.110586
0.205172 -0.062194 0.110583
0.205248 -0.062170 0.110579
0.205316 -0.062151 0.110574
0.205388 -0.062127 0.110571
0.205460 -0.062101 0.110569
0.205554 -0.062067 0.110562
0.205631 -0.062042 0.110558
0.205721 -0.062009 0.110554
0.205802 -0.061978 0.110548
0.205877 -0.061949 0.110543
0.205955 -0.061918 0.110539
0.206069 -0.061873 0.110531
0.206150 -0.061840 0.110527
0.206268 -0.061792 0.110519
0.206381 -0.061744 0.110512
0.206485 -0.061699 0.110506
0.206585 -0.061658 0.110501
0.206664 -0.061627 0.110498
0.206751 -0.061595 0.110494
0.206837 -0.061563 0.110491
0.206950 -0.061523 0.110488
0.207063 -0.061487 0.110487
0.207098 -0.061469 0.110482
0.207146 -0.061451 0.110480
0.207230 -0.061431 0.110482
0.207353 -0.061395 0.110482
0.207377 -0.061385 0.110479
0.207510 -0.061349 0.110478
0.207635 -0.061318 0.110481
0.207749 -0.061289 0.110483
0.207823 -0.061275 0.110490
0.207921 -0.061254 0.110497
0.208090 -0.061211 0.110500
0.208232 -0.061178 0.110505
0.208353 -0.061157 0.110515
0.208440 -0.061146 0.110527
0.208522 -0.061136 0.110537
0.208647 -0.061104 0.110540
0.208757 -0.061089 0.110553
0.208896 -0.061072 0.110569
0.209025 -0.061059 0.110584
0.209177 -0.061043 0.110602
0.209307 -0.061032 0.110619
0.209446 -0.061025 0.110638
0.209560 -0.061022 0.110655
0.209569 -0.061020 0.110656
0.209758 -0.061007 0.110682
0.209885 -0.061003 0.110702
0.210025 -0.060999 0.110725
0.210156 -0.061000 0.110750
0.210263 -0.061000 0.110771
0.210424 -0.060997 0.110801
0.210603 -0.060988 0.110832
0.210758 -0.060982 0.110864
0.210830 -0.060969 0.110871
0.210984 -0.060967 0.110904
0.211120 -0.060965 0.110935
0.211261 -0.060962 0.110966
0.211420 -0.060959 0.111004
0.211509 -0.060968 0.111033
0.211700 -0.060963 0.111075
0.211710 -0.060961 0.111076
0.211886 -0.060953 0.111114
0.211987 -0.060967 0.111148
0.212107 -0.060972 0.111180
0.212162 -0.060960 0.111186
0.212292 -0.060971 0.111224
0.212443 -0.060974 0.111260
0.212521 -0.060998 0.111292
0.212647 -0.061004 0.111325
0.212859 -0.061001 0.111371
0.212999 -0.061009 0.111405
0.213010 -0.061007 0.111407
0.213184 -0.061022 0.111452
0.213310 -0.061046 0.111493
0.213445 -0.061075 0.111535
0.213559 -0.061099 0.111574
0.213657 -0.061133 0.111613
0.213715 -0.061130 0.111624
0.213833 -0.061169 0.111670
0.213943 -0.061205 0.111713
0.214074 -0.061253 0.111766
0.214183 -0.061298 0.111814
0.214296 -0.061352 0.111866
0.214334 -0.061392 0.111893
0.214385 -0.061439 0.111925
0.214510 -0.061497 0.111985
0.214617 -0.061546 0.112035
0.214693 -0.061556 0.112062
0.214732 -0.061609 0.112091
0.214836 -0.061662 0.112144
0.214941 -0.061724 0.112201
0.214941 -0.061724 0.112201
0.215119 -0.061799 0.112295
0.215216 -0.061861 0.112353
0.215299 -0.061925 0.112405
0.215346 -0.061934 0.112432
0.215429 -0.062005 0.112485
0.215513 -0.062068 0.112542
0.215582 -0.062139 0.112590
0.215628 -0.062152 0.112620
0.215703 -0.062223 0.112675
0.215773 -0.062287 0.112727
0.215836 -0.062358 0.112774
0.215836 -0.062358 0.112774
0.215881 -0.062421 0.112811
0.215961 -0.062494 0.112874
0.216046 -0.062572 0.112944
0.216046 -0.062572 0.112944
0.216128 -0.062642 0.113013
0.216217 -0.062721 0.113091
0.216243 -0.062771 0.113113
0.216297 -0.062793 0.113162
0.216416 -0.062869 0.113272
0.216485 -0.062931 0.113334
0.216577 -0.063027 0.113418
0.216649 -0.063091 0.113483
0.216721 -0.063147 0.113551
0.216768 -0.063190 0.113594
0.216829 -0.063228 0.113650
0.216921 -0.063319 0.113730
0.216987 -0.063376 0.113788
0.217052 -0.063431 0.113843
0.217095 -0.063476 0.113876
0.217117 -0.063507 0.113890
0.217232 -0.063595 0.113985
0.217288 -0.063644 0.114027
0.217323 -0.063681 0.114052
0.217390 -0.063737 0.114103
0.217522 -0.063837 0.114202
0.217571 -0.063878 0.114236
0.217640 -0.063936 0.114284
0.217698 -0.063983 0.114325
0.217744 -0.064020 0.114357
0.217784 -0.064052 0.114386
0.217837 -0.064092 0.114425
0.217886 -0.064126 0.114462
0.217912 -0.064137 0.114480
0.217970 -0.064182 0.114526
0.218021 -0.064222 0.114570
0.218053 -0.064245 0.114598
0.218088 -0.064266 0.114629
0.218136 -0.064302 0.114676
0.218167 -0.064323 0.114708
0.218210 -0.064359 0.114757
0.218240 -0.064381 0.114793
0.218271 -0.064410 0.114835
0.218301 -0.064438 0.114879
0.218326 -0.064466 0.114921
0.218346 -0.064476 0.114948
0.218351 -0.064476 0.114953
0.218375 -0.064507 0.115005
0.218394 -0.064552 0.115063
0.218403 -0.064618 0.115131
0.218418 -0.064631 0.115164
0.218431 -0.064684 0.115234
0.218437 -0.064795 0.115352
0.218442 -0.064871 0.115440
0.218447 -0.064940 0.115516
0.218450 -0.065030 0.115603
0.218448 -0.065141 0.115696
0.218452 -0.065245 0.115779
0.218448 -0.065368 0.115868
0.218446 -0.065486 0.115946
0.218445 -0.065612 0.116025
0.218452 -0.065748 0.116105
0.218461 -0.065892 0.116185
0.218477 -0.066044 0.116265
0.218497 -0.066204 0.116348
0.218524 -0.066359 0.116430
0.218558 -0.066521 0.116511
0.218600 -0.066695 0.116599
0.218646 -0.066863 0.116684
0.218701 -0.067046 0.116779
0.218746 -0.067185 0.116850
0.218779 -0.067286 0.116902
0.218835 -0.067466 0.116994
0.218903 -0.067662 0.117095
0.218965 -0.067831 0.117188
0.219035 -0.068007 0.117286
0.219107 -0.068189 0.117390
0.219168 -0.068344 0.117481
0.219235 -0.068509 0.117580
0.219290 -0.068648 0.117670
0.219342 -0.068785 0.117763
0.219386 -0.068897 0.117851
0.219428 -0.069009 0.117946
0.219470 -0.069113 0.118044
0.219509 -0.069216 0.118156
0.219520 -0.069243 0.118201
0.219558 -0.069365 0.118343
0.219577 -0.069435 0.118452
0.219588 -0.069507 0.118572
0.219591 -0.069559 0.118672
0.219589 -0.069620 0.118784
0.219582 -0.069684 0.118895
0.219572 -0.069745 0.118998
0.219565 -0.069817 0.119104
0.219554 -0.069911 0.119216
0.219540 -0.069987 0.119303
0.219516 -0.070056 0.119386
0.219494 -0.070149 0.119477
0.219481 -0.070245 0.119556
0.219471 -0.070359 0.119639
0.219461 -0.070477 0.119714
0.219455 -0.070733 0.119851
0.219468 -0.070933 0.119942
0.219482 -0.071104 0.120011
0.219485 -0.071199 0.120053
0.219519 -0.071348 0.120103
0.219525 -0.071421 0.120135
0.219564 -0.071612 0.120202
0.219577 -0.071695 0.120235
0.219626 -0.071856 0.120285
0.219643 -0.071994 0.120344
0.219697 -0.072167 0.120401
0.219708 -0.072227 0.120426
0.219744 -0.072362 0.120479
0.219788 -0.072506 0.120539
0.219854 -0.072712 0.120624
0.219877 -0.072781 0.120658
0.219944 -0.072977 0.120747
0.220009 -0.073137 0.120836
0.220059 -0.073255 0.120904
0.220084 -0.073306 0.120940
0.220147 -0.073434 0.121027
0.220192 -0.073514 0.121093
0.220218 -0.073551 0.121133
0.220270 -0.073624 0.121222
0.220311 -0.073664 0.121291
0.220361 -0.073697 0.121381
0.220379 -0.073702 0.121426
0.220424 -0.073716 0.121524
0.220435 -0.073717 0.121569
0.220459 -0.073725 0.121647
0.220489 -0.073731 0.121751
0.220492 -0.073731 0.121766
0.220509 -0.073724 0.121884
0.220506 -0.073710 0.121931
0.220509 -0.073703 0.121997
0.220508 -0.073696 0.122060
0.220506 -0.073696 0.122126
0.220503 -0.073703 0.122182
0.220495 -0.073713 0.122243
0.220483 -0.073729 0.122311
0.220474 -0.073730 0.122342
0.220456 -0.073734 0.122375
0.220436 -0.073739 0.122406
0.220434 -0.073738 0.122408
0.220411 -0.073755 0.122438
0.220392 -0.073777 0.122466
0.220368 -0.073804 0.122491
0.220341 -0.073848 0.122520
0.220322 -0.073874 0.122532
0.220290 -0.073946 0.122558
0.220274 -0.073969 0.122565
0.220253 -0.074027 0.122580
0.220234 -0.074127 0.122598
0.220215 -0.074162 0.122605
0.220196 -0.074235 0.122618
0.220187 -0.074364 0.122635
0.220174 -0.074409 0.122644
0.220159 -0.074444 0.122650
0.220167 -0.074507 0.122660
0.220171 -0.074658 0.122687
0.220159 -0.074688 0.122692
0.220174 -0.075044 0.122762
0.220192 -0.075226 0.122800
0.220226 -0.075440 0.122850
0.220254 -0.075558 0.122883
0.220283 -0.075659 0.122915
0.220316 -0.075749 0.122947
0.220348 -0.075811 0.122977
0.220372 -0.075853 0.122997
0.220403 -0.075893 0.123025
0.220423 -0.075907 0.123042
0.220455 -0.075928 0.123067
0.220470 -0.075932 0.123077
0.220498 -0.075933 0.123095
0.220559 -0.075908 0.123132
0.220592 -0.075882 0.123151
0.220618 -0.075855 0.123171
0.220657 -0.075835 0.123203
0.220686 -0.075817 0.123234
0.220740 -0.075811 0.123262
0.220756 -0.075778 0.123289
0.220781 -0.075752 0.123311
0.220802 -0.075729 0.123329
0.220821 -0.075726 0.123334
0.220834 -0.075690 0.123352
0.220842 -0.075675 0.123359
0.220854 -0.075676 0.123362
0.220859 -0.075670 0.123366
0.220848 -0.075665 0.123369
0.220846 -0.075685 0.123368
0.220833 -0.075696 0.123370
0.220830 -0.075708 0.123367
0.220807 -0.075722 0.123354
0.220781 -0.075719 0.123331
0.220738 -0.075762 0.123297
0.220703 -0.075799 0.123276
0.220694 -0.075808 0.123270
0.220685 -0.075817 0.123261
0.220670 -0.075836 0.123257
0.220641 -0.075869 0.123242
0.220608 -0.075910 0.123227
0.220572 -0.075966 0.123207
0.220539 -0.076041 0.123192
0.220491 -0.076145 0.123178
0.220449 -0.076228 0.123172
0.220433 -0.076306 0.123170
0.220414 -0.076420 0.123176
0.220402 -0.076504 0.123182
0.220395 -0.076623 0.123195
0.220401 -0.076706 0.123210
0.220416 -0.076794 0.123231
0.220433 -0.076868 0.123250
0.220447 -0.076929 0.123265
0.220481 -0.077003 0.123288
0.220485 -0.077008 0.123289
0.220498 -0.077030 0.123293
0.220500 -0.077038 0.123297
0.220521 -0.077064 0.123305
0.220541 -0.077085 0.123310
0.220570 -0.077111 0.123319
0.220618 -0.077160 0.123339
0.220689 -0.077217 0.123372
0.220745 -0.077251 0.123393
0.220791 -0.077277 0.123409
0.220834 -0.077299 0.123424
0.220875 -0.077320 0.123437
0.220919 -0.077337 0.123449
0.220946 -0.077347 0.123455
0.220979 -0.077354 0.123457
0.220994 -0.077356 0.123456
0.221001 -0.077354 0.123448
0.220999 -0.077352 0.123436
0.220982 -0.077343 0.123416
0.220982 -0.077343 0.123416
0.220980 -0.077342 0.123413
0.220965 -0.077335 0.123397
0.220946 -0.077327 0.123380
0.220931 -0.077315 0.123370
0.220909 -0.077309 0.123353
0.220882 -0.077300 0.123334
0.220825 -0.077285 0.123297
0.220770 -0.077284 0.123264
0.220690 -0.077289 0.123224
0.220630 -0.077294 0.123191
0.220577 -0.077304 0.123161
0.220530 -0.077313 0.123132
0.220474 -0.077337 0.123100
0.220440 -0.077359 0.123078
0.220406 -0.077392 0.123058
0.220381 -0.077421 0.123043
0.220371 -0.077466 0.123028
0.220360 -0.077492 0.123013
0.220361 -0.077495 0.123010
0.220358 -0.077495 0.123010
0.220355 -0.077510 0.123000
0.220351 -0.077519 0.122991
0.220353 -0.077531 0.122980
0.220381 -0.077575 0.122954
0.220394 -0.077585 0.122951
0.220426 -0.077597 0.122951
0.220457 -0.077604 0.122955
0.220496 -0.077609 0.122959
0.220537 -0.077614 0.122965
0.220585 -0.077612 0.122973
0.220622 -0.077600 0.122979
0.220653 -0.077586 0.122986
0.220685 -0.077563 0.122992
0.220714 -0.077542 0.123009
0.220742 -0.077534 0.123039
0.220755 -0.077526 0.123066
0.220758 -0.077525 0.123069
0.220758 -0.077507 0.123097
0.220765 -0.077505 0.123100
0.220759 -0.077497 0.123113
0.220745 -0.077481 0.123136
0.220727 -0.077470 0.123149
0.220726 -0.077468 0.123151
0.220690 -0.077451 0.123166
0.220682 -0.077451 0.123166
0.220654 -0.077444 0.123169
0.220610 -0.077422 0.123170
0.220560 -0.077422 0.123168
0.220518 -0.077415 0.123166
0.220502 -0.077421 0.123169
0.220449 -0.077409 0.123162
0.220411 -0.077407 0.123159
0.220375 -0.077410 0.123158
0.220344 -0.077414 0.123154
0.220314 -0.077418 0.123153
0.220293 -0.077428 0.123151
0.220272 -0.077440 0.123150
0.220258 -0.077458 0.123150
0.220247 -0.077480 0.123149
0.220241 -0.077504 0.123153
0.220238 -0.077530 0.123159
0.220233 -0.077541 0.123171
0.220253 -0.077598 0.123174
0.220266 -0.077634 0.123186
0.220276 -0.077660 0.123195
0.220291 -0.077677 0.123203
0.220312 -0.077695 0.123210
0.220334 -0.077711 0.123213
0.220360 -0.077724 0.123228
0.220385 -0.077734 0.123242
0.220419 -0.077748 0.123259
0.220447 -0.077757 0.123279
0.220476 -0.077763 0.123294
0.220500 -0.077765 0.123313
0.220526 -0.077764 0.123332
0.220547 -0.077760 0.123349
0.220563 -0.077753 0.123363
0.220575 -0.077740 0.123381
0.220581 -0.077728 0.123397
0.220588 -0.077711 0.123419
0.220591 -0.077715 0.123434
0.220593 -0.077697 0.123477
0.220591 -0.077691 0.123510
0.220592 -0.077700 0.123524
0.220577 -0.077680 0.123572
0.220575 -0.077688 0.123584
0.220548 -0.077669 0.123632
0.220539 -0.077679 0.123648
0.220503 -0.077672 0.123691
0.220475 -0.077671 0.123719
0.220463 -0.077685 0.123735
0.220415 -0.077679 0.123767
0.220378 -0.077684 0.123793
0.220345 -0.077696 0.123815
0.220335 -0.077713 0.123828
0.220284 -0.077724 0.123853
0.220266 -0.077736 0.123864
0.220252 -0.077760 0.123882
0.220213 -0.077800 0.123911
0.220196 -0.077833 0.123930
0.220183 -0.077873 0.123953
0.220173 -0.077921 0.123976
0.220169 -0.077968 0.123994
0.220166 -0.077995 0.124014
0.220169 -0.078069 0.124034
0.220168 -0.078093 0.124049
0.220181 -0.078169 0.124065
0.220193 -0.078225 0.124077
0.220198 -0.078252 0.124097
0.220226 -0.078324 0.124107
0.220246 -0.078377 0.124118
0.220254 -0.078396 0.124133
0.220292 -0.078455 0.124140
0.220302 -0.078472 0.124156
0.220343 -0.078517 0.124162
0.220373 -0.078547 0.124176
0.220389 -0.078563 0.124191
0.220434 -0.078599 0.124209
0.220467 -0.078629 0.124231
0.220498 -0.078652 0.124255
0.220511 -0.078665 0.124272
0.220549 -0.078685 0.124299
0.220571 -0.078696 0.124320
0.220583 -0.078709 0.124334
0.220602 -0.078708 0.124362
0.220611 -0.078710 0.124388
0.220619 -0.078718 0.124402
0.220622 -0.078706 0.124436
0.220627 -0.078717 0.124449
0.220621 -0.078694 0.124488
0.220616 -0.078685 0.124514
0.220618 -0.078690 0.124525
0.220599 -0.078662 0.124554
0.220586 -0.078647 0.124571
0.220585 -0.078658 0.124578
0.220556 -0.078637 0.124601
0.220536 -0.078633 0.124616
0.220528 -0.078644 0.124622
0.220497 -0.078639 0.124640
0.220489 -0.078653 0.124647
0.220459 -0.078665 0.124664
0.220446 -0.078678 0.124671
0.220437 -0.078698 0.124678
0.220411 -0.078746 0.124699
0.220397 -0.078782 0.124713
0.220385 -0.078821 0.124724
0.220375 -0.078856 0.124729
0.220365 -0.078890 0.124728
0.220359 -0.078902 0.124730
0.220356 -0.078963 0.124720
0.220358 -0.079004 0.124718
0.220355 -0.079015 0.124719
0.220367 -0.079083 0.124711
0.220376 -0.079133 0.124705
0.220376 -0.079144 0.124709
0.220397 -0.079213 0.124700
0.220411 -0.079259 0.124693
0.220411 -0.079265 0.124695
0.220432 -0.079313 0.124677
0.220444 -0.079331 0.124668
0.220448 -0.079335 0.124669
0.220476 -0.079370 0.124654
0.220483 -0.079371 0.124656
0.220517 -0.079409 0.124661
0.220540 -0.079427 0.124670
0.220558 -0.079436 0.124677
0.220569 -0.079436 0.124681
0.220594 -0.079437 0.124692
0.220611 -0.079432 0.124702
0.220625 -0.079421 0.124712
0.220636 -0.079407 0.124723
0.220645 -0.079386 0.124733
0.220650 -0.079364 0.124744
0.220653 -0.079336 0.124752
0.220652 -0.079306 0.124762
0.220650 -0.079282 0.124766
0.220646 -0.079246 0.124770
0.220646 -0.079235 0.124769
0.220640 -0.079202 0.124770
0.220626 -0.079148 0.124775
0.220618 -0.079119 0.124774
0.220610 -0.079096 0.124773
0.220599 -0.079071 0.124771
0.220590 -0.079056 0.124766
0.220577 -0.079043 0.124763
0.220563 -0.079036 0.124757
0.220551 -0.079037 0.124753
0.220540 -0.079043 0.124748
0.220524 -0.079059 0.124744
0.220514 -0.079077 0.124740
0.220505 -0.079099 0.124735
0.220494 -0.079121 0.124725
0.220485 -0.079145 0.124714
0.220474 -0.079170 0.124698
0.220462 -0.079194 0.124682
0.220454 -0.079223 0.124665
0.220444 -0.079258 0.124649
0.220436 -0.079287 0.124635
0.220428 -0.079317 0.124618
0.220422 -0.079345 0.124602
0.220414 -0.079367 0.124586
0.220409 -0.079375 0.124582
0.220401 -0.079402 0.124553
0.220398 -0.079414 0.124538
0.220395 -0.079427 0.124530
0.220397 -0.079434 0.124527
0.220403 -0.079453 0.124528
0.220408 -0.079463 0.124532
0.220418 -0.079466 0.124540
0.220423 -0.079464 0.124546
0.220441 -0.079459 0.124560
0.220454 -0.079453 0.124574
0.220470 -0.079441 0.124590
0.220486 -0.079424 0.124610
0.220505 -0.079405 0.124628
0.220521 -0.079383 0.124648
0.220537 -0.079359 0.124664
0.220553 -0.079330 0.124679
0.220567 -0.079301 0.124693
0.220580 -0.079277 0.124705
0.220592 -0.079249 0.124719
0.220600 -0.079241 0.124724
0.220607 -0.079202 0.124738
0.220614 -0.079198 0.124741
0.220618 -0.079166 0.124754
0.220620 -0.079151 0.124761
0.220623 -0.079151 0.124761
0.220623 -0.079139 0.124767
0.220620 -0.079137 0.124771
0.220616 -0.079142 0.124770
0.220609 -0.079152 0.124770
0.220601 -0.079159 0.124769
0.220588 -0.079182 0.124767
0.220573 -0.079204 0.124762
0.220558 -0.079228 0.124757
0.220538 -0.079258 0.124749
0.220522 -0.079282 0.124743
0.220504 -0.079310 0.124735
0.220485 -0.079339 0.124731
0.220466 -0.079370 0.124723
0.220448 -0.079399 0.124716
0.220428 -0.079431 0.124714
0.220411 -0.079462 0.124712
0.220396 -0.079495 0.124712
0.220386 -0.079519 0.124712
0.220376 -0.079545 0.124715
0.220369 -0.079568 0.124718
0.220367 -0.079587 0.124723
0.220366 -0.079601 0.124731
0.220367 -0.079618 0.124737
0.220372 -0.079629 0.124746
0.220380 -0.079640 0.124758
0.220391 -0.079643 0.124769
0.220405 -0.079644 0.124782
0.220420 -0.079641 0.124794
0.220443 -0.079634 0.124809
0.220464 -0.079626 0.124825
0.220489 -0.079612 0.124841
0.220517 -0.079598 0.124858
0.220548 -0.079579 0.124875
0.220572 -0.079562 0.124888
0.220600 -0.079541 0.124902
0.220624 -0.079524 0.124915
0.220646 -0.079504 0.124929
0.220663 -0.079492 0.124941
0.220679 -0.079477 0.124953
0.220689 -0.079467 0.124962
0.220700 -0.079458 0.124971
0.220706 -0.079452 0.124978
0.220708 -0.079450 0.124983
0.220706 -0.079446 0.124987
0.220702 -0.079447 0.124990
0.220693 -0.079454 0.124992
0.220677 -0.079463 0.124993
0.220655 -0.079475 0.124992
0.220632 -0.079489 0.124990
0.220603 -0.079505 0.124987
0.220576 -0.079523 0.124985
0.220542 -0.079544 0.124983
0.220509 -0.079569 0.124982
0.220478 -0.079593 0.124983
0.220443 -0.079619 0.124984
0.220418 -0.079642 0.124986
0.220391 -0.079663 0.124987
0.220360 -0.079690 0.124991
0.220342 -0.079712 0.124999
0.220323 -0.079733 0.125008
0.220308 -0.079752 0.125013
0.220295 -0.079775 0.125022
0.220289 -0.079794 0.125029
0.220288 -0.079811 0.125036
0.220291 -0.079830 0.125044
0.220294 -0.079844 0.125051
0.220308 -0.079858 0.125059
0.220329 -0.079874 0.125066
0.220348 -0.079884 0.125072
0.220387 -0.079896 0.125083
0.220435 -0.079907 0.125094
0.220485 -0.079912 0.125104
0.220543 -0.079916 0.125113
0.220592 -0.079917 0.125120
0.220649 -0.079916 0.125128
0.220693 -0.079916 0.125135
0.220733 -0.079916 0.125140
0.220766 -0.079915 0.125144
0.220790 -0.079913 0.125144
0.220802 -0.079910 0.125145
0.220806 -0.079909 0.125140
0.220803 -0.079901 0.125136
0.220800 -0.079913 0.125129
0.220760 -0.079897 0.125127
0.220720 -0.079893 0.125119
0.220678 -0.079893 0.125111
0.220626 -0.079896 0.125101
0.220578 -0.079893 0.125095
0.220523 -0.079891 0.125084
0.220471 -0.079891 0.125079
0.220421 -0.079892 0.125069
0.220376 -0.079894 0.125060
0.220342 -0.079897 0.125054
0.220317 -0.079904 0.125049
0.220299 -0.079917 0.125046
0.220296 -0.079934 0.125043
0.220304 -0.079955 0.125045
0.220323 -0.079987 0.125050
0.220354 -0.080028 0.125054
0.220399 -0.080065 0.125056
0.220448 -0.080093 0.125055
0.220500 -0.080112 0.125051
0.220565 -0.080136 0.125045
0.220634 -0.080161 0.125038
0.220693 -0.080180 0.125035
0.220755 -0.080196 0.125030
0.220822 -0.080209 0.125022
0.220872 -0.080217 0.125010
0.220906 -0.080214 0.124989
0.220936 -0.080208 0.124973
0.220954 -0.080206 0.124961
0.220970 -0.080209 0.124958
0.220970 -0.080211 0.124962
0.220962 -0.080205 0.124966
0.220945 -0.080201 0.124968
0.220912 -0.080184 0.124975
0.220869 -0.080169 0.124979
0.220825 -0.080153 0.124984
0.220768 -0.080131 0.124985
0.220709 -0.080107 0.124980
0.220649 -0.080085 0.124979
0.220589 -0.080062 0.124975
0.220538 -0.080044 0.124972
0.220489 -0.080024 0.124973
0.220456 -0.080017 0.124976
0.220429 -0.080017 0.124982
0.220413 -0.080030 0.124998
0.220414 -0.080055 0.125021
0.220426 -0.080078 0.125042
0.220436 -0.080090 0.125047
0.220458 -0.080095 0.125043
0.220486 -0.080115 0.125046
0.220530 -0.080142 0.125045
0.220577 -0.080175 0.125044
0.220626 -0.080209 0.125039
0.220679 -0.080253 0.125031
0.220744 -0.080305 0.125021
0.220793 -0.080340 0.125009
0.220841 -0.080375 0.124982
0.220874 -0.080396 0.124958
0.220901 -0.080414 0.124930
0.220925 -0.080440 0.124908
0.220944 -0.080473 0.124898
0.220955 -0.080501 0.124892
0.220955 -0.080517 0.124885
0.220946 -0.080527 0.124877
0.220929 -0.080531 0.124875
0.220904 -0.080528 0.124876
0.220869 -0.080508 0.124879
0.220828 -0.080480 0.124884
0.220790 -0.080448 0.124887
0.220746 -0.080405 0.124891
0.220704 -0.080356 0.124894
0.220669 -0.080310 0.124899
0.220640 -0.080266 0.124905
0.220603 -0.080205 0.124919
0.220594 -0.080185 0.124929
0.220585 -0.080171 0.124941
0.220589 -0.080166 0.124962
0.220597 -0.080172 0.124984
0.220602 -0.080172 0.124996
0.220615 -0.080159 0.124998
0.220623 -0.080141 0.124993
0.220635 -0.080138 0.124992
0.220645 -0.080141 0.124989
0.220666 -0.080153 0.124990
0.220682 -0.080168 0.124989
0.220700 -0.080197 0.124984
0.220716 -0.080227 0.124978
0.220732 -0.080258 0.124973
0.220748 -0.080305 0.124965
0.220759 -0.080343 0.124957
0.220772 -0.080376 0.124948
0.220776 -0.080426 0.124927
0.220781 -0.080453 0.124910
0.220787 -0.080477 0.124890
0.220779 -0.080498 0.124862
0.220758 -0.080527 0.124839
0.220749 -0.080555 0.124829
0.220743 -0.080594 0.124828
0.220746 -0.080622 0.124829
0.220727 -0.080656 0.124835
0.220713 -0.080676 0.124835
0.220697 -0.080687 0.124836
0.220686 -0.080695 0.124842
0.220677 -0.080694 0.124847
0.220667 -0.080685 0.124856
0.220645 -0.080673 0.124874
0.220622 -0.080640 0.124888
0.220610 -0.080599 0.124904
0.220599 -0.080542 0.124919
0.220600 -0.080492 0.124934
0.220605 -0.080429 0.124950
0.220620 -0.080390 0.124967
0.220644 -0.080333 0.124988
0.220670 -0.080298 0.125003
0.220702 -0.080275 0.125023
0.220738 -0.080272 0.125048
0.220774 -0.080277 0.125067
0.220803 -0.080274 0.125064
0.220821 -0.080269 0.125046
0.220841 -0.080280 0.125031
0.220859 -0.080306 0.125013
0.220870 -0.080339 0.124993
0.220871 -0.080386 0.124974
0.220867 -0.080441 0.124953
0.220853 -0.080502 0.124935
0.220827 -0.080581 0.124908
0.220789 -0.080641 0.124882
0.220748 -0.080687 0.124855
0.220698 -0.080720 0.124821
0.220647 -0.080752 0.124799
0.220592 -0.080795 0.124792
0.220558 -0.080836 0.124802
0.220518 -0.080865 0.124821
0.220479 -0.080878 0.124840
0.220444 -0.080880 0.124861
0.220415 -0.080876 0.124891
0.220397 -0.080862 0.124915
0.220387 -0.080845 0.124940
0.220385 -0.080815 0.124965
0.220395 -0.080773 0.124995
0.220418 -0.080733 0.125022
0.220447 -0.080702 0.125047
0.220494 -0.080666 0.125075
0.220539 -0.080643 0.125099
0.220598 -0.080627 0.125125
0.220659 -0.080621 0.125151
0.220714 -0.080630 0.125172
0.220738 -0.080638 0.125179
0.220738 -0.080638 0.125179
0.220738 -0.080638 0.125179
0.220879 -0.080698 0.125171
0.220906 -0.080723 0.125142
0.220924 -0.080750 0.125125
0.220928 -0.080770 0.125123
0.220940 -0.080817 0.125092
0.220933 -0.080843 0.125079
0.220919 -0.080866 0.125070
0.220892 -0.080908 0.125033
0.220868 -0.080928 0.125013
0.220833 -0.080948 0.124984
0.220766 -0.080980 0.124951
0.220754 -0.080987 0.124948
0.220727 -0.081001 0.124941
0.220704 -0.081012 0.124937
0.220633 -0.081043 0.124942
0.220612 -0.081056 0.124941
0.220571 -0.081072 0.124947
0.220500 -0.081075 0.124965
0.220475 -0.081090 0.124970
0.220440 -0.081088 0.124986
0.220437 -0.081089 0.124987
0.220413 -0.081076 0.124999
0.220372 -0.081075 0.125022
0.220339 -0.081067 0.125043
0.220312 -0.081057 0.125058
0.220291 -0.081043 0.125068
0.220271 -0.081021 0.125076
0.220248 -0.081006 0.125097
0.220234 -0.080989 0.125115
0.220225 -0.080973 0.125129
0.220224 -0.080953 0.125141
0.220228 -0.080934 0.125153
0.220240 -0.080919 0.125168
0.220259 -0.080902 0.125184
0.220275 -0.080892 0.125193
0.220299 -0.080890 0.125211
0.220324 -0.080893 0.125227
0.220370 -0.080904 0.125264
0.220409 -0.080914 0.125286
0.220441 -0.080914 0.125293
0.220468 -0.080908 0.125291
0.220525 -0.080903 0.125303
0.220566 -0.080906 0.125307
0.220601 -0.080913 0.125305
0.220609 -0.080915 0.125310
0.220643 -0.080929 0.125309
0.220671 -0.080948 0.125310
0.220729 -0.081004 0.125306
0.220782 -0.081073 0.125300
0.220811 -0.081133 0.125296
0.220825 -0.081184 0.125288
0.220827 -0.081228 0.125273
0.220810 -0.081262 0.125245
0.220780 -0.081292 0.125221
0.220735 -0.081347 0.125214
0.220695 -0.081401 0.125223
0.220644 -0.081450 0.125236
0.220582 -0.081486 0.125248
0.220519 -0.081507 0.125257
0.220456 -0.081512 0.125276
0.220395 -0.081508 0.125294
0.220340 -0.081488 0.125314
0.220277 -0.081458 0.125330
0.220226 -0.081431 0.125340
0.220176 -0.081391 0.125354
0.220138 -0.081353 0.125367
0.220118 -0.081315 0.125382
0.220118 -0.081278 0.125402
0.220130 -0.081242 0.125425
0.220162 -0.081220 0.125454
0.220199 -0.081214 0.125488
0.220248 -0.081204 0.125516
0.220307 -0.081160 0.125514
0.220346 -0.081137 0.125505
0.220358 -0.081126 0.125501
0.220390 -0.081112 0.125491
0.220419 -0.081100 0.125475
0.220423 -0.081085 0.125464
0.220449 -0.081084 0.125444
0.220496 -0.081103 0.125406
0.220511 -0.081097 0.125370
0.220529 -0.081109 0.125342
0.220535 -0.081106 0.125304
0.220546 -0.081118 0.125262
0.220537 -0.081095 0.125230
0.220538 -0.081090 0.125185
0.220543 -0.081110 0.125164
0.220527 -0.081082 0.125084
0.220512 -0.081059 0.125025
0.220467 -0.081012 0.124884
0.220408 -0.080981 0.124763
0.220351 -0.080948 0.124667
0.220293 -0.080895 0.124572
0.220230 -0.080811 0.124461
0.220158 -0.080689 0.124332
0.220090 -0.080564 0.124224
0.220028 -0.080398 0.124094
0.219970 -0.080216 0.123964
0.219908 -0.080015 0.123823
0.219893 -0.079932 0.123759
0.219888 -0.079877 0.123715
0.219781 -0.079348 0.123384
0.219764 -0.078999 0.123166
0.219775 -0.078770 0.123026
0.219801 -0.078566 0.122895
0.219851 -0.078375 0.122769
0.219900 -0.078135 0.122600
0.219930 -0.077940 0.122445
0.219957 -0.077873 0.122392
0.219994 -0.077654 0.122177
0.220005 -0.077562 0.122077
0.220050 -0.077457 0.121937
0.220070 -0.077430 0.121884
0.220079 -0.077299 0.121701
0.220098 -0.077194 0.121533
0.220095 -0.077125 0.121422
0.220096 -0.077004 0.121209
0.220077 -0.076903 0.121042
0.220042 -0.076789 0.120863
0.219972 -0.076644 0.120661
0.219891 -0.076505 0.120493
0.219835 -0.076421 0.120398
0.219743 -0.076297 0.120278
0.219707 -0.076257 0.120238
0.219551 -0.076048 0.120083
0.219440 -0.075887 0.119991
0.219314 -0.075693 0.119905
0.219219 -0.075523 0.119846
0.219114 -0.075324 0.119786
0.219002 -0.075102 0.119726
0.218910 -0.074898 0.119675
0.218821 -0.074678 0.119618
0.218749 -0.074463 0.119566
0.218696 -0.074233 0.119517
0.218673 -0.074067 0.119484
0.218664 -0.073912 0.119458
0.218674 -0.073802 0.119446
0.218682 -0.073662 0.119400
0.218696 -0.073497 0.119338
0.218719 -0.073374 0.119287
0.218721 -0.073370 0.119283
0.218746 -0.073283 0.119244
0.218777 -0.073209 0.119205
0.218784 -0.073196 0.119185
0.218815 -0.073154 0.119150
0.218847 -0.073131 0.119105
0.218863 -0.073138 0.119096
0.218883 -0.073141 0.119062
0.218891 -0.073135 0.119035
0.218916 -0.073160 0.118984
0.218922 -0.073173 0.118931
0.218925 -0.073195 0.118865
0.218914 -0.073198 0.118800
0.218892 -0.073192 0.118730
0.218862 -0.073176 0.118659
0.218851 -0.073177 0.118629
0.218811 -0.073166 0.118550
0.218776 -0.073158 0.118501
0.218728 -0.073194 0.118433
0.218683 -0.073214 0.118380
0.218638 -0.073226 0.118331
0.218583 -0.073225 0.118280
0.218527 -0.073225 0.118228
0.218465 -0.073195 0.118178
0.218339 -0.073090 0.118087
0.218244 -0.072974 0.118023
0.218156 -0.072865 0.117968
0.218072 -0.072743 0.117925
0.217973 -0.072567 0.117881
0.217904 -0.072429 0.117851
0.217795 -0.072171 0.117806
0.217733 -0.071969 0.117775
0.217673 -0.071729 0.117738
0.217626 -0.071483 0.117696
0.217606 -0.071371 0.117673
0.217569 -0.070993 0.117591
0.217560 -0.070778 0.117538
0.217557 -0.070531 0.117474
0.217566 -0.070354 0.117429
0.217579 -0.070224 0.117385
0.217580 -0.070144 0.117364
0.217585 -0.070075 0.117319
0.217575 -0.069919 0.117270
0.217579 -0.069817 0.117209
0.217582 -0.069710 0.117142
0.217580 -0.069604 0.117072
0.217576 -0.069519 0.117003
0.217572 -0.069457 0.116941
0.217557 -0.069394 0.116868
0.217537 -0.069341 0.116794
0.217515 -0.069292 0.116717
0.217489 -0.069260 0.116643
0.217457 -0.069220 0.116563
0.217433 -0.069170 0.116508
0.217395 -0.069148 0.116435
0.217316 -0.069109 0.116301
0.217251 -0.069053 0.116196
0.217206 -0.068992 0.116131
0.217120 -0.068917 0.116017
0.217015 -0.068879 0.115895
0.216846 -0.068774 0.115729
0.216736 -0.068726 0.115624
0.216623 -0.068664 0.115520
0.216521 -0.068562 0.115427
0.216402 -0.068434 0.115324
0.216288 -0.068292 0.115233
0.216186 -0.068134 0.115147
0.216095 -0.067971 0.115075
0.215981 -0.067724 0.114982
0.215926 -0.067565 0.114930
0.215841 -0.067260 0.114841
0.215777 -0.066938 0.114753
0.215742 -0.066694 0.114690
0.215715 -0.066354 0.114601
0.215706 -0.066176 0.114559
0.215707 -0.065916 0.114489
0.215709 -0.065742 0.114448
0.215716 -0.065538 0.114391
0.215725 -0.065354 0.114336
0.215735 -0.065190 0.114284
0.215747 -0.065043 0.114235
0.215762 -0.064841 0.114148
0.215773 -0.064761 0.114119
0.215780 -0.064645 0.114061
0.215777 -0.064499 0.113980
0.215769 -0.064384 0.113910
0.215761 -0.064256 0.113825
0.215735 -0.064166 0.113747
0.215718 -0.064044 0.113648
0.215694 -0.063960 0.113567
0.215659 -0.063887 0.113487
0.215620 -0.063817 0.113404
0.215571 -0.063749 0.113322
0.215514 -0.063686 0.113244
0.215398 -0.063590 0.113126
0.215341 -0.063532 0.113057
0.215254 -0.063462 0.112977
0.215151 -0.063389 0.112892
0.215046 -0.063326 0.112808
0.214891 -0.063245 0.112713
0.214868 -0.063235 0.112698
0.214741 -0.063171 0.112614
0.214678 -0.063128 0.112583
0.214542 -0.063028 0.112495
0.214483 -0.062983 0.112467
0.214344 -0.062863 0.112384
0.214328 -0.062849 0.112373
0.214293 -0.062817 0.112361
0.214208 -0.062732 0.112318
0.214050 -0.062560 0.112231
0.213949 -0.062431 0.112178
0.213802 -0.062206 0.112104
0.213754 -0.062122 0.112075
0.213646 -0.061901 0.112005
0.213595 -0.061765 0.111965
0.213563 -0.061667 0.111937
0.213543 -0.061595 0.111916
0.213519 -0.061452 0.111880
0.213524 -0.061329 0.111842
0.213524 -0.061329 0.111842
0.213528 -0.061298 0.111835
0.213583 -0.061127 0.111796
0.213658 -0.060965 0.111753
0.213675 -0.060901 0.111739
0.213675 -0.060901 0.111739
0.213715 -0.060787 0.111704
0.213756 -0.060708 0.111676
0.213795 -0.060643 0.111649
0.213839 -0.060564 0.111613
0.213857 -0.060523 0.111597
0.213878 -0.060497 0.111579
0.213919 -0.060423 0.111534
0.213959 -0.060355 0.111477
0.213987 -0.060315 0.111437
0.213998 -0.060296 0.111416
0.214002 -0.060290 0.111404
0.214036 -0.060224 0.111329
0.214039 -0.060199 0.111307
0.214036 -0.060125 0.111221
0.214028 -0.060100 0.111188
0.214012 -0.060064 0.111145
0.214003 -0.060053 0.111105
0.213955 -0.060008 0.111055
0.213917 -0.060009 0.111002
0.213883 -0.060007 0.110969
0.213852 -0.059998 0.110953
0.213823 -0.060005 0.110920
0.213756 -0.060007 0.110869
0.213647 -0.059977 0.110810
0.213584 -0.059969 0.110776
0.213568 -0.059978 0.110763
0.213550 -0.059971 0.110756
0.213421 -0.059921 0.110703
0.213301 -0.059914 0.110643
0.213208 -0.059877 0.110602
0.213139 -0.059849 0.110572
0.213075 -0.059804 0.110544
0.213000 -0.059765 0.110511
0.212936 -0.059740 0.110487
0.212896 -0.059711 0.110468
0.212860 -0.059684 0.110451
0.212855 -0.059688 0.110460
0.212842 -0.059681 0.110462
0.212811 -0.059652 0.110449
0.212762 -0.059605 0.110424
0.212783 -0.059609 0.110433
0.212811 -0.059590 0.110432
0.212850 -0.059553 0.110426
0.212915 -0.059526 0.110424
0.212994 -0.059523 0.110433
0.213097 -0.059529 0.110436
0.213199 -0.059546 0.110444
0.213304 -0.059584 0.110453
0.213420 -0.059635 0.110461
0.213573 -0.059722 0.110473
0.213689 -0.059800 0.110483
0.213797 -0.059883 0.110490
0.213881 -0.059958 0.110495
0.213941 -0.060012 0.110494
0.213989 -0.060041 0.110483
0.214006 -0.060038 0.110468
0.214016 -0.060056 0.110462
0.214006 -0.060081 0.110460
0.213982 -0.060086 0.110456
0.213924 -0.060071 0.110448
0.213851 -0.060067 0.110449
0.213743 -0.060058 0.110454
0.213701 -0.060060 0.110461
0.213568 -0.060005 0.110452
0.213487 -0.059972 0.110450
0.213468 -0.059966 0.110451
0.213357 -0.059921 0.110451
0.213309 -0.059888 0.110446
0.213217 -0.059834 0.110443
0.213139 -0.059791 0.110442
0.213044 -0.059729 0.110443
0.213012 -0.059716 0.110449
0.212971 -0.059703 0.110455
0.212934 -0.059693 0.110464
0.212884 -0.059677 0.110471
0.212851 -0.059669 0.110473
0.212830 -0.059658 0.110468
0.212818 -0.059645 0.110464
0.212825 -0.059674 0.110465
0.212854 -0.059720 0.110468
0.212892 -0.059762 0.110466
0.212931 -0.059773 0.110447
0.212960 -0.059768 0.110425
0.212988 -0.059774 0.110414
0.213060 -0.059795 0.110387
0.213116 -0.059819 0.110373
0.213201 -0.059861 0.110359
0.213321 -0.059907 0.110341
0.213420 -0.059962 0.110335
0.213508 -0.060017 0.110333
0.213601 -0.060078 0.110335
0.213705 -0.060148 0.110341
0.213762 -0.060190 0.110343
0.213830 -0.060227 0.110349
0.213894 -0.060243 0.110354
0.213924 -0.060228 0.110338
0.213929 -0.060225 0.110339
0.213953 -0.060220 0.110343
0.213993 -0.060266 0.110364
0.213991 -0.060267 0.110373
0.214036 -0.060341 0.110401
0.214004 -0.060303 0.110412
0.213942 -0.060270 0.110426
0.213865 -0.060222 0.110436
0.213797 -0.060203 0.110453
0.213722 -0.060200 0.110475
0.213649 -0.060188 0.110497
0.213587 -0.060168 0.110517
0.213462 -0.060129 0.110536
0.213378 -0.060094 0.110554
0.213361 -0.060088 0.110557
0.213093 -0.059942 0.110608
0.212974 -0.059860 0.110628
0.212836 -0.059746 0.110649
0.212766 -0.059693 0.110663
0.212708 -0.059647 0.110681
0.212669 -0.059645 0.110722
0.212653 -0.059648 0.110752
0.212655 -0.059637 0.110767
0.212691 -0.059685 0.110794
0.212732 -0.059686 0.110797
0.212773 -0.059648 0.110781
0.212795 -0.059616 0.110772
0.212858 -0.059616 0.110764
0.212862 -0.059613 0.110763
0.213017 -0.059675 0.110756
0.213100 -0.059721 0.110755
0.213180 -0.059768 0.110755
0.213276 -0.059845 0.110758
0.213363 -0.059924 0.110763
0.213444 -0.060008 0.110769
0.213511 -0.060092 0.110768
0.213585 -0.060185 0.110774
0.213688 -0.060311 0.110789
0.213745 -0.060389 0.110789
0.213781 -0.060445 0.110778
0.213787 -0.060446 0.110748
0.213772 -0.060437 0.110725
0.213754 -0.060479 0.110712
0.213730 -0.060462 0.110704
0.213703 -0.060483 0.110703
0.213680 -0.060537 0.110709
0.213641 -0.060646 0.110722
0.213593 -0.060696 0.110732
0.213536 -0.060731 0.110741
0.213502 -0.060726 0.110746
0.213422 -0.060764 0.110760
0.213380 -0.060755 0.110764
0.213319 -0.060755 0.110773
0.213259 -0.060766 0.110789
0.213188 -0.060735 0.110800
0.213104 -0.060693 0.110822
0.213036 -0.060639 0.110841
0.213017 -0.060623 0.110846
0.212909 -0.060525 0.110875
0.212851 -0.060460 0.110896
0.212825 -0.060428 0.110907
0.212784 -0.060373 0.110923
0.212716 -0.060263 0.110946
0.212706 -0.060250 0.110955
0.212674 -0.060187 0.110972
0.212638 -0.060086 0.111003
0.212642 -0.060098 0.111017
0.212647 -0.060040 0.111059
0.212672 -0.060023 0.111092
0.212687 -0.059997 0.111113
0.212720 -0.060051 0.111126
0.212738 -0.060041 0.111143
0.212768 -0.060040 0.111172
0.212810 -0.060053 0.111185
0.212862 -0.059992 0.111190
0.212893 -0.060014 0.111185
0.212893 -0.060014 0.111185
0.212992 -0.060040 0.111180
0.213094 -0.060074 0.111186
0.213155 -0.060123 0.111192
0.213221 -0.060190 0.111199
0.213278 -0.060256 0.111206
0.213346 -0.060352 0.111217
0.213354 -0.060366 0.111218
0.213431 -0.060498 0.111231
0.213470 -0.060607 0.111240
0.213476 -0.060620 0.111239
0.213499 -0.060680 0.111239
0.213520 -0.060770 0.111242
0.213531 -0.060926 0.111236
0.213530 -0.060935 0.111234
0.213507 -0.060946 0.111241
0.213477 -0.060966 0.111221
0.213433 -0.060958 0.111191
0.213355 -0.060976 0.111140
0.213305 -0.061097 0.111124
0.213260 -0.061169 0.111123
0.213223 -0.061240 0.111127
0.213166 -0.061331 0.111134
0.213115 -0.061374 0.111141
0.213073 -0.061400 0.111147
0.213028 -0.061423 0.111158
0.212979 -0.061430 0.111169
0.212930 -0.061427 0.111182
0.212885 -0.061406 0.111199
0.212841 -0.061370 0.111220
0.212803 -0.061324 0.111237
0.212763 -0.061255 0.111261
0.212735 -0.061185 0.111284
0.212713 -0.061103 0.111309
0.212697 -0.061002 0.111336
0.212688 -0.060911 0.111356
0.212691 -0.060807 0.111376
0.212700 -0.060685 0.111398
0.212749 -0.060506 0.111432
0.212816 -0.060358 0.111463
0.212892 -0.060270 0.111491
0.212978 -0.060245 0.111523
0.212982 -0.060243 0.111526
0.213100 -0.060306 0.111574
0.213110 -0.060311 0.111579
0.213172 -0.060360 0.111599
0.213250 -0.060378 0.111600
0.213282 -0.060414 0.111601
0.213319 -0.060428 0.111589
0.213353 -0.060454 0.111580
0.213360 -0.060472 0.111577
0.213422 -0.060567 0.111566
0.213445 -0.060624 0.111562
0.213467 -0.060668 0.111559
0.213485 -0.060723 0.111555
0.213494 -0.060789 0.111551
0.213501 -0.060877 0.111547
0.213512 -0.061042 0.111541
0.213513 -0.061054 0.111540
0.213497 -0.061129 0.111538
0.213468 -0.061233 0.111528
0.213425 -0.061297 0.111520
0.213348 -0.061375 0.111485
0.213343 -0.061379 0.111481
0.213280 -0.061427 0.111471
0.213216 -0.061481 0.111467
0.213148 -0.061595 0.111470
0.213097 -0.061576 0.111467
0.213060 -0.061712 0.111477
0.212994 -0.061682 0.111472
0.212929 -0.061682 0.111477
0.212877 -0.061685 0.111489
0.212858 -0.061716 0.111497
0.212808 -0.061712 0.111517
0.212737 -0.061712 0.111552
0.212713 -0.061677 0.111562
0.212672 -0.061644 0.111585
0.212656 -0.061649 0.111599
0.212613 -0.061594 0.111648
0.212603 -0.061544 0.111662
0.212592 -0.061478 0.111686
0.212585 -0.061453 0.111705
0.212583 -0.061371 0.111728
0.212588 -0.061289 0.111747
0.212600 -0.061214 0.111765
0.212628 -0.061087 0.111797
0.212630 -0.061070 0.111801
0.212666 -0.060993 0.111816
0.212710 -0.060918 0.111833
0.212781 -0.060798 0.111854
0.212854 -0.060748 0.111872
0.212859 -0.060735 0.111873
0.212896 -0.060754 0.111881
0.212971 -0.060719 0.111892
0.213042 -0.060675 0.111887
0.213062 -0.060641 0.111888
0.213120 -0.060609 0.111878
0.213181 -0.060590 0.111868
0.213209 -0.060572 0.111865
0.213270 -0.060582 0.111852
0.213357 -0.060636 0.111829
0.213388 -0.060639 0.111824
0.213439 -0.060673 0.111812
0.213486 -0.060726 0.111801
0.213520 -0.060773 0.111792
0.213564 -0.060861 0.111777
0.213588 -0.060887 0.111768
0.213606 -0.060960 0.111754
0.213614 -0.061018 0.111738
0.213607 -0.061072 0.111725
0.213590 -0.061131 0.111711
0.213556 -0.061187 0.111698
0.213542 -0.061190 0.111686
0.213494 -0.061244 0.111677
0.213440 -0.061287 0.111673
0.213346 -0.061338 0.111665
0.213091 -0.061359 0.111658
0.212895 -0.061283 0.111649
0.212737 -0.061218 0.111666
0.212623 -0.061160 0.111695
0.212563 -0.061114 0.111699
0.212521 -0.061076 0.111700
0.212440 -0.060991 0.111714
0.212369 -0.060904 0.111727
0.212321 -0.060832 0.111737
0.212280 -0.060758 0.111751
0.212269 -0.060720 0.111762
0.212258 -0.060673 0.111768
0.212281 -0.060518 0.111784
0.212344 -0.060493 0.111790
0.212446 -0.060533 0.111801
0.212553 -0.060614 0.111818
0.212578 -0.060635 0.111823
0.212661 -0.060703 0.111835
0.212773 -0.060780 0.111837
0.212839 -0.060802 0.111825
0.212884 -0.060811 0.111814
0.212957 -0.060829 0.111796
0.213044 -0.060869 0.111779
0.213150 -0.060932 0.111762
0.213236 -0.060987 0.111749
0.213316 -0.061050 0.111737
0.213398 -0.061121 0.111727
0.213461 -0.061188 0.111717
0.213516 -0.061251 0.111710
0.213540 -0.061269 0.111709
0.213596 -0.061341 0.111699
0.213647 -0.061410 0.111692
0.213680 -0.061459 0.111685
0.213709 -0.061500 0.111677
0.213732 -0.061534 0.111664
0.213736 -0.061552 0.111643
0.213722 -0.061534 0.111609
0.213656 -0.061459 0.111537
0.213588 -0.061447 0.111507
0.213535 -0.061490 0.111509
0.213464 -0.061534 0.111519
0.213378 -0.061552 0.111525
0.213283 -0.061541 0.111530
0.213174 -0.061502 0.111537
0.213096 -0.061469 0.111547
0.213059 -0.061458 0.111555
0.212988 -0.061408 0.111573
0.212876 -0.061309 0.111592
0.212798 -0.061231 0.111606
0.212712 -0.061131 0.111619
0.212631 -0.061033 0.111630
0.212590 -0.060977 0.111638
0.212572 -0.060939 0.111648
0.212580 -0.060939 0.111656
0.212610 -0.060971 0.111669
0.212667 -0.061036 0.111681
0.212719 -0.061075 0.111681
0.212801 -0.061125 0.111667
0.212911 -0.061228 0.111659
0.213019 -0.061328 0.111647
0.213118 -0.061405 0.111624
0.213226 -0.061483 0.111595
0.213338 -0.061579 0.111573
0.213418 -0.061648 0.111560
0.213488 -0.061712 0.111553
0.213601 -0.061825 0.111533
0.213711 -0.061941 0.111522
0.213797 -0.062023 0.111504
0.213847 -0.062054 0.111487
0.213877 -0.062063 0.111466
0.213892 -0.062063 0.111457
0.213895 -0.062034 0.111433
0.213893 -0.062029 0.111407
0.213888 -0.062043 0.111406
0.213877 -0.062053 0.111419
0.213857 -0.062121 0.111440
0.213828 -0.062125 0.111454
0.213795 -0.062135 0.111466
0.213756 -0.062134 0.111477
0.213720 -0.062132 0.111489
0.213679 -0.062105 0.111500
0.213644 -0.062102 0.111507
0.213597 -0.062086 0.111517
0.213556 -0.062070 0.111527
0.213514 -0.062038 0.111536
0.213453 -0.062008 0.111543
0.213403 -0.061984 0.111549
0.213330 -0.061935 0.111556
0.213281 -0.061904 0.111560
0.213227 -0.061869 0.111564
0.213178 -0.061836 0.111566
0.213127 -0.061798 0.111567
0.213090 -0.061773 0.111565
0.213053 -0.061743 0.111567
0.213030 -0.061728 0.111570
0.213014 -0.061721 0.111571
0.213011 -0.061728 0.111574
0.213020 -0.061755 0.111578
0.213038 -0.061789 0.111583
0.213070 -0.061829 0.111584
0.213103 -0.061860 0.111583
0.213146 -0.061895 0.111570
0.213176 -0.061919 0.111558
0.213228 -0.061968 0.111550
0.213293 -0.062034 0.111540
0.213357 -0.062098 0.111533
0.213416 -0.062158 0.111526
0.213485 -0.062231 0.111520
0.213559 -0.062311 0.111514
0.213619 -0.062369 0.111509
0.213687 -0.062439 0.111504
0.213765 -0.062516 0.111497
0.213835 -0.062578 0.111492
0.213886 -0.062620 0.111486
0.213940 -0.062659 0.111479
0.213983 -0.062690 0.111471
0.214018 -0.062710 0.111462
0.214041 -0.062716 0.111452
0.214048 -0.062702 0.111443
0.214061 -0.062693 0.111431
0.214068 -0.062701 0.111424
0.214076 -0.062722 0.111427
0.214073 -0.062753 0.111426
0.214063 -0.062773 0.111436
0.214046 -0.062781 0.111439
0.214013 -0.062782 0.111445
0.213982 -0.062774 0.111449
0.213928 -0.062763 0.111453
0.213890 -0.062737 0.111466
0.213841 -0.062713 0.111475
0.213734 -0.062653 0.111487
0.213641 -0.062581 0.111499
0.213536 -0.062493 0.111510
0.213442 -0.062405 0.111517
0.213358 -0.062317 0.111519
0.213268 -0.062215 0.111522
0.213208 -0.062142 0.111524
0.213160 -0.062077 0.111529
0.213137 -0.062039 0.111535
0.213136 -0.062029 0.111544
0.213163 -0.062059 0.111559
0.213212 -0.062127 0.111574
0.213267 -0.062188 0.111579
0.213346 -0.062260 0.111570
0.213423 -0.062345 0.111564
0.213521 -0.062452 0.111553
0.213613 -0.062547 0.111536
0.213709 -0.062646 0.111517
0.213813 -0.062761 0.111497
0.213894 -0.062852 0.111482
0.213975 -0.062935 0.111467
0.214030 -0.062997 0.111455
0.214062 -0.063036 0.111441
0.214082 -0.063051 0.111424
0.214089 -0.063063 0.111411
0.214085 -0.063069 0.111409
0.214087 -0.063112 0.111421
0.214082 -0.063146 0.111433
0.214059 -0.063196 0.111457
0.214014 -0.063212 0.111478
0.213972 -0.063212 0.111498
0.213935 -0.063197 0.111510
0.213873 -0.063186 0.111543
0.213814 -0.063158 0.111570
0.213774 -0.063128 0.111587
0.213704 -0.063077 0.111616
0.213639 -0.063030 0.111652
0.213600 -0.062988 0.111666
0.213563 -0.062948 0.111678
0.213525 -0.062911 0.111696
0.213474 -0.062856 0.111719
0.213421 -0.062796 0.111742
0.213381 -0.062747 0.111760
0.213343 -0.062699 0.111776
0.213310 -0.062653 0.111793
0.213284 -0.062617 0.111809
0.213266 -0.062586 0.111825
0.213258 -0.062571 0.111839
0.213265 -0.062572 0.111861
0.213286 -0.062591 0.111879
0.213325 -0.062619 0.111884
0.213362 -0.062636 0.111872
0.213385 -0.062648 0.111863
0.213432 -0.062686 0.111850
0.213513 -0.062759 0.111831
0.213577 -0.062823 0.111816
0.213592 -0.062839 0.111813
0.213690 -0.062948 0.111789
0.213767 -0.063036 0.111771
0.213846 -0.063128 0.111755
0.213941 -0.063238 0.111733
0.214002 -0.063318 0.111725
0.214026 -0.063343 0.111719
0.214114 -0.063463 0.111709
0.214214 -0.063605 0.111692
0.214253 -0.063664 0.111689
0.214298 -0.063730 0.111678
0.214340 -0.063792 0.111661
0.214363 -0.063826 0.111635
0.214362 -0.063822 0.111623
0.214369 -0.063852 0.111617
0.214372 -0.063871 0.111617
0.214375 -0.063938 0.111631
0.214367 -0.064005 0.111651
0.214361 -0.064021 0.111653
0.214350 -0.064042 0.111659
0.214301 -0.064078 0.111689
0.214229 -0.064087 0.111725
0.214192 -0.064079 0.111742
0.214159 -0.064074 0.111760
0.214105 -0.064055 0.111789
0.214086 -0.064053 0.111799
0.213961 -0.063971 0.111863
0.213931 -0.063946 0.111875
0.213880 -0.063908 0.111899
0.213852 -0.063888 0.111916
0.213795 -0.063836 0.111945
0.213795 -0.063836 0.111945
0.213740 -0.063779 0.111975
0.213673 -0.063704 0.112007
0.213539 -0.063541 0.112064
0.213467 -0.063439 0.112105
0.213419 -0.063354 0.112137
0.213386 -0.063292 0.112163
0.213376 -0.063256 0.112182
0.213394 -0.063250 0.112204
0.213436 -0.063287 0.112232
0.213502 -0.063362 0.112256
0.213580 -0.063436 0.112264
0.213662 -0.063498 0.112252
0.213744 -0.063575 0.112236
0.213833 -0.063673 0.112223
0.213962 -0.063827 0.112197
0.214092 -0.063986 0.112170
0.214202 -0.064131 0.112144
0.214302 -0.064272 0.112120
0.214386 -0.064393 0.112100
0.214475 -0.064533 0.112078
0.214555 -0.064664 0.112059
0.214605 -0.064763 0.112041
0.214634 -0.064829 0.112019
0.214639 -0.064861 0.111997
0.214643 -0.064942 0.112004
0.214642 -0.065038 0.112030
0.214622 -0.065120 0.112061
0.214583 -0.065179 0.112097
0.214523 -0.065218 0.112140
0.214449 -0.065240 0.112191
0.214371 -0.065243 0.112252
0.214305 -0.065230 0.112300
0.214201 -0.065192 0.112378
0.214094 -0.065129 0.112460
0.213999 -0.065055 0.112542
0.213906 -0.064966 0.112625
0.213833 -0.064885 0.112699
0.213768 -0.064797 0.112771
0.213746 -0.064768 0.112818
0.213692 -0.064659 0.112898
0.213678 -0.064622 0.112950
0.213692 -0.064621 0.112990
0.213722 -0.064647 0.113049
0.213788 -0.064723 0.113113
0.213856 -0.064772 0.113137
0.213916 -0.064797 0.113135
0.214009 -0.064858 0.113127
0.214114 -0.064947 0.113113
0.214227 -0.065051 0.113096
0.214363 -0.065198 0.113069
0.214474 -0.065330 0.113044
0.214598 -0.065505 0.113007
0.214712 -0.065682 0.112975
0.214759 -0.065758 0.112952
0.214897 -0.066003 0.112924
0.214957 -0.066124 0.112902
0.215027 -0.066272 0.112878
0.215060 -0.066355 0.112847
0.215061 -0.066392 0.112810
0.215058 -0.066454 0.112800
0.215054 -0.066563 0.112821
0.215028 -0.066674 0.112854
0.214994 -0.066728 0.112880
0.214966 -0.066752 0.112897
0.214936 -0.066774 0.112913
0.214901 -0.066788 0.112931
0.214855 -0.066799 0.112961
0.214819 -0.066800 0.112987
0.214801 -0.066797 0.112999
0.214686 -0.066781 0.113080
0.214604 -0.066753 0.113132
0.214527 -0.066713 0.113184
0.214451 -0.066661 0.113242
0.214379 -0.066605 0.113301
0.214315 -0.066549 0.113359
0.214274 -0.066506 0.113392
0.214216 -0.066441 0.113441
0.214166 -0.066385 0.113499
0.214086 -0.066257 0.113575
0.214045 -0.066182 0.113625
0.214003 -0.066106 0.113671
0.213982 -0.066070 0.113699
0.213946 -0.065966 0.113749
0.213936 -0.065918 0.113776
0.213926 -0.065903 0.113789
0.213933 -0.065866 0.113815
0.213967 -0.065849 0.113846
0.213987 -0.065855 0.113859
0.214042 -0.065884 0.113884
0.214108 -0.065936 0.113909
0.214194 -0.066017 0.113936
0.214309 -0.066083 0.113942
0.214352 -0.066121 0.113939
0.214437 -0.066187 0.113927
0.214529 -0.066277 0.113915
0.214621 -0.066371 0.113901
0.214718 -0.066489 0.113883
0.214852 -0.066670 0.113856
0.214936 -0.066794 0.113834
0.215028 -0.066946 0.113810
0.215060 -0.067011 0.113797
0.215167 -0.067207 0.113772
0.215216 -0.067310 0.113756
0.215279 -0.067447 0.113734
0.215321 -0.067542 0.113718
0.215351 -0.067623 0.113701
0.215367 -0.067666 0.113697
0.215374 -0.067717 0.113653
0.215381 -0.067756 0.113657
0.215380 -0.067867 0.113661
0.215383 -0.067903 0.113678
0.215368 -0.068013 0.113699
0.215333 -0.068115 0.113727
0.215253 -0.068205 0.113783
0.215171 -0.068249 0.113830
0.215071 -0.068269 0.113894
0.214984 -0.068267 0.113957
0.214899 -0.068243 0.114014
0.214816 -0.068203 0.114080
0.214759 -0.068165 0.114117
0.214660 -0.068095 0.114228
0.214597 -0.068034 0.114294
0.214532 -0.067966 0.114359
0.214486 -0.067905 0.114405
0.214431 -0.067820 0.114473
0.214391 -0.067754 0.114529
0.214348 -0.067684 0.114592
0.214323 -0.067636 0.114629
0.214296 -0.067581 0.114669
0.214274 -0.067527 0.114708
0.214256 -0.067471 0.114752
0.214247 -0.067441 0.114777
0.214247 -0.067367 0.114840
0.214272 -0.067338 0.114889
0.214323 -0.067345 0.114932
0.214426 -0.067414 0.114993
0.214515 -0.067461 0.115018
0.214626 -0.067502 0.115016
0.214754 -0.067590 0.115011
0.214888 -0.067712 0.114994
0.215020 -0.067861 0.114972
0.215154 -0.068040 0.114947
0.215271 -0.068220 0.114912
0.215349 -0.068360 0.114878
0.215445 -0.068556 0.114842
0.215539 -0.068751 0.114815
0.215612 -0.068920 0.114786
0.215658 -0.069058 0.114755
0.215678 -0.069161 0.114704
0.215683 -0.069229 0.114681
0.215685 -0.069382 0.114689
0.215681 -0.069488 0.114711
0.215650 -0.069606 0.114742
0.215601 -0.069685 0.114772
0.215538 -0.069737 0.114810
0.215465 -0.069766 0.114857
0.215390 -0.069772 0.114916
0.215310 -0.069757 0.114980
0.215211 -0.069714 0.115063
0.215132 -0.069657 0.115143
0.215040 -0.069580 0.115243
0.214954 -0.069491 0.115340
0.214872 -0.069383 0.115445
0.214815 -0.069293 0.115523
0.214736 -0.069143 0.115633
0.214685 -0.069027 0.115707
0.214646 -0.068903 0.115774
0.214626 -0.068811 0.115827
0.214620 -0.068726 0.115875
0.214641 -0.068657 0.115928
0.214687 -0.068633 0.115980
0.214746 -0.068649 0.116023
0.214786 -0.068682 0.116039
0.214885 -0.068765 0.116086
0.215050 -0.068894 0.116147
0.215147 -0.068987 0.116143
0.215233 -0.069110 0.116134
0.215323 -0.069255 0.116116
0.215430 -0.069461 0.116088
0.215514 -0.069658 0.116060
0.215589 -0.069849 0.116035
0.215658 -0.070067 0.116011
0.215705 -0.070255 0.115993
0.215740 -0.070445 0.115974
0.215747 -0.070583 0.115948
0.215738 -0.070691 0.115923
0.215730 -0.070862 0.115937
0.215719 -0.070974 0.115947
0.215705 -0.071075 0.115972
0.215682 -0.071172 0.116002
0.215652 -0.071249 0.116033
0.215622 -0.071306 0.116063
0.215602 -0.071337 0.116069
0.215586 -0.071360 0.116098
0.215539 -0.071407 0.116141
0.215470 -0.071454 0.116230
0.215419 -0.071474 0.116291
0.215371 -0.071482 0.116353
0.215318 -0.071476 0.116427
0.215268 -0.071456 0.116500
0.215213 -0.071425 0.116587
0.215164 -0.071385 0.116668
0.215164 -0.071385 0.116668
0.215114 -0.071332 0.116761
0.215072 -0.071274 0.116846
0.215031 -0.071214 0.116925
0.214991 -0.071148 0.117005
0.214950 -0.071069 0.117086
0.214919 -0.070993 0.117154
0.214883 -0.070855 0.117243
0.214863 -0.070766 0.117334
0.214858 -0.070704 0.117383
0.214866 -0.070600 0.117455
0.214887 -0.070559 0.117510
0.214904 -0.070532 0.117533
0.214936 -0.070514 0.117568
0.215022 -0.070543 0.117621
0.215126 -0.070622 0.117670
0.215223 -0.070706 0.117698
0.215299 -0.070767 0.117678
0.215389 -0.070871 0.117647
0.215486 -0.071024 0.117604
0.215579 -0.071219 0.117553
0.215662 -0.071418 0.117507
0.215740 -0.071623 0.117464
0.215810 -0.071841 0.117430
0.215892 -0.072207 0.117385
0.215904 -0.072386 0.117352
0.215901 -0.072466 0.117337
0.215858 -0.072571 0.117294
0.215823 -0.072684 0.117308
0.215781 -0.072795 0.117343
0.215730 -0.072863 0.117388
0.215671 -0.072908 0.117436
0.215596 -0.072929 0.117504
0.215544 -0.072921 0.117563
0.215531 -0.072923 0.117574
0.215526 -0.072920 0.117579
0.215479 -0.072902 0.117640
0.215424 -0.072868 0.117717
0.215398 -0.072845 0.117761
0.215371 -0.072819 0.117797
0.215299 -0.072719 0.117907
0.215252 -0.072634 0.117996
0.215209 -0.072547 0.118086
0.215173 -0.072467 0.118160
0.215142 -0.072395 0.118225
0.215124 -0.072368 0.118266
0.215083 -0.072233 0.118354
0.215064 -0.072149 0.118412
0.215051 -0.072059 0.118469
0.215036 -0.072028 0.118504
0.215026 -0.072016 0.118527
0.215029 -0.071859 0.118606
0.215039 -0.071775 0.118651
0.215056 -0.071722 0.118689
0.215052 -0.071722 0.118696
0.215057 -0.071714 0.118706
0.215120 -0.071678 0.118762
0.215181 -0.071697 0.118800
0.215246 -0.071749 0.118836
0.215297 -0.071793 0.118851
0.215358 -0.071837 0.118851
0.215387 -0.071865 0.118844
0.215494 -0.071987 0.118821
0.215552 -0.072080 0.118807
0.215615 -0.072199 0.118788
0.215722 -0.072439 0.118741
0.215796 -0.072681 0.118701
0.215857 -0.072896 0.118671
0.215899 -0.073096 0.118645
0.215928 -0.073313 0.118621
0.215941 -0.073493 0.118601
0.215934 -0.073625 0.118577
0.215903 -0.073726 0.118541
0.215868 -0.073819 0.118529
0.215837 -0.073943 0.118562
0.215793 -0.074080 0.118621
0.215746 -0.074165 0.118672
0.215675 -0.074224 0.118757
0.215617 -0.074245 0.118830
0.215617 -0.074245 0.118830
0.215513 -0.074227 0.118980
0.215511 -0.074224 0.118987
0.215414 -0.074154 0.119165
0.215382 -0.074109 0.119221
0.215349 -0.074067 0.119314
0.215319 -0.074010 0.119379
0.215302 -0.073968 0.119415
0.215288 -0.073951 0.119455
0.215251 -0.073880 0.119538
0.215218 -0.073808 0.119620
0.215192 -0.073734 0.119695
0.215170 -0.073661 0.119760
0.215154 -0.073596 0.119813
0.215137 -0.073509 0.119878
0.215131 -0.073443 0.119923
0.215132 -0.073380 0.119967
0.215145 -0.073327 0.119989
0.215138 -0.073326 0.120003
0.215150 -0.073286 0.120032
0.215164 -0.073262 0.120055
0.215189 -0.073240 0.120084
0.215222 -0.073238 0.120110
0.215263 -0.073255 0.120132
0.215293 -0.073277 0.120143
0.215359 -0.073332 0.120180
0.215431 -0.073403 0.120204
0.215522 -0.073472 0.120193
0.215610 -0.073579 0.120169
0.215640 -0.073624 0.120166
0.215724 -0.073758 0.120136
0.215757 -0.073830 0.120130
0.215813 -0.073954 0.120108
0.215885 -0.074143 0.120066
0.215929 -0.074290 0.120042
0.215985 -0.074536 0.120018
0.215985 -0.074536 0.120018
0.216001 -0.074603 0.120004
0.216025 -0.074748 0.119990
0.216043 -0.074879 0.119977
0.216055 -0.074998 0.119964
0.216059 -0.075120 0.119944
0.216051 -0.075201 0.119919
0.216051 -0.075201 0.119919
0.215993 -0.075437 0.119888
0.215958 -0.075584 0.119921
0.215915 -0.075696 0.119963
0.215857 -0.075789 0.120007
0.215799 -0.075842 0.120061
0.215759 -0.075863 0.120083
0.215653 -0.075887 0.120156
0.215491 -0.075857 0.120330
0.215446 -0.075840 0.120374
0.215356 -0.075775 0.120502
0.215356 -0.075775 0.120502
0.215236 -0.075606 0.120703
0.215184 -0.075504 0.120813
0.215144 -0.075396 0.120910
0.215118 -0.075310 0.120987
0.215104 -0.075225 0.121026
0.215086 -0.075130 0.121085
0.215063 -0.075050 0.121152
0.215067 -0.074973 0.121188
0.215059 -0.074899 0.121245
0.215071 -0.074863 0.121270
0.215086 -0.074821 0.121306
0.215111 -0.074808 0.121347
0.215144 -0.074804 0.121383
0.215185 -0.074825 0.121422
0.215249 -0.074893 0.121462
0.215294 -0.074933 0.121499
0.215367 -0.075007 0.121513
0.215404 -0.075029 0.121512
0.215553 -0.075262 0.121496
0.215655 -0.075465 0.121473
0.215715 -0.075636 0.121452
0.215760 -0.075817 0.121429
0.215789 -0.075980 0.121409
0.215811 -0.076112 0.121395
0.215824 -0.076231 0.121383
0.215832 -0.076511 0.121350
0.215811 -0.076647 0.121314
0.215766 -0.076763 0.121274
0.215733 -0.076946 0.121305
0.215704 -0.077081 0.121356
0.215655 -0.077196 0.121414
0.215588 -0.077265 0.121486
0.215544 -0.077283 0.121535
0.215485 -0.077288 0.121603
0.215459 -0.077287 0.121631
0.215400 -0.077258 0.121732
0.215372 -0.077240 0.121770
0.215355 -0.077220 0.121791
0.215323 -0.077184 0.121842
0.215283 -0.077128 0.121907
0.215264 -0.077099 0.121950
0.215251 -0.077080 0.121980
0.215220 -0.077023 0.122039
0.215204 -0.076974 0.122072
0.215173 -0.076903 0.122132
0.215139 -0.076795 0.122201
0.215100 -0.076668 0.122278
0.215065 -0.076538 0.122334
0.215045 -0.076425 0.122369
0.215037 -0.076344 0.122390
0.215052 -0.076241 0.122413
0.215068 -0.076189 0.122423
0.215097 -0.076158 0.122437
0.215147 -0.076161 0.122455
0.215196 -0.076197 0.122470
0.215262 -0.076271 0.122485
0.215314 -0.076329 0.122476
0.215354 -0.076369 0.122448
0.215424 -0.076479 0.122390
0.215475 -0.076583 0.122342
0.215521 -0.076720 0.122284
0.215554 -0.076861 0.122227
0.215574 -0.076995 0.122175
0.215591 -0.077169 0.122100
0.215588 -0.077293 0.122027
0.215570 -0.077372 0.121950
0.215541 -0.077468 0.121896
0.215524 -0.077546 0.121888
0.215502 -0.077618 0.121889
0.215475 -0.077674 0.121894
0.215452 -0.077714 0.121895
0.215408 -0.077730 0.121913
0.215347 -0.077724 0.121937
0.215299 -0.077696 0.121964
0.215261 -0.077661 0.121997
0.215236 -0.077637 0.122019
0.215198 -0.077583 0.122065
0.215162 -0.077521 0.122107
0.215123 -0.077449 0.122149
0.215085 -0.077366 0.122198
0.215067 -0.077315 0.122219
0.215033 -0.077227 0.122263
0.214952 -0.077004 0.122365
0.214901 -0.076817 0.122409
0.214864 -0.076658 0.122430
0.214844 -0.076512 0.122435
0.214832 -0.076469 0.122431
0.214840 -0.076372 0.122433
0.214844 -0.076345 0.122434
0.214834 -0.076283 0.122424
0.214828 -0.076264 0.122412
0.214862 -0.076166 0.122411
0.214878 -0.076140 0.122400
0.214892 -0.076126 0.122389
0.214900 -0.076121 0.122371
0.214910 -0.076119 0.122359
0.214954 -0.076134 0.122355
0.215030 -0.076212 0.122367
0.215070 -0.076254 0.122355
0.215099 -0.076281 0.122331
0.215140 -0.076323 0.122291
0.215181 -0.076378 0.122248
0.215230 -0.076493 0.122194
0.215294 -0.076645 0.122115
0.215350 -0.076813 0.122038
0.215381 -0.076966 0.121978
0.215400 -0.077096 0.121924
0.215409 -0.077193 0.121871
0.215408 -0.077281 0.121799
0.215398 -0.077335 0.121750
0.215384 -0.077423 0.121723
0.215371 -0.077535 0.121730
0.215354 -0.077598 0.121747
0.215330 -0.077630 0.121764
0.215315 -0.077650 0.121767
0.215277 -0.077646 0.121802
0.215258 -0.077646 0.121811
0.215229 -0.077628 0.121843
0.215191 -0.077581 0.121902
0.215172 -0.077557 0.121927
0.215142 -0.077506 0.121976
0.215109 -0.077438 0.122025
0.215072 -0.077370 0.122085
0.215039 -0.077287 0.122128
0.215033 -0.077269 0.122136
0.215002 -0.077171 0.122189
0.214975 -0.077089 0.122233
0.214949 -0.076992 0.122272
0.214928 -0.076901 0.122308
0.214911 -0.076803 0.122334
0.214896 -0.076705 0.122353
0.214870 -0.076587 0.122369
0.214864 -0.076504 0.122374
0.214862 -0.076436 0.122375
0.214864 -0.076363 0.122370
0.214873 -0.076329 0.122373
0.214883 -0.076301 0.122370
0.214904 -0.076284 0.122365
0.214934 -0.076286 0.122349
0.214961 -0.076298 0.122351
0.214999 -0.076335 0.122347
0.215055 -0.076402 0.122326
0.215087 -0.076461 0.122329
0.215122 -0.076526 0.122319
0.215182 -0.076637 0.122268
0.215224 -0.076740 0.122209
0.215277 -0.076925 0.122120
0.215322 -0.077147 0.122024
0.215330 -0.077198 0.122002
0.215359 -0.077454 0.121879
0.215365 -0.077572 0.121801
0.215369 -0.077694 0.121761
0.215373 -0.077838 0.121757
0.215373 -0.077934 0.121768
0.215356 -0.078005 0.121785
0.215326 -0.078033 0.121813
0.215298 -0.078027 0.121853
0.215273 -0.077984 0.121916
0.215236 -0.077908 0.121989
0.215201 -0.077810 0.122069
0.215167 -0.077697 0.122149
0.215134 -0.077568 0.122232
0.215100 -0.077418 0.122308
0.215075 -0.077276 0.122363
0.215057 -0.077129 0.122399
0.215048 -0.077011 0.122416
0.215044 -0.076896 0.122420
0.215045 -0.076802 0.122417
0.215052 -0.076717 0.122406
0.215067 -0.076663 0.122389
0.215085 -0.076634 0.122375
0.215114 -0.076630 0.122353
0.215151 -0.076648 0.122329
0.215196 -0.076704 0.122297
0.215238 -0.076782 0.122265
0.215283 -0.076887 0.122221
0.215327 -0.077015 0.122171
0.215360 -0.077139 0.122119
0.215389 -0.077273 0.122055
0.215410 -0.077395 0.121989
0.215415 -0.077422 0.121975
0.215439 -0.077696 0.121814
0.215445 -0.077869 0.121751
0.215447 -0.077984 0.121732
0.215446 -0.078098 0.121722
0.215440 -0.078162 0.121724
0.215428 -0.078225 0.121736
0.215409 -0.078256 0.121754
0.215377 -0.078273 0.121795
0.215333 -0.078235 0.121869
0.215303 -0.078176 0.121932
0.215269 -0.078102 0.121997
0.215237 -0.078006 0.122074
0.215211 -0.077920 0.122140
0.215208 -0.077904 0.122147
0.215182 -0.077815 0.122207
0.215150 -0.077668 0.122279
0.215112 -0.077515 0.122352
0.215093 -0.077400 0.122391
0.215075 -0.077253 0.122418
0.215065 -0.077160 0.122425
0.215061 -0.077064 0.122425
0.215062 -0.077044 0.122425
0.215065 -0.076984 0.122420
0.215065 -0.076984 0.122420
0.215070 -0.076930 0.122407
0.215080 -0.076897 0.122396
0.215096 -0.076867 0.122387
0.215126 -0.076839 0.122369
0.215149 -0.076843 0.122352
0.215174 -0.076859 0.122333
0.215203 -0.076890 0.122312
0.215285 -0.077048 0.122233
0.215327 -0.077183 0.122170
0.215331 -0.077199 0.122162
0.215348 -0.077280 0.122123
0.215361 -0.077368 0.122078
0.215369 -0.077456 0.122028
0.215369 -0.077456 0.122028
0.215376 -0.077624 0.121932
0.215379 -0.077709 0.121892
0.215379 -0.077709 0.121892
0.215379 -0.077793 0.121858
0.215378 -0.077875 0.121829
0.215372 -0.077943 0.121804
0.215367 -0.078019 0.121783
0.215359 -0.078088 0.121769
0.215339 -0.078198 0.121760
0.215338 -0.078221 0.121764
0.215300 -0.078323 0.121784
0.215271 -0.078353 0.121808
0.215239 -0.078360 0.121845
0.215212 -0.078349 0.121885
0.215186 -0.078310 0.121955
0.215151 -0.078251 0.122031
0.215120 -0.078170 0.122119
0.215120 -0.078170 0.122119
0.215117 -0.078161 0.122129
0.215095 -0.078095 0.122195
0.215079 -0.078040 0.122244
0.215057 -0.077958 0.122312
0.215057 -0.077958 0.122312
0.215041 -0.077888 0.122362
0.215022 -0.077811 0.122414
0.215006 -0.077729 0.122460
0.214993 -0.077653 0.122495
0.214980 -0.077570 0.122524
0.214976 -0.077530 0.122539
0.214976 -0.077530 0.122539
0.214968 -0.077426 0.122563
0.214967 -0.077353 0.122574
0.214965 -0.077301 0.122574
0.214966 -0.077252 0.122572
0.214966 -0.077252 0.122572
0.214969 -0.077213 0.122569
0.214981 -0.077167 0.122562
0.214993 -0.077142 0.122553
0.215000 -0.077124 0.122551
0.215003 -0.077128 0.122545
0.215030 -0.077115 0.122531
0.215050 -0.077118 0.122519
0.215084 -0.077133 0.122499
0.215096 -0.077141 0.122494
0.215129 -0.077175 0.122469
0.215160 -0.077215 0.122444
0.215210 -0.077281 0.122392
0.215237 -0.077334 0.122360
0.215293 -0.077512 0.122256
0.215315 -0.077613 0.122196
0.215333 -0.077728 0.122131
0.215350 -0.077883 0.122045
0.215356 -0.077994 0.121988
0.215356 -0.078008 0.121981
0.215357 -0.078174 0.121903
0.215352 -0.078258 0.121873
0.215341 -0.078338 0.121858
0.215328 -0.078425 0.121843
0.215308 -0.078480 0.121838
0.215302 -0.078494 0.121837
0.215300 -0.078501 0.121837
0.215231 -0.078558 0.121856
0.215192 -0.078555 0.121876
0.215153 -0.078536 0.121907
0.215116 -0.078500 0.121947
0.215109 -0.078493 0.121955
0.215049 -0.078397 0.122040
0.214967 -0.078229 0.122162
0.214911 -0.078082 0.122259
0.214875 -0.077971 0.122323
0.214845 -0.077862 0.122377
0.214833 -0.077781 0.122408
0.214790 -0.077639 0.122462
0.214785 -0.077610 0.122469
0.214750 -0.077423 0.122493
0.214749 -0.077345 0.122498
0.214726 -0.077299 0.122491
0.214729 -0.077239 0.122489
0.214731 -0.077167 0.122481
0.214740 -0.077075 0.122458
0.214755 -0.077039 0.122440
0.214760 -0.077030 0.122435
0.214778 -0.077017 0.122420
0.214802 -0.077011 0.122405
0.214829 -0.077020 0.122384
0.214860 -0.077036 0.122363
0.214892 -0.077068 0.122341
0.214922 -0.077108 0.122314
0.214955 -0.077161 0.122283
0.214981 -0.077222 0.122250
0.215003 -0.077287 0.122214
0.215024 -0.077355 0.122172
0.215046 -0.077511 0.122067
0.215049 -0.077618 0.121988
0.215049 -0.077634 0.121976
0.215049 -0.077634 0.121976
0.215047 -0.077716 0.121927
0.215047 -0.077784 0.121891
0.215040 -0.077867 0.121854
0.215031 -0.077936 0.121824
0.215024 -0.077988 0.121805
0.215009 -0.078068 0.121783
0.214994 -0.078134 0.121771
0.214979 -0.078188 0.121768
0.214967 -0.078232 0.121763
0.214949 -0.078283 0.121764
0.214924 -0.078318 0.121766
0.214898 -0.078346 0.121774
0.214872 -0.078361 0.121787
0.214847 -0.078366 0.121802
0.214768 -0.078338 0.121861
0.214700 -0.078258 0.121946
0.214643 -0.078163 0.122031
0.214593 -0.078061 0.122108
0.214557 -0.077965 0.122170
0.214523 -0.077866 0.122228
0.214507 -0.077792 0.122252
0.214490 -0.077755 0.122276
0.214448 -0.077594 0.122326
0.214443 -0.077577 0.122330
0.214428 -0.077434 0.122345
0.214412 -0.077395 0.122350
0.214403 -0.077329 0.122350
0.214398 -0.077289 0.122348
0.214398 -0.077289 0.122348
0.214401 -0.077214 0.122345
0.214405 -0.077167 0.122343
0.214416 -0.077120 0.122339
0.214430 -0.077084 0.122331
0.214447 -0.077063 0.122321
0.214464 -0.077036 0.122321
0.214487 -0.077030 0.122313
0.214498 -0.077040 0.122302
0.214532 -0.077045 0.122291
0.214566 -0.077065 0.122279
0.214599 -0.077094 0.122264
0.214616 -0.077121 0.122265
0.214652 -0.077175 0.122243
0.214668 -0.077192 0.122222
0.214700 -0.077250 0.122198
0.214712 -0.077293 0.122194
0.214738 -0.077364 0.122158
0.214773 -0.077468 0.122092
0.214773 -0.077468 0.122092
0.214786 -0.077534 0.122057
0.214797 -0.077617 0.122011
0.214805 -0.077695 0.121963
0.214809 -0.077776 0.121909
0.214810 -0.077841 0.121871
0.214811 -0.077846 0.121868
0.214809 -0.077929 0.121824
0.214806 -0.077990 0.121801
0.214800 -0.078059 0.121783
0.214793 -0.078109 0.121771
0.214782 -0.078181 0.121756
0.214768 -0.078259 0.121744
0.214768 -0.078259 0.121744
0.214750 -0.078325 0.121749
0.214729 -0.078380 0.121757
0.214707 -0.078424 0.121766
0.214686 -0.078454 0.121774
0.214660 -0.078481 0.121791
0.214644 -0.078499 0.121791
0.214627 -0.078512 0.121795
0.214598 -0.078514 0.121825
0.214535 -0.078483 0.121899
0.214501 -0.078443 0.121953
0.214443 -0.078349 0.122057
0.214400 -0.078258 0.122139
0.214366 -0.078163 0.122210
0.214335 -0.078061 0.122280
0.214307 -0.077962 0.122332
0.214283 -0.077838 0.122381
0.214264 -0.077727 0.122409
0.214255 -0.077632 0.122425
0.214264 -0.077522 0.122435
0.214278 -0.077459 0.122440
0.214288 -0.077405 0.122445
0.214306 -0.077370 0.122424
0.214342 -0.077355 0.122417
0.214390 -0.077365 0.122406
0.214441 -0.077398 0.122390
0.214492 -0.077450 0.122368
0.214534 -0.077518 0.122342
0.214579 -0.077607 0.122306
0.214624 -0.077744 0.122239
0.214653 -0.077857 0.122173
0.214665 -0.077964 0.122100
0.214670 -0.078071 0.122023
0.214670 -0.078187 0.121958
0.214665 -0.078295 0.121915
0.214657 -0.078403 0.121879
0.214643 -0.078498 0.121857
0.214618 -0.078595 0.121845
0.214597 -0.078660 0.121846
0.214565 -0.078709 0.121855
0.214522 -0.078744 0.121878
0.214487 -0.078749 0.121905
0.214448 -0.078728 0.121947
0.214410 -0.078690 0.122001
0.214376 -0.078635 0.122062
0.214337 -0.078562 0.122129
0.214304 -0.078478 0.122198
0.214277 -0.078395 0.122259
0.214264 -0.078327 0.122292
0.214233 -0.078220 0.122360
0.214229 -0.078208 0.122366
0.214213 -0.078133 0.122399
0.214201 -0.078059 0.122426
0.214188 -0.077932 0.122454
0.214170 -0.077800 0.122471
0.214167 -0.077707 0.122472
0.214175 -0.077628 0.122466
0.214185 -0.077574 0.122462
0.214189 -0.077561 0.122461
0.214221 -0.077503 0.122443
0.214227 -0.077500 0.122441
0.214227 -0.077500 0.122441
0.214255 -0.077482 0.122430
0.214284 -0.077477 0.122421
0.214312 -0.077484 0.122409
0.214330 -0.077495 0.122408
0.214346 -0.077503 0.122395
0.214380 -0.077529 0.122376
0.214413 -0.077570 0.122356
0.214441 -0.077615 0.122332
0.214450 -0.077655 0.122326
0.214464 -0.077670 0.122304
0.214486 -0.077732 0.122267
0.214503 -0.077799 0.122230
0.214506 -0.077850 0.122217
0.214517 -0.077925 0.122168
0.214524 -0.077948 0.122141
0.214527 -0.078021 0.122093
0.214523 -0.078072 0.122069
0.214524 -0.078150 0.122018
0.214523 -0.078226 0.121976
0.214519 -0.078308 0.121936
0.214516 -0.078371 0.121907
0.214508 -0.078447 0.121878
0.214496 -0.078515 0.121855
0.214486 -0.078575 0.121842
0.214470 -0.078638 0.121831
0.214443 -0.078739 0.121823
0.214424 -0.078786 0.121825
0.214403 -0.078823 0.121833
0.214382 -0.078843 0.121844
0.214356 -0.078881 0.121852
0.214344 -0.078874 0.121867
0.214314 -0.078867 0.121901
0.214297 -0.078848 0.121925
0.214282 -0.078822 0.121957
0.214262 -0.078783 0.122001
0.214235 -0.078718 0.122065
0.214219 -0.078680 0.122102
0.214196 -0.078595 0.122171
0.214187 -0.078562 0.122198
0.214171 -0.078489 0.122253
0.214156 -0.078410 0.122308
0.214157 -0.078357 0.122330
0.214148 -0.078290 0.122367
0.214135 -0.078266 0.122387
0.214134 -0.078134 0.122436
0.214130 -0.077973 0.122471
0.214122 -0.077858 0.122476
0.214137 -0.077749 0.122471
0.214155 -0.077668 0.122459
0.214181 -0.077608 0.122443
0.214216 -0.077564 0.122420
0.214250 -0.077544 0.122394
0.214287 -0.077549 0.122366
0.214320 -0.077575 0.122328
0.214354 -0.077612 0.122281
0.214378 -0.077665 0.122235
0.214394 -0.077735 0.122183
0.214408 -0.077853 0.122098
0.214412 -0.077960 0.122027
0.214412 -0.078075 0.121960
0.214409 -0.078182 0.121900
0.214397 -0.078321 0.121829
0.214376 -0.078464 0.121755
0.214354 -0.078565 0.121717
0.214331 -0.078653 0.121698
0.214313 -0.078706 0.121691
0.214310 -0.078714 0.121690
0.214272 -0.078799 0.121684
0.214267 -0.078805 0.121683
0.214245 -0.078829 0.121687
0.214223 -0.078843 0.121696
0.214216 -0.078836 0.121707
0.214196 -0.078834 0.121723
0.214180 -0.078818 0.121748
0.214161 -0.078791 0.121781
0.214148 -0.078779 0.121796
0.214131 -0.078741 0.121828
0.214107 -0.078690 0.121871
0.214089 -0.078633 0.121916
0.214073 -0.078572 0.121963
0.214057 -0.078511 0.122009
0.214040 -0.078447 0.122057
0.214020 -0.078373 0.122103
0.214018 -0.078328 0.122122
0.214006 -0.078253 0.122160
0.213995 -0.078177 0.122191
0.213988 -0.078103 0.122215
0.213979 -0.078040 0.122230
0.213976 -0.077969 0.122240
0.213980 -0.077842 0.122239
0.213998 -0.077731 0.122225
0.214014 -0.077682 0.122216
0.214017 -0.077666 0.122192
0.214051 -0.077606 0.122176
0.214089 -0.077578 0.122137
0.214096 -0.077575 0.122131
0.214139 -0.077574 0.122100
0.214159 -0.077579 0.122079
0.214175 -0.077586 0.122058
0.214205 -0.077615 0.122036
0.214229 -0.077641 0.122004
0.214251 -0.077686 0.121965
0.214262 -0.077702 0.121939
0.214276 -0.077744 0.121906
0.214287 -0.077790 0.121865
0.214292 -0.077931 0.121771
0.214293 -0.077999 0.121725
0.214291 -0.078076 0.121675
0.214284 -0.078166 0.121618
0.214276 -0.078232 0.121576
0.214265 -0.078291 0.121550
0.214265 -0.078316 0.121531
0.214253 -0.078387 0.121496
0.214235 -0.078457 0.121461
0.214223 -0.078504 0.121441
0.214207 -0.078547 0.121425
0.214186 -0.078605 0.121408
0.214165 -0.078653 0.121399
0.214144 -0.078693 0.121395
0.214120 -0.078729 0.121395
0.214096 -0.078750 0.121402
0.214068 -0.078765 0.121408
0.214041 -0.078772 0.121423
0.214028 -0.078776 0.121427
0.214003 -0.078767 0.121451
0.213967 -0.078733 0.121488
0.213947 -0.078695 0.121525
0.213924 -0.078652 0.121561
0.213901 -0.078608 0.121601
0.213867 -0.078513 0.121667
0.213827 -0.078397 0.121752
0.213786 -0.078253 0.121839
0.213763 -0.078138 0.121890
0.213750 -0.078013 0.121930
0.213746 -0.077900 0.121951
0.213754 -0.077793 0.121959
0.213772 -0.077691 0.121955
0.213793 -0.077612 0.121942
0.213825 -0.077547 0.121921
0.213855 -0.077514 0.121899
0.213910 -0.077492 0.121868
0.213959 -0.077501 0.121839
0.214004 -0.077525 0.121802
0.214054 -0.077569 0.121755
0.214097 -0.077643 0.121703
0.214131 -0.077729 0.121641
0.214157 -0.077818 0.121579
0.214170 -0.077928 0.121514
0.214172 -0.078048 0.121446
0.214169 -0.078164 0.121388
0.214156 -0.078286 0.121334
0.214131 -0.078411 0.121292
0.214109 -0.078476 0.121280
0.214085 -0.078553 0.121269
0.214036 -0.078664 0.121273
0.213970 -0.078753 0.121298
0.213913 -0.078788 0.121337
0.213873 -0.078797 0.121360
0.213835 -0.078794 0.121396
0.213781 -0.078760 0.121476
0.213730 -0.078709 0.121554
0.213688 -0.078652 0.121630
0.213644 -0.078577 0.121708
0.213607 -0.078509 0.121781
0.213571 -0.078425 0.121855
0.213543 -0.078340 0.121908
0.213520 -0.078259 0.121948
0.213498 -0.078183 0.121972
0.213495 -0.078106 0.121982
0.213501 -0.078034 0.121976
0.213515 -0.077979 0.121958
0.213540 -0.077935 0.121933
0.213571 -0.077905 0.121894
0.213616 -0.077883 0.121849
0.213669 -0.077873 0.121798
0.213725 -0.077872 0.121732
0.213780 -0.077883 0.121661
0.213845 -0.077920 0.121564
0.213901 -0.077965 0.121464
0.213941 -0.078013 0.121369
0.213962 -0.078044 0.121250
0.213963 -0.078052 0.121148
0.213956 -0.078055 0.120987
0.213937 -0.078047 0.120877
0.213907 -0.078017 0.120758
0.213862 -0.077968 0.120628
0.213804 -0.077882 0.120499
0.213763 -0.077826 0.120433
0.213672 -0.077638 0.120257
0.213610 -0.077499 0.120146
0.213532 -0.077318 0.120021
0.213471 -0.077172 0.119934
0.213414 -0.077048 0.119875
0.213322 -0.076751 0.119722
0.213250 -0.076511 0.119612
0.213192 -0.076295 0.119522
0.213140 -0.076084 0.119438
0.213114 -0.075950 0.119389
0.213101 -0.075835 0.119348
0.213103 -0.075739 0.119304
0.213052 -0.075403 0.119128
0.213021 -0.075102 0.118953
0.213022 -0.074922 0.118833
0.213024 -0.074691 0.118676
0.213046 -0.074515 0.118541
0.213038 -0.074415 0.118471
0.213101 -0.074263 0.118324
0.213137 -0.074130 0.118202
0.213139 -0.074043 0.118133
0.213171 -0.073927 0.118021
0.213208 -0.073885 0.117961
0.213269 -0.073732 0.117789
0.213305 -0.073636 0.117677
0.213327 -0.073616 0.117633
0.213361 -0.073507 0.117499
0.213382 -0.073395 0.117368
0.213398 -0.073357 0.117307
0.213412 -0.073272 0.117198
0.213419 -0.073154 0.117057
0.213424 -0.073116 0.117003
0.213413 -0.073020 0.116904
0.213413 -0.072981 0.116854
0.213404 -0.072938 0.116812
0.213403 -0.072918 0.116782
0.213392 -0.072856 0.116716
0.213370 -0.072769 0.116630
0.213346 -0.072683 0.116550
0.213315 -0.072586 0.116465
0.213287 -0.072517 0.116406
0.213242 -0.072390 0.116306
0.213214 -0.072358 0.116287
0.213177 -0.072307 0.116253
0.213165 -0.072246 0.116204
0.213070 -0.072069 0.116091
0.212971 -0.071896 0.115987
0.212953 -0.071864 0.115967
0.212837 -0.071664 0.115853
0.212812 -0.071589 0.115808
0.212722 -0.071475 0.115752
0.212691 -0.071397 0.115710
0.212597 -0.071226 0.115623
0.212551 -0.071067 0.115546
0.212475 -0.070913 0.115469
0.212462 -0.070874 0.115451
0.212396 -0.070628 0.115338
0.212359 -0.070444 0.115257
0.212333 -0.070280 0.115179
0.212320 -0.070105 0.115102
0.212319 -0.069925 0.115018
0.212329 -0.069754 0.114936
0.212343 -0.069590 0.114855
0.212363 -0.069441 0.114774
0.212390 -0.069309 0.114696
0.212424 -0.069154 0.114601
0.212458 -0.069012 0.114504
0.212501 -0.068875 0.114401
0.212543 -0.068749 0.114297
0.212581 -0.068636 0.114194
0.212617 -0.068515 0.114080
0.212656 -0.068395 0.113957
0.212686 -0.068277 0.113837
0.212707 -0.068172 0.113723
0.212715 -0.068091 0.113638
0.212729 -0.067966 0.113511
0.212731 -0.067948 0.113493
0.212731 -0.067948 0.113493
0.212732 -0.067875 0.113423
0.212718 -0.067749 0.113305
0.212714 -0.067699 0.113258
0.212699 -0.067595 0.113166
0.212678 -0.067456 0.113048
0.212643 -0.067289 0.112913
0.212611 -0.067168 0.112818
0.212574 -0.067039 0.112718
0.212566 -0.067018 0.112701
0.212501 -0.066816 0.112548
0.212455 -0.066684 0.112446
0.212410 -0.066554 0.112347
0.212369 -0.066437 0.112253
0.212332 -0.066328 0.112166
0.212298 -0.066225 0.112082
0.212261 -0.066115 0.111993
0.212229 -0.066006 0.111902
0.212201 -0.065908 0.111820
0.212181 -0.065828 0.111753
0.212160 -0.065737 0.111677
0.212145 -0.065655 0.111608
0.212134 -0.065570 0.111539
0.212133 -0.065501 0.111481
0.212138 -0.065444 0.111433
0.212150 -0.065380 0.111380
0.212165 -0.065322 0.111336
0.212195 -0.065275 0.111288
0.212231 -0.065229 0.111243
0.212272 -0.065193 0.111204
0.212316 -0.065175 0.111168
0.212365 -0.065160 0.111132
0.212423 -0.065158 0.111091
0.212479 -0.065170 0.111056
0.212532 -0.065200 0.111026
0.212580 -0.065227 0.110996
0.212635 -0.065275 0.110963
0.212681 -0.065331 0.110940
0.212733 -0.065405 0.110909
0.212744 -0.065405 0.110882
0.212830 -0.065586 0.110861
0.212872 -0.065679 0.110843
0.212914 -0.065787 0.110824
0.212949 -0.065891 0.110796
0.212973 -0.065976 0.110768
0.212993 -0.066053 0.110739
0.213011 -0.066131 0.110699
0.213022 -0.066181 0.110658
0.213028 -0.066213 0.110607
0.213027 -0.066226 0.110553
0.213029 -0.066247 0.110504
0.213036 -0.066282 0.110459
0.213042 -0.066317 0.110418
0.213044 -0.066341 0.110368
0.213043 -0.066355 0.110316
0.213037 -0.066355 0.110291
0.213036 -0.066372 0.110215
0.213031 -0.066371 0.110162
0.213030 -0.066374 0.110113
0.213034 -0.066381 0.110059
0.213044 -0.066393 0.110006
0.213062 -0.066415 0.109964
0.213085 -0.066449 0.109924
0.213113 -0.066496 0.109889
0.213146 -0.066536 0.109851
0.213174 -0.066557 0.109809
0.213212 -0.066584 0.109768
0.213253 -0.066623 0.109736
0.213308 -0.066673 0.109706
0.213356 -0.066717 0.109686
0.213418 -0.066779 0.109666
0.213482 -0.066846 0.109652
0.213538 -0.066906 0.109645
0.213611 -0.066990 0.109640
0.213679 -0.067070 0.109639
0.213745 -0.067153 0.109638
0.213810 -0.067235 0.109641
0.213866 -0.067303 0.109645
0.213910 -0.067353 0.109644
0.213964 -0.067422 0.109644
0.214014 -0.067513 0.109663
0.214066 -0.067632 0.109699
0.214123 -0.067754 0.109736
0.214178 -0.067873 0.109781
0.214233 -0.067985 0.109824
0.214273 -0.068083 0.109869
0.214323 -0.068201 0.109925
0.214359 -0.068297 0.109977
0.214386 -0.068385 0.110032
0.214413 -0.068472 0.110091
0.214431 -0.068556 0.110158
0.214447 -0.068630 0.110218
0.214459 -0.068698 0.110285
0.214466 -0.068757 0.110350
0.214480 -0.068812 0.110387
0.214478 -0.068837 0.110430
0.214477 -0.068863 0.110475
0.214470 -0.068891 0.110551
0.214466 -0.068920 0.110605
0.214459 -0.068934 0.110639
0.214456 -0.068969 0.110682
0.214441 -0.068989 0.110736
0.214430 -0.069024 0.110783
0.214421 -0.069056 0.110823
0.214419 -0.069101 0.110854
0.214402 -0.069074 0.110870
0.214387 -0.069122 0.110938
0.214387 -0.069122 0.110938
0.214378 -0.069206 0.111011
0.214378 -0.069272 0.111072
0.214381 -0.069318 0.111096
0.214387 -0.069373 0.111130
0.214394 -0.069433 0.111179
0.214405 -0.069491 0.111222
0.214423 -0.069576 0.111279
0.214446 -0.069651 0.111326
0.214471 -0.069730 0.111371
0.214506 -0.069830 0.111423
0.214572 -0.069965 0.111492
0.214638 -0.070113 0.111557
0.214694 -0.070241 0.111614
0.214719 -0.070321 0.111650
0.214803 -0.070489 0.111716
0.214861 -0.070618 0.111767
0.214909 -0.070724 0.111810
0.214965 -0.070852 0.111861
0.214985 -0.070922 0.111893
0.215037 -0.071054 0.111948
0.215075 -0.071152 0.111990
0.215137 -0.071306 0.112055
0.215177 -0.071428 0.112114
0.215212 -0.071539 0.112173
0.215232 -0.071614 0.112217
0.215260 -0.071709 0.112273
0.215291 -0.071822 0.112346
0.215327 -0.071957 0.112439
0.215346 -0.072053 0.112512
0.215362 -0.072147 0.112588
0.215376 -0.072247 0.112675
0.215384 -0.072331 0.112757
0.215386 -0.072403 0.112834
0.215380 -0.072483 0.112923
0.215370 -0.072521 0.112968
0.215350 -0.072617 0.113099
0.215323 -0.072674 0.113191
0.215302 -0.072712 0.113256
0.215259 -0.072765 0.113360
0.215219 -0.072804 0.113440
0.215192 -0.072826 0.113486
0.215153 -0.072857 0.113563
0.215109 -0.072886 0.113642
0.215069 -0.072911 0.113715
0.214995 -0.072950 0.113847
0.214945 -0.072991 0.113949
0.214912 -0.073042 0.114039
0.214891 -0.073105 0.114123
0.214882 -0.073172 0.114197
0.214883 -0.073255 0.114275
0.214893 -0.073351 0.114355
0.214914 -0.073449 0.114430
0.214947 -0.073564 0.114508
0.214988 -0.073693 0.114585
0.215041 -0.073832 0.114661
0.215094 -0.073957 0.114719
0.215152 -0.074070 0.114768
0.215206 -0.074159 0.114806
0.215280 -0.074281 0.114844
0.215345 -0.074376 0.114872
0.215410 -0.074468 0.114898
0.215472 -0.074565 0.114927
0.215536 -0.074677 0.114966
0.215580 -0.074761 0.115000
0.215627 -0.074852 0.115042
0.215660 -0.074931 0.115083
0.215686 -0.075013 0.115135
0.215698 -0.075068 0.115183
0.215696 -0.075132 0.115247
0.215679 -0.075180 0.115313
0.215655 -0.075208 0.115369
0.215614 -0.075231 0.115442
0.215568 -0.075239 0.115510
0.215523 -0.075238 0.115569
0.215467 -0.075225 0.115632
0.215433 -0.075211 0.115660
0.215315 -0.075175 0.115801
0.215246 -0.075145 0.115867
0.215164 -0.075108 0.115939
0.215096 -0.075076 0.116000
0.215044 -0.075053 0.116044
0.214993 -0.075028 0.116081
0.214956 -0.075010 0.116115
0.214928 -0.074998 0.116136
0.214913 -0.074992 0.116153
0.214908 -0.074999 0.116167
0.214911 -0.075022 0.116181
0.214923 -0.075049 0.116196
0.214951 -0.075090 0.116215
0.214997 -0.075155 0.116242
0.215039 -0.075214 0.116261
0.215101 -0.075293 0.116283
0.215160 -0.075365 0.116297
0.215224 -0.075449 0.116314
0.215276 -0.075511 0.116313
0.215329 -0.075578 0.116311
0.215378 -0.075643 0.116307
0.215437 -0.075737 0.116315
0.215493 -0.075851 0.116326
0.215528 -0.075925 0.116336
0.215560 -0.076002 0.116358
0.215581 -0.076072 0.116388
0.215590 -0.076121 0.116417
0.215584 -0.076166 0.116457
0.215568 -0.076200 0.116506
0.215536 -0.076223 0.116564
0.215491 -0.076230 0.116621
0.215443 -0.076229 0.116677
0.215375 -0.076220 0.116748
0.215312 -0.076200 0.116812
0.215240 -0.076175 0.116883
0.215158 -0.076135 0.116969
0.215066 -0.076086 0.117072
0.214990 -0.076040 0.117147
0.214931 -0.076013 0.117206
0.214894 -0.075998 0.117250
0.214865 -0.075991 0.117283
0.214847 -0.075990 0.117310
0.214837 -0.075991 0.117334
0.214837 -0.075994 0.117337
0.214839 -0.076010 0.117353
0.214833 -0.076008 0.117368
0.214834 -0.076030 0.117395
0.214843 -0.076047 0.117404
0.214855 -0.076079 0.117429
0.214876 -0.076121 0.117458
0.214901 -0.076165 0.117481
0.214950 -0.076244 0.117518
0.214983 -0.076300 0.117543
0.215031 -0.076394 0.117583
0.215057 -0.076428 0.117594
0.215128 -0.076553 0.117634
0.215174 -0.076626 0.117655
0.215231 -0.076718 0.117674
0.215261 -0.076755 0.117681
0.215284 -0.076782 0.117686
0.215352 -0.076894 0.117689
0.215402 -0.076964 0.117689
0.215450 -0.077032 0.117688
0.215499 -0.077100 0.117683
0.215538 -0.077159 0.117681
0.215574 -0.077215 0.117682
0.215594 -0.077240 0.117688
0.215635 -0.077317 0.117693
0.215649 -0.077339 0.117700
0.215696 -0.077450 0.117724
0.215732 -0.077554 0.117759
0.215746 -0.077629 0.117797
0.215749 -0.077661 0.117819
0.215741 -0.077679 0.117837
0.215737 -0.077741 0.117883
0.215717 -0.077776 0.117925
0.215683 -0.077783 0.117954
0.215665 -0.077782 0.117966
0.215644 -0.077798 0.117999
0.215631 -0.077821 0.118032
0.215600 -0.077836 0.118079
0.215565 -0.077827 0.118102
0.215541 -0.077839 0.118143
0.215420 -0.077833 0.118302
0.215338 -0.077808 0.118391
0.215248 -0.077770 0.118496
0.215165 -0.077727 0.118590
0.215096 -0.077692 0.118658
0.215018 -0.077651 0.118748
0.214956 -0.077617 0.118810
0.214912 -0.077589 0.118863
0.214876 -0.077568 0.118909
0.214860 -0.077554 0.118941
0.214856 -0.077554 0.118969
0.214863 -0.077565 0.118988
0.214877 -0.077580 0.119006
0.214899 -0.077605 0.119027
0.214926 -0.077642 0.119047
0.214957 -0.077682 0.119067
0.214989 -0.077723 0.119084
0.215027 -0.077774 0.119100
0.215072 -0.077837 0.119117
0.215090 -0.077866 0.119121
0.215127 -0.077916 0.119128
0.215174 -0.077982 0.119141
0.215195 -0.078007 0.119150
0.215217 -0.078036 0.119154
0.215228 -0.078050 0.119159
0.215267 -0.078111 0.119151
0.215323 -0.078194 0.119147
0.215375 -0.078272 0.119147
0.215405 -0.078321 0.119139
0.215454 -0.078400 0.119137
0.215552 -0.078583 0.119120
0.215583 -0.078660 0.119124
0.215611 -0.078741 0.119142
0.215622 -0.078780 0.119155
0.215622 -0.078800 0.119167
0.215622 -0.078841 0.119191
0.215616 -0.078863 0.119211
0.215602 -0.078875 0.119231
0.215602 -0.078875 0.119231
0.215595 -0.078886 0.119246
0.215573 -0.078897 0.119274
0.215547 -0.078905 0.119306
0.215514 -0.078909 0.119339
0.215478 -0.078907 0.119374
0.215478 -0.078907 0.119374
0.215435 -0.078900 0.119415
0.215391 -0.078890 0.119453
0.215345 -0.078874 0.119495
0.215298 -0.078854 0.119536
0.215252 -0.078829 0.119575
0.215202 -0.078800 0.119619
0.215202 -0.078800 0.119619
0.215146 -0.078766 0.119666
0.215102 -0.078737 0.119705
0.215052 -0.078699 0.119753
0.215029 -0.078679 0.119779
0.214980 -0.078645 0.119818
0.214934 -0.078614 0.119852
0.214915 -0.078608 0.119861
0.214879 -0.078588 0.119886
0.214840 -0.078566 0.119911
0.214825 -0.078551 0.119927
0.214795 -0.078532 0.119948
0.214771 -0.078518 0.119965
0.214761 -0.078522 0.119965
0.214750 -0.078508 0.119976
0.214733 -0.078499 0.119985
0.214723 -0.078496 0.119992
0.214718 -0.078498 0.119997
0.214720 -0.078506 0.120001
0.214725 -0.078518 0.120003
0.214734 -0.078536 0.120007
0.214740 -0.078543 0.120009
0.214756 -0.078570 0.120010
0.214777 -0.078603 0.120011
0.214813 -0.078659 0.120014
0.214859 -0.078719 0.120008
0.214882 -0.078748 0.120009
0.214898 -0.078771 0.120003
0.214939 -0.078822 0.119998
0.214971 -0.078859 0.119992
0.214986 -0.078876 0.119993
0.215039 -0.078940 0.119979
0.215068 -0.078975 0.119973
0.215088 -0.079002 0.119961
0.215143 -0.079066 0.119945
0.215218 -0.079148 0.119929
0.215260 -0.079198 0.119914
0.215323 -0.079281 0.119882
0.215356 -0.079321 0.119872
0.215400 -0.079378 0.119865
0.215427 -0.079430 0.119849
0.215438 -0.079447 0.119853
0.215459 -0.079487 0.119861
0.215470 -0.079509 0.119862
0.215483 -0.079540 0.119872
0.215481 -0.079545 0.119891
0.215479 -0.079552 0.119899
0.215468 -0.079557 0.119914
0.215440 -0.079557 0.119943
0.215407 -0.079541 0.119968
0.215372 -0.079527 0.119996
0.215336 -0.079511 0.120022
0.215275 -0.079482 0.120067
0.215240 -0.079460 0.120089
0.215197 -0.079435 0.120120
0.215128 -0.079385 0.120175
0.215105 -0.079368 0.120189
0.215038 -0.079316 0.120248
0.215011 -0.079294 0.120266
0.214956 -0.079252 0.120302
0.214896 -0.079208 0.120350
0.214853 -0.079180 0.120374
0.214828 -0.079167 0.120378
0.214796 -0.079147 0.120393
0.214750 -0.079116 0.120417
0.214723 -0.079102 0.120425
0.214717 -0.079100 0.120426
0.214688 -0.079088 0.120430
0.214677 -0.079088 0.120429
0.214678 -0.079095 0.120424
0.214674 -0.079101 0.120421
0.214679 -0.079117 0.120421
0.214689 -0.079138 0.120420
0.214705 -0.079174 0.120419
0.214717 -0.079193 0.120419
0.214735 -0.079223 0.120419
0.214771 -0.079276 0.120409
0.214792 -0.079303 0.120409
0.214816 -0.079333 0.120401
0.214883 -0.079413 0.120381
0.214905 -0.079438 0.120381
0.214944 -0.079481 0.120367
0.215006 -0.079557 0.120330
0.215031 -0.079585 0.120326
0.215071 -0.079631 0.120308
0.215129 -0.079705 0.120268
0.215144 -0.079723 0.120263
0.215184 -0.079773 0.120252
0.215213 -0.079816 0.120241
0.215244 -0.079873 0.120221
0.215253 -0.079889 0.120225
0.215267 -0.079918 0.120228
0.215276 -0.079944 0.120233
0.215286 -0.079968 0.120242
0.215287 -0.079972 0.120245
0.215284 -0.079984 0.120262
0.215279 -0.079983 0.120275
0.215272 -0.079986 0.120289
0.215252 -0.079984 0.120317
0.215217 -0.079973 0.120365
0.215198 -0.079968 0.120387
0.215165 -0.079955 0.120422
0.215135 -0.079941 0.120454
0.215116 -0.079934 0.120472
0.215084 -0.079916 0.120504
0.215041 -0.079893 0.120544
0.215021 -0.079875 0.120569
0.214939 -0.079824 0.120656
0.214850 -0.079771 0.120741
0.214801 -0.079746 0.120785
0.214752 -0.079730 0.120821
0.214706 -0.079719 0.120849
0.214667 -0.079714 0.120870
0.214637 -0.079717 0.120886
0.214618 -0.079731 0.120889
0.214608 -0.079746 0.120892
0.214608 -0.079774 0.120890
0.214612 -0.079800 0.120889
0.214630 -0.079860 0.120884
0.214649 -0.079910 0.120879
0.214679 -0.079977 0.120871
0.214709 -0.080039 0.120862
0.214752 -0.080111 0.120851
0.214799 -0.080184 0.120837
0.214855 -0.080269 0.120817
0.214907 -0.080344 0.120795
0.214956 -0.080413 0.120776
0.215021 -0.080505 0.120747
0.215072 -0.080574 0.120723
0.215138 -0.080663 0.120701
0.215180 -0.080722 0.120689
0.215225 -0.080783 0.120676
0.215265 -0.080842 0.120672
0.215290 -0.080879 0.120677
0.215307 -0.080903 0.120680
0.215325 -0.080930 0.120699
0.215328 -0.080936 0.120712
0.215328 -0.080941 0.120727
0.215328 -0.080944 0.120739
0.215322 -0.080942 0.120754
0.215310 -0.080936 0.120774
0.215297 -0.080926 0.120796
0.215284 -0.080915 0.120816
0.215264 -0.080898 0.120841
0.215211 -0.080846 0.120897
0.215179 -0.080815 0.120932
0.215137 -0.080774 0.120974
0.215097 -0.080736 0.121009
0.215057 -0.080700 0.121038
0.215010 -0.080662 0.121067
0.214971 -0.080634 0.121083
0.214935 -0.080612 0.121093
0.214901 -0.080597 0.121095
0.214874 -0.080587 0.121091
0.214856 -0.080590 0.121084
0.214846 -0.080599 0.121073
0.214847 -0.080609 0.121068
0.214850 -0.080618 0.121064
0.214850 -0.080630 0.121060
0.214853 -0.080644 0.121055
0.214858 -0.080666 0.121054
0.214869 -0.080693 0.121051
0.214876 -0.080705 0.121049
0.214901 -0.080759 0.121047
0.214937 -0.080820 0.121042
0.214986 -0.080893 0.121035
0.215032 -0.080958 0.121024
0.215076 -0.081018 0.121013
0.215120 -0.081080 0.120999
0.215154 -0.081129 0.120981
0.215248 -0.081235 0.120961
0.215291 -0.081291 0.120941
0.215361 -0.081368 0.120920
0.215414 -0.081428 0.120900
0.215456 -0.081474 0.120885
0.215481 -0.081505 0.120873
0.215500 -0.081521 0.120871
0.215524 -0.081545 0.120865
0.215527 -0.081545 0.120866
0.215569 -0.081601 0.120867
0.215569 -0.081594 0.120871
0.215570 -0.081591 0.120890
0.215558 -0.081572 0.120910
0.215537 -0.081543 0.120935
0.215506 -0.081507 0.120963
0.215470 -0.081468 0.120992
0.215428 -0.081426 0.121023
0.215381 -0.081380 0.121057
0.215334 -0.081334 0.121086
0.215321 -0.081320 0.121098
0.215307 -0.081304 0.121110
0.215278 -0.081275 0.121123
0.215266 -0.081262 0.121133
0.215238 -0.081238 0.121142
0.215205 -0.081210 0.121154
0.215170 -0.081186 0.121160
0.215139 -0.081166 0.121161
0.215111 -0.081150 0.121161
0.215078 -0.081135 0.121154
0.215061 -0.081128 0.121150
0.215047 -0.081122 0.121146
0.215035 -0.081121 0.121139
0.215029 -0.081124 0.121133
0.215025 -0.081125 0.121127
0.215028 -0.081134 0.121125
0.215032 -0.081147 0.121121
0.215039 -0.081161 0.121118
0.215044 -0.081165 0.121115
0.215060 -0.081185 0.121112
0.215070 -0.081194 0.121106
0.215109 -0.081242 0.121101
0.215131 -0.081264 0.121093
0.215155 -0.081289 0.121085
0.215188 -0.081322 0.121074
0.215214 -0.081348 0.121063
0.215242 -0.081375 0.121049
0.215265 -0.081399 0.121030
0.215304 -0.081434 0.121014
0.215326 -0.081457 0.120992
0.215365 -0.081488 0.120972
0.215391 -0.081514 0.120951
0.215421 -0.081538 0.120932
0.215445 -0.081559 0.120911
0.215465 -0.081574 0.120896
0.215483 -0.081590 0.120881
0.215499 -0.081599 0.120869
0.215508 -0.081606 0.120859
0.215513 -0.081606 0.120852
0.215517 -0.081602 0.120846
0.215516 -0.081595 0.120844
0.215515 -0.081583 0.120843
0.215507 -0.081568 0.120846
0.215493 -0.081546 0.120851
0.215476 -0.081520 0.120861
0.215454 -0.081496 0.120871
0.215438 -0.081473 0.120877
0.215413 -0.081447 0.120891
0.215375 -0.081407 0.120909
0.215357 -0.081388 0.120918
0.215329 -0.081358 0.120931
0.215290 -0.081318 0.120946
0.215259 -0.081287 0.120955
0.215229 -0.081259 0.120961
0.215201 -0.081236 0.120964
0.215170 -0.081212 0.120963
0.215154 -0.081196 0.120968
0.215123 -0.081176 0.120960
0.215102 -0.081161 0.120956
0.215082 -0.081147 0.120950
0.215071 -0.081139 0.120951
0.215065 -0.081131 0.120953
0.215052 -0.081125 0.120948
0.215043 -0.081127 0.120942
0.215039 -0.081128 0.120936
0.215039 -0.081134 0.120933
0.215039 -0.081144 0.120932
0.215046 -0.081159 0.120932
0.215056 -0.081176 0.120933
0.215070 -0.081194 0.120933
0.215086 -0.081214 0.120934
0.215106 -0.081237 0.120934
0.215128 -0.081259 0.120932
0.215140 -0.081272 0.120929
0.215165 -0.081297 0.120926
0.215192 -0.081322 0.120922
0.215218 -0.081344 0.120918
0.215249 -0.081371 0.120909
0.215279 -0.081397 0.120900
0.215305 -0.081420 0.120892
0.215336 -0.081445 0.120881
0.215366 -0.081471 0.120867
0.215397 -0.081499 0.120852
0.215425 -0.081523 0.120839
0.215452 -0.081546 0.120827
0.215476 -0.081568 0.120816
0.215520 -0.081607 0.120788
0.215542 -0.081633 0.120770
0.215552 -0.081642 0.120764
0.215553 -0.081646 0.120761
0.215552 -0.081648 0.120762
0.215547 -0.081643 0.120764
0.215537 -0.081637 0.120769
0.215528 -0.081630 0.120771
0.215517 -0.081621 0.120780
0.215501 -0.081611 0.120788
0.215482 -0.081598 0.120795
0.215460 -0.081584 0.120805
0.215460 -0.081584 0.120805
0.215441 -0.081573 0.120811
0.215418 -0.081559 0.120821
0.215384 -0.081541 0.120833
0.215354 -0.081526 0.120845
0.215323 -0.081510 0.120854
0.215307 -0.081506 0.120855
0.215291 -0.081497 0.120864
0.215263 -0.081485 0.120873
0.215235 -0.081473 0.120882
0.215215 -0.081468 0.120887
0.215207 -0.081463 0.120891
0.215191 -0.081460 0.120894
0.215174 -0.081459 0.120896
0.215167 -0.081454 0.120900
0.215147 -0.081450 0.120903
0.215135 -0.081451 0.120905
0.215123 -0.081455 0.120905
0.215116 -0.081460 0.120907
0.215112 -0.081467 0.120905
0.215111 -0.081467 0.120906
0.215110 -0.081476 0.120905
0.215113 -0.081487 0.120906
0.215117 -0.081499 0.120904
0.215122 -0.081500 0.120900
0.215133 -0.081514 0.120899
0.215148 -0.081530 0.120896
0.215166 -0.081546 0.120894
0.215179 -0.081559 0.120898
0.215199 -0.081575 0.120896
0.215201 -0.081577 0.120893
0.215229 -0.081599 0.120890
0.215267 -0.081630 0.120874
0.215287 -0.081644 0.120879
0.215314 -0.081668 0.120868
0.215330 -0.081678 0.120865
0.215375 -0.081712 0.120845
0.215375 -0.081712 0.120845
0.215396 -0.081727 0.120846
0.215411 -0.081741 0.120828
0.215441 -0.081764 0.120813
0.215476 -0.081794 0.120792
0.215492 -0.081808 0.120790
0.215514 -0.081828 0.120779
0.215521 -0.081833 0.120771
0.215543 -0.081856 0.120757
0.215554 -0.081866 0.120757
0.215573 -0.081883 0.120745
0.215581 -0.081889 0.120734
0.215593 -0.081904 0.120724
0.215603 -0.081916 0.120716
0.215606 -0.081918 0.120709
0.215610 -0.081926 0.120707
0.215612 -0.081931 0.120706
0.215612 -0.081929 0.120702
0.215610 -0.081933 0.120703
0.215602 -0.081936 0.120704
0.215590 -0.081934 0.120708
0.215586 -0.081931 0.120708
0.215568 -0.081927 0.120715
0.215553 -0.081925 0.120720
0.215532 -0.081921 0.120727
0.215521 -0.081914 0.120731
0.215494 -0.081907 0.120739
0.215465 -0.081899 0.120750
0.215436 -0.081890 0.120760
0.215428 -0.081886 0.120763
0.215404 -0.081880 0.120771
0.215376 -0.081873 0.120779
0.215351 -0.081865 0.120785
0.215341 -0.081857 0.120792
0.215323 -0.081856 0.120795
0.215310 -0.081857 0.120796
0.215302 -0.081852 0.120802
0.215276 -0.081847 0.120810
0.215252 -0.081847 0.120816
0.215243 -0.081852 0.120816
0.215233 -0.081847 0.120821
0.215213 -0.081847 0.120828
0.215205 -0.081853 0.120828
0.215198 -0.081849 0.120833
0.215185 -0.081852 0.120837
0.215172 -0.081856 0.120840
0.215165 -0.081864 0.120844
0.215165 -0.081864 0.120844
0.215160 -0.081873 0.120848
0.215160 -0.081885 0.120852
0.215164 -0.081888 0.120854
0.215169 -0.081900 0.120854
0.215174 -0.081913 0.120856
0.215183 -0.081931 0.120860
0.215190 -0.081936 0.120858
0.215206 -0.081954 0.120858
0.215226 -0.081976 0.120862
0.215248 -0.081998 0.120863
0.215270 -0.082018 0.120865
0.215277 -0.082025 0.120862
0.215289 -0.082036 0.120868
0.215293 -0.082040 0.120866
0.215321 -0.082060 0.120867
0.215354 -0.082085 0.120869
0.215354 -0.082085 0.120869
0.215387 -0.082114 0.120868
0.215422 -0.082140 0.120865
0.215469 -0.082177 0.120864
0.215493 -0.082198 0.120858
0.215514 -0.082221 0.120848
0.215522 -0.082232 0.120842
0.215558 -0.082265 0.120839
0.215568 -0.082275 0.120835
0.215590 -0.082298 0.120831
0.215595 -0.082304 0.120827
0.215606 -0.082316 0.120822
0.215625 -0.082341 0.120820
0.215635 -0.082358 0.120818
0.215641 -0.082371 0.120816
0.215649 -0.082387 0.120816
0.215651 -0.082390 0.120816
0.215655 -0.082400 0.120818
0.215655 -0.082400 0.120818
0.215655 -0.082403 0.120819
0.215655 -0.082411 0.120823
0.215646 -0.082425 0.120829
0.215632 -0.082433 0.120836
0.215617 -0.082436 0.120843
0.215590 -0.082440 0.120858
0.215563 -0.082440 0.120872
0.215530 -0.082440 0.120887
0.215496 -0.082440 0.120903
0.215464 -0.082440 0.120917
0.215430 -0.082444 0.120931
0.215396 -0.082448 0.120946
0.215388 -0.082448 0.120949
0.215338 -0.082457 0.120974
0.215312 -0.082466 0.120986
0.215294 -0.082478 0.121002
0.215283 -0.082476 0.121013
0.215270 -0.082500 0.121033
0.215263 -0.082515 0.121048
0.215262 -0.082535 0.121068
0.215265 -0.082539 0.121076
0.215278 -0.082571 0.121102
0.215296 -0.082593 0.121122
0.215316 -0.082611 0.121137
0.215347 -0.082635 0.121153
0.215372 -0.082651 0.121162
0.215402 -0.082671 0.121172
0.215442 -0.082695 0.121176
0.215482 -0.082718 0.121180
0.215518 -0.082739 0.121181
0.215555 -0.082762 0.121179
0.215583 -0.082781 0.121176
0.215610 -0.082801 0.121171
0.215650 -0.082833 0.121164
0.215673 -0.082856 0.121158
0.215691 -0.082881 0.121150
0.215706 -0.082905 0.121142
0.215711 -0.082916 0.121134
0.215719 -0.082943 0.121133
0.215715 -0.082959 0.121130
0.215706 -0.082976 0.121128
0.215695 -0.082985 0.121127
0.215674 -0.082996 0.121126
0.215654 -0.083004 0.121126
0.215628 -0.083014 0.121125
0.215602 -0.083023 0.121125
0.215571 -0.083035 0.121125
0.215556 -0.083039 0.121127
0.215513 -0.083055 0.121127
0.215489 -0.083064 0.121131
0.215466 -0.083073 0.121136
0.215455 -0.083076 0.121145
0.215436 -0.083085 0.121156
0.215427 -0.083090 0.121168
0.215421 -0.083094 0.121179
0.215419 -0.083096 0.121192
0.215420 -0.083100 0.121203
0.215424 -0.083100 0.121215
0.215437 -0.083099 0.121226
0.215453 -0.083097 0.121234
0.215472 -0.083095 0.121243
0.215497 -0.083090 0.121250
0.215524 -0.083086 0.121257
0.215549 -0.083083 0.121260
0.215583 -0.083079 0.121261
0.215609 -0.083078 0.121263
0.215641 -0.083076 0.121260
0.215669 -0.083077 0.121252
0.215691 -0.083077 0.121244
0.215715 -0.083079 0.121232
0.215732 -0.083084 0.121219
0.215747 -0.083089 0.121206
0.215758 -0.083094 0.121192
0.215765 -0.083105 0.121179
0.215769 -0.083113 0.121168
0.215766 -0.083122 0.121158
0.215760 -0.083133 0.121147
0.215749 -0.083142 0.121137
0.215733 -0.083150 0.121127
0.215713 -0.083158 0.121119
0.215689 -0.083169 0.121111
0.215665 -0.083179 0.121104
0.215639 -0.083188 0.121099
0.215609 -0.083199 0.121094
0.215581 -0.083205 0.121090
0.215554 -0.083212 0.121087
0.215527 -0.083219 0.121087
0.215509 -0.083227 0.121092
0.215493 -0.083233 0.121097
0.215483 -0.083237 0.121104
0.215477 -0.083240 0.121111
0.215471 -0.083240 0.121118
0.215472 -0.083241 0.121124
0.215472 -0.083241 0.121129
0.215472 -0.083239 0.121135
0.215473 -0.083239 0.121142
0.215483 -0.083236 0.121149
0.215494 -0.083232 0.121156
0.215501 -0.083231 0.121159
0.215514 -0.083228 0.121164
0.215518 -0.083227 0.121165
0.215531 -0.083223 0.121169
0.215551 -0.083218 0.121174
0.215587 -0.083213 0.121181
0.215606 -0.083211 0.121184
0.215618 -0.083213 0.121185
0.215643 -0.083212 0.121186
0.215648 -0.083212 0.121184
0.215670 -0.083212 0.121183
0.215692 -0.083213 0.121182
0.215714 -0.083215 0.121179
0.215746 -0.083221 0.121175
0.215764 -0.083227 0.121167
0.215770 -0.083230 0.121162
0.215773 -0.083232 0.121157
0.215784 -0.083239 0.121148
0.215792 -0.083245 0.121142
0.215798 -0.083254 0.121132
0.215801 -0.083262 0.121124
0.215801 -0.083275 0.121114
0.215802 -0.083279 0.121110
0.215802 -0.083284 0.121106
0.215795 -0.083292 0.121099
0.215789 -0.083298 0.121095
0.215779 -0.083306 0.121090
0.215766 -0.083314 0.121083
0.215742 -0.083323 0.121079
0.215731 -0.083328 0.121076
0.215715 -0.083335 0.121075
0.215712 -0.083336 0.121075
0.215696 -0.083342 0.121074
0.215674 -0.083350 0.121073
0.215659 -0.083352 0.121071
0.215637 -0.083365 0.121072
0.215606 -0.083373 0.121068
0.215603 -0.083376 0.121070
0.215590 -0.083382 0.121074
0.215577 -0.083387 0.121074
0.215564 -0.083393 0.121076
0.215554 -0.083399 0.121082
0.215547 -0.083403 0.121083
0.215542 -0.083406 0.121088
0.215539 -0.083408 0.121093
0.215538 -0.083409 0.121095
0.215540 -0.083407 0.121099
0.215540 -0.083408 0.121102
0.215546 -0.083406 0.121115
0.215557 -0.083404 0.121128
0.215566 -0.083403 0.121136
0.215590 -0.083397 0.121150
0.215605 -0.083393 0.121157
0.215616 -0.083391 0.121162
0.215624 -0.083389 0.121164
0.215641 -0.083385 0.121169
0.215656 -0.083381 0.121174
0.215664 -0.083380 0.121176
0.215688 -0.083375 0.121181
0.215706 -0.083374 0.121183
0.215723 -0.083371 0.121184
0.215742 -0.083370 0.121183
0.215750 -0.083370 0.121182
0.215773 -0.083369 0.121181
0.215788 -0.083370 0.121179
0.215797 -0.083371 0.121178
0.215804 -0.083372 0.121177
0.215816 -0.083374 0.121174
0.215829 -0.083377 0.121170
0.215837 -0.083379 0.121169
0.215846 -0.083382 0.121163
0.215859 -0.083389 0.121155
0.215861 -0.083390 0.121154
0.215869 -0.083399 0.121142
0.215871 -0.083401 0.121138
0.215875 -0.083409 0.121131
0.215872 -0.083409 0.121127
0.215872 -0.083414 0.121123
0.215869 -0.083420 0.121119
0.215866 -0.083424 0.121115
0.215865 -0.083426 0.121114
0.215861 -0.083429 0.121112
0.215854 -0.083435 0.121109
0.215852 -0.083437 0.121108
0.215841 -0.083443 0.121103
0.215828 -0.083450 0.121100
0.215824 -0.083452 0.121099
0.215808 -0.083459 0.121097
0.215793 -0.083467 0.121094
0.215779 -0.083472 0.121094
0.215756 -0.083480 0.121093
0.215743 -0.083485 0.121095
0.215725 -0.083490 0.121096
0.215700 -0.083498 0.121098
0.215693 -0.083499 0.121101
0.215677 -0.083503 0.121104
0.215673 -0.083501 0.121108
0.215660 -0.083504 0.121112
0.215648 -0.083506 0.121115
0.215637 -0.083507 0.121119
0.215630 -0.083508 0.121123
0.215627 -0.083507 0.121128
0.215626 -0.083508 0.121133
0.215626 -0.083506 0.121140
0.215627 -0.083504 0.121144
0.215629 -0.083504 0.121150
0.215631 -0.083501 0.121154
0.215645 -0.083498 0.121162
0.215656 -0.083494 0.121167
0.215669 -0.083491 0.121171
0.215682 -0.083489 0.121174
0.215700 -0.083485 0.121177
0.215717 -0.083478 0.121179
0.215735 -0.083474 0.121181
0.215754 -0.083468 0.121180
0.215772 -0.083465 0.121181
0.215794 -0.083460 0.121178
0.215817 -0.083456 0.121176
0.215835 -0.083454 0.121172
0.215857 -0.083451 0.121167
0.215875 -0.083450 0.121161
0.215893 -0.083449 0.121155
0.215908 -0.083448 0.121147
0.215920 -0.083449 0.121138
0.215927 -0.083450 0.121130
0.215933 -0.083450 0.121121
0.215936 -0.083452 0.121114
0.215938 -0.083454 0.121106
0.215935 -0.083456 0.121098
0.215929 -0.083459 0.121091
0.215920 -0.083461 0.121084
0.215908 -0.083463 0.121078
0.215898 -0.083465 0.121074
0.215886 -0.083465 0.121072
0.215865 -0.083468 0.121064
0.215849 -0.083468 0.121061
0.215826 -0.083474 0.121055
0.215801 -0.083477 0.121049
0.215777 -0.083481 0.121044
0.215753 -0.083482 0.121040
0.215730 -0.083483 0.121034
0.215708 -0.083482 0.121026
0.215689 -0.083474 0.121019
0.215674 -0.083465 0.121009
0.215661 -0.083448 0.120997
0.215651 -0.083426 0.120979
0.215648 -0.083398 0.120961
0.215646 -0.083364 0.120935
0.215652 -0.083302 0.120882
0.215664 -0.083239 0.120823
0.215677 -0.083171 0.120757
0.215689 -0.083120 0.120703
0.215710 -0.083045 0.120622
0.215725 -0.082985 0.120554
0.215740 -0.082930 0.120493
0.215757 -0.082863 0.120416
0.215780 -0.082774 0.120312
0.215791 -0.082710 0.120251
0.215791 -0.082710 0.120251
0.215814 -0.082661 0.120157
0.215832 -0.082587 0.120071
0.215841 -0.082576 0.120041
0.215860 -0.082477 0.119932
0.215877 -0.082384 0.119829
0.215886 -0.082377 0.119800
0.215901 -0.082279 0.119694
0.215915 -0.082166 0.119575
0.215919 -0.082030 0.119449
0.215922 -0.081994 0.119395
0.215922 -0.081851 0.119265
0.215916 -0.081713 0.119146
0.215916 -0.081682 0.119104
0.215909 -0.081543 0.118980
0.215899 -0.081397 0.118859
0.215899 -0.081371 0.118828
0.215884 -0.081207 0.118698
0.215870 -0.081094 0.118619
0.215853 -0.080978 0.118538
0.215838 -0.080859 0.118444
0.215810 -0.080674 0.118311
0.215800 -0.080617 0.118263
0.215781 -0.080507 0.118184
0.215729 -0.080269 0.118032
0.215659 -0.079996 0.117853
0.215589 -0.079759 0.117704
0.215512 -0.079517 0.117563
0.215424 -0.079239 0.117407
0.215356 -0.079022 0.117293
0.215268 -0.078772 0.117164
0.215186 -0.078538 0.117042
0.215114 -0.078335 0.116940
0.215044 -0.078129 0.116836
0.214981 -0.077930 0.116737
0.214927 -0.077756 0.116652
0.214876 -0.077576 0.116559
0.214832 -0.077403 0.116468
0.214794 -0.077228 0.116368
0.214766 -0.077077 0.116276
0.214751 -0.076963 0.116203
0.214742 -0.076844 0.116115
0.214741 -0.076755 0.116040
0.214749 -0.076670 0.115956
0.214762 -0.076589 0.115864
0.214779 -0.076533 0.115788
0.214805 -0.076472 0.115690
0.214828 -0.076428 0.115610
0.214857 -0.076379 0.115512
0.214889 -0.076340 0.115423
0.214916 -0.076299 0.115336
0.214941 -0.076256 0.115257
0.214963 -0.076201 0.115173
0.214978 -0.076134 0.115090
0.214988 -0.076064 0.115014
0.214989 -0.075982 0.114945
0.214985 -0.075876 0.114860
0.214972 -0.075770 0.114791
0.214961 -0.075725 0.114781
0.214934 -0.075553 0.114663
0.214906 -0.075429 0.114608
0.214875 -0.075296 0.114538
0.214836 -0.075169 0.114482
0.214792 -0.075024 0.114410
0.214746 -0.074886 0.114344
0.214701 -0.074751 0.114276
0.214648 -0.074601 0.114205
0.214597 -0.074451 0.114137
0.214530 -0.074254 0.114052
0.214472 -0.074088 0.113980
0.214407 -0.073900 0.113903
0.214338 -0.073683 0.113816
0.214286 -0.073510 0.113744
0.214230 -0.073328 0.113664
0.214163 -0.073093 0.113553
0.214112 -0.072881 0.113443
0.214080 -0.072709 0.113340
0.214057 -0.072563 0.113246
0.214035 -0.072407 0.113138
0.214027 -0.072305 0.113056
0.214019 -0.072151 0.112929
0.214015 -0.072056 0.112844
0.214018 -0.071954 0.112744
0.214025 -0.071853 0.112640
0.214031 -0.071760 0.112541
0.214039 -0.071632 0.112401
0.214049 -0.071522 0.112279
0.214060 -0.071416 0.112155
0.214069 -0.071329 0.112050
0.214066 -0.071254 0.111977
0.214074 -0.071134 0.111838
0.214078 -0.071008 0.111701
0.214073 -0.070887 0.111578
0.214064 -0.070769 0.111466
0.214046 -0.070633 0.111343
0.214032 -0.070536 0.111261
0.214012 -0.070404 0.111154
0.213987 -0.070274 0.111055
0.213955 -0.070132 0.110951
0.213920 -0.069989 0.110849
0.213884 -0.069852 0.110760
0.213851 -0.069736 0.110683
0.213806 -0.069585 0.110589
0.213761 -0.069442 0.110504
0.213711 -0.069297 0.110422
0.213660 -0.069151 0.110340
0.213611 -0.069016 0.110266
0.213546 -0.068854 0.110184
0.213489 -0.068703 0.110108
0.213424 -0.068540 0.110030
0.213368 -0.068400 0.109965
0.213307 -0.068249 0.109897
0.213247 -0.068098 0.109831
0.213187 -0.067947 0.109768
0.213125 -0.067797 0.109707
0.213066 -0.067648 0.109648
0.213013 -0.067511 0.109595
0.212952 -0.067354 0.109533
0.212901 -0.067218 0.109481
0.212850 -0.067077 0.109425
0.212804 -0.066949 0.109373
0.212755 -0.066807 0.109318
0.212714 -0.066680 0.109265
0.212682 -0.066572 0.109223
0.212630 -0.066395 0.109139
0.212598 -0.066272 0.109080
0.212566 -0.066142 0.109015
0.212544 -0.066033 0.108959
0.212523 -0.065911 0.108890
0.212510 -0.065811 0.108831
0.212499 -0.065710 0.108763
0.212493 -0.065609 0.108695
0.212491 -0.065521 0.108629
0.212494 -0.065422 0.108550
0.212505 -0.065304 0.108451
0.212524 -0.065193 0.108346
0.212545 -0.065090 0.108241
0.212571 -0.064982 0.108123
0.212593 -0.064893 0.108022
0.212617 -0.064789 0.107901
0.212638 -0.064698 0.107789
0.212658 -0.064607 0.107681
0.212670 -0.064524 0.107583
0.212675 -0.064443 0.107485
0.212673 -0.064364 0.107397
0.212663 -0.064282 0.107312
0.212651 -0.064205 0.107242
0.212622 -0.064116 0.107167
0.212585 -0.064027 0.107098
0.212539 -0.063941 0.107038
0.212495 -0.063861 0.106992
0.212434 -0.063762 0.106949
0.212363 -0.063652 0.106906
0.212295 -0.063547 0.106870
0.212232 -0.063449 0.106840
0.212159 -0.063337 0.106813
0.212109 -0.063279 0.106805
0.212050 -0.063215 0.106804
0.211998 -0.063149 0.106808
0.211965 -0.063113 0.106825
0.211945 -0.063077 0.106820
0.211930 -0.063065 0.106862
0.211919 -0.063038 0.106861
0.211918 -0.063048 0.106921
0.211915 -0.063055 0.106951
0.211919 -0.063051 0.106947
0.211933 -0.063086 0.106993
0.211946 -0.063131 0.107060
0.211959 -0.063145 0.107083
0.211970 -0.063133 0.107073
0.211992 -0.063172 0.107113
0.212021 -0.063210 0.107142
0.212061 -0.063299 0.107205
0.212092 -0.063323 0.107207
0.212129 -0.063390 0.107237
0.212178 -0.063496 0.107283
0.212222 -0.063573 0.107300
0.212271 -0.063663 0.107320
0.212315 -0.063755 0.107337
0.212353 -0.063832 0.107347
0.212394 -0.063930 0.107360
0.212437 -0.064030 0.107366
0.212472 -0.064121 0.107371
0.212512 -0.064227 0.107374
0.212550 -0.064322 0.107374
0.212585 -0.064413 0.107371
0.212616 -0.064493 0.107369
0.212653 -0.064587 0.107364
0.212674 -0.064640 0.107366
0.212687 -0.064678 0.107372
0.212720 -0.064759 0.107350
0.212736 -0.064804 0.107330
0.212738 -0.064817 0.107318
0.212733 -0.064817 0.107306
0.212726 -0.064813 0.107297
0.212710 -0.064811 0.107303
0.212700 -0.064823 0.107313
0.212697 -0.064825 0.107316
0.212697 -0.064826 0.107316
0.212679 -0.064835 0.107330
0.212654 -0.064834 0.107343
0.212613 -0.064807 0.107356
0.212592 -0.064801 0.107374
0.212547 -0.064753 0.107393
0.212503 -0.064702 0.107416
0.212465 -0.064659 0.107439
0.212428 -0.064607 0.107460
0.212390 -0.064548 0.107483
0.212355 -0.064484 0.107505
0.212276 -0.064320 0.107554
0.212217 -0.064178 0.107592
0.212179 -0.064058 0.107626
0.212163 -0.063975 0.107656
0.212167 -0.063934 0.107683
0.212194 -0.063940 0.107714
0.212252 -0.063998 0.107751
0.212322 -0.064091 0.107785
0.212403 -0.064167 0.107800
0.212479 -0.064213 0.107791
0.212558 -0.064282 0.107782
0.212607 -0.064347 0.107781
0.212738 -0.064501 0.107769
0.212829 -0.064635 0.107762
0.212914 -0.064777 0.107754
0.212993 -0.064928 0.107749
0.213063 -0.065087 0.107742
0.213116 -0.065226 0.107740
0.213142 -0.065326 0.107735
0.213144 -0.065373 0.107724
0.213107 -0.065346 0.107687
0.213052 -0.065300 0.107662
0.213015 -0.065351 0.107687
0.212974 -0.065443 0.107738
0.212918 -0.065498 0.107798
0.212846 -0.065521 0.107850
0.212744 -0.065530 0.107926
0.212662 -0.065521 0.107995
0.212571 -0.065483 0.108076
0.212483 -0.065430 0.108150
0.212404 -0.065376 0.108225
0.212341 -0.065315 0.108287
0.212281 -0.065246 0.108340
0.212231 -0.065181 0.108379
0.212189 -0.065114 0.108413
0.212165 -0.065055 0.108439
0.212165 -0.065027 0.108456
0.212177 -0.065024 0.108462
0.212199 -0.064995 0.108497
0.212237 -0.065007 0.108519
0.212257 -0.065019 0.108527
0.212285 -0.065042 0.108535
0.212371 -0.065131 0.108596
0.212427 -0.065168 0.108626
0.212465 -0.065176 0.108637
0.212570 -0.065294 0.108676
0.212633 -0.065344 0.108689
0.212700 -0.065390 0.108693
0.212748 -0.065434 0.108695
0.212826 -0.065515 0.108701
0.212894 -0.065598 0.108706
0.212934 -0.065646 0.108708
0.212979 -0.065754 0.108711
0.213080 -0.065921 0.108714
0.213119 -0.065986 0.108714
0.213174 -0.066137 0.108718
0.213187 -0.066163 0.108718
0.213187 -0.066163 0.108718
0.213217 -0.066240 0.108715
0.213232 -0.066306 0.108705
0.213232 -0.066343 0.108692
0.213226 -0.066368 0.108680
0.213217 -0.066396 0.108676
0.213205 -0.066438 0.108683
0.213195 -0.066499 0.108703
0.213184 -0.066581 0.108738
0.213170 -0.066663 0.108777
0.213151 -0.066740 0.108816
0.213102 -0.066858 0.108875
0.213055 -0.066910 0.108919
0.213055 -0.066910 0.108919
0.213000 -0.066953 0.108962
0.212940 -0.066992 0.109016
0.212840 -0.067040 0.109101
0.212762 -0.067056 0.109173
0.212693 -0.067063 0.109244
0.212632 -0.067058 0.109309
0.212578 -0.067042 0.109378
0.212518 -0.067023 0.109470
0.212464 -0.066994 0.109531
0.212417 -0.066961 0.109582
0.212375 -0.066927 0.109632
0.212334 -0.066885 0.109682
0.212284 -0.066834 0.109743
0.212265 -0.066810 0.109765
0.212234 -0.066769 0.109803
0.212209 -0.066738 0.109838
0.212200 -0.066714 0.109878
0.212203 -0.066725 0.109890
0.212215 -0.066742 0.109916
0.212315 -0.066821 0.110015
0.212395 -0.066904 0.110061
0.212466 -0.066978 0.110087
0.212557 -0.067051 0.110103
0.212651 -0.067145 0.110114
0.212740 -0.067251 0.110119
0.212829 -0.067365 0.110118
0.212931 -0.067507 0.110118
0.213014 -0.067635 0.110115
0.213083 -0.067760 0.110110
0.213141 -0.067878 0.110106
0.213173 -0.067965 0.110097
0.213189 -0.068028 0.110090
0.213196 -0.068091 0.110091
0.213195 -0.068329 0.110176
0.213150 -0.068477 0.110258
0.213061 -0.068572 0.110335
0.212994 -0.068620 0.110399
0.212939 -0.068653 0.110439
0.212871 -0.068670 0.110522
0.212776 -0.068693 0.110593
0.212696 -0.068697 0.110667
0.212594 -0.068680 0.110806
0.212570 -0.068668 0.110862
0.212477 -0.068627 0.110984
0.212419 -0.068595 0.111065
0.212366 -0.068555 0.111142
0.212348 -0.068536 0.111186
0.212312 -0.068496 0.111246
0.212257 -0.068433 0.111324
0.212243 -0.068419 0.111358
0.212215 -0.068389 0.111402
0.212191 -0.068365 0.111440
0.212175 -0.068343 0.111476
0.212165 -0.068325 0.111496
0.212162 -0.068330 0.111517
0.212179 -0.068339 0.111591
0.212221 -0.068392 0.111647
0.212286 -0.068486 0.111703
0.212356 -0.068571 0.111745
0.212430 -0.068646 0.111763
0.212515 -0.068734 0.111776
0.212623 -0.068857 0.111786
0.212722 -0.068981 0.111791
0.212826 -0.069119 0.111792
0.212903 -0.069233 0.111790
0.213004 -0.069403 0.111787
0.213076 -0.069544 0.111785
0.213131 -0.069670 0.111779
0.213159 -0.069759 0.111763
0.213164 -0.069799 0.111768
0.213169 -0.069850 0.111769
0.213177 -0.069937 0.111788
0.213184 -0.070016 0.111809
0.213183 -0.070107 0.111842
0.213165 -0.070214 0.111893
0.213143 -0.070284 0.111931
0.213123 -0.070335 0.111953
0.213070 -0.070397 0.112021
0.213003 -0.070461 0.112085
0.212969 -0.070476 0.112133
0.212918 -0.070501 0.112193
0.212814 -0.070530 0.112308
0.212814 -0.070530 0.112308
0.212666 -0.070520 0.112506
0.212632 -0.070512 0.112598
0.212606 -0.070510 0.112672
0.212541 -0.070480 0.112763
0.212448 -0.070433 0.112943
0.212360 -0.070357 0.113072
0.212293 -0.070294 0.113172
0.212280 -0.070310 0.113217
0.212237 -0.070228 0.113260
0.212188 -0.070184 0.113352
0.212183 -0.070151 0.113408
0.212210 -0.070152 0.113474
0.212289 -0.070185 0.113567
0.212369 -0.070277 0.113634
0.212451 -0.070360 0.113683
0.212519 -0.070423 0.113692
0.212580 -0.070495 0.113696
0.212671 -0.070624 0.113697
0.212710 -0.070691 0.113708
0.212770 -0.070802 0.113716
0.212926 -0.071088 0.113675
0.212998 -0.071274 0.113674
0.213054 -0.071444 0.113674
0.213095 -0.071582 0.113676
0.213109 -0.071681 0.113668
0.213093 -0.071751 0.113658
0.213063 -0.071865 0.113683
0.213036 -0.072031 0.113739
0.212996 -0.072151 0.113788
0.212922 -0.072256 0.113866
0.212839 -0.072332 0.113941
0.212767 -0.072378 0.114018
0.212698 -0.072413 0.114116
0.212634 -0.072434 0.114229
0.212578 -0.072438 0.114332
0.212517 -0.072431 0.114444
0.212471 -0.072415 0.114567
0.212436 -0.072396 0.114673
0.212401 -0.072375 0.114774
0.212375 -0.072351 0.114859
0.212361 -0.072323 0.114937
0.212354 -0.072296 0.115009
0.212359 -0.072282 0.115069
0.212370 -0.072275 0.115118
0.212405 -0.072274 0.115171
0.212449 -0.072289 0.115218
0.212506 -0.072317 0.115260
0.212575 -0.072363 0.115306
0.212656 -0.072439 0.115349
0.212739 -0.072522 0.115385
0.212821 -0.072593 0.115402
0.212891 -0.072658 0.115394
0.212955 -0.072746 0.115386
0.213004 -0.072824 0.115372
0.213056 -0.072933 0.115353
0.213098 -0.073066 0.115324
0.213117 -0.073163 0.115298
0.213120 -0.073255 0.115265
0.213103 -0.073326 0.115238
0.213073 -0.073415 0.115225
0.213041 -0.073512 0.115232
0.212993 -0.073617 0.115253
0.212937 -0.073706 0.115282
0.212866 -0.073779 0.115320
0.212790 -0.073832 0.115364
0.212716 -0.073867 0.115425
0.212651 -0.073883 0.115492
0.212582 -0.073885 0.115577
0.212521 -0.073872 0.115660
0.212463 -0.073841 0.115744
0.212407 -0.073806 0.115834
0.212357 -0.073758 0.115921
0.212315 -0.073703 0.116001
0.212278 -0.073644 0.116071
0.212247 -0.073594 0.116128
0.212221 -0.073533 0.116181
0.212214 -0.073491 0.116225
0.212223 -0.073461 0.116265
0.212247 -0.073448 0.116301
0.212287 -0.073466 0.116332
0.212353 -0.073517 0.116369
0.212432 -0.073596 0.116400
0.212514 -0.073683 0.116426
0.212606 -0.073771 0.116438
0.212639 -0.073795 0.116435
0.212683 -0.073840 0.116432
0.212774 -0.073963 0.116411
0.212865 -0.074106 0.116389
0.212936 -0.074234 0.116372
0.212963 -0.074306 0.116361
0.212969 -0.074413 0.116339
0.212957 -0.074462 0.116321
0.212927 -0.074510 0.116314
0.212885 -0.074605 0.116334
0.212837 -0.074692 0.116367
0.212775 -0.074774 0.116406
0.212696 -0.074841 0.116447
0.212614 -0.074882 0.116488
0.212526 -0.074913 0.116546
0.212454 -0.074934 0.116609
0.212389 -0.074941 0.116687
0.212328 -0.074942 0.116763
0.212268 -0.074926 0.116839
0.212212 -0.074897 0.116923
0.212182 -0.074876 0.116964
0.212132 -0.074842 0.117053
0.212093 -0.074802 0.117125
0.212069 -0.074770 0.117170
0.212056 -0.074750 0.117222
0.212061 -0.074738 0.117264
0.212083 -0.074754 0.117305
0.212122 -0.074798 0.117340
0.212185 -0.074847 0.117388
0.212252 -0.074916 0.117421
0.212334 -0.075006 0.117458
0.212431 -0.075095 0.117472
0.212499 -0.075152 0.117467
0.212585 -0.075234 0.117461
0.212660 -0.075327 0.117454
0.212710 -0.075401 0.117446
0.212757 -0.075487 0.117438
0.212798 -0.075584 0.117438
0.212802 -0.075650 0.117433
0.212791 -0.075695 0.117423
0.212764 -0.075729 0.117412
0.212723 -0.075783 0.117430
0.212680 -0.075852 0.117464
0.212609 -0.075924 0.117512
0.212542 -0.075965 0.117551
0.212445 -0.076010 0.117600
0.212361 -0.076036 0.117647
0.212276 -0.076045 0.117713
0.212193 -0.076046 0.117787
0.212125 -0.076035 0.117847
0.212058 -0.076018 0.117925
0.212001 -0.076000 0.117999
0.211947 -0.075970 0.118083
0.211906 -0.075946 0.118153
0.211875 -0.075923 0.118217
0.211856 -0.075912 0.118272
0.211848 -0.075912 0.118325
0.211855 -0.075931 0.118373
0.211883 -0.075969 0.118431
0.211920 -0.076022 0.118481
0.211974 -0.076094 0.118533
0.212047 -0.076159 0.118578
0.212114 -0.076213 0.118593
0.212187 -0.076283 0.118608
0.212275 -0.076372 0.118616
0.212356 -0.076463 0.118616
0.212460 -0.076591 0.118616
0.212538 -0.076701 0.118612
0.212613 -0.076818 0.118609
0.212678 -0.076930 0.118604
0.212725 -0.077052 0.118594
0.212751 -0.077131 0.118576
0.212759 -0.077187 0.118563
0.212761 -0.077262 0.118572
0.212743 -0.077372 0.118612
0.212708 -0.077460 0.118665
0.212647 -0.077526 0.118710
0.212549 -0.077578 0.118778
0.212451 -0.077606 0.118846
0.212351 -0.077603 0.118927
0.212250 -0.077580 0.119022
0.212149 -0.077542 0.119124
0.212058 -0.077491 0.119224
0.211966 -0.077441 0.119308
0.211880 -0.077385 0.119407
0.211800 -0.077325 0.119490
0.211755 -0.077308 0.119545
0.211679 -0.077230 0.119629
0.211637 -0.077208 0.119682
0.211619 -0.077202 0.119740
0.211620 -0.077237 0.119802
0.211636 -0.077296 0.119858
0.211675 -0.077382 0.119922
0.211714 -0.077429 0.119948
0.211751 -0.077469 0.119959
0.211794 -0.077525 0.119975
0.211866 -0.077616 0.119990
0.211949 -0.077727 0.119999
0.212034 -0.077827 0.120002
0.212108 -0.077935 0.120003
0.212186 -0.078064 0.120006
0.212260 -0.078191 0.120008
0.212306 -0.078297 0.120009
0.212345 -0.078406 0.120004
0.212359 -0.078467 0.119987
0.212354 -0.078523 0.119967
0.212341 -0.078607 0.119984
0.212320 -0.078730 0.120032
0.212283 -0.078823 0.120075
0.212227 -0.078908 0.120126
0.212155 -0.078972 0.120182
0.212083 -0.079000 0.120237
0.212004 -0.079011 0.120318
0.211929 -0.079004 0.120395
0.211861 -0.078980 0.120485
0.211805 -0.078961 0.120533
0.211731 -0.078891 0.120659
0.211677 -0.078833 0.120737
0.211633 -0.078771 0.120799
0.211591 -0.078700 0.120842
0.211564 -0.078629 0.120875
0.211545 -0.078558 0.120893
0.211543 -0.078547 0.120897
0.211542 -0.078491 0.120905
0.211544 -0.078465 0.120908
0.211565 -0.078440 0.120917
0.211604 -0.078432 0.120921
0.211652 -0.078433 0.120930
0.211682 -0.078447 0.120926
0.211738 -0.078474 0.120931
0.211785 -0.078493 0.120953
0.211817 -0.078511 0.120943
0.211838 -0.078526 0.120931
0.211891 -0.078543 0.120909
0.211939 -0.078550 0.120872
0.211991 -0.078570 0.120832
0.212037 -0.078603 0.120794
0.212110 -0.078667 0.120736
0.212152 -0.078721 0.120700
0.212184 -0.078774 0.120665
0.212211 -0.078827 0.120634
0.212236 -0.078884 0.120603
0.212238 -0.078889 0.120601
0.212263 -0.078946 0.120562
0.212270 -0.078969 0.120547
0.212275 -0.078998 0.120515
0.212268 -0.079012 0.120460
0.212255 -0.079029 0.120431
0.212251 -0.079031 0.120422
0.212217 -0.079088 0.120404
0.212187 -0.079139 0.120405
0.212145 -0.079174 0.120405
0.212067 -0.079178 0.120417
0.212028 -0.079186 0.120413
0.211917 -0.079162 0.120436
0.211892 -0.079155 0.120441
0.211756 -0.079096 0.120479
0.211756 -0.079096 0.120479
0.211737 -0.079082 0.120488
0.211663 -0.079028 0.120516
0.211596 -0.078967 0.120546
0.211520 -0.078902 0.120575
0.211390 -0.078794 0.120631
0.211317 -0.078714 0.120656
0.211252 -0.078639 0.120675
0.211153 -0.078540 0.120709
0.211117 -0.078482 0.120713
0.211070 -0.078421 0.120718
0.210991 -0.078348 0.120721
0.210968 -0.078307 0.120721
0.210929 -0.078265 0.120723
0.210892 -0.078247 0.120716
0.210914 -0.078241 0.120757
0.210915 -0.078275 0.120755
0.210950 -0.078292 0.120790
0.210999 -0.078300 0.120765
0.211013 -0.078296 0.120764
0.211050 -0.078311 0.120751
0.211105 -0.078351 0.120728
0.211113 -0.078360 0.120720
0.211144 -0.078372 0.120731
0.211202 -0.078417 0.120723
0.211267 -0.078474 0.120717
0.211348 -0.078555 0.120716
0.211416 -0.078629 0.120700
0.211454 -0.078671 0.120685
0.211570 -0.078845 0.120669
0.211645 -0.078981 0.120657
0.211694 -0.079107 0.120646
0.211717 -0.079201 0.120635
0.211715 -0.079267 0.120609
0.211696 -0.079302 0.120578
0.211666 -0.079371 0.120584
0.211620 -0.079503 0.120627
0.211560 -0.079589 0.120666
0.211474 -0.079659 0.120705
0.211370 -0.079715 0.120750
0.211273 -0.079746 0.120810
0.211188 -0.079749 0.120873
0.211115 -0.079738 0.120940
0.211043 -0.079718 0.121003
0.210986 -0.079687 0.121065
0.210915 -0.079619 0.121153
0.210874 -0.079556 0.121207
0.210825 -0.079470 0.121265
0.210792 -0.079389 0.121307
0.210767 -0.079338 0.121322
0.210747 -0.079270 0.121336
0.210732 -0.079170 0.121344
0.210731 -0.079099 0.121342
0.210740 -0.079044 0.121335
0.210768 -0.078999 0.121324
0.210790 -0.078977 0.121322
0.210848 -0.078969 0.121306
0.210856 -0.078968 0.121305
0.210879 -0.078983 0.121294
0.210910 -0.078978 0.121296
0.210969 -0.079001 0.121285
0.211018 -0.079027 0.121279
0.211101 -0.079090 0.121267
0.211145 -0.079139 0.121252
0.211221 -0.079225 0.121240
0.211260 -0.079274 0.121238
0.211338 -0.079380 0.121223
0.211399 -0.079472 0.121204
0.211458 -0.079562 0.121181
0.211509 -0.079653 0.121157
0.211554 -0.079739 0.121126
0.211569 -0.079771 0.121108
0.211590 -0.079809 0.121086
0.211616 -0.079865 0.121046
0.211639 -0.079918 0.121011
0.211657 -0.079963 0.120987
0.211657 -0.079966 0.120968
0.211667 -0.080079 0.120955
0.211659 -0.080066 0.120932
0.211650 -0.080099 0.120916
0.211634 -0.080150 0.120909
0.211604 -0.080212 0.120903
0.211551 -0.080256 0.120890
0.211508 -0.080270 0.120877
0.211451 -0.080280 0.120863
0.211405 -0.080277 0.120855
0.211331 -0.080263 0.120844
0.211275 -0.080244 0.120839
0.211237 -0.080219 0.120833
0.211187 -0.080197 0.120840
0.211157 -0.080165 0.120836
0.211105 -0.080112 0.120837
0.211085 -0.080091 0.120843
0.211037 -0.080024 0.120847
0.210988 -0.079948 0.120850
0.210921 -0.079826 0.120853
0.210916 -0.079817 0.120854
0.210868 -0.079706 0.120851
0.210826 -0.079609 0.120846
0.210765 -0.079437 0.120826
0.210721 -0.079296 0.120801
0.210685 -0.079164 0.120772
0.210652 -0.079051 0.120741
0.210630 -0.078986 0.120723
0.210600 -0.078835 0.120668
0.210587 -0.078762 0.120638
0.210581 -0.078594 0.120562
0.210575 -0.078497 0.120502
0.210623 -0.078439 0.120456
0.210688 -0.078422 0.120413
0.210765 -0.078421 0.120341
0.210818 -0.078372 0.120284
0.210865 -0.078408 0.120224
0.210865 -0.078408 0.120224
0.210905 -0.078369 0.120170
0.210960 -0.078367 0.120101
0.211035 -0.078357 0.120001
0.211129 -0.078386 0.119890
0.211199 -0.078422 0.119807
0.211260 -0.078470 0.119726
0.211298 -0.078522 0.119667
0.211316 -0.078567 0.119636
0.211321 -0.078608 0.119605
0.211312 -0.078629 0.119590
0.211289 -0.078623 0.119573
0.211248 -0.078595 0.119551
0.211190 -0.078548 0.119519
0.211119 -0.078468 0.119470
0.211035 -0.078350 0.119405
0.210928 -0.078185 0.119313
0.210820 -0.078009 0.119233
0.210744 -0.077887 0.119200
0.210660 -0.077757 0.119176
0.210569 -0.077604 0.119153
0.210489 -0.077420 0.119126
0.210411 -0.077200 0.119099
0.210369 -0.077080 0.119097
0.210345 -0.076973 0.119098
0.210335 -0.076895 0.119099
0.210320 -0.076833 0.119093
0.210320 -0.076774 0.119086
0.210325 -0.076705 0.119070
0.210350 -0.076543 0.118989
0.210417 -0.076343 0.118884
0.210523 -0.076205 0.118794
0.210628 -0.076116 0.118699
0.210690 -0.076077 0.118639
0.210772 -0.076057 0.118567
0.210802 -0.076071 0.118554
0.210865 -0.076072 0.118495
0.210916 -0.076078 0.118437
0.210961 -0.076083 0.118382
0.211006 -0.076103 0.118334
0.211032 -0.076089 0.118274
0.211061 -0.076135 0.118269
0.211097 -0.076163 0.118216
0.211121 -0.076177 0.118169
0.211148 -0.076196 0.118124
0.211165 -0.076203 0.118085
0.211179 -0.076210 0.118047
0.211182 -0.076205 0.118009
0.211172 -0.076178 0.117966
0.211156 -0.076141 0.117921
0.211116 -0.076078 0.117861
0.211082 -0.076045 0.117832
0.211041 -0.076033 0.117819
0.210991 -0.076019 0.117807
0.210968 -0.076014 0.117799
0.210899 -0.075985 0.117787
0.210825 -0.075946 0.117774
0.210801 -0.075938 0.117772
0.210713 -0.075887 0.117762
0.210618 -0.075814 0.117753
0.210532 -0.075738 0.117749
0.210448 -0.075650 0.117748
0.210297 -0.075421 0.117738
0.210199 -0.075291 0.117768
0.210109 -0.075156 0.117810
0.209986 -0.074923 0.117855
0.209922 -0.074798 0.117881
0.209878 -0.074707 0.117924
0.209857 -0.074694 0.117958
0.209851 -0.074694 0.117967
0.209843 -0.074682 0.118002
0.209862 -0.074538 0.117982
0.209880 -0.074514 0.117981
0.209880 -0.074514 0.117981
0.209887 -0.074511 0.117980
0.209918 -0.074499 0.117973
0.209960 -0.074516 0.117979
0.210059 -0.074595 0.117989
0.210182 -0.074730 0.118001
0.210269 -0.074838 0.117993
0.210312 -0.074921 0.118007
0.210365 -0.074963 0.117991
0.210443 -0.075056 0.117985
0.210547 -0.075216 0.117980
0.210598 -0.075282 0.117964
0.210685 -0.075431 0.117970
0.210705 -0.075464 0.117970
0.210752 -0.075543 0.117962
0.210769 -0.075565 0.117949
0.210851 -0.075770 0.117930
0.210871 -0.075882 0.117953
0.210909 -0.076069 0.118004
0.210924 -0.076201 0.118047
0.210911 -0.076274 0.118072
0.210920 -0.076342 0.118091
0.210896 -0.076464 0.118131
0.210854 -0.076467 0.118129
0.210819 -0.076538 0.118162
0.210757 -0.076573 0.118185
0.210701 -0.076646 0.118254
0.210648 -0.076680 0.118292
0.210589 -0.076709 0.118342
0.210506 -0.076723 0.118425
0.210438 -0.076721 0.118472
0.210372 -0.076703 0.118531
0.210295 -0.076659 0.118620
0.210251 -0.076634 0.118656
0.210189 -0.076585 0.118724
0.210118 -0.076490 0.118833
0.210081 -0.076456 0.118866
0.210041 -0.076401 0.118918
0.210009 -0.076361 0.118957
0.209964 -0.076294 0.119018
0.209947 -0.076279 0.119047
0.209922 -0.076235 0.119087
0.209920 -0.076244 0.119112
0.209920 -0.076251 0.119135
0.209934 -0.076284 0.119170
0.209963 -0.076336 0.119194
0.210007 -0.076393 0.119201
0.210109 -0.076493 0.119228
0.210159 -0.076548 0.119239
0.210266 -0.076673 0.119238
0.210321 -0.076741 0.119248
0.210445 -0.076899 0.119242
0.210509 -0.076994 0.119253
0.210629 -0.077160 0.119245
0.210704 -0.077290 0.119255
0.210810 -0.077467 0.119248
0.210858 -0.077567 0.119253
0.210921 -0.077700 0.119257
0.210979 -0.077823 0.119250
0.211017 -0.077921 0.119239
0.211040 -0.077985 0.119216
0.211030 -0.077999 0.119171
0.211025 -0.078021 0.119142
0.211002 -0.078054 0.119133
0.210984 -0.078116 0.119151
0.210953 -0.078183 0.119181
0.210894 -0.078243 0.119216
0.210805 -0.078260 0.119253
0.210758 -0.078297 0.119277
0.210669 -0.078302 0.119309
0.210584 -0.078297 0.119347
0.210459 -0.078259 0.119408
0.210417 -0.078257 0.119433
0.210342 -0.078225 0.119481
0.210273 -0.078183 0.119530
0.210205 -0.078134 0.119578
0.210139 -0.078082 0.119622
0.210056 -0.078004 0.119674
0.210020 -0.077968 0.119699
0.209969 -0.077913 0.119727
0.209915 -0.077847 0.119742
0.209898 -0.077816 0.119750
0.209856 -0.077735 0.119750
0.209835 -0.077683 0.119742
0.209822 -0.077639 0.119732
0.209816 -0.077609 0.119718
0.209820 -0.077595 0.119707
0.209833 -0.077592 0.119700
0.209876 -0.077636 0.119693
0.209897 -0.077640 0.119695
0.209938 -0.077685 0.119700
0.209987 -0.077747 0.119712
0.210051 -0.077835 0.119732
0.210123 -0.077946 0.119757
0.210194 -0.078051 0.119777
0.210266 -0.078153 0.119782
0.210397 -0.078313 0.119759
0.210477 -0.078422 0.119728
0.210535 -0.078506 0.119706
0.210615 -0.078638 0.119668
0.210652 -0.078700 0.119630
0.210664 -0.078710 0.119584
0.210662 -0.078706 0.119535
0.210655 -0.078745 0.119524
0.210634 -0.078841 0.119565
0.210604 -0.078901 0.119603
0.210553 -0.078936 0.119639
0.210490 -0.078956 0.119677
0.210409 -0.078957 0.119722
0.210321 -0.078932 0.119770
0.210243 -0.078896 0.119820
0.210163 -0.078840 0.119877
0.210087 -0.078767 0.119935
0.210017 -0.078685 0.119989
0.209957 -0.078606 0.120036
0.209899 -0.078515 0.120071
0.209862 -0.078434 0.120093
0.209827 -0.078345 0.120103
0.209813 -0.078302 0.120105
0.209806 -0.078241 0.120095
0.209816 -0.078197 0.120076
0.209840 -0.078187 0.120058
0.209878 -0.078204 0.120040
0.209937 -0.078250 0.120030
0.210013 -0.078321 0.120026
0.210101 -0.078419 0.120027
0.210199 -0.078528 0.120025
0.210290 -0.078624 0.120002
0.210381 -0.078721 0.119965
0.210470 -0.078836 0.119927
0.210537 -0.078936 0.119891
0.210600 -0.079039 0.119848
0.210642 -0.079109 0.119800
0.210660 -0.079145 0.119752
0.210670 -0.079186 0.119711
0.210673 -0.079249 0.119704
0.210664 -0.079330 0.119721
0.210641 -0.079394 0.119740
0.210607 -0.079435 0.119760
0.210549 -0.079461 0.119788
0.210487 -0.079468 0.119813
0.210467 -0.079466 0.119821
0.210391 -0.079446 0.119854
0.210337 -0.079419 0.119880
0.210286 -0.079391 0.119905
0.210234 -0.079341 0.119934
0.210168 -0.079283 0.119976
0.210123 -0.079246 0.120003
0.210060 -0.079173 0.120052
0.209983 -0.079060 0.120117
0.209930 -0.078991 0.120152
0.209874 -0.078909 0.120187
0.209828 -0.078829 0.120213
0.209791 -0.078755 0.120230
0.209743 -0.078652 0.120241
0.209728 -0.078605 0.120241
0.209713 -0.078554 0.120239
0.209685 -0.078487 0.120223
0.209685 -0.078456 0.120209
0.209692 -0.078433 0.120196
0.209714 -0.078434 0.120181
0.209762 -0.078461 0.120161
0.209822 -0.078512 0.120150
0.209892 -0.078582 0.120137
0.209989 -0.078686 0.120128
0.210085 -0.078808 0.120111
0.210172 -0.078926 0.120094
0.210257 -0.079045 0.120069
0.210359 -0.079204 0.120018
0.210436 -0.079342 0.119973
0.210501 -0.079472 0.119935
0.210549 -0.079589 0.119909
0.210582 -0.079710 0.119888
0.210600 -0.079821 0.119885
0.210598 -0.079888 0.119897
0.210597 -0.080015 0.119930
0.210562 -0.080079 0.119966
0.210488 -0.080119 0.120027
0.210401 -0.080125 0.120087
0.210303 -0.080099 0.120162
0.210202 -0.080059 0.120243
0.210122 -0.080001 0.120320
0.210032 -0.079923 0.120412
0.209946 -0.079836 0.120500
0.209860 -0.079746 0.120577
0.209800 -0.079672 0.120630
0.209751 -0.079609 0.120666
0.209717 -0.079542 0.120682
0.209703 -0.079489 0.120678
0.209706 -0.079447 0.120665
0.209729 -0.079421 0.120643
0.209766 -0.079412 0.120617
0.209829 -0.079427 0.120588
0.209861 -0.079455 0.120574
0.209911 -0.079481 0.120558
0.209973 -0.079517 0.120538
0.210067 -0.079574 0.120506
0.210138 -0.079634 0.120484
0.210204 -0.079695 0.120457
0.210268 -0.079761 0.120425
0.210342 -0.079853 0.120385
0.210400 -0.079941 0.120348
0.210455 -0.080029 0.120305
0.210484 -0.080078 0.120279
0.210541 -0.080193 0.120224
0.210573 -0.080267 0.120187
0.210599 -0.080333 0.120151
0.210605 -0.080378 0.120133
0.210612 -0.080445 0.120108
0.210598 -0.080493 0.120101
0.210585 -0.080527 0.120097
0.210524 -0.080567 0.120115
0.210460 -0.080575 0.120137
0.210371 -0.080561 0.120168
0.210281 -0.080521 0.120200
0.210197 -0.080467 0.120239
0.210098 -0.080396 0.120280
0.210003 -0.080315 0.120328
0.209920 -0.080217 0.120382
0.209861 -0.080137 0.120424
0.209830 -0.080087 0.120439
0.209782 -0.080018 0.120463
0.209748 -0.079954 0.120480
0.209735 -0.079919 0.120482
0.209735 -0.079919 0.120482
0.209701 -0.079785 0.120467
0.209697 -0.079743 0.120456
0.209699 -0.079651 0.120437
0.209709 -0.079619 0.120423
0.209753 -0.079528 0.120401
0.209866 -0.079501 0.120339
0.210006 -0.079483 0.120263
0.210154 -0.079495 0.120206
0.210385 -0.079518 0.120122
0.210469 -0.079548 0.120082
0.210508 -0.079577 0.120063
0.210577 -0.079620 0.120020
0.210605 -0.079634 0.119998
0.210630 -0.079661 0.119983
0.210691 -0.079734 0.119932
0.210724 -0.079786 0.119878
0.210747 -0.079841 0.119835
0.210757 -0.079886 0.119802
0.210731 -0.079938 0.119751
0.210732 -0.079969 0.119742
0.210704 -0.080008 0.119726
0.210637 -0.080019 0.119716
0.210619 -0.080046 0.119717
0.210573 -0.080037 0.119719
0.210479 -0.080011 0.119727
0.210340 -0.079974 0.119749
0.210253 -0.079927 0.119772
0.210200 -0.079903 0.119786
0.210123 -0.079846 0.119811
0.210047 -0.079779 0.119837
0.209961 -0.079694 0.119869
0.209899 -0.079607 0.119899
0.209837 -0.079522 0.119926
0.209776 -0.079435 0.119947
0.209717 -0.079345 0.119967
0.209665 -0.079247 0.119981
0.209623 -0.079168 0.119988
0.209588 -0.079089 0.119987
0.209555 -0.079010 0.119982
0.209534 -0.078949 0.119968
0.209516 -0.078890 0.119949
0.209505 -0.078843 0.119923
0.209504 -0.078813 0.119899
0.209511 -0.078791 0.119869
0.209524 -0.078785 0.119846
0.209545 -0.078791 0.119821
0.209579 -0.078803 0.119800
0.209614 -0.078829 0.119777
0.209656 -0.078861 0.119756
0.209714 -0.078916 0.119733
0.209779 -0.078974 0.119717
0.209852 -0.079042 0.119701
0.209893 -0.079073 0.119694
0.210009 -0.079190 0.119667
0.210082 -0.079269 0.119647
0.210139 -0.079329 0.119628
0.210174 -0.079377 0.119614
0.210235 -0.079446 0.119591
0.210316 -0.079542 0.119553
0.210330 -0.079571 0.119542
0.210368 -0.079631 0.119520
0.210387 -0.079676 0.119506
0.210397 -0.079720 0.119494
0.210403 -0.079769 0.119484
0.210401 -0.079815 0.119482
0.210386 -0.079850 0.119486
0.210357 -0.079885 0.119493
0.210325 -0.079910 0.119510
0.210282 -0.079926 0.119531
0.210228 -0.079935 0.119552
0.210154 -0.079932 0.119580
0.209972 -0.079894 0.119675
0.209807 -0.079812 0.119769
0.209687 -0.079724 0.119843
0.209580 -0.079619 0.119920
0.209499 -0.079519 0.119983
0.209404 -0.079399 0.120034
0.209330 -0.079277 0.120067
0.209277 -0.079167 0.120084
0.209245 -0.079081 0.120077
0.209230 -0.079023 0.120064
0.209229 -0.079018 0.120062
0.209248 -0.078982 0.120041
0.209262 -0.078961 0.120022
0.209287 -0.078964 0.120005
0.209317 -0.078977 0.119988
0.209322 -0.078989 0.119977
0.209389 -0.079017 0.119963
0.209409 -0.079034 0.119955
0.209517 -0.079131 0.119927
0.209544 -0.079162 0.119916
0.209677 -0.079282 0.119888
0.209810 -0.079417 0.119838
0.209891 -0.079504 0.119815
0.209977 -0.079605 0.119779
0.209977 -0.079605 0.119779
0.210031 -0.079668 0.119753
0.210083 -0.079736 0.119727
0.210168 -0.079857 0.119692
0.210186 -0.079881 0.119678
0.210228 -0.079956 0.119651
0.210250 -0.080001 0.119646
0.210278 -0.080067 0.119632
0.210303 -0.080128 0.119627
0.210322 -0.080189 0.119626
0.210326 -0.080243 0.119632
0.210320 -0.080313 0.119646
0.210317 -0.080316 0.119647
0.210276 -0.080375 0.119673
0.210252 -0.080391 0.119688
0.210208 -0.080401 0.119708
0.210157 -0.080401 0.119730
0.210136 -0.080395 0.119739
0.210081 -0.080380 0.119765
0.209966 -0.080344 0.119820
0.209958 -0.080341 0.119824
0.209907 -0.080309 0.119854
0.209821 -0.080250 0.119905
0.209760 -0.080200 0.119945
0.209686 -0.080126 0.120001
0.209635 -0.080067 0.120046
0.209599 -0.080028 0.120069
0.209544 -0.079953 0.120118
0.209524 -0.079920 0.120142
0.209468 -0.079838 0.120188
0.209440 -0.079792 0.120203
0.209397 -0.079725 0.120234
0.209355 -0.079649 0.120260
0.209303 -0.079538 0.120279
0.209279 -0.079485 0.120286
0.209254 -0.079391 0.120281
0.209236 -0.079325 0.120269
0.209226 -0.079285 0.120244
0.209247 -0.079265 0.120234
0.209273 -0.079265 0.120215
0.209278 -0.079277 0.120205
0.209306 -0.079278 0.120198
0.209341 -0.079305 0.120185
0.209422 -0.079359 0.120163
0.209454 -0.079393 0.120152
0.209552 -0.079476 0.120133
0.209589 -0.079517 0.120123
0.209657 -0.079585 0.120107
0.209730 -0.079662 0.120087
0.209764 -0.079704 0.120080
0.209803 -0.079747 0.120063
0.209915 -0.079899 0.120028
0.209975 -0.079988 0.120004
0.210066 -0.080127 0.119961
0.210099 -0.080194 0.119945
0.210141 -0.080288 0.119920
0.210171 -0.080378 0.119898
0.210188 -0.080453 0.119886
0.210199 -0.080534 0.119880
0.210204 -0.080611 0.119880
0.210193 -0.080690 0.119884
0.210176 -0.080747 0.119893
0.210150 -0.080802 0.119908
0.210115 -0.080851 0.119927
0.210071 -0.080882 0.119948
0.210018 -0.080903 0.119975
0.209962 -0.080912 0.120005
0.209901 -0.080910 0.120039
0.209833 -0.080897 0.120078
0.209795 -0.080885 0.120099
0.209729 -0.080855 0.120147
0.209668 -0.080817 0.120195
0.209605 -0.080765 0.120249
0.209552 -0.080711 0.120300
0.209503 -0.080653 0.120352
0.209448 -0.080571 0.120416
0.209409 -0.080508 0.120460
0.209361 -0.080427 0.120505
0.209326 -0.080359 0.120545
0.209258 -0.080221 0.120617
0.209247 -0.080163 0.120614
0.209237 -0.080122 0.120618
0.209236 -0.080072 0.120611
0.209244 -0.080036 0.120599
0.209251 -0.080019 0.120582
0.209279 -0.080005 0.120567
0.209308 -0.080009 0.120550
0.209347 -0.080025 0.120530
0.209396 -0.080049 0.120506
0.209446 -0.080079 0.120485
0.209504 -0.080122 0.120462
0.209589 -0.080202 0.120423
0.209629 -0.080241 0.120411
0.209692 -0.080310 0.120379
0.209753 -0.080386 0.120349
0.209802 -0.080453 0.120316
0.209885 -0.080576 0.120251
0.209904 -0.080618 0.120239
0.209923 -0.080668 0.120227
0.209958 -0.080727 0.120184
0.209980 -0.080799 0.120156
0.210001 -0.080878 0.120124
0.210006 -0.080941 0.120114
0.210018 -0.081001 0.120086
0.210021 -0.081075 0.120067
0.210015 -0.081112 0.120059
0.209992 -0.081186 0.120044
0.209972 -0.081224 0.120041
0.209963 -0.081231 0.120039
0.209910 -0.081290 0.120052
0.209875 -0.081306 0.120063
0.209799 -0.081309 0.120090
0.209717 -0.081296 0.120125
0.209634 -0.081265 0.120166
0.209561 -0.081211 0.120216
0.209502 -0.081149 0.120270
0.209443 -0.081072 0.120331
0.209377 -0.080981 0.120396
0.209321 -0.080887 0.120461
0.209285 -0.080805 0.120510
0.209250 -0.080720 0.120552
0.209232 -0.080644 0.120581
0.209222 -0.080576 0.120597
0.209218 -0.080511 0.120600
0.209228 -0.080462 0.120593
0.209253 -0.080419 0.120577
0.209291 -0.080393 0.120558
0.209331 -0.080389 0.120535
0.209402 -0.080389 0.120512
0.209469 -0.080408 0.120485
0.209547 -0.080434 0.120458
0.209623 -0.080469 0.120427
0.209702 -0.080513 0.120382
0.209766 -0.080559 0.120335
0.209832 -0.080616 0.120282
0.209890 -0.080677 0.120231
0.209944 -0.080754 0.120165
0.209970 -0.080812 0.120114
0.209994 -0.080870 0.120058
0.210003 -0.080919 0.120013
0.210000 -0.080934 0.119988
0.209984 -0.080989 0.119945
0.209938 -0.081046 0.119901
0.209890 -0.081062 0.119875
0.209831 -0.081061 0.119854
0.209763 -0.081033 0.119834
0.209686 -0.080995 0.119814
0.209600 -0.080937 0.119799
0.209532 -0.080862 0.119793
0.209477 -0.080785 0.119791
0.209410 -0.080639 0.119796
0.209355 -0.080485 0.119796
0.209276 -0.080229 0.119791
0.209233 -0.080029 0.119780
0.209212 -0.079881 0.119767
0.209205 -0.079767 0.119746
0.209204 -0.079685 0.119728
0.209224 -0.079642 0.119721
0.209237 -0.079598 0.119705
0.209257 -0.079552 0.119668
0.209279 -0.079508 0.119639
0.209279 -0.079508 0.119639
0.209299 -0.079403 0.119547
0.209317 -0.079298 0.119441
0.209325 -0.079233 0.119356
0.209345 -0.079174 0.119266
0.209360 -0.079119 0.119175
0.209379 -0.079056 0.119066
0.209399 -0.078997 0.118953
0.209421 -0.078950 0.118841
0.209442 -0.078901 0.118729
0.209464 -0.078863 0.118625
0.209508 -0.078773 0.118384
0.209527 -0.078728 0.118214
0.209530 -0.078680 0.118072
0.209531 -0.078625 0.117966
0.209504 -0.078531 0.117817
0.209406 -0.078295 0.117520
0.209300 -0.078073 0.117285
0.209201 -0.077900 0.117120
0.209134 -0.077796 0.117021
0.209019 -0.077618 0.116873
0.208930 -0.077474 0.116759
0.208853 -0.077349 0.116665
0.208776 -0.077244 0.116596
0.208641 -0.077031 0.116433
0.208574 -0.076920 0.116355
0.208572 -0.076911 0.116349
0.208520 -0.076793 0.116272
0.208414 -0.076624 0.116164
0.208318 -0.076515 0.116090
0.208230 -0.076400 0.116012
0.208060 -0.076120 0.115840
0.207895 -0.075853 0.115677
0.207781 -0.075666 0.115565
0.207744 -0.075578 0.115526
0.207644 -0.075415 0.115429
0.207561 -0.075303 0.115349
0.207368 -0.075004 0.115156
0.207254 -0.074830 0.115040
0.207135 -0.074647 0.114913
0.207047 -0.074513 0.114820
0.206958 -0.074380 0.114719
0.206920 -0.074299 0.114673
0.206787 -0.074150 0.114521
0.206670 -0.073968 0.114377
0.206594 -0.073856 0.114279
0.206507 -0.073739 0.114169
0.206376 -0.073566 0.113988
0.206265 -0.073418 0.113827
0.206147 -0.073272 0.113653
0.206019 -0.073124 0.113463
0.205904 -0.072985 0.113287
0.205785 -0.072845 0.113100
0.205681 -0.072730 0.112942
0.205552 -0.072599 0.112755
0.205422 -0.072478 0.112582
0.205302 -0.072364 0.112425
0.205206 -0.072261 0.112295
0.205098 -0.072156 0.112161
0.204859 -0.072006 0.111941
0.204690 -0.071878 0.111778
0.204549 -0.071775 0.111649
0.204387 -0.071666 0.111510
0.204216 -0.071543 0.111360
0.204058 -0.071436 0.111229
0.203891 -0.071328 0.111097
0.203714 -0.071221 0.110967
0.203540 -0.071110 0.110837
0.203382 -0.071011 0.110723
0.203199 -0.070893 0.110590
0.203004 -0.070762 0.110441
0.202842 -0.070665 0.110314
0.202663 -0.070572 0.110179
0.202500 -0.070478 0.110048
0.202298 -0.070355 0.109883
0.202233 -0.070275 0.109803
0.202156 -0.070192 0.109719
0.201930 -0.070073 0.109557
0.201697 -0.069950 0.109392
0.201519 -0.069864 0.109273
0.201263 -0.069754 0.109114
0.200991 -0.069631 0.108950
0.200778 -0.069527 0.108819
0.200580 -0.069432 0.108695
0.200380 -0.069352 0.108579
0.200144 -0.069267 0.108440
0.199941 -0.069203 0.108323
0.199788 -0.069154 0.108229
0.199681 -0.069123 0.108168
0.199543 -0.069086 0.108087
0.199463 -0.069064 0.108053
0.199331 -0.069026 0.107972
0.199192 -0.068995 0.107888
0.199024 -0.068962 0.107797
0.198808 -0.068931 0.107685
0.198588 -0.068908 0.107579
0.198372 -0.068890 0.107477
0.198128 -0.068869 0.107371
0.197898 -0.068859 0.107275
0.197683 -0.068856 0.107186
0.197423 -0.068847 0.107085
0.197169 -0.068849 0.106993
0.196928 -0.068845 0.106910
0.196665 -0.068849 0.106826
0.196396 -0.068849 0.106745
0.196123 -0.068864 0.106671
0.196073 -0.068874 0.106661
0.195857 -0.068883 0.106603
0.195697 -0.068904 0.106566
0.195529 -0.068922 0.106525
0.195424 -0.068954 0.106507
0.195061 -0.068992 0.106421
0.194799 -0.069035 0.106363
0.194526 -0.069094 0.106308
0.194202 -0.069177 0.106249
0.193919 -0.069243 0.106201
0.193646 -0.069300 0.106157
0.193330 -0.069362 0.106120
0.193034 -0.069418 0.106091
0.192724 -0.069474 0.106068
0.192410 -0.069524 0.106051
0.192066 -0.069572 0.106039
0.191756 -0.069614 0.106034
0.191462 -0.069652 0.106028
0.191111 -0.069689 0.106031
0.190796 -0.069719 0.106028
0.190481 -0.069758 0.106020
0.190135 -0.069800 0.106020
0.189825 -0.069846 0.106016
0.189519 -0.069895 0.106013
0.189165 -0.069960 0.106009
0.188877 -0.070019 0.106007
0.188501 -0.070102 0.106005
0.188221 -0.070170 0.106001
0.187924 -0.070242 0.106010
0.187590 -0.070334 0.106003
0.187324 -0.070413 0.106004
0.187077 -0.070492 0.106013
0.186839 -0.070571 0.106025
0.186606 -0.070654 0.106043
0.186409 -0.070723 0.106067
0.186261 -0.070778 0.106087
0.186064 -0.070851 0.106119
0.185860 -0.070930 0.106155
0.185609 -0.071029 0.106221
0.185379 -0.071125 0.106297
0.185145 -0.071219 0.106359
0.184908 -0.071323 0.106451
0.184640 -0.071438 0.106548
0.184443 -0.071533 0.106630
0.184194 -0.071665 0.106734
0.183992 -0.071775 0.106808
0.183719 -0.071962 0.106921
0.183465 -0.072158 0.107031
0.183242 -0.072353 0.107132
0.183016 -0.072557 0.107231
0.182792 -0.072781 0.107339
0.182565 -0.073036 0.107464
0.182357 -0.073276 0.107581
0.182125 -0.073541 0.107721
0.181896 -0.073780 0.107853
0.181661 -0.074053 0.108004
0.181441 -0.074327 0.108158
0.181229 -0.074618 0.108322
0.181025 -0.074903 0.108486
0.180822 -0.075191 0.108650
0.180653 -0.075498 0.108822
0.180470 -0.075844 0.109016
0.180291 -0.076229 0.109232
0.180165 -0.076551 0.109412
0.180060 -0.076857 0.109587
0.179984 -0.077107 0.109732
0.179940 -0.077213 0.109795
0.179876 -0.077527 0.109981
0.179840 -0.077659 0.110061
0.179811 -0.077841 0.110172
0.179784 -0.078117 0.110343
0.179735 -0.078323 0.110475
0.179700 -0.078656 0.110691
0.179672 -0.078904 0.110856
0.179644 -0.079051 0.110955
0.179626 -0.079367 0.111171
0.179602 -0.079477 0.111249
0.179591 -0.079802 0.111480
0.179578 -0.079928 0.111573
0.179586 -0.080232 0.111800
0.179583 -0.080468 0.111984
0.179570 -0.080589 0.112083
0.179585 -0.080913 0.112346
0.179574 -0.081032 0.112449
0.179598 -0.081326 0.112699
0.179604 -0.081550 0.112897
0.179585 -0.081660 0.113000
0.179618 -0.081966 0.113269
0.179601 -0.082059 0.113360
0.179623 -0.082356 0.113626
0.179627 -0.082561 0.113812
0.179599 -0.082698 0.113942
0.179614 -0.082978 0.114191
0.179592 -0.083094 0.114293
0.179595 -0.083357 0.114527
0.179579 -0.083579 0.114720
0.179546 -0.083708 0.114829
0.179549 -0.083980 0.115064
0.179529 -0.084205 0.115253
0.179497 -0.084320 0.115348
0.179487 -0.084619 0.115598
0.179461 -0.084842 0.115782
0.179440 -0.085052 0.115952
0.179444 -0.085189 0.116065
0.179387 -0.085465 0.116278
0.179362 -0.085662 0.116430
0.179334 -0.085865 0.116584
0.179317 -0.086021 0.116704
0.179297 -0.086237 0.116869
0.179287 -0.086389 0.116985
0.179277 -0.086543 0.117103
0.179272 -0.086689 0.117216
0.179271 -0.086894 0.117375
0.179276 -0.087068 0.117511
0.179293 -0.087255 0.117656
0.179302 -0.087395 0.117761
0.179320 -0.087574 0.117896
0.179346 -0.087765 0.118041
0.179367 -0.087902 0.118142
0.179399 -0.088050 0.118256
0.179447 -0.088257 0.118408
0.179490 -0.088419 0.118531
0.179535 -0.088534 0.118633
0.179581 -0.088687 0.118752
0.179627 -0.088834 0.118866
0.179676 -0.088973 0.118984
0.179701 -0.089022 0.119039
0.179779 -0.089252 0.119226
0.179829 -0.089375 0.119343
0.179833 -0.089384 0.119354
0.179892 -0.089511 0.119485
0.179967 -0.089660 0.119659
0.180018 -0.089759 0.119779
0.180063 -0.089841 0.119890
0.180115 -0.089931 0.120022
0.180135 -0.089963 0.120077
0.180180 -0.090046 0.120211
0.180223 -0.090152 0.120390
0.180232 -0.090187 0.120458
0.180235 -0.090214 0.120516
0.180254 -0.090241 0.120571
0.180254 -0.090245 0.120580
0.180308 -0.090354 0.120814
0.180308 -0.090354 0.120814
0.180322 -0.090410 0.120955
0.180349 -0.090496 0.121180
0.180341 -0.090540 0.121328
0.180336 -0.090566 0.121416
0.180324 -0.090598 0.121526
0.180318 -0.090627 0.121620
0.180304 -0.090651 0.121714
0.180286 -0.090673 0.121796
0.180267 -0.090696 0.121884
0.180257 -0.090703 0.121913
0.180230 -0.090728 0.122007
0.180211 -0.090739 0.122057
0.180192 -0.090753 0.122105
0.180166 -0.090769 0.122166
0.180161 -0.090772 0.122176
0.180139 -0.090782 0.122230
0.180087 -0.090808 0.122312
0.180077 -0.090811 0.122327
0.180077 -0.090811 0.122327
0.180048 -0.090821 0.122374
0.180016 -0.090832 0.122420
0.179984 -0.090845 0.122462
0.179958 -0.090850 0.122497
0.179917 -0.090848 0.122548
0.179901 -0.090849 0.122568
0.179888 -0.090847 0.122586
0.179892 -0.090847 0.122589
0.179890 -0.090846 0.122596
0.179867 -0.090834 0.122629
0.179859 -0.090824 0.122649
0.179858 -0.090812 0.122665
0.179865 -0.090790 0.122682
0.179868 -0.090777 0.122693
0.179895 -0.090744 0.122703
0.179926 -0.090714 0.122709
0.179961 -0.090681 0.122719
0.180010 -0.090638 0.122726
0.180066 -0.090588 0.122735
0.180127 -0.090538 0.122745
0.180200 -0.090477 0.122759
0.180263 -0.090426 0.122773
0.180345 -0.090359 0.122794
0.180425 -0.090291 0.122816
0.180495 -0.090230 0.122841
0.180568 -0.090162 0.122864
0.180647 -0.090081 0.122891
0.180715 -0.090005 0.122916
0.180792 -0.089924 0.122949
0.180868 -0.089831 0.122979
0.180934 -0.089740 0.123005
0.181004 -0.089639 0.123036
0.181084 -0.089528 0.123066
0.181158 -0.089423 0.123093
0.181223 -0.089316 0.123119
0.181303 -0.089194 0.123142
0.181386 -0.089076 0.123165
0.181454 -0.088962 0.123181
0.181530 -0.088850 0.123198
0.181612 -0.088735 0.123212
0.181670 -0.088638 0.123224
0.181747 -0.088538 0.123237
0.181820 -0.088440 0.123248
0.181880 -0.088364 0.123259
0.181961 -0.088270 0.123270
0.182016 -0.088200 0.123282
0.182105 -0.088105 0.123297
0.182184 -0.088035 0.123305
0.182279 -0.087921 0.123337
0.182359 -0.087838 0.123360
0.182447 -0.087745 0.123386
0.182533 -0.087658 0.123411
0.182622 -0.087573 0.123438
0.182726 -0.087480 0.123464
0.182820 -0.087402 0.123488
0.182919 -0.087326 0.123511
0.183021 -0.087254 0.123533
0.183125 -0.087187 0.123553
0.183228 -0.087127 0.123572
0.183326 -0.087072 0.123588
0.183432 -0.087016 0.123602
0.183601 -0.086937 0.123623
0.183743 -0.086884 0.123641
0.183845 -0.086849 0.123652
0.183951 -0.086818 0.123665
0.184059 -0.086792 0.123677
0.184100 -0.086786 0.123682
0.184221 -0.086758 0.123693
0.184272 -0.086750 0.123697
0.184339 -0.086739 0.123703
0.184412 -0.086726 0.123710
0.184490 -0.086713 0.123717
0.184503 -0.086712 0.123718
0.184575 -0.086699 0.123724
0.184678 -0.086683 0.123732
0.184758 -0.086669 0.123740
0.184839 -0.086657 0.123748
0.184920 -0.086645 0.123758
0.184969 -0.086640 0.123764
0.185078 -0.086620 0.123774
0.185158 -0.086606 0.123784
0.185230 -0.086595 0.123794
0.185299 -0.086583 0.123803
0.185373 -0.086573 0.123813
0.185454 -0.086560 0.123824
0.185532 -0.086548 0.123835
0.185671 -0.086534 0.123857
0.185774 -0.086523 0.123871
0.185868 -0.086516 0.123886
0.185953 -0.086515 0.123899
0.186047 -0.086492 0.123908
0.186149 -0.086486 0.123923
0.186253 -0.086479 0.123936
0.186344 -0.086475 0.123951
0.186438 -0.086472 0.123963
0.186552 -0.086469 0.123980
0.186650 -0.086470 0.123995
0.186757 -0.086469 0.124010
0.186879 -0.086475 0.124031
0.186991 -0.086479 0.124046
0.187110 -0.086481 0.124063
0.187243 -0.086490 0.124084
0.187253 -0.086487 0.124083
0.187363 -0.086478 0.124086
0.187525 -0.086490 0.124110
0.187702 -0.086508 0.124141
0.187837 -0.086517 0.124163
0.188035 -0.086549 0.124208
0.188230 -0.086573 0.124243
0.188357 -0.086586 0.124262
0.188500 -0.086585 0.124264
0.188696 -0.086624 0.124313
0.188874 -0.086645 0.124342
0.189015 -0.086662 0.124362
0.189079 -0.086662 0.124360
0.189259 -0.086688 0.124388
0.189259 -0.086688 0.124388
0.189431 -0.086713 0.124412
0.189596 -0.086741 0.124435
0.189785 -0.086778 0.124463
0.189947 -0.086810 0.124481
0.190143 -0.086852 0.124508
0.190453 -0.086918 0.124558
0.190553 -0.086940 0.124557
0.190749 -0.086983 0.124576
0.190959 -0.087031 0.124599
0.190959 -0.087031 0.124599
0.191161 -0.087074 0.124614
0.191361 -0.087116 0.124631
0.191582 -0.087162 0.124652
0.191781 -0.087200 0.124668
0.191994 -0.087232 0.124682
0.192213 -0.087261 0.124699
0.192418 -0.087284 0.124714
0.192619 -0.087306 0.124731
0.192822 -0.087325 0.124748
0.192822 -0.087325 0.124748
0.193046 -0.087344 0.124771
0.193256 -0.087359 0.124791
0.193455 -0.087365 0.124811
0.193685 -0.087374 0.124837
0.193895 -0.087379 0.124861
0.194661 -0.087356 0.124946
0.195073 -0.087320 0.124987
0.195455 -0.087278 0.125023
0.195836 -0.087238 0.125059
0.196120 -0.087202 0.125081
0.196294 -0.087191 0.125099
0.196516 -0.087143 0.125105
0.196690 -0.087127 0.125120
0.197055 -0.087084 0.125146
0.197190 -0.087060 0.125151
0.197425 -0.087024 0.125160
0.197656 -0.086993 0.125170
0.197905 -0.086953 0.125177
0.197905 -0.086953 0.125177
0.198123 -0.086920 0.125181
0.198365 -0.086880 0.125185
0.198601 -0.086839 0.125186
0.198840 -0.086797 0.125185
0.199083 -0.086750 0.125182
0.199309 -0.086704 0.125177
0.199535 -0.086657 0.125173
0.199774 -0.086603 0.125166
0.200012 -0.086548 0.125159
0.200345 -0.086475 0.125157
0.200564 -0.086421 0.125150
0.200903 -0.086318 0.125129
0.200903 -0.086318 0.125129
0.201134 -0.086256 0.125124
0.201349 -0.086192 0.125115
0.201558 -0.086127 0.125106
0.201780 -0.086053 0.125093
0.202001 -0.085980 0.125083
0.202202 -0.085906 0.125069
0.202395 -0.085832 0.125054
