Column1 Column2 Column3
0.024646 0.757731 1.794753
-0.022401 0.628526 1.582003
-0.024809 0.590853 1.496039
-0.035830 0.555465 1.489089
-0.096573 0.526888 1.529821
-0.069901 0.549796 1.432925
0.150435 0.526194 1.515162
0.181932 0.569353 2.010054
0.151733 0.623289 2.081642
-0.135388 0.676576 1.758889
-0.124932 0.543863 1.492818
-0.112348 0.504761 1.490918
-0.126485 0.464763 1.476348
-0.114309 0.488377 1.482031
-0.108306 0.397207 1.557505
0.026456 0.630051 1.826345
0.025803 0.592278 1.766754
-0.023767 0.513513 1.863721
-0.072874 0.496975 2.115821
-0.055714 0.453834 2.272682
0.004626 0.492383 2.322630
-0.025490 0.487171 2.306973
0.005165 0.528886 2.330928
0.525771 0.608130 2.448928
0.804563 0.593353 2.263671
0.865613 0.494942 2.094310
0.880009 0.450859 2.043021
0.867281 0.368403 1.889387
0.832134 0.365943 1.905455
0.658973 0.292551 1.665415
0.540218 0.290481 1.574279
0.373483 0.239577 1.478936
0.094042 0.122413 1.452565
-0.036951 0.060918 1.365695
-0.096754 0.027880 1.329992
-0.214563 -0.022196 1.382041
-0.235119 0.033685 1.414260
-0.258992 0.097392 1.420377
-0.397629 0.166574 1.523457
-0.481087 0.210493 1.575086
-0.605564 0.224998 1.653310
-0.754868 0.183660 1.727395
-0.923057 0.186503 1.876649
-1.063630 0.166410 1.992896
-1.136215 0.161067 2.096652
-1.146008 0.178646 2.181278
-1.079697 0.206719 2.184843
-0.966362 0.239925 2.164086
-0.782458 0.218192 2.225215
-0.673267 0.182586 2.231807
-0.574350 0.139542 2.245545
-0.485478 0.085269 2.226046
-0.328040 0.057998 2.213280
-0.197548 0.029214 2.166838
-0.031042 0.008719 2.131758
0.104832 -0.030531 2.110082
0.242621 -0.023745 2.118842
0.422801 -0.040321 2.139338
0.533262 -0.063146 2.121880
0.677361 -0.078354 2.055482
0.769649 -0.059185 2.016914
0.840872 -0.033557 2.004064
0.893528 -0.060646 1.947085
0.910992 -0.066287 1.919915
1.063629 -0.147362 1.759376
1.015483 -0.203498 1.631157
0.991403 -0.230369 1.545032
1.022494 -0.249436 1.511858
0.906532 -0.265567 1.362322
0.851156 -0.212919 1.338626
0.756062 -0.191140 1.340146
0.680255 -0.177363 1.366221
0.652546 -0.131102 1.396814
0.276765 0.026925 1.475916
0.205663 0.059620 1.467870
-0.173912 0.223044 1.577020
-0.344782 0.273526 1.592786
-0.430392 0.290205 1.610944
-0.683103 0.387611 1.702825
-0.874819 0.476374 1.779238
-1.192186 0.601967 1.880226
-1.223149 0.642843 1.983551
-1.391084 0.747501 2.173414
-1.482561 0.791596 2.301344
-1.454154 0.774377 2.349036
-1.273854 0.741190 2.423822
-0.958755 0.629897 2.430047
-0.608951 0.557509 2.444387
-0.244718 0.468718 2.447251
0.278292 0.385236 2.524495
0.386642 0.368730 2.594779
0.715358 0.283674 2.612665
1.018822 0.220468 2.613100
1.254039 0.182173 2.643579
1.539615 -0.004116 2.577082
1.763055 -0.100930 2.518616
1.957204 -0.251545 2.528046
2.094745 -0.337300 2.498687
2.226236 -0.458381 2.499608
2.253728 -0.541255 2.476866
2.207925 -0.701756 2.498879
2.180981 -0.840584 2.461089
2.036489 -0.929072 2.392014
1.911306 -0.957901 2.342385
1.707516 -0.944750 2.365569
1.470890 -0.939636 2.443761
1.301069 -0.927691 2.498996
0.879201 -0.913490 2.553873
0.495968 -0.888751 2.520836
0.172544 -0.830878 2.491101
-0.275006 -0.754520 2.467929
-0.481099 -0.726477 2.456371
-1.053929 -0.596792 2.454611
-1.467913 -0.477751 2.449018
-2.002664 -0.284514 2.432044
-2.293566 -0.183001 2.414207
-2.730244 0.043496 2.417873
-3.013467 0.193011 2.396803
-3.185701 0.389288 2.378888
-3.426884 0.588326 2.384685
-3.475016 0.732931 2.367542
-3.313694 0.854932 2.357345
-3.192654 0.922692 2.312176
-2.999772 1.041490 2.284265
-2.531038 1.112041 2.152151
-2.007856 1.102907 2.000119
-1.508615 1.013788 1.803811
-0.861436 0.908329 1.704478
0.062751 0.694768 1.582267
0.784282 0.500292 1.488293
1.377439 0.304137 1.454721
2.297071 -0.040534 1.376048
2.856011 -0.338386 1.273540
3.009505 -0.409300 1.254710
3.424244 -0.804687 1.224730
3.698593 -1.042305 1.200932
4.008738 -1.437165 1.079682
4.028585 -1.486989 1.070431
4.017364 -1.727305 1.199241
3.858881 -1.804391 1.292711
3.487781 -1.876254 1.387283
3.007528 -1.891607 1.436916
2.416995 -1.834982 1.507339
1.637143 -1.781024 1.541950
1.039583 -1.704350 1.573007
0.172627 -1.505689 1.630494
-0.545882 -1.312680 1.705080
-1.490997 -1.026102 1.809865
-2.387039 -0.616718 1.986341
-3.036294 -0.120247 2.137000
-3.455476 0.330285 2.309605
-3.859341 0.961989 2.517706
-4.069389 1.438399 2.664930
-4.143296 1.907477 2.856771
-4.260546 2.295523 2.981716
-4.371456 2.684968 3.126839
-4.351949 2.910737 3.313025
-4.437124 3.014960 3.444922
-4.232940 2.958842 3.542391
-3.808867 2.913647 3.530527
-2.920422 2.822548 3.359209
-2.062374 2.763976 3.067893
-1.140399 2.665879 2.700108
-0.223048 2.460140 2.382603
1.077108 1.963444 1.923902
1.984442 1.441425 1.498876
2.620933 0.862411 1.103767
3.151940 0.115978 0.479713
3.489682 -0.470901 -0.218332
3.765424 -1.195678 -0.970708
3.932614 -1.815538 -1.394099
4.060943 -2.425399 -1.420912
4.232239 -3.033348 -1.200248
4.342601 -3.417993 -1.008857
4.376091 -3.551525 -0.913738
4.466334 -4.078896 -0.536643
4.401868 -4.324890 -0.288878
4.184367 -4.487012 -0.101766
3.562800 -4.587997 0.068656
2.873121 -4.516246 0.363931
2.026817 -4.322557 0.754914
1.281572 -4.066542 1.064920
0.245306 -3.642378 1.481090
-0.633260 -3.182548 1.866427
-1.585309 -2.511075 2.362371
-2.319663 -1.751942 2.840780
-2.858040 -0.910970 3.357653
-3.282701 -0.077859 3.763468
-3.652620 0.716458 4.018403
-3.850663 1.253902 4.087901
-4.054052 1.738291 4.065007
-4.161997 2.197429 4.006508
-4.250761 2.545494 3.958602
-4.317998 2.842928 3.883756
-4.378045 3.023852 3.793739
-4.411887 3.191606 3.701923
-4.447859 3.369364 3.611196
-4.499174 3.434959 3.694766
-4.510990 3.476960 3.821583
-4.483446 3.674494 3.598033
-4.437090 3.945554 3.237856
-4.106130 4.169268 2.969612
-3.747944 4.225112 2.857985
-3.509527 4.226291 2.810020
-3.509527 4.226291 2.810020
-3.509527 4.226291 2.810020
-1.925011 4.244614 2.686892
-1.149553 4.151182 2.734222
-0.566681 4.099334 2.768544
1.606567 3.614251 3.277358
2.200832 3.346982 3.479396
2.321782 3.217059 3.480303
2.898991 2.310455 3.259440
3.282410 1.387892 2.636609
3.555141 0.595518 1.766725
3.589465 0.469249 1.654585
3.824465 -0.847320 0.589464
3.895037 -1.343455 0.324933
3.963442 -2.293457 0.304567
4.104727 -3.107043 0.394476
4.141053 -3.349018 0.390593
4.261354 -3.770568 0.396725
4.308888 -3.913230 0.393377
4.364018 -4.219629 0.407785
4.365739 -4.244904 0.407010
4.378533 -4.315094 0.453704
4.442348 -4.489946 0.478350
4.493647 -4.565916 0.502725
4.303409 -4.734599 0.459193
3.797214 -4.828801 0.366040
3.159668 -4.864200 0.308246
2.264073 -4.898664 0.251423
1.705604 -4.929293 0.207387
0.310478 -4.964367 0.068734
-0.637134 -4.986004 0.054075
-1.359599 -4.915523 0.070121
-1.594970 -4.860700 0.138562
-2.498224 -4.421498 0.624854
-2.867564 -4.009923 1.102764
-3.309487 -3.291661 1.830762
-3.446764 -2.938260 2.101080
-3.811594 -1.702162 2.977004
-3.846508 -1.559180 3.068349
-4.040906 -0.491238 3.707912
-4.144671 0.109807 4.014335
-4.336229 1.246844 4.216752
-4.442093 2.033689 4.052115
-4.487936 2.293222 4.007004
-4.624846 2.782403 3.781366
-4.627721 2.865070 3.767647
-4.718216 3.085051 3.664182
-4.748058 3.171525 3.739670
-4.658076 3.177200 3.864665
-4.567177 3.145179 3.911998
-4.236088 3.092466 3.965788
-3.700853 3.177263 3.835156
-1.416611 3.531723 3.280683
-1.219458 3.547194 3.244846
0.385456 3.621462 3.222242
0.823024 3.632234 3.276526
1.441065 3.571587 3.347266
2.354775 3.411912 3.590086
2.788652 3.264655 3.805192
3.079185 3.134968 3.971833
3.355708 2.970321 4.239442
3.571170 2.748864 4.173626
3.799364 1.935788 3.498703
3.929318 1.125123 2.910231
4.032090 0.081510 2.541022
4.127448 -1.078600 2.170798
4.306731 -2.007992 1.757950
4.405152 -2.688914 1.438989
4.440164 -3.086783 1.251473
4.406986 -3.158085 1.214778
4.406986 -3.158085 1.214778
4.472739 -3.478399 1.101429
4.472739 -3.478399 1.101429
3.846508 -4.325318 0.950303
3.161169 -4.433360 0.868596
3.016864 -4.443189 0.850417
1.673185 -4.579593 0.678717
0.826144 -4.667221 0.572967
-0.462915 -4.781637 0.458558
-1.449278 -4.880326 0.325280
-2.385031 -4.957021 0.248365
-2.984546 -5.039079 0.186920
-3.394910 -5.055626 0.147743
-3.697061 -5.074540 0.114842
-3.787637 -5.056444 0.071050
-4.115545 -4.973033 -0.149249
-4.266794 -4.685773 -0.124994
-4.540894 -4.217147 0.100420
-4.526017 -3.120643 0.815153
-4.490410 -2.237948 1.534106
-4.523079 -1.692892 1.938371
-4.681024 0.248495 3.389985
-4.740293 0.810288 3.684323
-4.729992 0.889811 3.719804
-4.742458 0.971198 3.759958
-3.984368 1.754191 4.014902
-3.330220 1.963669 4.047599
-3.078824 2.026704 4.069378
-2.273141 2.200899 4.030637
-2.112221 2.250869 4.031063
-0.470672 2.478447 3.932195
0.160408 2.561501 3.904809
0.160408 2.561501 3.904809
0.160408 2.561501 3.904809
1.287829 2.687723 3.895674
2.461714 2.795334 3.917380
2.854424 2.823027 3.922723
3.188602 2.816256 3.983911
3.396397 2.865476 4.062443
3.606705 2.838087 4.103806
3.745738 2.822350 4.181730
3.803904 2.818655 4.234321
4.027075 2.669860 4.392558
4.065686 2.508854 4.383747
4.180590 1.697312 3.933643
4.209969 1.411858 3.695825
4.274071 0.498447 2.900438
4.127933 -0.315283 2.220202
3.978966 -0.672149 1.959892
3.553672 -1.251377 1.518172
2.917363 -1.877059 1.115963
1.661439 -2.677813 0.731104
0.571439 -3.090470 0.562009
-0.256555 -3.307665 0.404936
-1.398612 -3.514687 0.200403
-2.376455 -3.636513 0.002720
-2.967984 -3.663953 -0.401187
-3.323415 -3.546426 -0.806112
-3.694269 -3.434726 -1.426662
-3.922777 -3.379696 -1.978429
-4.101797 -3.325758 -2.492355
-4.319466 -3.271716 -3.046956
-4.365138 -3.221211 -3.483418
-4.769449 -3.203557 -3.812864
-4.863523 -3.217678 -4.021755
-4.803624 -3.238007 -4.106499
-4.669158 -3.186090 -4.227783
-4.737634 -2.862542 -4.430938
-4.800306 -2.093449 -4.695870
-4.904397 -1.175821 -4.580267
-4.931780 -0.385802 -4.193914
-4.779805 0.399678 -3.758248
-4.404226 1.093889 -3.382452
-3.583067 1.788746 -2.950858
-2.398569 2.403062 -2.473824
-1.205338 2.872200 -2.102249
-0.203710 3.210876 -1.821852
0.880522 3.491409 -1.579645
1.827414 3.723145 -1.290645
2.477461 3.889074 -1.163238
2.974159 4.026284 -1.029847
3.359023 4.091116 -0.945357
3.644350 4.100407 -0.908328
3.849874 4.161265 -0.889698
3.995084 4.265422 -0.846377
4.168829 4.349140 -0.823770
4.310403 4.400221 -0.717288
4.416770 4.479030 -0.645448
4.530302 4.502287 -0.654205
4.639979 4.600209 -0.604830
4.727643 4.681377 -0.669347
4.790604 4.757245 -0.588779
4.856461 4.808739 -0.583507
4.922442 4.804562 -0.596206
4.727744 4.703409 -0.770593
4.367627 4.559166 -0.915283
3.779721 4.282448 -1.248451
2.709935 3.647850 -1.971397
1.245363 2.815432 -2.948994
0.020849 2.039875 -3.786809
-1.204617 1.246467 -4.645436
-2.235606 0.650575 -5.288988
-2.973115 0.287266 -5.720317
-3.611965 -0.043363 -6.109272
-4.073955 -0.278663 -6.449727
-4.487176 -0.449699 -6.645369
-4.829347 -0.605435 -6.785721
-5.071547 -0.789397 -6.923299
-5.336418 -0.958589 -6.990340
-5.540811 -1.109540 -7.082502
-5.702145 -1.267035 -7.141461
-5.894278 -1.450552 -7.192160
-6.052297 -1.620205 -7.216125
-6.153112 -1.762814 -7.206473
-6.238622 -1.955161 -7.195277
-6.307752 -2.125691 -7.227636
-6.381958 -2.360584 -7.202395
-6.475440 -2.531043 -7.226053
-6.581050 -2.681481 -7.210206
-6.560907 -2.765975 -7.244814
-6.344009 -2.870510 -7.281861
-5.979479 -2.985007 -7.375982
-5.351971 -3.148554 -7.523420
-4.431362 -3.156780 -7.583834
-3.514293 -3.170758 -7.664485
-2.239515 -2.900547 -7.510628
-1.060155 -2.579853 -7.301129
-0.126527 -2.280214 -7.017701
0.723485 -1.849128 -6.613465
1.493783 -1.346009 -6.201753
2.096684 -0.808663 -5.772861
2.665690 -0.158568 -5.210182
3.087695 0.373262 -4.723734
3.472465 0.953751 -4.220984
3.843548 1.549118 -3.689890
4.117591 1.918768 -3.335706
4.343613 2.212683 -3.026633
4.456380 2.400094 -2.823095
4.645651 2.599993 -2.608184
4.802632 2.628428 -2.546210
4.850324 2.563280 -2.636793
4.800668 2.431203 -2.717635
4.562515 2.229940 -2.876846
3.973061 1.990933 -3.079271
3.288964 1.729821 -3.324787
2.427190 1.472626 -3.593754
1.531125 1.188485 -3.858914
0.167247 0.764934 -4.248413
-0.698884 0.506530 -4.484301
-1.844500 0.066451 -4.847107
-2.928393 -0.364658 -5.221893
-3.677727 -0.739645 -5.525503
-4.505800 -1.144110 -5.894484
-5.140052 -1.397639 -6.190750
-5.621625 -1.526366 -6.368747
-5.990572 -1.635230 -6.457136
-6.270719 -1.752646 -6.540436
-6.481353 -1.821691 -6.552818
-6.730337 -1.882042 -6.518845
-6.850677 -1.932605 -6.484134
-6.992873 -2.008195 -6.551261
-7.123016 -2.105913 -6.183305
-7.209317 -2.305157 -5.939462
-7.293309 -2.411571 -5.653603
-6.890608 -2.775976 -5.504086
-5.945906 -3.407030 -5.384542
-4.850319 -4.094378 -5.438664
-3.709945 -4.805185 -5.585054
-2.527500 -5.527272 -5.771048
-1.598604 -6.151243 -6.026670
-1.054532 -6.559207 -6.078816
-0.599336 -6.896685 -6.142112
-0.328905 -7.232748 -6.219346
-0.158989 -7.511945 -6.236130
-0.076980 -7.686743 -6.240437
0.105991 -7.884197 -6.254599
0.377991 -8.140773 -6.293607
0.302681 -8.169593 -6.321814
0.404774 -8.154477 -6.292364
0.535301 -8.063336 -6.310185
0.713935 -7.915026 -6.228972
0.862709 -7.750772 -6.114460
1.109631 -7.691496 -6.055996
1.296044 -7.400755 -5.951053
1.291295 -7.306368 -5.886883
1.307273 -7.305747 -5.791044
1.245084 -7.344037 -5.801435
1.046510 -7.307822 -5.769671
0.604374 -7.181223 -5.740900
0.224450 -7.074341 -5.755557
-0.178505 -6.901863 -5.714472
-0.264507 -6.876277 -5.689231
-0.885878 -6.579227 -5.623364
-2.465147 -5.940922 -5.613771
-3.304413 -5.559594 -5.688791
-4.095764 -5.172122 -5.725010
-4.644742 -4.964301 -5.725451
-5.153308 -4.815914 -5.874712
-5.514105 -4.707287 -5.958860
-5.557726 -4.693213 -5.989922
-5.825885 -4.594139 -6.111859
-5.873986 -4.618085 -6.173817
-5.889572 -4.678558 -6.286638
-5.713692 -4.953794 -6.401036
-5.075262 -5.173330 -6.479359
-3.946300 -5.853028 -6.527452
-3.092993 -6.391303 -6.558493
-2.095943 -6.993254 -6.529452
-1.474172 -7.374529 -6.522356
-1.388195 -7.431890 -6.534817
-0.351284 -8.093797 -6.530643
-0.295644 -8.143880 -6.537934
-0.265247 -8.179035 -6.534230
0.087082 -8.421551 -6.517554
0.087082 -8.421551 -6.517554
0.680499 -8.835398 -6.554911
0.691132 -8.909545 -6.568697
0.803684 -8.984642 -6.597075
0.908052 -9.063436 -6.602856
1.011749 -9.121498 -6.641764
1.121906 -9.196072 -6.675632
1.173861 -9.231518 -6.709585
1.298204 -9.282583 -6.704137
1.478758 -9.339135 -6.756712
1.522493 -9.339103 -6.809741
1.639495 -9.367243 -6.860467
1.730138 -9.422381 -6.866132
1.821255 -9.433041 -6.903270
1.832024 -9.446097 -6.928037
1.970182 -9.512262 -7.047106
1.999993 -9.534161 -7.032852
2.043019 -9.509103 -7.022977
2.028747 -9.505738 -7.031918
2.030053 -9.529652 -7.078418
2.073495 -9.517534 -7.095771
1.927943 -9.435470 -7.150966
1.489514 -9.206474 -7.242211
1.022188 -8.907761 -7.371054
0.611134 -8.681264 -7.488781
0.458843 -8.607731 -7.541075
0.028788 -8.310704 -7.647636
-0.142434 -8.315785 -7.718596
-0.328752 -8.029689 -7.715764
-0.350113 -8.025173 -7.700978
-0.324859 -7.990049 -7.680764
-0.044430 -8.084897 -7.607703
0.072831 -8.140334 -7.595438
0.523607 -8.335137 -7.549709
1.057885 -8.551241 -7.477967
1.194503 -8.604299 -7.431360
2.054476 -8.836912 -7.179694
2.538430 -8.750623 -6.981927
2.837640 -8.690955 -6.809282
3.164514 -8.342232 -6.519761
3.540515 -7.994658 -6.191862
3.820809 -7.656266 -5.897916
4.042315 -7.245891 -5.630558
4.269104 -6.781509 -5.261428
4.444702 -6.383377 -4.994420
4.639746 -6.109094 -4.795915
4.763361 -5.822649 -4.610968
4.830709 -5.709855 -4.534462
5.126174 -5.110824 -4.151945
5.257579 -4.840579 -3.994822
5.282399 -4.765997 -3.956327
5.259778 -4.723852 -3.909182
5.402470 -4.434141 -3.743928
5.495530 -4.204362 -3.606777
5.569203 -3.988930 -3.468356
5.569203 -3.988930 -3.468356
5.704883 -3.768318 -3.301556
5.772786 -3.538721 -3.178503
5.844397 -3.419874 -3.073702
5.897348 -3.265493 -3.009546
5.935292 -3.100915 -2.889974
5.954342 -3.015784 -2.861270
5.954342 -3.015784 -2.861270
6.015535 -2.949482 -2.783755
6.021988 -2.871361 -2.740465
6.050466 -2.791474 -2.696636
6.064532 -2.702337 -2.623258
6.166027 -2.574491 -2.455159
6.218606 -2.363252 -2.263879
6.285416 -2.223503 -2.115368
6.319801 -2.061932 -1.896370
6.396368 -1.924889 -1.634150
6.454126 -1.774291 -1.389554
6.471640 -1.598177 -1.148730
6.472218 -1.436958 -0.878864
6.463507 -1.300137 -0.614331
6.466360 -1.244837 -0.420617
6.391842 -1.190510 -0.218735
6.235054 -1.263606 0.127967
6.094000 -1.406354 0.315610
6.040297 -1.577399 0.456252
5.919164 -1.719396 0.595089
5.810606 -1.859664 0.718205
5.754692 -2.018375 0.857053
5.588111 -2.187730 1.002955
5.545124 -2.397766 1.160185
5.430856 -2.642210 1.192214
5.282195 -2.825621 1.289052
5.259462 -3.007663 1.337210
5.138022 -3.215300 1.359761
5.006989 -3.460064 1.289460
4.963457 -3.579992 1.275575
4.831386 -3.892448 1.136382
4.662125 -4.357547 0.895830
4.595511 -4.566965 0.777557
4.455533 -5.044476 0.512730
4.358900 -5.302832 0.378132
4.286449 -5.513964 0.243480
4.253698 -5.724940 0.134464
4.178152 -5.887551 0.091600
4.157543 -6.038358 -0.014181
4.168660 -6.207941 -0.130706
4.170788 -6.347527 -0.244319
4.161157 -6.468298 -0.363789
4.166179 -6.495696 -0.372650
4.160693 -6.533649 -0.424385
4.185969 -6.664037 -0.580944
4.166959 -6.788885 -0.740304
4.184338 -6.909485 -0.833342
4.169991 -7.087159 -0.997985
4.160365 -7.251236 -1.136713
4.189451 -7.290802 -1.250105
4.212386 -7.345895 -1.304965
4.211194 -7.335536 -1.318885
4.223987 -7.366076 -1.355760
4.230054 -7.394094 -1.356662
4.230530 -7.377586 -1.330802
4.272167 -7.126316 -1.133664
4.302525 -6.893754 -0.976814
4.299841 -6.886914 -0.926286
4.350298 -6.766747 -0.781683
4.392568 -6.326692 -0.462978
4.483793 -5.988511 -0.218752
4.457579 -5.664637 0.003123
4.514940 -5.388342 0.228068
4.532682 -5.092740 0.527975
4.502249 -4.553608 1.089649
4.524283 -4.225982 1.437789
4.519491 -4.149658 1.468246
4.567285 -3.916352 1.714295
4.546956 -3.678095 1.947676
4.541315 -3.512836 2.161946
4.503474 -3.379669 2.389206
4.499806 -3.238842 2.630325
4.460210 -3.055696 2.862179
4.447062 -2.884969 3.144118
4.400283 -2.795891 3.366896
4.394833 -2.705613 3.596286
4.326504 -2.653884 3.796062
4.196089 -2.689550 4.366780
4.147913 -2.767442 4.537417
4.072014 -2.899180 4.708435
4.019297 -3.071757 4.785609
3.969648 -3.272460 4.821074
3.944329 -3.483505 4.848936
3.909003 -3.677824 4.818302
3.891602 -3.911788 4.753640
3.866517 -3.999154 4.722907
3.869233 -4.180260 4.699052
3.842240 -4.348471 4.636401
3.818117 -4.371477 4.634843
3.833248 -4.619081 4.534162
3.818493 -4.625834 4.512546
3.814200 -4.803992 4.452071
3.845942 -4.916869 4.379685
3.813261 -4.980296 4.366766
3.802564 -4.993849 4.374524
3.799213 -5.035319 4.419989
3.825639 -5.016198 4.374503
3.838939 -5.036589 4.338883
3.823844 -5.038055 4.340585
3.815914 -4.977507 4.384859
3.801358 -4.963404 4.402858
3.780121 -4.945579 4.410820
3.772803 -4.915470 4.491817
3.769376 -4.879582 4.498276
3.750365 -4.840050 4.520426
3.720375 -4.769421 4.568339
3.728894 -4.682970 4.654700
3.747001 -4.611860 4.709953
3.740457 -4.513352 4.719122
3.757564 -4.293051 4.837512
3.729004 -4.263328 4.781772
3.778807 -4.141716 4.745109
3.828455 -3.961022 4.755604
3.860103 -3.922786 4.670817
3.860387 -3.759123 4.641450
3.865342 -3.643932 4.656645
3.893628 -3.519331 4.603661
3.962083 -3.341777 4.595119
3.970292 -3.181305 4.589019
3.983446 -3.048114 4.626092
3.992569 -2.984592 4.671661
3.989131 -2.860825 4.696079
4.040155 -2.599712 4.822918
4.042348 -2.514976 4.861454
4.051250 -2.351784 4.977832
4.085380 -2.102871 5.183748
4.053579 -1.946820 5.321658
4.055404 -1.832416 5.429664
4.018633 -1.730798 5.578997
4.008133 -1.629938 5.750877
3.988181 -1.585153 5.871627
3.991736 -1.550450 5.965513
3.927655 -1.514092 6.107687
3.922980 -1.549999 6.210807
3.871346 -1.568618 6.337886
3.914806 -1.618014 6.430228
3.879306 -1.632624 6.503269
3.884966 -1.669633 6.532035
3.834122 -1.623417 6.597100
3.860521 -1.612369 6.682345
3.853429 -1.586388 6.675724
3.793427 -1.537192 6.776515
3.774760 -1.539959 6.829732
3.787182 -1.503831 6.803384
3.787791 -1.492369 6.789201
3.798062 -1.519476 6.745225
3.775945 -1.531206 6.728543
3.747812 -1.513740 6.768872
3.740992 -1.521474 6.730035
3.754516 -1.543520 6.731675
3.747622 -1.577669 6.746480
3.753801 -1.585396 6.721162
3.754075 -1.586283 6.725943
3.753975 -1.578192 6.676862
3.787562 -1.578771 6.673027
3.764817 -1.630968 6.608468
3.760548 -1.705997 6.664724
3.754592 -1.831402 6.513105
3.795322 -1.930815 6.427669
3.712928 -1.986210 6.392236
3.750890 -2.047185 6.401276
3.724471 -2.114175 6.341608
3.710663 -2.185523 6.314204
3.700013 -2.191728 6.306503
3.677048 -2.239722 6.244694
3.706532 -2.302365 6.219194
3.726968 -2.352457 6.172150
3.707882 -2.398568 6.109082
3.711312 -2.418765 6.075609
3.701407 -2.426565 6.054029
3.747607 -2.496550 5.997322
3.747607 -2.496550 5.997322
3.734675 -2.572080 5.941393
3.739662 -2.623671 5.890646
3.782461 -2.661772 5.869384
3.734391 -2.687764 5.864750
3.765234 -2.738588 5.826250
3.696517 -2.702061 5.875180
3.674904 -2.696414 5.911891
3.662593 -2.644889 5.925649
3.645445 -2.606261 5.997159
3.645445 -2.606261 5.997159
3.624916 -2.587864 6.011221
3.550676 -2.514593 6.066833
3.586543 -2.457758 6.137237
3.531383 -2.416525 6.173874
3.512283 -2.358757 6.192716
3.484767 -2.345174 6.202003
3.507269 -2.381029 6.189485
3.507269 -2.381029 6.189485
3.514332 -2.474128 6.130556
3.527098 -2.525580 6.100677
3.492048 -2.642332 6.059776
3.501927 -2.667252 6.029338
3.531187 -2.744437 5.952468
3.531187 -2.744437 5.952468
3.500668 -2.787289 5.894228
3.524844 -2.822112 5.879679
3.488149 -2.857928 5.853003
3.491257 -2.856168 5.890368
3.429063 -2.822138 5.925750
3.428065 -2.813515 5.935011
3.422864 -2.776048 5.930478
3.433466 -2.699230 5.990315
3.387692 -2.644757 6.022614
3.347357 -2.601915 6.070017
3.347357 -2.601915 6.070017
3.388172 -2.544817 6.055363
3.357130 -2.488983 6.082104
3.317298 -2.441911 6.114707
3.317298 -2.441911 6.114707
3.261935 -2.371882 6.149541
3.317759 -2.370100 6.095359
3.281176 -2.297883 6.100040
3.242829 -2.177572 6.174059
3.155382 -2.128657 6.191215
3.134832 -2.079503 6.187324
3.134832 -2.079503 6.187324
3.089938 -2.032563 6.210221
3.043464 -1.967435 6.288416
3.024080 -1.890257 6.305849
3.005348 -1.829351 6.348654
2.949242 -1.730760 6.419517
2.949242 -1.730760 6.419517
2.917117 -1.595347 6.488828
2.850927 -1.463602 6.604811
2.847717 -1.321605 6.721408
2.757453 -1.130670 6.845783
2.684856 -0.942695 6.959675
2.600443 -0.652986 7.112667
2.526525 -0.475673 7.269164
2.481010 -0.290904 7.380722
2.481010 -0.290904 7.380722
2.450700 -0.068078 7.521981
2.359893 0.136073 7.676616
2.257548 0.360124 7.802903
2.218785 0.543103 7.908627
2.218785 0.543103 7.908627
2.135865 0.712395 8.028560
2.106627 0.874950 8.120165
2.033014 0.976227 8.179642
2.033014 0.976227 8.179642
1.988995 1.097243 8.274058
1.964937 1.182290 8.298048
1.959330 1.229249 8.297071
1.959330 1.229249 8.297071
1.921259 1.275456 8.327198
1.914813 1.255375 8.345913
2.031479 1.276908 8.385477
2.031479 1.276908 8.385477
2.094980 1.271019 8.427561
1.933143 1.206914 8.268187
1.922196 1.162455 8.196583
1.922196 1.162455 8.196583
1.924462 1.095593 8.174262
1.963859 1.052160 8.111557
1.990431 1.002798 8.093721
1.990431 1.002798 8.093721
2.009844 0.957200 8.128313
2.030287 0.919449 8.074485
2.035798 0.822477 8.003588
2.078569 0.820812 8.006805
2.098502 0.787184 7.960730
2.122245 0.788309 7.946820
2.115392 0.784682 7.965356
2.109777 0.791939 7.959355
2.152904 0.656807 7.894684
2.171855 0.578838 7.855618
2.196980 0.499672 7.766585
2.240000 0.440075 7.727302
2.327374 0.331261 7.711191
2.302363 0.195136 7.567133
2.303744 0.080300 7.500390
2.352672 -0.077671 7.411537
2.371272 -0.201110 7.337481
2.421908 -0.422748 7.235107
2.476466 -0.552628 7.145399
2.526260 -0.731272 6.999124
2.600161 -0.884218 6.893760
2.603191 -1.007381 6.836117
2.665096 -1.146420 6.758717
2.670448 -1.310112 6.709509
2.703437 -1.402488 6.616776
2.724949 -1.422790 6.571545
2.735075 -1.470780 6.541696
2.885836 -1.707569 6.441144
2.854415 -1.850404 6.333274
2.831949 -1.991832 6.294114
2.826353 -2.126509 6.203973
2.866173 -2.194195 6.135218
2.942834 -2.342448 6.020773
2.935704 -2.396492 5.974817
2.995956 -2.520540 5.916668
2.985403 -2.592539 5.887142
3.013294 -2.615201 5.884520
3.006008 -2.690095 5.809506
3.037090 -2.682074 5.802320
3.020060 -2.724338 5.784250
3.020060 -2.724338 5.784250
3.010675 -2.664868 5.786720
3.021361 -2.619856 5.798652
3.037270 -2.589897 5.806623
3.009253 -2.139683 6.025277
2.988170 -1.757966 6.210135
2.927952 -1.434685 6.352942
2.815958 -1.072274 6.589976
2.711951 -0.561145 6.877769
2.658475 -0.144968 7.154072
2.522800 0.416408 7.426430
2.330057 0.884886 7.651867
2.084876 1.291120 7.834353
1.810431 1.672889 8.027284
1.558254 1.993316 8.128143
1.237929 2.291486 8.189907
0.986849 2.543152 8.275847
0.840414 2.769163 8.347707
0.724255 2.991295 8.345068
0.588283 3.159992 8.351014
0.533979 3.340249 8.364567
0.581761 3.492016 8.405321
0.656934 3.616496 8.415008
0.745430 3.565436 8.396969
0.830664 3.290909 8.204084
0.809890 3.093695 8.050044
0.908342 2.873358 7.862326
0.943291 2.811084 7.839967
1.250184 2.419292 7.584808
1.388712 2.006823 7.414445
1.554803 1.570106 7.197246
1.807481 0.923806 6.951337
1.938175 0.329686 6.704647
1.954653 0.204852 6.659359
2.153336 -0.834550 6.160619
2.263509 -1.493551 5.919726
2.292615 -2.006546 5.743944
2.281585 -2.090080 5.722324
2.329226 -2.744529 5.375418
2.369275 -2.991562 5.273996
2.369404 -3.053243 5.214393
2.398575 -3.146330 5.190349
2.399478 -3.118779 5.157010
2.386369 -2.988329 5.188391
2.314531 -2.710014 5.268432
2.290548 -2.619914 5.278678
2.155816 -2.070354 5.493318
2.033708 -1.659414 5.607066
1.822373 -1.177396 5.808033
1.734751 -0.933922 5.857566
1.479456 -0.101884 6.133691
1.223141 0.506748 6.360153
1.032112 1.070446 6.471942
0.653652 2.124518 6.840313
0.532098 2.755562 7.052723
0.406695 3.160672 7.171107
0.386233 3.295915 7.212626
0.334504 3.593900 7.248172
0.327784 3.651676 7.289245
0.325792 3.836427 7.338900
0.340512 4.045595 7.387807
0.324905 4.144287 7.395583
0.309334 4.207038 7.408068
0.293496 4.215571 7.360474
0.264028 4.086511 7.290755
0.260948 3.929062 7.177226
0.212390 3.721025 7.069132
0.207902 3.483958 7.001714
0.233473 3.191399 6.864031
0.246347 2.868212 6.737694
0.237086 2.607027 6.630202
0.313975 2.349949 6.534612
0.363737 1.883881 6.328822
0.311703 1.480499 6.171965
0.267322 1.029483 5.994858
0.228198 0.509406 5.819355
0.185991 0.021446 5.617114
0.147046 -0.387147 5.484764
0.179782 -1.168710 5.278646
0.197647 -1.498660 5.245188
0.282164 -1.952224 5.046569
0.345284 -2.278498 4.971208
0.351665 -2.305564 4.954676
0.468492 -2.736572 4.837664
0.515609 -2.895019 4.806209
0.548868 -3.064825 4.761652
0.602387 -3.155901 4.755991
0.607157 -3.169521 4.753500
0.711527 -3.170764 4.785083
0.771329 -3.162440 4.807465
0.897457 -3.071652 4.864319
1.000863 -2.918604 4.945173
1.250781 -2.383744 5.274479
1.375465 -2.078429 5.314027
1.438974 -1.968629 5.339972
1.561364 -1.607965 5.462476
1.654070 -1.242510 5.585605
1.680589 -0.843317 5.721886
1.733285 -0.391101 5.887703
1.733764 0.070617 6.050850
1.729735 0.457403 6.185702
1.712122 0.859642 6.309472
1.683379 1.258031 6.431447
1.619097 1.590610 6.661421
1.574241 1.979636 6.701407
1.541679 2.300736 6.760864
1.473594 2.657013 6.854814
1.395677 2.949777 6.926385
1.307556 3.219041 7.006752
1.254935 3.461371 7.071473
1.254935 3.461371 7.071473
1.221571 3.757884 7.137061
1.133317 3.926127 7.188665
1.043445 4.069231 7.271926
0.684804 4.251439 7.120326
0.406868 4.205289 7.041835
0.095147 4.133829 6.917612
-0.136547 3.659729 6.742888
-0.281633 3.337105 6.589729
-0.305379 3.252124 6.532919
-0.510860 3.046092 6.397979
-0.596553 2.865141 6.322237
-0.598425 2.824968 6.327078
-0.639408 2.646180 6.262354
-0.728094 2.443793 6.151679
-0.801230 2.242206 6.054104
-0.850162 2.084195 6.000027
-0.861293 1.871204 5.912054
-0.814925 1.709526 5.880981
-0.745324 1.522785 5.917453
-0.667777 1.417032 6.020082
-0.444443 1.179405 5.838748
0.029943 0.881449 5.791194
0.196922 0.773192 5.834294
0.285226 0.723031 5.832885
0.532520 0.580609 5.873262
0.793862 0.458783 5.895268
1.142235 0.385934 5.982476
1.453696 0.309317 6.041756
1.720695 0.288949 6.118716
2.236401 0.332210 6.276063
2.333624 0.393493 6.321492
2.401652 0.466033 6.373932
2.493561 0.584269 6.445290
2.509725 0.604949 6.432112
2.748453 0.707993 6.539098
2.705770 0.845466 6.584671
2.815005 1.371849 6.782522
2.894840 1.630413 6.865149
2.892790 1.682947 6.881495
2.898948 1.773162 6.907915
2.880487 1.936148 6.935319
2.766893 2.179044 7.005305
2.542174 2.398528 7.012554
2.364254 2.558437 7.009381
2.092456 2.765425 7.003541
1.758519 2.918010 6.939135
0.921799 3.376896 6.883021
0.796221 3.462572 6.841590
0.091137 3.893765 6.794747
-0.377422 4.185100 6.771157
-0.989970 4.491142 6.713891
-1.517025 4.669635 6.647958
-1.861825 4.813254 6.624023
-2.302158 4.957555 6.583845
-2.375735 4.973732 6.571943
-2.802330 5.075530 6.520106
-2.796204 5.089910 6.517722
-2.839119 5.101750 6.516120
-2.936514 5.149986 6.525239
-3.031421 5.156928 6.497725
-3.105375 5.157430 6.659296
-3.108189 5.169421 6.493347
-3.108189 5.169421 6.493347
-2.632263 5.010575 6.491693
-2.357820 4.845487 6.481986
-2.070293 4.619691 6.488364
-1.952370 4.554537 6.463190
-1.465472 4.266349 6.501803
-0.978846 4.082848 6.566375
-0.810603 4.089305 6.610450
-0.196699 3.707486 6.622208
0.239286 3.543565 6.681401
0.404208 3.521052 6.700197
0.835590 3.397740 6.772867
1.041332 3.341471 6.807388
1.109131 3.347940 6.825957
1.121419 3.360280 6.846285
1.191050 3.348630 6.877643
1.191050 3.348630 6.877643
1.143833 3.354421 6.878742
1.144757 3.397619 6.871995
1.151872 3.460611 6.931651
1.183493 3.611502 7.002304
1.128018 3.786228 7.049565
0.627341 4.203847 7.164690
0.507205 4.232423 7.157020
0.085844 4.368235 7.125322
-0.548280 4.494396 7.163719
-1.062461 4.593398 7.022006
-1.177058 4.586529 6.997126
-1.883572 4.687821 6.939958
-2.319020 4.769747 6.868354
-2.460793 4.769360 6.873827
-3.005302 4.826986 6.820471
-3.068561 4.849880 6.818652
-3.114400 4.877631 6.845643
-3.240504 4.874709 6.800595
-3.445149 4.907780 6.776644
-3.592713 4.903804 6.730816
-3.721434 4.954639 6.743622
-3.839017 4.953558 6.711518
-4.034011 4.948093 6.688806
-4.083764 4.948267 6.680504
-4.108032 4.900347 6.673787
-4.077657 4.912738 6.670735
-3.677908 4.938949 6.780256
-3.439379 5.031258 6.866384
-3.306257 4.971747 6.870478
-2.834075 4.806551 6.916372
-2.528756 4.492140 6.867578
-2.222802 4.483318 6.929198
-2.115406 4.492668 6.947488
-1.949994 4.498498 6.999350
-1.862550 4.508297 7.016115
-1.395724 4.509052 7.092282
-1.263459 4.491973 7.126749
-1.217094 4.504912 7.137270
-1.051107 4.485072 7.158999
-0.810353 4.497852 7.207866
-0.634650 4.485420 7.234928
-0.458920 4.486944 7.274032
-0.458920 4.486944 7.274032
-0.386744 4.498841 7.307214
-0.371547 4.514975 7.321248
-0.436727 4.516317 7.322219
-0.546582 4.523508 7.313908
-0.663602 4.675501 7.341199
-0.845047 4.805953 7.364826
-1.057313 4.574206 7.235033
-1.226696 4.496939 7.186178
-1.490566 4.514689 7.251819
-1.708889 4.548461 7.108030
-1.984627 4.588895 7.020304
-2.227529 4.619772 6.992289
-2.528361 4.652517 6.952893
-2.813047 4.687719 6.906861
-3.053464 4.706295 6.852859
-3.307799 4.747621 6.814626
-3.579727 4.735312 6.752423
-3.786648 4.758133 6.734246
-3.944794 4.784166 6.718858
-4.101520 4.776746 6.679803
-4.285295 4.755880 6.657655
-4.281931 4.828886 6.659409
-4.322677 4.789722 6.762044
-4.330613 4.746879 6.736130
-4.137616 4.702585 6.695947
-4.002706 4.685239 6.666938
-3.878917 4.675085 6.703673
-3.762096 4.646727 6.728812
-3.600150 4.628667 6.759046
-3.460404 4.595801 6.797253
-3.320508 4.578101 6.828871
-3.134056 4.570781 6.859939
-2.975842 4.534856 6.871009
-2.847692 4.529751 6.909178
-2.689112 4.514703 7.072238
-2.514556 4.485015 6.984937
-2.396309 4.498058 6.946919
-2.256240 4.488012 6.952481
-2.077651 4.484650 7.012493
-1.969652 4.484381 7.023313
-1.808965 4.487224 7.063098
-1.775080 4.483423 7.058529
-1.734460 4.495409 7.090019
-1.724623 4.480707 7.096712
-1.743792 4.484982 7.093558
-1.788656 4.482619 7.111008
-1.825441 4.476226 7.098908
-1.878307 4.468636 7.069414
-1.946784 4.472602 6.999791
-2.007481 4.479391 7.000987
-2.081633 4.510317 7.029061
-2.202424 4.684365 7.080117
-2.343607 4.737108 7.079323
-2.547871 4.713344 7.047167
-2.796949 4.660385 7.029091
-2.989020 4.493863 6.878115
-3.154914 4.352983 6.752322
-3.423634 4.372508 6.701032
-3.575045 4.423028 6.679393
-3.755842 4.454698 6.652145
-3.821920 4.472725 6.673857
-3.888919 4.478984 6.695282
-3.987487 4.516952 6.786182
-4.107380 4.520972 6.684505
-4.316234 4.506735 6.573017
-4.437708 4.517939 6.533675
-4.543121 4.515896 6.534287
-4.438005 4.510823 6.608891
-4.433545 4.517533 6.620586
-4.478282 4.506653 6.612195
-4.458338 4.507740 6.721334
-4.419765 4.486445 6.657566
-4.357581 4.483981 6.645662
-4.255273 4.474720 6.630804
-4.177534 4.452774 6.656626
-4.108844 4.431335 6.655884
-4.074381 4.436328 6.635464
-3.958676 4.397019 6.695747
-3.844754 4.381432 6.690819
-3.767159 4.375465 6.700039
-3.649663 4.381025 6.740768
-3.557471 4.382254 6.794787
-3.404003 4.367484 6.760872
-3.355488 4.361701 6.766002
-3.304257 4.379556 6.797699
-3.244285 4.360689 6.780238
-3.135929 4.366992 6.797336
-3.024531 4.343983 6.776497
-2.947208 4.346117 6.799281
-2.935794 4.338527 6.825083
-2.816442 4.326682 6.857617
-2.792026 4.469780 6.937693
-2.790432 4.567370 6.979385
-2.837933 4.520513 7.015889
-2.800708 4.319326 6.834078
-2.817333 4.206484 6.729937
-2.797635 4.222938 6.759489
-2.733209 4.286216 6.790925
-2.785340 4.296025 6.827336
-2.978457 4.323730 6.801590
-3.148924 4.325843 6.755036
-3.263629 4.335733 6.724947
-3.328254 4.324286 6.732967
-3.437627 4.348600 6.734594
-3.504474 4.354928 6.737049
-3.586375 4.361124 6.731403
-3.707659 4.372473 6.718487
-3.818615 4.354444 6.674605
-3.947746 4.371638 6.646213
-4.029392 4.348607 6.607028
-4.135448 4.365427 6.612728
-4.139464 4.360444 6.616491
-4.163583 4.463953 6.685369
-4.215783 4.619586 6.768291
-4.324010 4.602098 6.742786
-4.497967 4.564455 6.676401
-4.556031 4.516056 6.642458
-4.573624 4.460920 6.566456
-4.490088 4.444923 6.626707
-4.429215 4.427571 6.667470
-4.417129 4.408818 6.668459
-4.426628 4.417559 6.678820
-4.370336 4.407543 6.688289
-4.351723 4.389036 6.675165
-4.310992 4.382260 6.674426
-4.246283 4.363965 6.676405
-4.216150 4.339469 6.661735
-4.168399 4.355730 6.652234
-4.051950 4.331309 6.648755
-3.959237 4.329440 6.641309
-3.835132 4.319857 6.668544
-3.673487 4.320781 6.703304
-3.514272 4.311713 6.714254
-3.370893 4.305178 6.748692
-3.276394 4.296485 6.767335
-3.147327 4.269805 6.758121
-2.976955 4.207472 6.786430
-2.852969 4.053424 6.741472
-2.756822 4.064023 6.754588
-2.734284 4.103391 6.783350
-2.728087 4.146185 6.794702
-2.698060 4.189256 6.836059
-2.707460 4.214034 6.825263
-2.754394 4.238572 6.839288
-2.736748 4.263193 6.849167
-2.745919 4.267552 6.849706
-2.776719 4.287971 6.842781
-2.826307 4.282847 6.853010
-2.920635 4.298380 6.841213
-3.016730 4.308270 6.842708
-3.150448 4.315380 6.820353
-3.297429 4.327629 6.787743
-3.519662 4.346521 6.758065
-3.742148 4.361759 6.733286
-3.915340 4.364266 6.709122
-4.084986 4.358969 6.667859
-4.322917 4.386521 6.652874
-4.503962 4.382319 6.600856
-4.708165 4.380474 6.584811
-4.836628 4.402816 6.574473
-5.007204 4.429665 6.572078
-5.170739 4.601240 6.599365
-5.348294 4.666365 6.611034
-5.456016 4.588926 6.562559
-5.508667 4.366376 6.460333
-5.558188 4.267075 6.420103
-5.677245 4.238451 6.391386
-5.517377 4.277237 6.431080
-5.373267 4.284250 6.473616
-5.290050 4.291855 6.474604
-5.167095 4.283183 6.487065
-5.071560 4.247460 6.503069
-4.928881 4.240681 6.513906
-4.772405 4.253781 6.559087
-4.563162 4.244894 6.553382
-4.431308 4.212155 6.600603
-4.208098 4.210031 6.612382
-3.970927 4.202328 6.660511
-3.796219 4.220177 6.696513
-3.625383 4.208802 6.718142
-3.415046 4.197884 6.751334
-3.231333 4.225887 6.779489
-2.990444 4.223779 6.807030
-2.766196 4.216842 6.852468
-2.662444 4.370661 6.946041
-2.641239 4.414344 6.955790
-2.520028 4.432919 6.999227
-2.476146 4.217574 6.911194
-2.470664 4.119813 6.885007
-2.513153 4.138335 6.879326
-2.601408 4.170556 6.885614
-2.684628 4.178128 6.884057
-2.815589 4.215646 6.858580
-3.006649 4.229513 6.921902
-3.221105 4.255778 7.025528
-3.430228 4.256423 6.817727
-3.747211 4.266259 6.685132
-4.018347 4.274070 6.632715
-4.318286 4.287889 6.622589
-4.650014 4.487881 6.655176
-4.908067 4.522124 6.628054
-5.182530 4.468181 6.552199
-5.376971 4.289750 6.483520
-5.534231 4.138363 6.361790
-5.653846 4.124154 6.354471
-5.778449 4.152334 6.341547
-5.862590 4.190338 6.348411
-5.948865 4.204033 6.315967
-5.999193 4.214882 6.334394
-6.040361 4.214367 6.312256
-6.089383 4.213199 6.300313
-6.106013 4.249931 6.313641
-6.101824 4.226914 6.313672
-6.007472 4.227401 6.327660
-5.749244 4.208771 6.361182
-5.441745 4.197935 6.380670
-5.204893 4.214581 6.438294
-4.857867 4.197626 6.484188
-4.566050 4.179151 6.570816
-4.204966 4.176448 6.629070
-3.902896 4.139196 6.844920
-3.548212 4.150882 6.802439
-3.222386 4.130608 6.754529
-2.941748 4.154100 6.800905
-2.805737 4.138269 6.825875
-2.597853 4.150180 6.830176
-2.322504 4.138423 6.894137
-2.136165 4.153368 6.935621
-2.074129 4.156053 6.956607
-2.006531 4.177298 6.968922
-2.005598 4.172375 6.963681
-2.048873 4.184346 6.990538
-2.191791 4.184885 6.959031
-2.375843 4.188170 6.940382
-2.590007 4.189616 6.923400
-2.912066 4.184277 6.861589
-3.157930 4.200386 6.818266
-3.439505 4.200016 6.785331
-3.868554 4.194971 6.695501
-4.258525 4.204549 6.674970
-4.618585 4.211110 6.617578
-4.933744 4.208036 6.544031
-5.208338 4.209160 6.500208
-5.375680 4.173029 6.446525
-5.594258 4.176559 6.415573
-5.739713 4.145863 6.382958
-5.848213 4.158847 6.405967
-5.969864 4.141701 6.468864
-6.000306 4.139739 6.316586
-6.023633 4.126217 6.255370
-6.089714 4.112984 6.249235
-6.141023 4.094276 6.239857
-6.186442 4.092886 6.222265
-6.190725 4.084859 6.247055
-6.093404 4.096081 6.256427
-5.733086 4.097214 6.330021
-5.340400 4.077207 6.417748
-4.827536 4.093226 6.535142
-4.232387 4.100484 6.645637
-3.831919 4.070458 6.652912
-3.483186 4.094577 6.684808
-3.061568 4.293764 6.850990
-2.644191 4.131165 6.888334
-2.244815 4.039053 6.886123
-2.188071 4.054803 6.908977
-2.122004 4.091135 6.927312
-2.086175 4.075990 6.925491
-1.979659 4.111989 6.954105
-2.061874 4.117632 6.979177
-2.396241 4.120838 6.914674
-2.576498 4.138562 6.878098
-2.860922 4.151735 6.843192
-3.486843 4.149466 6.773943
-3.983375 4.163804 6.664490
-4.522709 4.150454 6.550882
-4.935791 4.166466 6.505977
-5.241688 4.144917 6.453802
-5.510112 4.152544 6.389131
-5.707318 4.126641 6.384616
-5.868543 4.112563 6.305498
-5.964441 4.110657 6.300760
-6.051545 4.094573 6.260339
-6.078289 4.070930 6.256327
-5.963627 4.060459 6.283267
-5.684053 4.068133 6.365437
-5.484923 4.067302 6.449549
-5.010196 4.061982 6.514672
-4.588513 4.052111 6.513520
-4.326875 4.046018 6.550975
-3.925720 4.055407 6.650737
-3.572901 4.060840 6.734849
-3.263131 4.058932 6.748788
-3.029006 4.055315 6.807981
-2.827455 4.049580 6.823746
-2.766338 4.133359 6.846647
-2.597269 4.043233 6.860678
-2.507848 4.055276 6.911429
-2.547616 4.083708 6.919281
-2.766267 4.092594 6.861135
-2.994069 4.106931 6.818853
-3.002829 4.101388 6.811291
-3.211087 4.110230 6.778838
-3.732403 4.091269 6.676525
-4.087069 4.096382 6.616112
-4.386463 4.104008 6.585978
-4.646903 4.100746 6.537960
-4.982574 4.117732 6.470078
-5.213531 4.101475 6.427397
-5.388216 4.087328 6.392817
-5.567647 4.095356 6.363029
-5.620845 4.069938 6.365520
-5.671810 4.069744 6.301650
-5.624158 4.038694 6.309966
-5.496969 4.039852 6.346588
-5.280307 4.038432 6.390334
-4.973173 4.024326 6.487682
-4.741107 4.041872 6.517691
-4.508459 4.022971 6.529531
-4.434570 4.026400 6.513834
-3.978334 4.021861 6.594719
-3.737493 4.045682 6.673544
-3.687376 4.028441 6.677684
-3.418606 4.019599 6.713708
-3.249833 4.032756 6.739765
-3.188072 4.039114 6.749473
-3.228871 4.039870 6.755495
-3.209916 4.064840 6.773020
-3.282960 4.075645 6.774690
-3.426102 4.062654 6.748852
-3.556781 4.085862 6.737981
-3.776623 4.214223 6.746999
-3.965182 4.304105 6.738151
-4.212889 4.029957 6.622665
-4.456548 3.960589 6.531816
-4.828901 4.000733 6.481169
-5.062158 4.022740 6.430704
-5.354897 4.035938 6.376511
-5.432296 4.031924 6.366057
-5.448242 4.043626 6.357978
-5.320467 4.033668 6.359679
-5.220475 4.036005 6.375960
-5.176582 4.062758 6.391030
-4.846956 4.111787 6.465772
-4.754036 4.044143 6.443484
-4.548494 3.956319 6.465941
-4.408743 3.965301 6.479818
-4.166258 3.974625 6.523178
-3.891056 4.001331 6.583774
-3.586872 4.006982 6.654656
-3.513819 4.006429 6.673666
-3.208395 4.011537 6.737219
-2.896915 4.015816 6.783971
-2.786455 4.011231 6.795893
-2.770931 4.022914 6.800082
-2.607189 4.030867 6.812285
-2.597244 4.032168 6.813720
-2.611075 4.015959 6.815615
-2.587355 4.058060 6.870021
-2.692186 4.061995 6.860839
-2.787450 4.070565 6.896041
-2.851087 4.087166 6.860420
-3.034222 4.066632 6.830919
-3.532955 4.081760 6.737786
-3.720385 4.203486 6.773842
-3.959142 4.296511 6.769993
-4.315482 4.262659 6.736097
-4.369465 4.254814 6.735767
-4.471194 4.139924 6.657533
-4.851522 3.980041 6.456163
-5.498350 4.003922 6.384173
-5.690073 4.019157 6.360061
-5.849458 4.009323 6.325760
-5.921292 4.046997 6.337246
-6.010709 4.027229 6.300896
-6.006302 4.047763 6.287895
-5.903407 4.020114 6.315704
-5.784901 3.987156 6.488505
-5.450549 3.967644 6.519618
-5.093930 3.978316 6.525379
-4.743188 3.967776 6.546403
-4.337417 3.972691 6.561852
-3.958044 3.985620 6.618786
-3.627009 3.992890 6.672372
-3.192944 4.004875 6.741606
-2.725383 3.980440 6.816283
-2.220572 4.001781 6.886665
-1.869367 4.024667 6.822884
-1.590530 4.048742 6.791264
-1.598822 4.039368 6.846124
-1.778636 4.046592 6.863632
-2.054783 4.238791 6.938825
-2.379261 4.299910 6.935930
-2.802313 4.193822 6.886611
-3.411489 4.163265 6.790240
-3.982747 4.138220 6.696718
-4.515227 4.135509 6.632618
-4.928515 3.930664 6.459636
-5.240677 3.868392 6.392725
-5.510164 3.907209 6.381721
-5.650468 3.940552 6.376372
-5.806606 3.950906 6.352382
-5.894059 3.953465 6.331903
-5.972250 3.978424 6.310379
-6.032939 3.964651 6.282793
-6.078132 3.968456 6.284251
-6.130624 3.967913 6.269531
-6.131143 3.953239 6.244339
-6.051879 3.952705 6.256269
-5.867621 3.940206 6.271539
-5.609145 3.917662 6.302169
-5.456025 3.932075 6.340261
-5.456025 3.932075 6.340261
-5.456025 3.932075 6.340261
-3.698530 3.927857 6.751473
-3.254485 3.945932 6.984631
-3.120215 3.932722 6.986404
-2.637506 3.951214 6.798461
-2.289136 3.969903 6.788531
-2.223464 3.966992 6.785769
-1.775142 3.974033 6.870169
-1.748717 3.986175 6.904240
-1.735325 3.983068 6.910263
-1.811829 4.002860 6.955154
-1.879110 4.007955 6.939898
-1.933460 3.983477 6.929208
-2.043038 4.008360 6.931691
-2.093006 3.994362 6.910258
-2.353657 4.005599 6.912311
-2.938857 4.012543 6.804239
-3.455754 3.998135 6.765171
-3.664044 3.995055 6.745411
-4.016543 3.991794 6.661758
-4.665644 4.006708 6.601853
-4.803876 4.007327 6.584838
-4.896375 4.013038 6.547764
-5.216147 3.996052 6.473795
-5.479944 3.998806 6.454468
-5.657720 3.983855 6.387082
-5.680132 3.973992 6.346353
-5.726125 3.984915 6.370138
-5.746341 3.980089 6.377072
-5.931248 3.939447 6.306795
-5.991171 3.932216 6.307753
-6.022393 3.925077 6.289103
-6.031107 3.948631 6.285161
-6.071414 3.931355 6.260371
-6.114715 3.916214 6.260131
-6.114715 3.916214 6.260131
-6.111153 3.923577 6.252350
-6.145208 3.908897 6.375290
-6.281501 3.914548 6.246704
-6.200503 3.914578 6.157316
-6.144333 3.921544 6.183568
-6.128515 3.905859 6.152059
-6.042848 3.915720 6.220521
-5.896732 3.906047 6.321630
-5.521858 3.900179 6.406770
-5.262856 3.901127 6.421911
-4.955233 3.886534 6.500412
-4.415170 3.874474 6.556872
-3.721351 3.878690 6.660208
-3.248075 3.915889 6.703056
-2.877118 3.929408 6.767572
-2.412757 3.911218 6.819506
-2.219363 3.902091 6.866786
-2.020696 3.901896 6.879855
-2.007420 3.906669 6.913458
-2.135579 3.942674 6.916302
-2.348615 3.946349 6.906852
-2.808675 3.946210 6.846073
-3.425343 3.959472 6.764017
-4.086891 3.958388 6.661126
-4.502010 3.967896 6.639153
-5.042381 3.946396 6.493877
-5.308059 3.966851 6.486782
-5.580222 3.961117 6.402543
-5.747814 3.946240 6.354360
-5.903252 3.931322 6.463197
-5.960419 3.921985 6.292955
-5.982975 3.941813 6.231987
-6.021145 3.895152 6.211017
-6.060404 3.917205 6.231606
-6.095219 3.898503 6.206252
-6.159997 3.906205 6.211024
-6.181054 3.887050 6.151278
-6.042781 3.897562 6.199712
-5.742520 3.904494 6.342901
-5.489070 3.893170 6.335229
-5.070078 3.894748 6.370112
-4.532466 3.906893 6.437145
-4.158101 3.896318 6.437748
-3.986744 3.887088 6.447653
-3.298464 3.891822 6.529263
-2.789498 3.890264 6.601560
-2.425566 3.879974 6.660509
-2.200468 3.889317 6.723715
-1.939836 3.877033 6.741736
-1.698087 3.891726 6.730722
-1.567309 3.893448 6.731418
-1.480718 3.912083 6.719355
-1.412556 3.927383 6.767417
-1.370485 3.930164 6.748864
-1.407787 3.971413 6.806633
-1.489924 3.997581 6.791743
-1.787684 3.970049 6.777936
-2.045964 3.953227 6.749737
-2.442179 3.954339 6.678807
-2.845768 3.937716 6.635814
-2.950161 3.949441 6.596532
-3.514373 3.928113 6.581453
-4.054327 3.904415 6.531210
-4.489956 3.900254 6.530347
-4.711714 3.968508 6.473460
-4.739599 3.955545 6.458107
-4.882838 3.917771 5.018893
-4.249193 4.025626 3.679771
-3.666722 4.093306 2.814162
-2.976948 4.167989 2.068247
-2.226979 4.225732 1.577903
-1.428834 4.312335 0.770838
-1.118229 4.367745 0.403435
-0.458493 4.435630 -0.141543
0.431133 4.454753 -0.378245
0.837395 4.469577 -0.510935
1.452556 4.399113 -0.588820
1.527808 4.396491 -0.576007
2.460688 3.814649 -0.918947
2.877819 3.117671 -1.375216
3.223892 2.273982 -1.879841
3.552674 1.339189 -2.447546
3.901666 0.283712 -2.992086
4.243212 -1.061396 -3.699951
4.427785 -1.831516 -4.149920
4.596105 -2.592835 -4.549651
4.538148 -2.987074 -4.834775
4.293444 -3.401767 -5.141401
4.237450 -3.509652 -5.205824
3.371915 -3.970449 -5.661293
2.540572 -4.082217 -5.845848
1.732496 -3.910343 -5.888013
1.460105 -3.810394 -5.895074
-0.240370 -3.109897 -5.868059
-1.214478 -2.532258 -5.693337
-2.022687 -1.700860 -5.390633
-2.804632 -0.681537 -4.955242
-3.378342 0.284850 -4.533300
-3.791738 1.233511 -4.059883
-3.890805 1.522188 -3.941814
-4.365899 2.653323 -3.399911
-4.497830 3.085925 -3.168859
-4.651285 3.480485 -2.934421
-4.760446 3.738144 -2.792702
-4.712281 4.023186 -2.637912
-4.699520 4.033123 -2.598373
-4.665485 4.031340 -2.606795
-4.202679 4.101002 -2.446682
-3.509136 4.171292 -2.298286
-2.896226 4.239735 -2.276961
-2.203919 4.280549 -2.109538
-1.564824 4.197274 -2.048045
-1.023968 4.000753 -2.048385
-0.281296 3.626652 -2.153323
0.391807 3.204626 -2.324300
1.106950 2.556626 -2.652894
1.656656 1.960163 -2.897758
2.155429 1.343247 -3.164901
2.565110 0.725669 -3.442316
2.565110 0.725669 -3.442316
2.885946 0.146019 -3.729767
3.148933 -0.350155 -3.981451
3.289788 -0.814009 -4.264526
3.326244 -1.239064 -4.450445
3.212195 -1.833416 -4.786394
3.040019 -2.303235 -5.083213
2.818945 -2.748051 -5.382166
2.557021 -3.124167 -5.658528
2.557021 -3.124167 -5.658528
1.030008 -4.187446 -6.513741
-0.107933 -4.516374 -6.841671
-1.122594 -4.666597 -7.048924
-1.945156 -4.669455 -7.167970
-2.577026 -4.488450 -7.177136
-2.972850 -4.217535 -7.147640
-3.572667 -3.543737 -6.777645
-3.678901 -3.356969 -6.703057
-4.084772 -2.540975 -6.276501
-4.246470 -2.021998 -6.040488
-4.355692 -1.686872 -5.901358
-4.497441 -0.902499 -5.517836
-4.612296 -0.487089 -5.289421
-4.706547 0.113995 -5.007022
-4.741174 0.284180 -4.896530
-4.690693 0.902949 -4.408379
-4.582575 0.967279 -4.389413
-4.481169 1.008498 -4.349472
-3.888630 1.102172 -4.224431
-2.905925 1.183250 -4.060577
-1.968539 1.137512 -3.925285
-1.152659 1.014981 -3.875998
-0.258674 0.833133 -3.866698
0.529509 0.630831 -3.875978
1.263462 0.378444 -3.943151
1.881720 0.070383 -4.003226
2.569631 -0.334861 -4.130538
3.054328 -0.721975 -4.334174
3.495872 -1.166478 -4.502520
3.918647 -1.597500 -4.701777
4.122134 -1.927112 -4.853681
4.460232 -2.416843 -5.060272
4.708158 -2.783937 -5.244545
4.863673 -3.145139 -5.426696
4.934263 -3.492229 -5.677891
4.916784 -3.806434 -5.854860
4.527559 -4.378661 -6.284051
3.553734 -4.830820 -6.709951
2.619356 -5.059502 -7.047072
1.345343 -5.264192 -7.337299
-0.056114 -5.464455 -7.642145
-1.108756 -5.600040 -7.904258
-1.942272 -5.725433 -8.084782
-2.609610 -5.833659 -8.206121
-3.049708 -5.944092 -8.330463
-3.327515 -6.003230 -8.439890
-3.567638 -6.064674 -8.479766
-3.738848 -6.184289 -8.614485
-3.804368 -6.187242 -8.678979
-3.827807 -6.026894 -8.551234
-3.845297 -6.005737 -8.514148
-3.891059 -5.702478 -8.325926
-3.853922 -5.473480 -8.205324
-3.789498 -5.341244 -8.154801
-3.481086 -4.981086 -7.846662
-3.088956 -4.684132 -7.560379
-2.599147 -4.473206 -7.368924
-1.491903 -4.137896 -7.077464
-0.742778 -4.049805 -6.922711
-0.556552 -4.038103 -6.922891
0.062540 -4.057719 -6.864472
0.738357 -4.140433 -6.827346
1.494376 -4.251313 -6.818557
2.869104 -4.603846 -6.868537
3.220419 -4.680013 -6.861037
3.716714 -4.798040 -6.874609
4.199334 -4.932323 -6.991230
4.593430 -5.039394 -7.038727
4.940082 -5.074601 -7.060461
5.221056 -5.151955 -7.073812
5.343592 -5.217251 -7.105502
5.182779 -5.362000 -7.222429
5.145269 -5.381281 -7.245567
4.967698 -5.460561 -7.327907
4.611159 -5.536796 -7.363803
3.801762 -5.704337 -7.556774
3.181000 -5.798764 -7.690192
3.081508 -5.832033 -7.716985
2.398793 -5.887136 -7.861351
1.627204 -6.024406 -7.995217
0.941333 -6.094762 -8.124593
0.204579 -6.156710 -8.299953
-0.640200 -6.272019 -8.390552
-1.256857 -6.367554 -8.469264
-1.709848 -6.409554 -8.544749
-2.132086 -6.491796 -8.690206
-2.453967 -6.566367 -8.786574
-2.943643 -6.659504 -8.859877
-3.118028 -6.671512 -8.927169
-3.315123 -6.520174 -8.936014
-3.343445 -6.478506 -8.933732
-3.519974 -6.354691 -8.846749
-3.534358 -6.327654 -8.850804
-3.545617 -6.275424 -8.834387
-3.665685 -6.125357 -8.793509
-3.668582 -6.144276 -8.788247
-3.670296 -6.151173 -8.773528
-3.661952 -6.163140 -8.760062
-3.805101 -6.257718 -8.747205
-3.837931 -6.299059 -8.814001
-3.833398 -6.334344 -8.813993
-3.828673 -6.328299 -8.748202
-3.828673 -6.328299 -8.748202
-3.657289 -6.329573 -8.764969
-3.143895 -6.397238 -8.757219
-2.688020 -6.343638 -8.645945
-2.089954 -6.345144 -8.639188
-1.183908 -6.364265 -8.541848
-0.359604 -6.343431 -8.475267
1.656477 -6.202732 -8.221732
2.433227 -6.188275 -8.140908
2.433227 -6.188275 -8.140908
3.660000 -5.991550 -7.974579
3.835397 -5.957761 -7.925875
4.666113 -5.863733 -7.757893
4.985839 -5.819885 -7.688223
5.282457 -5.787055 -7.642428
5.670390 -5.763901 -7.547198
5.725536 -5.787871 -7.557912
6.061163 -5.659574 -7.388351
6.147023 -5.638653 -7.367986
6.237230 -5.583417 -7.354985
6.297635 -5.593243 -7.358294
6.392361 -5.568413 -7.338588
6.443888 -5.551218 -7.268630
6.345112 -5.566801 -7.306111
6.246264 -5.610815 -7.353872
6.078374 -5.695565 -7.416226
5.966349 -5.693670 -7.455344
4.985152 -5.689091 -7.526853
4.532273 -5.759599 -7.634193
3.797655 -5.853930 -7.757174
3.656438 -5.866995 -7.772376
3.449949 -5.858345 -7.820543
1.916956 -6.077083 -8.098496
1.724466 -6.102388 -8.117430
1.505998 -6.121835 -8.145848
0.953960 -6.184525 -8.231852
-0.161587 -6.344802 -8.397333
-0.495041 -6.413995 -8.482906
-1.201445 -6.503870 -8.628795
-1.693471 -6.696886 -8.865617
-1.804010 -6.554841 -8.711926
-1.767973 -6.220826 -8.482839
-1.604554 -5.762961 -8.177529
-1.225234 -5.225153 -7.806303
-0.884999 -4.845748 -7.519910
-0.408080 -4.599976 -7.334227
0.328656 -4.457187 -7.200485
1.078727 -4.511876 -7.093665
1.313120 -4.613930 -7.129411
2.233418 -5.012676 -6.974065
2.455075 -5.060074 -6.853478
3.191463 -5.246459 -6.451859
3.792399 -5.262515 -5.688285
4.542234 -5.239363 -4.122711
4.581780 -5.267303 -3.917399
4.816973 -5.226552 -2.828168
5.112990 -5.161073 -1.645662
5.234272 -5.134373 -1.266637
5.386449 -5.120681 -1.055203
5.426074 -5.132956 -0.380515
5.350840 -5.263554 0.674315
5.354459 -5.213996 0.835039
5.311503 -5.165128 0.965638
5.077166 -5.257311 0.791410
4.923564 -5.278381 0.636614
4.875107 -5.270436 0.616217
4.603543 -5.362490 0.271646
3.963346 -5.449316 -0.745478
3.110280 -5.419934 -1.732612
2.528196 -5.166624 -2.207114
1.924186 -4.854680 -2.497595
1.206766 -4.439700 -2.641716
0.406606 -3.950396 -2.566986
-0.430612 -3.241170 -2.355887
-1.052944 -2.660852 -2.322772
-1.643988 -2.188847 -2.734985
-2.360332 -1.543200 -3.308764
-2.566351 -1.370665 -3.391608
-3.459753 -0.677623 -3.624670
-3.702416 -0.417624 -3.749740
-3.879187 -0.283248 -3.905211
-3.926860 -0.244209 -3.943891
-3.932800 -0.234910 -3.988306
-4.045178 -0.173699 -4.159635
-3.998701 -0.191573 -4.305696
-3.824402 -0.236497 -4.401350
-3.098882 -0.461852 -4.720283
-2.261680 -0.650243 -4.940860
-1.726314 -0.817842 -5.081735
-0.888594 -1.165895 -5.298056
-0.108026 -1.499269 -5.526960
-0.020650 -1.531763 -5.502872
0.102676 -1.565171 -5.527726
1.903194 -2.492264 -5.166970
1.984244 -2.552355 -5.121164
2.153386 -2.669396 -4.984616
2.799404 -3.147017 -4.382156
3.454123 -3.494448 -3.797179
3.454123 -3.494448 -3.797179
3.758825 -3.820544 -3.323024
4.099115 -4.119544 -2.588361
4.631660 -4.750747 -1.414837
4.651632 -4.850055 -1.433865
4.426900 -4.994582 -1.047119
4.016835 -5.184262 -0.213882
3.926851 -5.211352 -0.045647
3.732912 -5.307480 0.210681
2.923085 -5.506062 0.245690
2.556037 -5.557888 0.113267
2.385363 -5.598312 -0.004221
0.940485 -5.393335 -0.957366
0.218904 -4.944472 -1.290449
-0.961615 -4.214154 -1.796444
-1.617170 -3.643641 -1.973817
-2.493938 -2.726197 -1.959831
-3.686866 -1.204141 -1.273140
-4.416192 -0.224390 -0.762436
-4.868613 0.846227 -1.289539
-5.032489 1.199987 -1.469439
-5.313792 1.743186 -1.634434
-5.355642 2.202679 -1.930498
-5.306168 2.225797 -1.994624
-5.268299 2.220718 -2.046642
-5.001864 2.202207 -2.209360
-4.003752 1.734011 -2.855795
-3.202911 1.342216 -3.279021
-2.949071 1.175398 -3.430758
-1.617265 0.609994 -3.951986
-0.682427 0.204783 -4.124602
0.011813 -0.132844 -4.191689
0.268137 -0.223445 -4.158150
0.512304 -0.316101 -4.137544
1.932921 -0.960779 -3.650723
2.808606 -1.438406 -3.117793
3.731330 -2.387400 -2.180580
4.140809 -3.078030 -1.350314
4.419919 -3.539350 -0.799708
4.614252 -3.889325 -0.726298
4.727907 -4.074377 -0.697416
4.776638 -4.294463 -0.143783
4.617620 -4.491157 0.432964
4.283751 -4.724198 1.160420
3.988157 -4.931784 1.499046
3.567702 -5.151647 1.570937
3.222336 -5.249960 1.678235
2.659133 -5.352855 1.831918
2.120925 -5.451161 1.726503
1.538959 -5.596650 1.606744
1.421082 -5.613912 1.600332
0.193421 -5.844817 1.536092
-0.411289 -5.947527 1.376221
-0.569259 -5.955461 1.306152
-1.294668 -6.035544 0.939986
-2.132865 -5.942460 0.433669
-3.190518 -5.598853 -0.154879
-3.497614 -5.285226 -0.462400
-3.783655 -4.900893 -0.669504
-4.120486 -4.355967 -0.876157
-4.228789 -4.160326 -0.960317
-4.555298 -3.278298 -1.198184
-4.877383 -2.352205 -1.188206
-5.153721 -1.544389 -1.023255
-5.544243 -0.644308 -0.663089
-5.748199 -0.038465 -0.320105
-5.777224 0.023390 -0.279716
-5.965853 0.585906 -0.109185
-6.010206 0.764981 -0.223961
-6.024045 0.854347 -0.333059
-6.012740 1.190068 -0.975717
-6.043118 1.369862 -1.464089
-6.154642 1.443969 -1.781841
-6.154642 1.443969 -1.781841
-5.808894 1.437668 -2.088956
-4.444815 1.150251 -2.948575
-3.678092 0.952708 -3.225711
-2.454778 0.536431 -3.652165
-1.604514 0.206234 -3.836188
-0.498268 -0.374017 -3.922597
-0.387338 -0.443838 -3.930597
-0.210303 -0.500564 -3.901753
1.642805 -1.476943 -3.490616
1.871021 -1.590306 -3.423894
1.979560 -1.665363 -3.365045
2.599020 -2.154667 -3.041163
3.006845 -2.546461 -2.612596
3.311733 -2.895078 -2.101555
3.485092 -3.328083 -1.445509
3.490722 -3.451800 -1.169646
3.402168 -3.671846 -0.831713
3.178906 -4.048673 -0.761252
2.883073 -4.338201 -0.753113
2.360877 -4.653862 -0.170639
1.798811 -4.924008 0.440523
1.122755 -5.221267 0.807252
0.432671 -5.520786 0.887241
-0.156521 -5.656592 0.976539
-0.906919 -5.808864 1.060262
-1.638330 -5.985524 1.042662
-2.324756 -6.183968 0.998559
-2.953831 -6.297405 0.974902
-3.404986 -6.418149 0.975109
-3.787459 -6.530840 0.870795
-4.140643 -6.457084 0.833050
-4.402069 -6.299446 0.736364
-4.647182 -6.009644 0.579301
-4.837823 -5.746629 0.423884
-4.879668 -5.452000 0.272018
-5.018071 -5.098834 0.084456
-5.116761 -4.681808 -0.104694
-5.313203 -3.897237 -0.361796
-5.400092 -3.234693 -0.563776
-4.884393 -2.446388 -0.644210
-4.711821 -2.130682 -0.637760
-4.291018 -1.618831 -0.600740
-4.180264 -1.553857 -0.589374
-3.452371 -1.057031 -0.460447
-2.754852 -0.761188 -0.285267
-1.941029 -0.542387 -0.167586
-1.059143 -0.349406 -0.343999
-0.234872 -0.151602 -0.997661
-0.234872 -0.151602 -0.997661
0.387100 -0.041902 -1.507848
1.518404 0.117959 -1.937354
2.131711 0.118195 -2.068592
2.619156 0.035520 -2.177938
2.792570 -0.007560 -2.221801
3.335915 -0.107262 -2.237519
3.791568 -0.260638 -2.210408
3.791568 -0.260638 -2.210408
4.029455 -0.329960 -2.133452
4.169921 -0.358178 -1.875349
4.148474 -0.454318 -1.636395
4.148474 -0.454318 -1.636395
3.973423 -0.715431 -1.292897
3.761849 -0.942060 -0.941848
3.337808 -1.179223 -0.589678
2.703492 -1.546945 -0.327093
2.703492 -1.546945 -0.327093
2.098672 -1.800508 -0.071087
1.497060 -1.984513 0.065948
0.793493 -2.181069 0.015115
0.070964 -2.271685 0.097923
0.070964 -2.271685 0.097923
-0.653831 -2.423646 0.539045
-1.615961 -2.559071 1.183797
-2.522448 -2.671787 1.741232
-3.151030 -2.725459 1.971337
-3.151030 -2.725459 1.971337
-3.758405 -2.747974 2.115377
-4.225759 -2.728768 2.195703
-4.585207 -2.712008 2.191286
-4.585207 -2.712008 2.191286
-4.924757 -2.719007 2.023119
-5.121051 -2.665870 1.678840
-5.243076 -2.595614 1.222508
-5.355908 -2.470509 0.772566
-5.355908 -2.470509 0.772566
-5.386721 -2.287864 0.282056
-5.379148 -2.122896 -0.216878
-5.413139 -1.942015 -0.595519
-5.288550 -1.734380 -0.848588
-5.288550 -1.734380 -0.848588
-4.971756 -1.382623 -0.893812
-4.687102 -1.211664 -0.804740
-4.204117 -1.033864 -0.816027
-4.204117 -1.033864 -0.816027
-3.472359 -0.753788 -1.432385
-2.657699 -0.464460 -2.018202
-2.657699 -0.464460 -2.018202
-2.054945 -0.327130 -2.386567
-1.317290 -0.250312 -2.750729
-0.312564 -0.215085 -3.131041
0.573061 -0.252376 -3.397132
1.105799 -0.291579 -3.587689
1.963866 -0.414094 -3.903599
1.963866 -0.414094 -3.903599
2.568845 -0.514360 -4.112177
3.382535 -0.742388 -4.463564
3.889367 -0.989891 -4.658798
4.122105 -1.250250 -4.792248
4.328084 -1.576072 -4.812520
4.328084 -1.576072 -4.812520
4.488253 -1.985823 -4.732812
4.521462 -2.402726 -4.420644
4.382748 -2.829863 -4.003866
4.113542 -3.193550 -3.609478
3.657858 -3.565106 -3.031916
2.017041 -4.265057 -1.815678
0.779566 -4.307949 -1.730792
-0.639455 -4.250708 -0.971550
-1.928801 -4.133998 0.292340
-2.239287 -4.091410 0.576876
-2.343431 -4.054615 0.673823
-3.197941 -3.797800 1.368711
-4.019552 -3.433580 1.892407
-4.485523 -3.066091 2.342170
-5.012855 -2.563747 2.594908
-5.425616 -2.098866 2.800538
-5.674691 -1.722465 2.849476
-6.378715 -0.033447 2.257284
-6.498325 0.437759 1.798691
-6.563993 0.829697 1.342150
-6.610876 0.936710 0.900944
-6.556016 0.939964 0.834921
-6.538856 0.951726 0.830530
-6.331813 0.911726 0.606605
-5.879830 0.892732 0.000262
-5.678017 0.883802 -0.282926
-4.790381 0.889933 -1.273255
-4.537841 0.849660 -1.376852
-3.104693 0.700466 -1.961457
-2.017771 0.496585 -2.263422
-1.654686 0.408103 -2.337001
-0.369973 0.076231 -2.607337
0.014322 -0.053601 -2.626888
1.111633 -0.439934 -2.529923
1.447127 -0.555112 -2.503017
2.437275 -1.173988 -2.352485
2.663068 -1.335535 -2.323338
3.050868 -1.670863 -2.212521
3.738218 -2.252113 -1.732987
3.876710 -2.393781 -1.579270
4.126174 -2.638502 -1.241482
4.513318 -3.071854 -0.580210
4.828123 -3.258851 -0.372364
5.154243 -3.458508 -0.195565
5.162353 -3.661898 0.659273
4.993055 -3.956866 1.535729
4.580712 -3.991680 1.965574
3.879966 -3.849010 2.356274
2.888094 -3.559661 2.784930
2.219174 -3.309639 3.030213
2.103412 -3.286042 3.053686
1.584460 -3.029648 3.240869
0.152002 -2.293547 3.502375
-0.616167 -2.002418 3.414790
-1.797072 -1.506094 3.097054
-2.717710 -1.058310 2.804017
-4.333224 -0.179258 2.200046
-4.970610 0.426342 1.877229
-5.526035 1.044770 1.813604
-5.853586 1.304785 1.789280
-6.226122 1.537878 1.765421
-6.363156 1.751376 1.432935
-6.319717 2.235233 0.361820
-6.357399 2.411846 -0.150035
-6.017631 2.437910 -0.621094
-5.370891 2.362966 -1.068978
-4.586072 2.173453 -1.512724
-3.273850 1.914890 -2.057924
-2.382646 1.593909 -2.524856
-1.638592 1.194501 -2.722519
-0.669417 0.588192 -2.887889
0.727563 -0.387999 -2.819781
1.774448 -1.290372 -2.566920
2.394058 -1.780345 -2.240248
2.994016 -2.347867 -1.779232
3.471725 -2.761424 -1.279902
3.871228 -3.043419 -0.839642
4.273018 -3.273303 -0.661613
4.336548 -3.293505 -0.628777
4.486777 -3.866065 0.641993
4.383679 -4.210964 1.189509
4.327202 -4.330326 1.240564
4.156932 -4.390700 1.272394
3.862304 -4.387970 1.351216
3.728664 -4.351317 1.414321
3.046412 -3.993884 1.958891
2.873775 -3.884470 2.109048
2.480719 -3.639718 2.449779
1.875320 -3.342333 2.949231
1.047236 -2.701343 3.656899
0.377769 -2.233481 4.076984
-0.154796 -1.920582 4.199865
-1.184684 -1.238736 4.373079
-1.749749 -0.783076 4.414995
-2.401758 -0.296657 4.452760
-3.092227 0.131388 4.322895
-3.689206 0.512098 4.090914
-4.182768 0.881953 3.730691
-4.745190 1.206508 3.332018
-5.047851 1.418033 3.096405
-5.371012 1.650181 2.837099
-5.613047 1.791434 2.640283
-5.918213 1.907920 2.578019
-6.057753 1.895017 2.516436
-6.148129 1.849852 2.403714
-6.133259 1.849837 2.011617
-6.136570 1.916005 1.117864
-5.879495 1.988567 0.574451
-5.442777 1.997789 -0.006425
-4.980265 1.846609 -0.656839
-4.510045 1.735190 -1.130139
-4.036767 1.613723 -1.513080
-3.422952 1.446992 -1.987374
-2.883938 1.172777 -2.318671
-2.278760 0.965192 -2.519743
-1.546033 0.638621 -2.660150
-0.776450 0.167235 -2.754886
0.060440 -0.284347 -2.783493
0.690002 -0.667249 -2.725415
1.372536 -1.107841 -2.622027
1.961398 -1.529388 -2.457088
2.537972 -1.891564 -2.188628
2.638643 -1.931941 -2.154455
3.234066 -2.221942 -1.996957
3.758317 -2.377211 -1.887034
4.054886 -2.683363 -1.345474
4.191252 -3.059976 -0.663333
4.333105 -3.382728 -0.083694
4.459183 -3.567031 0.324469
4.553461 -3.683755 0.473962
4.368342 -3.910365 0.619759
4.224010 -3.997367 0.656353
4.040700 -3.996211 0.831432
3.717270 -3.950885 1.113706
3.385299 -3.735451 1.482271
2.689069 -3.281780 2.146556
1.736506 -2.744074 2.839741
0.533508 -2.025663 3.462328
-0.598537 -1.278115 3.888961
-1.605524 -0.577066 4.016367
-2.823093 0.219055 3.968632
-3.688660 0.785066 3.914474
-4.421861 1.206921 3.646688
-4.924046 1.546554 3.362813
-5.271461 1.834353 3.089551
-5.419152 2.066632 2.932426
-5.332938 2.164104 3.027693
-5.215802 2.371760 2.850693
-4.683597 2.928296 2.140593
-4.183739 3.270067 1.545885
-3.470039 3.291749 0.913823
-2.827423 3.101798 0.395570
-1.785265 2.692002 -0.310092
-1.277113 2.414129 -0.541819
0.098750 1.383556 -1.060733
1.089705 0.559444 -1.251317
2.069547 -0.338340 -1.287604
2.695139 -0.976355 -1.319565
3.405355 -1.548792 -1.337670
4.074927 -1.868929 -1.383251
4.387771 -2.111978 -0.978158
4.538979 -2.542346 -0.297618
4.607408 -2.876696 0.176237
4.574003 -3.198626 0.545527
4.329939 -3.460384 0.681285
3.931210 -3.602802 0.721888
3.575091 -3.730318 0.796737
3.136783 -3.692022 1.114663
2.675362 -3.505540 1.555793
2.213042 -3.256265 2.099915
1.505841 -2.743933 2.763229
0.976970 -2.372650 3.082798
0.450827 -1.926388 3.398490
-0.178742 -1.370134 3.677721
-0.370351 -1.160673 3.775470
-1.188694 -0.382569 4.016676
-1.907791 0.260612 4.161441
-2.394005 0.656347 4.159333
-2.920221 1.076681 4.042682
-3.389955 1.417444 3.817691
-3.831465 1.686843 3.523284
-4.295950 1.915235 3.251164
-4.477128 2.071180 3.114685
-4.680388 2.236044 2.997984
-4.730205 2.406438 3.027654
-4.540838 2.599201 2.940193
-4.366335 2.930861 2.257630
-4.272085 3.090081 1.966885
-4.145142 3.359504 1.646428
-4.066509 3.441298 1.399475
-3.908359 3.644712 1.055728
-3.710286 3.788887 0.878182
-3.270750 3.895661 0.498288
-3.090843 3.845530 0.290087
-1.881703 3.366475 -0.630173
-1.250350 2.991885 -0.995255
-1.025796 2.850747 -1.096794
-0.384879 2.397360 -1.403607
-0.190557 2.236507 -1.486005
1.524777 0.542552 -1.875543
2.204595 -0.120315 -1.796648
2.932102 -0.779896 -1.532839
3.372843 -1.146957 -1.276434
4.239599 -1.677092 -0.926450
4.353281 -1.760242 -0.917207
4.554029 -2.197672 -0.638039
4.576151 -2.265755 -0.555377
4.600340 -2.404809 -0.333863
4.726773 -3.152020 0.673953
4.723271 -3.143733 0.714363
4.681552 -3.193552 0.777190
4.467292 -3.416274 0.948293
3.914570 -3.784589 0.991848
3.544212 -3.957550 1.003889
3.471991 -3.987040 1.000592
3.354213 -4.031653 1.016693
2.967104 -4.034270 1.177103
1.830492 -3.550083 2.034607
1.299986 -3.281371 2.379428
0.786253 -3.024959 2.763795
0.635995 -2.957001 2.855808
0.490885 -2.910193 2.966354
-0.230206 -2.488130 3.472130
-0.852074 -2.044339 4.002764
-0.852074 -2.044339 4.002764
-3.281712 -0.203878 5.282025
-4.026699 0.363039 5.037083
-4.681712 0.910562 4.632243
-5.150712 1.376516 4.150058
-5.466244 1.694637 3.668666
-5.567937 2.006274 3.169825
-5.413590 2.310273 2.938035
-5.142127 2.420062 2.979152
-4.799781 2.671802 2.718599
-4.196060 3.234902 1.832419
-3.800888 3.522386 1.302866
-3.331252 3.797347 1.096331
-2.726219 4.041217 0.877389
-1.782081 4.129223 0.496931
-0.882537 3.670153 0.019752
-0.158553 3.045200 -0.396957
1.236207 1.843598 -1.059973
2.274165 0.883229 -1.338394
2.636275 0.485642 -1.380173
3.969113 -1.084670 -1.047661
4.494026 -1.636833 -0.804279
4.881101 -2.061017 -0.682556
5.004755 -2.622513 0.125352
4.926318 -3.042825 0.909372
4.748246 -3.375936 1.133640
4.474432 -3.613409 1.241198
4.006543 -3.909922 1.131033
3.358643 -4.125287 1.129649
2.816559 -4.385538 1.095637
2.344884 -4.526750 1.059082
2.044889 -4.570384 1.064748
0.534634 -4.213965 1.656750
-0.492829 -3.663827 2.389172
-1.945939 -2.649032 3.337253
-2.822415 -1.838971 3.815079
-3.658714 -0.983895 4.022773
-3.837568 -0.774450 4.069998
-4.898987 0.517916 3.891390
-5.367386 1.222555 3.267785
-5.632213 1.744845 2.656969
-5.756710 2.031182 2.370472
-5.842022 2.142101 2.335735
-5.461972 2.474092 2.125053
-5.037323 2.890548 1.296879
-4.416385 3.301913 0.821064
-3.844454 3.545085 0.608644
-3.145595 3.888104 0.428460
-2.328313 4.141248 0.384662
-1.745400 4.285947 0.319344
-0.641975 3.996667 -0.097973
0.299530 3.395887 -0.496206
0.740784 3.090606 -0.621461
2.080241 1.882912 -1.107824
3.008636 0.792690 -1.298456
4.298591 -0.987134 -0.977700
4.656860 -1.562631 -0.628367
4.922271 -1.972048 -0.459695
5.028384 -2.183972 -0.261387
5.015978 -3.051799 1.229997
4.867381 -3.390700 1.470953
4.563202 -3.643512 1.463921
4.240563 -3.773405 1.404400
3.696340 -3.963251 1.310387
3.241328 -4.158406 1.226221
2.946846 -4.276980 1.173051
2.594694 -4.410357 1.145556
2.414771 -4.480463 1.141855
2.125603 -4.589280 1.080415
0.998485 -4.961388 0.891112
0.410176 -5.000951 0.917526
-0.420055 -4.884574 1.101874
-1.198227 -4.669743 1.453442
-1.890288 -4.333446 1.897270
-2.490800 -3.926487 2.372544
-3.180462 -3.330586 3.041712
-3.293279 -3.237097 3.132064
-4.577834 -1.833301 4.733510
-4.721444 -1.633152 4.932367
-5.155671 -0.981476 5.255329
-5.422990 -0.555713 5.336783
-5.823099 0.322853 5.025371
-5.946727 0.794048 4.462234
-5.957628 0.886546 4.349478
-5.957628 0.886546 4.349478
-6.085133 1.671895 3.252745
-6.039486 1.783135 3.067722
-6.048212 1.857634 2.901232
-6.003877 2.085402 2.562789
-5.711636 2.315300 2.535887
-4.446116 2.961199 2.213954
-4.230037 3.116192 2.015255
-4.088595 3.199592 1.848666
-3.392292 3.542774 1.307905
-2.912082 3.760897 1.118790
-2.306032 4.094185 0.957100
-0.798463 4.531012 0.708147
-0.150845 4.446806 0.613057
0.933966 3.824195 0.217926
1.066588 3.724328 0.156154
2.490593 2.240479 -0.539011
2.680239 1.953482 -0.649102
3.669526 0.303481 -0.785192
4.093139 -0.535312 -0.618140
4.394855 -1.122989 -0.422941
4.447216 -1.196766 -0.380252
4.871809 -1.948937 -0.239218
4.909409 -1.982712 -0.200516
5.084045 -2.588258 0.493743
5.139011 -2.835781 0.925157
5.156703 -2.914778 1.068839
5.174685 -3.275188 1.421528
4.339819 -3.799818 1.436563
3.499676 -4.136068 1.266053
2.244855 -4.607631 1.086986
2.043964 -4.674554 1.038309
0.556672 -5.110665 0.823479
-0.203884 -5.295898 0.692191
-0.953733 -5.357024 0.693525
-1.595816 -5.196018 0.933480
-2.184048 -4.836247 1.331153
-2.936067 -4.229001 2.069507
-3.489430 -3.583077 2.766342
-4.132522 -2.671673 3.603522
-4.495921 -2.053460 4.061207
-4.861702 -1.487652 4.329583
-4.953151 -1.279452 4.404370
-5.314100 -0.590572 4.491870
-5.520128 -0.107888 4.317575
-5.665747 0.409568 4.049115
-5.706520 0.476280 3.979245
-5.844954 1.044840 3.556643
-5.999032 1.741764 2.763857
-6.032374 2.002983 2.524369
-5.761575 2.181195 2.534783
-5.316882 2.430993 2.366116
-4.624696 2.977916 1.573926
-3.602436 3.488479 1.120234
-2.436857 3.977619 0.835600
-1.546435 4.323602 0.694935
-0.660402 4.656634 0.740603
0.248185 4.601966 0.770345
0.590080 4.463237 0.691591
1.963279 3.179336 -0.012508
3.053659 1.569578 -0.560867
3.749418 0.256483 -0.723555
4.285844 -0.924711 -0.493916
4.683255 -1.676024 -0.401137
4.783038 -1.851117 -0.372738
4.961615 -2.790513 0.670103
4.945544 -3.107221 1.106157
4.441331 -3.660475 1.289274
3.645388 -4.043435 1.202212
2.698022 -4.404735 1.061362
1.650003 -4.780541 0.957613
0.856185 -5.046311 0.842726
0.227581 -5.206969 0.813349
0.033491 -5.246306 0.791476
-0.614624 -5.382468 0.658210
-1.581874 -5.607607 0.541804
-2.239151 -5.404191 0.820672
-2.944046 -4.813938 1.460481
-3.565907 -4.087660 2.249576
-4.347388 -2.984209 3.398429
-4.977289 -1.989229 4.264437
-5.182488 -1.672985 4.534281
-5.607479 -0.714446 4.748061
-5.909602 0.376582 4.261659
-5.950347 1.021887 3.679506
-5.732993 1.595725 3.000903
-5.624427 1.750969 2.860213
-5.166537 2.128403 2.671493
-5.027043 2.197486 2.617078
-2.560334 3.308796 2.382560
-1.614053 3.864860 1.672264
-1.278825 4.032797 1.491223
-0.242543 4.529966 1.144339
0.597022 4.751042 1.128273
1.305685 4.583468 1.268276
1.929940 3.981342 1.157805
2.564705 3.110837 0.854652
3.451891 1.456428 0.394809
4.070875 0.052046 0.216276
4.516993 -1.027700 0.190933
4.831236 -1.672661 0.160752
4.737134 -2.405763 0.715906
4.327768 -3.133679 1.310661
3.987716 -3.450493 1.307428
3.471789 -3.772605 1.323873
2.822118 -4.088025 1.255413
2.244102 -4.315627 1.095259
1.679664 -4.536842 0.969175
1.523155 -4.589149 0.973275
1.425391 -4.631339 0.953772
0.674867 -4.885927 0.828335
0.022526 -5.118559 0.814625
-0.501429 -5.297614 0.821568
-0.911265 -5.434754 0.735686
-1.340756 -5.530747 0.639878
-1.708916 -5.630202 0.587230
-2.032279 -5.728605 0.530788
-2.247374 -5.772302 0.511178
-2.499190 -5.721841 0.593144
-2.792744 -5.493431 0.878897
-3.135277 -5.121332 1.303747
-3.489854 -4.627993 1.852896
-3.978574 -3.925815 2.576019
-4.430111 -3.155403 3.362622
-4.897503 -2.435755 4.045639
-5.195984 -1.689497 4.580217
-5.483585 -0.948038 4.782730
-5.809116 0.050418 4.572062
-5.612812 0.974353 3.982669
-5.267377 1.342476 3.661507
-4.781267 1.796255 3.288295
-3.792195 2.524636 2.745345
-2.750417 3.044817 2.711991
-1.908157 3.341417 2.736200
-1.338492 3.711865 2.170898
-0.270716 4.299707 1.301650
0.664686 4.721881 1.044847
1.430038 4.914058 0.851948
1.999926 4.994782 0.954554
2.470143 4.351728 0.727108
2.988209 3.247556 0.283084
4.252975 0.328982 -0.365522
4.677316 -0.987812 -0.366241
4.689189 -1.525362 -0.358730
4.443499 -2.250442 -0.293730
3.642595 -3.045048 0.412501
2.682775 -3.809566 0.930296
1.809963 -4.283080 1.045483
0.821271 -4.711882 0.984884
0.007159 -5.008083 0.975275
-0.510047 -5.164873 0.951247
-0.601832 -5.209990 0.953644
-0.836314 -5.294212 0.959702
-1.205371 -5.399256 0.954568
-1.205371 -5.399256 0.954568
-1.656911 -5.588634 0.985271
-1.998563 -5.675200 0.881369
-2.256754 -5.722528 0.842945
-2.858491 -5.572300 1.009040
-3.208890 -5.172618 1.387126
-3.652401 -4.516879 1.981037
-3.811955 -4.277694 2.198521
-4.084950 -3.770633 2.652769
-4.612629 -2.641859 3.629184
-5.053805 -1.768475 4.368444
-5.357928 -0.806780 4.751661
-5.357928 -0.806780 4.751661
-5.384928 -0.716507 4.779748
-5.614999 -0.015473 4.715920
-5.553241 1.143559 4.258622
-5.112324 1.672853 3.838868
-4.942429 1.806195 3.703721
-4.755860 1.964153 3.569600
-4.195020 2.520543 3.136642
-3.401638 2.905680 2.683246
-2.392467 3.316726 2.499070
-1.781407 3.488534 2.528929
-0.697377 3.829401 2.079699
-0.587614 3.882015 1.966751
0.434746 4.376860 1.174184
1.147632 4.549502 0.891387
1.567891 4.703223 0.678029
2.027048 4.823479 0.645672
2.495384 4.573762 0.630870
2.983607 3.707664 0.446727
3.354968 2.488459 0.146092
3.924648 0.851209 -0.136764
4.221353 -0.611141 -0.095371
4.166810 -1.593007 0.059283
3.946921 -2.276126 0.058449
3.504040 -2.911014 0.406709
2.824349 -3.575609 1.262009
2.211757 -4.102313 1.572122
1.400333 -4.458080 1.602526
0.654349 -4.690504 1.585582
0.275543 -4.829110 1.601330
-0.482485 -4.984817 1.543787
-1.189432 -5.121631 1.477137
-1.702219 -5.266954 1.483117
-2.154351 -5.437143 1.424615
-2.607241 -5.555669 1.385106
-2.824955 -5.603713 1.373173
-2.869198 -5.625437 1.375118
-3.148078 -5.524545 1.456562
-3.399172 -5.126913 1.711618
-3.746486 -4.523603 2.141648
-4.111453 -3.765280 2.709573
-4.458563 -2.864025 3.361210
-4.792630 -1.997084 3.989895
-5.052585 -1.248432 4.511142
-5.354382 -0.297757 4.941275
-5.354382 -0.297757 4.941275
-5.506643 0.328866 4.974862
-5.443275 0.910604 4.794921
-5.273386 1.430133 4.497989
-4.957689 1.845817 4.139517
-4.660272 2.157791 3.758068
-4.150502 2.529125 3.163159
-3.577012 2.883411 2.665828
-3.160275 3.097169 2.374445
-2.961047 3.213356 2.308962
-2.387935 3.423613 2.216531
-1.712361 3.595070 2.225010
-1.043391 3.842917 1.756495
-0.450709 4.050165 1.122797
0.024839 4.222828 0.787180
0.461084 4.359396 0.621342
0.931321 4.481130 0.517554
1.409773 4.544578 0.397534
1.806441 4.453824 0.305411
2.189838 4.165330 0.226826
2.913537 2.780980 -0.096061
3.230225 1.856325 -0.288828
3.299727 1.688284 -0.314278
3.636505 0.657858 -0.417025
3.975332 -0.263832 -0.394661
4.153850 -1.075065 -0.217968
4.171752 -1.859398 -0.102501
4.171752 -1.859398 -0.102501
4.100937 -2.326563 -0.054975
3.697293 -3.103564 0.017519
2.558926 -4.128135 1.301267
1.846696 -4.498965 1.487792
1.275066 -4.742455 1.489343
0.349730 -5.028408 1.545149
-0.369356 -5.295094 1.623782
-1.417702 -5.625058 1.580152
-2.473291 -6.042232 1.686175
-2.887011 -6.162503 1.688686
-3.254537 -6.193963 1.697555
-3.306211 -6.158153 1.712585
-3.646987 -5.818921 1.910567
-4.274129 -4.471829 2.877017
-4.703853 -3.336348 3.702868
-5.038344 -2.438123 4.280204
-5.290200 -1.470945 4.922700
-5.562151 -0.624451 5.367302
-5.713888 -0.082829 5.344849
-5.820740 0.514949 5.083680
-5.814275 1.099278 4.518550
-5.668917 1.446988 4.103385
-5.274122 1.884909 3.624979
-4.631964 2.335322 2.857411
-4.149910 2.615950 2.467951
-3.599554 2.819655 2.244455
-3.015216 2.988978 2.195526
-2.346633 3.135860 2.231169
-1.478627 3.373596 1.877115
-0.810196 3.590745 1.190405
0.400926 4.012933 0.339380
0.944157 4.180396 -0.018452
1.408845 4.284764 0.198618
2.001900 3.933858 0.403707
2.290082 3.376733 0.417119
2.436873 2.666182 0.441332
2.612333 1.715035 0.435184
2.902499 -1.104458 0.385969
2.633697 -2.338512 0.486338
2.131603 -3.266611 0.504744
1.253969 -4.253521 1.494536
0.675677 -4.745505 1.733070
-0.201645 -5.183204 1.736176
-1.205918 -5.486276 1.727113
-1.853662 -5.629839 1.691715
-2.381844 -5.761574 1.714583
-2.789929 -5.875409 1.727412
-3.155923 -5.991721 1.752465
-3.424084 -6.062331 1.709525
-3.615063 -6.105251 1.689476
-3.696564 -6.100495 1.783793
-3.940756 -5.928734 2.042043
-3.974154 -5.872066 2.102986
-3.998054 -5.819227 2.116695
-4.211605 -5.350472 2.443260
-4.477874 -4.559100 2.953186
-4.721065 -3.667115 3.430394
-4.969448 -2.775654 3.852723
-5.299685 -1.336096 4.699713
-5.466459 -0.771874 5.085063
-5.847059 0.478760 5.635557
-5.696306 1.020519 5.461156
-5.129154 1.643409 4.772889
-4.568092 2.083709 4.116016
-3.788439 2.484599 3.291572
-2.990369 2.974254 2.831710
-2.269447 3.155733 2.504241
-1.577887 3.342819 2.573544
-1.001513 3.374866 2.355334
-0.492063 3.566613 1.773079
0.159608 3.854356 1.072934
0.527995 4.037413 0.993040
0.999021 4.118813 1.216893
1.250650 3.835765 1.476958
1.477685 3.066247 1.604386
1.662195 1.390170 1.495601
1.750229 0.123062 1.253315
1.856157 -1.700625 0.647055
1.560588 -2.984516 0.928315
1.256448 -3.663531 1.408766
1.050995 -3.981795 1.608471
0.529792 -4.624545 1.726107
0.039125 -4.941180 1.734352
-0.543547 -5.184744 1.717602
-1.416077 -5.487001 1.659006
-2.067311 -5.692772 1.641671
-2.426412 -5.837027 1.665973
-2.691978 -5.935175 1.671895
-3.067795 -6.033373 1.705987
-3.332237 -6.123050 1.656343
-3.601387 -5.986776 1.757767
-3.865067 -5.611030 2.045968
-4.124272 -5.071579 2.429071
-4.409967 -4.426626 2.873490
-4.930223 -2.813087 3.989756
-5.526698 -1.268992 5.044503
-5.629388 -0.551619 5.523869
-5.817595 0.369325 5.701940
-5.855338 0.454829 5.673252
-5.519446 1.250636 4.979593
-5.475237 1.310987 4.924469
-5.340884 1.443355 4.736840
-5.105301 1.666534 4.398791
-4.211977 2.286791 3.567219
-3.701973 2.562064 3.101042
-3.555236 2.618536 3.001050
-3.343045 2.716395 2.878492
-3.278212 2.761815 2.802584
-2.658728 2.977657 2.480700
-1.794508 3.184478 2.552154
-1.577777 3.276924 2.608225
-1.271643 3.346768 2.516545
-1.107988 3.398755 2.385759
-0.774344 3.563826 1.950917
-0.334466 3.831051 1.307485
-0.035750 3.949075 1.112831
0.175794 3.448546 1.114037
0.479385 2.406104 0.961191
0.792166 1.065018 0.791171
1.078708 -0.545138 0.537041
1.278276 -1.900553 0.236174
1.324473 -2.208769 0.079752
0.994649 -3.647571 0.521292
0.458942 -4.471752 1.233667
0.349033 -4.588886 1.302954
-0.309956 -5.204395 1.468527
-0.794580 -5.373001 1.509975
-1.416473 -5.563330 1.493744
-1.883245 -5.777418 1.466649
-2.376305 -5.926500 1.523404
-2.716204 -6.007361 1.583375
-3.053441 -6.135941 1.576634
-3.354503 -6.204501 1.548850
-3.601845 -6.278563 1.509451
-3.633239 -6.276999 1.502276
-3.908208 -6.117615 1.634500
-4.063208 -5.924130 1.783847
-4.279364 -5.477516 2.116585
-4.495651 -4.895764 2.538176
-4.971083 -3.539353 3.488439
-5.147557 -2.616368 4.096198
-5.423889 -1.680078 4.739206
-5.628223 -0.937198 5.189777
-5.664148 -0.262934 5.396503
-5.564862 0.257902 5.381473
-5.316335 0.778904 5.116202
-4.817830 1.303143 4.594867
-4.368053 1.705708 4.154514
-3.950444 2.013313 3.787767
-3.372931 2.357953 3.374742
-2.948141 2.573727 3.128128
-2.417207 2.820621 2.848277
-1.852018 3.004621 2.673703
-1.427256 3.129795 2.671692
-0.982435 3.240162 2.770756
-0.749667 3.291817 2.845066
-0.579020 3.372215 2.878673
-0.195421 3.544692 2.531562
-0.023017 3.556397 2.237194
0.124929 2.283241 1.822411
0.174793 1.731467 1.672065
0.404001 -0.306029 0.940959
0.566002 -1.927646 0.532992
0.423474 -3.163469 0.862232
0.187769 -4.195287 1.372961
-0.182053 -4.731361 1.538108
-0.813819 -5.187033 1.551206
-1.574094 -5.563534 1.519895
-2.283239 -5.866536 1.533050
-2.812464 -6.086039 1.565297
-3.245475 -6.292919 1.712671
-3.619866 -6.415391 1.652051
-3.908508 -6.383328 1.627370
-4.184795 -5.955033 1.796895
-4.618000 -4.835966 2.441942
-4.886517 -3.373477 3.483300
-5.103186 -2.057856 4.456905
-5.075686 -0.977155 5.263954
-4.838095 -0.204013 5.620255
-4.288337 0.600212 5.527985
-3.832237 1.215408 5.206038
-3.390273 1.705621 4.751854
-2.964516 2.114019 4.383689
-2.822010 2.278087 4.250899
-1.885052 2.762600 3.531311
-1.220997 2.966308 3.111176
-0.833214 3.160061 3.009318
-0.515457 3.288358 3.035667
-0.310460 3.375529 3.129572
-0.225203 3.389068 3.225041
-0.188629 3.250151 3.232365
-0.183330 3.161144 3.167813
-0.155591 2.708237 2.926442
0.135090 -0.009441 1.656207
0.195258 -2.033892 1.276405
0.100110 -3.020294 1.452743
-0.211419 -4.040521 1.589033
-0.281025 -4.198141 1.623504
-0.908945 -4.969006 1.705502
-1.094676 -5.119130 1.791141
-1.936686 -5.674048 1.619203
-2.677502 -5.986942 1.570910
-3.087466 -6.212476 1.425668
-3.455098 -6.282448 1.443837
-3.706647 -6.386773 1.417376
-3.791438 -6.403270 1.411175
-3.952335 -6.304057 1.497321
-4.020242 -6.187887 1.571727
-4.456828 -5.264148 2.238960
-5.071772 -3.297934 3.785188
-5.166142 -2.138236 4.465614
-5.155603 -0.979886 5.321803
-4.985979 -0.258212 5.842333
-4.933455 -0.044833 5.989688
-4.695118 0.412656 6.062827
-4.581875 0.556232 6.010243
-4.159316 0.974545 5.784658
-3.768664 1.382243 5.463112
-3.405380 1.708260 5.091001
-2.953052 2.074570 4.668222
-2.582163 2.335825 4.340993
-2.233392 2.539673 4.056168
-1.806150 2.731475 3.755899
-1.391712 2.904427 3.552983
-0.346512 3.304115 3.212697
-0.102533 3.408660 3.266670
-0.109633 3.406795 3.266732
-0.134917 3.400851 3.274449
-0.145106 3.388453 3.328534
-0.161648 3.232975 3.322601
-0.135483 2.756302 3.131147
-0.078751 2.231923 2.823102
-0.026517 1.592480 2.525405
0.021916 0.856301 2.252583
0.067688 0.047427 2.108583
0.056099 -0.742869 2.030133
0.051117 -1.696511 1.952014
-0.029269 -2.512695 1.889958
-0.029269 -2.512695 1.889958
-0.291921 -3.888435 1.888313
-0.480786 -4.301452 1.920274
-1.046536 -5.097271 1.803995
-1.598843 -5.429424 1.897386
-2.202325 -5.715891 1.702374
-2.662548 -5.977365 1.559083
-3.160371 -6.106486 1.565249
-3.481769 -6.257687 1.481392
-3.727514 -6.341459 1.478632
-3.765198 -6.345821 1.472941
-3.779404 -6.337277 1.466608
-4.008998 -6.133958 1.615855
-4.008998 -6.133958 1.615855
-4.155370 -5.841417 1.831573
-4.367335 -5.331557 2.223449
-4.564347 -4.782480 2.658030
-4.770961 -4.115268 3.156744
-5.034350 -3.224210 3.797928
-5.257933 -2.427518 4.409964
-5.257933 -2.427518 4.409964
-5.452261 -1.648262 5.061566
-5.583352 -1.290173 5.257325
-5.485668 -0.496974 5.756927
-5.266745 -0.011189 6.037735
-5.020147 0.315862 6.109011
-5.020147 0.315862 6.109011
-4.701491 0.684045 6.064546
-4.438547 1.013815 5.932340
-3.919178 1.434901 5.648164
-3.919178 1.434901 5.648164
-3.528224 1.729052 5.414463
-3.232723 1.942540 5.156155
-2.704185 2.233597 4.707434
-2.387850 2.407847 4.485269
-1.956516 2.641543 4.144263
-1.956516 2.641543 4.144263
-1.652352 2.765254 3.961702
-1.276491 2.936369 3.653205
-1.008782 3.073716 3.489549
-0.763859 3.169826 3.427849
-0.195310 3.339018 3.456260
-0.007592 3.381405 3.491270
0.032759 3.257375 3.552690
0.283784 1.919971 3.214902
0.330525 1.714068 3.178463
0.445615 0.761845 2.963182
0.519458 -0.486873 2.699663
0.582578 -1.859750 2.470857
0.562715 -2.826551 2.357310
0.444599 -3.552228 2.355505
0.204422 -4.068563 2.223229
-0.090795 -4.555034 2.088049
-0.202735 -4.660662 2.081188
-0.804196 -5.187490 1.965235
-1.269617 -5.439982 1.860301
-1.764218 -5.685769 1.785173
-2.270804 -5.889763 1.695820
-2.599419 -6.035221 1.646609
-2.925139 -6.189869 1.573522
-3.761848 -6.240144 1.601063
-4.096220 -5.731313 1.970714
-4.196647 -5.511207 2.124494
-4.503758 -4.687733 2.751660
-4.834645 -3.621366 3.535810
-5.037398 -2.466501 4.293510
-5.254305 -1.734091 4.826304
-5.444055 -0.940771 5.462015
-5.482802 -0.304720 5.924496
-5.314908 0.132890 6.041129
-5.286622 0.251099 6.077413
-5.098105 0.631438 6.032327
-4.343511 1.407933 5.584506
-3.800863 1.906962 5.229690
-3.359996 2.118217 4.802196
-3.197919 2.171879 4.649171
-2.679430 2.380108 4.271386
-2.117529 2.612924 3.945996
-1.622831 2.808148 3.680431
-1.216888 3.062373 3.517829
-0.771868 3.163755 3.274153
-0.494191 3.236972 3.201455
-0.250003 3.306801 3.153063
0.010010 3.397285 3.227054
0.257767 3.438716 3.307226
0.585962 3.157252 3.412930
0.739580 2.436678 3.061447
0.736750 2.342749 3.019965
0.762992 2.237738 2.959301
0.869822 1.406291 2.663628
0.937839 0.732887 2.517870
1.036022 -0.277482 2.450407
1.063350 -1.100250 2.421288
1.039680 -1.796616 2.327562
0.923948 -2.709764 2.189617
0.738496 -3.383837 2.163532
0.495505 -3.845593 2.111348
0.209876 -4.273476 2.030590
-0.075456 -4.636206 2.011097
-0.449038 -4.958841 1.954208
-0.806568 -5.201841 1.805717
-0.806568 -5.201841 1.805717
-1.210273 -5.408327 1.731532
-2.551111 -5.993516 1.554862
-3.157174 -6.314761 1.491451
-3.492666 -6.470189 1.420400
-3.806004 -6.186336 1.678773
-3.891621 -6.014233 1.793648
-4.199851 -5.244616 2.385689
-4.483548 -4.454802 3.027072
-4.741881 -3.657808 3.666552
-5.057260 -2.574467 4.395521
-5.232816 -1.860553 4.935892
-5.457498 -1.184566 5.402012
-5.600563 -0.658207 5.688777
-5.563462 -0.501153 5.721580
-5.476386 -0.098414 5.765663
-5.390107 0.140382 5.720810
-5.092110 0.659038 5.449464
-4.762200 0.996482 5.177675
-4.233499 1.496917 4.879332
-3.871093 1.898674 4.647567
-3.564991 2.164365 4.481202
-3.564991 2.164365 4.481202
-3.067952 2.380568 4.074405
-2.592050 2.563395 3.797071
-2.038036 2.790589 3.519242
-1.520100 2.963029 3.289867
-1.011328 3.205115 3.208101
-1.011328 3.205115 3.208101
-0.600009 3.286386 3.135320
-0.325024 3.326633 3.068502
-0.130166 3.363319 3.129188
0.065307 3.421875 3.195004
0.065307 3.421875 3.195004
0.286319 3.453505 3.254754
0.463121 3.514335 3.290173
0.546718 3.511479 3.300858
0.670687 3.258549 3.197336
0.808878 2.784783 2.994925
0.808878 2.784783 2.994925
0.958279 2.132250 2.632595
1.071323 1.576774 2.326811
1.188513 0.803500 1.961059
1.234269 0.185555 1.777957
1.242240 -0.869904 1.759329
1.199307 -1.743944 1.722103
1.199307 -1.743944 1.722103
1.080800 -2.561993 1.733671
0.823297 -3.333754 1.707013
0.593465 -3.772387 1.693806
0.251958 -4.253587 1.707078
-0.057267 -4.643876 1.729916
-0.334841 -4.915633 1.725089
-0.702733 -5.196076 1.693953
-0.702733 -5.196076 1.693953
-1.050823 -5.460762 1.811039
-1.408032 -5.641432 1.722275
-2.697854 -6.174781 1.560784
-3.027205 -6.334260 1.507184
-3.284057 -6.445788 1.467108
-3.545235 -6.379914 1.536293
-3.887194 -5.837139 1.944776
-4.257525 -4.889590 2.668560
-4.605038 -3.761152 3.600626
-5.006520 -2.487784 4.536157
-5.228743 -1.488709 5.264163
-5.209050 -0.578669 5.756014
-4.723108 0.296534 5.753412
-4.237496 0.957247 5.490623
-3.633027 1.559767 5.065248
-2.907057 2.061899 4.563997
-2.148966 2.515941 4.089616
-1.355268 2.870325 3.646962
-0.812916 3.103903 3.351530
-0.359099 3.275551 3.179111
0.014945 3.410441 3.124931
0.325235 3.483134 3.176105
0.488577 3.533776 3.336982
0.509355 3.465931 3.435065
0.499630 3.009780 3.265812
0.587044 2.226834 2.794480
0.702813 1.126407 2.335147
0.790225 -0.492518 2.187505
0.738838 -1.807929 2.140818
0.554365 -2.961694 2.067474
0.254436 -3.844066 2.048694
-0.122125 -4.475968 1.973407
-0.606955 -4.949973 1.880996
-1.321259 -5.388124 1.803937
-1.954900 -5.722976 1.708819
-2.449200 -5.959795 1.630085
-2.855658 -6.160100 1.610563
-3.030408 -6.240649 1.622936
-3.460012 -6.356042 1.564777
-3.770973 -6.049952 1.834784
-3.843992 -5.937332 1.908962
-4.129643 -5.246810 2.428097
-4.401953 -4.394233 3.067584
-4.651266 -3.558388 3.697993
-4.697990 -3.441249 3.815986
-4.975801 -2.627911 4.416671
-5.220758 -1.366831 5.353164
-5.188282 -0.207178 6.140790
-4.811011 0.404094 6.166273
-4.278768 1.004247 5.911120
-4.029208 1.203425 5.774958
-3.597577 1.566288 5.496187
-3.062434 1.999005 5.141295
-2.651734 2.285716 4.814264
-2.602769 2.353616 4.778042
-2.080777 2.736580 4.473511
-1.636900 3.002902 4.252983
-1.636900 3.002902 4.252983
-1.189132 3.090406 4.001600
-0.703169 3.085887 3.591241
-0.406742 3.165403 3.402388
-0.026966 3.314652 3.263901
0.238173 3.401767 3.201689
0.238173 3.401767 3.201689
0.478381 3.468479 3.179365
0.697063 3.556823 3.254777
0.787732 3.587608 3.329350
0.787732 3.587608 3.329350
0.828737 3.577280 3.427711
0.866061 3.542986 3.504258
0.840612 3.329511 3.441984
0.852177 2.934586 3.306357
0.895633 2.319636 3.070561
0.902171 1.570133 2.852488
0.894582 0.784049 2.765885
0.910779 0.060931 2.690880
0.832097 -0.883762 2.606155
0.698393 -1.800737 2.476109
0.527328 -2.520779 2.440835
0.253738 -3.212267 2.313427
-0.080764 -3.810883 2.176301
-0.357599 -4.205359 2.118314
-0.666458 -4.613427 2.043817
-1.066768 -4.958410 1.986902
-1.893755 -5.484736 1.846192
-2.293712 -5.704943 1.804843
-2.678353 -5.916089 1.762825
-2.925497 -6.072093 1.816922
-2.998325 -6.136479 1.882224
-3.163620 -6.203499 1.776098
-3.675916 -6.402614 1.576335
-3.661769 -6.365307 1.611422
-3.667716 -6.309910 1.674209
-3.864943 -5.819800 2.041213
-3.933531 -5.677075 2.154073
-4.144713 -5.143605 2.532021
-4.368328 -4.454977 3.062245
-4.608216 -3.680411 3.608520
-4.800183 -3.021001 4.248691
-5.021837 -2.213650 4.841273
-4.877935 -0.608674 5.949960
-4.385041 0.169854 6.495143
-3.772412 0.826632 6.742970
-3.215751 1.335147 6.482470
-2.561457 1.826395 6.029062
-1.871385 2.245097 5.551009
-1.244316 2.584421 4.998693
-0.607013 2.879809 4.638829
0.030421 3.123703 4.251419
0.381756 3.281710 4.053018
0.773921 3.409884 3.834524
1.170891 3.551353 3.758779
1.328881 3.585460 3.838118
1.173709 3.491770 3.974140
1.043171 3.219405 4.041076
0.939545 2.457561 3.952460
0.879039 1.383218 3.782325
0.602764 -0.625311 3.455461
0.259141 -2.084605 2.952260
-0.162554 -3.120817 2.674554
-0.349648 -3.417241 2.604111
-0.672682 -3.922195 2.431115
-1.076793 -4.441830 2.255342
-1.511226 -4.832271 2.165644
-1.624385 -4.950676 2.118597
-2.048197 -5.248458 2.033513
-2.398880 -5.486837 1.988765
-2.691739 -5.713871 1.903505
-2.960105 -5.881152 1.859730
-3.224740 -6.063696 1.813490
-3.419041 -6.197788 1.793343
-3.557561 -6.294032 1.907683
-3.719442 -6.289221 1.962162
-3.854702 -6.136811 2.088112
-4.008982 -5.777240 2.314390
-4.183223 -5.261873 2.557661
-4.360979 -4.724062 2.843713
-4.554259 -3.990190 3.344779
-4.744571 -3.323544 3.816578
-5.014389 -2.514601 4.462890
-5.159678 -1.789058 4.997296
-5.314642 -1.178708 5.481787
-5.358135 -0.773578 5.789091
-5.339219 -0.394456 6.104813
-5.215626 0.060760 6.441921
-4.685164 0.645386 6.822598
-4.187478 1.021234 6.716607
-3.753956 1.361214 6.517896
-2.573820 1.987941 5.904924
-2.496513 2.028637 5.849860
-1.793413 2.370817 5.424949
-1.144060 2.612483 5.101156
-0.589303 2.794097 4.795838
-0.457889 2.865626 4.739536
-0.039496 3.009263 4.579660
0.336613 3.151083 4.458140
0.591765 3.239484 4.334197
0.923740 3.317212 4.125817
1.066713 3.353732 4.089446
1.143148 3.377487 4.135332
1.230575 3.380438 4.165619
1.260063 3.251727 4.079256
1.252265 2.988782 3.997163
1.192739 2.547340 3.889392
1.112490 1.755472 3.613614
1.041288 1.225566 3.421580
0.946913 0.386676 3.165333
0.838458 -0.309477 3.053685
0.716990 -1.157222 2.913197
0.587969 -1.742770 2.782041
0.386535 -2.493785 2.622115
0.160121 -3.192368 2.484587
-0.064678 -3.741642 2.320125
-0.334338 -4.191914 2.227218
-0.653377 -4.563138 2.139796
-0.922262 -4.864992 2.183514
-1.291224 -5.191087 2.149876
-1.705785 -5.416221 1.915895
-2.050746 -5.587587 1.829650
-2.419271 -5.766935 1.767882
-2.753489 -5.957301 1.680769
-2.998126 -6.102111 1.630490
-3.367624 -6.146053 1.660902
-3.621882 -6.094141 1.743430
-3.946707 -5.646364 2.128759
-4.218584 -4.484493 3.026613
-4.682220 -3.223095 4.117822
-4.986474 -2.168683 4.771628
-5.305017 -1.110669 5.561605
-5.509714 -0.450300 6.095206
-5.321837 0.107967 6.536596
-4.904946 0.621189 6.792146
-4.409635 1.084337 6.532983
-3.656848 1.661750 6.277165
-3.382005 1.771004 6.142226
-2.070079 2.386114 5.308341
-1.008840 2.654369 4.768684
-0.378618 2.849057 4.351123
0.305450 3.099231 4.059069
0.790723 3.287812 3.863050
1.134312 3.442350 3.888539
1.311578 3.440768 3.903847
1.446876 3.155055 3.808618
1.584210 2.315432 3.545310
1.612536 1.399357 3.298290
1.605606 0.021182 3.067009
1.494672 -1.447509 2.840790
1.455671 -1.828634 2.800688
1.236949 -2.701102 2.632385
0.781256 -3.882973 2.336986
-0.079396 -4.828767 2.078834
-0.822353 -5.336791 1.915005
-1.432234 -5.608655 1.818365
-1.985489 -5.866726 1.726968
-2.643995 -6.002548 1.932528
-3.173153 -5.743808 1.964606
-3.571982 -5.293866 2.276299
-4.008925 -4.475099 2.948962
-4.466924 -3.448943 3.721422
-4.836825 -2.522567 4.490888
-5.246147 -1.405019 5.476120
-5.435416 -0.728689 6.059997
-5.612156 -0.199116 6.372897
-5.759362 0.180051 6.666155
-5.529848 0.584130 6.820747
-5.308498 0.933887 6.667192
-4.832286 1.271978 6.431784
-4.084124 1.700102 5.869611
-3.122706 2.178117 5.235606
-2.076889 2.619752 4.561448
-1.308553 2.959044 4.051973
-0.526024 3.267281 3.689115
0.365998 3.580954 3.411516
1.020501 3.821966 3.360491
1.589323 3.970260 3.351842
2.051102 3.866551 3.172591
2.465421 3.423439 2.409613
2.911261 2.530685 1.396358
3.236755 1.435828 0.742667
3.554375 0.149552 0.036117
3.700955 -0.884457 -0.415381
3.658323 -1.823595 -0.571212
3.513602 -2.533244 -0.773555
3.171085 -3.114163 -0.979437
2.773856 -3.500938 -1.189360
2.141212 -3.920932 -1.387545
1.679497 -4.138744 -1.378968
0.902639 -4.294279 -1.068050
0.122937 -4.086449 -0.840425
-0.466455 -3.601986 -0.795145
-1.167363 -3.000484 -0.740180
-1.823969 -2.490073 -0.682750
-2.554194 -1.787208 -0.664633
-3.204892 -1.089641 -0.551595
-3.679030 -0.319146 -0.794549
-3.895332 0.374093 -1.441776
-4.026292 1.010078 -1.764216
-3.851649 1.412854 -1.949378
-3.461161 1.532708 -2.241547
-3.209607 1.535717 -2.345714
-2.647704 1.474189 -2.554729
-2.030103 1.429788 -2.814765
-1.361343 1.343829 -3.020703
-0.682913 1.294618 -3.273100
-0.584721 1.250128 -3.296184
0.027744 1.204222 -3.415555
1.234237 1.020783 -3.713281
2.269052 0.848752 -3.893879
2.695412 0.717947 -4.019042
3.223827 0.514065 -4.236307
3.550400 0.318059 -4.350191
3.860524 0.109587 -4.453416
4.163264 -0.174433 -4.675807
4.483122 -0.512376 -4.869228
4.662513 -0.749770 -5.034234
4.736463 -0.879211 -5.094927
4.766319 -0.908160 -5.121516
4.947648 -1.221119 -5.352377
5.110404 -1.507108 -5.564313
5.259254 -1.801113 -5.694313
5.373275 -2.062628 -5.852445
5.469413 -2.301104 -5.985243
5.617306 -2.509029 -6.087415
5.710884 -2.668723 -6.142557
5.790762 -2.826322 -6.172611
5.790762 -2.826322 -6.172611
5.834833 -2.924042 -6.132310
5.857971 -2.994375 -6.061918
5.780302 -3.018625 -5.901041
5.456955 -3.018472 -5.368273
5.085368 -2.971669 -5.095024
4.551133 -2.854388 -4.809692
4.075517 -2.739460 -4.640532
3.282529 -2.551673 -4.408561
2.775935 -2.412612 -4.308024
1.944484 -2.152713 -4.148500
1.419118 -2.009101 -4.066601
0.708441 -1.796191 -4.013888
0.224012 -1.641021 -4.089789
-0.313800 -1.417784 -4.174512
-1.184204 -0.982929 -4.370889
-1.754948 -0.635435 -4.336683
-2.133555 -0.491945 -4.328251
-2.107390 -0.273978 -4.282340
-2.113316 -0.031368 -4.236264
-2.038023 0.280858 -4.063511
-1.943893 0.493437 -3.944253
-1.684313 0.748342 -3.839993
-1.220287 0.970706 -3.727717
-0.639339 1.179053 -3.671209
0.128124 1.333867 -3.564707
0.930753 1.381044 -3.538066
1.931949 1.353278 -3.525317
2.749086 1.177001 -3.592412
3.496180 0.875845 -3.786154
3.982101 0.481269 -4.014744
4.520300 -0.102378 -4.354283
4.816305 -0.564502 -4.589733
5.198251 -1.282495 -4.924121
5.223786 -1.340938 -4.973568
5.291657 -1.473372 -5.025140
5.492487 -1.865791 -5.209902
5.602810 -2.193799 -5.236890
5.711080 -2.487369 -5.211536
5.847828 -2.854004 -5.069540
5.951524 -3.142954 -4.985455
6.132898 -3.784883 -4.537820
6.182759 -3.972067 -4.205665
6.249943 -4.213690 -3.983041
6.246726 -4.216403 -3.936282
6.235122 -4.303692 -3.449873
6.265666 -4.433343 -3.190356
6.271544 -4.519406 -2.986287
6.297100 -4.579052 -2.879154
6.332262 -4.622893 -2.804942
6.324954 -4.663048 -2.738817
6.207599 -4.770466 -2.763531
5.847903 -4.801995 -2.830130
5.464756 -4.865717 -2.952678
5.014491 -4.943880 -3.070865
4.539452 -5.069676 -3.228439
4.111885 -5.171089 -3.344393
3.765532 -5.372289 -3.575018
3.362063 -5.296260 -3.589780
3.199006 -5.290526 -3.585535
2.723576 -5.019751 -3.467149
2.516165 -4.764878 -3.290212
2.380769 -4.422532 -3.087299
2.288931 -4.067693 -2.817737
2.278186 -3.738509 -2.496484
2.269770 -3.600144 -2.339151
2.396003 -3.191388 -1.870337
2.588966 -2.918497 -1.446519
2.799875 -2.743766 -1.173206
3.051504 -2.573984 -0.903519
3.460657 -2.532300 -0.649885
3.818337 -2.485338 -0.413611
4.136574 -2.459404 -0.263306
4.438854 -2.548909 -0.180048
4.659106 -2.659966 -0.141141
4.824392 -2.770041 0.149537
4.875689 -2.849552 0.598985
4.933250 -3.037126 0.918526
5.006310 -3.279493 1.093825
5.055684 -3.450225 1.315675
5.083645 -3.568527 1.557055
5.099057 -3.691435 1.929474
5.066615 -3.751234 2.376485
5.051369 -3.783656 2.724478
5.022996 -3.771888 3.115113
5.007065 -3.771317 3.372353
5.045570 -3.777398 3.563570
5.089139 -3.731823 3.700506
4.965534 -3.742218 3.812275
4.944445 -3.707674 3.917374
4.888248 -3.561487 4.042445
4.796648 -3.514098 4.113600
4.387974 -3.182352 4.373157
4.296501 -3.115881 4.394487
3.716232 -2.661028 4.467644
3.376292 -2.388556 4.426151
3.050050 -2.117320 4.284647
2.770904 -1.853228 4.213593
2.519264 -1.516085 4.227204
2.285432 -1.190955 4.253175
2.116317 -0.876267 4.269214
1.999345 -0.566579 4.246040
1.992440 -0.333526 4.298911
1.820761 -0.043421 4.308859
1.821841 0.091677 4.332265
1.884300 0.304323 4.535996
2.013719 0.430963 4.681443
2.214481 0.504653 4.739872
2.315342 0.499673 4.814920
2.654740 0.539120 5.063509
3.165083 0.485573 5.610973
3.211298 0.326705 5.893743
3.224454 0.182663 6.115160
3.319175 0.038178 6.200799
3.438227 -0.268699 6.246159
3.558011 -0.466934 6.180453
3.669573 -0.652770 6.097126
3.821521 -0.925789 6.002221
3.913706 -1.073402 5.941185
3.957545 -1.265242 5.819172
3.987779 -1.423003 5.725179
4.061537 -1.606782 5.652733
4.075357 -1.857469 5.462350
4.073553 -1.998685 5.414483
4.124983 -2.120261 5.372526
4.134704 -2.275801 5.280779
4.171211 -2.360703 5.179253
4.186767 -2.360934 5.162908
4.202747 -2.354078 5.146142
4.165309 -2.355314 5.161157
4.180847 -2.352745 5.163305
4.139749 -2.286843 5.214334
4.103884 -2.110957 5.260174
4.061454 -1.969239 5.365729
4.060517 -1.913099 5.359839
4.010623 -1.735304 5.481210
3.958722 -1.567829 5.605772
3.828255 -1.395548 5.684304
3.692227 -1.287315 5.731800
3.570347 -1.181301 5.769561
3.355536 -1.008989 5.868934
3.273871 -0.938303 5.884964
2.890923 -0.638206 6.053285
2.558052 -0.411342 6.215637
1.860811 0.135332 6.467990
1.509346 0.426633 6.650827
1.165588 0.699178 6.765167
0.775565 1.014246 6.968399
0.554999 1.246738 7.084918
0.237553 1.568783 7.225213
0.019405 1.802224 7.362413
-0.116680 2.043355 7.488286
-0.296578 2.363363 7.646733
-0.425679 2.495294 7.754528
-0.447560 2.644531 7.800190
-0.375679 2.775661 7.873736
-0.257947 2.926955 7.907115
-0.063651 2.913937 7.860669
0.151585 2.855807 7.851980
0.353970 2.862697 7.780155
0.647363 2.778207 7.727286
0.860140 2.665323 7.654262
1.125044 2.512176 7.537288
1.342649 2.289662 7.415723
1.596890 2.000056 7.247863
1.881799 1.684340 7.076645
2.148818 1.369117 6.916481
2.421812 1.015171 6.733710
2.626400 0.726387 6.583050
2.869071 0.346474 6.384358
3.031742 0.074547 6.250808
3.152745 -0.137468 6.140355
3.221166 -0.313611 6.069037
3.297762 -0.503090 5.974451
3.392555 -0.688227 5.871461
3.447043 -0.778395 5.779261
3.466295 -0.847524 5.715505
3.420615 -0.900087 5.687434
3.329471 -0.853283 5.673853
3.092386 -0.754341 5.700497
2.822376 -0.634977 5.772936
2.511234 -0.483804 5.758970
2.097995 -0.280476 5.817733
1.728140 -0.097876 5.857226
1.310085 0.131708 5.945342
0.917343 0.408267 6.076410
0.614426 0.640715 6.155107
0.120798 1.125340 6.350983
-0.373756 1.679121 6.632328
-0.931084 2.307862 6.934971
-1.339416 2.725977 7.071036
-1.670102 2.964317 7.187623
-2.009797 3.265275 7.332769
-2.171371 3.380751 7.446435
-2.245764 3.460089 7.406758
-2.288135 3.576894 7.467197
-2.163043 3.665386 7.508610
-1.930477 3.751785 7.620200
-1.676992 3.813768 7.660865
-1.279941 3.866349 7.677337
-0.934035 3.919463 7.730609
-0.466602 3.988532 7.819623
-0.067700 4.042933 7.877671
0.434876 4.088498 8.010908
0.836439 4.132279 8.018823
1.354933 3.985904 7.969590
1.753001 3.723019 7.888391
2.102086 3.283718 7.669606
2.393348 2.737472 7.423361
2.725430 1.878691 6.985103
2.988243 1.071895 6.614485
3.141789 0.555356 6.377982
3.277625 0.087894 6.163945
3.401175 -0.150758 6.023308
3.378822 -0.373293 5.922882
3.263263 -0.480441 5.823176
3.030067 -0.514111 5.781498
2.646795 -0.479648 5.755236
2.274585 -0.352612 5.776299
1.504667 -0.061100 5.854945
1.015980 0.110021 5.903130
0.176894 0.510460 6.107974
-0.568999 0.994496 6.337274
-1.085848 1.373933 6.491904
-1.667947 1.888760 6.782480
-2.097042 2.280485 6.766844
-2.546540 2.719620 6.524164
-2.824788 3.085142 6.309154
-3.042738 3.242876 6.019167
-3.097941 3.413764 5.408383
-3.093245 3.451418 4.938903
-3.043594 3.435767 4.434591
-2.862462 3.559126 4.320646
-2.541941 3.699848 4.292458
-2.221080 3.782272 4.383015
-1.818861 3.813336 4.597283
-1.420046 3.808872 4.977229
-1.276107 3.820980 5.150711
-0.924750 3.834315 5.613339
-0.680505 3.885313 5.970440
-0.575801 3.889237 6.149583
0.244094 2.887262 6.677677
0.718522 2.035511 6.434509
1.170625 1.071682 6.118243
1.678239 0.018230 5.788350
2.011092 -0.734331 5.451523
2.310566 -1.337338 5.256808
2.394318 -1.517926 5.186515
2.414695 -2.088918 4.923325
2.220949 -2.300444 4.767200
1.919809 -2.451573 4.680641
1.488652 -2.577727 4.644915
1.083332 -2.582901 4.571090
0.518970 -2.536491 4.472091
-0.149960 -2.395326 4.548582
-1.064949 -2.030288 4.720751
-1.734328 -1.513159 4.882878
-2.608009 -0.909683 5.126605
-3.180255 -0.276922 5.444105
-3.640644 0.269177 5.686543
-4.111221 0.793447 5.958366
-4.394223 1.136266 6.123035
-4.394223 1.136266 6.123035
-4.417341 1.215694 6.180201
-4.658504 1.623056 6.420415
-4.768037 1.897128 6.560580
-4.828554 2.126665 6.635766
-4.924082 2.340549 6.747449
-4.924082 2.340549 6.747449
-4.908163 2.542017 6.834852
-4.646495 2.918121 7.045864
-4.580467 2.971780 7.077352
-4.447343 3.014061 7.102212
-4.377338 3.046511 7.174261
-4.175394 3.132002 7.224495
-3.921574 3.214929 7.189651
-3.650927 3.285455 7.216184
-3.356528 3.330335 7.256341
-2.973310 3.368314 7.317441
-2.516130 3.334038 7.337531
-2.130145 3.129897 7.263841
-1.756039 2.911690 7.211460
-1.320969 2.678896 7.121138
-0.954416 2.407054 6.985415
-0.607871 2.062617 6.884789
-0.143557 1.683551 6.761254
0.283801 1.298153 6.589455
0.283801 1.298153 6.589455
1.383758 -0.085592 5.938388
1.861231 -0.850612 5.562036
2.180648 -1.499410 5.228928
2.222964 -1.608505 5.178928
2.318676 -1.925051 5.000639
2.456409 -2.516464 4.687726
2.456434 -2.843872 4.550902
2.307074 -3.891642 3.985493
2.216718 -4.154731 3.829151
2.072038 -4.401886 3.704744
2.051262 -4.420495 3.696210
2.005293 -4.472819 3.646190
1.777330 -4.825532 3.468927
1.617898 -4.924712 3.394889
0.806423 -5.016402 3.326776
0.230224 -4.922999 3.309276
-0.728495 -4.556247 3.458791
-1.661232 -4.020029 3.695461
-2.623398 -3.532351 3.877940
-3.449536 -2.765195 4.379271
-3.689124 -2.488343 4.487855
-4.306602 -1.610852 4.998218
-5.048972 -0.126000 5.695038
-5.316007 0.782341 5.974847
-5.566577 1.539695 6.268302
-5.595942 1.630081 6.291044
-5.721665 1.956294 6.273048
-5.840900 2.333586 6.152926
-5.862313 2.382604 6.110224
-5.923066 2.672761 5.986745
-5.813563 2.784323 5.805090
-5.653688 2.900792 5.715217
-5.355513 3.008844 5.666565
-5.271096 3.042256 5.695840
-5.173642 3.083098 5.676900
-4.443182 3.237172 5.725220
-4.123286 3.262875 5.817093
-3.932916 3.300630 5.915660
-3.688477 3.297626 5.990820
-3.534385 3.308783 6.040357
-3.379574 3.337421 6.110423
-2.629169 3.207809 6.406849
-2.407702 3.097850 6.503127
-1.594998 2.321572 6.357673
-0.701928 1.139909 5.965629
-0.238711 0.343320 5.692840
0.307928 -0.730777 5.316971
0.577167 -1.295222 5.201132
0.842645 -1.873793 4.846102
1.098122 -2.468780 4.537307
1.175191 -2.636680 4.437317
1.297833 -3.126396 4.214463
1.338308 -3.494318 4.056230
1.340667 -3.570705 4.027195
1.315756 -3.846543 3.889827
1.215339 -4.156875 3.730873
1.215339 -4.156875 3.730873
1.052993 -4.360435 3.621414
0.844900 -4.510864 3.546920
0.581761 -4.602579 3.485958
0.306654 -4.642765 3.454780
-0.044201 -4.627945 3.428323
-0.363809 -4.601247 3.432774
-0.363809 -4.601247 3.432774
-0.766209 -4.523965 3.547877
-1.234025 -4.222521 3.674408
-1.727192 -3.965158 3.674056
-2.235054 -3.722833 3.766688
-2.235054 -3.722833 3.766688
-2.774464 -3.476803 3.908013
-3.233254 -3.185623 4.022254
-3.673777 -2.901533 4.144245
-4.067262 -2.491263 4.362562
-4.067262 -2.491263 4.362562
-4.330712 -2.061116 4.563514
-4.641576 -1.487052 4.857330
-4.836071 -0.987546 5.122902
-5.021639 -0.529324 5.382014
-5.021639 -0.529324 5.382014
-5.245622 0.082551 5.738554
-5.410021 0.631060 6.005502
-5.539901 1.063780 6.251519
-5.653035 1.433678 6.431990
-5.653035 1.433678 6.431990
-5.763018 1.732493 6.590545
-5.834018 1.969485 6.712660
-5.884682 2.162521 6.825050
-5.954747 2.363048 6.872840
-6.012128 2.524054 6.910126
-6.021000 2.649901 6.936758
-6.060676 2.817964 6.949315
-6.039885 2.880133 6.936497
-5.983537 2.925023 6.902545
-5.784203 2.987911 6.914716
-5.539474 3.038226 7.104375
-5.293753 3.075225 7.066703
-5.293753 3.075225 7.066703
-4.829025 3.148376 7.094933
-4.541735 3.184123 7.157635
-3.999708 3.095914 7.152290
-3.623955 2.886207 7.078582
-3.039865 2.458302 6.911160
-2.571228 2.049328 6.719868
-2.219767 1.702193 6.525177
-1.360799 0.708246 6.052904
-0.962596 0.186648 5.805834
-0.897803 0.088473 5.766226
-0.184626 -1.032853 5.297303
0.080574 -1.564739 5.030396
0.169091 -1.762854 4.933968
0.528969 -2.741206 4.432245
0.700789 -3.185946 4.209029
0.753405 -3.317228 4.149935
0.843813 -3.699304 3.994167
0.763056 -4.326790 3.662001
0.601785 -4.627522 3.524923
0.210336 -4.818172 3.386284
-0.098779 -4.796228 3.366722
-0.544947 -4.679720 3.404802
-0.891026 -4.496889 3.490575
-1.327359 -4.242877 3.605462
-1.763174 -3.972074 3.714096
-2.351059 -3.514678 3.931555
-2.795200 -3.151858 4.103568
-3.442012 -2.612146 4.334005
-3.870385 -2.134825 4.553780
-4.267826 -1.588231 4.839134
-4.401589 -1.336799 4.971744
-4.851830 -0.485013 5.406232
-5.068336 0.108737 5.767659
-5.291954 0.685578 6.066858
-5.310308 0.766681 6.128129
-5.544731 1.444166 6.499499
-5.653512 1.758937 6.859312
-5.699280 1.871902 6.889384
-5.830531 2.180111 7.077852
-5.881785 2.352409 6.984542
-5.879477 2.426138 6.913421
-5.971524 2.666557 6.947796
-6.020746 2.744537 7.003904
-6.040175 2.836461 7.055021
-5.903637 2.899946 7.132316
-5.707486 2.960889 7.178507
-5.639191 2.983411 7.201840
-5.175522 3.093437 7.331868
-4.874183 3.096985 7.350337
-4.645011 3.093882 7.332704
-4.287694 3.108033 7.356534
-3.929471 2.954916 7.468259
-3.515453 2.650628 7.187599
-3.016955 2.222481 6.864970
-2.951587 2.148821 6.823846
-2.200348 1.378840 6.435507
-1.758815 0.836072 6.167891
-1.459792 0.365555 5.943654
-1.299604 0.110417 5.829997
-0.876400 -0.731057 5.394907
-0.685614 -1.315078 5.124662
-0.518443 -1.882221 4.836354
-0.481407 -2.008791 4.770562
-0.476591 -2.128723 4.720725
-0.363706 -2.645457 4.461406
-0.329108 -2.991839 4.274338
-0.451370 -3.332286 4.261083
-0.587121 -3.622376 3.960573
-0.810420 -3.843004 3.775878
-1.041289 -4.006483 3.694959
-1.290843 -4.056704 3.649337
-1.290843 -4.056704 3.649337
-1.604881 -4.063670 3.648896
-1.810534 -4.034441 3.663406
-2.241049 -3.865050 3.746943
-2.629490 -3.632540 3.864386
-3.434202 -3.061005 4.147838
-3.979457 -2.634672 4.345847
-4.409116 -2.111761 4.625366
-4.756196 -1.363838 4.986488
-5.042954 -0.507061 5.450622
-5.410263 0.750234 6.119540
-5.504151 1.029423 6.247046
-5.629323 1.530839 6.481719
-5.745032 1.814794 6.807136
-5.846768 2.181982 6.862916
-5.932854 2.261372 6.848020
-5.946985 2.308059 6.872733
-6.006015 2.500454 6.940372
-6.042217 2.656705 7.004631
-6.036786 2.603451 6.966690
-6.033011 2.709868 7.079962
-5.820848 2.800475 7.091849
-5.546249 2.903352 7.157761
-5.197743 2.979133 7.171684
-4.928718 3.046765 7.222008
-4.471009 2.948147 7.124011
-4.032037 2.527000 6.996280
-3.599445 2.061068 6.694519
-3.033179 1.314159 6.273069
-2.128892 -0.048769 5.607520
-1.955542 -0.388221 5.441252
-1.614810 -1.107024 5.083228
-1.243006 -2.303707 4.578067
-1.176943 -2.787311 4.320946
-1.180264 -2.889649 4.255899
-1.158028 -3.374279 4.051304
-1.177610 -3.449740 3.998607
-1.211771 -3.609789 3.913599
-1.297787 -3.789621 3.848604
-1.340851 -3.892493 3.810413
-1.487964 -4.000902 3.731917
-1.668417 -3.899544 3.759652
-1.899854 -3.708714 3.844508
-2.308736 -3.338622 4.019271
-2.639934 -2.993421 4.163800
-3.044907 -2.513376 4.404448
-3.522617 -1.846995 4.694309
-4.057110 -1.181709 5.023610
-4.453741 -0.496800 5.356008
-4.842347 0.287673 5.756494
-5.155774 0.994786 6.116095
-5.365218 1.560499 6.436589
-5.540520 1.912738 6.589368
-5.563897 1.982339 6.626460
-5.644698 2.131104 6.683335
-5.680779 2.240426 6.755115
-5.728960 2.356024 6.793309
-5.790543 2.511435 6.874560
-5.851783 2.606510 6.895536
-5.857739 2.634798 6.908480
-5.912271 2.771727 6.971441
-5.865937 2.875952 7.022759
-5.734646 2.939987 7.022938
-5.508384 2.993609 6.997118
-5.289730 3.034537 7.035682
-5.056788 3.024334 7.063106
-5.056788 3.024334 7.063106
-4.451781 2.734506 6.913598
-4.208752 2.609663 6.868126
-3.353933 2.053497 6.614902
-2.942256 1.673727 6.421565
-2.908874 1.650767 6.414248
-2.576394 1.115410 6.163886
-2.176522 0.448641 5.861143
-1.860205 -0.197990 5.557313
-1.517778 -1.112183 5.116537
-1.393849 -1.540080 4.912954
-1.285161 -2.074279 4.678030
-1.276290 -2.289593 4.591500
-1.189352 -2.862523 4.323000
-1.199604 -2.982834 4.262244
-1.297084 -3.178575 4.174974
-1.462066 -3.272339 4.113805
-1.848054 -3.147122 4.160049
-1.966851 -3.044712 4.204029
-2.307261 -2.681992 4.360790
-2.594255 -2.329850 4.528101
-2.686465 -2.253021 4.588596
-2.686465 -2.253021 4.588596
-2.975506 -1.828991 4.754471
-3.323047 -1.368248 4.981093
-3.712474 -0.803496 5.267931
-4.077953 -0.156994 5.571273
-4.077953 -0.156994 5.571273
-4.445059 0.462516 5.856929
-5.143097 1.602584 6.417660
-5.326796 1.906162 6.537569
-5.437033 2.106933 6.666694
-5.606886 2.330457 6.751072
-5.679036 2.447450 6.817210
-5.753089 2.568758 6.867635
-5.790840 2.662559 6.919782
-5.814604 2.766108 6.973914
-5.840622 2.842761 7.017780
-5.845678 2.812517 6.991911
-5.845485 2.785099 6.985938
-5.860214 2.781955 6.985071
-5.720163 2.931248 7.010559
-5.626434 2.977005 7.028657
-5.519441 3.037800 7.048410
-5.281015 3.066027 7.062611
-5.136910 3.097213 7.073089
-4.993306 3.123151 7.068429
-4.943121 3.137572 7.113198
-4.550844 3.156099 7.097407
-4.493076 3.163939 7.098798
-4.204826 2.998124 7.030817
-3.802589 2.765614 6.942014
-3.333661 2.351871 6.737997
-3.038582 1.959637 6.554787
-2.749756 1.550913 6.360754
-2.535557 1.209787 6.205896
-2.252522 0.700669 5.977264
-2.097544 0.352652 5.816973
-2.048673 0.239500 5.769140
-1.844591 -0.337379 5.489415
-1.773581 -0.654325 5.349201
-1.748131 -0.866505 5.243378
-1.717636 -1.131586 5.129794
-1.687593 -1.281372 5.053221
-1.717966 -1.363608 5.006681
-1.806213 -1.447145 4.978566
-1.899850 -1.493623 4.953095
-1.944962 -1.479824 4.959663
-2.399546 -1.301559 5.007223
-2.418918 -1.300738 5.031412
-2.487984 -1.231359 5.056279
-3.039811 -0.542120 5.408455
-3.393289 -0.120039 5.591413
-3.666652 0.293585 5.788843
-3.947222 0.680586 5.985949
-4.394778 1.194920 6.226976
-4.435457 1.259160 6.243779
-4.801514 1.661049 6.440804
-5.107532 2.026152 6.616228
-5.308128 2.249218 6.711154
-5.308051 2.264095 6.727609
-5.381234 2.318831 6.712091
-5.518139 2.470354 6.788448
-5.641304 2.626976 6.886828
-5.703631 2.704327 6.893937
-5.792786 2.788215 6.931807
-5.840995 2.866681 6.988658
-5.875284 2.927449 7.018526
-5.898149 2.979552 7.029451
-5.898149 2.979552 7.029451
-5.911613 2.993044 7.051981
-5.910791 3.045258 7.034685
-5.897535 3.149487 7.096276
-5.827184 3.067071 7.036015
-5.750967 3.032997 7.000116
-5.636886 3.085437 7.027523
-5.492085 3.097002 7.051605
-5.317283 3.116586 7.032765
-5.177928 3.137567 7.035850
-5.003804 3.133373 7.049754
-4.819090 3.151529 7.061138
-4.589540 3.136891 7.067236
-4.589540 3.136891 7.067236
-4.364441 3.062944 7.034729
-4.195830 2.940347 6.977692
-3.836831 2.682745 6.892010
-2.973370 1.536046 6.355236
-2.627728 0.771934 6.003614
-2.580867 0.633820 5.942625
-2.295081 0.092707 5.696649
-2.241310 0.031497 5.689765
-2.231629 -0.018366 5.653766
-2.148360 -0.266790 5.532841
-2.138478 -0.405861 5.476517
-2.196193 -0.463441 5.431598
-2.288319 -0.495751 5.413301
-2.393800 -0.492063 5.427503
-2.393800 -0.492063 5.427503
-2.559480 -0.395669 5.473333
-2.722308 -0.315437 5.481417
-2.877757 -0.258211 5.520513
-3.100411 -0.118122 5.587984
-3.325608 0.090831 5.683816
-3.588135 0.290906 5.815133
-3.588135 0.290906 5.815133
-3.815557 0.552328 5.906800
-4.096304 0.896197 6.088299
-4.371397 1.280297 6.268949
-4.371397 1.280297 6.268949
-4.678601 1.663799 6.433410
-4.961172 1.972579 6.591666
-4.961172 1.972579 6.591666
-5.177034 2.188236 6.683442
-5.343120 2.388657 6.795024
-5.466980 2.526417 6.846683
-5.600297 2.640051 6.896441
-5.677290 2.731701 6.913569
-5.677290 2.731701 6.913569
-5.756957 2.801742 6.936906
-5.883478 2.857293 6.931927
-5.883478 2.857293 6.931927
-6.082788 2.882735 6.945125
-6.104473 2.921815 6.937309
-6.091657 2.969757 6.937304
-5.919209 2.981340 6.931378
-5.885611 3.007179 6.929846
-5.878279 3.027642 6.938708
-5.878279 3.027642 6.938708
-5.831142 3.038622 6.993600
-5.733471 3.045057 7.026008
-5.637409 3.058001 7.014319
-5.510293 3.060732 7.028654
-5.362648 3.066958 7.019317
-5.362648 3.066958 7.019317
-5.286139 3.073267 7.095995
-5.078182 3.114308 7.161664
-4.863553 3.156728 7.033966
-4.863553 3.156728 7.033966
-4.715712 3.096778 6.989298
-4.521924 3.008337 6.987367
-4.315551 2.864501 6.906052
-4.315551 2.864501 6.906052
-4.083232 2.616762 6.811723
-3.796096 2.270020 6.655503
-3.615204 1.978329 6.548231
-3.615204 1.978329 6.548231
-3.274798 1.684797 6.423192
-3.017029 1.365715 6.273350
-3.017029 1.365715 6.273350
-2.805444 1.095431 6.147282
-2.620272 0.813717 6.010203
-2.620272 0.813717 6.010203
-2.455809 0.539645 5.889646
-2.316150 0.314211 5.800925
-2.132956 0.091655 5.691631
-2.124390 -0.116516 5.602429
-2.124390 -0.116516 5.602429
-2.167414 -0.253312 5.531229
-2.193732 -0.302425 5.500155
-2.193732 -0.302425 5.500155
-2.291082 -0.338591 5.504566
-2.444579 -0.281459 5.514485
-2.612062 -0.214793 5.574289
-2.816424 -0.066245 5.609436
-2.816424 -0.066245 5.609436
-3.062884 0.132676 5.697953
-3.062884 0.132676 5.697953
-3.338280 0.377545 5.812477
-3.619012 0.625838 5.919300
-3.945445 0.947456 6.066762
-3.945445 0.947456 6.066762
-4.267037 1.313053 6.251863
-4.581336 1.653204 6.413540
-4.886212 1.968537 6.565821
-4.886212 1.968537 6.565821
-5.101294 2.215043 6.675906
-5.289585 2.363511 6.749795
-5.289585 2.363511 6.749795
-5.540284 2.487681 6.765053
-5.728805 2.578757 6.805080
-5.634379 2.682391 6.878891
-5.634379 2.682391 6.878891
-5.622669 2.758670 6.935255
-5.695816 2.805208 6.947572
-5.746418 2.848342 6.982720
-5.746418 2.848342 6.982720
-5.793568 2.859553 7.120547
-5.849121 2.887957 7.121525
-5.849121 2.887957 7.121525
-5.846499 2.920740 6.924324
-5.901581 2.959399 6.874257
-5.889582 2.957627 6.884641
-5.944583 2.965656 6.889032
-5.944583 2.965656 6.889032
-5.984050 2.962464 6.890252
-5.996907 2.976750 6.855889
-5.996907 2.976750 6.855889
-6.029539 2.979406 6.867939
-5.684581 2.973141 6.927149
-5.684581 2.973141 6.927149
-5.307056 2.986976 6.973194
-5.025539 3.017105 6.982955
-4.660187 3.003294 7.029752
-4.465460 2.918267 6.994552
-4.431102 2.909544 6.996261
-4.366068 2.855422 6.962692
-4.159701 2.771988 6.949681
-3.918094 2.582440 6.858784
-3.569183 2.241473 6.702518
-3.529076 2.201457 6.717531
-3.458312 2.143923 6.734226
-3.265229 1.888267 6.708270
-3.035770 1.683124 6.426501
-2.854669 1.445512 6.236143
-2.618152 1.168331 6.141955
-2.586441 1.120132 6.103614
-2.420359 0.874517 5.976778
-2.403863 0.856809 5.994565
-2.348494 0.779749 5.959908
-2.225177 0.598261 5.898575
-2.110265 0.454623 5.836005
-2.028163 0.219641 5.765380
-2.066063 0.177678 5.762830
-2.201791 0.263039 5.805446
-2.384617 0.388225 5.877082
-2.721588 0.563525 5.928155
-2.935514 0.757588 6.019810
-3.129160 0.897171 6.061903
-3.472132 1.275052 6.253135
-3.860523 1.758584 6.515485
-4.249328 2.039757 6.623236
-4.611405 2.224969 6.697213
-4.928330 2.263874 6.673394
-5.199760 2.553377 6.810467
-5.382076 2.775714 6.935333
-5.530229 2.769301 6.909000
-5.609321 2.596260 6.932863
-5.684957 2.678783 6.865226
-5.709449 2.749967 6.855342
-5.761387 2.808855 6.905176
-5.785247 2.753520 6.847259
-5.813960 2.766716 6.876328
-5.812618 2.815682 6.881653
-5.851840 2.858905 6.906217
-5.825971 2.843564 6.886969
-5.806749 2.849838 6.901130
-5.654970 2.879429 6.911205
-5.115210 2.901110 6.897604
-4.678950 2.875319 6.906809
-4.430286 2.807924 6.863679
-4.317264 2.767306 6.852739
-3.684685 2.365095 6.745974
-3.321562 2.100641 6.622831
-3.008061 1.882885 6.536926
-2.900485 1.795192 6.495570
-2.652111 1.629783 6.444967
-2.445866 1.492181 6.398909
-2.208389 1.401710 6.373456
-1.992959 1.323234 6.324769
-1.979896 1.316362 6.299453
-2.052254 1.272551 6.312784
-2.194996 1.239433 6.497178
-2.440906 1.388532 6.536558
-2.694377 1.537769 6.576180
-2.884252 1.671446 6.578258
-3.311677 1.942634 6.651838
-3.920466 2.344161 6.802863
-4.122829 2.427459 6.827668
-4.466741 2.539860 6.841979
-4.765524 2.620339 6.883386
-5.036325 2.709000 6.736251
-5.381479 2.787171 6.758929
-5.498021 2.799392 6.805134
-5.588145 2.810991 6.832065
-5.651433 2.815117 6.867170
-5.698529 2.829923 6.890247
-5.732759 2.827692 6.878069
-5.766254 2.832611 6.885782
-5.776175 2.828572 6.889763
-5.807505 2.818093 6.881050
-5.731292 2.823918 6.904371
-5.592418 2.836678 6.888430
-5.446063 2.851790 6.909129
-5.028162 2.863880 6.944430
-4.576589 2.874234 6.974701
-4.249055 2.908491 6.972032
-3.948529 2.993784 7.048930
-3.559979 2.793609 6.985515
-3.218083 2.594621 6.883883
-2.910051 2.484402 6.856201
-2.724100 2.385229 6.825219
-2.496309 2.270244 6.786506
-2.315615 2.138666 6.748684
-2.063167 2.039898 6.691214
-1.932824 1.954200 6.656878
-1.899027 1.928867 6.647707
-1.910401 1.899782 6.621942
-1.990840 1.895495 6.643561
-2.149318 1.957724 6.651646
-2.324014 2.043594 6.697711
-2.565331 2.131041 6.726383
-2.912674 2.265768 6.779102
-3.233594 2.397251 6.937568
-3.633432 2.524619 7.108121
-4.031175 2.624716 7.081371
-4.408085 2.701961 6.967914
-4.780960 2.751525 6.852599
-5.014088 2.785049 6.844037
-5.118384 2.801159 6.836940
-5.281819 2.822450 6.846691
-5.399370 2.813879 6.954109
-5.436781 2.805590 6.974769
-5.520140 2.781548 7.079599
-5.601020 2.791800 7.071430
-5.650901 2.699528 6.982588
-5.683653 2.707476 6.935812
-5.704182 2.735216 6.926031
-5.722783 2.752022 6.931617
-5.735008 2.756095 6.929783
-5.734306 2.777323 6.918231
-5.669573 2.774453 6.909715
-5.553504 2.785382 6.900216
-5.273683 2.853637 6.730009
-5.273683 2.853637 6.730009
-5.276365 2.832622 6.746651
-4.901626 2.862644 6.821411
-4.617940 2.893250 6.858829
-4.353516 2.891828 6.903932
-4.085020 2.912260 6.957197
-3.880453 2.890379 6.978553
-3.466273 2.771486 6.955080
-3.293123 2.703411 6.926030
-3.229777 2.672634 6.905678
-2.966135 2.525665 6.859897
-2.770854 2.383918 6.813584
-2.535257 2.227545 6.748200
-2.363391 2.114620 6.695163
-2.086800 1.938222 6.628474
-1.991244 1.898682 6.611384
-1.945556 1.889235 6.618319
-1.867540 1.826463 6.593378
-1.816359 1.809892 6.578040
-1.822549 1.809747 6.606291
-1.881067 1.813056 6.590819
-1.993270 1.814830 6.586390
-2.076616 1.826208 6.595975
-2.163434 1.862892 6.601026
-2.337265 1.973955 6.652736
-2.528092 2.067019 6.707238
-2.800518 2.209111 6.763486
-3.093859 2.341565 6.808875
-3.330667 2.449977 6.856863
-3.591225 2.540051 6.903648
-3.879691 2.616684 6.940039
-4.048943 2.652974 6.929176
-4.340626 2.713251 6.946784
-4.647108 2.712317 6.917763
-4.868293 2.751780 6.930488
-5.085642 2.768742 6.933836
-5.249421 2.774943 6.916054
-5.358120 2.783530 6.928193
-5.386649 2.793120 6.921248
-5.458995 2.801967 6.924796
-5.550410 2.786058 6.917258
-5.603518 2.809328 6.909122
-5.643892 2.812946 6.915957
-5.675789 2.816644 6.914415
-5.679072 2.807264 6.884335
-5.666408 2.814717 6.913935
-5.621009 2.810066 6.927088
-5.567603 2.827445 6.896292
-5.475737 2.812892 6.901907
-5.344611 2.808645 6.905340
-5.227989 2.825911 6.927780
-5.105138 2.820116 6.927994
-4.922990 2.857072 6.938276
-4.636986 2.839465 6.957204
-4.433471 2.863054 6.979505
-4.306830 2.867143 6.975445
-4.125521 2.889043 6.994368
-3.941329 2.904623 7.023851
-3.833868 2.916680 7.044073
-3.767843 2.914839 7.039574
-3.659242 2.910216 7.051005
-3.485918 2.937144 7.067461
-3.341271 2.925867 7.061692
-3.203566 2.912515 7.075046
-2.982302 2.803416 7.039721
-2.878694 2.750191 6.996735
-2.749851 2.805597 7.035843
-2.644494 2.665571 6.984639
-2.534379 2.510241 6.910008
-2.441888 2.406610 6.851221
-2.416171 2.388722 6.852278
-2.311573 2.328386 6.823870
-2.211067 2.285532 6.820830
-2.149883 2.231451 6.796959
-2.130859 2.219183 6.763731
-2.130859 2.219183 6.763731
-2.119841 2.207833 6.785365
-2.132927 2.200678 6.756692
-2.132927 2.200678 6.756692
-2.220643 2.200813 6.780008
-2.317859 2.249190 6.794054
-2.446666 2.263316 6.782665
-2.550480 2.277549 6.795511
-2.635838 2.305053 6.814247
-2.770124 2.331098 6.827006
-2.918610 2.374726 6.822684
-3.375655 2.545495 6.911222
-3.511190 2.614046 6.924259
-3.564617 2.633162 6.930679
-3.817458 2.678650 6.936495
-4.093679 2.721465 6.948990
-4.380605 2.742420 6.942360
-4.655122 2.771277 6.944432
-4.863321 2.779794 6.939763
-5.068211 2.771348 6.934423
-5.068211 2.771348 6.934423
-5.255165 2.788094 6.940298
-5.365355 2.769799 6.905262
-5.458189 2.791235 6.904961
-5.522523 2.759218 6.912075
-5.655566 2.787716 6.885106
-5.677037 2.775592 6.887062
-5.687917 2.789540 6.883021
-5.636249 2.785111 6.901157
-5.529575 2.780266 6.900221
-5.421970 2.769214 6.900031
-5.346440 2.786231 6.900115
-5.090218 2.801905 6.918906
-4.778102 2.838827 6.925748
-4.557795 2.832000 6.945799
-4.303136 2.845542 6.975371
-4.138706 2.860197 6.976590
-3.912302 2.832037 6.990154
-3.668103 2.768340 6.961021
-3.423582 2.692538 6.934949
-3.209829 2.589684 6.905917
-2.931859 2.446826 6.843604
-2.715973 2.345589 6.804507
-2.471233 2.223741 6.765792
-2.309742 2.149867 6.738666
-2.147262 2.084271 6.706287
-1.987782 2.023625 6.694603
-1.850968 1.995495 6.689676
-1.833844 1.970060 6.651932
-1.832498 1.947396 6.649237
-1.890559 1.925105 6.646369
-1.993246 1.972478 6.680972
-2.117596 2.039027 6.693006
-2.323742 2.134428 6.727525
-2.515647 2.225653 6.780552
-2.857232 2.394171 6.845877
-3.184890 2.538144 6.885478
-3.512787 2.639736 6.921005
-3.866972 2.687791 6.932187
-4.188419 2.732066 6.915575
-4.542020 2.766686 6.895752
-4.834433 2.785757 6.887796
-5.114768 2.768714 6.850689
-5.318766 2.791639 6.834712
-5.429016 2.805059 6.819095
-5.528765 2.768890 6.884172
-5.605313 2.770601 6.738570
-5.642980 2.793919 6.708673
-5.608398 2.817672 6.702709
-5.551308 2.795625 6.703332
-5.501716 2.807833 6.665089
-5.223474 2.796170 6.625454
-5.078166 2.741884 6.638845
-4.798382 2.576895 6.519060
-4.615405 2.415535 6.390105
-4.409458 2.225153 6.309419
-4.383139 2.190574 6.294917
-4.355434 2.170755 6.270968
-4.142875 2.023645 6.181171
-4.142875 2.023645 6.181171
-3.749794 1.716696 6.081647
-3.749794 1.716696 6.081647
-3.434301 1.433916 5.927955
-3.080515 1.193272 5.800109
-2.649244 0.937504 5.698127
-2.649244 0.937504 5.698127
-2.189498 0.664846 5.365106
-1.771518 0.463812 4.983888
-1.771518 0.463812 4.983888
-1.392375 0.256918 4.449258
-1.017046 0.058696 3.833163
-1.017046 0.058696 3.833163
-0.694575 -0.156389 3.206960
-0.359252 -0.410019 2.397781
-0.359252 -0.410019 2.397781
-0.106481 -0.648779 1.698028
0.081383 -0.834804 1.011509
0.296460 -1.149506 0.174677
0.370361 -1.339451 -0.189517
0.396476 -1.377127 -0.263372
0.512321 -1.728076 -1.505391
0.430066 -1.641893 -2.670203
0.412382 -1.616816 -2.859598
0.287932 -1.563014 -3.408024
-0.216508 -1.534953 -4.105327
-0.455985 -1.511021 -4.366354
-0.833374 -1.518354 -4.611163
-1.418039 -1.449662 -4.818376
-1.857317 -1.366430 -4.896042
-2.303698 -1.348241 -4.960037
-2.647702 -1.315804 -5.033241
-2.893895 -1.222604 -5.042520
-3.053753 -1.158698 -5.008372
-3.285626 -1.035575 -4.977877
-3.587144 -0.544870 -4.678391
-3.692616 -0.176581 -4.425718
-3.822034 0.255726 -4.166104
-3.918204 0.703518 -3.798890
-3.906087 1.169142 -3.464758
-3.883928 1.642411 -3.136445
-3.816425 2.052653 -2.849805
-3.686214 2.275873 -2.688940
-3.495731 2.338834 -2.691423
-3.337611 2.340446 -2.669869
-3.039686 2.231988 -2.782898
-2.756961 2.044387 -2.964494
-2.470292 1.742362 -3.129550
-2.108605 1.273316 -3.444257
-1.787865 0.971194 -3.672290
-1.360590 0.567883 -4.014291
-0.966492 0.146886 -4.296834
-0.593423 -0.342423 -4.665548
-0.285769 -0.756017 -4.968431
-0.013409 -1.109446 -5.244635
0.110059 -1.275217 -5.420978
0.223693 -1.451660 -5.541490
0.313405 -1.613934 -5.593183
0.345287 -1.611617 -5.621033
0.203504 -1.543029 -5.589830
-0.008906 -1.424951 -5.531298
-0.295149 -1.271425 -5.499755
-0.646054 -1.084876 -5.373359
-1.027268 -0.878752 -5.291663
-1.480609 -0.641687 -5.148735
-1.975516 -0.324990 -4.968999
-2.436655 -0.036991 -4.740481
-2.778413 0.222572 -4.543457
-3.268735 0.594591 -4.278149
-3.411101 0.719679 -4.201744
-3.973874 1.090276 -3.914330
-4.231352 1.454875 -3.666723
-4.336722 1.747602 -3.410075
-4.412758 2.101013 -3.159041
-4.238533 2.394058 -2.943907
-4.156587 2.698728 -2.720810
-4.054763 2.967188 -2.564096
-3.787695 3.210287 -2.415039
-3.627507 3.305414 -2.316443
-3.536734 3.349261 -2.280371
-3.128322 3.439769 -2.205156
-2.755779 3.422561 -2.181237
-2.396217 3.300165 -2.259205
-2.107655 3.145549 -2.406093
-1.331197 2.710184 -2.703610
-1.163353 2.644655 -2.739266
-0.864592 2.397647 -2.917245
-0.748117 2.278705 -3.009551
0.199507 1.358959 -3.632892
0.641984 0.825993 -4.022298
1.005885 0.289403 -4.399772
1.401596 -0.324480 -4.879195
1.707617 -0.803217 -5.213548
2.014529 -1.336352 -5.584375
2.275174 -1.730247 -5.917554
2.538863 -2.187746 -6.251373
2.658116 -2.511701 -6.493754
2.673535 -2.788893 -6.748313
2.650537 -2.939224 -6.895911
2.584007 -3.139235 -7.104348
2.488142 -3.290608 -7.241202
2.359290 -3.395115 -7.403644
2.298030 -3.447064 -7.443331
2.125009 -3.541214 -7.604334
1.799374 -3.671965 -7.774057
1.696047 -3.736021 -7.809536
1.289236 -3.849538 -7.991283
1.184566 -3.896349 -8.028013
0.895398 -3.981301 -8.125246
0.541960 -4.058373 -8.150814
0.243171 -4.052937 -8.155398
-0.410537 -3.924146 -8.037356
-0.556370 -3.879596 -7.991819
-0.945160 -3.693621 -7.834586
-1.700730 -3.367885 -7.537336
-1.847629 -3.318174 -7.465848
-2.518205 -2.911330 -7.137906
-2.627527 -2.843180 -7.111099
-2.964633 -2.559853 -6.905362
-3.252506 -2.272321 -6.641004
-3.454455 -2.074413 -6.504312
-3.787922 -1.605381 -6.127545
-4.084416 -1.145002 -5.819742
-4.284292 -0.737079 -5.442989
-4.475385 -0.386308 -5.123278
-4.668024 0.024990 -4.790987
-4.789827 0.347843 -4.502676
-4.891749 0.491197 -4.391512
-5.024089 0.839250 -4.118616
-5.144489 1.158421 -3.841881
-5.352122 1.669637 -3.403756
-5.359162 1.943757 -3.174403
-5.143119 2.169705 -2.965704
-4.802512 2.412125 -2.786047
-4.304899 2.486513 -2.685444
-3.831874 2.455043 -2.728679
-3.179689 2.288956 -2.831881
-2.495765 2.070425 -3.016553
-1.777628 1.757843 -3.266011
-1.116735 1.442830 -3.556052
-0.325312 1.033989 -3.922726
0.411456 0.488508 -4.332973
0.943239 -0.046814 -4.517001
1.230325 -0.371637 -4.578121
1.652079 -1.071192 -4.331166
1.816766 -1.503398 -3.848660
1.850374 -1.955825 -3.359484
1.857827 -2.141762 -3.202465
1.735619 -2.691483 -2.389848
1.647852 -2.774345 -2.146881
1.073680 -3.070879 -1.432942
0.762024 -3.085698 -1.367781
0.342325 -3.003855 -1.358756
-0.440024 -2.861872 -0.978706
-1.399459 -2.722885 -0.150634
-2.286614 -2.381735 0.190892
-3.001078 -1.941982 0.256441
-3.524554 -1.562373 0.216724
-3.791977 -1.352260 0.196066
-4.281769 -0.934760 0.201896
-4.656127 -0.504397 0.131173
-4.791466 -0.337382 0.201547
-5.051551 -0.023400 0.312184
-5.263512 0.291354 0.524184
-5.400163 0.494279 0.610583
-5.414064 0.733859 0.547192
-5.414419 1.000765 0.327684
-5.236912 1.452374 0.050802
-5.108764 1.932249 -0.119043
-4.920119 2.343258 -0.122049
-4.652509 2.723150 -0.173858
-4.415463 3.038780 -0.198948
-4.144224 3.369585 -0.192070
-3.746891 3.580784 -0.260608
-3.374499 3.717594 -0.298011
-2.962027 3.826954 -0.256151
-2.522601 3.903431 -0.267537
-2.124202 3.869979 -0.208094
-1.605084 3.717395 -0.132679
-1.259865 3.555010 -0.084164
-0.767057 3.234370 -0.027150
-0.387003 2.967654 0.152359
-0.036356 2.738807 0.383929
0.386651 2.500223 0.714313
0.659455 2.317221 0.959178
1.086869 1.965648 1.181720
1.481582 1.560856 1.335795
1.739740 1.235697 1.385124
2.058233 0.877026 1.442205
2.302170 0.559707 1.424122
2.460693 0.240146 1.253361
2.484641 -0.014594 1.132187
2.329863 -0.405104 1.269979
2.137164 -0.708411 1.610569
2.108685 -0.744854 1.679560
2.060341 -0.790816 1.752801
1.728645 -1.129933 2.218825
1.347815 -1.382808 2.544780
0.929642 -1.571639 2.775352
0.498071 -1.742015 2.958699
0.091050 -1.811289 3.168627
-0.359830 -1.859422 3.369671
-0.869387 -1.875771 3.577385
-1.350417 -1.815944 3.817578
-1.902381 -1.724021 4.073698
-1.902381 -1.724021 4.073698
-3.711037 -1.006344 5.027522
-4.674185 -0.413206 5.363472
-5.207924 0.183577 5.259814
-5.612326 0.937072 4.819372
-5.608217 1.547284 4.252713
-5.391116 2.124631 3.706325
-4.987472 2.652827 3.153574
-4.458626 2.899243 3.060914
-3.917629 3.051695 3.173575
-2.971799 3.578564 2.464839
-2.028537 4.133773 1.887022
-1.918651 4.155872 1.844509
-0.708116 4.592289 1.599533
0.303181 4.653836 1.508622
1.272734 4.371072 1.239165
2.100288 3.809009 0.915098
2.830719 2.864250 0.537666
3.467083 1.712585 0.383240
3.923035 0.593365 0.329712
4.299096 -0.401774 0.260893
4.645136 -1.251956 0.028177
4.897562 -1.838909 -0.140294
4.909848 -2.595401 0.624875
4.641731 -3.111344 1.063945
4.185854 -3.478823 1.173351
3.528329 -3.637898 1.260134
2.210380 -3.788414 1.385662
1.238332 -3.705660 1.615517
-0.152855 -3.486598 2.038000
-1.588627 -3.016066 2.868215
-2.865404 -2.409492 3.650845
-3.896115 -1.640714 4.435690
-4.738151 -0.937309 5.170092
-5.273485 -0.451795 5.673046
-5.585728 0.098484 5.699738
-5.760884 0.789633 5.347374
-5.789069 0.909721 5.213665
-5.824869 1.231731 4.737668
-5.894157 1.630379 4.128361
-5.953534 2.112311 3.349329
-5.950141 2.298546 3.023564
-5.946229 2.357722 2.958350
-5.977870 2.520514 2.637218
-5.351128 2.828319 2.567673
-4.781612 3.224821 2.115397
-4.522381 3.423029 1.842941
-3.835512 3.779903 1.397228
-3.004259 4.066345 1.277945
-2.469801 4.230459 1.227367
-1.381791 4.545901 1.194838
-0.463473 4.792358 1.117172
0.124751 4.916513 1.160321
0.214270 4.934619 1.184346
0.980181 4.957010 1.461745
1.622039 4.826917 1.957126
2.313835 4.174307 2.363312
2.383114 4.075214 2.397724
2.503959 3.848020 2.430178
2.867984 3.125546 2.444711
3.162281 2.312466 2.370125
3.520881 1.434832 2.121065
3.877400 0.649977 1.769502
4.186726 -0.035203 1.288922
4.473936 -0.766793 0.849006
4.623445 -1.447700 0.914150
4.741964 -2.109694 1.175022
4.828899 -2.594625 1.473940
4.900760 -2.936350 1.589360
4.960694 -3.203136 1.662455
4.958441 -3.390571 1.653547
4.728663 -3.585660 1.556660
4.204921 -3.807925 1.458254
3.612513 -3.991419 1.384179
2.994697 -4.167130 1.403394
1.596483 -4.194435 1.507042
0.593464 -3.976768 1.699933
-0.533361 -3.604432 2.060437
-1.585007 -3.088188 2.687286
-2.399004 -2.557757 3.300050
-3.279347 -1.899448 4.080529
-3.986881 -1.326576 4.744359
-4.506484 -0.804211 5.367777
-4.900280 -0.306208 5.825906
-5.107201 0.035989 5.893667
-5.279401 0.299547 5.867457
-5.557122 0.979072 5.372929
-5.640383 1.294730 4.978147
-5.650808 1.943084 4.130027
-5.647164 1.978645 4.074936
-5.686750 2.186628 3.669384
-5.765032 2.619802 3.223285
-5.381822 2.768188 3.131259
-4.257147 3.191931 2.864568
-3.139049 3.746833 2.083387
-1.977095 4.177243 1.749495
-0.921733 4.396777 1.737881
-0.159124 4.583419 1.932120
0.982412 4.513670 2.410046
1.222364 4.457772 2.599844
2.204098 3.621331 3.106983
2.745205 2.480084 3.109319
3.231302 1.429113 2.817023
3.686871 0.447011 2.264240
4.088225 -0.625577 1.891185
4.561683 -2.538024 2.275160
4.745577 -3.175363 2.140967
4.740712 -3.493334 2.078406
4.716032 -3.566958 2.111791
4.459956 -3.791002 2.116455
4.089632 -3.968664 2.119630
3.190502 -4.098050 1.951764
2.348125 -4.059140 1.954497
1.176333 -3.849012 2.096677
-0.030719 -3.481533 2.377291
-1.111670 -2.982675 2.904932
-2.387995 -2.218245 3.658176
-3.261216 -1.468806 4.407964
-3.925530 -0.885208 5.144561
-4.115770 -0.713424 5.407432
-4.934352 0.148543 6.209004
-5.137265 0.436671 6.200994
-5.233455 0.555216 6.153391
-5.378204 0.941088 5.877181
-5.524824 1.307602 5.529190
-5.557709 1.683831 5.165572
-5.569111 2.024324 4.543642
-5.599059 2.629571 3.458472
-5.632718 2.976345 2.938669
-5.383749 3.092555 2.949415
-4.774414 3.204665 3.002154
-3.671996 3.707088 2.188259
-2.747963 4.103442 1.638932
-1.878182 4.314431 1.421293
-1.024479 4.537440 1.377956
-0.037480 4.572798 1.752055
0.751330 4.525501 2.291790
1.708197 3.871636 2.710819
2.375510 2.938062 2.867275
2.866490 2.033034 2.818522
3.402386 0.788015 2.427195
3.571138 0.416128 2.219166
3.639098 0.182977 2.098247
3.945840 -0.596344 1.881188
4.143811 -1.482966 2.048420
4.296020 -2.162756 2.203363
4.414981 -2.621062 2.266833
4.531678 -3.038284 2.214407
4.535737 -3.293564 2.141111
4.471215 -3.476153 2.053440
3.806447 -3.881930 1.931338
3.431563 -4.033057 1.864808
3.278998 -4.082871 1.841533
1.610519 -4.606223 1.487446
1.610519 -4.606223 1.487446
1.610519 -4.606223 1.487446
-0.225448 -4.579104 1.414573
-0.327290 -4.539942 1.431422
-1.567257 -3.786645 2.134401
-2.813606 -2.717206 3.123334
-4.037941 -1.315920 4.468195
-4.037941 -1.315920 4.468195
-4.846782 -0.294466 5.470099
-5.264531 0.487386 6.117065
-5.492569 1.252307 5.743436
-5.482303 2.031535 4.790937
-5.482303 2.031535 4.790937
-4.801733 3.224458 2.981510
-3.781986 3.494357 2.741544
-2.458616 3.842931 2.401326
-1.188128 4.373010 1.483977
-1.074972 4.415882 1.385010
0.469231 4.861949 0.918576
1.194441 5.031168 0.817573
1.871787 5.048547 0.988920
2.244142 5.005958 1.401611
2.695711 4.370768 2.045358
3.079439 3.486062 2.393361
3.451146 2.298385 2.647110
3.745675 1.154610 2.548807
4.144082 -0.328337 1.909113
4.196952 -0.517882 1.890205
4.280993 -2.515604 2.400110
3.842327 -3.111772 2.222147
3.027467 -3.612643 1.994027
1.922301 -3.993985 1.666129
1.000325 -4.283778 1.462074
-0.254242 -4.647067 1.296251
-1.235855 -4.892437 1.094101
-1.825976 -5.043324 0.934339
-2.412373 -5.110093 0.835882
-2.993567 -4.755052 1.104350
-3.478526 -4.123726 1.699524
-3.934292 -3.319097 2.395793
-4.417826 -2.225576 3.350159
-4.904695 -0.851337 4.215128
-5.238794 0.104944 4.410915
-5.296321 0.973668 4.313068
-5.257864 1.598616 3.922051
-4.858847 2.277980 3.518716
-4.103993 2.769201 3.280331
-3.219071 3.140802 3.090859
-2.123188 3.469006 3.070516
-1.079963 3.683986 3.117588
-0.344377 3.786354 3.328324
0.712345 3.989759 3.379617
1.392869 4.214877 3.014293
1.942347 4.344561 2.842965
2.290927 4.365844 2.957064
2.664198 4.147972 3.188220
3.013024 3.531842 3.214945
3.289309 2.858316 3.028955
3.576215 1.963545 2.653194
3.933378 0.813108 2.017647
4.237226 -0.370490 1.783810
4.310695 -1.538098 1.925879
4.051772 -2.435512 2.001622
3.661239 -3.021452 1.969805
2.912647 -3.559837 1.835516
1.934488 -3.968901 1.664701
0.803188 -4.319464 1.512876
-0.077297 -4.615365 1.430204
-1.039499 -4.777177 1.346514
-2.028874 -4.653384 1.497126
-2.681473 -4.230019 1.936642
-3.245214 -3.528818 2.399675
-3.848108 -2.664622 3.102400
-4.387792 -1.647939 3.885333
-4.847401 -0.672470 4.684075
-5.092375 0.128106 5.053650
-5.281602 0.981844 4.981998
-5.393379 1.618511 4.717773
-5.438302 2.071382 4.191067
-5.440853 2.569761 3.590365
-5.132028 2.898502 3.163953
-4.382532 3.259169 2.925885
-3.222558 3.562754 2.815486
-2.303823 3.700356 2.955425
-1.252921 3.898653 3.036544
-0.373958 4.119506 2.610061
0.369282 4.379800 2.343945
1.119572 4.310474 2.382524
1.832940 3.903703 2.289942
2.452447 3.084883 2.088133
2.913623 2.153895 1.893649
3.424048 0.940784 1.506046
3.788646 -0.018666 1.066881
4.107676 -1.058078 0.761115
4.266715 -2.148826 1.133743
4.198818 -2.828794 1.527898
4.055094 -3.371276 1.684309
3.382138 -3.821577 1.704144
2.521479 -4.123007 1.600985
1.443716 -4.432751 1.523559
0.556481 -4.637456 1.463170
-0.650507 -4.809290 1.446260
-1.503629 -4.610867 1.616084
-2.398759 -4.114877 2.037805
-3.212727 -3.199908 2.666113
-3.685666 -2.425588 3.159545
-4.284524 -1.163621 3.931289
-4.742200 -0.047440 4.315430
-4.999712 0.784141 4.360315
-5.206822 1.542690 3.924533
-5.298664 2.142468 3.434388
-5.397218 2.581512 2.928844
-5.310163 2.904488 2.540170
-4.667303 3.259498 2.503397
-3.787082 3.460511 2.642811
-2.894792 3.619651 2.835449
-1.518343 3.973118 2.644000
-1.264691 4.036546 2.523244
0.110227 4.440195 1.955519
0.932763 4.291400 1.943934
1.633303 3.803858 1.806165
2.230315 3.134396 1.642834
2.795846 2.139920 1.533177
3.174806 1.200248 1.349892
3.641076 0.125958 0.885700
4.090787 -1.030525 0.430891
4.210932 -1.427731 0.407905
4.515971 -2.668468 1.080863
4.408681 -3.238520 1.443845
4.065524 -3.591533 1.526444
3.100542 -4.030933 1.576757
2.128386 -4.328469 1.568753
1.101132 -4.621300 1.489999
0.287587 -4.685524 1.544591
-0.748369 -4.484296 1.750224
-1.660364 -3.947516 2.146617
-2.651767 -2.992403 2.572194
-3.385427 -1.766192 2.969692
-4.061080 -0.477373 3.242624
-4.471676 0.624104 3.259487
-4.767194 1.388466 3.050999
-4.990167 2.110836 2.667582
-5.090092 2.474904 2.360386
-5.272019 2.894051 2.109021
-5.273699 2.964348 2.075583
-5.081989 3.191001 2.158403
-3.860816 3.541427 2.373162
-2.802019 3.977691 1.751349
-1.898868 4.213373 1.575385
-1.000154 4.416078 1.456792
-0.403195 4.513716 1.458913
0.614338 4.430426 1.563259
1.390723 3.942673 1.487605
2.175959 2.996194 1.297493
2.649344 2.202156 1.148257
3.478861 0.521050 0.733805
3.862066 -0.637241 0.257619
4.122189 -1.518370 -0.072559
4.274338 -1.961478 0.013445
4.378537 -2.350866 0.331667
4.522903 -2.957023 0.925708
4.533504 -3.363246 1.219637
3.421080 -3.999969 1.491920
2.678855 -4.259102 1.522689
1.356519 -4.572115 1.498522
0.415334 -4.741169 1.479622
-0.710564 -4.604525 1.643539
-1.676261 -4.070142 2.012838
-2.571444 -3.174843 2.626597
-3.405472 -1.806409 3.426562
-3.726278 -1.159161 3.714635
-4.107630 -0.331411 3.972175
-4.742364 1.452792 3.737733
-4.906671 2.125222 3.183021
-5.037202 2.748548 2.467551
-5.066634 3.137982 2.040646
-4.825470 3.364688 1.872991
-4.189494 3.613665 2.023319
-3.365357 3.971328 1.509846
-2.438227 4.355498 0.730438
-1.692611 4.550955 0.548049
-0.795687 4.777545 0.240647
-0.072095 4.937092 0.139847
0.778599 4.959247 0.255657
1.433471 4.940329 0.500595
2.131083 4.300460 0.758266
2.715779 3.328863 0.931367
3.059210 2.507150 0.984639
3.642650 0.690274 0.841349
3.722985 0.415691 0.804501
4.373634 -1.471390 0.221470
4.508219 -2.168817 0.567477
4.496930 -2.945184 1.316204
4.503202 -3.167139 1.467271
3.880794 -3.758100 1.696320
3.016932 -4.077707 1.663522
2.123094 -4.333679 1.601217
0.912757 -4.604713 1.590970
-0.006256 -4.845695 1.521339
-1.146170 -4.756887 1.591164
-1.431848 -4.618478 1.668126
-3.032447 -3.046408 2.769681
-3.811085 -1.774589 3.642553
-4.315488 -0.564263 4.477338
-4.745316 0.355557 5.184938
-5.026607 1.002289 5.483482
-5.169341 1.541292 5.209611
-5.204801 1.745970 5.049733
-5.287398 2.241128 4.501453
-5.283639 2.344266 4.340721
-5.307675 2.726384 3.930169
-5.005627 3.020192 3.305662
-4.067822 3.406311 2.833437
-3.882119 3.494083 2.791343
-3.704371 3.559788 2.753220
-2.408278 3.881495 2.653958
-2.037213 3.949853 2.667037
-1.813272 3.999599 2.654296
-1.106862 4.164938 2.322013
-0.518429 4.440183 1.824413
0.168936 4.644302 1.425163
0.758277 4.817044 1.371071
1.281417 4.851600 1.341042
1.961037 4.797805 1.395609
2.318907 4.509062 1.417340
2.593553 4.034682 1.366737
2.925710 3.252127 1.267967
3.196926 2.520529 1.155772
3.476990 1.705603 1.058298
3.712544 0.857057 0.908790
3.752416 0.687714 0.889358
4.123373 -0.662106 0.586681
4.292786 -1.268647 0.314211
4.390466 -1.630469 0.243024
4.484375 -2.583562 0.788070
4.459888 -2.826560 1.059346
4.274402 -3.225121 1.418717
3.578252 -3.767754 1.648930
3.042921 -3.994335 1.661324
2.242925 -4.224975 1.685620
1.853600 -4.353847 1.650166
0.158131 -4.738128 1.656475
0.028931 -4.766958 1.634337
-0.100622 -4.795185 1.638009
-0.918054 -4.946975 1.587054
-1.521861 -4.966319 1.561945
-2.062054 -4.850316 1.634786
-2.625660 -4.426234 1.886802
-3.116540 -3.749363 2.343916
-3.524025 -2.834496 2.698092
-3.919660 -1.785124 3.028081
-4.223335 -0.772706 3.165622
-4.491793 0.112991 3.159284
-4.685728 0.896453 2.954582
-4.807462 1.523198 2.653497
-4.928438 2.147294 2.229546
-4.992047 2.601713 1.898737
-5.084490 2.922757 1.736205
-5.158154 3.251654 1.651289
-5.149285 3.351170 1.565202
-4.673855 3.540800 1.512711
-3.459731 4.086999 0.655861
-3.137297 4.195327 0.448312
-2.409079 4.390142 0.229267
-1.700902 4.633290 0.147484
-0.925836 4.798350 -0.003492
-0.036930 4.902033 -0.157819
-0.036930 4.902033 -0.157819
1.294821 5.244390 -0.068881
1.615291 5.145750 -0.057475
1.936372 5.077607 -0.032314
2.754562 4.171623 0.187577
3.214069 3.021547 0.374158
3.538467 1.780052 0.391983
3.708663 1.190060 0.370221
4.203727 -0.931888 0.363413
4.481744 -1.837499 0.215631
4.584157 -2.361100 0.451989
4.651610 -3.139641 1.328545
4.684499 -3.572501 1.765699
4.212180 -3.909054 1.846824
3.003171 -4.197198 1.835644
1.656173 -4.513943 1.724838
0.500027 -4.749276 1.621650
-0.627272 -4.641050 1.678317
-1.562189 -4.252557 2.048608
-1.958181 -3.964533 2.175420
-3.050147 -2.745452 2.835892
-3.385964 -2.231162 3.178378
-4.280304 -0.497339 4.332498
-4.521962 0.024363 4.730851
-4.822652 0.821208 5.373533
-5.205425 1.496974 5.981393
-5.166516 1.865531 6.089376
-5.315549 2.212302 5.814677
-5.255614 2.431096 5.542251
-5.192880 2.745533 5.074965
-5.170513 2.784607 4.916511
-4.580125 3.101787 4.185870
-4.493313 3.155821 4.115587
-4.372978 3.174824 4.067505
-3.785413 3.366282 3.720634
-3.195913 3.517499 3.387367
-2.573778 3.687716 3.172303
-2.573778 3.687716 3.172303
-1.793985 3.873064 2.948907
-1.133807 3.987344 2.846136
-0.720068 4.052468 2.905825
-0.720068 4.052468 2.905825
-0.222219 4.076821 2.928764
0.263064 3.948693 2.878104
0.822981 3.665264 2.607891
1.264422 3.239814 2.298357
1.937884 2.238392 1.775200
2.491465 1.271435 1.285728
2.491465 1.271435 1.285728
3.023406 0.317730 0.831804
3.474123 -0.653455 0.564860
3.704530 -1.259157 0.612880
4.027212 -2.146443 1.085050
4.186048 -2.607366 1.399649
4.386663 -2.873180 1.659213
4.516366 -3.210468 1.892391
4.608798 -3.362855 1.942657
4.579224 -3.558070 2.032433
4.374887 -3.680169 2.025897
3.766749 -3.868295 2.019481
3.619427 -3.921608 2.031408
2.922088 -4.163507 1.963990
2.632206 -4.239557 1.918425
2.166550 -4.358541 1.858427
1.495449 -4.536390 1.746231
0.963274 -4.650560 1.642997
0.868800 -4.700513 1.619876
0.257851 -4.778581 1.573468
-0.209376 -4.766185 1.595570
-0.787927 -4.575106 1.711009
-1.678423 -4.076886 1.972904
-2.185024 -3.603860 2.270550
-2.296269 -3.515751 2.301577
-2.755449 -2.928141 2.663566
-3.841549 -1.278999 3.714832
-4.008028 -1.045717 3.896141
-4.392965 -0.365965 4.379973
-4.861245 0.531411 4.999190
-4.861245 0.531411 4.999190
-4.927898 0.611249 5.060475
-5.140344 1.232185 4.980670
-5.407686 2.210639 3.869686
-5.412910 2.568236 3.248026
-5.214854 3.022863 2.348663
-4.588884 3.461304 1.686688
-3.389881 3.900750 1.295729
-2.218280 4.366615 0.469547
-2.091080 4.454190 0.379863
-1.962102 4.524733 0.293014
-0.993630 4.799633 -0.174408
-0.224998 4.948294 -0.239392
0.264921 5.088281 -0.358911
1.387991 4.923164 -0.836372
1.743915 4.627609 -1.074560
2.840915 3.055115 -2.315528
3.625884 1.668615 -3.423252
4.203966 0.573094 -4.108790
4.679008 -0.379918 -4.444917
5.059930 -1.134856 -4.329161
5.295093 -1.614967 -3.913272
5.417192 -2.074710 -3.325671
5.497071 -2.463946 -2.707437
5.611712 -2.873238 -2.143416
5.604608 -2.927348 -1.869129
5.372500 -3.119914 -1.566737
4.843378 -3.388965 -1.884422
4.268933 -3.502712 -2.075144
3.323704 -3.681013 -2.207321
2.390648 -3.910710 -2.186180
1.532383 -3.725217 -2.215657
0.246940 -2.728572 -2.127456
-0.663485 -1.830392 -1.830902
-1.724278 -0.764394 -1.246448
-2.419167 0.120717 -1.024151
-2.572164 0.377729 -1.046927
-3.125071 1.272991 -1.332122
-3.519329 1.922558 -1.519730
-3.856975 2.424569 -1.587897
-4.353977 3.533066 -1.550239
-3.941675 3.987402 -1.463727
-3.437824 4.259191 -1.395622
-2.877024 4.430001 -1.390121
-2.143378 4.599932 -1.314429
-1.852502 4.625615 -1.329122
-0.650214 4.594492 -1.420554
-0.266178 4.492799 -1.484303
0.333053 4.265405 -1.594807
0.897906 3.923833 -1.722885
1.444274 3.532198 -1.826140
1.640829 3.346722 -1.842069
2.701663 1.930017 -1.866037
3.033978 1.417721 -1.750784
3.412572 0.716367 -1.543869
3.681266 0.147884 -1.323284
3.938285 -0.554930 -1.079360
4.221252 -1.272477 -0.759010
4.287021 -1.456178 -0.664165
4.459599 -1.899309 -0.497955
4.691995 -2.402502 -0.563922
4.766472 -2.498768 -0.545138
4.720804 -3.010538 0.247995
4.589173 -3.204148 0.545916
4.395452 -3.406725 0.786801
4.328902 -3.444337 0.827497
3.887900 -3.657949 0.914318
3.288554 -3.893608 0.970661
2.557198 -4.110846 1.019426
1.743513 -4.137373 1.031111
0.963024 -3.840629 1.223918
0.049268 -3.503689 1.493417
-1.678816 -2.207735 1.802042
-2.427086 -1.415966 1.813359
-3.134168 -0.381661 1.763144
-3.951702 1.164940 1.581314
-4.399587 2.106610 1.313392
-4.716407 2.673656 1.068617
-4.766712 2.787923 1.023862
-4.818799 2.856550 0.996495
-4.993364 3.155932 1.048141
-5.014230 3.883887 -0.032552
-4.981632 3.997687 -0.290569
-4.892115 3.963743 -0.517951
-4.819211 3.947436 -0.602924
-4.499574 4.007557 -0.766342
-3.855315 4.153933 -0.762756
-3.073461 4.334723 -0.689818
-1.172249 4.778793 -0.615493
-0.061528 4.616387 -0.940543
0.048122 4.600918 -0.966606
0.247948 4.511804 -1.077910
0.970863 4.255928 -1.473697
2.067001 3.412562 -2.171383
2.868543 2.430977 -2.926785
3.217749 1.918725 -3.370717
3.217749 1.918725 -3.370717
3.469948 1.442016 -3.713853
3.469948 1.442016 -3.713853
3.851909 0.780206 -4.245929
4.422843 -0.239004 -4.345265
4.756222 -1.061687 -3.767551
4.889030 -1.514513 -3.266324
5.033654 -2.069990 -2.447191
5.076372 -2.291965 -2.125967
5.199707 -2.774000 -1.399511
5.232091 -2.993025 -1.203350
5.221859 -3.134818 -1.107010
4.755580 -3.491582 -0.642670
4.116989 -3.794806 0.064356
3.562005 -3.997456 0.426786
2.770306 -4.245459 0.614933
2.073344 -4.425172 0.704111
1.096105 -4.546888 0.780307
0.200889 -4.417025 0.978533
-0.507818 -4.241667 1.207557
-1.466535 -3.807332 1.732331
-2.043966 -3.371104 2.052635
-2.805660 -2.590403 2.595450
-3.359825 -1.719123 2.877346
-3.675776 -1.051330 2.974321
-4.120661 -0.085742 2.977362
-4.437307 0.735616 2.737650
-4.630678 1.240350 2.574226
-4.862142 1.966382 2.306629
-4.935803 2.307216 2.033146
-5.080786 2.660841 1.656381
-5.132274 2.949107 1.525985
-5.188771 3.039369 1.548617
-5.254132 3.124293 1.682681
-5.215397 3.442392 1.312055
-4.783904 3.688321 0.683236
-4.258553 3.899144 0.478733
-3.399158 4.218331 0.240783
-2.597812 4.339501 0.040789
-1.879709 4.480698 -0.027590
-1.162224 4.505096 -0.080950
-0.356864 4.221596 -0.129393
0.389824 3.579681 -0.295055
1.144793 2.652410 -0.494878
1.803073 1.565734 -0.645337
2.431907 0.444192 -0.669818
2.964638 -0.600709 -0.540242
3.386273 -1.455581 -0.257994
3.658322 -1.931204 -0.223066
3.921276 -2.421602 -0.144604
4.109149 -2.857890 0.296026
4.228045 -3.222038 0.893824
4.257438 -3.581346 1.540243
4.254744 -3.929553 1.646268
4.045396 -3.984736 1.767310
3.686630 -4.098027 1.842432
3.172677 -4.300907 1.773887
2.463105 -4.401370 1.770913
1.745532 -4.556234 1.714937
1.272106 -4.667814 1.652309
0.522109 -4.819065 1.567040
-0.234701 -4.839790 1.522403
-0.963226 -4.618017 1.617673
-1.768301 -4.106977 1.931693
-2.520526 -3.336710 2.500437
-3.098377 -2.519334 3.083670
-3.666827 -1.586819 3.771155
-3.978349 -1.056598 4.177377
-4.454467 -0.156541 4.801680
-4.769307 0.575607 5.189071
-4.978252 1.025662 5.156536
-5.067783 1.559435 4.874518
-5.120123 1.953795 4.459862
-5.163601 2.211791 4.126003
-5.159501 2.613858 3.544201
-5.080784 2.909862 3.173002
-4.923491 3.117916 2.874509
-4.619475 3.341750 2.570014
-4.147861 3.538057 2.433545
-3.650814 3.643293 2.450921
-3.066987 3.721416 2.604474
-2.432253 3.777692 2.785523
-1.788804 3.659356 2.621983
-0.698917 3.255893 1.724498
0.207851 2.596605 1.163474
0.872777 1.852613 0.794975
1.891797 0.741636 0.362962
2.531250 -0.329727 0.127809
3.141860 -1.286129 -0.105799
3.206244 -1.368230 -0.115786
3.718204 -2.107616 -0.148063
4.014144 -3.139959 0.882908
3.987378 -3.378353 1.218966
3.592791 -3.913730 1.595358
3.223159 -4.150104 1.671142
2.506760 -4.451702 1.699513
1.740860 -4.562002 1.744316
0.871090 -4.462658 1.878864
-0.207801 -3.951033 2.244202
-1.184101 -3.230927 2.640498
-2.407104 -2.227886 3.303602
-3.215598 -1.326647 4.045344
-4.028552 -0.193232 4.730567
-4.503992 0.540930 5.244726
-4.823177 1.210300 5.327342
-4.882102 1.388221 5.283901
-5.079788 2.174505 4.814850
-5.186957 2.571426 4.457990
-5.273120 2.974201 3.661062
-5.258397 3.103726 3.275562
-5.071539 3.194227 2.700772
-4.184856 3.608801 2.509306
-3.555894 3.703563 2.570757
-2.745056 3.837067 2.834491
-2.374236 3.894984 2.896985
-1.215655 3.773662 2.318043
-0.334023 3.162197 1.809317
0.449353 2.076608 1.346728
1.183744 1.071778 0.953289
2.190260 -0.336589 0.339046
2.821227 -1.217029 0.032625
3.394086 -2.097956 0.053207
3.730762 -2.693264 0.671044
3.958770 -3.296396 1.177652
3.995832 -3.633059 1.476740
3.762444 -3.920769 1.710325
3.417788 -4.167873 1.764117
2.651792 -4.361905 1.834978
2.582619 -4.400757 1.817922
2.031110 -4.518119 1.785906
1.459166 -4.658978 1.744701
0.528845 -4.672912 1.736467
0.307940 -4.603286 1.750701
0.213279 -4.573902 1.783670
-0.608560 -4.191516 2.030543
-1.408688 -3.680323 2.368181
-2.198121 -3.030008 2.779333
-2.788675 -2.364306 3.222839
-3.319244 -1.631115 3.749011
-3.886297 -0.725638 4.435315
-4.300624 0.046600 5.007864
-4.806391 1.009822 5.819296
-5.098787 1.515737 6.107178
-5.154864 1.857163 6.034013
-5.165472 2.106028 5.774447
-5.258109 2.375313 5.385952
-5.260484 2.634953 4.971448
-5.151153 2.839076 4.548610
-4.819598 3.082649 4.000627
-4.146186 3.378070 3.535117
-3.936006 3.454170 3.427205
-2.579104 3.765869 3.151952
-1.794411 3.895692 3.133366
-1.101058 3.989799 3.164507
-0.886549 3.994920 3.228085
0.464863 2.900952 2.838196
1.271253 1.825243 2.384671
2.072116 0.621448 2.154105
2.637799 -0.468504 2.141277
3.181694 -1.606998 2.136674
3.565036 -2.417504 2.191938
3.763513 -2.988286 2.232901
3.757615 -3.447315 2.288093
3.543368 -3.793249 2.287313
2.908201 -4.156991 2.243511
2.199411 -4.419753 2.104377
1.371507 -4.620051 2.097791
0.235857 -4.657349 1.915943
-0.654332 -4.368876 2.057709
-1.789959 -3.659439 2.502077
-2.817762 -2.454878 3.307748
-3.719254 -1.026705 4.295622
-4.331435 0.051399 5.072764
-4.777521 0.824769 5.681582
-5.053376 1.288552 6.044879
-5.192704 1.686793 6.400891
-5.334549 2.094247 6.687730
-5.353739 2.222395 6.568763
-5.368701 2.381363 6.407285
-4.890667 2.842706 6.050970
-4.751751 2.870560 5.976513
-4.620157 2.883768 5.877484
-4.210095 2.893395 5.607772
-2.862920 3.323536 4.968027
-2.625715 3.395071 4.876911
-1.610210 3.622933 4.748191
-1.256305 3.663508 4.738318
-0.470547 3.719635 4.937323
0.159379 3.601675 5.134269
0.403483 3.441620 5.243174
0.862742 3.059295 5.247272
1.583746 2.282638 5.056780
2.412054 0.988143 4.743891
2.811465 0.095370 4.416385
3.242947 -0.848999 3.997965
3.548265 -1.646675 3.621769
3.763951 -2.322775 3.331153
3.863788 -2.770484 3.126873
3.804573 -3.391313 2.837880
3.628238 -3.700329 2.709320
3.075504 -3.994428 2.502288
2.354170 -4.269930 2.308798
1.630883 -4.365427 2.222467
0.719771 -4.296646 2.222594
-0.343210 -3.881362 2.454194
-1.754854 -2.865857 3.115428
-2.612307 -1.967364 3.678513
-2.808318 -1.688845 3.847652
-3.728990 -0.355722 4.779249
-4.200212 0.338709 5.343554
-4.440495 0.731307 5.551504
-4.440495 0.731307 5.551504
-4.941771 1.630513 6.151755
-5.074336 1.936988 6.349984
-5.123486 2.199926 6.417933
-5.194461 2.416848 6.398178
-5.214916 2.639894 6.252568
-5.184464 2.685837 6.214550
-4.172307 3.015797 5.770459
-3.476954 3.306283 5.040695
-2.001292 3.723592 4.129777
-1.218851 3.955242 3.866571
-0.986327 3.956720 3.788175
0.388370 4.154490 3.643406
0.506605 4.122472 3.624102
0.717273 4.107103 3.612983
1.703145 3.605050 3.398392
2.156643 3.070268 3.282328
2.572076 2.325456 3.208647
2.929799 1.406396 3.165291
3.545758 -0.448941 2.928608
3.656771 -0.844372 2.896228
4.049212 -2.206721 2.777493
4.225780 -2.785201 2.678367
4.330351 -3.079489 2.529750
4.365326 -3.158575 2.484429
4.405725 -3.233952 2.468014
3.751681 -3.946159 2.360629
3.181025 -4.177775 2.310740
2.583923 -4.347322 2.217870
1.655569 -4.436282 2.173176
0.791604 -4.322224 2.221435
-0.104290 -4.037248 2.398573
-0.867929 -3.602970 2.639046
-1.631442 -2.987040 3.050524
-2.344523 -2.225608 3.531108
-3.050833 -1.284302 4.141222
-3.617324 -0.391343 4.747920
-4.044113 0.187039 5.305135
-4.359218 0.699907 5.633635
-4.619557 1.105144 5.977688
-4.816043 1.392803 6.188934
-4.952180 1.643585 6.240133
-5.021996 1.923055 6.061256
-5.084405 2.146733 5.809410
-5.140232 2.410084 5.561200
-5.169114 2.561918 5.270641
-5.146265 2.752768 4.978072
-4.947768 2.928187 4.681112
-4.617711 3.045523 4.530014
-3.988111 3.229720 4.336992
-3.213577 3.394426 4.145511
-2.629968 3.493965 4.123417
-1.918587 3.608895 4.100063
-1.166775 3.700510 4.098997
-0.472226 3.766419 4.179480
0.041048 3.726717 4.310938
0.512546 3.491410 4.385457
1.056450 3.012024 4.311530
1.557225 2.454893 4.275390
2.152684 1.514984 4.147321
2.491949 0.817778 4.038776
2.959426 -0.260066 3.705809
3.283529 -1.081176 3.380542
3.528436 -1.853595 3.095432
3.811219 -2.442457 2.841878
4.020834 -2.924817 2.629679
4.174763 -3.231932 2.652335
4.194883 -3.461261 2.474541
4.202456 -3.614973 2.397820
4.036266 -3.821678 2.351431
3.798277 -3.958698 2.312410
3.186350 -4.200937 2.182300
2.220522 -4.291764 2.107998
0.655243 -3.921536 2.312643
-1.019497 -2.970309 2.980154
-2.365709 -1.843615 3.749499
-3.141709 -1.032733 4.375093
-4.036741 0.058895 5.461395
-4.512532 0.783664 5.910925
-4.925967 1.311478 6.361299
-5.028187 1.683439 6.363747
-5.114257 1.992994 6.144940
-5.125946 2.064423 6.114986
-5.169460 2.580172 5.345849
-5.194219 2.732869 4.878433
-5.228721 2.938869 4.510707
-5.205953 3.011307 4.346791
-5.168348 3.074729 4.198150
-5.001721 3.132849 4.029826
-4.656389 3.270674 3.827937
-3.997770 3.437262 3.596332
-3.468474 3.501943 3.531774
-2.097425 3.764553 3.555221
-1.813028 3.778604 3.595428
-0.948312 3.822077 3.655253
-0.065333 3.677934 3.674900
0.391277 3.361480 3.628358
0.625513 3.120037 3.560657
0.999142 2.693886 3.424548
1.622433 1.930165 3.227820
2.098965 1.172282 3.116281
2.535220 0.301257 3.020383
2.920803 -0.512838 2.949515
3.269110 -1.271598 2.805424
3.554284 -1.909685 2.654617
3.768870 -2.401766 2.570866
4.001549 -2.834865 2.448568
4.130169 -3.114847 2.374063
4.255162 -3.332826 2.379091
4.255162 -3.332826 2.379091
4.463299 -3.679572 2.312610
4.438858 -3.831912 2.336786
4.232791 -4.004742 2.334288
3.929145 -4.159709 2.252283
3.639453 -4.246437 2.261556
2.788185 -4.520394 2.070686
2.470184 -4.542398 2.015670
2.346531 -4.582243 1.983946
1.927370 -4.586376 1.971430
1.067153 -4.405026 2.092996
0.527430 -4.170606 2.256826
-0.374793 -3.678129 2.554968
-1.021809 -3.214653 2.894469
-1.817875 -2.565866 3.359560
-2.456469 -1.875359 3.830497
-3.059872 -1.138412 4.392255
-3.595263 -0.454141 4.928412
-3.983550 0.031474 5.314674
-4.312056 0.504919 5.678451
-4.568707 0.884025 5.968951
-4.764567 1.152202 6.194944
-5.003286 1.527124 6.567488
-5.162236 1.967943 6.581530
-5.259546 2.182956 6.297627
-5.254237 2.265096 6.200941
-5.255865 2.419141 5.881685
-5.102006 2.596231 5.481581
-5.043039 2.637905 5.428485
-4.711944 2.788861 5.111128
-3.728692 3.099527 4.630013
-3.194433 3.278481 4.372495
-2.504195 3.491986 4.122566
-1.858517 3.615591 3.988683
-1.762616 3.634626 3.997048
-1.109777 3.615851 3.996186
-0.492654 3.690236 3.988868
-0.012381 3.760114 4.100875
0.502794 3.808567 4.284660
1.227016 3.734112 4.736732
1.903976 3.231161 4.980015
2.341063 2.412828 4.947883
2.750904 1.488782 4.786093
3.113451 0.552884 4.520337
3.402190 -0.233286 4.228877
3.704238 -1.112048 3.824385
3.936197 -1.837983 3.530697
4.161948 -2.460893 3.133444
4.210822 -2.843335 2.942323
4.156058 -3.178165 2.764708
3.999807 -3.481916 2.612367
3.690850 -3.730777 2.506455
3.353188 -3.895661 2.352339
2.812342 -4.123501 2.345715
2.317198 -4.275574 2.134275
1.696744 -4.416264 1.947361
1.007383 -4.488136 1.891867
0.233034 -4.320568 2.027848
-0.554425 -4.029559 2.206094
-1.446496 -3.496840 2.578677
-2.161925 -2.820704 3.072339
-2.940857 -1.934689 3.737475
-3.527911 -1.096224 4.374141
-3.976314 -0.374587 4.901196
-4.412469 0.253417 5.379169
-4.649704 0.591400 5.654900
-4.988044 1.243498 6.208936
-5.106876 1.510837 6.445285
-5.179554 1.730653 6.628522
-5.278757 1.935008 6.627570
-5.318013 2.140983 6.488442
-5.286173 2.305235 6.274777
-5.044009 2.441526 6.137923
-4.838567 2.534416 5.982085
-4.105914 2.826524 5.583434
-3.480168 3.008920 5.391003
-2.777503 3.204362 5.182892
-1.799773 3.423712 4.976334
-1.120361 3.520379 4.871730
-0.431343 3.597789 4.957018
0.144343 3.634427 5.124666
0.703888 3.680490 5.264224
1.066841 3.656590 5.416401
1.611964 3.606329 5.815108
1.743911 3.571908 5.936167
2.263006 3.040074 6.312150
2.380282 2.890339 6.311402
2.632723 2.428959 6.248051
2.904289 1.769358 5.991430
3.282103 0.745334 5.477714
3.410315 0.246041 5.311818
3.725562 -0.649832 4.712683
3.828868 -1.074301 4.429395
3.891947 -1.938765 3.868740
3.809679 -2.412329 3.569177
3.809679 -2.412329 3.569177
3.497647 -3.117472 3.116197
3.259473 -3.377961 2.950321
2.643208 -3.744039 2.728694
1.793063 -4.031851 2.435423
0.822048 -4.130311 2.293443
0.475401 -4.096081 2.289932
-0.439568 -3.911675 2.412600
-2.002532 -3.045865 2.970883
-3.024939 -1.886793 3.735088
-3.678849 -0.955993 4.429873
-4.248773 0.024177 5.205219
-4.649735 0.681769 5.711605
-4.941640 1.144223 6.079397
-5.101115 1.478639 6.399622
-5.102843 1.758035 6.644860
-5.203551 1.892421 6.891570
-5.210632 2.040893 7.120284
-4.779099 2.190953 7.401243
-4.271335 2.311087 7.418226
-3.211663 2.526218 7.606978
-2.426342 2.625029 7.677149
-1.302170 2.865510 7.657748
-0.482615 2.935072 7.739528
0.233537 3.078445 7.790865
0.997123 3.150369 7.657836
1.433558 3.234138 7.773903
1.630357 3.229559 7.795839
2.277423 3.434462 7.976773
2.610239 3.089442 7.878152
2.817091 2.603182 7.464237
2.894310 2.371854 7.295719
3.042291 1.873732 6.961328
3.413623 1.055339 6.264848
3.783968 -0.119762 5.333485
3.993264 -0.946472 4.731399
4.033906 -1.652932 4.270097
3.810594 -2.208979 3.851957
3.344980 -2.833214 3.407190
2.589169 -3.384634 3.048126
2.327320 -3.523988 2.979073
0.949111 -3.659782 2.994114
-0.269804 -3.292801 3.106619
-1.264487 -2.686845 3.453632
-2.920274 -1.216982 4.381030
-3.824046 -0.244663 5.081352
-4.359919 0.556098 5.671253
-4.678598 1.037457 6.003348
-4.845750 1.226986 6.201240
-4.884542 1.475838 6.437805
-4.698725 1.592801 6.624765
-4.312039 1.835981 6.771044
-3.943146 1.990773 6.835028
-3.804167 2.072456 6.827389
-3.758453 2.074339 6.821549
-2.845244 2.563015 6.429473
-2.696611 2.637062 6.277483
-2.312890 2.876744 5.910144
-1.535785 3.263614 5.234062
-1.177640 3.399065 4.975655
-0.863348 3.496349 4.673316
-0.301436 3.768884 4.137072
0.103441 3.829541 3.864780
0.489861 3.741745 3.557924
1.183889 3.299249 2.874196
1.666315 2.740308 2.217198
2.048955 1.956083 1.576194
2.349193 1.397793 1.215975
2.598348 0.746973 0.661591
2.833750 -0.695917 -1.022066
2.475031 -1.552692 -1.708527
1.955745 -2.101802 -2.233417
1.487504 -2.439005 -2.491858
0.904546 -2.804960 -2.793948
0.310479 -3.051666 -3.059331
-0.227721 -3.240112 -3.384088
-0.766766 -3.501780 -3.770330
-1.370302 -3.765792 -4.225268
-1.511017 -3.803856 -4.343972
-1.696323 -3.879031 -4.486895
-1.780116 -3.891538 -4.616220
-2.106150 -3.944334 -5.019168
-2.442212 -4.022026 -5.603835
-2.712685 -4.018794 -6.079213
-2.911368 -3.958233 -6.467466
-3.292175 -3.967817 -6.950145
-3.460000 -3.778968 -7.025212
-3.491723 -3.744575 -7.034272
-3.527309 -3.729390 -7.036245
-3.711216 -3.496756 -6.960994
-4.178295 -3.013614 -6.812181
-4.271756 -2.861103 -6.815723
-4.368840 -2.723564 -6.724100
-4.425727 -2.623859 -6.643186
-4.454161 -2.524919 -6.618936
-4.440845 -2.501717 -6.586193
-4.572895 -2.285510 -6.506274
-4.579134 -2.173061 -6.470254
-4.586685 -2.143287 -6.463443
-4.597492 -2.015578 -6.427513
-4.636184 -1.892972 -6.430117
-4.660338 -1.818828 -6.433458
-4.705200 -1.810159 -6.462134
-4.726653 -1.797527 -6.477087
-4.753076 -1.817362 -6.513200
-4.792511 -1.913227 -6.568459
-4.801410 -2.011794 -6.644314
-4.777972 -2.107374 -6.726335
-4.795096 -2.215172 -6.860533
-4.736360 -2.475439 -7.090790
-4.763854 -2.535680 -7.156458
-4.748738 -2.603418 -7.286524
-4.676846 -3.202001 -7.806657
-4.696296 -3.489315 -8.031366
-4.719817 -3.529768 -8.050516
-4.730784 -3.625056 -8.149692
-4.821549 -3.734031 -8.198853
-4.787719 -3.760319 -8.255046
-4.820464 -3.821713 -8.227490
-4.777955 -3.979819 -8.020413
-4.825023 -4.083633 -7.624135
-4.865032 -4.194337 -7.147551
-4.851987 -4.308298 -6.733568
-4.912471 -4.351604 -6.464788
-4.948459 -4.616027 -5.779388
-4.984518 -4.721877 -5.113327
-5.010070 -4.836677 -4.714183
-5.052591 -4.968383 -4.365452
-5.064203 -4.998670 -4.295163
-5.069268 -5.007849 -4.280152
-5.116824 -5.047583 -3.934342
-5.121581 -5.163801 -3.849541
-5.160032 -5.111176 -3.691742
-5.179947 -5.129448 -3.615901
-5.274756 -5.077375 -3.426919
-5.251468 -5.068535 -3.383505
-5.331762 -5.104629 -3.259023
-5.330498 -5.183919 -3.113559
-5.327431 -5.193506 -2.780301
-5.351331 -5.210117 -2.561938
-5.337301 -5.235075 -2.500439
-5.351384 -5.220657 -2.436991
-5.373258 -5.223961 -2.312975
-5.333979 -5.204054 -2.196260
-5.380687 -5.177636 -2.012774
-5.373153 -5.199445 -1.994584
-5.413474 -5.083788 -1.805823
-5.422450 -5.019587 -1.492195
-5.442923 -4.973952 -1.222083
-5.497051 -4.983297 -1.020717
-5.482088 -4.921417 -0.825532
-5.478629 -5.008476 -0.712142
-5.499186 -4.943426 -0.508977
-5.447787 -5.034439 -0.308948
-5.452304 -5.208766 -0.229393
-5.460319 -5.312340 -0.213907
-5.445909 -5.458215 -0.148918
-5.417968 -5.504556 -0.054720
-5.434549 -5.597155 0.107275
-5.427740 -5.596223 0.112073
-5.435032 -5.622091 0.109437
-5.459346 -5.664952 0.144090
-5.425317 -5.741049 0.171722
-5.409754 -5.757985 0.166535
-5.449123 -5.711778 0.394641
-5.438770 -5.728789 0.416481
-5.448916 -5.784000 0.490269
-5.428801 -5.872609 0.719225
-5.451495 -5.912272 0.941774
-5.416269 -5.983781 1.126158
-5.404478 -6.096179 1.338254
-5.409192 -6.109947 1.466300
-5.411028 -6.127037 1.536846
-5.426833 -6.152531 1.579589
-5.439376 -6.099600 1.679472
-5.414428 -6.112884 1.740175
-5.436419 -6.108367 1.757761
-5.490737 -6.168395 1.724827
-5.520456 -6.062849 1.840301
-5.565340 -6.039502 1.888988
-5.576985 -6.054281 1.894279
-5.673224 -6.036715 1.920532
-5.657015 -6.045563 1.903530
-5.717826 -5.995379 1.921685
-5.738231 -5.990986 1.868294
-5.797864 -6.146389 1.705022
-5.786037 -5.960169 1.787676
-5.765331 -5.849362 1.839522
-5.787613 -5.845749 1.842931
-5.765749 -5.888714 1.855718
-5.806686 -5.860044 1.818946
-5.849529 -5.834412 1.768185
-5.877535 -5.806780 1.769069
-5.855769 -5.793732 1.792229
-5.847230 -5.789894 1.784630
-5.862224 -5.776744 1.737630
-5.844485 -5.735572 1.734771
-5.803729 -5.466594 1.954171
-5.722885 -5.158285 2.249842
-5.632594 -4.870391 2.530338
-5.503428 -4.398835 2.996348
-5.404077 -3.937893 3.502686
-5.295604 -3.474392 3.917090
-5.193343 -2.957731 4.428773
-5.101550 -2.560703 4.874252
-5.004485 -2.040381 5.355941
-4.846103 -1.512440 5.795440
-4.749620 -1.090907 6.223304
-4.644841 -0.612563 6.677667
-4.484526 -0.199249 7.077092
-4.420975 0.186348 7.362758
-4.348063 0.446858 7.593612
-4.367650 0.749504 7.786359
-4.327076 0.852744 7.826887
-4.311317 1.008194 7.831147
-4.330878 1.098436 7.910898
-4.356096 1.164626 7.852505
-4.367991 1.218160 7.805690
-4.369563 1.174417 7.707185
-4.402828 1.129778 7.607308
-4.447509 1.011732 7.411079
-4.427737 0.921201 7.192228
-4.394583 0.849800 7.047744
-4.425746 0.758490 6.892659
-4.430106 0.719474 6.860925
-4.437043 0.691432 6.779635
-4.447226 0.581924 6.626860
-4.466488 0.560772 6.549442
-4.461712 0.529255 6.542014
-4.488392 0.471492 6.346147
-4.488552 0.432168 6.313746
-4.510016 0.420316 6.176699
-4.544442 0.324285 6.075930
-4.533752 0.248297 5.977431
-4.543854 0.220620 5.909462
-4.560973 0.151181 5.812353
-4.552368 0.096180 5.691413
-4.561120 0.125804 5.647775
-4.558746 0.151781 5.636625
-4.535856 0.190527 5.613181
-4.525195 0.266026 5.666987
-4.565161 0.353729 5.722438
-4.430690 0.456481 5.781282
-4.379502 0.651843 5.909796
-4.316173 0.882020 6.062379
-4.236721 1.129913 6.227893
-4.206192 1.405793 6.391486
-4.050641 1.613193 6.536741
-3.819965 1.853656 6.710890
-3.523126 2.096221 6.895439
-3.244659 2.309787 7.058510
-2.843690 2.532359 7.215282
-2.506104 2.663582 7.329323
-2.011550 2.778034 7.444561
-1.658746 2.791912 7.497386
-1.447527 2.817483 7.538046
-1.094748 2.807149 7.560365
-0.835008 2.794169 7.597708
-0.679777 2.805645 7.634776
-0.431051 2.761800 7.648182
-0.148526 2.763427 7.685054
0.058985 2.714047 7.600968
0.092040 2.704307 7.583458
0.056583 2.716121 7.590550
-0.025130 2.761404 7.591230
-0.119323 2.789348 7.571759
-0.155033 2.817537 7.552344
-0.347357 2.897761 7.506608
-0.506372 3.002701 7.523633
-0.668816 3.053605 7.487772
-0.858496 3.156346 7.455902
-1.126950 3.282694 7.438829
-1.333184 3.520988 7.481993
-1.635507 3.535780 7.369057
-1.732068 3.556467 7.307779
-1.907587 3.632694 7.249355
-2.118090 3.724620 7.211131
-2.222588 3.813844 7.182132
-2.345809 3.890650 7.180337
-2.391312 3.971130 7.158729
-2.360552 3.964559 7.147088
-2.309467 3.973260 7.125549
-2.318137 3.897007 7.059766
-2.260152 3.809091 6.996061
-2.278197 3.692723 6.905380
-2.171237 3.655348 6.896231
-2.154757 3.507232 6.808301
-2.137581 3.408196 6.786761
-2.129327 3.400010 6.753257
-2.130904 3.381420 6.726674
-1.864558 3.350574 6.722292
-1.722285 3.305576 6.746924
-1.576338 3.264798 6.722800
-1.315184 3.218014 6.766122
-1.098286 3.123269 6.763492
-0.807494 2.998386 6.722176
-0.582795 2.938560 6.724947
-0.545189 2.938664 6.733782
-0.545189 2.938664 6.733782
-0.545189 2.938664 6.733782
-0.263375 2.887362 6.788598
0.572861 2.927702 6.928578
0.572861 2.927702 6.928578
0.572861 2.927702 6.928578
1.513096 2.783360 6.995839
1.771883 2.739394 7.034696
1.933305 2.707657 7.096657
2.295472 2.601488 7.065865
2.579452 2.517735 7.061550
2.795046 2.464621 7.073817
3.062552 2.404841 7.057510
3.114700 2.376269 7.071888
3.319102 2.401199 7.098858
3.447310 2.280329 7.088387
3.478723 2.281480 7.068824
3.495559 2.269325 7.059865
3.487118 2.267050 7.044454
3.485982 2.268855 7.047005
3.421371 2.300172 7.015278
3.376404 2.302257 7.033754
3.305123 2.360006 7.030340
3.247324 2.375959 7.071503
3.077289 2.422431 7.018379
2.878853 2.487377 6.994289
2.668867 2.539138 6.985322
2.408072 2.638834 6.997496
2.014581 2.762733 6.974027
1.701631 2.882843 6.958902
1.480903 2.944478 6.940877
1.268717 3.025176 6.936517
1.145291 3.107024 6.992322
0.760296 3.218653 6.988984
0.033651 3.440606 6.887439
-0.121854 3.492374 6.887696
-0.896588 3.749674 6.904456
-1.321128 3.889713 6.930010
-1.648486 3.995353 6.926624
-2.008550 4.116424 6.970206
-2.237822 4.242447 6.995776
-2.277146 4.347991 7.034244
-2.314037 4.344494 6.995893
-2.134987 4.325156 7.010761
-1.892677 4.264390 7.015486
-1.631265 4.186873 7.041604
-1.270447 4.136245 7.102641
-0.804835 3.946285 7.088146
-0.154199 3.720093 7.116820
0.351471 3.555037 7.145516
1.005963 3.351581 7.183795
1.655850 3.136733 7.201391
2.489016 2.867098 7.235528
3.131326 2.674241 7.268570
3.592925 2.482094 7.249057
3.934150 2.364192 7.290720
4.282543 2.268579 7.285556
4.501312 2.147725 7.311675
4.663227 2.080264 7.334137
4.830324 2.020563 7.324275
4.905742 1.952448 7.358241
4.969918 1.970564 7.358410
5.022375 1.941596 7.346592
5.089244 1.922666 7.348386
5.109226 1.949181 7.377046
5.086639 1.862097 7.404226
5.101344 1.852604 7.471533
5.115922 1.873434 7.522937
5.106511 1.847519 7.499426
5.094121 1.844290 7.549495
5.114662 1.885224 7.608342
5.106198 1.838525 7.602607
5.110571 1.822058 7.598354
5.105169 1.818152 7.620843
5.144406 1.863872 7.628756
5.138038 1.817405 7.634309
5.136119 1.823672 7.617434
5.138455 1.817662 7.657964
5.168791 1.826722 7.680891
5.114615 1.824457 7.686902
5.166643 1.795030 7.704630
5.177315 1.824459 7.716098
5.164402 1.825425 7.707566
5.216620 1.831956 7.713455
5.167569 1.881214 7.742537
5.161288 1.882763 7.732307
5.159378 1.880072 7.772403
5.146220 1.911073 7.800235
5.146187 1.930902 7.828402
5.128042 1.925213 7.842962
5.118024 1.928982 7.845954
5.147372 1.970260 7.878415
5.145029 2.038481 7.926518
5.164414 2.000634 7.909776
5.138130 1.928579 7.867067
5.138434 1.936220 7.837040
5.109679 1.930963 7.821865
5.081038 1.951192 7.834319
5.130134 1.955677 7.846993
5.146584 1.940333 7.863518
5.128642 1.964735 7.858869
5.113840 1.973533 7.851317
5.142329 1.998130 7.875499
5.129464 2.002169 7.863543
5.141308 2.022184 7.878038
5.147260 2.049483 7.877994
5.142686 2.044219 7.866673
5.146266 2.062540 7.875106
5.147856 2.103701 7.876044
5.164566 2.116417 7.884890
5.125815 2.123177 7.880087
5.172807 2.128543 7.877584
5.167204 2.140731 7.887050
5.218300 2.333777 7.991107
5.218130 2.358200 7.991903
5.150838 2.117721 7.870189
5.157066 2.049072 7.800085
5.148420 2.066798 7.816654
5.152345 2.099320 7.872478
5.160149 2.142180 7.828825
5.137083 2.168197 7.861161
5.141321 2.183609 7.842581
5.165983 2.176256 7.856785
5.141107 2.205001 7.869015
5.143930 2.228520 7.855366
5.114080 2.238892 7.897076
5.101115 2.248775 7.893452
5.121307 2.249706 7.897973
5.112355 2.255885 7.861815
5.114399 2.243993 7.846606
5.129261 2.248734 7.833510
5.120755 2.253282 7.851643
5.048041 2.313660 7.839590
5.092465 2.267817 7.837899
5.081024 2.231595 7.846490
4.999779 2.278096 7.857138
4.978216 2.317309 7.861406
4.976585 2.311045 7.846465
4.967230 2.330139 7.844245
4.956338 2.316744 7.839196
4.942475 2.539370 7.928251
4.915611 2.492366 7.869791
4.856026 2.405551 7.808365
4.850522 2.408163 7.761029
4.850522 2.408163 7.761029
4.791457 2.445057 7.782873
4.815073 2.430795 7.763085
4.737443 2.467901 7.856797
4.756364 2.457773 7.831702
4.730425 2.466160 7.798454
4.712589 2.488640 7.740195
4.717500 2.529480 7.728641
4.647016 2.508924 7.759996
4.632437 2.533642 7.718209
4.600265 2.627135 7.745250
4.586504 2.629002 7.746852
4.508931 2.559834 7.707704
4.485416 2.487799 7.654068
4.485416 2.487799 7.654068
4.456959 2.372184 7.509204
4.461611 2.218008 7.347745
4.429345 1.959511 7.196693
4.381609 1.752503 7.090257
4.329373 1.505901 6.977234
4.245910 1.232558 6.847285
4.205213 0.989742 6.705837
4.092353 0.370109 6.374496
4.034077 0.156423 6.262378
4.015170 -0.012616 6.075621
3.990259 -0.154780 5.980960
3.999955 -0.210959 5.948825
3.968641 -0.287965 5.869778
3.955212 -0.343452 5.834647
3.931073 -0.388944 5.800608
3.910667 -0.587656 5.713744
3.852123 -0.666301 5.665223
3.855856 -0.705394 5.644245
3.836034 -0.791669 5.600880
3.767796 -0.887482 5.584694
3.742377 -1.020846 5.534337
3.735818 -1.109088 5.465071
3.706356 -1.256787 5.405891
3.671496 -1.363764 5.357367
3.602892 -1.472736 5.304772
3.637757 -1.565220 5.265826
3.603491 -1.642018 5.240937
3.575962 -1.751745 5.196058
3.555553 -1.859593 5.136190
3.549662 -1.956888 5.131540
3.536766 -2.086675 5.133014
3.526666 -2.194812 5.059643
3.548342 -2.300604 4.975292
3.558818 -2.387355 4.899841
3.560407 -2.477392 4.870898
3.607313 -2.528300 4.807537
3.580273 -2.601831 4.789125
3.569473 -2.655331 4.752266
3.602659 -2.693097 4.713321
3.613620 -2.740779 4.684247
3.613620 -2.740779 4.684247
3.635742 -2.761606 4.691863
