x y z
0.041525 -0.957821 1.649920
0.054602 -0.911152 1.590873
0.061025 -0.843766 1.420186
0.005778 -0.914713 1.581722
-0.000079 -0.893640 1.606593
0.029989 -0.816544 1.680458
0.021936 -0.610529 1.536104
0.001275 -0.610424 1.591179
0.013415 -0.583155 1.563918
-0.018265 -0.527061 1.576272
-0.027608 -0.582643 1.656832
-0.054151 -0.641933 1.675515
-0.059451 -0.765732 1.757087
-0.055928 -0.873222 1.679071
-0.067059 -0.876945 1.677694
-0.044843 -0.854844 1.628522
-0.039824 -0.787561 1.412955
-0.007234 -0.852728 1.194966
0.034531 -0.889093 1.067225
0.049973 -0.915929 1.054697
0.060492 -0.944289 1.009443
0.091286 -0.927373 1.048796
0.095375 -0.974989 1.118098
0.119738 -0.922012 1.181519
0.179721 -0.887860 1.178219
0.279582 -0.782969 1.172931
0.346720 -0.716205 1.145372
0.358213 -0.677106 1.125850
0.405076 -0.592436 1.117052
0.377551 -0.535286 1.051345
0.248678 -0.547439 1.001364
0.132883 -0.516072 0.969881
0.110678 -0.524363 0.976284
0.288645 -0.499205 0.996518
0.583043 -0.547024 1.075382
0.747794 -0.643071 1.169577
0.851103 -0.786106 1.205045
0.917232 -0.833406 1.297545
0.945398 -0.905977 1.358201
0.922042 -0.944530 1.375588
0.775461 -0.822594 1.318346
0.625473 -0.704842 1.253191
0.556767 -0.614463 1.172725
0.498700 -0.386431 1.089473
0.427826 -0.264573 1.052753
0.347802 -0.202459 0.996192
0.320570 -0.140796 0.939236
0.281674 -0.213177 0.889970
0.115031 -0.351036 0.893330
-0.061464 -0.498440 0.937690
-0.119365 -0.701763 0.972088
0.199875 -0.751887 1.066547
0.497261 -0.647337 1.098156
0.576989 -0.602886 1.108088
0.651490 -0.434313 1.121038
0.653562 -0.403446 1.118265
0.513189 -0.289037 0.949357
0.425154 -0.206781 0.789116
0.454019 -0.042122 0.605252
0.512340 -0.070531 0.674614
0.558790 -0.078576 0.715526
0.680018 -0.120815 0.836841
0.835242 -0.124786 0.965803
0.945019 -0.137232 1.045715
0.952746 -0.162022 1.073427
0.999189 -0.146053 1.117616
1.043934 -0.117268 1.105714
1.186143 -0.044842 1.089989
1.264175 0.021550 1.019858
1.088582 0.077403 0.861300
0.928054 0.038004 0.784700
0.666064 0.019654 0.701716
0.458253 -0.042156 0.679266
0.425636 -0.069262 0.705524
0.378475 -0.143042 0.753558
0.407786 -0.146549 0.823419
0.477637 -0.131048 0.849980
0.589578 -0.070225 0.833459
0.562630 -0.062028 0.732866
0.525915 -0.067627 0.687747
0.522391 -0.056439 0.670370
0.504507 -0.048202 0.575978
0.449295 -0.083633 0.520014
0.399942 -0.087758 0.490041
0.415562 -0.111451 0.536117
0.558873 -0.035476 0.566219
0.686423 0.020241 0.565786
0.720731 0.048882 0.567781
0.743096 0.074213 0.602483
0.681743 0.059784 0.542468
0.590266 0.016617 0.493589
0.517811 0.083107 0.405171
0.508077 0.161228 0.266777
0.525382 0.167085 0.216417
0.648699 0.243513 0.243764
0.721340 0.215431 0.274187
0.753634 0.224503 0.263206
0.757985 0.257746 0.253200
0.740432 0.346742 0.178294
0.624642 0.423754 0.173518
0.586608 0.460305 0.152515
0.575867 0.551462 0.139526
0.677832 0.725812 0.139387
0.812319 0.718854 0.124070
0.969587 0.692478 0.131396
1.116687 0.614130 0.169741
1.261238 0.518155 0.214972
1.418597 0.607745 -0.002953
1.433607 0.753678 -0.274275
1.267896 0.880699 -0.547657
1.026128 1.095402 -0.743456
0.865717 1.260059 -0.790261
0.691595 1.625004 -0.893007
0.532665 1.790961 -0.931081
0.458986 1.889258 -0.968490
0.773443 1.923536 -0.929350
1.405232 1.837681 -0.796208
1.834229 1.628408 -0.698929
1.894603 1.560342 -0.682357
2.054073 1.385394 -0.673235
2.181743 1.337073 -0.654265
2.071510 1.352953 -0.744894
1.527119 1.479897 -0.972396
1.252775 1.841764 -0.995069
1.221161 2.364418 -0.910360
1.256706 2.782193 -0.848655
1.164017 3.094255 -0.827360
1.092858 3.303449 -0.841474
1.153031 3.404365 -0.927436
1.218021 3.257514 -1.009252
1.384965 2.898295 -1.096454
1.514183 2.597755 -1.004364
1.359617 2.268060 -0.869010
0.917267 2.545768 -0.771556
0.751673 3.056049 -0.499930
0.565530 3.356325 -0.401963
0.421323 3.465599 -0.648025
0.250277 3.475584 -1.034229
0.118290 3.501644 -1.393761
0.009321 3.659619 -1.607733
-0.048934 3.903930 -1.790670
0.039230 4.339512 -1.758031
0.189441 4.602008 -1.559922
0.325226 4.791935 -1.241872
0.176723 4.784930 -1.011454
0.018524 4.611615 -0.908278
-0.028807 4.294094 -0.825444
0.060441 4.054347 -0.851048
0.020486 3.938409 -0.960813
0.086194 4.160361 -1.095284
0.325572 4.554816 -1.042294
0.427967 5.115931 -1.016508
0.038749 5.555731 -0.974457
-0.395985 5.667370 -1.000925
-0.875685 5.856947 -1.138350
-0.794839 6.003078 -1.042684
-0.481163 6.254149 -0.906150
-0.568321 6.213804 -0.994430
-0.955106 5.820846 -1.096200
-1.327596 5.564574 -1.105568
-1.354410 5.685555 -1.143865
-1.198295 6.118015 -1.108239
-1.062262 6.540672 -0.964311
-1.223766 6.617045 -0.799182
-1.592090 6.463366 -0.504187
-1.651075 6.505058 -0.391287
-1.696396 6.727824 -0.554290
-1.584878 6.702147 -0.646941
-1.653383 6.604667 -0.551236
-1.879833 6.621370 -0.065728
-1.875496 6.859346 0.277213
-2.059103 6.639783 0.397610
-2.151494 6.422013 0.385001
-2.117169 6.359442 0.455035
-2.128661 6.346644 0.560324
-2.235329 6.463014 0.691111
-2.176942 6.442678 0.869669
-2.161773 6.483387 1.094849
-2.330757 6.334269 1.296364
-2.376514 6.247939 1.452630
-2.352753 6.318753 1.516491
-2.490655 6.205740 1.676581
-2.569480 6.037163 1.776141
-2.492484 6.156614 1.760185
-2.302929 6.349657 1.863771
-2.272563 6.384259 1.800089
-2.281499 6.280023 1.767258
-2.156780 6.350534 1.849776
-2.187579 6.307652 1.942268
-2.343713 6.274552 2.065301
-2.353170 6.221254 2.361028
-2.418167 6.100641 2.443256
-2.551816 5.821241 2.450152
-2.770035 5.469563 2.331515
-2.954950 5.254688 2.277903
-3.079809 5.053442 2.205402
-3.153865 4.858352 2.081839
-3.198037 4.731091 1.994323
-3.274274 4.684928 1.879982
-3.300038 4.791539 1.834462
-3.220185 4.887961 1.852075
-3.212532 4.928889 1.865250
-3.223617 4.902983 1.852999
-3.253529 4.824251 1.788433
-3.252050 4.808063 1.725969
-3.211778 4.801420 1.730739
-3.197643 4.844227 1.740076
-3.238714 4.845834 1.763620
-3.255440 4.842166 1.646913
-3.263564 4.904159 1.582765
-3.257091 4.909224 1.462357
-3.301291 4.836504 1.350224
-3.379046 4.682858 1.274810
-3.496190 4.499863 1.215815
-3.607568 4.402658 1.166861
-3.590488 4.402457 1.147357
-3.555479 4.475409 1.143051
-3.546037 4.528211 1.129444
-3.544855 4.523826 1.095222
-3.496553 4.536434 1.047145
-3.497484 4.541186 1.017732
-3.507038 4.518847 0.895800
-3.518803 4.442822 0.794133
-3.527055 4.447128 0.743652
-3.526194 4.439364 0.735431
-3.526194 4.439364 0.735431
-3.526194 4.439364 0.735431
-3.517146 4.451353 0.768613
-3.360479 4.628882 1.044363
-3.297061 4.792401 1.248186
-3.386260 4.661351 1.375706
-3.570853 4.300180 1.391924
-3.750179 3.980871 1.453716
-3.951699 3.665452 1.528283
-4.096630 3.545018 1.605258
-4.193547 3.502243 1.645466
-4.319575 3.445678 1.648808
-4.354533 3.211937 1.669045
-4.404068 3.035038 1.556027
-4.448601 2.903231 1.468697
-4.520792 2.781768 1.418657
-4.500214 2.868464 1.302800
-4.481539 2.942755 1.342424
-4.469694 2.949754 1.427456
-4.407675 2.978309 1.427824
-4.365212 2.971950 1.369478
-4.303130 2.781655 1.276964
-4.182706 2.857392 1.240471
-4.075940 3.061644 1.286782
-3.958032 3.403158 1.313872
-3.744682 3.859443 1.388296
-3.679181 4.088208 1.287450
-3.772333 3.912465 1.099091
-4.076749 3.517115 0.809791
-4.351143 2.907817 0.587102
-4.507539 2.661131 0.436005
-4.424549 2.702730 0.328017
-4.365354 2.859577 0.348256
-4.428244 2.823726 0.434242
-4.449603 2.448883 0.184497
-4.502414 2.196070 0.013160
-4.659374 2.217655 -0.055533
-4.687454 2.522049 0.032802
-4.601457 2.845331 0.144714
-4.276411 2.936390 0.298281
-3.962339 2.681636 0.465490
-3.801530 2.178553 0.681445
-3.921557 1.627659 0.730691
-4.111716 1.304405 0.535524
-4.074566 1.392219 0.465628
-3.821661 1.632053 0.461501
-3.375611 1.897228 0.634700
-2.980001 2.222848 0.902734
-2.971331 2.413854 1.036067
-3.225673 2.586948 1.046066
-3.512812 2.738798 0.903648
-3.778636 2.990226 0.760574
-3.964130 3.087237 0.743275
-4.144808 3.121545 0.830067
-4.346542 3.147415 1.091579
-4.388890 3.174975 1.083631
-4.781398 2.977623 1.122529
-5.107936 2.691215 1.127124
-5.484318 2.321918 1.010357
-5.604353 2.125882 0.985340
-5.714204 1.931095 0.757470
-5.691276 1.921591 0.492933
-5.728273 1.995089 0.120864
-5.701543 2.042742 0.031406
-5.613965 2.229436 -0.222955
-5.523009 2.486202 -0.402662
-5.471594 2.714987 -0.434736
-5.479147 2.963878 -0.306249
-5.505999 3.169639 0.043648
-5.449127 3.302054 0.315079
-5.492944 3.133079 0.597414
-5.508600 2.895819 0.762600
-5.540706 2.603446 0.851101
-5.481998 2.459332 0.789218
-5.488248 2.355625 0.678130
-5.555821 2.284954 0.560755
-5.757126 2.255720 0.418454
-5.849265 2.254939 0.368692
-6.081288 2.328161 0.230444
-6.193605 2.443838 0.195456
-6.253593 2.614510 0.206590
-6.279300 2.627515 0.221989
-6.555192 2.746083 0.306082
-6.543891 2.710920 0.296676
-6.735488 2.500022 0.244234
-6.866351 2.396275 0.160280
-7.013645 2.242231 0.060150
-7.083691 2.162230 0.004078
-7.136826 1.849796 0.007156
-7.147971 1.692278 0.009343
-7.155337 1.672555 0.003989
-7.109225 1.658404 -0.010412
-7.136437 1.708247 -0.106639
-7.044836 1.694543 -0.111547
-6.988467 1.663761 -0.165945
-6.961799 1.747655 -0.335664
-6.892920 1.714320 -0.432955
-6.899082 1.645460 -0.484874
-6.777992 1.215426 -0.416876
-6.683852 0.943643 -0.293435
-6.706331 0.698109 -0.226150
-6.596348 0.371954 -0.032356
-6.560252 0.050527 0.086633
-6.417352 -0.217714 0.048890
-6.328975 -0.403501 0.059860
-6.270021 -0.543481 0.031565
-6.178386 -0.582042 -0.009293
-6.188389 -0.589895 -0.120760
-6.079387 -0.631579 -0.119189
-6.072072 -0.691801 -0.175763
-6.040445 -0.631867 -0.272687
-6.019960 -0.605880 -0.360306
-5.994441 -0.651912 -0.377565
-5.937599 -0.765795 -0.331786
-5.901759 -0.875642 -0.365449
-5.826608 -0.938174 -0.351062
-5.862632 -0.960015 -0.490980
-5.753679 -0.973163 -0.521088
-5.726891 -1.029085 -0.592831
-5.625967 -1.163631 -0.603923
-5.606167 -1.299321 -0.588648
-5.460804 -1.526821 -0.544907
-5.380196 -1.769265 -0.362096
-5.359108 -2.011988 -0.249152
-5.231610 -2.219589 -0.076749
-5.187344 -2.443149 -0.028914
-5.066131 -2.622383 0.055951
-4.988628 -2.772203 0.103217
-4.907727 -2.916355 0.072167
-4.784136 -2.991747 0.066188
-4.763460 -3.083564 -0.000334
-4.675949 -3.068898 -0.084230
-4.577694 -3.047289 -0.165850
-4.610788 -3.103677 -0.251043
-4.482760 -3.191795 -0.198842
-4.451071 -3.335181 -0.175197
-4.391340 -3.509816 -0.076196
-4.362756 -3.542381 -0.034151
-4.303285 -3.608778 0.043329
-4.310017 -3.769776 0.115417
-4.267440 -3.843634 0.292341
-4.183159 -3.924626 0.447108
-4.175624 -4.081629 0.571740
-4.022569 -4.133415 0.702356
-3.960801 -4.247049 0.703318
-3.930974 -4.305402 0.650099
-3.831629 -4.326600 0.542110
-3.828153 -4.295389 0.351641
-3.864263 -4.325171 0.158928
-3.820555 -4.304564 0.065326
-3.778483 -4.335177 -0.020994
-3.765131 -4.345122 0.008779
-3.810629 -4.443923 0.118608
-3.724789 -4.513066 0.174001
-3.541650 -4.641388 0.233433
-3.433102 -4.690539 0.240157
-3.351483 -4.756455 0.292899
-3.296668 -4.896145 0.490542
-3.195417 -4.925698 0.584540
-3.051983 -5.051293 0.672655
-2.735165 -5.162875 0.530891
-2.606137 -5.149843 0.285340
-2.518200 -5.112048 0.178317
-2.478958 -5.110909 0.089620
-2.524639 -4.981091 0.014192
-2.532593 -4.900305 -0.004745
-2.472895 -4.894409 0.081521
-2.387578 -4.955561 0.210632
-2.333314 -5.009570 0.249806
-2.359559 -5.037112 0.199495
-2.377129 -5.047187 0.149215
-2.353258 -5.061819 0.166846
-2.208918 -5.042572 0.186091
-2.068579 -5.070811 0.314056
-2.110272 -5.139253 0.354749
-2.305783 -5.121751 0.321474
-2.523439 -5.091448 0.291099
-2.507333 -5.160834 0.425487
-2.331722 -5.172199 0.486841
-2.112256 -5.341183 0.683931
-1.816718 -5.473773 0.867083
-1.621688 -5.660808 0.952553
-1.650858 -5.975336 0.857909
-1.655171 -6.168939 0.809737
-1.627308 -6.173742 0.763989
-1.397709 -6.225903 0.630594
-1.139847 -6.231499 0.537430
-1.093688 -6.243020 0.521438
-1.031669 -6.224035 0.428235
-0.982590 -6.213810 0.395374
-0.860887 -6.230003 0.336474
-0.718178 -6.141243 0.402546
-0.732575 -6.161109 0.458774
-0.645432 -6.133592 0.497882
-0.455134 -6.048085 0.520465
-0.319307 -6.040652 0.579863
-0.320362 -6.007014 0.561578
-0.428286 -6.050166 0.633880
-0.517080 -6.132618 0.676849
-0.551853 -6.159025 0.598213
-0.517527 -6.179835 0.473654
-0.502469 -6.247657 0.377683
-0.526132 -6.308183 0.289257
-0.562081 -6.369111 0.158374
-0.498974 -6.426605 0.079059
-0.389620 -6.407785 -0.008842
-0.271699 -6.430307 -0.087236
-0.108227 -6.406511 -0.096545
0.015335 -6.432884 -0.227652
0.082084 -6.447762 -0.306695
0.301589 -6.471332 -0.270465
0.452582 -6.415337 -0.331577
0.536240 -6.407754 -0.379618
0.624432 -6.396197 -0.410812
0.678505 -6.407067 -0.455373
0.742335 -6.432404 -0.529437
0.858251 -6.518359 -0.579175
0.864623 -6.559350 -0.735192
0.770062 -6.536775 -0.823525
0.761553 -6.570368 -0.919050
0.778725 -6.746429 -0.993011
0.738240 -6.812145 -1.030584
0.686833 -6.703476 -1.199715
0.666246 -6.697758 -1.325423
0.367734 -6.822518 -1.276753
-0.045581 -6.976879 -1.156742
-0.392929 -7.118338 -1.071133
-0.590600 -7.252931 -1.111128
-0.696634 -7.369260 -1.100602
-0.875763 -7.387786 -1.143699
-1.062539 -7.394685 -1.157448
-1.176492 -7.444626 -1.202480
-1.245916 -7.527640 -1.374750
-1.284612 -7.540831 -1.452030
-1.349921 -7.555736 -1.583526
-1.387052 -7.601377 -1.681394
-1.431674 -7.643061 -1.754079
-1.453680 -7.648936 -1.826505
-1.469126 -7.636003 -1.946370
-1.567394 -7.674091 -1.940474
-1.596858 -7.670266 -1.958380
-1.582230 -7.688529 -2.029551
-1.583369 -7.679014 -2.020636
-1.580118 -7.667631 -2.066728
-1.589498 -7.684889 -2.088540
-1.617392 -7.639423 -2.089297
-1.557657 -7.691520 -2.149861
-1.606851 -7.622147 -2.168623
-1.641231 -7.579388 -2.154591
-1.627484 -7.550998 -2.181707
-1.613094 -7.515493 -2.174594
-1.629251 -7.396961 -2.186885
-1.624585 -7.370377 -2.157192
-1.640016 -7.327337 -2.141629
-1.686704 -7.276312 -2.160803
-1.662693 -7.295726 -2.261747
-1.659219 -7.308782 -2.198684
-1.607777 -7.313347 -2.212606
-1.586754 -7.301276 -2.247937
-1.552637 -7.312103 -2.262400
-1.545502 -7.348982 -2.239669
-1.493313 -7.351889 -2.298147
-1.468435 -7.328844 -2.298606
-1.408010 -7.381190 -2.214443
-1.388668 -7.246362 -2.286978
-1.351175 -7.222046 -2.311412
-1.204037 -7.165242 -2.312296
-1.008816 -7.090544 -2.348212
-0.676725 -6.930040 -2.284381
-0.442075 -6.836472 -2.271338
-0.251907 -6.745070 -2.238125
-0.106921 -6.698752 -2.272915
0.135383 -6.618293 -2.286336
0.525377 -6.443377 -2.275646
0.881770 -6.389736 -2.226453
1.250799 -6.305491 -2.203817
1.606898 -5.864233 -2.278915
1.967690 -5.775510 -2.212799
2.246805 -5.613285 -2.246900
2.488879 -5.359271 -2.249339
2.530800 -5.366889 -2.233481
2.714404 -5.313783 -2.243648
2.736397 -5.311469 -2.267924
2.836479 -5.290988 -2.243084
2.901678 -5.254399 -2.200686
2.918187 -5.278187 -2.203762
2.922227 -5.290714 -2.178135
2.924144 -5.278321 -2.206555
2.869104 -5.335818 -2.216638
2.779943 -5.368656 -2.234935
2.837658 -5.368411 -2.231111
2.970512 -5.334420 -2.219035
3.139715 -5.298065 -2.195064
3.228698 -5.327301 -2.167400
3.239587 -5.345662 -2.174730
3.170578 -5.344481 -2.143496
3.035476 -5.411453 -2.101747
2.990803 -5.428083 -1.943783
2.945828 -5.428637 -1.815150
2.949826 -5.379159 -1.746549
2.886549 -5.397650 -1.655198
2.895214 -5.387274 -1.602248
2.897987 -5.453185 -1.537372
2.871584 -5.496842 -1.440437
2.715434 -5.456961 -1.401604
2.695455 -5.468579 -1.404801
2.608040 -5.514054 -1.387134
2.372923 -5.677454 -1.354249
2.393902 -5.777934 -1.350337
2.367882 -5.727108 -1.426045
2.311820 -5.749382 -1.548226
2.175286 -5.806901 -1.582904
2.025337 -5.951142 -1.647739
1.993548 -6.021056 -1.739866
2.068298 -5.986899 -1.962412
2.201682 -5.949524 -2.075018
2.263753 -5.961702 -2.249634
2.448915 -5.973074 -2.368081
2.582131 -5.793866 -2.443597
2.720047 -5.707447 -2.448455
3.162953 -5.461897 -2.503947
3.400374 -5.358507 -2.482250
3.504073 -5.219693 -2.554086
3.513386 -5.189119 -2.566379
3.591847 -5.121278 -2.554124
3.743736 -5.004880 -2.575595
3.835393 -4.907051 -2.548752
3.923780 -4.790718 -2.547578
3.997430 -4.667586 -2.525225
4.119692 -4.568862 -2.603891
4.202188 -4.535564 -2.465853
4.190846 -4.450555 -2.482442
4.217450 -4.373085 -2.486090
4.339582 -4.279405 -2.490366
4.413508 -4.221296 -2.452172
4.543388 -4.134432 -2.432679
4.559024 -4.093636 -2.442187
4.706730 -3.987620 -2.434280
4.863533 -3.872927 -2.429201
5.043605 -3.733067 -2.391203
5.162400 -3.599648 -2.366508
5.245456 -3.552258 -2.269667
5.251886 -3.326835 -2.268316
5.284598 -3.265663 -2.256535
5.436978 -3.053228 -2.187613
5.587686 -2.865756 -2.163129
5.814816 -2.658403 -2.095493
6.104843 -2.420301 -2.094071
6.415678 -2.267667 -2.080055
6.860355 -1.851932 -1.845292
7.105045 -1.572071 -1.764853
7.196287 -1.394295 -1.716928
7.362221 -1.084618 -1.673887
7.424158 -0.972906 -1.609939
7.517703 -0.849131 -1.590712
7.597905 -0.788738 -1.567795
7.689886 -0.697108 -1.531685
7.736256 -0.625346 -1.481870
7.724448 -0.558606 -1.482714
7.763124 -0.406014 -1.429722
7.739784 -0.368090 -1.354980
7.763152 -0.261348 -1.333055
7.801995 -0.194745 -1.268514
7.825848 -0.178320 -1.268495
7.908021 -0.081776 -1.369137
7.841081 -0.049594 -1.302346
7.861039 0.032875 -1.251324
7.855219 0.043684 -1.184960
7.841693 0.111838 -1.207515
7.736889 0.323854 -1.204730
7.649569 0.356675 -1.229750
7.606999 0.468108 -1.237094
7.693542 0.396762 -1.197222
7.701464 0.371822 -1.246481
7.804440 0.329355 -1.179087
7.789100 0.277841 -1.216560
7.786568 0.388268 -1.192473
7.640128 0.661012 -1.295213
7.502737 1.019038 -1.232837
7.292152 1.196774 -1.280041
7.207297 1.383224 -1.287872
7.167938 1.408425 -1.338023
7.202464 1.412105 -1.287627
7.253435 1.409376 -1.260560
7.323725 1.306297 -1.219828
7.428514 1.241444 -1.170142
7.625989 1.138822 -1.118651
7.754527 1.042734 -1.098924
7.805313 0.951132 -1.075249
7.847632 0.897785 -1.064177
7.862800 0.893062 -1.067303
7.942822 0.870287 -1.013055
7.837267 1.006136 -1.100783
7.708973 1.063606 -1.167555
7.543481 1.202763 -1.176881
7.369142 1.375586 -1.207215
7.243779 1.531577 -1.278796
7.153414 1.643509 -1.297141
7.096379 1.714904 -1.335046
7.169602 1.754069 -1.305597
7.135520 1.683380 -1.320517
7.225312 1.586510 -1.283738
7.300090 1.508810 -1.261703
7.397292 1.441719 -1.224677
7.533030 1.329282 -1.174059
7.675689 1.208321 -1.117543
7.762568 1.132183 -1.056268
7.840971 1.075980 -1.022378
7.892811 1.052334 -1.006166
7.856461 1.075909 -1.000148
7.822800 1.134506 -1.019898
7.780252 1.255582 -1.014218
7.707349 1.243496 -1.004264
7.769326 1.138444 -0.980482
7.863990 1.042620 -0.942736
7.923622 0.999463 -0.916515
7.922386 1.008233 -0.910821
7.989031 0.862794 -0.892993
8.022763 0.831693 -0.882644
8.078963 0.716681 -0.867588
8.131448 0.691363 -0.905279
8.216502 0.610940 -0.827800
8.189019 0.607675 -0.823082
8.035511 0.694016 -0.852503
8.081464 0.696199 -0.828629
8.094285 0.636536 -0.824440
8.129154 0.550916 -0.798235
8.145297 0.487116 -0.846912
8.163444 0.453154 -0.827730
8.142656 0.436865 -0.821570
8.096161 0.480881 -0.747044
8.060884 0.464592 -0.712940
8.030708 0.456288 -0.683711
8.029242 0.409097 -0.652443
8.178039 0.178391 -0.614197
8.070937 0.201898 -0.655712
8.004552 0.266788 -0.670568
8.028171 0.215012 -0.675041
8.006096 0.198800 -0.626088
8.017326 0.146873 -0.621886
8.007574 0.032585 -0.563188
8.018536 -0.064129 -0.538875
8.009741 -0.175130 -0.555763
8.008576 -0.232896 -0.506749
8.007740 -0.228646 -0.514327
7.977611 -0.236323 -0.444970
7.967286 -0.230876 -0.452636
7.941920 -0.285495 -0.414835
7.929522 -0.378451 -0.401073
7.978688 -0.483916 -0.456227
7.930459 -0.526822 -0.351347
7.897719 -0.569930 -0.345590
7.873338 -0.599230 -0.277265
7.864347 -0.587941 -0.270119
7.851435 -0.587647 -0.231321
7.869129 -0.688142 -0.243263
7.883961 -0.758929 -0.276803
7.862317 -0.824902 -0.271077
7.839840 -0.956078 -0.219661
7.820136 -1.120171 -0.201000
7.797228 -1.117349 -0.220246
7.802384 -1.094198 -0.209245
7.785553 -1.104842 -0.173949
7.789373 -1.119701 -0.184582
7.781960 -1.270053 -0.188509
7.758370 -1.438117 -0.170774
7.723855 -1.507488 -0.159672
7.637117 -1.499315 -0.050135
7.489648 -1.356553 0.038270
7.303543 -1.104615 0.105925
7.152624 -0.913619 0.115989
7.076760 -0.760056 0.098473
7.109570 -0.756493 0.101717
7.207647 -0.979237 0.086457
7.334473 -1.284085 0.092876
7.254306 -1.490575 0.243351
7.072089 -1.264331 0.282966
6.985421 -1.059818 0.288361
7.021586 -1.132360 0.287424
7.129669 -1.357897 0.200385
7.204432 -1.464779 0.241090
7.252925 -1.602188 0.276882
7.264561 -1.602063 0.274432
7.221685 -1.529404 0.265731
7.178030 -1.486311 0.273935
7.072826 -1.380936 0.249583
7.063624 -1.345528 0.198827
7.119952 -1.390798 0.139824
7.353430 -1.670769 0.190276
7.332031 -1.617558 0.162361
7.215186 -1.425526 0.080467
7.133732 -1.248270 0.062661
7.001819 -1.021215 0.013124
6.981694 -0.968573 -0.009799
6.984680 -1.002429 -0.028853
7.004517 -1.007170 -0.047224
7.004328 -1.033619 -0.053723
7.247492 -1.484844 0.000746
7.262797 -1.493994 -0.003947
7.192261 -1.372907 -0.026956
7.187825 -1.355007 -0.017959
7.167978 -1.321921 -0.021436
7.052852 -1.153025 -0.027228
6.989734 -1.089096 -0.037577
6.979751 -1.082803 -0.028110
7.072640 -1.102051 -0.184619
7.054373 -1.106868 -0.168058
7.061587 -1.189452 -0.095588
7.077278 -1.174843 -0.065844
7.021526 -1.059990 -0.077397
6.861104 -0.808495 -0.068099
6.761264 -0.711708 -0.023812
6.727875 -0.686098 -0.004322
6.827814 -0.800143 -0.000606
6.869634 -0.920728 -0.117169
6.877235 -0.873151 -0.199772
6.837570 -0.828542 -0.205134
6.802735 -0.731999 -0.210977
6.848402 -0.654978 -0.281120
6.828812 -0.737531 -0.148559
6.871886 -0.808188 -0.085669
6.868055 -0.940221 -0.052870
6.925231 -1.012676 -0.068086
6.989718 -1.076387 -0.086400
7.045470 -1.157049 -0.047326
7.071884 -1.232262 0.013689
7.027861 -1.096641 -0.014970
7.005585 -1.025751 -0.022112
7.066935 -1.000302 0.002362
7.062790 -1.120014 -0.027254
7.102305 -1.185696 -0.025396
7.158394 -1.189371 -0.041897
7.141417 -1.006220 -0.065219
7.106032 -0.848291 -0.083705
7.089509 -0.766595 -0.095675
7.077829 -0.789729 -0.115244
7.122800 -0.786933 -0.189377
7.109754 -0.849688 -0.136918
7.128654 -0.931752 -0.132014
7.172807 -0.959485 -0.088645
7.196843 -0.897290 -0.166620
7.139890 -0.824975 -0.196573
7.091008 -0.754399 -0.217992
7.051397 -0.687096 -0.195044
7.058745 -0.680299 -0.182187
7.133489 -0.739066 -0.203753
7.205897 -0.860267 -0.192391
7.219075 -0.870666 -0.173406
7.162551 -0.745147 -0.238606
7.066880 -0.547966 -0.310525
7.027614 -0.323929 -0.366681
7.058259 -0.359398 -0.356455
7.123395 -0.500159 -0.235332
7.235601 -0.762829 -0.157396
7.313248 -0.971637 -0.082919
7.367060 -1.032425 -0.033218
7.356057 -0.992761 -0.053203
7.314791 -0.868068 -0.109440
7.334610 -0.898586 -0.059637
7.393932 -1.122740 -0.041263
7.457495 -1.314688 0.017356
7.557198 -1.579233 0.067717
7.571300 -1.544887 0.065205
7.481693 -1.354774 -0.013760
7.406689 -1.150694 -0.073444
7.349650 -1.098979 -0.089291
7.398087 -1.174123 -0.112697
7.467387 -1.258374 -0.145059
7.425559 -1.262674 -0.044517
7.337571 -1.166136 -0.016972
7.319017 -1.043744 -0.045231
7.318628 -0.889677 -0.059385
7.301104 -0.927815 -0.118703
7.333696 -1.117770 -0.112176
7.414041 -1.315358 -0.086440
7.431365 -1.412383 -0.049156
7.449584 -1.435487 -0.081136
7.431327 -1.476891 -0.044025
7.395788 -1.413998 -0.070396
7.396949 -1.486862 -0.080845
7.453177 -1.634622 -0.051892
7.478858 -1.655734 -0.037583
7.448484 -1.628729 -0.052878
7.404820 -1.536033 -0.092063
7.356175 -1.465595 -0.119832
7.361217 -1.508192 -0.088662
7.399812 -1.565485 -0.039575
7.367027 -1.680988 -0.068123
7.371884 -1.787518 -0.059936
7.422190 -1.849292 0.021687
7.339927 -1.616378 -0.106813
7.273933 -1.576506 -0.125243
7.290717 -1.604977 -0.119977
7.324999 -1.759255 -0.077240
7.337387 -1.895208 -0.081391
7.360501 -1.929396 -0.056211
7.416357 -1.841012 -0.189733
7.326756 -1.717070 -0.237874
7.213866 -1.670862 -0.052101
7.183993 -1.685476 -0.065104
7.185807 -1.746768 -0.111734
7.214221 -1.803142 -0.110651
7.205672 -1.795020 -0.122649
7.210321 -1.765573 -0.126634
7.134908 -1.681004 -0.150399
7.123050 -1.700435 -0.157199
7.104995 -1.707507 -0.194764
7.057307 -1.683532 -0.199344
7.084100 -1.706687 -0.242070
7.051353 -1.758686 -0.213522
7.082583 -1.788522 -0.213987
7.064564 -1.733835 -0.259360
7.121058 -1.814732 -0.321395
7.025229 -1.776812 -0.251185
6.972868 -1.759272 -0.247996
6.972378 -1.698227 -0.297199
6.919916 -1.620118 -0.302037
6.876332 -1.561697 -0.355393
6.853846 -1.570269 -0.362852
6.854653 -1.522430 -0.385115
6.800653 -1.507245 -0.405326
6.785953 -1.500300 -0.450035
6.769418 -1.519935 -0.520904
6.751512 -1.504162 -0.489544
6.725780 -1.519402 -0.532921
6.694172 -1.494075 -0.556390
6.680526 -1.397614 -0.631969
6.645414 -1.344987 -0.636538
6.610011 -1.282269 -0.669598
6.571215 -1.238589 -0.655980
6.574652 -1.224712 -0.661068
6.511507 -1.141419 -0.711967
6.494675 -1.081517 -0.724956
6.574717 -1.007996 -0.861097
6.588769 -0.963440 -0.934742
6.559446 -0.922488 -0.918524
6.570770 -0.925029 -0.921975
6.504455 -0.811785 -0.940340
6.480484 -0.771772 -0.917363
6.434660 -0.871476 -0.930392
6.440841 -0.919379 -0.930008
6.422222 -0.957046 -0.921609
6.338591 -0.991436 -0.794893
6.253800 -0.936582 -0.815287
6.264493 -0.795252 -0.854734
6.262398 -0.710782 -0.849427
6.377670 -0.626403 -1.021020
6.383403 -0.648911 -1.053105
6.291489 -0.721512 -0.869720
6.293884 -0.698936 -0.852960
6.245402 -0.534957 -0.923806
6.247006 -0.513814 -0.901906
6.245794 -0.285005 -0.933164
6.248384 -0.105932 -0.974814
6.262862 -0.147187 -1.002057
6.325993 -0.199850 -0.945271
6.297667 -0.214710 -0.958310
6.245982 -0.186947 -0.894536
6.222645 -0.140583 -0.825311
6.197807 -0.129609 -0.786148
6.225585 -0.259540 -0.821191
6.242269 -0.295717 -0.890907
6.232535 -0.313269 -0.882090
6.258650 -0.398102 -0.875273
6.267807 -0.470723 -0.821353
6.208530 -0.511968 -0.707908
6.210387 -0.412869 -0.663347
6.240631 -0.413795 -0.687773
6.264864 -0.524318 -0.748700
6.264831 -0.598036 -0.800003
6.293036 -0.606043 -0.764646
6.388979 -0.546308 -0.853506
6.273199 -0.417440 -0.717193
6.220998 -0.407259 -0.663076
6.243186 -0.495568 -0.713015
6.282127 -0.625949 -0.727028
6.265622 -0.682871 -0.786819
6.272537 -0.688790 -0.759247
6.291382 -0.614335 -0.749220
6.292289 -0.648656 -0.785970
6.304185 -0.756377 -0.799053
6.306718 -0.893884 -0.762403
6.331967 -0.963605 -0.741949
6.317200 -0.960778 -0.750384
6.336076 -0.956532 -0.727154
6.336320 -0.995678 -0.720454
6.314743 -1.066779 -0.644401
6.313002 -1.158145 -0.646165
6.310640 -1.203387 -0.623613
6.321425 -1.227928 -0.645420
6.352064 -1.265221 -0.642341
6.331322 -1.305492 -0.676576
6.288879 -1.351103 -0.717813
6.301259 -1.411605 -0.730855
6.312070 -1.432113 -0.750242
6.321506 -1.487533 -0.724826
6.318952 -1.355568 -0.727456
6.311638 -1.243762 -0.746083
6.301960 -1.303106 -0.728997
6.301957 -1.374482 -0.724139
6.303353 -1.317096 -0.725272
6.326741 -1.298976 -0.739675
6.311791 -1.330241 -0.683907
6.333018 -1.343735 -0.670311
6.343603 -1.368259 -0.672026
6.358312 -1.302014 -0.658124
6.359423 -1.253223 -0.702111
6.370499 -1.137288 -0.746872
6.383461 -1.012856 -0.756902
6.375283 -0.971427 -0.764122
6.392734 -0.994090 -0.734684
6.375864 -1.027684 -0.668810
6.383606 -0.999523 -0.654123
6.476436 -0.885551 -0.666170
6.430057 -0.869682 -0.734625
6.401074 -0.840369 -0.881697
6.403485 -0.756883 -0.823133
6.421497 -0.711940 -0.815067
6.416512 -0.706552 -0.816724
6.416892 -0.610318 -0.802265
6.392705 -0.548137 -0.868317
6.405372 -0.387416 -0.921326
6.462184 -0.186342 -0.967271
6.452215 -0.045017 -1.036311
6.478094 0.042416 -0.975403
6.472061 0.105561 -0.951578
6.517198 0.248436 -1.007886
6.511928 0.388529 -1.078031
6.510765 0.400304 -1.092470
6.524509 0.380923 -1.109269
6.538315 0.471925 -1.110193
6.564029 0.610107 -1.112403
6.542189 0.710424 -1.190516
6.555083 0.654079 -1.204819
6.558071 0.780499 -1.231067
6.558632 0.831319 -1.260558
6.534013 0.777997 -1.232513
6.567289 0.795528 -1.277775
6.623655 0.817567 -1.358594
6.620913 1.004358 -1.330758
6.570983 1.204132 -1.290355
6.589950 1.328634 -1.312846
6.628706 1.368775 -1.352991
6.606266 1.412093 -1.338832
6.638024 1.631886 -1.397504
6.670221 1.737467 -1.402217
6.686316 1.788252 -1.417756
6.706584 1.909233 -1.450835
6.703663 1.964949 -1.519831
6.693938 2.102813 -1.475915
6.724947 2.240942 -1.545645
6.749133 2.285519 -1.491958
6.739988 2.423226 -1.530255
6.791223 2.502678 -1.527336
6.811596 2.716574 -1.570529
6.860111 2.825296 -1.542219
6.887218 2.953372 -1.564165
6.915121 3.105234 -1.542338
6.994418 3.243783 -1.566235
7.035035 3.430884 -1.588465
6.936574 3.616140 -1.422317
6.843567 3.838381 -1.204768
6.796721 3.943730 -1.064241
6.786039 4.099107 -0.966437
6.729928 4.120605 -0.851053
6.671317 4.157877 -0.724169
6.656642 4.211644 -0.625298
6.585723 4.244985 -0.501188
6.508324 4.235255 -0.313235
6.304907 4.300677 -0.032288
6.249406 4.310431 0.150195
6.141976 4.260123 0.283003
6.126031 4.242988 0.383741
6.116771 4.190611 0.467015
6.107130 4.197952 0.535760
6.014065 4.203312 0.711761
5.899544 4.191461 0.958228
5.880075 4.198883 0.990030
5.812200 4.178743 1.159296
5.795113 4.166682 1.210953
5.864338 4.237901 1.158300
5.950230 4.126109 1.103380
6.053055 4.055369 1.059388
6.025540 4.026100 1.124321
5.967376 4.012219 1.225136
5.965314 4.009852 1.229790
6.013494 3.967727 1.222973
6.109539 3.930759 1.116760
6.139735 3.899599 1.105682
6.142803 3.910802 1.101971
6.145902 3.886915 1.143396
6.153946 3.864818 1.123810
6.185648 3.832360 1.137389
6.255246 3.815443 1.097436
6.288837 3.812061 1.014177
6.319106 3.817230 1.026998
6.377429 3.802876 0.983880
6.415546 3.769565 0.997676
6.480435 3.792952 0.975676
6.482868 3.741557 1.002727
6.501269 3.717646 1.051914
6.453509 3.707295 1.088611
6.449733 3.692968 1.090977
6.466639 3.633892 1.095704
6.477114 3.637447 1.108580
6.471455 3.630972 1.172904
6.459377 3.657465 1.217283
6.446282 3.561353 1.244809
6.425793 3.602165 1.257819
6.428451 3.582244 1.296358
6.422654 3.565076 1.289307
6.425511 3.575035 1.318839
6.432099 3.587563 1.357025
6.410631 3.604243 1.339809
6.389330 3.560724 1.383337
6.399940 3.536535 1.411050
6.365952 3.594429 1.437935
6.367797 3.544926 1.499851
6.396637 3.558885 1.484528
6.352073 3.583877 1.510409
6.359204 3.540908 1.529455
6.366270 3.565448 1.513886
6.380152 3.550851 1.521666
6.377988 3.456328 1.490300
6.389473 3.488489 1.449786
6.383072 3.503412 1.455656
6.408538 3.482858 1.451787
6.414580 3.566292 1.494197
6.446650 3.571634 1.554922
6.420056 3.571958 1.615998
6.407605 3.639610 1.661695
6.399622 3.603596 1.751535
6.392284 3.639567 1.850396
6.419296 3.633017 1.893627
6.471361 3.649108 1.887788
6.532162 3.627046 1.862803
6.537920 3.615888 1.857565
6.692348 3.631091 1.764669
6.835081 3.624590 1.662192
6.845098 3.632635 1.643017
6.972323 3.551701 1.546132
6.950785 3.548770 1.553710
6.916705 3.540349 1.529085
6.840648 3.584093 1.598325
6.797304 3.565437 1.667326
6.793155 3.590625 1.730272
6.759083 3.621404 1.722359
6.741288 3.622967 1.630031
6.749032 3.656438 1.584947
6.590588 3.705682 1.452505
6.644611 3.714252 1.479433
6.684498 3.746022 1.531934
6.692421 3.710497 1.619407
6.721447 3.727895 1.695370
6.757836 3.697927 1.800672
6.767438 3.701543 1.810506
6.758586 3.698643 1.806637
6.715651 3.702925 1.873627
6.694936 3.688108 1.925960
6.686184 3.730340 1.906067
6.633459 3.745626 1.892112
6.611231 3.753253 1.915553
6.514183 3.774437 1.959438
6.429008 3.805295 2.037201
6.384138 3.797550 2.142185
6.329130 3.820303 2.195313
6.195016 3.861326 2.324786
6.181395 3.852503 2.476185
6.166963 3.848318 2.568052
6.164782 3.865799 2.588938
6.163817 3.896109 2.592424
6.173911 3.906164 2.579723
6.244993 3.918384 2.529791
6.244155 3.931890 2.479032
6.244120 3.969398 2.428974
6.238367 4.019830 2.431883
6.451624 4.036137 2.298216
6.527762 4.036417 2.183576
6.591666 4.098740 2.111981
6.678963 4.168761 2.017207
6.619540 4.220500 2.055952
6.513510 4.238157 2.116632
6.497305 4.287608 2.152680
6.520438 4.375269 2.198558
6.498784 4.351129 2.156209
6.570528 4.364355 1.912457
6.799867 4.389992 1.736537
6.979738 4.411525 1.460858
7.103996 4.398820 1.352706
7.101256 4.385262 1.350555
6.959385 4.417297 1.416299
7.025801 4.508605 1.387461
6.957593 4.482091 1.375243
7.004510 4.473471 1.370440
6.945805 4.548414 1.428678
6.862929 4.651440 1.408807
6.851824 4.571686 1.520463
6.807137 4.549501 1.540916
6.818806 4.625396 1.521084
6.780056 4.695914 1.525145
6.790483 4.670286 1.584183
6.778811 4.656522 1.555086
6.793865 4.727832 1.572296
6.733555 4.780171 1.549732
6.711422 4.750642 1.604176
6.654333 4.751629 1.544446
6.714488 4.769493 1.496244
6.755831 4.798161 1.490462
6.683253 4.788784 1.416896
6.701310 4.792693 1.407733
6.736266 4.783346 1.409646
6.715130 4.860349 1.355083
6.698806 4.873793 1.326848
6.628191 4.797118 1.390760
6.587240 4.796867 1.437048
6.544729 4.793067 1.489770
6.552958 4.796447 1.562938
6.446212 4.855123 1.626807
6.428220 4.928083 1.636485
6.383054 4.848203 1.707432
6.400038 4.839881 1.692220
6.414203 4.828749 1.679593
6.512837 4.850048 1.661477
6.597163 4.909488 1.571003
6.534296 4.910369 1.516843
6.527082 4.854891 1.529933
6.585956 4.872145 1.485526
6.681792 4.921641 1.392154
6.809182 4.931111 1.297707
6.895359 4.995147 1.199019
6.942106 4.948267 1.158380
6.951502 4.961840 1.130702
7.028340 4.981934 1.107395
7.028656 5.031021 1.056097
7.074989 5.034118 1.011476
7.114891 5.064013 0.962245
7.164413 5.128151 0.944923
7.155326 5.087989 0.944054
7.185156 5.074463 0.931081
7.228136 5.090102 0.899021
7.145848 5.097874 0.917825
7.113804 5.104395 0.997606
7.067855 5.099036 1.042350
7.019183 5.083468 1.082730
7.032094 5.189490 1.144885
7.009044 5.127070 1.108928
7.017367 5.042832 1.138494
7.029077 5.047267 1.124639
7.023252 5.052294 1.140703
6.982127 5.054046 1.157480
6.986488 5.066402 1.195728
6.944802 5.063439 1.245465
6.916486 5.068395 1.276963
6.907913 5.083443 1.310065
6.890710 5.084635 1.322315
6.879833 5.115126 1.341558
6.884046 5.242767 1.347112
6.860075 5.095992 1.334282
6.875686 5.066575 1.303404
6.920250 5.071677 1.237121
6.992286 5.094879 1.215683
7.056772 5.128730 1.158141
7.089346 5.109939 1.137105
7.139078 5.120178 1.057546
7.144687 5.154915 1.041354
7.170561 5.145324 1.022035
7.181211 5.160838 1.017815
7.211546 5.174273 1.005658
7.214039 5.243717 1.018133
7.181436 5.185680 1.050679
7.174630 5.184489 1.097377
7.205485 5.150718 1.227215
7.062722 5.184862 1.194136
6.973463 5.169779 1.233220
6.918546 5.167547 1.258284
6.943750 5.180479 1.304877
6.925097 5.174874 1.326573
6.908651 5.181391 1.304030
6.916851 5.191331 1.329424
6.888430 5.165912 1.357118
6.863626 5.137840 1.370616
6.853547 5.140897 1.406694
6.863554 5.136943 1.381785
6.850636 5.130162 1.375840
6.829087 5.119130 1.416169
6.837193 5.235305 1.445023
6.780424 5.103445 1.473668
6.764145 5.093818 1.496449
6.752711 5.095521 1.528494
6.723320 5.087423 1.531288
6.753231 5.086884 1.557048
6.697261 5.118655 1.495405
6.661098 5.100665 1.532285
6.652532 5.111731 1.563202
6.625411 5.121848 1.595866
6.649022 5.128000 1.603465
6.707694 5.122732 1.586002
6.686529 5.168073 1.602749
6.647550 5.084811 1.669807
6.635000 5.091884 1.680884
6.621046 5.099726 1.701106
6.628004 5.074517 1.731641
6.558589 5.079128 1.709430
6.498153 5.075828 1.737808
6.482093 5.128929 1.782916
6.436045 5.089788 1.865581
6.372285 5.034391 1.954472
6.297205 5.034699 2.028961
6.239259 5.036196 2.144866
6.148626 5.034036 2.215346
6.044868 5.044733 2.248264
5.954485 4.970455 2.338499
5.961445 4.972787 2.352019
5.949336 4.982389 2.399244
5.886322 5.031938 2.368044
5.884001 5.021929 2.383495
5.852767 5.011123 2.437778
5.837154 5.054682 2.472290
5.785113 5.026345 2.475984
5.776553 5.039055 2.566849
5.713960 5.060026 2.571550
5.642088 5.057867 2.687930
5.613089 5.047468 2.717045
5.442703 5.045847 2.655181
5.355144 5.111774 2.635962
5.253963 5.111137 2.524864
5.213478 5.175568 2.498669
5.267611 5.211688 2.420104
5.505340 5.193837 2.404088
5.633778 5.250377 2.291782
5.677281 5.277148 2.180072
5.054676 5.324116 1.684456
4.418197 5.423758 1.422259
4.145568 5.401350 1.321149
4.536237 5.432659 1.208406
4.978179 5.501900 1.157999
5.603871 5.515007 1.043722
5.757617 5.642443 0.985962
5.058956 5.585391 0.736766
3.768302 5.602653 0.334678
3.221299 5.615124 0.202236
4.228684 5.640193 0.363440
5.157879 5.753995 0.233134
5.802804 5.834926 0.174601
6.179337 5.903730 0.286633
5.693011 5.881177 0.285017
4.440395 5.816733 0.044230
4.110675 5.803187 0.195849
4.726893 5.787211 0.286383
5.621705 5.878886 0.331541
6.150585 5.993652 0.326546
5.640824 6.010179 0.173307
4.846452 6.005829 0.010399
4.615690 5.926489 0.355544
4.994664 5.877344 0.851162
5.389083 5.915773 1.121186
5.788063 5.926632 1.211901
6.055505 5.911355 1.349171
6.107213 5.912511 1.610648
5.616404 5.845848 1.888604
4.997546 5.699833 2.145366
4.858207 5.689690 2.255847
5.320277 5.770310 2.134673
5.769819 5.855377 2.012756
5.685718 5.826602 2.271472
5.056314 5.674380 2.639922
4.603307 5.604906 2.844595
4.865073 5.621431 2.812344
5.243692 5.769937 2.542305
5.435166 5.824410 2.603924
5.044823 5.672035 3.180148
4.699499 5.459303 3.830797
4.438513 5.280535 4.103227
4.149913 5.035673 4.462158
3.904780 4.910139 4.782011
3.622357 4.871985 5.130340
3.414236 4.874710 5.347556
3.311358 4.825550 5.449260
3.230074 4.686243 5.612076
2.978725 4.451764 5.833564
2.554906 4.336889 5.881672
2.469344 4.416317 5.872324
2.370345 4.520829 5.889091
2.431948 4.682392 5.931494
2.515792 4.776253 5.907864
2.586464 4.829625 5.933833
2.588603 4.846875 6.026886
2.539443 4.773908 6.093087
2.433774 4.538509 6.163195
2.352677 4.295249 6.246068
2.299886 4.266771 6.255404
2.345791 4.451028 6.247934
2.419862 4.609565 6.196695
2.616471 4.700657 6.189299
2.575753 4.749657 5.978893
2.621306 4.867236 5.751992
2.630162 4.964559 5.703019
2.612365 5.099572 5.668134
2.568490 5.106734 5.729286
2.471815 5.106646 5.871740
2.420039 5.137144 5.964309
2.390066 5.186921 6.025801
2.346876 5.206821 6.052066
2.336831 5.215969 6.078625
2.260742 5.195463 6.154337
2.227686 5.220640 6.131258
2.189725 5.220983 6.232023
2.165745 5.243046 6.221727
2.180071 5.305260 6.230492
2.174639 5.314592 6.267869
2.123608 5.309053 6.298908
2.121650 5.372061 6.303033
2.115898 5.365898 6.314677
2.102245 5.351275 6.257376
2.107109 5.406034 6.268087
2.084068 5.393485 6.267642
2.076833 5.388730 6.262077
2.022825 5.402139 6.233495
2.034070 5.389066 6.213995
2.036609 5.416556 6.207208
2.021841 5.405800 6.196133
2.009679 5.418317 6.166735
2.103656 5.450546 6.091441
2.230118 5.493650 5.940657
2.467208 5.557739 5.907069
2.554540 5.624577 5.719027
2.612890 5.696711 5.441099
2.806961 5.761361 5.201535
3.050427 5.876261 4.891506
3.220376 5.920342 4.599305
3.396676 5.992909 4.337902
3.521303 6.053001 4.122293
3.583497 6.078338 3.999089
3.543813 6.048253 4.040569
3.389582 6.017924 4.101948
3.310036 6.007137 4.150516
3.291729 5.974014 4.231672
3.248683 5.927926 4.209809
3.331947 5.905406 4.130450
3.455967 5.960961 3.956529
3.535104 5.943842 3.756793
3.650145 5.933641 3.633648
3.569466 5.890656 3.695115
3.361755 5.806887 3.930951
3.180142 5.733660 4.163925
2.974438 5.679704 4.436804
2.835212 5.673399 4.532906
2.686586 5.643243 4.689900
2.581533 5.590539 4.850369
2.470698 5.530430 4.938984
2.429819 5.520723 5.016862
2.359248 5.488045 5.017324
2.385761 5.457879 4.941226
2.545504 5.543559 4.743225
2.696859 5.581663 4.509956
2.953746 5.607311 4.183948
2.980614 5.644720 4.132250
3.120198 5.660363 3.957377
3.239774 5.697248 3.805122
2.948851 5.623729 4.255575
2.673216 5.557177 4.563449
2.573406 5.563956 4.654363
2.529512 5.530130 4.670536
2.492639 5.524310 4.672937
2.522553 5.485944 4.681549
2.482776 5.477341 4.681817
2.536652 5.470071 4.630815
2.634373 5.482514 4.456882
2.710382 5.503579 4.355131
2.896814 5.571889 4.047861
2.931206 5.593203 3.985805
3.065259 5.597601 3.820866
3.254037 5.641997 3.589402
3.554082 5.714784 3.316186
3.307933 5.679350 3.551713
3.092824 5.649357 3.856205
3.006615 5.603650 3.960761
2.811893 5.525872 4.121361
2.809353 5.451461 4.096721
2.814151 5.452796 4.110324
2.747421 5.376543 4.164574
2.839307 5.424377 4.043276
2.940461 5.421266 3.931949
3.005566 5.436127 3.847625
3.136050 5.471704 3.660579
3.309771 5.544536 3.452969
3.491292 5.573962 3.195640
3.647354 5.601362 3.000022
3.705343 5.601235 2.947319
3.692680 5.627365 3.018843
3.562654 5.588528 3.120766
3.516121 5.539017 3.170506
3.589442 5.530069 3.090652
3.698787 5.546038 2.937186
3.658810 5.491961 2.857924
3.616802 5.477834 2.892514
3.578722 5.475797 3.056413
3.507723 5.453059 3.118710
3.475125 5.472472 3.075857
3.590704 5.475891 2.970398
3.731650 5.501796 2.779233
3.758632 5.471858 2.686357
3.734919 5.454591 2.815727
3.554344 5.437743 3.128355
3.368533 5.393848 3.327050
3.292040 5.386848 3.465651
3.334865 5.366470 3.398876
3.456858 5.360140 3.222831
3.494530 5.305137 3.172958
3.414157 5.275681 3.324948
3.312762 5.222182 3.480469
3.160747 5.243593 3.693395
3.068631 5.230307 3.825481
2.909842 5.188994 3.995208
2.807069 5.201132 4.113500
2.776804 5.188207 4.235432
2.738152 5.189854 4.246800
2.685062 5.161018 4.368757
2.555715 5.143311 4.495676
2.474692 5.098837 4.600791
2.440413 5.114792 4.623927
2.434376 5.100599 4.607545
2.464217 5.146874 4.519600
2.583196 5.130455 4.336841
2.623490 5.147020 4.278183
2.611617 5.144414 4.279285
2.562200 5.122095 4.360105
2.534620 5.128753 4.390965
2.493582 5.098936 4.459790
2.421415 5.103842 4.586898
2.338891 5.077160 4.697870
2.337290 5.072261 4.739649
2.365123 5.065695 4.656529
2.358643 5.071429 4.576827
2.422394 5.046543 4.512970
2.507209 5.029914 4.410973
2.580856 4.989799 4.338240
2.660075 5.018517 4.243581
2.705562 4.998939 4.210649
2.768274 5.010163 4.172047
2.733135 4.985369 4.166907
2.764218 4.966284 4.214868
2.713186 4.963846 4.275474
2.663638 4.941746 4.338148
2.656063 4.930432 4.397615
2.653882 4.929276 4.447623
2.630283 4.965097 4.471474
2.606603 4.952420 4.579145
2.561795 4.950666 4.643925
2.510357 4.921949 4.753230
2.458222 4.928030 4.873510
2.418835 4.955549 4.992907
2.367354 4.959042 5.115043
2.337267 4.978525 5.187210
2.371374 4.940809 5.106152
2.410352 4.947851 5.066811
2.494102 4.919384 4.946902
2.544952 4.874454 4.834345
2.644757 4.830249 4.730328
2.693947 4.801662 4.670824
2.725795 4.777045 4.580776
2.731376 4.785579 4.581906
2.721797 4.769262 4.586145
2.690290 4.740389 4.647277
2.651309 4.772505 4.710969
2.591904 4.751056 4.793270
2.589041 4.736675 4.803829
2.554774 4.753335 4.834992
2.541592 4.775125 4.860076
2.558020 4.728968 4.902221
2.558375 4.706226 4.882650
2.543826 4.706783 4.964298
2.547377 4.752081 4.926165
2.557622 4.663147 4.941449
2.580394 4.671428 4.881947
2.650958 4.650704 4.880224
2.642788 4.659786 4.812244
2.657886 4.702956 4.820046
2.647100 4.694336 4.828513
2.530191 4.680434 5.011958
2.593618 4.625185 4.969058
2.538266 4.675451 5.037802
2.498239 4.652778 5.127595
2.439001 4.672527 5.232605
2.376493 4.693172 5.289810
2.352287 4.678658 5.371415
2.358597 4.649513 5.436768
2.305239 4.645173 5.455326
2.308328 4.634900 5.481848
2.290636 4.630551 5.505660
2.304962 4.575080 5.576254
2.282964 4.589968 5.589576
2.296428 4.577471 5.488897
2.329835 4.556675 5.423215
2.383553 4.545257 5.345257
2.389925 4.514461 5.231101
2.381013 4.533768 5.161110
2.446566 4.518481 5.106825
2.381765 4.506640 5.049914
2.373928 4.528714 4.920152
2.363413 4.512617 4.799344
2.387859 4.569030 4.722968
2.424418 4.560004 4.608827
2.494053 4.485261 4.445470
2.583370 4.483359 4.387248
2.632889 4.499277 4.205416
2.674043 4.475546 4.067291
2.778452 4.543652 3.965692
2.748928 4.508292 3.819811
2.742071 4.512177 3.619282
2.731420 4.534360 3.496065
2.769708 4.547451 3.349690
2.785015 4.588728 3.216369
2.781080 4.561848 3.084817
2.784372 4.534735 2.964901
2.747781 4.570167 2.882595
2.733511 4.597018 2.793513
2.681820 4.628079 2.727938
2.622398 4.590501 2.680134
2.427997 4.661388 2.602713
2.256026 4.724519 2.557315
2.142731 4.757862 2.449910
2.024704 4.750020 2.407033
1.943921 4.783205 2.451446
1.842860 4.781216 2.508971
1.748856 4.835315 2.545344
1.686588 4.793676 2.553862
1.648637 4.811649 2.535816
1.515363 4.854501 2.432586
1.391199 4.868423 2.431006
1.287772 4.964621 2.359892
1.262664 4.943195 2.254957
1.183844 4.924918 2.275918
1.136508 4.942298 2.334020
1.065771 4.966186 2.391458
1.039595 4.980171 2.451134
0.992678 4.979352 2.506372
0.915256 4.946879 2.604222
0.773861 4.916201 2.628487
0.704105 4.849405 2.675353
0.686502 4.821101 2.680629
0.665385 4.876566 2.701371
0.841109 4.911674 2.867580
0.985029 4.969487 3.049603
1.042798 4.962410 3.080532
0.935215 4.928630 3.089657
0.896129 4.893134 3.141531
0.858043 4.929560 3.176281
0.809643 4.965131 3.277205
0.821887 5.001098 3.455368
0.814950 4.945341 3.538731
0.857056 5.096719 3.528298
0.772934 4.805967 3.542467
0.709465 4.806144 3.534162
0.642087 4.895868 3.462285
0.568334 4.998329 3.435673
0.590023 5.079070 3.418873
0.565522 5.133785 3.442061
0.525647 5.158179 3.444378
0.522700 5.121517 3.462350
0.448553 5.025802 3.527847
0.384130 4.932481 3.425290
0.245747 4.905696 3.353841
0.114914 4.879635 3.215620
-0.063635 4.880674 3.036036
-0.203850 4.914669 2.930031
-0.265440 4.984805 2.770554
-0.321846 5.139023 2.719892
-0.398261 5.240618 2.750039
-0.379685 5.288733 2.862807
-0.330498 5.482698 2.865627
-0.313731 5.152122 2.903889
-0.383671 4.977790 2.864526
-0.504417 4.848517 2.859956
-0.677588 4.817385 2.851666
-0.961456 4.773570 2.826078
-1.194433 4.799030 2.507892
-1.422679 4.821221 2.440539
-1.491980 4.857257 2.427634
-1.689508 4.917075 2.437421
-1.941627 4.976110 2.592558
-1.946411 4.962546 2.728780
-1.904889 4.904821 2.835072
-1.816116 4.736407 2.854138
-1.740867 4.577064 2.864540
-1.701635 4.543475 2.766044
-1.720636 4.609555 2.574309
-1.689563 4.819058 2.396295
-1.659273 4.946080 2.451671
-1.885818 4.834123 2.444096
-2.038266 4.668597 2.530891
-2.181018 4.517131 2.635331
-2.259028 4.428419 2.691485
-2.494410 4.297707 2.748585
-2.592775 4.381817 2.763931
-2.643357 4.387811 2.752271
-2.708797 4.511156 2.527380
-2.677733 4.596726 2.352307
-2.676268 4.561847 2.147478
-2.626543 4.535996 2.015228
-2.593117 4.519820 1.955365
-2.596879 4.379225 1.928029
-2.685265 4.305314 1.938270
-2.760690 4.239506 1.996150
-2.826925 4.148459 2.076997
-2.911484 4.115943 2.137537
-2.887669 4.125704 2.170468
-2.821905 4.207613 2.194482
-2.970374 4.259364 2.183642
-3.064262 4.296440 1.876281
-3.064865 4.386206 1.656793
-3.015597 4.425579 1.571517
-2.980012 4.400182 1.549366
-3.137359 4.300248 1.538317
-3.237305 4.197170 1.570664
-3.315512 4.096406 1.580929
-3.414257 3.976585 1.609505
-3.526286 3.861538 1.631697
-3.565517 3.835952 1.678240
-3.632916 3.832118 1.755732
-3.769442 3.835872 1.771888
-3.905591 3.818618 1.719336
-3.956674 3.881406 1.568373
-3.971862 3.898904 1.475354
-3.890001 3.902561 1.364038
-3.866339 3.908314 1.322826
-3.911985 3.813486 1.233241
-4.030734 3.698247 1.182098
-4.074667 3.651709 1.184934
-4.101906 3.598754 1.197679
-4.104725 3.617638 1.303167
-4.073180 3.660356 1.390117
-4.164998 3.683785 1.518361
-4.227022 3.681159 1.501795
-4.268836 3.705789 1.401907
-4.402795 3.682437 1.317999
-4.470214 3.624907 1.250699
-4.605849 3.593047 1.153453
-4.693306 3.535423 1.026439
-4.692158 3.526769 0.990075
-4.676111 3.507936 0.854087
-4.656322 3.448200 0.799897
-4.673399 3.356135 0.799073
-4.718962 3.219350 0.795093
-4.717400 3.127947 0.788354
-4.751687 3.052689 0.754618
-4.761833 3.041600 0.737785
-4.699668 3.010472 0.719741
-4.696024 3.014479 0.690358
-4.764879 2.928352 0.690688
-4.823016 2.865572 0.612343
-4.907029 2.829602 0.584891
-4.941660 2.746581 0.599499
-4.838465 2.676636 0.681488
-4.754018 2.619616 0.729565
-4.687113 2.537974 0.789510
-4.713952 2.545377 0.827333
-4.716706 2.585036 0.846004
-4.590774 2.477067 0.835322
-4.458916 2.374941 0.849786
-4.378636 2.364066 0.842978
-4.359424 2.338384 0.811397
-4.381860 2.242918 0.804147
-4.406931 2.257748 0.794615
-4.413655 2.320077 0.816956
-4.419609 2.446385 0.849884
-4.302469 2.459332 0.991731
-4.154457 2.466663 1.102570
-4.079832 2.545879 1.183492
-4.031265 2.503214 1.188370
-4.034135 2.478921 1.103668
-4.027666 2.501067 0.982330
-4.055662 2.511786 0.881909
-3.937202 2.606151 0.803001
-3.809866 2.680568 0.798205
-3.636674 2.759819 0.882340
-3.551949 2.695719 0.939011
-3.498905 2.686020 0.975225
-3.461593 2.755174 0.986813
-3.445357 2.863957 1.018890
-3.387712 2.943653 1.076361
-3.313439 2.994161 1.118625
-3.254078 3.133047 1.185678
-3.216832 3.156049 1.301161
-3.212405 3.154805 1.279284
-3.211287 3.205533 1.274166
-3.236730 3.252370 1.289742
-3.166949 3.438352 1.365424
-3.119404 3.622189 1.411596
-3.195431 3.681371 1.385783
-3.213060 3.692795 1.361565
-3.417681 3.965023 1.310398
-3.607203 4.138334 1.290454
-3.786626 4.343450 1.306332
-3.913033 4.588122 1.273173
-3.869992 4.725609 1.252916
-3.924037 4.823648 1.204566
-3.903537 4.821438 1.236304
-4.000308 4.824491 1.257370
-4.026546 4.799743 1.341756
-3.962371 4.959401 1.312205
-4.005909 4.863700 1.347830
-4.035336 4.810625 1.377830
-4.055480 4.799431 1.435064
-3.971567 4.831800 1.488360
-3.918607 4.986880 1.476969
-3.755774 5.164146 1.520036
-3.616184 5.383607 1.535266
-3.474932 5.500574 1.514964
-3.314759 5.607933 1.624741
-3.182727 5.802835 1.590036
-2.950879 5.972153 1.603587
-2.840477 6.152827 1.661748
-2.711313 6.316495 1.812169
-2.599560 6.384316 1.944907
-2.638236 6.421193 2.029494
-2.555957 6.489235 2.176063
-2.490145 6.537648 2.163157
-2.457329 6.592523 2.235985
-2.391090 6.607652 2.274563
-2.325664 6.654051 2.282462
-2.246133 6.685887 2.300910
-2.192535 6.685331 2.368394
-2.099467 6.747225 2.322581
-2.097301 6.733718 2.314188
-2.080310 6.771609 2.310391
-1.755200 6.948109 2.376187
-1.723015 6.933156 2.469704
-1.516175 6.960339 2.576571
-1.471535 6.964600 2.620762
-1.314324 7.003892 2.785100
-1.274218 7.044785 2.861898
-1.232492 7.044325 2.958541
-1.187753 7.040012 2.914165
-1.184708 7.085964 2.853855
-1.138940 7.119409 2.798042
-1.200638 7.052705 2.710167
-1.273607 7.005885 2.644057
-1.338108 7.048491 2.542335
-1.365729 7.035060 2.458214
-1.466428 6.999181 2.438289
-1.496748 6.994569 2.366439
-1.505610 6.966158 2.331763
-1.508394 6.987298 2.267820
-1.529616 6.992638 2.264061
-1.488810 6.963351 2.266181
-1.478993 6.970176 2.301035
-1.444263 6.984809 2.369376
-1.374170 7.039148 2.456489
-1.404921 6.989741 2.448933
-1.374863 6.971557 2.492990
-1.334798 6.975567 2.495414
-1.264795 6.998752 2.501365
-1.179863 7.052681 2.497561
-0.995481 7.105794 2.350235
-0.861284 7.056409 2.225386
-0.796535 7.050129 2.089442
-0.748932 7.053940 2.004554
-0.720884 7.068355 1.944378
-0.637925 7.154037 1.929903
-0.732606 7.103456 1.969816
-0.753378 7.099422 2.084517
-0.739269 7.121710 2.162001
-0.649438 7.168148 2.204005
-0.618846 7.179500 2.274512
-0.678109 7.172504 2.294976
-0.697635 7.166025 2.205224
-0.733249 7.213050 2.178532
-0.877294 7.302716 2.071340
-0.723982 7.246135 2.093756
-0.681340 7.299308 2.118605
-0.603714 7.345009 2.199217
-0.455666 7.395312 2.282347
-0.441892 7.363784 2.388366
-0.302340 7.277128 2.365808
-0.166196 7.197092 2.354433
-0.139119 7.228500 2.306828
-0.216035 7.204839 2.254570
-0.254067 7.213494 2.193383
-0.225365 7.267596 2.151283
-0.237597 7.287573 2.125225
-0.251140 7.282997 2.047405
-0.259744 7.287743 1.948321
-0.222858 7.309735 1.853997
-0.281561 7.279837 1.806449
-0.370089 7.273193 1.756830
-0.357717 7.312129 1.753379
-0.349693 7.432836 1.684342
-0.376777 7.488074 1.664952
-0.306618 7.443631 1.722259
-0.176761 7.303539 1.897758
-0.136628 7.297244 1.925227
-0.104104 7.297608 1.904156
-0.121033 7.346204 1.955118
-0.145895 7.523479 1.814492
-0.112142 7.543220 1.786730
-0.063002 7.408660 1.843268
-0.025921 7.373004 1.847200
0.057691 7.381748 1.818723
-0.000446 7.448771 1.673528
-0.088330 7.534199 1.636763
-0.099126 7.573637 1.547943
0.016713 7.518160 1.490957
0.008920 7.353829 1.575569
0.090617 7.362436 1.594232
0.091884 7.399046 1.619200
0.123501 7.436143 1.594210
0.087859 7.442020 1.627155
0.123382 7.455797 1.627242
0.108401 7.469271 1.743462
0.214151 7.491410 1.670581
0.205159 7.456519 1.649149
0.228316 7.467489 1.659107
0.243113 7.483250 1.635104
0.230446 7.512451 1.579539
0.251907 7.511536 1.557119
0.220597 7.510386 1.521928
0.188967 7.508860 1.483416
0.172011 7.510537 1.417494
0.237568 7.543684 1.375069
0.204098 7.540210 1.323584
0.139656 7.539690 1.387125
0.153245 7.542816 1.360009
0.204317 7.537293 1.305577
0.290430 7.530942 1.309876
0.397915 7.576579 1.316480
0.366680 7.544462 1.335760
0.332647 7.568459 1.356654
0.317489 7.719333 1.278803
0.303357 7.719959 1.262137
0.310086 7.728823 1.250120
0.489877 7.505889 1.401540
0.478283 7.533300 1.326845
0.454041 7.547343 1.306430
0.508117 7.559702 1.291928
0.424164 7.674437 1.206120
0.378832 7.727308 1.176225
0.347493 7.717519 1.139900
0.453683 7.710189 1.149215
0.405669 7.547455 1.239360
0.412121 7.565441 1.181587
0.389726 7.561405 1.152895
0.372452 7.580188 1.160688
0.432985 7.575517 1.148063
0.380632 7.683330 1.129085
0.347084 7.646738 1.104951
0.312347 7.653334 1.098136
0.327547 7.662099 1.116367
0.318298 7.658634 1.149299
0.336595 7.654699 1.171737
0.423572 7.684850 1.205740
0.322829 7.594462 1.216150
0.298865 7.581507 1.221879
0.245070 7.602182 1.127200
0.189443 7.600012 1.091822
0.182939 7.614871 1.072116
0.144175 7.639289 1.049675
0.209391 7.471105 1.138817
0.195014 7.499675 1.144127
0.185456 7.514818 1.127961
0.210552 7.565399 1.122619
0.327734 7.620743 1.118776
0.229558 7.576811 1.173531
0.190083 7.575670 1.182689
0.187922 7.577879 1.172172
0.178786 7.577436 1.182619
0.162228 7.616658 1.147422
0.110737 7.606809 1.110420
0.090614 7.635857 1.046786
0.068108 7.644550 1.041182
0.045532 7.675037 1.028737
0.010410 7.676367 1.014544
-0.000703 7.657543 1.010294
-0.030932 7.659111 1.027286
-0.046943 7.660729 1.058575
-0.040449 7.649117 1.061057
0.014925 7.707140 1.039505
-0.144422 7.663060 1.048719
-0.151099 7.659659 1.028250
-0.110981 7.681779 1.070703
-0.088000 7.690796 1.055183
-0.081519 7.736257 1.065123
-0.174061 7.688281 1.061490
-0.197699 7.688827 1.069462
-0.217571 7.665698 1.060228
-0.285082 7.646544 1.086660
-0.264905 7.660735 1.057475
-0.363900 7.656320 1.020690
-0.390514 7.645270 1.008356
-0.347058 7.641983 0.977935
-0.412436 7.689352 0.953008
-0.456649 7.707803 0.937069
-0.458147 7.689506 0.926867
-0.533593 7.681681 1.003679
-0.496045 7.688586 1.033234
-0.416939 7.706053 1.044729
-0.437161 7.679268 1.078336
-0.492800 7.639155 1.137191
-0.485106 7.633670 1.139597
-0.475999 7.653699 1.139397
-0.452752 7.671679 1.133489
-0.465534 7.708261 1.096376
-0.434510 7.730561 1.064314
-0.463366 7.745062 1.047180
-0.425986 7.772883 1.056059
-0.486287 7.751022 1.072751
-0.567177 7.744446 1.091204
-0.610974 7.735602 1.075449
-0.587729 7.770015 1.071975
-0.617576 7.779299 1.069243
-0.658882 7.753940 1.102995
-0.632417 7.746828 1.104161
-0.630422 7.781700 1.111893
-0.636844 7.803719 1.130564
-0.600970 7.790552 1.170966
-0.668019 7.753779 1.260647
-0.852335 7.621047 1.385546
-1.005223 7.484652 1.427228
-1.242459 7.361859 1.328739
-1.289928 7.325330 1.259525
-1.258612 7.405528 1.218600
-1.132639 7.531589 1.159836
-1.100620 7.574189 1.148998
-1.199726 7.544088 1.199769
-1.759812 7.052421 1.404369
-1.589754 7.251068 1.325093
-1.383736 7.376672 1.289415
-1.236304 7.464720 1.329408
-1.224384 7.463838 1.363131
-1.385426 7.359307 1.440671
-1.524941 7.265718 1.490386
-1.501978 7.303528 1.418770
-1.421498 7.399391 1.372823
-1.261828 7.587537 1.245053
-1.216184 7.568508 1.328064
-1.206875 7.580252 1.364087
-1.207407 7.597654 1.354146
-1.252598 7.600403 1.355017
-1.263358 7.580185 1.355655
-1.347772 7.551126 1.353459
-1.358041 7.533004 1.352401
-1.388929 7.552121 1.344558
-1.339895 7.576730 1.285961
-1.326373 7.665464 1.240572
-1.282490 7.679937 1.257908
-1.220735 7.669336 1.271718
-1.345060 7.573434 1.370071
-1.365566 7.536926 1.401140
-1.693657 7.245060 1.618426
-1.941055 7.099173 1.607019
-1.893799 7.151950 1.450824
-1.681754 7.330373 1.385161
-1.593187 7.434325 1.405322
-1.546427 7.414844 1.498151
-1.810698 7.184257 1.597632
-2.092957 6.981691 1.606806
-2.463653 6.831492 1.748936
-2.340137 6.901915 1.647830
-2.072649 7.030611 1.550210
-1.865432 7.213650 1.456732
-1.816838 7.217275 1.422617
-2.068942 7.060055 1.428285
-2.222773 6.986888 1.426912
-2.091744 7.132302 1.509348
-1.926298 7.238028 1.564501
-1.881530 7.348837 1.518605
-2.088063 7.065896 1.618652
-2.556658 6.598963 1.798814
-2.658354 6.512883 1.798847
-2.786846 6.397970 1.902076
-2.346050 6.721468 1.859499
-2.241914 6.821334 1.862619
-1.941924 7.038862 1.852233
-2.103147 6.941025 1.766603
-2.226878 6.865977 1.813717
-2.083585 6.996126 1.664749
-1.914689 7.165736 1.618215
-1.837552 7.283591 1.562280
-1.769774 7.340332 1.522530
-1.694599 7.452520 1.395491
-1.600698 7.483220 1.369425
-1.501841 7.564233 1.408129
-1.509486 7.577841 1.418385
-1.532037 7.562050 1.603665
-1.785462 7.269091 1.704703
-2.089757 7.039338 1.726485
-2.163381 7.023647 1.708883
-2.078165 7.221191 1.719131
-1.895001 7.299755 1.764320
-1.866040 7.341046 1.833719
-1.706502 7.430761 1.648174
-1.626747 7.480505 1.547725
-1.571758 7.549335 1.488241
-1.607927 7.554175 1.568347
-1.665472 7.611457 1.561146
-1.663844 7.600231 1.513799
-1.728898 7.488492 1.554272
-1.905290 7.334517 1.667655
-1.950841 7.349962 1.672161
-1.832266 7.423087 1.644842
-1.868223 7.400868 1.677970
-1.939925 7.290574 1.752462
-1.900486 7.291803 1.799211
-1.953418 7.388630 1.775294
-1.794552 7.465922 1.755772
-2.018694 7.228208 1.873152
-2.132970 7.161892 1.892332
-2.036933 7.218809 1.848764
-1.971141 7.319002 1.766733
-2.037426 7.268607 1.777425
-2.028033 7.251713 1.794161
-2.087813 7.213297 1.785226
-2.299151 7.061189 1.813202
-2.467789 6.906779 1.890682
-2.719623 6.841070 1.887344
-2.745729 6.675057 1.968904
-3.018384 6.378813 2.102757
-3.021510 6.412398 2.177665
-2.978684 6.481621 2.310399
-2.778652 6.592471 2.132624
-2.664063 6.642274 2.049125
-2.660608 6.627582 2.101214
-2.680031 6.594678 2.160852
-2.620084 6.610502 2.187470
-2.620786 6.656904 2.193902
-2.604208 6.649725 2.205164
-2.654966 6.646674 2.206405
-2.839819 6.477527 2.268934
-3.050271 6.290905 2.372926
-3.305183 6.044771 2.448083
-3.512600 5.849133 2.552232
-3.643828 5.742983 2.564334
-3.693495 5.691958 2.592741
-3.584309 5.790928 2.555470
-3.516422 5.898020 2.493484
-3.496407 5.866946 2.530676
-3.560782 5.819488 2.565950
-3.623956 5.955072 2.501989
-3.647350 6.041906 2.490560
-3.628363 6.082736 2.488526
-3.545877 6.031560 2.542538
-3.485753 5.996521 2.533348
-3.417298 5.925680 2.607207
-3.326657 5.797790 2.695987
-3.377058 5.609642 2.767552
-3.535931 5.486958 2.819175
-3.661063 5.368113 2.914152
-3.814679 5.221915 2.996620
-3.990969 5.111106 3.017059
-4.074546 5.018463 3.102124
-4.213720 4.900774 3.161304
-4.285482 4.835382 3.190646
-4.275386 4.852059 3.200817
-4.256202 4.893500 3.179278
-3.972335 5.223612 3.171632
-3.680463 5.462167 2.961502
-3.288753 5.810453 2.807396
-3.214134 5.878592 2.797356
-3.241959 5.831963 2.828673
-3.273452 5.781551 2.839730
-3.299508 5.743888 2.901463
-3.258719 5.780915 2.876661
-3.155767 5.873700 2.863775
-2.997339 6.028099 2.797029
-2.856387 6.114790 2.812399
-2.811907 6.147031 2.805983
-2.864184 6.086473 2.858406
-3.035912 5.966311 2.912744
-3.073519 5.890302 2.992016
-2.910510 6.045912 2.871415
-2.549081 6.370963 2.634132
-2.327053 6.578582 2.501287
-2.205858 6.673658 2.440377
-2.123481 6.704671 2.515647
-2.263116 6.527668 2.666133
-2.389582 6.361635 2.797785
-2.449265 6.250502 2.951456
-2.547048 6.113762 3.057233
-2.697175 5.956835 3.134009
-2.900714 5.757077 3.200359
-2.967206 5.689798 3.129008
-2.944256 5.683428 2.921736
-2.916991 5.689967 2.745264
-2.999072 5.653979 2.722244
-3.065842 5.603429 2.611412
-3.179675 5.527608 2.671974
-3.326563 5.469667 2.766167
-3.410837 5.428020 2.867668
-3.452076 5.426901 2.903450
-3.349330 5.544252 2.868744
-3.047335 5.808022 2.701449
-2.797593 6.024372 2.557872
-2.725802 6.067835 2.529148
-2.467124 6.205104 2.581288
-2.631280 5.991859 2.883447
-2.886588 5.712161 3.113632
-2.920918 5.652529 3.157861
-2.804148 5.778017 2.942949
-2.727725 5.861417 2.767769
-2.734779 5.877284 2.705161
-2.898536 5.818728 2.767229
-3.025477 5.756716 2.895590
-3.044410 5.834785 2.929252
-2.994197 5.936382 2.917086
-2.868380 6.080948 2.834952
-2.881182 6.126222 2.845721
-2.920215 6.153428 2.854729
-3.000292 6.129770 2.855963
-3.020983 6.143767 2.893503
-2.979683 6.188078 2.905959
-2.921776 6.327849 2.880153
-2.846405 6.386401 2.910562
-2.796174 6.461083 2.920054
-2.801301 6.477301 2.895434
-2.790125 6.487931 2.907835
-2.938531 6.314672 3.035816
-3.056586 6.185814 3.082731
-3.123629 6.115523 3.112965
-3.251920 6.002891 3.187039
-3.274765 6.060753 3.165731
-3.264688 6.096256 3.145307
-3.200652 6.175310 3.100204
-3.215714 6.202554 3.080797
-3.348045 6.095326 3.090597
-3.586447 5.883776 3.108906
-3.769905 5.674052 3.158012
-3.858529 5.595477 3.137240
-3.918818 5.540136 3.185659
-3.909424 5.579178 3.169427
-3.950610 5.546446 3.199378
-4.068140 5.414349 3.238223
-4.199708 5.239708 3.282750
-4.357477 5.081360 3.358714
-4.452828 5.008111 3.371833
-4.317011 5.030814 3.346379
-4.223351 5.145762 3.326816
-4.212899 5.187510 3.320148
-4.203760 5.182621 3.341920
-4.236906 5.175476 3.320766
-4.246344 5.163330 3.308912
-4.349906 5.033011 3.347705
-4.388526 4.989179 3.336991
-4.361809 4.965366 3.351169
-4.379325 4.980154 3.374958
-4.400165 4.993779 3.391171
-4.389331 5.020743 3.388061
-4.503013 5.216487 3.301459
-4.490484 5.269482 3.234711
-4.529799 5.294318 3.186266
-4.587274 5.362159 3.118676
-4.584812 5.412028 3.102561
-4.495006 5.552984 3.103671
-4.441597 5.629017 3.164097
-4.417072 5.615309 3.228843
-4.506835 5.424133 3.291711
-4.506835 5.424133 3.291711
-4.792818 5.004551 3.375168
-4.865778 5.045108 3.271495
-4.848007 5.258797 3.197046
-4.787618 5.507726 3.107712
-4.819548 5.527869 3.081742
-4.821151 5.593714 3.106117
-4.740450 5.661868 3.117795
-4.740824 5.689045 3.125440
-4.754558 5.706334 3.142180
-4.740799 5.742376 3.164577
-4.729644 5.781780 3.160541
-4.742222 5.789212 3.157010
-4.704468 5.869243 3.163512
-4.723788 5.789264 3.221523
-4.755533 5.773085 3.225178
-4.926420 5.540083 3.309176
-4.919844 5.399385 3.339853
-4.966402 5.407276 3.307676
-5.000176 5.479356 3.224528
-5.056057 5.495513 3.249416
-5.129394 5.393718 3.403029
-5.141823 5.387563 3.418091
-5.154055 5.354856 3.428392
-5.171814 5.310529 3.433022
-5.182224 5.205188 3.284025
-5.552514 4.538363 3.369861
-5.522008 4.510455 3.378798
-5.509915 4.635268 3.344736
-5.474473 4.726446 3.351563
-5.516497 4.619980 3.393417
-5.597532 4.319208 3.499058
-5.739610 3.505761 3.704944
-5.882699 2.839175 3.889074
-5.982746 2.656287 3.879229
-5.958475 2.759784 3.882163
-6.006801 2.320187 4.076622
-6.046263 1.237391 4.448208
-6.116652 0.484024 4.690378
-6.168633 0.290616 4.618534
-6.286478 0.835325 4.332223
-6.204263 1.582398 3.864509
-6.159722 2.084981 3.577412
-6.132060 2.307010 3.417835
-6.037567 2.637621 3.197395
-6.009213 2.612055 3.211337
-5.954544 1.779424 3.745607
-5.944114 1.745822 3.791851
-5.922956 1.691991 3.815573
-5.899755 1.379810 4.130364
-5.929942 1.323407 4.166570
-5.955930 1.181503 4.131715
-5.985905 1.248803 3.984525
-6.068454 1.466374 3.796606
-5.995297 1.612668 3.610504
-5.965328 1.684289 3.497111
-5.950225 2.132882 3.175306
-5.954322 2.712825 2.806468
-5.914616 3.259080 2.619352
-5.892814 3.652010 2.504654
-5.930701 3.773118 2.629401
-5.837865 3.731460 2.849527
-5.696675 3.479037 3.149016
-5.642570 2.799799 3.605104
-5.621262 2.920740 3.156109
-5.514364 3.452327 2.330129
-5.474801 3.031661 2.411882
-5.349762 3.436083 2.332208
-5.311677 4.127450 1.898988
-5.174550 4.676572 1.665446
-5.031461 4.897127 1.762304
-4.912176 4.691995 2.267701
-4.824125 4.265928 2.848948
-4.737520 4.181854 3.206565
-4.592957 4.524588 3.274310
-4.495434 5.020015 3.116009
-4.351197 5.347947 3.022935
-4.144842 5.575411 2.982138
-3.949565 5.762286 3.016411
-3.802297 5.921416 3.092390
-3.622403 6.077424 3.108977
-3.440682 6.209227 3.199733
-3.348129 6.378859 3.358941
-2.869312 6.682480 3.305215
-2.747109 6.653843 3.333697
-2.505713 6.733773 3.268821
-2.315362 6.760295 3.340991
-2.629797 6.046244 3.789618
-3.290234 4.669403 4.633380
-3.573674 4.055147 4.955362
-4.669223 1.951648 5.704852
-5.162305 1.183345 5.576350
-5.485283 0.652891 5.294180
-5.825780 0.182070 5.047511
-6.011638 -0.119574 4.900772
-6.098555 -0.256869 4.641235
-6.043230 -0.311328 4.507191
-5.738970 -0.777041 4.486856
-5.552890 -1.026212 4.505415
-4.479291 -2.387454 4.401032
-4.146850 -2.982236 4.358522
-4.122341 -3.155326 4.330401
-4.211947 -2.932604 4.181488
-4.040223 -2.548373 3.816787
-3.524072 -2.045786 3.305578
-3.058707 -1.652145 2.941118
-2.931935 -1.485611 2.821921
-2.461985 -0.362684 2.287796
-2.329289 0.512064 1.892438
-1.869218 1.311611 1.318281
-1.012238 2.148971 0.596873
-0.480474 2.772631 0.015088
-0.317179 3.464563 -0.431673
-0.560727 4.124531 -0.677555
-1.032109 4.792586 -0.818501
-1.295938 5.233102 -0.848201
-1.504891 5.482958 -0.720273
-1.774476 5.673753 -0.368189
-1.985315 5.769612 0.207349
-2.076172 5.865854 0.732393
-2.109160 6.007582 1.319540
-2.102964 6.051982 1.809023
-2.076474 6.010345 2.335786
-2.188986 5.763674 2.796835
-2.449895 5.213729 3.306547
-2.483945 5.132948 3.339214
-2.883411 4.481852 3.899507
-2.823308 4.634296 4.008839
-2.798280 4.673346 4.048710
-3.002609 4.272934 4.302077
-3.373781 3.574287 4.677263
-3.763120 3.146303 4.913653
-3.786918 2.827738 5.010156
-3.815818 2.810610 5.009798
-3.928272 2.825731 4.961186
-3.936924 2.886931 4.929213
-3.910171 3.054060 4.851398
-3.954623 3.001388 4.633224
-4.092962 2.731750 4.624082
-4.173544 2.539003 4.646007
-4.187922 2.572504 4.536207
-4.173786 2.581950 4.482356
-3.972264 3.043924 3.857933
-3.698523 3.411946 3.418901
-3.322082 3.576335 3.027094
-3.097398 3.574842 2.786124
-3.202159 3.438279 2.751093
-3.430783 3.292987 2.794053
-3.668973 3.126734 2.811372
-3.780325 3.192574 2.678990
-3.766538 3.447369 2.404631
-3.564450 3.799324 2.049140
-3.457829 4.037881 1.787174
-3.479643 4.099102 1.633801
-3.601630 3.943550 1.650211
-3.821401 3.646389 1.770495
-3.967428 3.447613 1.874012
-4.012887 3.408975 1.950435
-4.005515 3.452135 1.934767
-3.984833 3.483936 1.915990
-3.988873 3.440416 1.888056
-4.158367 3.117578 2.077089
-4.307861 2.817075 2.284331
-4.502836 2.496641 2.550158
-4.586390 2.350209 2.676138
-4.556256 2.351491 2.673594
-4.548334 2.416931 2.526437
-4.569786 2.337977 2.411592
-4.631385 2.220628 2.366922
-4.695905 2.089728 2.475574
-4.718857 2.026150 2.548310
-4.672802 2.106785 2.600452
-4.603089 2.273598 2.577604
-4.510185 2.466465 2.517364
-4.385779 2.595574 2.634106
-4.336660 2.582885 2.762080
-4.455255 2.236100 3.101684
-4.601113 1.986502 3.311327
-4.566430 2.027019 3.448112
-4.510394 2.149776 3.536293
-4.423847 2.287587 3.559973
-4.405816 2.281051 3.593722
-4.473498 2.151229 3.607240
-4.482357 2.086536 3.589843
-4.505340 2.088533 3.583906
-4.467186 2.276068 3.362914
-4.275710 2.707980 3.095564
-4.093468 2.946755 2.913716
-4.015088 2.959763 2.855122
-4.142925 2.633552 3.037107
-4.354367 2.235447 3.310243
-4.467353 1.978066 3.486694
-4.530643 1.923723 3.569862
-4.419886 2.173140 3.391892
-4.284668 2.462571 3.189145
-4.246862 2.513387 3.154581
-4.273441 2.383171 3.278535
-4.319986 2.298691 3.363873
-4.381074 2.227724 3.531489
-4.319354 2.246086 3.525699
-4.250547 2.344669 3.400986
-4.231871 2.437446 3.301739
-4.201990 2.452254 3.331317
-4.217703 2.361171 3.530072
-4.238304 2.340187 3.729721
-4.161193 2.370151 3.840626
-4.087193 2.437731 3.953999
-3.965744 2.529713 4.081752
-3.883735 2.662720 4.095899
-3.739622 2.857163 4.045344
-3.621762 3.192610 4.067454
-3.387930 3.507400 3.962676
-3.182594 3.713789 4.008337
-3.092875 3.823045 4.067052
-3.093976 3.854789 4.122299
-3.068098 3.726038 4.299992
-3.057825 3.677436 4.329154
-3.192054 3.342663 4.489382
-3.291709 3.155014 4.578501
-3.470900 2.935874 4.656530
-3.538141 2.750281 4.756966
-3.634926 2.538193 4.786280
-3.701765 2.396241 4.764190
-3.788197 2.274896 4.767487
-3.829172 2.258564 4.609861
-3.864652 2.221174 4.482269
-3.912754 2.151595 4.431157
-3.946007 2.122883 4.417994
-3.907087 2.049877 4.493529
-3.935409 2.004234 4.533030
-4.044621 1.759895 4.751746
-4.127444 1.636856 4.819452
-4.160258 1.478034 4.845822
-4.187298 1.385155 4.904148
-4.223563 1.300098 4.959185
-4.250670 1.252321 4.996983
-4.229116 1.239072 4.996973
-4.255748 1.193176 4.978893
-4.274376 1.153236 4.946446
-4.295364 1.139709 4.908622
-4.282189 1.137242 4.892047
-4.271564 1.170292 4.729372
-4.281447 1.081745 4.664251
-4.340319 1.032250 4.610484
-4.353171 1.012672 4.613266
-4.490790 0.737114 4.637931
-4.509116 0.715752 4.608172
-4.579839 0.618444 4.613467
-4.678126 0.338045 4.676102
-4.706046 0.315942 4.682040
-4.788383 0.088344 4.694299
-4.805220 0.062180 4.712099
-4.873335 -0.082673 4.597122
-4.952880 -0.179687 4.473146
-5.013773 -0.273372 4.377035
-5.036695 -0.316156 4.178847
-5.109796 -0.385773 4.020183
-5.162219 -0.496776 3.877658
-5.194049 -0.586410 3.777936
-5.233885 -0.631446 3.691670
-5.265609 -0.653984 3.672997
-5.293841 -0.749310 3.602389
-5.295632 -0.767127 3.591995
-5.389905 -0.889504 3.468555
-5.531820 -1.284909 3.330272
-5.583577 -1.474450 3.202773
-5.644505 -1.589541 3.104527
-5.676044 -1.741591 3.052921
-5.745147 -1.900981 2.990116
-5.814729 -2.073663 2.944459
-5.845397 -2.161417 2.960623
-5.880503 -2.186795 2.948379
-5.992118 -2.611809 2.992763
-6.054071 -2.934550 3.028852
-6.072326 -3.015359 3.000637
-6.080440 -3.113405 3.011545
-6.064863 -3.206157 3.029621
-6.078691 -3.251362 3.012520
-6.051759 -3.345311 3.004698
-6.078071 -3.381069 2.990250
-6.055836 -3.463420 2.927398
-6.059744 -3.459182 2.903070
-6.049580 -3.463226 2.900202
-6.056928 -3.483731 2.902263
-6.064047 -3.577789 2.973595
-6.034844 -3.591694 2.987781
-5.997269 -3.717027 3.074531
-6.031841 -3.763018 3.128025
-5.961366 -3.827206 3.215399
-5.945554 -3.828631 3.261571
-5.898071 -3.851008 3.307328
-5.914343 -3.850741 3.331225
-5.899697 -3.879876 3.327370
-5.894584 -4.077527 3.485414
-5.851635 -4.037192 3.509923
-5.851914 -3.989536 3.540581
-5.775112 -4.029431 3.618740
-5.759913 -4.095311 3.792563
-5.754816 -4.119892 3.877703
-5.711393 -4.189975 3.929027
-5.707900 -4.173550 3.952075
-5.715789 -4.170766 3.950502
-5.669569 -4.212267 3.983810
-5.657277 -4.238351 4.021849
-5.635528 -4.324076 4.207258
-5.646672 -4.294150 4.207272
-5.639620 -4.292764 4.229028
-5.612813 -4.290958 4.297531
-5.583866 -4.284811 4.328493
-5.582291 -4.281196 4.352605
-5.604241 -4.285160 4.366463
-5.598642 -4.339172 4.357288
-5.534608 -4.342218 4.226783
-5.534608 -4.342218 4.226783
-5.537235 -4.328803 4.211808
-5.520366 -4.392015 4.202468
-5.530708 -4.408851 4.182904
-5.493015 -4.463112 4.170065
-5.500525 -4.460896 4.156184
-5.482125 -4.469212 4.151856
-5.489562 -4.448184 4.176719
-5.488543 -4.468960 4.165485
-5.487032 -4.452519 4.163290
-5.484406 -4.468737 4.158849
-5.492247 -4.449022 4.089053
-5.489739 -4.417434 4.024515
-5.470112 -4.421045 3.912338
-5.476260 -4.429206 3.779273
-5.455605 -4.420993 3.747083
-5.449877 -4.440194 3.681385
-5.425667 -4.449244 3.693138
-5.406071 -4.470278 3.742654
-5.373929 -4.472465 3.805122
-5.357013 -4.515720 3.862451
-5.294897 -4.547252 4.048023
-5.276772 -4.572447 4.076006
-5.254324 -4.674870 4.078162
-5.197354 -4.629268 4.002123
-5.160482 -4.642413 3.894022
-5.099746 -4.656367 3.807303
-5.043179 -4.701733 3.621386
-5.065897 -4.697514 3.482493
-5.034131 -4.726604 3.304244
-5.002532 -4.846213 3.209639
-4.973056 -4.766027 3.037965
-4.984717 -4.759896 2.974772
-4.947422 -4.810067 2.832944
-4.944111 -4.871143 2.733492
-4.944624 -4.933971 2.637129
-4.946069 -4.971613 2.564984
-4.893440 -5.015831 2.508612
-4.840710 -5.033771 2.387004
-4.805070 -5.019254 2.318532
-4.778263 -5.079417 2.296922
-4.728891 -5.078733 2.166864
-4.733199 -5.079100 2.134797
-4.682793 -5.098774 2.060081
-4.702599 -5.095531 2.054580
-4.633174 -5.141402 1.930023
-4.634709 -5.213357 1.852082
-4.633033 -5.204725 1.823070
-4.665682 -5.160516 1.691291
-4.651140 -5.192994 1.621331
-4.606662 -5.213529 1.555699
-4.591474 -5.241548 1.466461
-4.564543 -5.304604 1.398854
-4.502117 -5.306686 1.347852
-4.489653 -5.327292 1.138512
-4.490674 -5.412429 1.058596
-4.480705 -5.402524 1.003832
-4.491718 -5.406728 0.992243
-4.447358 -5.497211 0.884222
-4.285065 -5.396667 0.379069
-4.272667 -5.428800 0.240990
-4.264767 -5.453598 0.072987
-4.304045 -5.473390 -0.137897
-4.362287 -5.605113 -0.284188
-4.368676 -5.597173 -0.331297
-4.344181 -5.550010 -0.495898
-4.272332 -5.516400 -0.578805
-4.236944 -5.513378 -0.587184
-4.149092 -5.601526 -0.563701
-4.154008 -5.618170 -0.589987
-4.175780 -5.622963 -0.600043
-4.211448 -5.689841 -0.611503
-4.199712 -5.753674 -0.613741
-4.184578 -5.675678 -0.698727
-4.107388 -5.704826 -0.604893
-4.047797 -5.646051 -0.367882
-3.974760 -5.628827 -0.232961
-3.885006 -5.701722 -0.026634
-3.854233 -5.675402 0.109667
-3.885520 -5.704784 0.217026
-3.890342 -5.740857 0.226596
-3.902611 -5.731046 0.251019
-3.842819 -5.679789 0.379368
-3.738034 -5.657104 0.556332
-3.675860 -5.646575 0.817286
-3.550424 -5.681954 0.876827
-3.507248 -5.748652 0.822286
-3.577085 -5.810779 0.704307
-3.593297 -5.849575 0.568742
-3.607550 -5.883404 0.501295
-3.573563 -5.884802 0.453043
-3.531383 -5.899211 0.447694
-3.457846 -5.866065 0.487833
-3.287005 -5.885614 0.535383
-3.274282 -5.921595 0.463060
-3.275790 -5.951445 0.337020
-3.303921 -5.997422 0.103740
-3.358382 -6.027627 -0.148083
-3.372126 -6.075129 -0.444035
-3.378428 -6.045073 -0.616331
-3.283654 -6.076627 -0.690962
-3.252911 -6.043291 -0.792938
-3.273131 -6.032372 -1.048127
-3.264718 -6.142913 -1.404204
-3.315825 -6.215328 -1.729740
-3.327499 -6.299411 -2.004155
-3.352295 -6.402546 -2.271937
-3.414590 -6.365590 -2.423274
-3.386171 -6.342389 -2.564492
-3.380327 -6.343160 -2.643353
-3.375037 -6.388807 -2.722090
-3.396890 -6.358423 -2.763787
-3.419046 -6.402056 -2.835216
-3.447222 -6.494021 -2.875734
-3.431030 -6.592657 -2.887383
-3.427302 -6.683277 -2.887476
-3.439541 -6.715595 -2.853337
-3.393637 -6.769124 -2.832178
-3.368825 -6.797058 -2.819296
-3.364075 -6.786164 -2.841562
-3.316212 -6.792478 -2.931972
-3.257790 -6.851238 -2.844396
-3.285096 -6.711189 -2.806013
-3.289348 -6.694305 -2.800594
-3.266642 -6.633976 -2.773368
-3.250440 -6.631514 -2.759158
-3.245055 -6.592243 -2.749857
-3.296266 -6.660218 -2.748129
-3.386011 -6.732907 -2.783650
-3.422809 -6.734771 -2.889534
-3.474713 -6.714579 -3.023288
-3.533821 -6.736319 -3.023926
-3.596112 -6.785132 -3.014780
-3.618871 -6.768621 -2.921703
-3.622899 -6.745882 -2.830874
-3.686051 -6.713382 -2.706777
-3.620383 -6.669211 -2.689479
-3.630622 -6.640926 -2.627072
-3.652927 -6.767060 -2.559467
-3.659341 -6.685643 -2.515310
-3.665736 -6.649685 -2.477940
-3.644614 -6.684451 -2.386727
-3.715614 -6.663155 -2.394063
-3.735194 -6.646873 -2.412777
-3.689891 -6.632883 -2.428180
-3.688713 -6.647417 -2.327390
-3.734231 -6.637947 -2.289994
-3.759265 -6.618237 -2.350684
-3.809198 -6.627764 -2.456926
-3.827190 -6.616991 -2.464337
-3.829183 -6.650132 -2.518734
-3.850724 -6.638244 -2.559630
-3.902798 -6.622383 -2.638295
-3.915807 -6.625780 -2.598144
-3.912476 -6.660764 -2.527286
-3.934893 -6.596209 -2.500587
-3.924306 -6.595744 -2.414277
-3.974394 -6.581545 -2.349413
-3.896613 -6.533745 -2.357873
-3.912922 -6.443765 -2.361335
-3.951520 -6.404318 -2.368109
-3.926383 -6.430029 -2.282749
-3.946387 -6.341525 -2.260469
-4.043949 -6.322970 -2.227078
-3.983808 -6.311935 -2.255438
-4.009914 -6.284424 -2.299003
-4.041137 -6.260005 -2.392866
-4.062901 -6.318043 -2.526053
-4.088112 -6.340359 -2.598493
-4.143173 -6.351207 -2.681301
-4.143352 -6.333507 -2.708733
-4.167554 -6.364195 -2.803733
-4.159624 -6.404162 -2.803347
-4.172147 -6.341503 -2.794045
-4.170383 -6.369481 -2.819878
-4.207665 -6.332287 -2.854391
-4.222275 -6.319075 -2.839986
-4.209144 -6.328394 -2.827872
-4.212092 -6.264096 -2.834878
-4.186862 -6.264026 -2.809395
-4.166334 -6.277930 -2.767919
-4.151302 -6.284748 -2.783333
-4.110721 -6.363448 -2.748805
-4.121491 -6.363292 -2.809854
-4.105442 -6.314689 -2.779870
-4.064212 -6.350627 -2.714016
-4.036252 -6.342078 -2.695394
-4.014784 -6.400279 -2.690028
-4.006236 -6.431368 -2.673822
-4.010989 -6.445408 -2.668232
-4.007046 -6.520214 -2.671811
-3.986660 -6.513827 -2.677133
-3.995718 -6.538661 -2.685700
-4.006976 -6.576077 -2.687174
-3.955102 -6.563266 -2.696994
-3.976819 -6.617626 -2.670503
-3.881004 -6.583642 -2.683223
-3.901041 -6.579682 -2.687345
-3.808091 -6.634559 -2.733605
-3.764933 -6.660716 -2.647299
-3.723633 -6.679134 -2.624517
-3.702652 -6.651476 -2.603782
-3.670584 -6.682664 -2.614225
-3.718634 -6.762287 -2.567527
-3.648643 -6.734069 -2.597098
-3.575241 -6.777568 -2.584683
-3.525947 -6.807907 -2.549547
-3.529017 -6.808015 -2.581579
-3.443877 -7.025835 -2.567919
-3.474780 -6.986022 -2.561502
-3.508164 -6.910849 -2.617449
-3.513344 -6.984814 -2.619009
-3.455635 -7.035902 -2.600845
-3.437959 -7.030077 -2.597261
-3.401628 -7.061801 -2.615293
-3.405487 -7.016271 -2.627354
-3.350839 -7.019945 -2.637321
-3.317856 -7.009000 -2.686192
-3.316784 -7.017366 -2.678102
-3.261239 -6.993664 -2.577303
-3.235997 -6.974476 -2.548980
-3.184473 -6.980733 -2.564485
-3.227243 -7.008916 -2.531109
-3.214468 -6.970409 -2.535053
-3.179665 -6.970005 -2.513604
-3.165062 -6.985559 -2.545440
-3.153564 -7.010947 -2.570139
-3.163440 -7.022154 -2.588698
-3.186806 -7.067590 -2.655051
-3.164758 -7.088087 -2.637696
-3.167938 -7.059719 -2.591258
-3.140047 -7.106936 -2.568811
-3.132962 -7.103747 -2.572395
-3.099316 -7.112753 -2.564484
-3.093191 -7.059681 -2.586304
-3.109153 -7.038663 -2.599208
-3.063263 -7.028297 -2.579309
-3.013674 -7.016061 -2.575627
-2.981774 -6.995742 -2.564845
-2.986441 -6.991407 -2.562752
-2.970470 -6.972546 -2.587142
-2.980116 -6.951365 -2.583171
-2.952459 -6.966298 -2.525447
-2.872924 -7.076350 -2.481932
-2.874613 -6.980088 -2.502069
-2.914094 -6.932676 -2.522122
-2.867245 -6.937666 -2.531935
-2.867245 -6.937666 -2.531935
-2.899391 -6.986854 -2.515015
-2.865858 -7.000684 -2.542761
-2.859824 -6.999631 -2.539303
-2.816677 -7.047847 -2.536726
-2.885474 -7.068432 -2.517396
-2.834755 -7.062330 -2.549997
-2.790583 -7.054354 -2.545123
-2.796619 -7.030830 -2.573502
-2.734594 -7.052658 -2.573550
-2.724991 -7.027895 -2.609405
-2.734347 -7.033281 -2.607578
-2.739659 -7.009604 -2.609448
-2.680258 -7.004108 -2.589478
-2.717441 -7.023761 -2.585222
-2.701823 -6.988016 -2.580180
-2.638729 -6.983308 -2.568484
-2.609255 -6.964864 -2.558068
-2.562677 -6.950639 -2.548732
-2.536378 -6.942651 -2.560311
-2.534559 -6.930503 -2.560930
-2.503780 -6.912950 -2.575682
-2.514100 -6.923266 -2.623173
-2.464076 -6.952539 -2.651712
-2.486784 -6.950895 -2.665380
-2.492171 -6.957348 -2.691429
-2.480764 -6.985847 -2.717824
-2.473507 -7.010990 -2.721636
-2.425202 -7.019631 -2.715434
-2.407523 -7.052385 -2.727650
-2.292155 -7.102520 -2.725372
-2.236920 -7.071225 -2.760233
-2.119015 -6.918614 -2.832980
-1.912321 -6.782964 -2.882372
-1.842540 -6.760067 -2.889218
-1.880811 -6.769786 -2.895852
-1.859500 -6.792686 -2.871151
-1.884986 -6.791594 -2.878422
-1.856607 -6.789985 -2.863797
-1.851122 -6.742499 -2.881437
-1.792563 -6.719426 -2.904972
-1.784743 -6.724777 -2.902683
-1.661976 -6.688314 -2.915753
-1.595802 -6.659367 -2.939202
-1.531931 -6.690197 -2.920231
-1.454610 -6.658294 -2.938259
-1.402119 -6.663786 -2.952984
-1.390561 -6.662418 -2.958068
-1.370269 -6.700474 -2.958395
-1.323596 -6.711023 -2.948338
-1.231080 -6.766971 -2.953512
-1.226669 -6.719478 -2.995835
-1.179285 -6.685828 -3.037424
-1.181202 -6.693605 -3.004397
-1.199168 -6.714426 -3.087661
-1.211915 -6.721712 -3.155845
-1.280591 -6.772694 -3.216128
-1.308622 -6.779556 -3.062849
-1.338421 -6.777300 -2.934648
-1.386504 -6.796705 -2.928586
-1.450041 -6.821234 -2.894930
-1.508531 -6.823565 -2.891109
-1.516032 -6.823168 -2.883866
-1.568704 -6.847533 -2.889645
-1.634695 -6.850366 -2.845539
-1.686226 -6.864998 -2.877014
-1.780578 -6.883824 -2.873942
-1.858876 -6.929234 -2.837585
-1.981870 -6.948896 -2.871928
-2.036134 -6.974168 -2.882060
-2.162206 -7.023209 -2.896718
-2.298517 -7.043798 -2.875274
-2.392921 -7.104744 -2.858839
-2.484302 -7.121399 -2.836834
-2.463314 -7.148701 -2.842984
-2.528410 -7.141219 -2.857947
-2.560573 -7.168500 -2.800599
-2.546032 -7.239813 -2.802213
-2.592963 -7.210712 -2.868403
-2.626698 -7.152712 -2.910587
-2.641731 -7.150290 -2.924512
-2.635059 -7.145244 -2.960042
-2.620606 -7.140915 -2.978331
-2.595864 -7.113066 -2.990786
-2.555714 -7.103502 -2.983177
-2.540295 -7.081688 -3.022706
-2.596294 -7.060549 -2.999694
-2.521605 -7.024497 -3.026963
-2.472636 -7.022195 -3.026689
-2.450359 -6.980970 -3.013421
-2.423144 -6.950580 -3.028031
-2.372760 -6.950813 -3.074095
-2.353901 -6.980902 -3.112426
-2.292315 -6.977812 -3.091541
-2.116435 -6.956154 -3.149766
-1.949794 -6.857845 -3.178174
-1.740351 -6.766908 -3.203485
-1.650412 -6.747890 -3.198664
-1.557512 -6.687132 -3.233570
-1.451016 -6.635478 -3.264276
-1.298778 -6.592782 -3.241412
-1.103040 -6.539001 -3.246948
-0.906063 -6.456119 -3.294392
-0.705116 -6.357485 -3.271553
-0.564245 -6.283327 -3.264183
-0.409713 -6.235850 -3.241042
-0.465302 -6.263015 -3.214698
-0.538186 -6.340626 -3.223577
-0.649712 -6.401266 -3.206858
-0.713556 -6.428489 -3.218417
-0.694450 -6.493137 -3.182494
-0.769895 -6.592251 -3.116540
-0.771874 -6.678652 -3.092502
-0.638746 -6.719982 -3.075480
-0.414953 -6.658045 -3.063093
-0.243658 -6.592262 -3.077700
-0.180142 -6.560535 -3.075660
-0.237179 -6.560671 -3.079383
-0.387942 -6.634998 -3.019957
-0.461452 -6.723972 -2.938691
-0.458931 -6.743748 -2.932830
-0.247368 -6.599834 -2.877217
-0.003373 -6.505526 -2.865342
0.194217 -6.469542 -2.867837
0.274236 -6.451842 -2.882889
0.131804 -6.599315 -2.789383
-0.142616 -6.717776 -2.763806
-0.300914 -6.839499 -2.733042
-0.472487 -6.918895 -2.731455
-0.546469 -7.029770 -2.740982
-0.388757 -7.023689 -2.749772
-0.288895 -6.989287 -2.749076
-0.318550 -7.163228 -2.626889
-0.529080 -7.172029 -2.404485
-0.591561 -7.183767 -2.271677
-0.637855 -7.183396 -2.111335
-0.733832 -7.181080 -1.686088
-0.782032 -7.223555 -1.181470
-0.761795 -7.225981 -0.942846
-0.742607 -7.279893 -0.752477
-0.727207 -7.271924 -0.749169
-0.762248 -7.293469 -0.540287
-0.740670 -7.407626 -0.300483
-0.741527 -7.383397 -0.266349
-0.757627 -7.365200 -0.204427
-0.707148 -7.379871 -0.049756
-0.728785 -7.347295 0.144883
-0.728247 -7.335750 0.146958
-0.641582 -7.275095 0.310952
-0.526881 -7.154968 0.398118
-0.414743 -7.069410 0.536735
-0.457881 -7.123085 0.701510
-0.491857 -7.125390 0.740703
-0.472149 -7.231139 0.774476
-0.634099 -7.267205 0.602680
-0.657826 -7.293655 0.489052
-0.574419 -7.287278 0.373702
-0.484488 -7.291150 0.225822
-0.491852 -7.324606 0.018435
-0.609554 -7.430627 -0.153147
-0.588116 -7.433052 -0.306493
-0.640217 -7.480629 -0.462650
-0.690389 -7.509221 -0.546218
-0.653786 -7.516614 -0.613651
-0.686615 -7.506783 -0.643039
-0.690518 -7.514371 -0.653510
-0.782742 -7.538152 -0.705342
-0.773990 -7.494821 -0.798123
-0.784352 -7.486895 -0.831243
-0.802933 -7.497473 -0.882968
-0.796058 -7.490534 -0.920013
-0.826688 -7.508414 -0.982874
-0.886193 -7.552783 -1.007232
-0.729142 -7.693651 -1.018879
-0.920428 -7.479596 -1.196385
-0.936247 -7.483233 -1.219456
-0.944253 -7.502533 -1.311906
-0.950746 -7.539834 -1.290943
-0.981844 -7.567718 -1.317163
-0.973508 -7.563227 -1.263847
-0.974770 -7.578597 -1.245024
-0.983711 -7.546444 -1.073519
-0.973011 -7.512883 -0.941822
-0.983639 -7.480917 -0.779652
-0.996830 -7.499217 -0.753425
-1.041836 -7.506904 -0.716269
-1.022059 -7.467688 -0.804455
-1.015362 -7.432123 -0.702631
-0.998821 -7.441750 -0.567695
-0.977801 -7.489490 -0.542028
-0.977801 -7.489490 -0.542028
-0.953647 -7.501857 -0.550094
-1.010382 -7.416362 -0.644003
-1.070390 -7.394392 -0.615459
-0.900371 -7.275197 -0.540838
-0.788406 -7.165515 -0.443451
-0.847076 -7.170811 -0.519773
-0.689443 -7.092443 -0.638298
-0.292620 -6.823375 -0.836043
-0.202977 -6.755372 -0.982211
-0.326513 -6.839387 -1.050141
-0.559103 -6.986980 -1.216611
-0.716963 -7.112375 -1.480929
-0.718332 -7.135696 -1.736214
-0.691341 -7.139090 -1.897678
-0.729047 -7.120524 -1.954024
-0.831013 -7.154516 -1.941400
-0.847085 -7.171877 -1.864955
-0.875176 -7.120849 -1.954373
-0.865282 -7.105754 -2.024879
-0.877986 -7.100049 -2.138532
-0.901268 -7.117402 -2.181750
-0.890232 -7.104529 -2.262127
-0.791926 -7.066294 -2.343986
-0.681387 -6.983768 -2.357849
-0.693320 -6.956529 -2.359848
-0.735564 -6.923705 -2.344665
-0.633559 -6.822920 -2.294682
-0.399892 -6.673166 -2.213157
-0.290479 -6.519187 -2.230234
-0.091154 -6.374315 -2.243436
0.178714 -6.226776 -2.299968
0.373068 -6.087122 -2.486158
0.666684 -5.925475 -2.578280
0.843766 -5.844306 -2.625197
1.029005 -5.768278 -2.697602
1.345440 -5.629468 -2.807825
1.693198 -5.436949 -2.934581
1.920505 -5.295627 -3.045359
2.158683 -5.226336 -3.076753
2.319051 -5.141883 -3.107342
2.562361 -5.087498 -3.109925
2.498082 -5.088743 -3.044704
2.338771 -5.177355 -2.934422
2.355411 -5.187225 -2.860178
2.593070 -5.148909 -2.789445
2.787042 -5.044346 -2.732018
2.884600 -4.974772 -2.653980
2.882727 -4.998882 -2.623041
2.937923 -5.029354 -2.709777
3.045835 -5.045159 -2.789827
3.032616 -5.103232 -2.931844
3.010179 -5.084342 -2.926501
3.159909 -5.055551 -2.883454
3.436415 -4.924688 -2.840259
3.657978 -4.806614 -2.828386
3.734522 -4.770868 -2.797759
3.683001 -4.804727 -2.816476
3.648167 -4.872821 -2.935730
3.755151 -4.825772 -3.067032
3.916071 -4.767448 -3.146405
3.939192 -4.801062 -3.234231
3.902052 -4.801841 -3.225059
3.936334 -4.781928 -3.197984
4.027279 -4.724195 -3.175267
4.153033 -4.585130 -3.094871
4.191337 -4.533899 -3.014838
4.099898 -4.501696 -2.883269
4.037801 -4.451199 -2.822429
3.952853 -4.502953 -2.804455
3.788374 -4.593376 -2.810870
3.551756 -4.647498 -2.736153
3.306512 -4.741176 -2.675816
3.219106 -4.793401 -2.628656
3.292151 -4.776534 -2.643511
3.253258 -4.772098 -2.665200
3.149571 -4.857315 -2.683202
2.894442 -4.846612 -2.805843
2.725384 -4.844925 -2.904357
2.664985 -4.860577 -2.977044
2.760573 -4.834831 -3.085646
2.807774 -4.775721 -3.135094
2.882652 -4.795025 -3.175994
2.969464 -4.694906 -3.252829
3.082277 -4.599471 -3.286303
3.251640 -4.484578 -3.339432
3.403309 -4.391257 -3.325272
3.531399 -4.310171 -3.352110
3.630680 -4.195467 -3.403509
3.752653 -4.073975 -3.398802
4.010620 -3.892059 -3.397463
4.271062 -3.682977 -3.415711
4.440187 -3.528337 -3.411535
4.592733 -3.415553 -3.369112
4.634013 -3.293296 -3.351802
4.838269 -3.106062 -3.304511
5.183576 -3.000946 -3.247372
5.370226 -2.757194 -3.224381
5.519874 -2.515529 -3.215504
5.653701 -2.388625 -3.181371
5.887175 -2.188797 -3.183186
6.156881 -2.001291 -3.174625
6.357160 -1.823277 -3.114525
6.430001 -1.818672 -3.029044
6.547406 -1.675163 -2.953164
6.706026 -1.604320 -2.890369
6.885013 -1.545555 -2.808620
6.914764 -1.383016 -2.724234
6.962092 -1.272438 -2.557996
7.004028 -1.175459 -2.370592
7.049513 -1.094863 -2.173829
7.074294 -1.047936 -2.028675
7.089402 -1.001624 -2.002166
7.134759 -0.919733 -2.071778
7.193817 -0.956589 -2.168349
7.223609 -0.878883 -2.285169
7.267604 -0.879849 -2.387331
7.355178 -0.845225 -2.345205
7.321722 -0.809638 -2.399013
7.378757 -0.748634 -2.457152
7.373930 -0.749007 -2.530286
7.422445 -0.744769 -2.557939
7.457870 -0.679949 -2.601681
7.541462 -0.728164 -2.693198
7.523739 -0.578512 -2.642946
7.462901 -0.542645 -2.609640
7.520676 -0.420634 -2.546009
7.523412 -0.407536 -2.456023
7.539179 -0.426039 -2.462957
7.630505 -0.509852 -2.419665
7.633867 -0.459203 -2.445065
7.619635 -0.458551 -2.467079
7.648122 -0.359667 -2.483535
7.678161 -0.301538 -2.407023
7.711876 -0.198418 -2.282045
7.687571 -0.213852 -2.227396
7.732267 -0.289147 -2.216415
7.684117 -0.241368 -2.197307
7.720711 -0.175790 -2.170798
7.732659 -0.188927 -2.154179
7.738333 -0.140099 -2.121944
7.762860 -0.173250 -2.068870
7.759313 -0.203282 -2.031865
7.764840 -0.180867 -2.049165
7.782042 -0.239649 -2.035562
7.801285 -0.239321 -2.015954
7.808199 -0.247849 -2.013705
7.822984 -0.240014 -2.017370
7.825022 -0.212204 -1.996471
7.766693 -0.209534 -1.981425
7.772835 -0.177995 -1.964244
7.771895 -0.165370 -1.923212
7.791770 -0.177321 -1.923391
7.769283 -0.170233 -1.956367
7.751573 -0.197285 -1.933526
7.774265 -0.171212 -1.922079
7.772565 -0.180095 -1.896468
7.738888 -0.219025 -1.912530
7.749674 -0.193322 -1.876226
7.765656 -0.191662 -1.887265
7.733550 -0.204252 -1.909768
7.778336 -0.208308 -1.905784
7.745964 -0.229949 -1.946944
7.745821 -0.231708 -1.920278
7.717789 -0.222199 -1.915025
7.730138 -0.229484 -1.892549
7.708130 -0.236655 -1.916338
7.727326 -0.252208 -1.912178
7.712116 -0.211755 -1.903753
7.695192 -0.225663 -1.905450
7.702440 -0.239965 -1.904070
7.693647 -0.268379 -1.896146
7.685758 -0.296766 -1.896655
7.676464 -0.347352 -1.902135
7.656346 -0.309873 -1.859339
7.653611 -0.306655 -1.824041
7.650834 -0.376345 -1.771537
7.620952 -0.455039 -1.778085
7.619552 -0.448512 -1.787014
7.596162 -0.516768 -1.620094
7.688838 -0.701483 -1.460078
7.709748 -0.773800 -1.413584
7.709086 -0.776317 -1.417463
7.669388 -0.782732 -1.437706
7.660715 -0.792708 -1.424863
7.623426 -0.791772 -1.451942
7.613798 -0.778862 -1.488915
7.559491 -0.743570 -1.581254
7.556387 -0.790088 -1.575153
7.583679 -0.751658 -1.570294
7.542205 -0.765786 -1.567111
7.440547 -0.707771 -1.530369
7.382195 -0.652643 -1.521333
7.362465 -0.664528 -1.340268
7.352961 -0.712965 -1.228313
7.353225 -0.777589 -1.190720
7.347609 -0.819292 -1.120432
7.374784 -0.909050 -1.042426
7.363040 -0.908668 -0.987703
7.365659 -0.943370 -0.971956
7.430833 -0.903934 -0.945552
7.378994 -0.927543 -0.975408
7.347071 -1.009107 -0.961765
7.368626 -1.053247 -0.936727
7.331441 -1.059929 -0.882360
7.318395 -1.059697 -0.809091
7.275550 -1.034043 -0.675651
7.265143 -1.020350 -0.594405
7.265855 -1.039428 -0.519624
7.220363 -1.093824 -0.476667
7.218531 -1.069698 -0.420382
7.205901 -1.062761 -0.375863
7.221924 -1.064680 -0.356173
7.220372 -1.061169 -0.365903
7.232035 -1.063873 -0.439683
7.221319 -1.059484 -0.486814
7.237891 -1.038210 -0.518890
7.283687 -1.021975 -0.586100
7.307250 -1.000501 -0.672213
7.362065 -0.937598 -0.741355
7.365742 -0.959195 -0.765476
7.323389 -0.969134 -0.865576
7.321771 -0.935091 -0.882504
7.344831 -0.964371 -0.910572
7.357930 -0.932585 -0.920311
7.352381 -0.917441 -0.928935
7.327016 -0.913536 -0.965849
7.362218 -0.922363 -0.963389
7.364973 -0.899382 -0.953227
7.403438 -0.870404 -0.941377
7.383446 -0.892331 -0.987895
7.389239 -0.866400 -1.022245
7.382935 -0.861971 -1.022160
7.423462 -0.829864 -1.017828
7.435638 -0.830818 -1.025896
7.393210 -0.849940 -1.073550
7.435585 -0.836150 -1.109789
7.472235 -0.806900 -1.175748
7.510558 -0.797369 -1.155098
7.496702 -0.821210 -1.259315
7.507949 -0.827164 -1.305868
7.542751 -0.814301 -1.355598
7.570932 -0.821130 -1.392919
7.600619 -0.792224 -1.430351
7.624552 -0.771913 -1.460197
7.575601 -0.791274 -1.489209
7.595487 -0.808693 -1.678262
7.600995 -0.785985 -1.599233
7.613781 -0.778275 -1.596453
7.661798 -0.771265 -1.619428
7.671142 -0.768655 -1.664428
7.689824 -0.757434 -1.685352
7.676796 -0.748978 -1.727959
7.694156 -0.764390 -1.745072
7.712216 -0.739579 -1.762250
7.713541 -0.719718 -1.744651
7.720735 -0.718897 -1.754756
7.723992 -0.742055 -1.788343
7.709614 -0.732199 -1.822243
7.705364 -0.724433 -1.801802
7.718115 -0.724788 -1.805471
7.720610 -0.725972 -1.810137
7.725545 -0.721680 -1.805045
7.793060 -0.659322 -1.787425
7.755716 -0.685050 -1.790463
7.710880 -0.718309 -1.794782
7.724756 -0.709957 -1.791846
7.732747 -0.716032 -1.759254
7.731045 -0.713084 -1.763420
7.726474 -0.709270 -1.774362
7.730530 -0.697585 -1.757206
7.718108 -0.721752 -1.767450
7.763655 -0.692286 -1.880695
7.748246 -0.698855 -1.858030
7.670715 -0.725056 -1.734545
7.688884 -0.720583 -1.721025
7.704309 -0.720624 -1.741522
7.716228 -0.734173 -1.730392
7.703453 -0.731233 -1.708967
7.687002 -0.751534 -1.726786
7.690639 -0.744040 -1.743493
7.697115 -0.723246 -1.716512
7.679806 -0.743337 -1.724888
7.671363 -0.750166 -1.735905
7.693415 -0.735515 -1.695353
7.679255 -0.766993 -1.641508
7.675173 -0.782123 -1.621252
7.623222 -0.808030 -1.583489
7.589080 -0.815714 -1.438198
7.582916 -0.886404 -1.416099
7.550871 -0.898373 -1.447310
7.568831 -0.946345 -1.476490
7.634428 -0.933797 -1.476801
7.615070 -0.993302 -1.586365
7.557246 -1.066346 -1.472836
7.667657 -1.236052 -1.279051
7.683298 -1.261635 -1.232977
7.453233 -0.991066 -1.116030
7.367324 -1.022353 -1.022202
7.374759 -1.097219 -0.936861
7.377733 -1.174114 -0.853922
7.386680 -1.178539 -0.850824
7.386680 -1.178539 -0.850824
7.370822 -1.195206 -0.773066
7.353403 -1.232197 -0.743733
7.347143 -1.211882 -0.721312
7.378425 -1.198526 -0.695077
7.353053 -1.260093 -0.769604
7.390003 -1.281044 -0.793362
7.376302 -1.221778 -0.756542
7.336161 -1.281256 -0.702376
7.322328 -1.284418 -0.715002
7.342767 -1.274088 -0.773553
7.349480 -1.323787 -0.784171
7.344124 -1.314592 -0.823289
7.357385 -1.309368 -0.806501
7.355419 -1.278962 -0.795777
7.359781 -1.338706 -0.846954
7.361552 -1.344000 -0.854689
7.377651 -1.365564 -0.906242
7.530749 -1.307617 -0.888859
7.393451 -1.368168 -0.971689
7.364893 -1.393946 -0.989085
7.375575 -1.362546 -1.000401
7.379373 -1.344441 -0.990081
7.391487 -1.334892 -1.020974
7.404013 -1.369784 -1.152466
7.406345 -1.376497 -1.165223
7.415711 -1.377183 -1.253052
7.423637 -1.358196 -1.319699
7.458723 -1.362739 -1.424135
7.578700 -1.319298 -1.438614
7.525518 -1.356454 -1.527872
7.513036 -1.362275 -1.597859
7.547834 -1.399818 -1.615926
7.548767 -1.406646 -1.626576
7.609874 -1.461485 -1.630569
7.523456 -1.385337 -1.574255
7.516202 -1.372749 -1.507578
7.549935 -1.392448 -1.552326
7.498887 -1.407465 -1.518150
7.536950 -1.414767 -1.556336
7.571095 -1.458977 -1.603190
7.599851 -1.526362 -1.668199
7.627122 -1.538016 -1.725010
7.594018 -1.580020 -1.726570
7.631080 -1.571698 -1.733988
7.626864 -1.581204 -1.725229
7.645401 -1.601253 -1.735640
7.655331 -1.586963 -1.726738
7.671963 -1.739246 -1.708676
7.590921 -1.657215 -1.712508
7.606784 -1.692555 -1.722763
7.609318 -1.685436 -1.707424
7.629749 -1.719583 -1.696787
7.582834 -1.764145 -1.692478
7.620838 -1.767060 -1.665650
7.613555 -1.776760 -1.665751
7.605109 -1.799247 -1.669407
7.613742 -1.847427 -1.676426
7.591890 -1.880141 -1.662341
7.679358 -1.935508 -1.641532
7.580839 -1.923296 -1.657703
7.547216 -1.867277 -1.668591
7.522802 -1.979254 -1.711805
7.542122 -2.040067 -1.655534
7.510997 -2.068541 -1.667422
7.549881 -2.057675 -1.639829
7.502433 -2.107567 -1.640433
7.545734 -2.079277 -1.601657
7.541780 -2.134759 -1.605230
7.489594 -2.183775 -1.607008
7.512602 -2.161386 -1.570374
7.507561 -2.147043 -1.575046
7.460397 -2.229388 -1.585425
7.501029 -2.212862 -1.568194
7.478970 -2.266753 -1.581816
7.477678 -2.354827 -1.591187
7.515864 -2.390138 -1.556614
7.468869 -2.319799 -1.588069
7.429254 -2.340799 -1.601744
7.423401 -2.379486 -1.611315
7.425523 -2.414721 -1.623369
7.419488 -2.430077 -1.609735
7.450569 -2.430792 -1.580730
7.460588 -2.452603 -1.737635
7.426189 -2.450874 -1.595276
7.391831 -2.451677 -1.559422
7.411539 -2.484650 -1.565297
7.438331 -2.498699 -1.571299
7.421076 -2.519698 -1.572969
7.370559 -2.540347 -1.591816
7.377535 -2.545399 -1.606036
7.382503 -2.499492 -1.558079
7.379361 -2.514355 -1.555656
7.376096 -2.486697 -1.564675
7.415765 -2.528532 -1.572069
7.396959 -2.587423 -1.576617
7.398093 -2.582527 -1.556677
7.416889 -2.596116 -1.590856
7.405382 -2.579550 -1.589349
7.403483 -2.576296 -1.557121
7.419406 -2.561793 -1.565811
7.426262 -2.531739 -1.574122
7.427899 -2.563010 -1.574799
7.405304 -2.541291 -1.548192
7.416099 -2.556991 -1.527396
7.456787 -2.651174 -1.546379
7.415796 -2.541936 -1.517132
7.417336 -2.551004 -1.519242
7.439681 -2.525567 -1.530613
7.448893 -2.538821 -1.575548
7.445018 -2.528958 -1.554751
7.486789 -2.509228 -1.511981
7.441475 -2.539755 -1.527027
7.421823 -2.544198 -1.531834
7.480524 -2.653504 -1.481313
7.443186 -2.573240 -1.481904
7.441569 -2.502534 -1.454057
7.485991 -2.480395 -1.452136
7.460362 -2.516465 -1.504734
7.455206 -2.524679 -1.484858
7.441054 -2.547527 -1.464811
7.474083 -2.614461 -1.455851
7.496334 -2.521402 -1.431090
7.516070 -2.434784 -1.438299
7.453036 -2.460681 -1.455951
7.479023 -2.410609 -1.398011
7.487889 -2.423906 -1.396671
7.566322 -2.387418 -1.372762
7.503327 -2.373133 -1.347610
7.516226 -2.198629 -1.319477
7.523934 -2.190963 -1.293034
7.507216 -2.163183 -1.245213
7.529648 -2.054846 -1.266159
7.592394 -2.084018 -1.211757
7.567514 -1.991027 -1.219785
7.563635 -1.908388 -1.221614
7.557605 -1.898130 -1.212912
7.592007 -1.893833 -1.161839
7.566327 -1.834038 -1.190438
7.570838 -1.829070 -1.138061
7.643849 -1.788197 -1.140299
7.620970 -1.789273 -1.087327
7.560904 -1.709270 -1.085868
7.587330 -1.628305 -1.070810
7.617085 -1.591786 -1.030708
7.581225 -1.572501 -1.057177
7.620070 -1.501474 -1.013257
7.666208 -1.485675 -1.071540
7.661372 -1.432918 -0.986481
7.619569 -1.483185 -0.967709
7.630418 -1.402231 -0.977749
7.651236 -1.351323 -0.941095
7.645155 -1.343932 -0.949482
7.647917 -1.330028 -0.885606
7.671655 -1.260663 -0.836317
7.672503 -1.244451 -0.827630
7.652892 -1.251022 -0.780820
7.665513 -1.262097 -0.795756
7.687474 -1.222653 -0.752439
7.726595 -1.294622 -0.852570
7.738116 -1.286572 -0.857664
7.749030 -1.272461 -0.819143
7.752029 -1.241966 -0.785968
7.764345 -1.208702 -0.776763
7.802531 -1.200955 -0.767247
7.759132 -1.199019 -0.752809
7.740285 -1.176563 -0.730300
7.730953 -1.150919 -0.691274
7.727495 -1.149617 -0.638342
7.722977 -1.156991 -0.569960
7.784444 -1.166612 -0.661639
7.767355 -1.163948 -0.614266
7.788809 -1.192343 -0.627690
7.884182 -1.322940 -0.545733
7.778663 -1.133683 -0.520737
7.739599 -1.114769 -0.491576
7.754946 -1.108741 -0.511889
7.781086 -1.172580 -0.544004
7.788889 -1.201793 -0.641492
7.804304 -1.192935 -0.656398
7.798220 -1.152207 -0.702367
7.795699 -1.163303 -0.676089
7.788307 -1.149770 -0.589257
7.795978 -1.148003 -0.555925
7.868093 -1.233178 -0.720085
7.845804 -1.221407 -0.723640
7.853647 -1.207641 -0.691480
7.789327 -1.150073 -0.622447
7.788046 -1.087360 -0.594958
7.769014 -1.086324 -0.580344
7.773271 -1.105671 -0.605293
7.787578 -1.158172 -0.544218
7.837010 -1.157375 -0.538640
7.812064 -1.163017 -0.554359
7.800228 -1.221543 -0.548541
7.808807 -1.225104 -0.561919
7.802139 -1.254032 -0.568918
7.768727 -1.175707 -0.556836
7.777729 -1.132565 -0.554926
7.771505 -1.138050 -0.520486
7.798354 -1.148523 -0.489103
7.790304 -1.220630 -0.556383
7.801623 -1.273538 -0.571542
7.794015 -1.274386 -0.558094
7.811319 -1.261115 -0.552185
7.803512 -1.260915 -0.566535
7.804374 -1.214491 -0.545609
7.829569 -1.199636 -0.511870
7.808855 -1.253029 -0.528019
7.777787 -1.275047 -0.533331
7.821766 -1.281167 -0.584921
7.821909 -1.282306 -0.576634
7.930820 -1.429943 -0.492227
7.927818 -1.441004 -0.487201
7.898211 -1.357346 -0.531863
7.863719 -1.342151 -0.568375
7.744161 -1.264012 -0.641728
7.726722 -1.216519 -0.641686
7.729962 -1.212246 -0.635758
7.819807 -1.347005 -0.603633
7.804623 -1.318486 -0.593167
7.778056 -1.279643 -0.828148
7.743599 -1.324777 -0.683032
7.724025 -1.367484 -0.591755
7.717608 -1.357579 -0.612337
7.739212 -1.395709 -0.613194
7.743153 -1.430697 -0.609063
7.726132 -1.482433 -0.645365
7.749057 -1.439965 -0.629003
7.746800 -1.457419 -0.647452
7.728934 -1.455736 -0.657728
7.730237 -1.458237 -0.659270
7.748227 -1.492272 -0.650900
7.771226 -1.535369 -0.653725
7.752680 -1.536109 -0.682421
7.713503 -1.542405 -0.679681
7.730545 -1.495269 -0.667372
7.746744 -1.476457 -0.731949
7.717194 -1.517742 -0.650934
7.739742 -1.553720 -0.688564
7.735377 -1.576429 -0.702998
7.728996 -1.578837 -0.720471
7.714915 -1.578062 -0.715029
7.723426 -1.566570 -0.726213
7.709434 -1.618228 -0.759241
7.898744 -1.531536 -0.768124
7.711340 -1.631306 -0.792195
7.690911 -1.632640 -0.773728
7.668384 -1.646924 -0.813721
7.656006 -1.648394 -0.800354
7.682166 -1.669723 -0.835776
7.692546 -1.700818 -0.834593
7.738635 -1.684830 -1.006746
7.705083 -1.737260 -0.879477
7.695905 -1.718804 -0.869494
7.717938 -1.719628 -0.900074
7.706841 -1.704237 -0.918217
7.696754 -1.697048 -0.922499
7.707821 -1.677708 -0.911738
7.721144 -1.681781 -0.930131
7.712263 -1.696295 -0.943433
7.732494 -1.676714 -0.982188
7.730678 -1.697114 -0.985050
7.725314 -1.662913 -0.962347
7.742259 -1.687042 -0.973328
7.725346 -1.687533 -1.021148
7.789805 -1.685777 -1.170936
7.716187 -1.681589 -0.954366
7.709759 -1.675648 -0.891913
7.697319 -1.649696 -0.920017
7.707940 -1.642204 -0.902712
7.712722 -1.650506 -0.907260
7.698654 -1.666496 -0.915816
7.735552 -1.641829 -0.997823
7.779553 -1.617380 -1.091513
7.741716 -1.611379 -1.068378
7.748054 -1.586593 -1.015409
7.742196 -1.600878 -0.971529
7.723495 -1.609282 -0.955536
7.656963 -1.635268 -0.750526
7.645443 -1.614765 -0.756974
7.661172 -1.623180 -0.812108
7.686374 -1.625774 -0.815304
7.695684 -1.622491 -0.856113
7.685524 -1.607830 -0.868071
7.699884 -1.600005 -0.874899
7.708335 -1.611148 -0.892707
7.692516 -1.618851 -0.894467
7.691590 -1.595660 -0.899900
7.689868 -1.602978 -0.879830
7.689503 -1.591648 -0.885374
7.678291 -1.602499 -0.899202
7.682987 -1.561216 -0.891905
7.684733 -1.589144 -0.897101
7.694936 -1.598704 -0.900168
7.693935 -1.598194 -0.892065
7.701448 -1.589249 -0.918378
7.710587 -1.583068 -0.908899
7.698419 -1.586867 -0.906895
7.696095 -1.585394 -0.878638
7.691380 -1.567074 -0.885560
7.688900 -1.553141 -0.868954
7.699677 -1.563651 -0.889454
7.694545 -1.580252 -0.878144
7.702646 -1.559341 -0.902580
7.703227 -1.584918 -0.886936
7.696679 -1.571243 -0.891011
7.704615 -1.577476 -0.896119
7.704511 -1.553433 -0.887982
7.701484 -1.571502 -0.882579
7.713964 -1.542784 -0.881113
7.708630 -1.568523 -0.877691
7.713622 -1.558609 -0.883421
7.707088 -1.580230 -0.868892
7.692960 -1.563314 -0.882690
7.698645 -1.560530 -0.909743
7.705438 -1.566402 -0.889657
7.714025 -1.556196 -0.878696
7.712320 -1.555082 -0.902623
7.702867 -1.547335 -0.885790
7.693255 -1.565268 -0.894282
7.705832 -1.559380 -0.889306
7.706662 -1.545046 -0.897737
7.709464 -1.568097 -0.902271
7.680539 -1.587300 -0.910829
7.690476 -1.582107 -0.896090
7.675535 -1.578633 -0.870945
7.686607 -1.566736 -0.915576
7.689901 -1.552201 -0.894794
7.688443 -1.585349 -0.889533
7.694864 -1.605459 -0.906787
7.711787 -1.591312 -0.920827
7.683910 -1.590967 -0.913874
7.699343 -1.586405 -0.930865
7.706521 -1.591998 -0.916863
7.699081 -1.593011 -0.919651
7.690517 -1.593177 -0.914473
7.697170 -1.594175 -0.927886
7.690355 -1.587660 -0.942235
7.685345 -1.596841 -0.940891
7.695258 -1.606684 -0.945858
7.687369 -1.618618 -0.940274
7.692663 -1.601208 -0.950594
7.696443 -1.591936 -0.955336
7.699180 -1.602507 -0.949314
7.704401 -1.598163 -0.935722
7.695631 -1.591739 -0.950715
7.691726 -1.588362 -0.960687
7.699819 -1.577303 -0.970716
7.829870 -1.493013 -0.876932
7.614559 -1.643700 -0.999679
7.626618 -1.647833 -0.988873
7.663476 -1.633434 -0.981336
7.669425 -1.654587 -0.984723
7.679469 -1.640823 -1.000445
7.681497 -1.649719 -0.977893
7.670386 -1.632615 -0.997755
7.704920 -1.634270 -1.007216
7.660928 -1.633491 -1.058621
7.687307 -1.624467 -1.042883
7.681033 -1.640181 -1.052739
7.692080 -1.648971 -1.049349
7.710044 -1.654066 -1.062872
7.760805 -1.625906 -1.044959
7.692300 -1.680859 -1.081658
7.669941 -1.684082 -1.073710
7.675642 -1.681377 -1.089564
7.691347 -1.684207 -1.108405
7.711319 -1.689057 -1.108263
7.711321 -1.683104 -1.104844
7.716958 -1.691173 -1.103014
7.731343 -1.678727 -1.108928
7.736068 -1.689712 -1.089889
7.731245 -1.677580 -1.128504
7.761571 -1.655465 -1.090317
7.743490 -1.771849 -1.095200
7.764932 -1.864086 -1.091634
7.647969 -1.666952 -1.170620
7.657271 -1.604534 -1.184001
7.677299 -1.604864 -1.149103
7.690629 -1.613488 -1.133548
7.695745 -1.635969 -1.134760
7.719516 -1.653239 -1.151200
7.725407 -1.670847 -1.147578
7.806437 -1.593871 -1.125938
7.740456 -1.641631 -1.140343
7.668035 -1.670799 -1.175348
7.663043 -1.692169 -1.167457
7.675164 -1.684214 -1.164951
7.691918 -1.748566 -1.145111
7.697089 -1.737808 -1.160018
7.708776 -1.734943 -1.135542
7.701135 -1.693655 -1.144348
7.709614 -1.696607 -1.141752
7.726082 -1.715910 -1.128914
7.724869 -1.720642 -1.137594
7.751067 -1.659195 -1.127413
7.742247 -1.691397 -1.138422
7.681473 -1.749932 -1.160757
7.687418 -1.746607 -1.134068
7.711402 -1.693160 -1.130443
7.711236 -1.693583 -1.168988
7.730650 -1.691354 -1.163207
7.744115 -1.669320 -1.153086
7.748532 -1.690633 -1.143298
7.851258 -1.854457 -1.060187
7.737448 -1.696938 -1.115792
7.705755 -1.601537 -1.165169
7.698227 -1.622057 -1.173474
7.716987 -1.603064 -1.157939
7.744923 -1.599597 -1.159297
7.723578 -1.613444 -1.144233
7.794175 -1.631617 -1.289501
7.826099 -1.608300 -1.383992
7.755169 -1.643801 -1.180636
7.729393 -1.649523 -1.077991
7.714850 -1.588052 -1.093546
7.721280 -1.586367 -1.098589
7.726621 -1.593198 -1.106788
7.729360 -1.610703 -1.098729
7.731033 -1.600422 -1.118462
7.752451 -1.603534 -1.122227
7.745332 -1.620832 -1.110755
7.735757 -1.585466 -1.090385
7.732943 -1.563470 -1.079831
7.732113 -1.569091 -1.089600
7.745018 -1.585003 -1.087501
7.792731 -1.571717 -1.086799
7.730381 -1.629244 -1.111041
7.729434 -1.628531 -1.138944
7.752064 -1.638082 -1.108712
7.737588 -1.642568 -1.113853
7.739447 -1.664647 -1.110953
7.740921 -1.633157 -1.100718
7.739827 -1.661506 -1.126418
7.724267 -1.658792 -1.094279
7.723311 -1.640863 -1.095224
7.838179 -1.551580 -1.037074
7.761598 -1.641549 -1.071915
7.719667 -1.680146 -1.100358
7.736048 -1.669239 -1.092946
7.744062 -1.687489 -1.077473
7.752714 -1.725404 -1.090338
7.735293 -1.705732 -1.075876
7.727296 -1.723465 -1.079379
7.740938 -1.724973 -1.118031
7.801251 -1.699802 -1.242575
7.866834 -1.662853 -1.275616
7.803308 -1.715735 -1.231749
7.770779 -1.722536 -1.216409
7.754170 -1.686347 -1.206244
7.714462 -1.713227 -1.039948
7.667267 -1.734408 -0.982071
7.681697 -1.721550 -0.987940
7.679686 -1.751202 -1.009912
7.678080 -1.763996 -1.035174
7.679741 -1.736738 -1.035393
7.755098 -1.699839 -1.024590
7.761124 -1.696396 -1.015222
7.689163 -1.733922 -1.071591
7.704875 -1.730689 -1.092694
7.706655 -1.712062 -1.091085
7.734878 -1.739105 -1.077195
7.697804 -1.756377 -1.103118
7.703000 -1.760346 -1.104694
7.700916 -1.762818 -1.115944
7.690562 -1.772412 -1.136292
7.696630 -1.743458 -1.097846
7.698110 -1.736538 -1.102721
7.690253 -1.749167 -1.114303
7.720098 -1.762808 -1.080095
7.721278 -1.758361 -1.087817
7.713057 -1.761182 -1.091746
7.709567 -1.775717 -1.098531
7.699986 -1.764975 -1.119043
7.709756 -1.788866 -1.096452
7.706380 -1.787639 -1.108482
7.700029 -1.776102 -1.124223
7.708009 -1.783134 -1.111043
7.736089 -1.763935 -1.122514
7.722891 -1.784911 -1.143361
7.712341 -1.754867 -1.139699
7.712917 -1.750455 -1.145452
7.714255 -1.719080 -1.122210
7.692945 -1.658969 -1.108912
7.688073 -1.657132 -1.079199
7.704047 -1.642196 -1.085605
7.710994 -1.630061 -1.066248
7.710923 -1.599713 -1.078115
7.719797 -1.606016 -1.064815
7.734241 -1.574564 -1.046403
7.739266 -1.561541 -1.063182
7.734128 -1.543392 -1.040899
7.722997 -1.542832 -1.040813
7.716024 -1.519625 -1.040166
7.748276 -1.543217 -0.992473
7.731541 -1.534195 -1.023148
7.742363 -1.539249 -1.032558
7.747913 -1.528340 -1.023585
7.754156 -1.530465 -1.002282
7.734686 -1.519800 -1.023015
7.816467 -1.456369 -1.178447
7.820767 -1.419044 -1.049057
7.652520 -1.504161 -0.868877
7.662740 -1.465696 -0.876412
7.689125 -1.505657 -0.914950
7.717841 -1.472257 -0.906838
7.708389 -1.499462 -0.913638
7.728060 -1.485851 -0.949671
7.734086 -1.480378 -0.935081
7.745338 -1.471767 -0.922068
7.745976 -1.465435 -0.922362
7.830637 -1.635762 -0.867664
7.866525 -1.635315 -0.837282
7.735123 -1.390903 -0.928314
7.673220 -1.242867 -0.915432
7.684415 -1.228146 -0.899036
7.712618 -1.198038 -0.885279
7.687522 -1.180986 -0.850161
7.708398 -1.190294 -0.835077
7.710769 -1.187389 -0.868002
7.717492 -1.200330 -0.883664
7.716842 -1.158218 -0.908802
7.759528 -1.161978 -0.910014
7.761581 -1.169914 -0.884508
7.777002 -1.141929 -0.886028
7.799107 -1.102340 -0.897685
7.768305 -1.082920 -0.857457
7.784788 -1.015712 -0.849015
7.794304 -1.010580 -0.811628
7.766961 -0.876241 -0.804078
7.809740 -0.895189 -0.796433
7.810240 -0.855989 -0.828058
7.793409 -0.861794 -0.834133
7.798347 -0.870845 -0.852399
7.816148 -0.966990 -0.875406
7.839610 -0.991022 -0.878059
7.838534 -0.984820 -0.870020
7.812136 -1.024487 -0.866488
7.837719 -1.017635 -0.896834
7.826017 -0.964456 -0.865781
7.824527 -0.961101 -0.848448
7.816125 -0.984924 -0.813224
7.808341 -0.948808 -0.824800
7.796559 -0.932477 -0.788129
7.803795 -0.913004 -0.784454
7.791882 -0.924647 -0.781189
7.803861 -0.935525 -0.769786
7.819041 -0.981514 -0.769046
7.812162 -0.957020 -0.796294
7.839947 -1.032273 -0.811010
7.830320 -1.026293 -0.806420
7.832216 -0.991352 -0.803188
7.826919 -0.991750 -0.792633
7.816683 -0.943315 -0.787402
7.816063 -0.948041 -0.760426
7.809929 -0.906894 -0.754912
7.805127 -0.915352 -0.731624
7.793858 -0.871309 -0.724626
7.794997 -0.847309 -0.686633
7.770960 -0.833263 -0.694085
7.763181 -0.817096 -0.704894
7.783541 -0.806355 -0.713580
7.760979 -0.786857 -0.692314
7.811989 -0.745534 -0.792032
7.773323 -0.807210 -0.691084
7.773908 -0.821602 -0.669527
7.764498 -0.828096 -0.667586
7.775351 -0.852332 -0.682887
7.787419 -0.881478 -0.691694
7.816198 -0.853858 -0.717209
7.828138 -0.888890 -0.753285
7.890366 -0.993406 -0.755415
7.971135 -1.100740 -0.716016
7.942314 -1.091060 -0.720608
7.878691 -0.988379 -0.771187
7.775433 -0.823068 -0.785908
7.787229 -0.820186 -0.773009
7.785822 -0.827473 -0.734012
7.769286 -0.817638 -0.670078
7.739087 -0.811389 -0.631914
7.741270 -0.828534 -0.624946
7.716491 -0.854297 -0.540708
7.717877 -0.860641 -0.552630
7.732302 -0.850999 -0.550479
7.676758 -0.869842 -0.409380
7.655595 -0.876283 -0.386360
7.600779 -0.872231 -0.304931
7.578569 -0.850070 -0.201606
7.591019 -0.856272 -0.165460
7.549521 -0.852095 -0.113934
7.554130 -0.873553 -0.057708
7.554008 -0.909108 -0.090535
7.563881 -0.952398 -0.106558
7.578531 -0.921933 -0.137227
7.583265 -0.914067 -0.188946
7.605533 -0.866902 -0.255195
7.658560 -0.870311 -0.333411
7.677547 -0.856429 -0.410321
7.713464 -0.852733 -0.504757
7.733348 -0.851023 -0.556187
7.777406 -0.847803 -0.642248
7.794815 -0.873690 -0.702075
7.801723 -0.889995 -0.748061
7.822729 -0.914617 -0.781219
7.885307 -0.849978 -0.934315
7.843430 -0.827792 -0.879669
7.795298 -0.865496 -0.778680
7.802658 -0.849423 -0.756902
7.806660 -0.859721 -0.787449
7.823239 -0.900039 -0.807504
7.817952 -0.939220 -0.834630
7.842952 -0.965973 -0.847540
7.846698 -0.966307 -0.874014
7.866070 -0.998993 -0.897076
7.863179 -1.003277 -0.897896
7.868948 -0.967680 -0.877853
7.855794 -0.982948 -0.887669
7.849050 -0.978732 -0.871564
7.842833 -0.980947 -0.891343
7.832115 -0.985454 -0.886262
7.844333 -1.006751 -0.872726
7.855306 -1.018441 -0.870079
7.839604 -1.034227 -0.856659
7.779595 -1.018529 -0.910299
7.801029 -1.034093 -0.891814
7.798292 -1.062739 -0.902394
7.824823 -1.081954 -0.890378
7.846411 -1.163790 -0.896098
7.852808 -1.169141 -0.906851
7.841784 -1.195635 -0.887502
7.845639 -1.227476 -0.886943
7.838942 -1.210827 -0.881234
7.820744 -1.181557 -0.859024
7.827364 -1.177135 -0.857444
7.812172 -1.183969 -0.852968
7.808844 -1.185971 -0.864220
7.901486 -1.244483 -1.016959
7.877324 -1.277506 -0.996051
7.862540 -1.328387 -0.932064
7.833932 -1.347942 -0.854832
7.850612 -1.327247 -0.862531
7.847711 -1.347282 -0.879307
7.850701 -1.356943 -0.898449
7.846041 -1.343839 -0.878111
7.817216 -1.302055 -0.889883
7.830241 -1.315300 -0.902653
7.819904 -1.294360 -0.851878
7.836178 -1.300245 -0.859477
7.811880 -1.305413 -0.873041
7.824448 -1.315958 -0.864245
7.833068 -1.317827 -0.868115
7.820149 -1.315323 -0.883832
7.824427 -1.307956 -0.876313
7.824830 -1.308186 -0.885498
7.826710 -1.291855 -0.877832
7.825281 -1.302207 -0.882779
7.823366 -1.313234 -0.892881
7.823373 -1.296217 -0.890487
7.834571 -1.308604 -0.881892
7.821242 -1.331701 -0.890070
7.842363 -1.324629 -0.905153
7.822237 -1.325901 -0.906845
7.820503 -1.336058 -0.909782
7.836352 -1.304948 -0.915427
7.864736 -1.379191 -0.901080
7.938922 -1.511852 -0.867748
7.933043 -1.530823 -0.862401
7.946954 -1.537139 -0.855516
7.901792 -1.502699 -0.850750
7.864073 -1.442266 -0.839374
7.816323 -1.378718 -0.819022
7.805488 -1.322727 -0.798569
7.806759 -1.263836 -0.812912
7.805158 -1.182451 -0.819958
7.766409 -1.124257 -0.799910
7.749118 -1.062661 -0.795003
7.659169 -0.909756 -0.840262
7.674158 -0.801840 -0.891386
7.757199 -0.819003 -0.962517
7.798045 -0.809024 -0.990674
7.792635 -0.787368 -0.992353
7.793269 -0.813228 -0.958598
7.799952 -0.788720 -0.913650
7.812054 -0.795931 -0.904520
7.783850 -0.812668 -0.886239
7.767445 -0.813112 -0.742506
7.789754 -0.793953 -0.778456
7.798693 -0.748244 -0.828447
7.813273 -0.733104 -0.828878
7.821961 -0.735633 -0.807781
7.835609 -0.671884 -0.812687
7.827850 -0.667258 -0.824405
7.828401 -0.684924 -0.846979
7.837021 -0.650074 -0.795064
7.818216 -0.650049 -0.792947
7.824791 -0.608042 -0.775574
7.835569 -0.576736 -0.765959
7.823702 -0.554559 -0.761035
7.844555 -0.524038 -0.753552
7.855396 -0.511272 -0.760948
7.848311 -0.550868 -0.787628
7.868483 -0.591111 -0.813798
7.864681 -0.613557 -0.807933
7.876323 -0.605048 -0.821573
7.883887 -0.584648 -0.811707
7.868798 -0.511098 -0.797564
7.854879 -0.404942 -0.776234
7.839393 -0.368945 -0.742360
7.842263 -0.366495 -0.732987
7.840795 -0.338431 -0.735055
7.825970 -0.347979 -0.706354
7.835115 -0.359485 -0.723998
7.842133 -0.376349 -0.724240
7.831267 -0.457832 -0.735076
7.875544 -0.464546 -0.722861
7.863259 -0.466212 -0.719847
7.866337 -0.438639 -0.727213
7.852152 -0.368392 -0.728272
7.871862 -0.343922 -0.706949
7.854484 -0.318498 -0.721419
7.875457 -0.296709 -0.697980
7.853604 -0.305308 -0.732996
7.874436 -0.352156 -0.740696
7.863662 -0.386475 -0.771157
7.874814 -0.400071 -0.757214
7.880079 -0.454488 -0.749147
7.860556 -0.426101 -0.745412
7.868760 -0.383088 -0.749804
7.863170 -0.373261 -0.692407
7.866092 -0.336484 -0.696839
7.857910 -0.381684 -0.695556
7.884853 -0.400324 -0.718557
7.882905 -0.399357 -0.714233
7.888234 -0.515437 -0.711636
7.894701 -0.488437 -0.727020
7.856443 -0.520921 -0.730504
7.868913 -0.497957 -0.719586
7.852178 -0.461198 -0.717473
7.863623 -0.436181 -0.701439
7.844645 -0.437627 -0.697021
7.843020 -0.437489 -0.684560
7.841976 -0.488309 -0.686498
7.838956 -0.497024 -0.702806
7.852493 -0.533873 -0.680957
7.847127 -0.522406 -0.665451
7.829143 -0.493344 -0.658670
7.811859 -0.421536 -0.645561
7.825222 -0.456941 -0.627763
7.819369 -0.443379 -0.617167
7.809475 -0.432703 -0.631162
7.823705 -0.413334 -0.613572
7.817892 -0.450255 -0.634666
7.808918 -0.438477 -0.619096
7.811040 -0.408070 -0.612371
7.822696 -0.431833 -0.592326
7.809223 -0.467427 -0.589478
7.812153 -0.469269 -0.632145
7.818241 -0.481508 -0.614376
7.840896 -0.564332 -0.653466
7.845628 -0.541015 -0.658116
7.851133 -0.530552 -0.646976
7.812155 -0.501142 -0.630078
7.883300 -0.572761 -0.569269
7.685663 -0.257917 -0.614604
7.621999 -0.103620 -0.630681
7.602941 -0.081874 -0.627107
7.586286 -0.060607 -0.618646
7.542605 -0.028765 -0.676818
7.559121 -0.030329 -0.733646
7.522851 -0.126356 -0.680952
7.512440 -0.080431 -0.666555
7.565033 -0.153726 -0.676082
7.619585 -0.215566 -0.692177
7.641331 -0.222522 -0.706755
7.647634 -0.261974 -0.747373
7.656718 -0.305945 -0.714682
7.659209 -0.301775 -0.683590
7.612419 -0.244136 -0.687993
7.467990 -0.162234 -0.582502
7.449840 -0.096847 -0.523010
7.447199 -0.066885 -0.492529
7.458803 -0.010847 -0.533243
7.470368 -0.025540 -0.552781
7.512945 -0.052755 -0.604722
7.473815 -0.038187 -0.538106
7.427792 -0.052100 -0.516477
7.375749 -0.016070 -0.562623
7.366348 -0.036280 -0.542897
7.393520 -0.113942 -0.529268
7.459513 -0.203547 -0.522926
7.537225 -0.368580 -0.529681
7.711745 -0.576521 -0.484564
7.652998 -0.573690 -0.547502
7.652998 -0.573690 -0.547502
7.579006 -0.427881 -0.631644
7.571005 -0.351163 -0.683745
7.636253 -0.420995 -0.652782
7.680207 -0.496843 -0.638781
7.696175 -0.511901 -0.611206
7.710426 -0.490355 -0.587274
7.720231 -0.570753 -0.560567
7.735161 -0.547021 -0.561432
7.657697 -0.465996 -0.574288
7.598157 -0.349958 -0.629920
7.555129 -0.292511 -0.661497
7.549444 -0.263659 -0.660713
7.534210 -0.303365 -0.688108
7.508640 -0.273342 -0.706491
7.491719 -0.310983 -0.720195
7.509477 -0.305568 -0.744539
7.509696 -0.367947 -0.714812
7.526951 -0.412588 -0.700684
7.576979 -0.453545 -0.697063
7.592144 -0.504438 -0.673458
7.595358 -0.458544 -0.712191
7.603905 -0.482384 -0.697780
7.714969 -0.532685 -0.712118
7.542671 -0.337586 -0.706623
7.500918 -0.334469 -0.671011
7.527504 -0.359619 -0.620092
7.559590 -0.391489 -0.578772
7.574987 -0.455455 -0.546403
7.601372 -0.495198 -0.521658
7.609183 -0.503185 -0.510616
7.657272 -0.608332 -0.502758
7.690478 -0.661186 -0.519047
7.748553 -0.785304 -0.499653
7.748553 -0.785304 -0.499653
7.784939 -0.889865 -0.519125
7.790218 -0.883817 -0.505238
7.832940 -0.906002 -0.481012
7.832940 -0.906002 -0.481012
7.850533 -0.827329 -0.558442
7.829899 -0.823201 -0.555084
7.818252 -0.809634 -0.497588
7.726617 -0.843622 -0.326940
7.736399 -0.888156 -0.340859
7.729052 -0.881437 -0.338452
7.712813 -0.925920 -0.322956
7.709014 -0.976335 -0.317353
7.724936 -1.007124 -0.285842
7.710041 -1.020109 -0.274087
7.724097 -1.024800 -0.297103
7.714595 -1.010682 -0.283506
7.731319 -1.027192 -0.299509
7.731759 -1.075085 -0.327043
7.738125 -1.107378 -0.352216
7.727270 -1.149642 -0.368855
7.750592 -1.159384 -0.382253
7.752054 -1.168114 -0.363376
7.729366 -1.254591 -0.342419
7.698996 -1.178254 -0.320751
7.688664 -1.084528 -0.266692
7.677908 -1.053986 -0.244827
7.619654 -0.917765 -0.250950
7.603335 -0.888000 -0.262212
7.571175 -0.866857 -0.261330
7.626023 -0.921582 -0.264194
7.619059 -0.943456 -0.252852
7.638447 -0.951728 -0.245933
7.669460 -0.981527 -0.235985
7.657354 -0.910099 -0.255389
7.640792 -0.877511 -0.269894
7.619579 -0.833107 -0.302128
7.606502 -0.813701 -0.307933
7.591723 -0.755003 -0.294805
7.587191 -0.713439 -0.289168
7.383383 -0.307990 -0.354630
7.365649 -0.253562 -0.367677
7.312305 -0.124518 -0.407749
7.315715 -0.139667 -0.434177
7.299119 -0.119923 -0.485727
7.319313 -0.176793 -0.472042
7.441712 -0.424967 -0.449889
7.471092 -0.492020 -0.439713
7.518048 -0.520913 -0.440300
7.552474 -0.558699 -0.430110
7.580766 -0.603538 -0.395758
7.594989 -0.661386 -0.407843
7.583674 -0.633172 -0.401014
7.597412 -0.667026 -0.427512
7.596876 -0.723668 -0.375890
7.620741 -0.732298 -0.334278
7.643372 -0.780664 -0.321872
7.587581 -0.639173 -0.317592
7.543755 -0.504234 -0.346646
7.496932 -0.405111 -0.371685
7.449387 -0.349304 -0.361030
7.466561 -0.374032 -0.364034
7.445063 -0.328097 -0.368585
7.428620 -0.368057 -0.363883
7.404137 -0.357452 -0.368261
7.417318 -0.394542 -0.377806
7.491405 -0.468319 -0.350314
7.565053 -0.595016 -0.310906
7.590896 -0.705949 -0.322568
7.621029 -0.792009 -0.275051
7.672626 -0.875923 -0.292189
7.698533 -0.898770 -0.291183
7.683709 -0.883276 -0.284211
7.724663 -0.901728 -0.297001
7.709872 -0.911418 -0.299402
7.899316 -0.841740 -0.197349
7.783476 -0.871502 -0.227973
7.745247 -0.873579 -0.249061
7.697695 -0.959847 -0.234001
7.746022 -1.012886 -0.140295
7.715154 -0.936016 -0.128585
7.663822 -0.820838 -0.177346
7.672503 -0.784394 -0.167233
7.673514 -0.833154 -0.169680
7.678428 -0.859431 -0.221264
7.688203 -0.916707 -0.236519
7.723350 -0.972782 -0.287454
7.755476 -1.036726 -0.294690
7.742277 -1.097069 -0.310822
7.761964 -1.111844 -0.307170
7.775423 -1.134002 -0.305050
7.770149 -1.139383 -0.300208
7.759397 -1.114889 -0.267494
7.766897 -1.104268 -0.270884
7.767103 -1.115470 -0.277146
7.744650 -1.153929 -0.271332
7.824993 -1.180131 -0.222651
7.758518 -1.205364 -0.268354
7.712374 -1.229797 -0.239485
7.691320 -1.212975 -0.204598
7.660578 -1.186844 -0.169028
7.638723 -1.231606 -0.147901
7.630128 -1.198865 -0.147732
7.619608 -1.202275 -0.180264
7.639130 -1.234409 -0.193352
7.624813 -1.314143 -0.235991
7.648326 -1.357507 -0.251978
7.675225 -1.377188 -0.247863
7.671885 -1.323040 -0.247721
7.748475 -1.261131 -0.205750
7.712335 -1.185293 -0.208495
7.665803 -1.225950 -0.203357
7.669303 -1.154133 -0.222179
7.652617 -1.123524 -0.190774
7.656424 -1.128182 -0.173995
7.645409 -1.117511 -0.154122
7.633021 -1.108633 -0.175992
7.610949 -1.116386 -0.210645
7.618489 -1.178779 -0.194742
7.632314 -1.168712 -0.245163
7.647937 -1.207963 -0.260483
7.664729 -1.244663 -0.275867
7.659264 -1.232924 -0.289302
7.686375 -1.217108 -0.257530
7.682247 -1.234830 -0.263259
7.677387 -1.261613 -0.262853
7.677021 -1.224398 -0.249749
7.689979 -1.267002 -0.252749
7.681402 -1.267133 -0.241278
7.685886 -1.256648 -0.218543
7.678787 -1.309235 -0.203020
7.671364 -1.311538 -0.199203
7.684997 -1.304658 -0.230083
7.686144 -1.300927 -0.203095
7.668737 -1.357626 -0.244011
7.682677 -1.388226 -0.250335
7.750839 -1.390873 -0.382332
7.756271 -1.380112 -0.371452
7.702647 -1.339326 -0.176666
7.643436 -1.356520 -0.123034
7.622200 -1.377918 -0.118060
7.612555 -1.366678 -0.133634
7.629745 -1.375689 -0.128849
7.632284 -1.413185 -0.135023
7.640830 -1.440933 -0.175821
7.649531 -1.467847 -0.189712
7.667966 -1.508737 -0.247250
7.659583 -1.526016 -0.292561
7.678916 -1.502541 -0.288416
7.680633 -1.547503 -0.292668
7.673845 -1.551500 -0.288430
7.650044 -1.582865 -0.301661
7.628980 -1.571789 -0.299045
7.635004 -1.621385 -0.302367
7.619840 -1.637345 -0.318182
7.622357 -1.644711 -0.302474
7.633737 -1.672338 -0.321294
7.633696 -1.683242 -0.357569
7.619833 -1.702201 -0.391706
7.647483 -1.803143 -0.396099
7.639710 -1.810662 -0.414550
7.663658 -1.837023 -0.447101
7.629164 -1.810579 -0.412253
7.644322 -1.764920 -0.423332
7.635069 -1.759475 -0.435740
7.600332 -1.704761 -0.393387
7.617901 -1.723060 -0.392815
7.612135 -1.748941 -0.404101
7.614916 -1.739070 -0.406668
7.617178 -1.744932 -0.438527
7.617098 -1.755176 -0.448638
7.618408 -1.758872 -0.438918
7.612645 -1.758582 -0.435690
7.612711 -1.760760 -0.427361
7.617176 -1.751097 -0.438245
7.616352 -1.745492 -0.422132
7.622189 -1.730889 -0.445506
7.628109 -1.726995 -0.431034
7.622623 -1.734728 -0.459394
7.629258 -1.748037 -0.464722
7.606397 -1.741774 -0.454234
7.648251 -1.752884 -0.498571
7.689148 -1.747206 -0.583087
7.643656 -1.742416 -0.479330
7.606455 -1.748165 -0.426040
7.609619 -1.727595 -0.427680
7.603590 -1.703127 -0.435908
7.588766 -1.766317 -0.411212
7.607408 -1.755104 -0.458053
7.611303 -1.768189 -0.465396
7.600247 -1.776482 -0.479515
7.606634 -1.773978 -0.468085
7.614770 -1.757358 -0.504598
7.616179 -1.764182 -0.521068
7.614708 -1.756285 -0.575647
7.606399 -1.763335 -0.596642
7.607560 -1.780496 -0.612687
7.607484 -1.788128 -0.631024
7.620152 -1.773323 -0.630013
7.609009 -1.762384 -0.632273
7.615778 -1.753825 -0.612399
7.609719 -1.760675 -0.650115
7.620672 -1.774050 -0.666269
7.617581 -1.768750 -0.699094
7.613578 -1.760993 -0.695446
7.620525 -1.746474 -0.693815
7.620643 -1.731376 -0.704351
7.625843 -1.744134 -0.698810
7.610708 -1.735349 -0.684465
7.636917 -1.732673 -0.695308
7.621018 -1.715552 -0.684459
7.617715 -1.719827 -0.682955
7.634754 -1.690906 -0.667651
7.627828 -1.681076 -0.691610
7.632329 -1.665340 -0.717333
7.616290 -1.679913 -0.709930
7.626626 -1.677729 -0.730998
7.617262 -1.675844 -0.703818
7.620558 -1.684864 -0.709793
7.629397 -1.646525 -0.685977
7.606436 -1.661151 -0.693929
7.620000 -1.671802 -0.699625
7.614765 -1.699095 -0.693555
7.606105 -1.722300 -0.717432
7.608738 -1.715748 -0.692050
7.612143 -1.687698 -0.691290
7.622659 -1.688963 -0.692891
7.621163 -1.679336 -0.704166
7.610783 -1.663551 -0.676869
7.622578 -1.653557 -0.681390
7.606092 -1.663119 -0.671812
7.604734 -1.651085 -0.668130
7.611104 -1.643653 -0.685431
7.602657 -1.664358 -0.683719
7.613486 -1.676518 -0.682757
7.610335 -1.650944 -0.696443
7.610976 -1.639370 -0.685721
7.616068 -1.646715 -0.704237
7.609830 -1.623896 -0.681506
7.621123 -1.617914 -0.678692
7.618465 -1.620336 -0.680180
7.620609 -1.613116 -0.681746
7.605030 -1.681355 -0.660506
7.620348 -1.631133 -0.666119
7.611023 -1.639548 -0.677138
7.600029 -1.629453 -0.705862
7.609351 -1.616969 -0.717374
7.663634 -1.637185 -0.811404
7.696519 -1.636707 -0.907199
7.713030 -1.625534 -0.864972
7.644645 -1.702133 -0.833476
7.656038 -1.657356 -0.805257
7.575752 -1.657762 -0.636662
7.579394 -1.667389 -0.589138
7.572134 -1.657092 -0.573991
7.579968 -1.643975 -0.625300
7.588204 -1.647874 -0.666515
7.598206 -1.630974 -0.650569
7.594170 -1.676468 -0.664343
7.605060 -1.698103 -0.690506
7.603499 -1.680003 -0.690734
7.617259 -1.695446 -0.716782
7.625890 -1.661940 -0.717830
7.614593 -1.634722 -0.694101
7.616194 -1.656214 -0.735055
7.612726 -1.641297 -0.714315
7.626132 -1.642602 -0.730821
7.633662 -1.637181 -0.724103
7.608022 -1.634694 -0.710827
7.619305 -1.642666 -0.723615
7.634499 -1.626403 -0.732476
7.635180 -1.624900 -0.722704
7.628171 -1.627088 -0.750228
7.637761 -1.627448 -0.718994
7.621182 -1.604823 -0.714167
7.624950 -1.616874 -0.732631
7.637202 -1.617375 -0.711356
7.623515 -1.585294 -0.699473
7.620291 -1.608698 -0.689625
7.639646 -1.595784 -0.723368
7.628810 -1.629832 -0.702561
7.614513 -1.616600 -0.710138
7.613960 -1.663593 -0.708867
7.615414 -1.624932 -0.689952
7.613649 -1.652101 -0.695950
7.642073 -1.635577 -0.803369
7.640845 -1.630118 -0.783830
7.619257 -1.652036 -0.771806
7.617631 -1.632003 -0.720107
7.600231 -1.628297 -0.722203
7.613225 -1.690886 -0.740840
7.615731 -1.663683 -0.718169
7.632464 -1.672217 -0.742484
7.616959 -1.650995 -0.710095
7.648046 -1.610000 -0.785245
7.685308 -1.604351 -0.848287
7.683423 -1.590093 -0.861564
7.675921 -1.590317 -0.842300
7.652966 -1.602835 -0.810837
7.642584 -1.607842 -0.784825
7.645424 -1.614044 -0.777653
7.634312 -1.576154 -0.754242
7.651237 -1.575596 -0.754487
7.655159 -1.565617 -0.727340
7.641864 -1.557987 -0.752847
7.644058 -1.555875 -0.759375
7.641362 -1.550164 -0.743352
7.639161 -1.554683 -0.741054
7.617854 -1.551721 -0.720779
7.564212 -1.537674 -0.568907
7.553970 -1.558003 -0.539996
7.578888 -1.502576 -0.549125
7.580180 -1.468352 -0.569810
7.612657 -1.503138 -0.644219
7.625693 -1.474446 -0.635123
7.649396 -1.532867 -0.649924
7.630515 -1.545621 -0.660976
7.619233 -1.536295 -0.656918
7.620573 -1.568930 -0.669623
7.599282 -1.533492 -0.680404
7.604374 -1.571553 -0.674095
7.606047 -1.550700 -0.690043
7.624392 -1.555443 -0.679886
7.626872 -1.571582 -0.706116
7.622389 -1.601321 -0.721552
7.639408 -1.590467 -0.710380
7.656140 -1.589465 -0.728852
7.668646 -1.577498 -0.732146
7.639172 -1.556906 -0.698712
7.647422 -1.549016 -0.719376
7.643978 -1.535268 -0.693177
7.632769 -1.524250 -0.684705
7.618994 -1.524679 -0.674337
7.622845 -1.515073 -0.661678
7.624845 -1.510304 -0.651405
7.633656 -1.508112 -0.675763
7.643878 -1.511050 -0.669194
7.653111 -1.514037 -0.672842
7.657203 -1.506652 -0.691038
7.645797 -1.469086 -0.676749
7.642848 -1.491949 -0.680758
7.642968 -1.465221 -0.713436
7.624051 -1.490279 -0.691086
7.614082 -1.511221 -0.683407
7.626283 -1.474689 -0.676763
7.633434 -1.483246 -0.670091
7.645372 -1.476701 -0.677231
7.639546 -1.448789 -0.681357
7.643682 -1.468630 -0.685987
7.654089 -1.482419 -0.677675
7.648970 -1.456037 -0.684172
7.651191 -1.481757 -0.686753
7.648164 -1.471351 -0.706952
7.646472 -1.453987 -0.693653
7.646063 -1.455950 -0.693639
7.643676 -1.412884 -0.687277
7.645209 -1.419005 -0.687253
7.655524 -1.412870 -0.689440
7.649358 -1.409182 -0.678193
7.653294 -1.409236 -0.691890
7.654821 -1.372507 -0.661830
7.652256 -1.381006 -0.696020
7.658112 -1.390239 -0.721352
7.654653 -1.355525 -0.708695
7.663807 -1.374645 -0.722383
7.649976 -1.337374 -0.690331
7.667633 -1.339852 -0.699945
7.655077 -1.332882 -0.691192
7.669062 -1.305983 -0.692889
7.672005 -1.381965 -0.676605
7.661421 -1.364300 -0.695598
7.654781 -1.362081 -0.709836
7.662598 -1.361649 -0.708654
7.659306 -1.403081 -0.711290
7.648582 -1.416797 -0.718222
7.674894 -1.379487 -0.699481
7.663491 -1.378685 -0.700208
7.670053 -1.382150 -0.686459
7.654993 -1.345628 -0.683473
7.659137 -1.362694 -0.702568
7.666202 -1.363046 -0.691696
7.663398 -1.349401 -0.687393
7.650427 -1.416881 -0.696412
7.647431 -1.392125 -0.694493
7.650862 -1.372970 -0.717632
7.648962 -1.377846 -0.700793
7.651901 -1.336611 -0.695585
7.650876 -1.364386 -0.708265
7.655718 -1.362720 -0.710768
7.649711 -1.404281 -0.707376
7.645353 -1.430832 -0.736991
7.667448 -1.444585 -0.725461
7.659411 -1.405505 -0.717379
7.664095 -1.414159 -0.720571
7.643738 -1.409305 -0.700311
7.662516 -1.386250 -0.696887
7.661966 -1.397824 -0.710881
7.649749 -1.387130 -0.744920
7.649102 -1.403038 -0.754875
7.650799 -1.473656 -0.786252
7.660806 -1.492676 -0.774104
7.661440 -1.490602 -0.775684
7.650719 -1.468399 -0.764340
7.659683 -1.445061 -0.773046
7.644839 -1.454321 -0.770582
7.668377 -1.471712 -0.750116
7.670490 -1.479341 -0.794933
7.671566 -1.497063 -0.805356
7.659406 -1.465000 -0.800463
7.672054 -1.443114 -0.792565
7.683939 -1.443715 -0.787161
7.656876 -1.487411 -0.796361
7.651313 -1.496203 -0.782430
7.647560 -1.516608 -0.796779
7.654225 -1.492379 -0.814293
7.646889 -1.549985 -0.810964
7.626479 -1.555924 -0.840273
7.643943 -1.521205 -0.828763
7.623156 -1.527709 -0.825804
7.697542 -1.686461 -0.767406
7.746838 -1.787694 -0.723727
7.693621 -1.672967 -0.777710
7.727576 -1.714197 -0.827777
7.693008 -1.497196 -1.075678
7.693008 -1.497196 -1.075678
7.664164 -1.453475 -1.100357
7.614855 -1.516851 -1.014030
7.649950 -1.654522 -0.911375
7.634465 -1.676065 -0.818849
7.547009 -1.701311 -0.723044
7.575832 -1.700355 -0.726992
7.551875 -1.676338 -0.775174
7.591702 -1.657058 -0.810083
7.656668 -1.657238 -1.003405
7.691183 -1.712243 -1.087859
7.599248 -1.716747 -0.908418
7.600295 -1.751646 -0.790105
7.620141 -1.763430 -0.800674
7.638585 -1.774416 -0.798712
7.650416 -1.749932 -0.769346
7.667196 -1.686194 -0.734471
7.597924 -1.698135 -0.797138
7.617906 -1.669763 -0.832513
7.623651 -1.628666 -0.898696
7.664529 -1.637590 -0.901952
7.645859 -1.653773 -0.931926
7.660296 -1.658674 -0.922461
7.692020 -1.630885 -0.891982
7.656522 -1.640723 -0.891221
7.661098 -1.657271 -0.822413
7.662983 -1.696119 -0.705704
7.699793 -1.785080 -0.676258
7.708883 -1.723749 -0.636963
7.672433 -1.681009 -0.673077
7.710342 -1.655046 -0.693489
7.725100 -1.639220 -0.645352
7.684200 -1.629897 -0.633121
7.711123 -1.601954 -0.614621
7.709184 -1.620707 -0.580697
7.662339 -1.632872 -0.565071
7.669594 -1.722107 -0.556488
7.642254 -1.802870 -0.506158
7.687545 -1.890822 -0.421483
7.667272 -1.797049 -0.407433
7.651075 -1.777186 -0.411129
7.663712 -1.831407 -0.375955
7.667763 -1.864804 -0.387933
7.687500 -1.849573 -0.395315
7.667941 -1.927927 -0.391981
7.647017 -1.930760 -0.407901
7.604611 -1.996961 -0.337206
7.625177 -1.992304 -0.307103
7.599156 -2.032730 -0.309241
7.587581 -2.124887 -0.209398
7.556521 -2.123049 -0.255387
7.549563 -2.140379 -0.267230
7.512778 -2.246075 -0.207809
7.516593 -2.311250 -0.229187
7.498474 -2.359468 -0.244885
7.492040 -2.382492 -0.167275
7.430191 -2.301917 -0.273496
7.367388 -2.124482 -0.268744
7.307461 -1.973618 -0.274571
7.126659 -1.725346 -0.311757
7.105342 -1.672834 -0.321387
7.029905 -1.468525 -0.401240
6.965234 -1.313572 -0.437904
6.886766 -1.199304 -0.440269
6.828177 -0.936826 -0.531689
6.763597 -0.744939 -0.578052
6.661163 -0.361271 -0.736023
6.647330 -0.328739 -0.735296
6.607332 -0.249308 -0.787609
6.438673 0.123199 -0.997780
6.405753 0.183807 -1.076851
6.352348 0.262500 -1.121326
6.308701 0.456930 -1.188369
6.201836 0.914175 -1.140884
6.109222 1.178048 -1.125010
6.069941 1.176198 -1.079552
6.033664 1.046198 -1.063654
6.027873 1.058876 -1.016527
5.922832 1.411251 -1.109542
5.838413 1.797696 -1.203433
5.741046 2.147654 -1.294593
5.702333 2.150017 -1.385189
5.738959 2.024383 -1.402861
5.740563 2.084417 -1.464847
5.691534 2.390166 -1.580508
5.615430 2.818317 -1.774940
5.505530 3.040570 -1.883636
5.576663 2.766587 -1.846874
5.709211 2.156036 -1.698386
5.816206 1.733442 -1.487141
5.877748 1.681675 -1.413372
5.853909 1.866517 -1.422196
5.828918 1.993514 -1.438564
5.935548 1.584720 -1.199294
6.055769 0.951325 -0.842957
6.207733 0.460058 -0.509498
6.288989 0.346391 -0.342520
6.244089 0.549162 -0.359000
6.226738 0.677116 -0.361127
6.230011 0.629924 -0.378250
6.276237 0.474157 -0.350653
6.285920 0.188887 -0.300083
6.375000 0.043520 -0.237334
6.352722 0.234490 -0.363897
6.312084 0.546054 -0.505380
6.309699 0.763805 -0.513183
6.321370 0.527984 -0.456192
6.489150 0.070014 -0.221727
6.564535 -0.304552 -0.050193
6.666265 -0.546091 0.061884
6.618553 -0.379052 -0.028107
6.601126 -0.092512 -0.255248
6.591854 -0.187420 -0.186484
6.709596 -0.419999 0.047508
6.850995 -0.762194 0.200413
6.937692 -0.946653 0.281434
6.949348 -0.947175 0.255599
6.879428 -0.897244 0.071831
6.867675 -0.642589 -0.011000
6.838973 -0.526505 -0.120410
6.800749 -0.542980 -0.162966
6.886252 -0.516327 -0.167761
6.858187 -0.524970 -0.203312
6.864931 -0.524419 -0.249343
6.878302 -0.427301 -0.340308
6.867198 -0.420534 -0.375556
6.881003 -0.431034 -0.439497
6.966216 -0.579553 -0.432353
7.028240 -0.722874 -0.357406
7.128341 -0.818502 -0.313351
7.186435 -0.860600 -0.257527
7.209926 -0.907449 -0.263913
7.244467 -0.957670 -0.203959
7.309656 -0.964628 -0.144912
7.319483 -1.031712 -0.130317
7.350645 -1.095947 -0.104580
7.394273 -1.092923 -0.122636
7.441377 -1.085361 -0.115671
7.467500 -1.059890 -0.126492
7.484279 -1.081269 -0.156587
7.507463 -1.077582 -0.179092
7.545285 -1.075988 -0.223517
7.557912 -1.088543 -0.264718
7.647187 -1.202548 -0.211362
7.678529 -1.210393 -0.254545
7.606391 -1.046845 -0.322901
7.606790 -0.964073 -0.383993
7.584437 -0.965826 -0.415777
7.591048 -0.954135 -0.460188
7.624838 -0.929817 -0.485031
7.638396 -0.910777 -0.512633
7.634951 -0.942945 -0.571406
7.638243 -0.896125 -0.604313
7.642712 -0.807297 -0.625430
7.646084 -0.782024 -0.702299
7.645631 -0.776774 -0.765768
7.659787 -0.778355 -0.796313
7.702067 -0.767089 -0.818083
7.714711 -0.808424 -0.834902
7.744121 -0.694059 -0.874580
7.748531 -0.580294 -0.906129
7.766833 -0.571970 -0.936847
7.743539 -0.545419 -0.926888
7.720841 -0.489830 -0.932901
7.749871 -0.425589 -0.932677
7.742913 -0.400647 -0.979529
7.808229 -0.501224 -0.922353
7.759638 -0.337858 -0.983798
7.717414 -0.264284 -0.966787
7.734243 -0.187642 -0.998700
7.748250 -0.100443 -0.959851
7.733851 -0.084811 -0.925037
7.731056 -0.114267 -0.966299
7.792154 -0.056313 -0.935982
7.777465 -0.081085 -0.994698
7.781899 -0.081882 -0.985412
7.798453 0.015060 -0.991193
7.780921 -0.000537 -1.003831
7.808493 0.037986 -1.007168
7.814955 0.050060 -0.991330
7.811671 0.154895 -0.984274
7.792267 0.115125 -0.988440
7.799035 0.159913 -0.974671
7.748103 0.217518 -0.970660
7.798095 0.189518 -0.919351
7.905457 0.113744 -0.828968
7.773018 0.344919 -0.923980
7.721112 0.404289 -1.108164
7.674654 0.423289 -0.889195
7.681795 0.400766 -0.866521
7.691365 0.493962 -0.837749
7.685143 0.481310 -0.841516
7.693135 0.491063 -0.822544
7.665511 0.514666 -0.820708
7.678280 0.575586 -0.827114
7.691265 0.627352 -0.831124
7.716180 0.645163 -0.799524
7.655999 0.630782 -0.812622
7.654932 0.659709 -0.777844
7.631798 0.793557 -0.716612
7.636325 0.837289 -0.709167
7.596531 0.892453 -0.720445
7.574009 0.926090 -0.673813
7.548956 0.980242 -0.691439
7.519103 0.988602 -0.681272
7.522080 1.004124 -0.700579
7.493738 1.034424 -0.691424
7.472161 1.060292 -0.716749
7.504251 1.077580 -0.699225
7.516238 1.133913 -0.659095
7.350559 1.070898 -0.678403
7.334776 1.077773 -0.671898
7.309231 1.142783 -0.734467
7.272466 1.203143 -0.754840
7.241131 1.261329 -0.794560
7.235475 1.263068 -0.799990
7.244461 1.237678 -0.763597
7.314042 1.306258 -0.728907
7.350771 1.349607 -0.719787
7.271131 1.259495 -0.755459
7.219356 1.167569 -0.776019
7.265501 1.143334 -0.777288
7.279285 1.131845 -0.784178
7.303506 1.115541 -0.779346
7.319709 1.114621 -0.803385
7.315227 1.123271 -0.826896
7.390721 1.089501 -0.796023
7.478773 1.011181 -0.747715
7.390598 1.105503 -0.803232
7.306824 1.176293 -0.859240
7.322862 1.179750 -0.841695
7.321798 1.176097 -0.869029
7.361148 1.158504 -0.881067
7.360556 1.145537 -0.816386
7.396731 1.177812 -0.808786
7.355495 1.134118 -0.836525
7.346966 1.110337 -0.833596
7.380818 1.092192 -0.797905
7.385365 1.095389 -0.816096
7.412849 1.057628 -0.799449
7.433912 1.038405 -0.778902
7.451264 1.017453 -0.764339
7.486013 1.045208 -0.859986
7.480744 1.052425 -0.796949
7.464909 1.046583 -0.741453
7.426848 1.034958 -0.740748
7.475364 1.040540 -0.753433
7.501864 1.016496 -0.728793
7.485924 1.061640 -0.760886
7.505339 1.043565 -0.766424
7.505734 1.062236 -0.778921
7.492599 1.075392 -0.882664
7.494310 0.994629 -0.757222
7.542400 0.970152 -0.734939
7.468775 1.070439 -0.776898
7.349731 1.182967 -0.898397
7.255693 1.249149 -0.962691
7.055930 1.531212 -1.128081
7.001469 1.574550 -1.128977
6.922859 1.591945 -1.217572
6.878472 1.670067 -1.272196
6.820710 1.737404 -1.313319
6.753213 1.720946 -1.431163
6.741323 1.729795 -1.444520
6.697479 1.789947 -1.472424
6.632742 1.849486 -1.556074
6.486787 1.996582 -1.633140
6.281836 2.207089 -1.793642
6.299783 2.229397 -1.841305
6.255412 2.204335 -1.839838
6.221678 2.223315 -1.887451
6.132865 2.269286 -1.961503
6.121052 2.323802 -1.963405
5.978012 2.440890 -2.043275
5.823668 2.644361 -2.162303
5.666171 2.766066 -2.286737
5.628989 2.811119 -2.295402
5.610449 2.838529 -2.317180
5.576864 2.870132 -2.346448
5.552488 2.869092 -2.419140
5.544940 2.881585 -2.441839
5.332091 3.139309 -2.501885
5.202359 3.364000 -2.611348
5.110777 3.477469 -2.678627
5.122184 3.434976 -2.780428
5.056995 3.458655 -2.823550
4.989611 3.555502 -2.898471
4.811275 3.769585 -3.045443
4.699001 3.970245 -3.111346
4.523770 4.261196 -3.267502
4.404127 4.374044 -3.341032
4.366365 4.454295 -3.399376
4.384696 4.417424 -3.425726
4.383553 4.473553 -3.435663
4.327088 4.565301 -3.500732
4.264911 4.641882 -3.541214
4.071601 4.950580 -3.653789
3.988714 5.107277 -3.703075
3.938737 5.180284 -3.774744
3.947565 5.160578 -3.767080
3.984552 5.126897 -3.774463
3.947658 5.208719 -3.811777
3.936968 5.222575 -3.841582
3.908594 5.292211 -3.833801
3.667816 5.729285 -3.993394
3.597277 5.880129 -4.020618
3.657675 5.745170 -3.971404
3.662776 5.701577 -3.960344
3.799947 5.438345 -3.990748
3.694667 5.623080 -3.990618
3.551443 5.906009 -4.080516
3.373690 6.204477 -4.166514
3.293789 6.334281 -4.207818
3.334384 6.357852 -4.223201
3.368956 6.243885 -4.111641
3.367953 6.205532 -4.034364
3.343054 6.294925 -4.022977
3.226332 6.474198 -4.083377
3.114174 6.736075 -4.101522
3.027419 6.884673 -4.125052
3.048995 6.868803 -4.078147
3.182453 6.710139 -4.022806
3.374441 6.406795 -3.877101
3.510911 6.165595 -3.741973
3.658112 5.929932 -3.576676
3.728480 5.849999 -3.496499
3.665303 5.958129 -3.489361
3.541385 6.204610 -3.534720
3.456294 6.337831 -3.600240
3.483092 6.359241 -3.580391
3.606999 6.101616 -3.504115
3.730781 5.863024 -3.393091
3.806299 5.797741 -3.354049
3.656217 6.022748 -3.420099
3.522702 6.307150 -3.466507
3.514542 6.415567 -3.550146
3.539916 6.314547 -3.471355
3.707246 6.046083 -3.336980
3.806676 5.924240 -3.316281
3.888846 5.788224 -3.242373
3.950229 5.651703 -3.228725
4.022983 5.545883 -3.177973
4.132183 5.362857 -3.085369
4.262150 5.186622 -3.023821
4.341936 4.956546 -2.977666
4.546545 4.626279 -2.862264
4.663440 4.419913 -2.799834
4.770020 4.242584 -2.767090
4.872061 4.064737 -2.687733
4.979670 3.889760 -2.648300
5.097709 3.724867 -2.566079
5.212986 3.551651 -2.482810
5.277419 3.430968 -2.439120
5.331390 3.315999 -2.413227
5.419104 3.243948 -2.399702
5.489520 3.087403 -2.387503
5.481860 3.022834 -2.384160
5.501945 2.998247 -2.384926
5.496625 2.977655 -2.355289
5.562147 2.932847 -2.322397
5.615109 2.722285 -2.263746
5.733065 2.509177 -2.219019
5.784116 2.450014 -2.144513
5.813700 2.354886 -2.095255
5.868940 2.211189 -2.020632
5.914428 2.127732 -1.923878
5.887737 2.106124 -1.856314
5.828680 2.072656 -1.761046
5.813143 2.114010 -1.630324
5.775467 2.076282 -1.506770
5.745889 2.023556 -1.357024
5.745079 1.984008 -1.132994
5.758456 1.826253 -0.906540
5.829133 1.662100 -0.634561
5.845972 1.445849 -0.352890
5.903703 1.311223 -0.022698
5.887160 1.215478 0.229061
5.952100 1.094904 0.525804
5.960160 0.947365 0.800633
5.986934 0.851684 1.048321
6.000663 0.759990 1.287982
6.002167 0.696609 1.482674
6.025848 0.591596 1.618914
6.076120 0.562095 1.792740
6.077667 0.485719 1.920731
6.058719 0.519951 1.988170
6.033794 0.488243 2.098307
6.055597 0.519805 2.094644
5.976099 0.591962 2.110517
5.962561 0.663632 2.114377
5.867994 0.681351 2.115338
5.842894 0.833335 2.096710
5.742409 0.893690 2.045570
5.639351 1.087928 2.023508
5.556633 1.157560 1.987148
5.520860 1.190663 1.964890
5.489443 1.270331 1.899791
5.418113 1.292221 1.859843
5.407937 1.411987 1.838494
5.336554 1.485066 1.803790
5.374403 1.536649 1.752570
5.353981 1.464085 1.678578
5.392487 1.547760 1.642326
5.346540 1.608753 1.569074
5.294832 1.697163 1.463860
5.309330 1.748791 1.403063
5.307567 1.727723 1.337606
5.389267 1.717561 1.358594
5.368508 1.652033 1.346237
5.439303 1.642369 1.345095
5.450082 1.543776 1.352816
5.526185 1.587946 1.333921
5.501609 1.530808 1.324784
5.544700 1.538672 1.341707
5.592340 1.472142 1.362641
5.641735 1.419418 1.364340
5.742176 1.412998 1.393721
5.739389 1.339028 1.397391
5.771565 1.395404 1.444095
5.817825 1.281981 1.439954
5.869416 1.285637 1.465383
5.857629 1.261890 1.505552
5.825074 1.256900 1.544427
5.830684 1.370067 1.589080
5.749035 1.392528 1.569066
5.849992 1.416193 1.572160
5.889815 1.362687 1.611049
5.989363 1.330299 1.664993
6.004624 1.316932 1.669071
5.993971 1.337729 1.648137
6.011991 1.393755 1.624789
6.028299 1.389239 1.585533
6.070805 1.348468 1.674629
6.099465 1.264621 1.708052
6.251951 1.233757 1.794906
6.311759 1.130116 1.844664
6.239683 1.244840 1.771000
6.230227 1.270769 1.736900
6.317586 1.238701 1.722464
6.378825 1.213223 1.707577
6.422247 1.189979 1.725430
6.477648 1.128717 1.742153
6.553844 1.084141 1.750845
6.608904 1.074664 1.714169
6.646350 1.075850 1.690085
6.651554 1.027231 1.657616
6.832452 0.996531 1.706227
6.726521 1.048790 1.620767
6.668670 1.179791 1.522665
6.657372 1.169448 1.444038
6.668155 1.194860 1.405817
6.681818 1.262517 1.378996
6.619607 1.312042 1.307712
6.608951 1.373045 1.251427
6.566602 1.405596 1.230022
6.508982 1.463321 1.140076
6.476189 1.588100 1.104963
6.340429 1.647195 1.008756
6.325168 1.774348 0.964261
6.309346 1.768108 0.945270
6.248362 1.792532 0.893735
6.270115 1.851504 0.874706
6.297369 1.878632 0.872085
6.318371 1.815860 0.753456
6.289289 1.878786 0.761111
6.282356 1.904780 0.728775
6.280131 1.935367 0.695895
6.302055 1.975529 0.659630
6.311353 1.981074 0.601863
6.285875 1.923062 0.572600
6.249704 1.868145 0.540142
6.149242 1.771936 0.534477
6.076077 1.692860 0.527567
6.068407 1.657660 0.581414
6.037095 1.596672 0.570102
5.991995 1.523864 0.546078
5.998810 1.449803 0.543094
5.978575 1.337852 0.495733
5.974769 1.226372 0.425582
6.012907 1.145545 0.324003
5.967834 1.025757 0.287872
5.900008 0.867709 0.228420
5.855365 0.821341 0.127856
5.752139 0.800495 0.002318
5.625583 0.801279 -0.070698
5.573901 0.812914 -0.129511
5.571225 0.869155 -0.171701
5.553504 0.767594 -0.228652
5.584321 0.795353 -0.312081
5.516030 0.786230 -0.385585
5.407068 0.771912 -0.492652
5.315947 0.735584 -0.574619
5.270476 0.746413 -0.669507
5.289383 0.773191 -0.693851
5.366902 0.710210 -0.691678
5.410817 0.607468 -0.707083
5.414684 0.464215 -0.749829
5.363717 0.375424 -0.796467
5.293933 0.238317 -0.910949
5.201381 0.098904 -0.871891
5.136104 -0.109662 -0.887766
5.120389 -0.249842 -0.907228
5.062000 -0.394115 -0.943127
5.033371 -0.477909 -0.989224
5.008680 -0.579414 -0.996166
4.985930 -0.661267 -1.046788
4.957314 -0.742347 -1.102242
4.932960 -0.864328 -1.127451
4.901369 -0.954562 -1.153201
4.884058 -0.999842 -1.135353
4.876179 -0.976409 -1.094420
4.869514 -0.963940 -1.014482
4.877912 -0.950441 -0.921940
4.876969 -0.963779 -0.868902
4.900346 -0.917315 -0.832550
4.917325 -0.941153 -0.828314
4.874879 -0.965166 -0.703016
4.886051 -0.955819 -0.639530
4.951267 -0.858277 -0.548683
5.001822 -0.772794 -0.485745
5.087788 -0.611544 -0.402902
5.134357 -0.522424 -0.358502
5.205982 -0.358331 -0.288898
5.276919 -0.244033 -0.249561
5.367387 -0.092767 -0.172506
5.474348 0.051367 -0.121071
5.583271 0.212039 -0.092279
5.661602 0.306700 -0.094275
5.751727 0.497232 -0.079856
5.817116 0.637325 -0.055116
5.902783 0.743448 -0.175436
5.964011 0.845236 -0.116074
6.057206 0.979509 -0.059094
6.158895 1.133650 -0.056703
6.252710 1.331804 0.006335
6.371426 1.508173 0.041320
6.451188 1.708265 0.116106
6.547816 1.855376 0.162275
6.595482 1.983491 0.224115
6.683053 2.122664 0.267914
6.699340 2.170060 0.284498
6.744540 2.246747 0.307737
6.751219 2.320279 0.362944
6.768577 2.374741 0.357581
6.814770 2.397643 0.317398
6.816786 2.424662 0.240117
6.789946 2.511801 0.177786
6.823777 2.581524 0.185920
6.814528 2.541441 0.136603
6.818577 2.556348 0.121126
6.857539 2.583998 0.132801
6.856574 2.573282 0.115691
6.920516 2.553541 0.132222
6.937565 2.509763 0.113531
6.944870 2.516783 0.132447
6.970780 2.483248 0.138233
6.975391 2.488503 0.151461
7.005060 2.447746 0.153752
7.006151 2.456693 0.140124
7.006151 2.456693 0.140124
7.016453 2.480511 0.080564
7.252960 2.309604 0.052265
7.089450 2.434587 -0.177368
7.143588 2.405203 -0.289372
7.218643 2.348925 -0.398061
7.299702 2.198604 -0.482962
7.307971 2.134061 -0.416626
7.310664 2.137271 -0.395022
7.303321 2.080512 -0.322157
7.299113 2.076137 -0.270774
7.329103 2.006969 -0.276727
7.351854 1.950071 -0.287975
7.419450 1.855777 -0.313757
7.440643 1.816601 -0.325797
7.466423 1.761652 -0.329459
7.470254 1.780527 -0.319873
7.458210 1.596704 -0.228484
7.461875 1.556910 -0.190668
7.405481 1.532836 -0.129997
7.324069 1.546137 -0.142382
7.279714 1.509032 -0.099411
7.132371 1.621711 -0.227001
7.042586 1.687231 -0.301003
6.910914 1.695256 -0.411815
6.775303 1.804306 -0.473014
6.626556 1.966781 -0.558610
6.600891 1.967059 -0.589159
6.580609 1.887619 -0.602193
6.582088 1.902840 -0.562126
6.542971 1.815624 -0.474303
6.500329 1.747553 -0.402088
6.476393 1.729626 -0.376419
6.360812 1.765330 -0.383205
6.220640 1.813172 -0.351457
5.719438 2.150953 -0.481876
5.583980 2.283054 -0.572284
5.550459 2.289118 -0.616299
5.452328 2.392603 -0.766822
5.328095 2.523246 -0.931482
5.219457 2.697324 -1.067165
5.166827 2.770095 -1.071754
5.068569 2.873697 -1.153007
5.030665 2.903782 -1.258970
5.036303 2.927368 -1.283521
4.865091 3.099707 -1.362961
4.691876 3.266539 -1.407763
4.515475 3.475046 -1.366147
4.412084 3.602552 -1.323354
4.360365 3.668688 -1.317278
4.233112 3.794758 -1.298671
4.073460 3.931403 -1.211735
4.089278 3.903096 -1.211878
4.070604 3.879099 -1.194236
4.052167 3.835019 -1.149372
3.896293 4.050224 -1.076085
3.856565 4.083596 -1.085435
3.642874 4.450551 -1.076777
3.528287 4.664267 -1.124734
3.467913 4.791430 -1.290513
3.441239 4.867723 -1.414197
3.412173 4.892786 -1.437271
3.394508 4.954247 -1.450002
3.310673 5.190180 -1.504661
3.176331 5.432269 -1.571712
3.055793 5.683450 -1.508538
2.895790 5.880479 -1.471557
2.797743 5.989441 -1.511901
2.741611 6.122256 -1.964988
2.810707 6.245295 -2.100709
2.755671 6.435431 -2.083642
2.643727 6.685236 -1.996819
2.606455 6.759652 -1.990291
2.480155 6.969242 -1.968672
2.402759 7.114168 -1.973773
2.281618 7.277121 -2.036397
2.224467 7.339032 -2.080147
2.176846 7.393356 -2.128780
2.155667 7.427221 -2.245379
2.171737 7.465842 -2.301952
2.135262 7.532716 -2.358099
2.096587 7.554740 -2.354995
2.118053 7.709897 -2.398019
2.081668 7.720959 -2.383652
2.073830 7.843998 -2.419999
2.067593 7.923905 -2.456200
2.014666 8.001787 -2.440714
2.020889 7.981922 -2.409892
2.002966 8.013293 -2.438997
2.014499 8.053978 -2.390070
2.064892 8.184009 -2.322026
2.139893 8.305536 -2.295427
2.090839 8.400584 -2.406305
2.065156 8.538084 -2.364988
2.057821 8.639269 -2.457692
2.053525 8.621476 -2.463922
2.000535 8.688783 -2.465149
1.986809 8.707107 -2.466181
1.998512 8.795081 -2.527187
1.993301 8.893701 -2.659552
1.893451 8.966703 -2.465689
1.875995 8.993514 -2.463430
1.867772 9.098876 -2.439553
1.872428 9.197510 -2.512169
1.895052 9.203627 -2.429909
1.858868 9.281744 -2.319519
1.854519 9.269220 -2.277204
1.848425 9.245478 -2.172093
1.851408 9.258804 -2.076927
1.764860 9.260630 -1.947712
1.786602 9.227970 -1.840035
1.793126 9.236764 -1.790589
1.813892 9.297137 -1.654812
1.781330 9.321169 -1.697981
1.776450 9.313482 -1.684864
1.806504 9.316341 -1.678824
1.806504 9.316341 -1.678824
1.841153 9.281542 -1.651669
1.955671 9.091194 -1.582703
2.048311 8.923753 -1.543734
2.283526 8.507820 -1.401800
2.395885 8.329405 -1.341811
2.658801 7.888056 -1.216220
2.745280 7.746522 -1.178625
2.922117 7.451570 -1.152344
3.189547 7.012977 -1.079507
3.388129 6.770886 -1.032702
3.527813 6.525525 -1.033556
3.615008 6.326217 -1.026094
3.651136 6.258645 -1.021288
3.890491 5.879872 -0.944142
4.062614 5.630822 -0.917307
4.170611 5.470319 -0.968970
4.169210 5.459465 -0.986065
4.342576 5.222635 -0.951314
4.446080 5.094997 -0.948895
4.554788 4.971978 -1.012474
4.568448 4.885187 -1.017359
4.653985 4.789778 -1.041832
4.747740 4.746924 -1.091227
4.822244 4.580626 -1.063269
4.935313 4.386542 -1.016518
4.931419 4.375309 -0.998816
5.000423 4.202168 -1.068081
5.001072 4.170430 -1.042656
5.077398 4.089411 -0.979075
5.108312 4.084265 -0.966982
5.159504 3.992662 -0.921322
5.141495 3.907083 -0.902309
5.174669 3.862308 -0.876079
5.248827 3.791811 -0.827043
5.205349 3.697456 -0.822540
5.299561 3.523572 -0.698418
5.371606 3.300138 -0.530727
5.437934 3.117253 -0.405082
5.565341 2.952713 -0.248838
5.574110 2.734818 -0.100676
5.563835 2.662171 -0.006709
5.668785 2.557431 0.131614
5.632931 2.392070 0.264163
5.640571 2.348576 0.376687
5.680099 2.366811 0.462425
5.570928 2.339401 0.601086
5.498986 2.395848 0.642648
5.490048 2.481952 0.767492
5.314245 2.565380 0.885290
5.308848 2.571542 0.916063
5.317805 2.531901 0.978011
5.315089 2.508282 0.986183
5.378354 2.339425 1.146929
5.446310 2.275719 1.216685
5.428063 2.101130 1.292144
5.442277 2.025966 1.383874
5.493954 1.964063 1.520753
5.429727 1.866916 1.626161
5.430606 1.892454 1.621657
5.458483 1.894670 1.731017
5.379113 1.883342 1.728295
5.291219 1.951692 1.745775
5.251747 2.057119 1.697090
5.224534 2.141793 1.672063
5.094030 2.218505 1.649384
5.036149 2.343657 1.636647
4.936456 2.465070 1.616876
4.894084 2.568253 1.588540
4.781078 2.610168 1.561352
4.687065 2.739634 1.573870
4.610229 2.901092 1.572559
4.547413 3.044697 1.541786
4.421947 3.121952 1.505553
4.344065 3.207124 1.548969
4.266898 3.309243 1.555736
4.193756 3.493127 1.545565
3.994450 3.675676 1.499822
3.916184 3.851212 1.452248
3.831154 4.045739 1.374758
3.711142 4.138950 1.365220
3.648328 4.315101 1.345275
3.582896 4.445271 1.346769
3.437812 4.586163 1.293664
3.338843 4.803214 1.202042
3.175996 4.991706 1.136288
3.137139 5.097006 1.135514
3.084712 5.143070 1.165257
3.021947 5.224595 1.200012
2.987319 5.265652 1.241878
2.904037 5.333227 1.282321
2.885301 5.409332 1.276737
2.807410 5.458655 1.260465
2.763103 5.428824 1.325307
2.845966 5.354691 1.386523
2.908821 5.230023 1.454644
2.915267 5.124243 1.499248
2.974340 5.083171 1.564592
2.987549 5.030368 1.625119
2.917709 5.024730 1.715599
2.943620 5.008130 1.691625
2.921615 5.062787 1.693272
2.821287 5.189151 1.626507
2.769950 5.267828 1.583538
2.724375 5.271254 1.572823
2.753740 5.236551 1.612899
2.796629 5.139327 1.662373
2.793783 5.082064 1.694148
2.877305 4.959504 1.746235
2.933411 4.907290 1.756437
2.997095 4.837757 1.777320
3.044206 4.753483 1.787253
3.134079 4.588163 1.771469
3.297062 4.421437 1.840746
3.428757 4.196990 1.882076
3.618364 4.007305 1.946208
3.729257 3.864077 1.947645
3.904850 3.681242 2.017200
3.996950 3.575889 1.996281
4.088723 3.440100 1.996407
4.158816 3.396870 2.030999
4.206433 3.336659 2.025428
4.353125 3.280637 2.024116
4.431842 3.197114 1.904933
4.523685 3.121972 1.819495
4.618628 3.033697 1.838548
4.673750 2.961322 1.919672
4.715648 2.965708 1.954992
4.741620 2.928660 2.005656
4.675151 3.007949 2.014183
4.686819 3.070980 2.000226
4.677904 3.127738 1.906726
4.743774 3.076442 1.805528
4.812898 2.955737 1.868264
5.007149 2.792342 2.005050
5.103489 2.702630 2.087104
5.048666 2.748517 2.041125
4.959158 2.821463 2.016512
4.897442 2.946910 2.037004
4.920293 2.932206 2.012964
4.993263 2.823325 1.983480
5.034628 2.792842 1.955287
4.954824 2.886705 1.981968
4.887320 2.924667 2.008966
4.840034 2.980181 2.052653
4.844774 2.937526 2.142242
4.989440 2.817026 2.255922
5.054854 2.781484 2.266711
5.012388 2.828844 2.155159
4.813213 2.935260 2.087254
4.621102 3.032564 2.038076
4.459750 3.136105 2.032048
4.342821 3.221117 2.066190
4.210694 3.305367 2.049976
4.017774 3.311430 2.059306
3.575284 3.234750 2.046728
3.062929 3.022392 1.968909
2.463127 2.863610 1.870307
1.980324 2.784292 1.700858
1.595663 2.722468 1.544744
1.213361 2.598563 1.392906
0.767226 2.445231 1.155187
0.382607 2.364941 0.986223
-0.030066 2.294518 0.818425
-0.373752 2.188235 0.660086
-0.608610 2.060519 0.533232
-0.646197 1.902440 0.445328
-0.671166 1.688354 0.355320
-0.759829 1.455043 0.268362
-0.925386 1.270827 0.173299
-1.136459 1.167721 0.077955
-1.337098 1.076848 -0.110272
-1.469401 1.106778 -0.444301
-1.703937 1.177276 -0.952833
-1.839281 1.235324 -1.346618
-1.919989 1.298151 -1.644513
-1.940592 1.156984 -1.955624
-1.892331 1.113936 -2.206302
-1.807993 1.050617 -2.360350
-1.563443 1.052707 -2.589336
-1.456963 1.127597 -2.765612
-1.539246 1.147439 -2.937804
-1.661615 1.130089 -3.025469
-1.733197 1.126081 -2.875687
-1.792201 1.215626 -2.952666
-1.692941 1.422597 -3.008716
-1.435647 1.528024 -3.096107
-1.167744 1.558838 -3.109412
-1.010432 1.595543 -3.190130
-1.050363 1.672000 -3.206862
-1.149583 1.815531 -3.285172
-1.169671 1.988418 -3.044790
-1.133828 2.176416 -2.808089
-1.051735 2.338985 -2.567896
-0.969479 2.510880 -2.368941
-0.931219 2.639624 -2.142961
-0.974690 2.682384 -1.997880
-0.989916 2.682403 -1.846531
-0.893205 2.675707 -1.683967
-0.702059 2.764834 -1.528181
-0.434421 2.908089 -1.329619
-0.050258 2.976805 -1.066526
0.341223 3.005512 -0.786251
0.770910 3.006633 -0.563634
1.160533 3.070637 -0.286540
1.489409 3.154067 -0.056139
1.744054 3.357030 0.160176
1.888759 3.536260 0.327898
2.061868 3.698194 0.505471
2.193746 3.797849 0.575839
2.355926 3.865840 0.732299
2.492662 3.941304 0.859266
2.545745 3.938446 0.893933
2.588365 3.959966 0.921811
2.542753 4.066486 0.959866
2.454560 4.151011 0.999089
2.390674 4.238490 1.054898
2.338673 4.271981 1.067866
2.120331 4.440718 1.009413
1.836974 4.640882 0.915561
1.652803 4.758070 0.867768
1.609367 4.790805 0.894639
1.770752 4.701450 0.950882
1.945048 4.583630 1.029178
2.165885 4.447969 1.063712
2.508232 4.276912 1.097930
2.661131 4.208642 1.091797
2.646741 4.240828 1.051243
2.570494 4.350542 1.110858
2.570977 4.345066 1.112341
2.670241 4.259209 1.073410
2.786149 4.214989 1.054973
2.766232 4.217558 1.054048
2.738592 4.232311 1.031776
2.743709 4.277377 1.017874
2.741536 4.294892 0.936298
2.790973 4.298366 0.879069
2.814600 4.299290 0.890023
2.873813 4.264122 0.854535
2.832639 4.316364 0.860544
2.756910 4.419831 0.809767
2.754469 4.435737 0.791952
2.766642 4.418324 0.769764
2.849962 4.374707 0.753346
2.949287 4.357275 0.749087
2.972007 4.333812 0.698332
2.980400 4.328140 0.645677
3.027825 4.337638 0.630466
3.076232 4.325916 0.645686
3.156156 4.280814 0.644850
3.395920 4.143382 0.664020
3.533341 4.025261 0.619222
3.667499 3.918517 0.576287
3.751542 3.873155 0.462072
3.770159 3.883508 0.369224
3.789198 3.883138 0.350639
3.802865 3.914652 0.295422
3.877132 3.873495 0.300473
3.998519 3.745300 0.267156
4.112952 3.629311 0.265602
4.148917 3.550376 0.220101
4.172851 3.538897 0.175887
4.120056 3.623530 0.129048
4.020021 3.710579 0.099232
3.959384 3.782249 0.077915
3.944979 3.797990 0.066958
3.965222 3.722652 0.010533
4.027638 3.673084 -0.042831
4.048356 3.623842 -0.065571
3.964997 3.673331 -0.115249
3.845447 3.819870 -0.066272
3.728555 3.959875 -0.061124
3.630464 4.049198 -0.106497
3.629090 4.007200 -0.204260
3.627117 3.976742 -0.305308
3.523806 4.131972 -0.410040
3.365706 4.398489 -0.448588
3.181509 4.652300 -0.384425
3.042249 4.762404 -0.297980
3.056402 4.690184 -0.315853
3.015403 4.695077 -0.284498
2.899232 4.794752 -0.261355
2.804088 4.925240 -0.201910
2.636428 5.149503 -0.083311
2.383647 5.520261 0.077512
2.203377 5.734260 0.189749
2.036972 5.817618 0.176486
2.035871 5.699901 0.123077
2.085042 5.720669 0.141012
2.021155 5.870682 0.258270
1.964847 6.099959 0.403649
1.880191 6.223630 0.513129
1.902068 6.191340 0.502353
1.965364 6.064677 0.390726
2.036481 5.956648 0.309877
2.013872 6.076844 0.440028
1.931602 6.199303 0.607597
1.818886 6.488263 0.734029
1.683505 6.677685 0.606481
1.614964 6.896909 0.476088
1.537249 6.907359 0.527215
1.526915 6.850583 0.652574
1.532214 6.857148 0.706840
1.506387 6.924634 0.770670
1.575672 6.909556 0.747025
1.541848 6.983217 0.697647
1.492524 7.061387 0.632401
1.509862 7.097493 0.643920
1.501642 7.220067 0.521208
1.457384 7.292339 0.435872
1.444920 7.311155 0.306415
1.420629 7.335722 0.174113
1.416965 7.310955 0.047512
1.398145 7.304267 -0.003273
1.411892 7.342993 -0.004591
1.403128 7.346660 -0.015631
1.366247 7.461699 -0.164554
1.420212 7.600963 -0.366859
1.357575 7.768061 -0.816821
1.347832 7.844123 -1.014653
1.365291 7.963386 -1.133717
1.331795 7.986913 -1.246574
1.331927 7.986945 -1.288440
1.312567 8.093380 -1.347561
1.280075 8.168512 -1.334451
1.264537 8.218600 -1.310720
1.242422 8.265502 -1.288510
1.215793 8.349639 -1.204118
1.234898 8.361001 -1.157703
1.246485 8.314829 -0.910439
1.108286 8.284354 -0.661804
1.118162 8.283808 -0.607124
1.129993 8.298060 -0.504453
1.063676 8.266737 -0.480190
1.056309 8.295912 -0.397072
1.074722 8.272954 -0.355583
1.161120 8.117765 -0.264357
1.288705 8.106581 -0.036112
1.353433 7.946163 0.010904
1.455076 7.766494 0.125586
1.573831 7.519433 0.177826
1.631681 7.462312 0.211183
1.851888 7.149267 0.257025
2.059330 6.993577 0.251613
2.031428 6.934880 0.260689
2.123268 6.762929 0.386183
2.260856 6.762769 0.418414
2.207052 6.765562 0.454490
2.160533 6.731464 0.418268
2.170838 6.678089 0.407778
2.274199 6.620969 0.419586
2.343411 6.583025 0.385411
2.342586 6.534586 0.366338
2.490638 6.346806 0.402015
2.646762 6.182104 0.402959
2.714949 6.049230 0.434086
2.784333 5.913399 0.473348
2.797051 5.886005 0.484578
2.826655 5.819216 0.584523
2.829330 5.678305 0.598735
2.880335 5.637700 0.593171
2.855667 5.638767 0.546352
2.733935 5.700510 0.488160
2.715668 5.761342 0.524747
2.745645 5.632559 0.537039
2.784200 5.597257 0.602163
2.728549 5.545206 0.599468
2.661556 5.542822 0.529082
2.665927 5.518804 0.553851
2.778450 5.415773 0.655435
2.829822 5.179981 0.745613
2.952154 5.002941 0.821991
3.095035 4.778308 0.834740
3.165995 4.649365 0.900321
3.278478 4.505506 0.997518
3.460141 4.272211 1.156567
3.502059 4.206603 1.169930
3.675856 4.085846 1.200769
3.670386 4.058984 1.196350
3.705879 3.855396 1.173073
3.675022 3.831334 1.143887
3.713262 3.805239 1.103487
3.675743 3.857525 1.042045
3.640278 3.909423 1.029411
3.632738 3.913518 1.020934
3.598303 3.949074 0.999760
3.638441 3.911920 1.058108
3.659870 3.860679 1.087760
3.695360 3.781909 1.146815
3.804658 3.632583 1.263161
3.968849 3.394221 1.399283
4.176503 3.196791 1.512351
4.377626 2.783394 1.577462
4.483209 2.635438 1.642280
4.520255 2.585266 1.660014
4.639334 2.407722 1.724328
4.726656 2.250929 1.760882
4.793531 2.107436 1.818691
4.880320 1.974564 1.897238
4.976411 1.791336 1.960932
5.083346 1.681275 2.020915
5.096013 1.578622 2.041935
5.049472 1.587659 2.060780
5.061955 1.573644 2.188649
5.109938 1.351855 2.439348
5.152678 1.210062 2.600816
5.190843 1.064476 2.823370
5.183917 0.924520 3.067399
5.185245 0.824371 3.263612
5.304260 0.732855 3.325526
5.305805 0.537066 3.333736
5.305182 0.439456 3.434468
5.333603 0.277997 3.562979
5.393840 0.075416 3.693087
5.312869 0.017219 3.757097
5.351091 -0.069999 3.892623
5.388308 -0.257257 4.149162
5.480718 -0.482147 4.163732
5.575172 -0.657515 4.297595
5.597297 -0.721941 4.350630
5.668312 -1.030285 4.466858
5.694592 -1.121297 4.477235
5.687187 -1.217658 4.491244
5.679255 -1.217046 4.518116
5.570460 -1.202749 4.563220
5.490608 -1.149988 4.551665
5.493717 -1.203144 4.602266
5.509933 -1.265113 4.659785
5.495431 -1.423838 4.690884
5.560688 -1.691042 4.815004
5.552911 -1.719209 4.849678
5.536111 -1.846431 4.995048
5.511256 -1.841858 5.038439
5.508742 -1.863777 5.074915
5.496769 -1.914706 5.131417
5.501463 -1.956898 5.101149
5.512405 -2.045172 5.004023
5.505969 -2.070919 4.893538
5.499015 -2.093489 4.884676
5.557671 -2.140907 4.824575
5.525189 -2.230866 4.796529
5.495205 -2.281294 4.778662
5.494348 -2.392959 4.867390
5.465767 -2.381339 4.861403
5.429139 -2.442984 4.909290
5.360763 -2.547907 4.992108
5.310319 -2.579556 5.047581
5.300003 -2.609234 5.128409
5.291592 -2.661645 5.165663
5.240651 -2.700875 5.185260
5.217906 -2.722009 5.213773
5.188215 -2.807179 5.230057
5.153093 -2.864911 5.181984
5.147837 -2.883855 5.117883
5.146223 -2.970083 4.996178
5.165857 -3.030557 4.930718
5.162541 -3.052653 4.808165
5.147370 -3.050159 4.757037
5.149193 -3.073785 4.759371
5.125921 -3.148998 4.752184
5.072805 -3.132851 4.738814
5.038874 -3.212860 4.780042
5.007739 -3.237242 4.760944
5.020016 -3.337345 4.781227
4.947906 -3.282309 4.721143
4.959838 -3.263139 4.661412
4.920376 -3.275657 4.695471
4.909422 -3.302109 4.655737
4.936579 -3.331022 4.606316
4.934114 -3.304915 4.553167
4.857458 -3.298771 4.453642
4.769818 -3.046739 4.298613
4.713558 -2.818679 4.181324
4.675396 -2.628186 4.091568
4.590235 -2.466001 3.927508
4.572858 -2.284862 3.833928
4.516933 -2.057226 3.759606
4.447969 -1.901507 3.700077
4.443297 -1.747074 3.604976
4.365732 -1.568401 3.545074
4.308930 -1.451541 3.492522
4.272558 -1.308746 3.433246
4.258947 -1.245302 3.376782
4.299909 -1.204796 3.361231
4.405752 -1.361302 3.308792
4.405508 -1.254518 3.247675
4.350563 -1.075160 3.218480
4.336347 -0.941308 3.134538
4.320589 -0.816023 2.999426
4.353766 -0.625180 2.855399
4.302129 -0.481909 2.862233
4.278932 -0.351913 2.872491
4.265047 -0.326432 2.873800
4.324237 -0.250236 2.931067
4.369391 -0.169940 2.885100
4.520802 -0.261440 3.004625
4.427808 -0.176608 3.258490
4.290324 -0.053929 3.398285
4.095371 0.127520 3.429414
4.083625 0.328472 3.441608
4.051660 0.308354 3.566785
4.097307 0.165102 3.756747
4.200885 0.073737 3.935719
4.199246 0.047348 3.961655
4.260588 0.029040 3.916277
4.382529 -0.019929 3.846894
4.511696 -0.178285 3.795706
4.550938 -0.229780 3.803673
4.760486 -0.506416 3.752162
4.942462 -0.662420 3.772188
5.030044 -0.636615 3.931797
5.085800 -0.602716 3.911260
5.204972 -0.752889 3.708493
5.277441 -0.868021 3.545252
5.321547 -0.943178 3.512828
5.396896 -1.092881 3.436631
5.439112 -1.132175 3.758799
5.483667 -1.059077 3.900113
5.560349 -0.958222 3.920391
5.667185 -0.928652 3.788691
5.805127 -0.892501 3.613560
5.961644 -0.907629 3.434474
6.047956 -0.969931 3.349861
6.151695 -0.896069 3.289846
6.206354 -0.844949 3.149424
6.248921 -0.794477 3.020216
6.353262 -0.715557 2.886648
6.395442 -0.698502 2.797458
6.440368 -0.639619 2.665112
6.520386 -0.524977 2.563413
6.557683 -0.476411 2.529805
6.626306 -0.375959 2.484052
6.700147 -0.354045 2.476066
6.707190 -0.301690 2.385139
6.744754 -0.225730 2.395828
6.771265 -0.152854 2.362558
6.767288 -0.041858 2.332282
6.822345 0.018101 2.297735
6.874567 0.070380 2.161950
6.925650 0.046209 1.998294
7.027994 -0.001302 1.915997
7.074821 -0.017840 1.823185
7.143418 0.047583 1.809117
7.156959 0.080625 1.789597
7.130492 0.139324 1.839299
7.078614 0.168652 1.883276
7.043264 0.255306 2.034660
6.945784 0.320410 2.157518
6.931978 0.374730 2.326022
6.827580 0.346620 2.407801
6.759662 0.449614 2.479497
6.716651 0.455674 2.550780
6.648121 0.433228 2.677211
6.668958 0.489687 2.786105
6.631149 0.448249 2.823918
6.643704 0.471095 2.864719
6.661304 0.480497 2.902386
6.626019 0.448283 2.987499
6.611360 0.347345 3.073639
6.625200 0.419667 3.172595
6.638918 0.516311 3.220897
6.634926 0.574780 3.154831
6.586281 0.534044 3.170996
6.545346 0.600166 3.188023
6.540103 0.552799 3.177210
6.687042 0.693697 3.249271
6.743528 0.750514 3.140964
6.582616 0.540027 2.886834
6.541434 0.471146 2.847175
6.550359 0.513852 2.829974
6.560402 0.534248 2.799938
6.633607 0.575904 2.677751
6.691934 0.610287 2.549573
6.726768 0.594021 2.363617
6.840939 0.502094 2.270985
6.831656 0.599150 2.033396
6.819927 0.687629 1.769241
6.857902 0.694675 1.546976
6.950982 0.709258 1.373757
6.986079 0.757111 1.165441
7.021394 0.765890 1.025872
7.037352 0.771465 0.940464
7.109481 0.823663 0.850846
7.074493 0.775855 0.775000
7.063627 0.756688 0.729563
7.070667 0.731193 0.713607
7.054762 0.692369 0.710924
7.047089 0.693957 0.721397
7.067189 0.696160 0.728272
7.055197 0.697552 0.752364
7.069569 0.722488 0.707324
7.070368 0.771058 0.665000
6.972576 0.854702 0.583405
6.897053 0.923905 0.502241
6.832869 1.009185 0.459447
6.792555 1.019269 0.446345
6.735789 1.100094 0.396244
6.762293 1.067914 0.364616
6.788443 1.029167 0.391115
6.792690 1.018027 0.390685
6.823444 0.973239 0.420675
6.963449 0.795120 0.550346
6.983157 0.769230 0.557201
6.888182 1.013035 0.447469
6.925548 1.076490 0.403608
6.903150 0.910521 0.415692
6.912284 0.857987 0.400161
7.032176 0.774341 0.323554
7.057314 0.729400 0.413570
7.087815 0.698892 0.425808
7.133973 0.703182 0.367973
7.142798 0.692055 0.339744
7.203590 0.695136 0.220356
7.239162 0.703848 0.142943
7.255222 0.712581 0.061680
7.266028 0.718159 -0.013990
7.305341 0.747925 -0.088472
7.265610 0.804871 -0.150039
7.254183 0.826542 -0.220619
7.307312 0.905379 -0.301452
7.337382 0.936258 -0.258013
7.339377 0.952160 -0.258040
7.153623 0.913253 -0.380498
7.106048 0.980765 -0.437153
7.015830 1.117054 -0.569996
6.974345 1.197026 -0.624110
7.024755 1.157590 -0.602375
7.094467 1.094149 -0.629057
7.137532 1.058692 -0.604917
7.262200 0.909149 -0.479392
7.296947 0.852782 -0.437445
7.304995 0.856984 -0.438412
7.440565 0.650728 -0.270920
7.439984 0.717329 -0.219691
7.295103 0.717615 -0.281795
7.282019 0.714645 -0.239037
7.286407 0.703512 -0.198461
7.277397 0.693709 -0.149225
7.332741 0.683424 -0.144485
7.333741 0.669992 -0.163693
7.345400 0.658789 -0.162150
7.391972 0.690505 -0.151440
7.346834 0.582332 -0.230946
7.352349 0.582728 -0.294402
7.406125 0.521139 -0.219592
7.402622 0.539093 -0.230853
7.385965 0.598310 -0.239895
7.371391 0.571777 -0.291200
7.377515 0.565382 -0.267527
7.416129 0.548875 -0.240165
7.420985 0.532879 -0.214992
7.373858 0.535213 -0.254154
7.392845 0.552487 -0.266642
7.421582 0.564505 -0.313127
7.406269 0.500554 -0.339064
7.424344 0.510450 -0.358284
7.400103 0.493411 -0.343968
7.393505 0.563133 -0.311871
7.415921 0.659232 -0.414110
7.359876 0.667125 -0.311415
7.361785 0.772864 -0.254977
7.341482 0.747656 -0.246589
7.301284 0.782288 -0.166615
7.268930 0.826258 -0.148264
7.230259 0.897813 0.057206
7.158642 0.944463 0.175165
7.131801 0.965609 0.239152
7.120384 1.063634 0.359334
7.083106 1.084331 0.436046
7.039291 1.178822 0.607690
6.982618 1.171505 0.617826
6.994452 1.245412 0.634056
6.972176 1.214489 0.649571
7.003874 1.257405 0.668184
6.994371 1.312091 0.662893
6.975512 1.430999 0.608101
6.984819 1.591151 0.527991
6.991574 1.661814 0.504109
6.997225 1.682441 0.475964
7.052140 1.678136 0.307379
7.062206 1.747093 0.257797
7.043105 1.902519 0.266556
7.018481 2.025549 0.290747
6.993527 2.162890 0.302472
6.971866 2.173562 0.297930
6.969772 2.238694 0.280455
6.999229 2.273431 0.156901
6.956220 2.350461 0.230257
6.926101 2.339938 0.332915
6.862046 2.470424 0.458849
6.791079 2.604436 0.514115
6.755043 2.674804 0.561525
6.854420 2.659060 0.594290
6.817329 2.618907 0.549045
6.799584 2.626450 0.568938
6.795121 2.659786 0.699008
6.703397 2.763744 0.857765
6.605581 2.929827 1.100938
6.547375 2.971664 1.303082
6.581953 2.924709 1.399183
6.588199 2.885549 1.397432
6.691688 2.819568 1.466019
6.589824 2.932942 1.515935
6.514702 3.028092 1.624953
6.490871 3.066067 1.660551
6.468845 3.115445 1.667878
6.459966 3.137260 1.780991
6.500954 3.069571 1.745110
6.537892 3.031350 1.672071
6.544159 3.083122 1.571070
6.444820 3.106930 1.600557
6.378503 3.095522 1.597190
6.339520 3.148241 1.619871
6.329170 3.187624 1.623624
6.427086 3.169709 1.581311
6.470617 3.106960 1.536545
6.570957 3.089499 1.504915
6.560570 3.049170 1.481276
6.372940 2.988384 1.481356
6.273342 2.924821 1.517242
6.205935 2.862428 1.518731
6.239307 2.977187 1.589779
6.317449 3.027850 1.564918
6.389139 3.019457 1.513407
6.355714 3.016647 1.528886
6.260029 3.033300 1.586480
6.112065 3.002937 1.624657
6.020441 3.140195 1.724944
6.052792 3.169777 1.713147
6.129479 3.247936 1.663824
6.277497 3.314036 1.639130
6.281812 3.297305 1.588043
6.230174 3.423359 1.621569
6.182874 3.417675 1.697499
6.119954 3.489811 1.790469
6.063538 3.637305 1.927978
5.992216 3.665732 1.994803
5.993417 3.749179 2.080122
5.982342 3.848549 2.106502
5.885260 3.913074 2.090322
5.870934 3.929029 2.102092
5.833036 3.977192 2.081615
5.827556 4.003654 2.095518
5.823605 4.061217 2.115119
5.819750 4.076458 2.085714
5.834169 4.069846 2.024992
5.942731 4.094576 2.048311
5.950083 3.932312 2.085958
5.847107 3.894072 2.057941
5.828427 3.915963 2.146782
5.778580 3.941916 2.181045
5.754978 3.951808 2.244742
5.757509 3.937521 2.301050
5.759568 3.949127 2.337578
5.806889 4.012320 2.341247
5.786433 3.933175 2.292235
5.784365 3.913004 2.239226
5.780526 3.935926 2.173659
5.774560 3.954899 2.124221
5.779653 3.949996 2.085585
5.773561 3.939171 2.037921
5.769482 3.949432 2.019749
5.733346 3.934907 2.030400
5.738196 3.952625 2.037432
5.742565 3.980598 2.044952
5.741809 3.925360 2.001123
5.720786 3.934190 2.000518
5.712620 3.942651 1.972493
5.738867 3.921061 1.961093
5.723118 3.946248 1.925080
5.698616 3.981775 1.873477
5.684563 4.057436 1.878983
5.685539 4.024553 1.824784
5.673258 4.000450 1.777287
5.695853 3.996521 1.725135
5.709899 4.007127 1.683767
5.704975 4.036567 1.635887
5.732643 4.059196 1.565417
5.729348 4.057822 1.481182
5.721753 4.064200 1.465480
5.749739 4.072333 1.436967
5.763372 4.085826 1.411683
5.766416 4.078398 1.363252
5.777385 4.079486 1.352484
5.886726 4.115383 1.381259
5.753312 4.102312 1.320638
5.754901 4.114339 1.350388
5.766733 4.099605 1.345803
5.773232 4.143255 1.384840
5.782573 4.118634 1.451317
5.788657 4.146874 1.501182
5.789102 4.154975 1.544255
5.781372 4.136658 1.567748
5.810027 4.170140 1.552177
5.815731 4.191608 1.559398
5.821208 4.219704 1.565302
5.821608 4.223394 1.530525
5.812207 4.231041 1.570851
5.847376 4.282569 1.544487
5.888587 4.291329 1.325162
5.953847 4.316574 1.134471
6.120401 4.292062 1.093739
6.144905 4.311122 0.999345
5.959609 4.462812 0.735804
5.967433 4.535174 0.598023
6.028816 4.505672 0.506402
6.130597 4.506314 0.373616
6.148267 4.527625 0.366229
6.167873 4.495384 0.375478
6.211211 4.468640 0.389590
6.233994 4.422439 0.418549
6.217098 4.434335 0.377749
6.226495 4.460706 0.354723
6.254425 4.410960 0.325822
6.297431 4.419124 0.251219
6.299960 4.445894 0.059784
6.381685 4.408506 -0.040781
6.458378 4.401176 -0.192772
6.516247 4.312032 -0.266313
6.548299 4.297370 -0.281212
6.545866 4.260060 -0.215554
6.526000 4.262764 -0.135869
6.685186 4.089664 0.028468
6.574459 4.120680 0.053425
6.543848 4.021348 0.122163
6.598864 3.881848 0.249543
6.588259 3.792514 0.291897
6.594364 3.759910 0.341942
6.625007 3.743275 0.391122
6.634466 3.668915 0.412777
6.698315 3.539178 0.397937
6.736158 3.448522 0.403835
6.796007 3.331552 0.423837
6.846917 3.223191 0.453637
6.822081 3.174636 0.516697
6.810312 3.141871 0.569933
6.896190 3.025740 0.668084
6.804552 2.917295 0.735354
6.826925 2.813705 0.763581
6.829715 2.721270 0.808444
6.854408 2.651291 0.867542
6.835226 2.641976 0.876365
