x y z
-0.215611 -0.600576 1.422946
-0.218827 -0.610758 1.436436
-0.184571 -0.498528 1.105496
-0.161711 -0.379179 0.871448
-0.211572 -0.516595 1.135220
-0.211297 -0.710452 1.274829
-0.212473 -0.674897 1.308482
-0.213759 -0.562130 1.335326
-0.088862 -0.511964 1.257745
-0.081893 -0.543010 1.289442
-0.111155 -0.527061 1.261216
-0.100873 -0.590725 1.276113
-0.124278 -0.459782 1.146407
-0.203595 -0.628695 1.487463
-0.188683 -0.622391 1.404769
-0.134758 -0.630320 1.166681
-0.107626 -0.657029 1.068063
-0.034362 -0.693898 0.803911
-0.005113 -0.741357 0.697761
0.020520 -0.691583 0.723009
0.039493 -0.698557 0.795374
0.041563 -0.726640 0.920625
0.037178 -0.705047 1.066101
0.079661 -0.698111 1.079878
0.173243 -0.642724 1.106024
0.259780 -0.617520 1.132605
0.301733 -0.574454 1.165892
0.329524 -0.508974 1.184862
0.189490 -0.487202 1.109634
-0.101406 -0.500203 1.021686
-0.163277 -0.460693 1.042697
0.001211 -0.400233 1.079742
0.233156 -0.423853 1.112219
0.443293 -0.645760 1.177354
0.623202 -0.779209 1.210876
0.661008 -0.811296 1.187686
0.678899 -0.825763 1.271051
0.721054 -0.778854 1.390951
0.603109 -0.662020 1.461698
0.403816 -0.467086 1.362209
0.224210 -0.267485 1.176154
0.157873 -0.147495 1.121287
0.177169 -0.011003 1.085044
0.168481 0.001121 1.021528
0.107098 0.013053 1.050506
0.016189 -0.160668 1.112355
0.037992 -0.261456 1.186373
-0.012613 -0.397015 1.211036
-0.383120 -0.510378 1.407406
-0.347907 -0.482468 1.519636
-0.282957 -0.470549 1.476594
-0.125529 -0.406592 1.398224
0.026985 -0.324343 1.395834
0.146203 -0.125003 1.330437
0.104017 -0.111350 1.244900
0.081098 -0.137637 1.200295
-0.050621 -0.164218 0.947104
-0.087003 -0.170090 0.750080
-0.076061 -0.278974 0.796818
-0.097195 -0.326780 0.819819
-0.038667 -0.421307 0.948345
0.169217 -0.407685 1.134857
0.445171 -0.157745 1.418294
0.504591 -0.120387 1.438657
0.516901 -0.057136 1.492286
0.436480 -0.044761 1.497157
0.561984 -0.166843 1.541826
0.646737 -0.136287 1.564733
0.692159 -0.204938 1.549868
0.573808 -0.239910 1.499798
0.365255 -0.261189 1.436225
0.077311 -0.424711 1.510322
0.004453 -0.374116 1.516846
-0.100935 -0.449893 1.552889
-0.178121 -0.434004 1.562015
-0.056408 -0.405246 1.555263
-0.065462 -0.426747 1.486259
-0.060127 -0.336211 1.343159
-0.080672 -0.371736 1.238638
-0.045605 -0.334492 1.062445
-0.017483 -0.342625 1.051847
-0.007410 -0.390394 0.975532
0.056251 -0.328476 0.875407
0.105645 -0.431215 0.926798
0.118270 -0.390704 0.906390
0.200849 -0.275398 0.909081
0.234094 -0.304966 0.907654
0.205490 -0.221542 0.853503
0.186422 -0.292071 0.893413
0.106079 -0.396769 0.934543
0.055255 -0.395144 1.052999
0.025949 -0.450585 1.063132
0.000535 -0.410722 1.061691
0.058313 -0.376030 1.093572
0.165635 -0.482018 1.145694
0.279971 -0.423285 1.275762
0.136759 -0.546657 1.300685
0.119707 -0.497285 1.324052
0.079710 -0.422756 1.298828
-0.154231 -0.542422 1.282212
-0.333743 -0.302132 1.444178
-0.319672 -0.308339 1.474032
-0.274458 -0.264002 1.500025
-0.155411 -0.247948 1.603110
0.127097 -0.604854 1.614866
0.139385 -0.728625 1.603073
0.270457 -0.839435 1.560771
0.334320 -0.850622 1.404610
0.070374 -0.472637 1.052518
-0.081868 -0.404814 0.953578
-0.449618 -0.098434 0.871113
-0.680790 0.257388 0.889434
-0.875298 0.527002 0.985960
-1.104794 0.762422 1.127575
-1.406674 0.568851 1.398897
-1.194798 0.310590 1.624460
-0.493054 0.053804 1.845144
0.248751 -0.541865 2.120907
0.762675 -1.129489 2.328773
0.850100 -1.132156 2.312357
0.788503 -1.098583 2.200084
0.457198 -0.896484 1.983618
-0.596162 0.049786 1.625994
-0.645568 0.249636 1.603391
-0.605095 1.107966 1.546890
-0.586944 1.387141 1.543941
-0.507981 1.390878 1.440141
-0.430783 1.302107 1.387925
-0.210836 0.853777 1.236065
0.013215 0.338726 1.146305
0.490289 -0.991784 1.253330
0.495381 -1.122488 1.245491
0.023063 -1.152065 1.211638
-0.627283 -0.263268 1.123541
-0.775207 0.849702 1.534466
-0.810215 0.809212 2.013304
-0.787523 0.185755 2.022137
-0.692188 -0.415776 1.843321
-0.604045 -0.612316 1.751471
-0.505865 -1.040785 1.214448
-0.555372 -0.969904 1.102179
-0.740009 -0.671484 0.805501
-0.706210 0.336281 0.741000
-0.714765 0.474453 0.790483
-0.802759 0.585754 0.960385
-0.936678 0.455565 1.382958
-0.970780 0.134803 1.439409
-0.842715 -0.568787 1.655296
-0.672353 -1.393800 1.808170
-0.375769 -2.251295 1.956828
-0.214882 -2.105201 1.964471
0.190728 -1.494914 2.044439
0.128645 -0.301093 1.667045
-0.143117 0.065206 1.489108
-1.131836 0.605282 0.916151
-1.647031 0.821578 0.585585
-0.634104 0.521614 0.744459
-0.336548 0.250064 0.788529
-0.203665 -0.748722 0.796319
-0.404685 -1.726228 0.706023
-0.563914 -1.883610 0.602219
-0.773824 -1.820747 0.387776
-0.667188 -1.173052 0.330202
-0.446274 -0.814182 0.865457
-0.458816 -0.892771 1.004381
-0.694443 -0.987610 1.103060
-0.800045 -1.011867 0.994068
-1.043350 -0.952097 0.812444
-1.112611 -1.074411 0.760323
-0.785654 -1.132166 0.889672
-0.390322 -0.839620 1.100922
-0.635729 -0.817229 0.803737
-0.584983 -0.678608 0.271244
-0.007412 -1.087106 -0.140733
0.454998 -1.571545 0.001172
0.467989 -1.618929 0.346867
0.569535 -1.331905 0.471754
0.755191 -1.036304 0.785071
0.542729 -1.170485 0.954155
0.611301 -1.249865 1.161050
0.977411 -1.342907 1.504884
1.085365 -1.583113 1.857047
0.965088 -1.653281 2.082241
1.218845 -1.667144 2.211266
1.854770 -1.491241 2.476652
2.235425 -1.310672 2.500291
2.224647 -1.274409 2.181115
1.973888 -1.186524 1.910887
1.556143 -1.212411 1.927819
1.158766 -0.984954 1.966978
1.076636 -0.698185 2.219506
0.962290 -0.743876 2.291529
0.674956 -0.836971 2.033583
0.460868 -0.640348 1.580283
0.092514 -0.351641 1.003438
-0.093490 -0.265216 0.773422
0.191122 -0.500925 0.751561
0.568935 -0.759899 0.906421
0.472904 -0.725215 0.795754
0.190640 -0.444894 0.715946
0.141553 -0.211345 0.899002
0.166832 -0.259705 1.185056
0.164249 -0.437038 1.366413
0.155742 -0.483141 1.352755
0.155742 -0.483141 1.352755
-0.190917 -0.797591 1.313420
-0.257770 -0.864474 1.276862
-0.372951 -0.964085 1.282795
-0.557306 -1.020331 1.143094
-0.685988 -0.881388 1.047476
-0.818573 -0.785885 0.850219
-0.939410 -1.073629 0.731851
-1.024268 -1.427136 0.755025
-1.153035 -1.692135 0.761911
-1.323330 -1.749548 0.761198
-1.296608 -1.749403 0.837792
-1.192361 -1.605086 1.031709
-0.905766 -1.598637 1.187601
-0.591369 -1.677519 1.283462
-0.343964 -1.667762 1.355015
-0.168474 -1.709221 1.278664
-0.226038 -1.753598 1.013716
-0.427140 -1.710548 0.608222
-0.477353 -1.659972 0.418779
-0.420358 -1.475473 0.437452
-0.205053 -1.246557 0.707735
0.055446 -1.143773 0.977487
0.194174 -1.096914 1.156611
0.312040 -1.129029 1.264676
0.347102 -1.213998 1.269479
0.351167 -1.193537 1.284657
0.432467 -1.183025 1.268466
0.494019 -1.457776 1.415087
0.307232 -1.483863 1.522951
-0.064273 -1.225430 1.372786
-0.235538 -0.923756 1.183403
-0.334215 -0.691690 1.039631
-0.265483 -0.700393 0.866721
-0.145279 -0.913688 0.564542
-0.105774 -0.887420 0.284816
-0.076638 -0.844557 -0.053168
-0.092380 -0.819493 -0.084838
-0.092631 -0.823584 -0.117237
0.148226 -0.398897 0.100095
0.584231 -0.644796 0.598762
0.933878 -1.084283 1.046037
1.190218 -1.616435 1.500931
1.116633 -1.912971 1.751965
0.742946 -1.793740 1.923294
0.147612 -1.168202 1.846291
-0.462684 -0.325311 1.603632
-0.914486 0.137974 1.347969
-1.356023 0.182051 1.059438
-1.656119 -0.181623 0.747609
-1.612841 -0.764495 0.674308
-1.373077 -1.023149 0.747426
-1.001536 -1.206775 0.810176
-0.568967 -1.032091 1.028681
-0.590852 -0.923679 1.002377
-0.585865 -1.107452 0.814077
-0.763390 -1.546886 0.536546
-0.978829 -1.695334 0.397936
-1.181951 -1.423623 0.410220
-1.211498 -0.666220 0.596151
-0.871630 -0.121239 0.866887
-0.500514 -0.184293 1.186113
0.124786 -0.755021 1.568672
0.509772 -1.438430 1.657130
0.516590 -1.904977 1.410246
0.501742 -2.105283 1.121538
0.644172 -1.805067 0.936332
0.767995 -1.526887 0.907939
0.893284 -1.243272 1.023287
0.731780 -0.928383 1.090459
0.098777 -0.882582 0.835291
-0.221791 -0.655252 0.663194
-0.473842 -0.305471 0.372401
-0.729998 -0.222168 0.213596
-0.931474 -0.337478 0.264939
-1.024941 -0.387695 0.504758
-1.076102 -0.710405 0.794763
-1.087895 -0.902049 1.092272
-1.030473 -1.118786 1.407277
-0.948971 -1.734502 1.640190
-0.699696 -2.056425 1.796085
-0.403460 -2.355663 1.807422
-0.195478 -2.728179 1.420997
-0.027627 -2.803387 1.002920
0.202225 -2.693358 0.627762
0.224684 -2.404513 0.158506
0.080728 -2.303133 -0.139901
-0.205579 -2.065681 -0.157732
-0.406899 -1.798073 -0.108827
-0.294535 -1.568652 0.191559
-0.005429 -1.376562 0.668496
0.234750 -1.699257 1.169009
0.592244 -2.349631 1.865438
1.020515 -2.797402 2.238695
1.455731 -2.941872 2.418208
1.643340 -2.973170 2.334183
1.462836 -2.880759 2.045962
1.327751 -2.803959 1.904434
0.886975 -2.524679 1.430249
0.425612 -2.067177 0.910147
0.001451 -1.528202 0.449143
-0.471632 -1.048835 -0.020978
-0.738477 -0.792062 -0.261225
-0.747308 -0.769751 -0.203193
-0.573644 -1.027135 0.057309
-0.423048 -1.590943 0.463498
-0.248269 -2.086779 0.852481
-0.193141 -2.248345 0.935599
0.171333 -2.588835 1.258814
0.157245 -2.739920 1.383476
0.074538 -2.843265 1.414016
-0.091065 -2.759552 1.328273
-0.252964 -2.497897 1.186899
-0.386807 -2.175116 1.031449
-0.530497 -1.842080 0.785149
-0.575691 -1.611623 0.584308
-0.467710 -1.290673 0.465386
-0.390352 -1.226442 0.470676
-0.066788 -1.054048 0.557443
0.179059 -1.119170 0.703448
0.173295 -1.344184 0.792811
0.298585 -1.547976 0.945567
0.377447 -1.728432 1.031747
0.420049 -1.795759 1.083633
0.530293 -1.874230 1.303245
0.412628 -1.942278 1.266768
0.325093 -2.018874 1.238095
0.146043 -2.024734 1.125382
0.013526 -1.627179 1.060893
0.004064 -1.458703 1.098982
0.045758 -1.241558 1.147067
0.091162 -1.133754 1.169096
0.180294 -0.877599 1.140891
0.298706 -0.586331 1.139639
0.419647 -0.402968 1.182203
0.467267 -0.431302 1.238608
0.347760 -0.671552 1.130033
0.131502 -0.837909 0.969726
-0.033639 -0.937524 0.836685
-0.160450 -0.986076 0.844699
-0.195661 -1.047866 0.899225
-0.189453 -1.060696 0.918097
-0.133696 -1.031979 0.997294
-0.070807 -1.062963 1.079716
0.025526 -1.150174 1.281072
0.291996 -1.168248 1.699852
0.522132 -1.086522 1.894611
0.793801 -0.997519 1.996784
1.091047 -0.929513 2.075188
1.316653 -0.790626 2.023708
1.507631 -0.757801 1.844790
1.541999 -0.601099 1.599551
1.493679 -0.517506 1.293909
1.302013 -0.345027 0.839052
1.179873 -0.265390 0.508798
1.059232 -0.341097 0.328232
0.945639 -0.375207 0.276260
0.873424 -0.451809 0.321613
0.786611 -0.427521 0.485799
0.728597 -0.486760 0.634613
0.673546 -0.575819 0.780261
0.685239 -0.642553 0.992684
0.677027 -0.861390 1.139282
0.633964 -1.018000 1.205448
0.596573 -1.119705 1.075539
0.525642 -1.219128 0.838276
0.374648 -1.217872 0.512746
0.224152 -1.199637 0.074729
0.179138 -1.089397 -0.223211
0.175183 -1.058003 -0.559734
0.233593 -1.099715 -0.635507
0.420975 -1.058349 -0.440175
0.574173 -1.159065 -0.195544
0.748863 -1.265039 0.106363
0.997182 -1.414230 0.394542
1.164337 -1.578269 0.669826
1.246383 -1.589750 0.791147
1.318811 -1.656232 0.896230
1.469992 -1.634254 1.078082
1.702307 -1.752148 1.286147
1.800045 -1.773965 1.399155
1.826012 -1.734724 1.469872
1.841066 -1.652891 1.381254
1.730379 -1.528086 1.264226
1.602445 -1.273284 1.069403
1.442736 -1.167775 0.919355
1.244411 -1.002326 0.868225
0.998859 -0.691379 0.861173
1.002729 -0.517341 1.004249
1.092554 -0.574449 1.135959
1.106240 -0.523158 1.067134
1.186120 -0.488791 0.943841
1.350362 -0.704756 0.877760
1.325667 -0.795218 0.810122
1.074772 -0.943956 0.695940
0.491912 -0.955532 0.557502
0.246705 -0.755276 0.413060
0.253638 -0.743532 0.402831
0.303549 -0.713499 0.535353
0.523574 -0.912155 0.705427
0.674061 -1.152832 1.022106
0.694872 -1.317985 1.087776
0.660602 -1.480020 1.010547
0.661454 -1.358554 0.905518
0.513713 -1.451217 0.679655
0.568743 -1.472777 0.676664
0.809902 -1.530339 0.727536
0.857150 -1.640423 0.740038
0.896634 -1.773887 0.731354
1.013682 -1.630991 0.775625
1.093431 -1.589626 0.938315
1.198974 -1.531722 1.043710
1.167673 -1.552982 1.077642
1.031365 -1.274636 1.289490
1.044862 -1.250506 1.360105
1.318773 -1.137640 1.529198
1.547295 -1.005686 1.632298
1.577864 -1.060503 1.769884
1.430095 -1.007626 1.845219
1.211143 -1.182179 1.749328
1.114069 -1.059169 1.619588
1.111457 -0.979296 1.500154
0.991019 -0.820968 1.111667
0.914401 -0.725820 0.968808
0.813201 -0.818287 0.750499
0.842482 -0.799692 0.649757
0.961321 -0.573597 0.510391
0.971855 -0.514560 0.477734
1.107839 -0.352854 0.576672
1.172501 -0.351168 0.817735
1.177800 -0.303505 0.887375
1.226878 -0.172266 1.247713
1.295589 0.040374 1.576395
1.423557 -0.027389 1.820188
1.460153 0.038435 2.021961
1.422203 0.050191 2.135158
1.396085 0.007543 2.191287
1.109324 0.291866 2.050675
0.886113 0.375296 1.816587
0.639376 0.557914 1.553657
0.477285 0.662029 1.244188
0.364697 0.773111 0.907282
0.379552 0.821901 0.777865
0.426745 0.804089 0.694090
0.649649 0.673111 0.533176
0.062683 0.807642 0.427148
-0.682959 1.161702 0.355141
-1.162558 1.594594 0.236412
-1.282549 1.645484 0.114092
-1.256090 1.743739 0.001046
-1.233237 1.684502 -0.108449
-1.471025 1.487275 -0.144013
-1.610019 1.317119 -0.281011
-1.595326 1.131920 -0.439207
-1.516953 1.140624 -0.563388
-1.479519 0.990273 -0.622532
-1.429684 0.769166 -0.557903
-1.216601 0.600912 -0.468109
-0.732469 0.482899 -0.433730
-0.267287 0.513588 -0.197851
0.032911 0.496764 0.139556
0.257332 0.376467 0.389675
0.365107 0.326542 0.542949
0.361940 0.355683 0.515481
0.338783 0.518806 0.595051
0.296173 0.580370 0.706848
0.325829 0.447541 0.885178
0.374823 0.213383 0.988583
0.478787 -0.072951 1.040774
0.571833 -0.324421 1.168825
0.500205 -0.338908 1.207184
0.408609 -0.275581 1.172003
0.314627 -0.207414 1.132425
0.266222 -0.231704 1.042082
0.269851 -0.302814 1.065837
0.264562 -0.292298 0.994095
0.459322 -0.300440 0.828827
0.798901 -0.295296 0.678958
0.974609 -0.447327 0.429422
0.869159 -0.497413 0.251834
0.543543 -0.559081 0.019454
0.381026 -0.687121 -0.252299
0.361838 -0.748332 -0.462862
0.349782 -0.850268 -0.479806
0.256021 -1.015165 -0.263642
0.261031 -1.165562 0.067006
0.342597 -1.552223 0.453781
0.616760 -1.824222 0.760163
1.089307 -2.224550 1.011903
1.358488 -2.631925 1.202447
1.420487 -2.925678 1.286621
1.326732 -3.162349 1.200964
1.287655 -3.113946 1.011528
1.300553 -3.088699 0.809601
1.193884 -2.923197 0.658154
1.087215 -2.611928 0.579356
1.028619 -2.538589 0.579800
0.982092 -2.392215 0.633501
0.995902 -2.214109 0.662055
0.924580 -2.009379 0.814719
0.860589 -1.820750 0.896912
0.652390 -1.639792 0.964589
0.375468 -1.288433 1.041273
0.232482 -0.999945 1.055628
0.064154 -0.783026 1.180826
0.038263 -0.607250 1.308129
-0.004595 -0.531625 1.377745
-0.061726 -0.507093 1.411288
-0.160730 -0.481101 1.338781
-0.299869 -0.551899 1.230768
-0.358874 -0.561829 1.152901
-0.183345 -0.675507 0.967084
0.159462 -0.758492 0.865847
0.434939 -0.914379 0.765860
0.561142 -1.060058 0.676324
0.660929 -1.015526 0.648261
0.726964 -0.950043 0.575329
0.606369 -0.827139 0.569836
0.590938 -0.682064 0.558660
0.461039 -0.627324 0.547858
0.430651 -0.330985 0.415714
0.363136 -0.210442 0.295183
0.369836 0.109308 0.225919
0.420403 0.462076 0.092620
0.444401 0.745884 0.044368
0.327499 1.081296 -0.013766
0.345422 1.214152 -0.095866
0.333357 1.307834 -0.128975
0.282647 1.311692 -0.186088
0.289796 1.319571 -0.197620
0.334368 1.464104 -0.243732
0.245887 1.398143 -0.287439
0.108486 1.287843 -0.145420
-0.002158 0.987126 -0.004788
0.067819 0.742306 0.193257
0.356797 0.484677 0.445865
0.520651 0.230746 0.626957
0.546979 0.058768 0.860811
0.530390 -0.070532 0.968439
0.545385 -0.116105 1.134456
0.706836 -0.067160 1.233505
0.800305 -0.073696 1.337632
0.815995 -0.120661 1.373662
0.671805 -0.195071 1.384179
0.513024 -0.119466 1.324878
0.388625 0.070189 1.225825
0.336729 0.265011 1.197241
0.273386 0.290418 1.152124
0.180376 0.266434 1.171862
0.094988 0.157603 1.136512
0.055495 0.073377 1.123839
0.080192 -0.080445 1.144483
0.102692 -0.310450 1.218196
0.122626 -0.540577 1.231404
0.172114 -0.729438 1.226289
0.185386 -0.954940 1.225040
0.170347 -1.115015 1.238402
0.173242 -1.288279 1.272106
0.256329 -1.332500 1.204936
0.313089 -1.293128 1.183860
0.235973 -1.206951 1.141430
-0.022771 -1.112996 1.123629
-0.317044 -1.105363 1.055854
-0.372199 -0.996275 1.033507
-0.304858 -0.930715 0.965541
-0.112890 -0.869060 0.952438
0.183796 -0.879748 1.008517
0.375891 -1.045360 0.988498
0.664139 -1.169103 0.921534
0.875659 -1.128994 0.843317
0.892708 -1.090949 0.847228
0.892708 -1.090949 0.847228
1.091645 -0.950190 0.902399
1.091645 -0.950190 0.902399
0.955270 -0.948897 1.010924
0.684078 -0.935932 1.267211
0.684078 -0.935932 1.267211
0.736123 -0.719083 1.444928
0.861820 -0.796460 1.483047
0.928567 -0.695074 1.389136
0.843072 -0.585252 1.228860
0.896308 -0.566356 1.142238
1.050717 -0.402927 0.965790
1.184712 -0.401521 0.884196
1.220828 -0.531701 0.829114
1.188084 -0.652570 0.798072
1.195258 -0.705391 0.774604
1.139281 -0.742135 0.838681
1.047829 -0.690368 0.900369
0.833974 -0.619567 0.939320
0.537112 -0.637020 0.948103
0.382994 -0.762589 0.975115
0.371619 -0.930173 0.944115
0.574342 -1.161929 0.897049
0.847529 -1.419371 0.799058
1.121148 -1.788339 0.698111
1.268112 -2.020843 0.590796
1.140317 -1.951919 0.490267
0.762633 -1.592879 0.417453
0.299695 -1.389013 0.523003
0.033751 -1.266590 0.697288
-0.123416 -1.131008 0.698015
-0.053446 -1.026366 0.653398
0.049026 -0.918659 0.619122
0.161039 -0.932315 0.532496
0.269193 -1.075665 0.531161
0.400808 -1.248322 0.514104
0.536761 -1.432303 0.515964
0.619807 -1.551924 0.552776
0.597506 -1.636546 0.636501
0.457588 -1.631779 0.726709
0.353254 -1.560594 0.795190
0.253930 -1.408309 0.881861
0.177010 -1.211172 0.961130
0.082811 -1.041033 0.916256
-0.140601 -0.832794 0.795019
-0.389725 -0.677897 0.641253
-0.529054 -0.565864 0.503819
-0.643323 -0.494138 0.337960
-0.678836 -0.495982 0.218030
-0.698190 -0.594788 0.075555
-0.753564 -0.743333 -0.012063
-0.768439 -0.801646 -0.025131
-0.813701 -1.024439 -0.047605
-0.813895 -1.078471 -0.001300
-0.782786 -1.114717 0.038690
-0.771919 -1.255828 0.081208
-0.663036 -1.464766 0.157013
-0.642463 -1.627885 0.216065
-0.612402 -1.687698 0.324633
-0.595478 -1.680944 0.376465
-0.593949 -1.610269 0.440325
-0.545374 -1.459349 0.536279
-0.534907 -1.332012 0.604889
-0.529760 -1.356348 0.654733
-0.399936 -1.439848 0.666634
-0.156263 -1.281966 0.746614
-0.018040 -1.303586 0.700663
0.100872 -1.405286 0.649386
0.093314 -1.553522 0.626716
0.001094 -1.898912 0.656349
-0.081124 -2.083629 0.696219
-0.167547 -2.078337 0.794190
-0.250168 -2.136780 0.928064
-0.350601 -2.206215 1.028785
-0.490719 -2.289698 1.095400
-0.586951 -2.391494 1.108497
-0.613390 -2.370781 1.111794
-0.548346 -2.255713 1.071223
-0.315475 -2.163357 1.136341
-0.279042 -1.945126 1.134519
-0.705979 -1.878082 1.003200
-1.222645 -1.685769 0.838623
-1.557032 -1.545532 0.648354
-1.534168 -1.581582 0.569527
-1.313089 -1.695611 0.582407
-1.117572 -1.891421 0.569032
-0.904469 -2.041580 0.546625
-0.934462 -2.175039 0.478573
-1.233116 -2.222559 0.474487
-1.631527 -2.143647 0.401686
-1.825285 -2.090988 0.355841
-1.745150 -2.134818 0.462635
-1.427060 -2.202313 0.623248
-0.953139 -2.204961 0.812329
-0.715627 -2.014628 0.951690
-0.771277 -1.781397 0.895533
-0.825035 -1.582082 0.767410
-0.788444 -1.306890 0.661213
-0.497121 -1.238983 0.589140
-0.273594 -1.174868 0.640018
-0.105422 -1.207711 0.691902
-0.164083 -1.117524 0.871687
-0.102614 -0.978242 1.076952
0.097538 -0.892232 1.196155
0.267481 -0.877672 1.368336
0.476503 -0.922539 1.388120
0.599939 -0.860884 1.400075
0.804136 -0.734302 1.253687
0.812604 -0.709433 1.238706
0.866585 -0.713958 1.206431
0.939463 -0.351601 1.089080
0.934516 -0.023642 0.794223
0.797321 0.157949 0.647710
0.788661 0.328284 0.547142
0.892346 0.613397 0.495462
1.060395 0.612585 0.482571
1.138554 0.705342 0.575562
1.147970 0.757480 0.557890
0.977862 0.920260 0.651769
0.961515 1.031079 0.668084
1.028939 1.065486 0.635516
1.348977 0.893187 0.599406
1.593639 0.575394 0.552910
1.709179 0.077767 0.473582
1.459045 -0.245109 0.332389
0.738734 -0.252790 0.166249
0.108783 0.079600 -0.007729
0.058433 0.303409 0.037676
0.356027 0.310782 0.180964
1.256408 -0.043986 0.598987
1.825768 -0.460603 0.822582
1.739786 -0.711304 0.783842
1.345497 -0.893309 0.625662
0.963014 -0.894292 0.480467
0.918097 -0.782482 0.498169
1.133736 -0.664782 0.645979
1.674541 -0.490927 0.967091
2.121737 -0.349763 1.232212
2.213018 -0.280248 1.308240
2.069234 -0.132697 1.245303
2.035713 -0.116522 1.237398
1.975232 -0.083171 1.203171
1.607888 0.092418 1.103781
1.182981 0.287358 1.116534
0.818927 0.375403 1.108016
0.603724 -0.010567 0.988234
0.964643 -0.115583 1.051518
1.337089 -0.112027 1.131417
1.425958 -0.080351 1.147451
1.425467 0.004342 1.156512
1.386302 0.043491 1.122963
1.178276 0.076390 1.109772
0.597979 -0.043157 1.073895
0.625949 -0.070665 1.051408
0.757137 -0.211074 0.938758
0.949310 -0.210274 0.909513
0.994633 -0.188174 0.907597
0.982192 -0.135668 0.936132
0.953833 -0.010367 0.940261
0.869176 0.198038 0.929364
0.525072 0.409012 0.821158
0.179198 0.389788 0.778679
0.225068 0.252264 0.832957
0.660857 0.156878 1.019989
1.067494 0.184158 1.084571
1.027704 0.122591 0.904629
0.662541 -0.052506 0.721357
0.280088 -0.228492 0.561070
0.166860 -0.292798 0.540019
0.056365 -0.400212 0.555650
0.105133 -0.524070 0.612062
0.216208 -0.699302 0.811487
0.364030 -0.757246 0.913174
0.552284 -0.809434 0.982138
0.537945 -0.820146 0.995877
0.467952 -0.809866 1.031569
0.398195 -0.835853 1.069431
0.354178 -0.857720 1.061398
0.392045 -0.857079 1.005511
0.630560 -0.834780 1.034332
0.917822 -0.783704 1.086412
0.998982 -0.760474 1.091061
1.188031 -0.447109 0.986614
1.037932 -0.251116 0.868379
0.980911 -0.147159 0.866789
0.959299 -0.153518 0.857628
0.880532 -0.154353 0.747199
0.880788 -0.185952 0.758712
1.105037 -0.330906 0.725658
1.144291 -0.383696 0.574612
1.052464 -0.475459 0.431044
0.590193 -0.549881 0.230800
0.474929 -0.586375 0.194150
0.184833 -0.678453 0.183404
-0.029115 -0.721373 0.245648
-0.105088 -0.792194 0.271751
-0.085165 -0.956896 0.272194
0.100843 -1.081031 0.265323
0.119753 -1.194622 0.231869
-0.033505 -1.114890 0.198480
-0.174027 -1.022168 0.161330
-0.605798 -0.914279 0.008771
-0.680495 -0.914019 0.084042
-0.350012 -1.024007 0.253932
0.043005 -1.074895 0.452491
0.264408 -1.243173 0.512146
0.182231 -1.513712 0.492452
0.024684 -1.477136 0.517509
-0.161463 -1.429043 0.523434
-0.460448 -1.455826 0.513308
-0.358774 -1.631060 0.499476
-0.054290 -1.861972 0.537659
0.188057 -2.017915 0.597711
0.341447 -2.130523 0.569503
-0.070850 -2.039950 0.335887
-0.429330 -1.935779 0.109454
-0.638394 -1.896118 0.002447
-0.273151 -1.678982 0.168087
0.020514 -1.627047 0.243148
-0.136111 -1.425434 0.283534
-0.457093 -1.485090 0.192401
-0.674101 -1.328259 0.243478
-0.705005 -1.288163 0.250642
-0.329862 -1.303129 0.442180
-0.063676 -1.418496 0.511841
0.077151 -1.830819 0.435609
0.057785 -1.863155 0.498943
0.049218 -1.672536 0.535699
0.031596 -1.625827 0.562645
0.073188 -1.775483 0.628037
0.180107 -1.895351 0.520896
0.271123 -2.016025 0.373964
0.109628 -1.852996 0.289010
-0.110717 -1.709806 0.239579
-0.295918 -1.539057 0.304296
-0.468606 -1.441528 0.218250
-0.373716 -1.493234 0.241070
-0.222248 -1.383974 0.350095
-0.050809 -1.542804 0.212548
-0.204090 -1.597505 0.211432
-0.359236 -1.507596 0.167915
-0.648764 -1.637598 -0.046169
-0.755424 -1.607634 0.030813
-0.725545 -1.704453 0.154168
-0.513322 -1.783083 0.340507
-0.284269 -1.709055 0.546734
-0.403038 -1.782796 0.535178
-0.902886 -1.765270 0.536715
-1.019989 -1.737466 0.540416
-1.168446 -1.812632 0.402399
-1.067226 -1.863736 0.411481
-0.743163 -1.705672 0.449259
-0.348735 -1.734396 0.227637
-0.410282 -1.707604 0.168516
-0.606754 -1.787524 0.096030
-0.787482 -1.712351 0.140413
-0.834178 -1.852271 0.135007
-0.704952 -1.857627 0.289264
-0.525631 -1.906472 0.399934
-0.328114 -1.961523 0.580628
-0.291695 -1.816668 0.718558
-0.343901 -1.881615 0.756116
-0.474188 -1.841942 0.822851
-0.580065 -2.014362 0.808879
-0.578265 -2.006655 0.791527
-0.541651 -1.872380 0.830867
-0.487333 -1.765231 0.794496
-0.542286 -1.522718 0.798732
-0.495698 -1.482355 0.724087
-0.494103 -1.470567 0.709876
-0.414352 -1.374981 0.634408
-0.385072 -1.340981 0.615065
-0.229752 -1.295697 0.528392
-0.031786 -1.175312 0.374755
-0.014063 -1.143102 0.330982
0.116876 -1.001883 0.291164
0.104543 -1.030482 0.278159
0.047416 -1.025875 0.350437
-0.127324 -0.941259 0.630561
-0.257434 -1.008688 0.816243
-0.444788 -0.901299 1.060967
-0.577940 -0.971596 1.114679
-0.557934 -0.779386 1.173190
-0.339865 -0.754452 1.015063
-0.174795 -0.750739 0.837438
-0.022208 -0.695763 0.598313
0.005470 -0.706072 0.396833
-0.162786 -0.596021 0.315568
-0.351373 -0.631814 0.087538
-0.307552 -0.524097 0.169463
-0.026458 -0.461755 0.222149
0.289463 -0.413675 0.252106
0.463106 -0.278185 0.438370
0.232972 -0.319207 0.501926
-0.083838 -0.320446 0.586832
-0.124615 -0.415643 0.787106
0.070126 -0.512764 0.982796
0.579717 -0.554082 1.225868
1.050204 -0.640303 1.302020
1.402786 -0.609814 1.295901
1.339987 -0.401677 1.109425
0.831748 -0.111908 0.940430
0.439699 -0.039062 0.806118
0.308528 -0.073750 0.740564
0.694351 -0.081444 0.730719
1.457544 -0.014235 0.832633
1.769200 0.070760 0.852708
1.322062 0.059965 0.712614
0.398236 -0.074528 0.505863
0.266850 -0.072722 0.591089
0.846771 -0.039456 0.834819
1.543519 0.043451 1.053865
1.824579 -0.002293 1.108086
1.167016 -0.258523 0.905604
0.429680 -0.488839 0.654028
0.192168 -0.401664 0.682987
0.208787 -0.355170 0.696481
0.752211 -0.080111 0.780362
0.905062 -0.090380 0.748115
1.227395 -0.361245 0.596279
1.363991 -0.407199 0.444875
0.918687 -0.392722 0.386824
0.187880 -0.391441 0.379959
-0.442053 -0.409551 0.331902
0.293517 -0.427891 0.453494
0.833392 -0.460235 0.426848
1.096793 -0.516321 0.459147
0.699237 -0.520778 0.446456
0.046967 -0.628687 0.251212
-0.032160 -0.726434 0.267241
0.247201 -0.853865 0.508927
-0.053129 -1.060138 0.382016
-0.256622 -1.092935 0.391242
-0.279243 -1.087835 0.538374
-0.277939 -1.098077 0.635860
-0.307459 -1.143108 0.632626
-0.383464 -1.303995 0.643491
-0.524142 -1.505957 0.605161
-0.614967 -1.633556 0.565008
-0.411395 -1.629048 0.357473
0.084127 -1.544077 0.380356
0.223772 -1.557875 0.311426
0.157310 -1.591387 0.036336
0.043143 -1.707597 0.042666
-0.033982 -1.760192 0.137931
-0.144843 -1.740452 0.134462
-0.093450 -1.691626 0.241461
-0.046127 -1.684852 0.281643
0.209680 -1.819284 0.386378
0.261096 -1.791748 0.351716
0.428118 -1.730715 0.427377
0.379766 -1.661689 0.569095
0.067918 -1.719714 0.561233
-0.437912 -1.860923 0.583688
-0.459489 -1.805351 0.692161
-0.422582 -1.787982 0.681103
-0.326301 -1.641407 0.614335
0.103279 -1.515439 0.758140
-0.208307 -1.569129 0.711346
-0.672244 -1.788166 0.642916
-0.648584 -1.818922 0.843285
-0.751568 -1.724665 0.840772
-0.755340 -1.663699 0.733457
-0.236641 -1.460763 0.595354
0.510998 -1.264630 0.498142
0.550166 -1.264634 0.350361
0.080728 -1.202750 0.255321
-1.144058 -1.511479 0.161503
-1.503539 -1.444463 0.332542
-1.513431 -1.454965 0.237589
-0.857637 -1.246690 0.125153
0.022572 -0.965989 0.106839
-0.257484 -1.161639 -0.188227
-0.824475 -1.284865 -0.134240
-0.884293 -1.372514 0.086508
-0.968805 -1.303100 0.116369
-0.823978 -1.184782 0.123067
-0.836712 -1.307917 0.058056
-1.035052 -1.423558 -0.024235
-1.075589 -1.414298 -0.064582
-1.273286 -1.216147 -0.070946
-2.137279 -1.392745 -0.055251
-2.714562 -1.769353 0.011232
-2.650891 -1.876523 0.123912
-2.286375 -1.856976 0.147369
-2.112699 -1.680358 0.147860
-2.141839 -1.698373 0.134705
-3.028169 -2.190781 -0.122634
-3.078273 -2.211571 -0.066195
-2.350946 -2.198333 -0.046049
-1.876515 -2.239741 -0.080367
-1.750094 -2.320288 -0.176675
-1.768932 -2.224823 -0.128557
-1.605014 -2.128640 -0.055974
-1.418189 -1.883399 0.049391
-1.744083 -1.943480 0.255320
-1.816926 -1.892182 0.514326
-1.654833 -1.834115 0.665410
-1.326515 -1.857024 0.779433
-1.077411 -1.783122 0.911408
-1.010267 -1.730859 0.966891
-1.163899 -1.732123 0.858161
-1.222569 -1.798843 0.724944
-1.188191 -1.799218 0.653956
-1.126154 -1.725414 0.525457
-1.097634 -1.554406 0.483530
-1.065876 -1.485868 0.431922
-0.994089 -1.361654 0.337533
-0.902577 -1.201030 0.258520
-0.701178 -0.953505 0.342444
-0.576097 -0.744046 0.419599
-0.699432 -0.597932 0.514464
-0.634675 -0.520921 0.599692
-0.545598 -0.360647 0.644226
-0.382325 -0.144960 0.607750
-0.136318 0.068975 0.591236
0.015561 0.243795 0.515666
0.144025 0.406195 0.420451
0.148487 0.492397 0.323008
-0.051704 0.503172 0.248694
-0.204021 0.424024 0.207869
-0.281715 0.246373 0.040384
-0.107526 0.231287 -0.023461
0.183301 0.364255 -0.094613
0.489048 0.517263 -0.131369
0.352265 0.425976 -0.195193
-0.142993 0.223397 -0.232679
-0.455120 0.069005 -0.222823
-0.520648 0.023621 -0.227537
-0.365743 0.101919 -0.329720
-0.062753 0.217443 -0.367167
0.281915 0.302976 -0.359732
0.384399 0.162898 -0.307407
0.130974 -0.120217 -0.292854
-0.155198 -0.359720 -0.256333
-0.323607 -0.579459 -0.192450
-0.268538 -0.620014 -0.154209
-0.160140 -0.648507 -0.147075
-0.306165 -0.830537 -0.108518
-0.592060 -1.111541 -0.008300
-0.774014 -1.325879 0.046525
-0.866799 -1.402286 0.112514
-0.951829 -1.467047 0.146284
-1.081310 -1.486890 0.089809
-1.185855 -1.580882 0.055763
-1.204918 -1.668696 0.033452
-1.059596 -1.581932 0.063055
-0.978135 -1.448539 0.050741
-1.028491 -1.405028 0.017113
-1.116272 -1.457298 0.024055
-1.029923 -1.455984 0.089133
-0.864167 -1.388885 0.155081
-0.733576 -1.294171 0.206923
-0.678636 -1.142131 0.180065
-0.671965 -0.996583 0.169516
-0.642881 -0.883777 0.190642
-0.528102 -0.776610 0.288812
-0.404251 -0.560854 0.332560
-0.246251 -0.265798 0.360619
-0.063232 0.016149 0.408693
0.075527 0.160051 0.445749
0.286915 0.226975 0.539458
0.451655 0.309538 0.603207
0.498924 0.472377 0.593604
0.515152 0.674241 0.569246
0.595788 0.947445 0.635893
0.753112 1.048149 0.707851
0.824838 1.105486 0.731622
0.668838 1.222712 0.698622
0.504794 1.264900 0.632049
0.474404 1.283506 0.564816
0.504341 1.382093 0.518316
0.527131 1.343001 0.471179
0.494468 1.235368 0.442703
0.549499 1.222031 0.424111
0.681989 1.346644 0.433692
0.735734 1.516060 0.413256
0.684604 1.683056 0.427196
0.568811 1.583268 0.434800
0.527449 1.448022 0.519489
0.523126 1.339013 0.568167
0.503562 1.178211 0.621366
0.453464 0.961359 0.712773
0.360253 0.465887 0.662717
0.384831 0.027486 0.741162
0.457025 -0.394096 0.769190
0.661099 -0.711560 0.794368
0.982889 -0.712097 0.849835
1.250861 -0.697729 0.805484
1.538717 -0.643308 0.915385
1.668139 -0.779503 1.005337
1.640071 -1.079351 1.058075
1.670828 -1.271832 1.222712
1.628016 -1.409038 1.217455
1.500659 -1.483200 1.342299
1.465206 -1.642982 1.431964
1.395623 -1.817536 1.415826
1.550706 -1.832708 1.471129
1.630304 -1.965304 1.378758
1.676025 -2.066545 1.358613
1.791363 -2.200430 1.387133
1.897328 -2.374233 1.448205
2.064120 -2.485676 1.680152
1.908035 -2.580694 1.649595
1.923995 -2.486555 1.685860
1.990923 -2.383284 1.597332
2.084483 -2.249203 1.536351
2.094469 -2.131084 1.500535
1.912658 -2.163162 1.191420
1.789497 -2.098211 0.931809
1.791955 -1.924983 0.825963
1.747809 -1.788284 0.539305
1.771321 -1.611783 0.601396
1.578865 -1.706975 0.570049
1.224037 -1.876864 0.498092
1.201748 -1.713233 0.713565
1.095132 -1.679963 0.659259
0.972252 -1.441933 0.864224
0.857300 -1.407245 0.906808
0.731211 -1.444762 0.877783
0.695861 -1.291307 1.019159
0.616140 -1.204743 0.797865
0.479312 -0.988626 0.810180
0.290440 -0.904555 0.625222
0.121767 -0.840250 0.479198
0.218504 -0.606653 0.476499
0.457168 -0.447589 0.358354
0.623198 -0.219632 0.402937
0.748224 -0.146589 0.330056
0.421631 -0.196096 0.236418
0.119063 -0.384252 0.310337
-0.231406 -0.570015 0.631144
-0.471723 -0.624689 0.806660
-0.793902 -0.803709 0.838752
-1.161795 -0.917255 0.920183
-1.198395 -0.950760 0.911467
-1.072990 -0.950281 0.752463
-0.670599 -0.644676 0.412069
-0.883918 -0.581645 0.085354
-0.930500 -0.602733 0.069141
-2.251289 -0.943553 -0.678671
-2.534339 -1.012557 -0.759893
-2.192046 -0.860684 -0.635693
-2.149439 -0.868570 -0.610152
-2.083627 -0.754291 -0.554287
-2.113810 -0.760339 -0.565434
-2.208989 -1.052450 -0.479557
-2.015474 -1.028302 -0.391871
-1.952093 -1.004210 -0.353718
-1.876781 -0.952485 -0.267716
-1.831394 -0.751775 -0.310540
-1.449132 -0.754577 -0.066136
-1.094421 -0.629925 0.118310
-1.036766 -0.592333 0.173710
-1.001012 -0.536310 0.194112
-1.034802 -0.482757 0.055430
-1.179804 -0.486906 -0.069660
-1.179041 -0.453695 -0.199881
-1.029940 -0.281373 -0.297234
-1.104490 -0.153195 -0.468656
-1.162417 -0.009520 -0.626139
-1.132912 0.024994 -0.678152
-1.060850 0.027534 -0.591740
-1.072819 0.019529 -0.528093
-1.184924 -0.047274 -0.526446
-1.348942 -0.079050 -0.498162
-1.484878 -0.089206 -0.444078
-1.573284 -0.123509 -0.355213
-1.650004 -0.121081 -0.234435
-1.636718 -0.101443 -0.093991
-1.556409 -0.109373 0.000412
-1.543823 -0.122988 0.013089
-1.347240 -0.190024 0.165057
-1.323845 -0.239254 0.254708
-1.410594 -0.285461 0.234987
-1.547431 -0.317150 0.270398
-1.707253 -0.330900 0.181627
-1.668923 -0.311594 0.167913
-1.477204 -0.251589 0.189447
-1.446374 -0.327888 0.184021
-1.395965 -0.366221 0.207550
-1.391369 -0.382794 0.174688
-1.363141 -0.422290 0.171433
-1.284730 -0.383272 0.244323
-1.215958 -0.453202 0.274685
-1.107258 -0.486914 0.310862
-0.972775 -0.483254 0.358594
-0.857467 -0.485659 0.397416
-0.780225 -0.455146 0.485097
-0.814424 -0.491653 0.502970
-0.840355 -0.549315 0.506238
-0.724224 -0.574512 0.604914
-0.642273 -0.569956 0.569490
-0.582443 -0.488053 0.529983
-0.465077 -0.450260 0.476532
-0.314609 -0.410399 0.403691
-0.246764 -0.343437 0.313239
-0.274116 -0.365776 0.158813
-0.242549 -0.413635 0.143848
-0.252329 -0.451631 0.029117
-0.310676 -0.464547 -0.072611
-0.326696 -0.490453 -0.035022
-0.293858 -0.571149 -0.009782
-0.217038 -0.640835 0.107330
-0.178648 -0.675625 0.186942
-0.124513 -0.769875 0.323716
-0.085213 -0.839540 0.504545
-0.037888 -0.872917 0.570374
-0.007042 -0.908065 0.621990
0.118457 -0.889565 0.756947
0.249369 -0.836961 0.778151
0.301185 -0.711437 0.795190
0.324384 -0.595817 0.759748
0.350208 -0.575617 0.765059
0.296347 -0.538836 0.773941
0.197452 -0.499653 0.695298
0.072102 -0.492194 0.642168
0.000638 -0.429343 0.635273
-0.038564 -0.372484 0.578420
-0.056322 -0.351032 0.591765
-0.038877 -0.320067 0.668033
-0.153837 -0.345361 0.628418
-0.245828 -0.405198 0.704072
-0.261522 -0.426926 0.677307
-0.287779 -0.391253 0.636894
-0.338959 -0.550066 0.577256
-0.270199 -0.597435 0.527716
-0.259671 -0.516619 0.486693
-0.285125 -0.529158 0.427300
-0.284153 -0.543532 0.409788
-0.310094 -0.553315 0.402738
-0.371521 -0.557690 0.380382
-0.353501 -0.553466 0.365256
-0.249763 -0.467995 0.283511
-0.231817 -0.448740 0.221251
-0.091235 -0.384955 0.255433
-0.038319 -0.338803 0.269308
0.005003 -0.354570 0.276587
0.087021 -0.397259 0.364104
0.125597 -0.459199 0.419126
0.155851 -0.426116 0.452961
0.225724 -0.298629 0.567263
0.228716 -0.247265 0.580723
0.121978 -0.323153 0.679401
0.167306 -0.310016 0.798583
0.212160 -0.193789 0.775742
0.301045 -0.032766 0.850534
0.259496 -0.002813 0.785853
0.153116 0.067816 0.739258
0.129738 0.158257 0.818973
0.163150 0.250646 0.699607
0.261804 0.429258 0.724205
0.291240 0.507424 0.582030
0.355984 0.739536 0.497447
0.420778 0.836364 0.494552
0.415200 0.844268 0.386522
0.420555 0.930900 0.476647
0.304574 0.891826 0.408968
0.326835 1.028439 0.454143
0.348843 1.069733 0.561468
0.323925 1.013524 0.601520
0.408483 1.068697 0.728029
0.424212 1.121745 0.610458
0.551982 1.376512 0.671554
0.705493 1.564163 0.590919
0.775854 1.630653 0.514696
0.821297 1.712833 0.598107
0.892226 1.743869 0.487773
1.019958 1.845361 0.684145
1.231233 1.877290 0.808100
1.356470 1.880971 0.979789
1.417558 1.879363 1.235863
1.399760 1.842404 1.262873
1.358062 1.658618 1.429466
1.216632 1.470655 1.645259
0.910334 1.097752 1.721359
0.937776 1.094890 1.807688
0.891873 1.057782 1.801747
1.108303 1.069735 1.836807
1.634716 1.153103 1.984589
2.010895 1.137815 1.976354
2.018980 1.058675 1.991683
0.287927 0.625469 1.024194
-0.185616 0.498151 0.902296
-0.431840 0.394656 0.926373
0.252185 0.593879 1.081746
1.115397 0.943329 1.212879
2.057205 1.196705 1.316644
2.447400 0.827141 1.522789
0.974619 0.216673 1.082299
-2.657577 -1.456279 0.344772
-2.504223 -1.414307 0.570196
-1.516055 -1.011706 0.872320
0.999528 0.035359 1.088043
2.948992 0.690011 1.649597
3.024475 0.229376 1.749869
1.257075 -0.742369 1.346622
-2.694577 -2.080899 0.248517
-2.939847 -2.092070 0.180976
-2.255664 -1.377668 0.312656
-0.411518 -0.297666 0.340711
0.971058 0.446834 0.286948
0.162472 0.093172 0.080505
-1.973712 -1.244833 -0.325687
-1.922858 -1.434460 0.050846
-1.279303 -1.699396 0.739401
-0.289693 -1.809930 1.317379
0.185330 -1.719343 1.319773
0.486156 -1.935826 1.215464
0.259742 -2.444629 1.392213
-2.543780 -3.483839 0.551890
-3.252435 -3.671961 0.346834
-3.949155 -3.969742 0.461963
-2.801883 -3.876154 0.992924
-0.137955 -2.809511 1.748130
-0.127975 -2.583855 1.451371
-1.569958 -3.104372 0.917954
-3.836145 -3.851292 0.139740
-3.746632 -3.830331 0.115190
-2.454621 -3.182312 0.543983
-1.226933 -2.305237 0.551723
-1.505130 -1.900816 0.051878
-1.641070 -1.911394 0.279341
-1.726648 -2.457844 0.791911
-1.981330 -2.952161 1.398002
-2.562652 -3.113370 1.176003
-3.123309 -2.672690 0.392686
-2.756072 -1.805350 -0.043954
-1.274276 -1.122887 0.303365
-0.194997 -0.862287 1.070097
-0.295067 -0.888843 1.003007
-0.295067 -0.888843 1.003007
-0.573417 -1.004224 0.837454
-2.802190 -0.335877 -1.643817
-2.621692 -0.213349 -1.600760
-1.818116 0.115802 -1.124649
0.435583 0.901765 0.255722
0.804860 0.852953 0.502607
0.933064 0.688106 0.791826
0.037974 -0.649397 1.813230
-0.649614 -1.135108 2.090709
-0.691164 -1.012245 2.266715
-0.562761 -0.660794 2.501810
-0.212858 -0.185383 2.675639
0.240955 0.374457 2.818777
0.195617 0.619951 2.357506
-0.237400 1.176400 1.400848
-0.975280 1.288139 0.554272
-1.364837 1.320023 0.190273
-2.039182 1.406267 -0.281350
-2.496487 1.963861 -1.394664
-1.869604 2.398391 -1.477450
-1.457654 2.285896 -1.264291
-1.077921 1.752294 -0.508753
-1.094055 1.165530 -0.263518
-1.271153 0.685843 -0.128681
-1.575384 0.189264 0.124117
-1.631743 0.004488 0.131417
-1.401695 -0.125536 0.310709
-0.673472 -0.197630 0.242783
-0.559822 0.062599 -0.159115
-0.423823 0.329562 -0.397705
0.160311 0.775374 -0.705992
1.046700 1.384973 -1.019158
1.619773 1.497462 -1.774039
1.869369 1.440779 -1.873734
2.121631 1.208437 -2.015443
2.195232 1.081955 -2.140262
2.378783 0.736410 -1.830166
2.415700 0.051218 -1.423133
2.217738 -0.878040 -0.694437
2.003357 -1.534162 -0.289986
1.778426 -1.873154 -0.180428
1.359905 -2.523812 0.114726
1.119071 -3.043358 0.325794
0.861842 -3.517770 0.707707
0.703773 -3.681344 0.909038
0.327608 -3.833659 0.799324
0.208013 -3.653189 0.465863
0.285760 -3.539827 0.268366
0.478452 -3.430446 0.242847
0.641054 -3.456125 0.362034
0.472553 -3.762427 0.499826
0.122531 -4.009669 0.569783
-0.171831 -4.404654 0.798865
-0.359141 -4.720895 1.133054
-0.501614 -4.745939 1.207847
-0.475960 -4.783003 1.178631
-0.239847 -4.597492 1.166405
0.200178 -4.338030 1.087662
0.841020 -3.953736 1.014673
1.529058 -3.378393 0.861460
1.447306 -3.203339 0.475468
1.369373 -3.167810 0.375417
0.426452 -3.298749 -0.065771
0.066716 -3.040525 0.111915
0.179084 -2.949533 0.220822
0.514483 -2.673681 0.589820
1.146890 -2.329326 1.183090
0.860148 -2.521283 1.279610
0.295729 -3.080822 1.183911
-0.162012 -3.160794 1.093859
-0.352409 -2.807421 0.828063
-0.301588 -2.266603 0.512486
-0.039362 -1.490318 0.192904
0.099071 -0.945412 -0.334429
0.285377 -0.577090 -0.727478
0.295600 -0.415253 -0.615099
-0.335705 -0.549121 -0.384642
-1.014081 -0.735801 -0.070791
-1.131670 -0.769822 0.021123
-1.336184 -1.004238 0.725134
-1.180881 -0.898454 1.576237
-1.036804 -0.798397 1.846212
-0.256835 -0.274303 2.935689
-0.150636 -0.104686 3.347768
-0.996872 -0.337155 3.064716
-2.075893 -0.073603 2.282323
-2.146012 0.101760 2.017469
-2.139073 1.075270 0.835827
-1.988532 1.420412 0.414052
-1.342235 2.431619 -0.731240
-1.348913 2.511081 -0.823795
-1.515441 2.659230 -1.392095
-2.180167 2.094953 -1.399374
-2.203975 1.640711 -0.702540
-1.775866 1.281888 0.022576
-1.471010 1.187705 0.362552
-0.972681 0.542500 1.231001
-1.093920 0.222699 1.358366
-1.098184 0.011223 1.635449
-1.165331 -0.386147 1.870855
-1.465405 -0.546736 1.712542
-1.704217 -0.668387 1.466331
-1.830308 -0.844022 1.136279
-1.736371 -0.797411 0.686228
-1.232548 -0.547870 0.144856
-0.965775 -0.430145 -0.173288
-1.106955 -0.662689 -0.467456
-1.542120 -1.241793 -0.694195
-1.904175 -1.885215 -0.708100
-1.765984 -2.186348 -0.546853
-1.126333 -2.365683 -0.203203
-0.559358 -2.497388 0.081698
-0.613633 -2.889413 0.144754
-0.923444 -3.278995 0.177239
-1.226235 -3.654156 0.382272
-1.563086 -3.651156 0.344312
-1.554473 -3.517612 0.333824
-1.165091 -3.221874 0.328895
-0.674375 -3.022800 0.268406
-0.234610 -2.830460 0.084788
-0.312559 -2.759898 -0.092944
-1.299179 -3.079194 -0.249307
-2.246088 -3.358504 -0.467566
-2.411420 -3.103629 -0.733513
-1.452482 -2.530345 -0.672393
-0.448476 -1.989797 -0.702663
-0.519560 -1.988135 -1.055977
-0.921214 -2.175973 -1.240244
-1.335345 -2.162697 -1.317688
-1.347280 -1.764556 -1.169862
-1.222558 -1.613663 -0.907661
-1.239938 -1.580270 -0.869881
-1.346765 -1.558441 -0.596772
-1.062790 -1.430109 -0.386615
-0.737684 -1.156289 -0.218311
-0.885994 -1.016748 -0.178216
-1.375660 -1.027058 -0.280681
-2.005537 -1.121132 -0.424456
-1.976628 -1.089097 -0.387006
-1.496274 -0.736657 -0.473770
-1.227938 -0.277566 -0.587783
-1.395500 -0.055298 -0.805552
-1.623704 -0.056748 -1.029037
-1.641646 -0.118623 -1.104355
-1.481945 -0.147610 -0.973275
-1.345519 -0.095769 -0.720803
-1.521428 -0.300587 -0.498391
-1.667862 -0.586232 -0.147333
-1.684175 -0.785371 0.242299
-1.529015 -0.842952 0.572853
-1.593551 -0.923223 0.797076
-1.669477 -0.933604 0.929521
-1.545628 -0.851225 0.927422
-1.314986 -0.712905 0.858418
-1.074137 -0.552309 0.762496
-0.849176 -0.385116 0.671153
-0.800043 -0.324223 0.506474
-0.760324 -0.255697 0.328671
-0.666801 -0.279508 0.256738
-0.580544 -0.335118 0.151982
-0.499156 -0.335983 0.091864
-0.452582 -0.305715 0.081396
-0.482270 -0.333716 0.072167
-0.448388 -0.349551 0.005427
-0.305110 -0.315280 0.066956
-0.285579 -0.363510 0.103618
-0.383078 -0.505817 0.175888
-0.454094 -0.646762 0.277661
-0.489536 -0.782371 0.471408
-0.433134 -0.800994 0.679485
-0.265507 -0.717099 0.741883
-0.210671 -0.631752 0.817002
-0.213424 -0.626104 0.832824
-0.357667 -0.661650 0.691924
-0.304909 -0.636319 0.617636
-0.149121 -0.601441 0.346159
-0.287137 -0.742133 0.028644
-0.369684 -0.850497 -0.162680
-0.328889 -0.895135 -0.274244
-0.364770 -0.956214 -0.375869
-0.347416 -1.113301 -0.224313
-0.414960 -1.254747 -0.039206
-0.576344 -1.438166 0.141029
-0.561231 -1.460668 0.262631
-0.582606 -1.482778 0.395317
-0.636800 -1.456716 0.539914
-0.681892 -1.510106 0.688493
-0.785815 -1.578193 0.746547
-0.855053 -1.613610 0.783171
-0.899225 -1.566239 0.799983
-0.901246 -1.496097 0.778614
-0.833026 -1.378898 0.690339
-0.703869 -1.196425 0.534454
-0.504862 -0.999537 0.332652
-0.384288 -0.841914 0.252251
-0.309989 -0.751479 0.218943
0.084693 -0.452334 0.066098
0.304167 -0.280895 0.083243
0.529101 -0.150964 0.227296
0.754624 -0.081196 0.421093
0.910508 -0.048246 0.608271
0.934164 -0.068062 0.637102
1.029550 0.033907 1.060830
0.989726 0.079255 1.168650
0.951942 0.144881 1.300489
0.899740 0.125831 1.408302
0.864201 0.110566 1.474745
0.843829 0.171571 1.465396
0.838648 0.211461 1.440458
0.838648 0.211461 1.440458
0.796363 0.404158 1.276865
0.875974 0.392892 1.160003
0.839335 0.174429 0.958066
0.889484 0.136633 0.858205
1.013304 0.233367 0.849672
1.328987 0.539000 0.817354
1.348551 0.491148 0.929452
1.286095 0.306433 0.952495
1.113286 0.102269 0.960724
1.057118 0.054867 0.955631
0.926854 -0.059039 0.943878
0.834326 -0.025702 0.908991
0.774052 0.023682 0.891038
0.652038 -0.104542 0.803378
0.531762 -0.296201 0.837796
0.488468 -0.481335 0.838228
0.516926 -0.528854 0.819419
0.563402 -0.581029 0.905788
0.466494 -0.860729 0.960545
0.385772 -0.984438 1.038114
0.333801 -1.030078 1.051009
0.288582 -1.061123 1.057854
0.190598 -1.132547 1.057255
0.062003 -1.206828 1.005750
-0.083811 -1.260733 0.889222
-0.163963 -1.243794 0.813871
-0.234276 -1.251580 0.785842
-0.381099 -1.288408 0.739184
-0.518787 -1.401859 0.630917
-0.615090 -1.454491 0.512635
-0.685849 -1.497838 0.373612
-0.719358 -1.547155 0.271701
-0.748431 -1.602324 0.240766
-0.818492 -1.670537 0.216295
-0.917593 -1.798780 0.184692
-1.012431 -1.956319 0.127254
-1.025837 -2.048821 0.050424
-1.028513 -2.001428 -0.102794
-1.083796 -1.878395 -0.228013
-1.124387 -1.846461 -0.379518
-1.107176 -1.862792 -0.498257
-1.025485 -1.836135 -0.551347
-0.983960 -1.864796 -0.547578
-0.977575 -1.878985 -0.464223
-1.004375 -1.910861 -0.368819
-0.959421 -2.154058 -0.075823
-0.999269 -2.290510 0.058095
-1.104468 -2.204107 0.007750
-1.261168 -2.200869 -0.007479
-1.281700 -2.059018 0.006680
-1.212730 -1.854982 0.000706
-1.027181 -1.530905 -0.024774
-0.797516 -1.410055 0.009742
-0.723778 -1.322210 -0.006413
-0.679197 -1.263625 0.042947
-0.639173 -1.192091 0.120781
-0.554307 -0.913815 0.157188
-0.651669 -0.736233 0.282388
-0.713834 -0.685882 0.385298
-0.737910 -0.924728 0.379978
-0.745987 -1.049254 0.329775
-0.770407 -0.850358 0.274097
-0.750731 -0.600964 0.068059
-0.787128 -0.226211 0.031932
-0.825090 -0.152094 -0.052625
-0.850033 0.012813 -0.032487
-0.753842 -0.025944 0.056800
-0.597119 -0.313652 0.190241
-0.541366 -0.395528 0.266622
-0.462315 -1.042451 0.482165
-0.588625 -1.305639 0.530855
-0.838752 -1.404080 0.447768
-1.130642 -1.434554 0.194869
-1.446556 -1.315186 -0.073139
-1.420372 -1.175753 -0.188490
-1.137739 -1.017762 -0.178924
-0.910624 -0.969056 0.075198
-0.610829 -1.090430 0.332325
-0.384820 -1.388286 0.570305
-0.205687 -1.742481 0.609548
-0.032598 -2.069592 0.680568
-0.019012 -2.190045 0.669128
-0.112844 -2.164249 0.574243
-0.451871 -2.079252 0.366258
-0.721437 -1.980635 0.109716
-1.036580 -1.681130 -0.197247
-1.121636 -1.508875 -0.291024
-1.185466 -1.236951 -0.347006
-1.016017 -0.917271 -0.222002
-0.443134 -1.091283 0.083344
0.098851 -1.609778 0.394958
0.440428 -2.225489 0.583606
0.663729 -2.719080 0.681010
0.440544 -2.766150 0.629974
0.006023 -2.196672 0.296557
-0.424438 -1.182039 -0.051188
-0.428236 -0.808312 0.084010
-0.358262 -0.783604 0.203205
-0.280159 -0.964649 0.452073
-0.261891 -1.265917 0.675581
-0.236239 -1.537598 0.836770
-0.216825 -1.596039 0.900668
-0.376238 -1.421944 0.772274
-0.429606 -1.356413 0.677064
-0.600328 -1.143497 0.431678
-0.799000 -1.077867 -0.000320
-0.799086 -1.144594 -0.342787
-0.663919 -1.363617 -0.345190
-0.522892 -1.536813 -0.210314
-0.505523 -1.649868 0.009075
-0.470448 -1.786091 0.142824
-0.448675 -1.852397 0.229359
-0.409138 -2.022149 0.548709
-0.389255 -2.262662 0.665181
-0.399085 -2.244286 0.705441
-0.446582 -2.146049 0.658360
-0.704956 -2.102975 0.347832
-0.946596 -1.863805 0.082687
-0.747990 -1.591251 -0.250390
-0.542696 -1.524539 -0.082233
-0.472219 -1.517177 -0.083935
-0.239172 -1.592240 0.073002
0.021245 -1.544506 0.322678
0.202215 -1.743061 0.402928
0.249906 -1.937976 0.560233
0.267512 -2.090955 0.612880
0.137719 -2.231909 0.514095
-0.019115 -2.083060 0.480965
-0.303158 -1.952877 0.351212
-0.519235 -1.885796 0.257821
-0.716834 -1.703074 0.140147
-0.587646 -1.599642 0.019610
-0.257148 -1.454462 0.081552
-0.077969 -1.492165 0.054929
0.025900 -1.636727 0.005586
0.121667 -1.829714 -0.013318
0.144474 -1.845915 -0.048123
0.121352 -1.768041 0.000142
0.100665 -1.687572 0.063870
-0.070226 -1.687020 0.171966
-0.233762 -1.771428 0.173456
-0.246940 -1.791161 0.148890
-0.283090 -1.738393 0.186273
-0.428939 -1.666011 0.040381
-0.556865 -1.601484 -0.001496
-0.673356 -1.597124 -0.070015
-0.638023 -1.522399 -0.057253
-0.518573 -1.502166 -0.064281
-0.351293 -1.642196 -0.089345
-0.252971 -1.753232 -0.038555
-0.266654 -1.925600 -0.040742
-0.257360 -1.999869 -0.028521
-0.326738 -2.095569 0.065204
-0.430082 -2.132413 0.016478
-0.550215 -1.985320 0.041895
-0.654268 -2.006761 -0.026229
-0.697143 -2.066811 -0.081518
-0.731554 -2.049145 -0.014968
-0.616571 -1.939181 0.081157
-0.532324 -1.855094 0.142865
-0.510058 -1.701364 0.211811
-0.391363 -1.699816 0.170833
-0.184257 -1.710704 0.317444
0.011544 -1.701055 0.293741
0.034630 -1.728024 0.206128
0.041507 -1.727550 0.108486
0.190028 -1.723454 -0.035306
0.165949 -1.692896 -0.077077
0.115754 -1.796280 -0.256108
0.091248 -1.850963 -0.228705
-0.041605 -1.892793 -0.273004
-0.125507 -1.941305 -0.320849
-0.223864 -1.717430 -0.136414
-0.207088 -1.599004 -0.014410
-0.202985 -1.561574 0.097600
-0.070586 -1.621142 0.268866
-0.002895 -1.667064 0.472305
0.070469 -1.652473 0.565411
0.104265 -1.592900 0.610569
-0.001218 -1.713035 0.471748
-0.060995 -1.780303 0.401684
-0.092142 -1.829095 0.191708
-0.110205 -1.792064 0.091298
-0.209231 -1.860229 0.042419
-0.332925 -1.950997 -0.046980
-0.457269 -1.994986 -0.094869
-0.566032 -1.953970 -0.159796
-0.613964 -1.799272 -0.143091
-0.697820 -1.691288 -0.123197
-0.681373 -1.593813 -0.052333
-0.667073 -1.567754 -0.056713
-0.522904 -1.384178 0.027074
-0.395607 -1.269975 0.097472
-0.323655 -1.270476 0.158017
-0.229879 -1.327987 0.104372
-0.197962 -1.281731 0.031898
-0.258108 -1.339999 -0.022860
-0.311558 -1.435150 -0.041236
-0.431876 -1.500648 -0.127854
-0.717404 -1.521012 -0.205546
-1.002950 -1.511251 -0.241306
-1.336918 -1.413871 -0.253489
-1.534745 -1.248059 -0.283396
-1.499750 -1.069727 -0.251660
-1.468949 -1.097111 -0.208599
-1.592961 -1.293441 -0.183772
-1.725900 -1.400747 -0.180271
-1.877450 -1.441815 -0.193260
-1.910797 -1.508027 -0.158919
-1.770641 -1.613785 -0.080222
-1.758710 -1.800180 0.008382
-1.739668 -2.007194 0.103586
-1.643000 -2.109075 0.180750
-1.425933 -2.052776 0.268988
-1.156166 -1.796173 0.349785
-0.996113 -1.566666 0.344254
-0.873870 -1.375604 0.264363
-0.708320 -1.261706 0.293111
-0.539612 -1.199723 0.322617
-0.420170 -1.158788 0.394714
-0.304726 -1.129654 0.514552
-0.117417 -1.045199 0.700993
0.045610 -1.001524 0.990108
0.149627 -0.980646 1.212711
0.180887 -0.952950 1.332626
0.003386 -0.872113 1.295331
-0.189335 -0.657377 1.256059
-0.275492 -0.329751 1.113097
-0.301052 -0.102724 0.954521
-0.351826 -0.064246 0.824565
-0.542291 -0.147970 0.675939
-0.648006 -0.095495 0.545049
-0.586355 0.069684 0.330919
-0.411341 0.328453 0.274381
-0.134812 0.573857 0.282174
0.017367 0.651055 0.352946
0.189247 0.552661 0.593096
0.353725 0.455220 0.743974
0.605589 0.446128 0.899009
0.733347 0.392670 0.979194
1.114426 0.210652 1.068033
1.374816 -0.023535 1.102826
1.482575 -0.359917 1.116571
1.421044 -0.504390 1.108284
1.392493 -0.504073 1.047201
1.392877 -0.472262 1.020406
1.208872 -0.212690 0.624941
1.164199 -0.071397 0.481572
1.082967 -0.027479 0.362335
0.799101 -0.025380 0.249888
0.686808 -0.026008 0.204709
0.164320 -0.148100 0.022869
-0.428578 -0.356576 -0.145843
-0.865201 -0.535541 -0.135377
-1.099964 -0.737524 -0.033900
-1.319233 -0.963714 0.175208
-1.364374 -0.994685 0.209251
-1.605187 -1.345700 0.291094
-1.821273 -1.493573 0.364411
-2.334143 -1.982563 0.356986
-2.387200 -2.055983 0.356538
-2.032462 -1.862624 0.150802
-1.899603 -1.795177 0.161325
-1.381062 -1.552988 0.187475
-0.951592 -1.390743 0.141941
-0.569197 -1.364075 0.117951
-0.181901 -1.410125 0.122267
-0.029216 -1.422887 0.108213
0.142216 -1.380407 0.189349
0.119986 -1.369476 0.159654
0.014750 -1.506312 0.212772
0.029955 -1.518126 0.488134
-0.096855 -1.522543 0.734930
-0.158038 -1.426626 0.928208
-0.410758 -1.302512 0.901000
-0.833255 -1.256872 0.800455
-1.009594 -1.143824 0.801247
-1.004161 -1.003439 0.705790
-0.691523 -0.627248 0.596340
-0.360751 -0.102521 0.318581
-0.156437 0.382827 0.149742
0.063159 0.486833 0.126178
0.051797 0.475288 0.078180
-0.150810 0.383146 0.055173
-0.389727 0.179081 -0.146419
-0.608831 0.004362 -0.167469
-0.611473 -0.139771 -0.052115
-0.452035 -0.196994 0.209416
-0.104698 -0.196747 0.594524
-0.068550 -0.288225 0.786165
-0.380564 -0.364893 0.982308
-0.790840 -0.407405 0.960974
-1.249584 -0.449261 0.827861
-1.390521 -0.491547 0.708471
-1.471738 -0.395045 0.470001
-1.577563 -0.104629 0.323539
-1.567664 -0.081197 0.309277
-1.457722 -0.301585 0.477317
-1.555575 -0.511718 0.554135
-1.680968 -0.605779 0.612058
-1.758223 -0.657513 0.510273
-1.773715 -0.642306 0.418882
-1.558317 -0.535871 0.313520
-1.069496 -0.513874 0.115879
-0.854914 -0.568407 -0.008873
-0.917012 -0.728318 0.033232
-1.018095 -0.794220 0.036046
-1.194283 -0.987893 0.042383
-1.235415 -1.100507 0.176695
-1.241512 -1.103410 0.187588
-1.288497 -1.050913 0.141873
-1.238802 -0.977737 0.112959
-0.941710 -0.909320 0.253273
-0.803100 -0.910127 0.356041
-0.760662 -0.859737 0.471173
-0.817282 -0.978116 0.581266
-0.967714 -1.106771 0.609759
-1.009993 -1.274381 0.685109
-0.940285 -1.215916 0.574527
-0.651062 -1.006822 0.470479
-0.318581 -0.811365 0.271666
-0.201710 -0.563316 0.078270
-0.389910 -0.441962 -0.231379
-0.359131 -0.493412 -0.282056
-0.309101 -0.450530 -0.391989
-0.364217 -0.319809 -0.468466
-0.445248 -0.416542 -0.372397
-0.430336 -0.456324 -0.340626
-0.444350 -0.635098 -0.056419
-0.824267 -0.921503 0.200837
-1.170765 -1.192975 0.468684
-1.560019 -1.282462 0.601793
-1.748312 -1.348809 0.693647
-1.773647 -1.393516 0.731151
-1.776330 -1.370095 0.712571
-1.624172 -1.313496 0.691701
-1.504187 -1.225315 0.543000
-1.307412 -0.973146 0.223765
-0.988237 -0.763271 -0.053511
-0.912649 -0.707449 -0.155842
-0.918741 -0.658592 -0.303017
-0.927722 -0.522507 -0.492914
-0.796314 -0.421614 -0.589670
-0.738408 -0.370099 -0.601521
-0.732799 -0.365584 -0.573922
-0.867878 -0.714801 -0.296456
-0.937541 -0.926656 -0.127786
-1.375301 -1.594576 0.450422
-1.399514 -1.637354 0.561196
-1.522823 -1.769490 1.185128
-1.589568 -1.792621 1.249777
-1.693183 -1.711308 1.395011
-1.701876 -1.693010 1.391745
-1.496554 -1.440124 1.308632
-1.183123 -1.022363 0.850802
-1.107696 -0.842232 0.607575
-0.694291 -0.282334 0.117868
-0.571878 -0.200898 0.041015
-0.091826 0.183716 -0.125850
0.052571 0.452647 -0.323100
0.011261 0.476397 -0.452793
-0.155206 0.398481 -0.535365
-0.580582 0.152828 -0.534745
-0.943239 -0.354022 -0.171633
-0.998322 -0.401698 -0.029072
-0.842925 -0.406723 0.740968
-0.848647 -0.409197 0.786463
-0.683282 -0.364817 1.127997
-0.603050 -0.393225 1.222810
-0.610815 -0.382598 1.235570
-0.674792 -0.296073 1.120800
-0.774871 -0.252573 0.982802
-0.858173 -0.144726 0.854163
-0.777575 -0.089111 0.631111
-0.588767 -0.009971 0.429986
-0.147228 0.067518 0.262847
0.366481 0.208224 0.101351
0.689594 0.349168 -0.031399
0.553104 0.380089 -0.183507
0.123923 0.289011 -0.267936
-0.389936 0.096969 -0.410396
-0.875878 -0.249375 -0.213593
-0.956393 -0.289597 -0.056908
-0.983464 -0.300463 0.012270
-1.377127 -0.461938 0.297781
-1.826993 -0.751633 0.572363
-2.175545 -1.173109 0.948658
-2.290798 -1.393789 1.140455
-2.167485 -1.400186 1.238383
-1.822949 -1.128607 1.116022
-1.378791 -0.988854 0.839978
-1.230236 -0.956126 0.544936
-0.985765 -0.900453 0.297410
-0.896757 -0.779119 0.052903
-0.996746 -0.693987 -0.128789
-0.985115 -0.700725 -0.205985
-1.311975 -0.710603 -0.306069
-1.374357 -0.724604 -0.235945
-1.020014 -0.627086 -0.158710
-0.515719 -0.322739 -0.088295
-0.331004 -0.181477 -0.026598
-0.473262 -0.218584 0.075781
-0.655697 -0.360579 0.297828
-0.904280 -0.519203 0.634190
-0.999537 -0.612929 0.885227
-1.036705 -0.659225 1.157204
-1.071189 -0.680059 1.268493
-0.503232 -0.488797 1.280102
0.306637 -0.170264 1.092171
0.893476 0.147285 0.878275
1.125542 0.267070 0.821191
1.358165 0.428128 0.588862
1.318204 0.679024 0.160638
1.066686 0.817047 -0.078469
0.476512 0.828384 -0.304872
-0.357142 0.781394 -0.316139
-1.200837 0.579072 -0.263151
-1.002751 0.564162 -0.091596
-0.858753 0.467814 0.090335
-0.805409 0.360255 0.403445
-0.823432 0.333811 0.432180
-0.768623 0.202643 0.394283
-0.865830 0.057306 0.332828
-1.521163 -0.133978 0.335125
-2.035520 -0.311424 0.428652
-3.339983 -1.030270 0.697226
-3.715983 -1.456926 0.691848
-2.943327 -1.531330 0.760996
-1.351512 -1.122149 0.419574
-0.114366 -0.666165 0.177343
1.007153 -0.516177 -0.078641
1.734026 -0.681701 -0.236392
-1.806468 -1.496113 -0.013871
-2.126991 -1.174179 0.053911
-1.895676 -0.990139 0.061148
1.627042 -0.337403 0.206387
1.562158 -0.415996 0.337105
1.317887 -1.243654 1.145987
0.551956 -2.025031 1.505274
-0.827244 -2.264708 1.649375
-1.502992 -2.050838 1.326562
-0.767685 -1.426817 0.910694
0.519887 -0.179392 0.298155
0.791662 -0.132603 0.313775
1.091900 -0.088075 0.325893
1.654238 -0.201476 0.540033
1.400938 -0.456460 0.725303
0.393403 -0.746249 0.817602
-0.751347 -1.042013 0.858511
-1.638877 -1.240401 0.803084
-2.069224 -1.250023 0.688010
-1.865721 -0.718940 0.347741
-1.302193 -0.166478 -0.012143
-0.218349 0.451276 -0.400272
1.184050 1.014811 -0.518744
1.525317 1.203195 -0.547225
0.707729 0.657323 -0.277769
-0.555364 -0.420396 0.408554
-2.282278 -1.353091 0.993658
-3.839221 -2.283498 1.451071
-2.469980 -1.691120 1.415232
-1.332888 -1.024706 1.147713
-0.875344 -0.702937 1.006344
-0.954890 -1.019147 1.034061
-1.402886 -1.479162 1.255267
-2.552032 -1.655572 1.070500
-1.291896 -0.917824 0.469046
0.391638 -0.019371 -0.306761
0.699244 0.448887 -0.700531
-0.233173 0.026094 -0.515712
-0.643009 -0.286717 -0.398813
0.801882 -0.199356 -0.306533
2.337411 0.043812 -0.263362
1.777024 -0.578796 0.476427
-0.396342 -1.508998 1.322877
-2.604021 -2.566781 2.119159
-3.195424 -3.248072 2.715469
-1.401587 -2.724939 2.742266
1.034845 -1.531865 2.149589
2.835355 -0.612538 1.586197
2.458993 -0.414699 1.271989
-1.026545 -1.089709 1.035551
-2.854224 -1.581887 1.039196
-2.622299 -1.578026 0.847573
-0.054743 -0.441592 0.146148
1.359140 0.907825 -0.676619
1.176351 1.667266 -1.335454
0.322646 1.395092 -1.273507
0.089823 0.326658 -0.461771
0.332924 -0.411111 0.180491
0.765936 -0.974964 0.909644
-0.088041 -1.403358 1.454433
-2.561862 -1.916244 2.195829
-3.469241 -2.529912 2.941807
-2.609143 -2.530404 3.282308
-0.213920 -1.682668 2.631254
1.215416 -0.954666 1.718186
0.756277 0.078592 0.741151
-0.996394 0.465635 0.101023
-2.057575 0.288275 -0.102090
-1.536420 0.453687 -0.361269
-0.114852 1.094585 -0.834975
1.312235 1.950608 -1.336034
0.958596 2.258303 -1.575848
-1.056382 1.060491 -0.662780
-2.083899 -0.493836 0.501787
-2.261224 -1.912236 1.697973
-1.662318 -2.360301 2.389868
-1.531187 -2.198219 2.326827
-1.752650 -1.634196 1.905060
-1.442950 -1.164907 1.421096
-0.750477 -0.842880 0.939297
-0.091786 -0.513619 0.410330
-0.610102 -0.312648 0.118489
-1.256253 0.141807 -0.261999
-1.373220 0.611036 -0.730724
-0.720110 0.555730 -0.763614
0.345924 0.063299 -0.257918
0.936497 -0.361229 -0.011473
1.051850 -0.652460 0.169209
0.613572 -0.803375 0.400472
-0.483210 -1.076911 0.701311
-1.062593 -1.379879 1.156320
-1.231027 -1.473459 1.403590
-1.438318 -1.286558 1.266616
-1.502654 -0.715548 0.887319
-1.578222 -0.199856 0.446336
-1.735474 0.268555 0.004340
-1.519638 0.419799 -0.205149
-1.178922 0.196433 -0.298786
-1.076699 0.131006 -0.357631
-1.016075 0.112968 -0.371946
-0.671054 0.079883 -0.327377
0.140919 0.256966 -0.608822
0.592245 0.138609 -0.584121
0.797195 -0.127427 -0.488772
0.668596 -0.938944 0.216605
0.619181 -1.061146 0.303960
0.619181 -1.061146 0.303960
0.207810 -1.440598 0.630077
-1.120089 -1.876103 1.086040
-1.176572 -1.844224 1.048350
-0.720771 -1.074970 0.505769
-0.720771 -1.074970 0.505769
-0.698543 -0.806790 0.238141
-1.155525 -0.094375 -0.424765
-1.175059 -0.062091 -0.493875
-1.271101 -0.065192 -0.438478
-1.036230 -0.139994 -0.238681
-0.934078 -0.198182 -0.242220
-0.602016 -0.164426 -0.173898
-0.330453 -0.238128 0.018628
-0.348780 -0.604819 0.198507
-0.417514 -0.984760 0.525828
-0.746227 -1.225305 0.655493
-1.264165 -1.457900 0.733269
-1.488205 -1.602470 0.915682
-1.481856 -1.601727 0.944077
-1.435307 -1.633418 0.865807
-1.205189 -1.542080 0.763660
-0.996879 -1.410713 0.700457
-0.725665 -1.256419 0.441941
0.040469 -0.948414 0.210807
0.948933 -0.616618 0.011141
1.266558 -0.352618 -0.272269
1.198679 -0.299553 -0.151570
0.612610 -0.372743 -0.034243
-0.301137 -0.366933 0.121723
-0.527367 -0.341370 0.393897
-0.445306 -0.335764 0.581732
-0.139652 -0.391249 0.694620
0.111921 -0.266443 0.774216
0.169398 -0.251022 0.899741
-0.517620 -0.434525 1.101177
-1.090152 -0.598370 1.321075
-1.724274 -0.785660 1.488236
-2.317623 -1.036833 1.533618
-1.946087 -0.699811 1.275435
-1.115346 0.044481 0.812701
-0.663558 0.505446 0.428413
-0.533600 0.844337 0.133797
-0.651587 0.591186 0.255007
-0.966198 -0.196138 0.583732
-1.044471 -0.753383 0.902942
-1.195612 -1.220790 1.257668
-1.498633 -1.587448 1.391163
-1.652924 -1.867818 1.508478
-1.582326 -1.941935 1.480042
-1.350864 -1.800011 1.238568
-0.790659 -1.516577 0.916638
-0.060686 -1.361938 0.715601
0.332051 -1.345716 0.494680
0.149792 -1.359938 0.322199
-0.509802 -1.289097 0.252225
-1.009639 -1.261340 0.200779
-1.401657 -1.236193 0.198303
-1.218069 -1.059672 0.216573
-0.307905 -0.844007 0.138194
0.754929 -0.470065 -0.098963
1.196804 0.000720 -0.330501
0.822606 0.215681 -0.472529
-0.068713 -0.031538 -0.244027
-0.770449 -0.862517 0.368472
-1.147103 -1.418978 0.832460
-0.753075 -1.408690 1.078096
-0.102683 -0.716870 0.708768
0.120649 -0.109273 0.361446
0.103217 -0.033974 0.292376
-0.319350 -0.239102 0.384398
-0.454136 -0.505779 0.604199
-0.102226 -0.335274 0.628190
0.081498 0.189576 0.430832
0.156339 0.721537 0.171564
0.043891 0.978696 -0.012025
-0.395639 1.081799 -0.092536
-1.026991 1.085302 -0.019684
-1.446227 1.041425 0.072201
-1.536852 0.993922 0.172797
-1.341885 0.896563 0.396092
-1.186581 0.841661 0.442539
-1.279924 0.819620 0.477813
-1.381594 0.789016 0.526988
-1.415429 0.530953 0.661234
-1.417331 0.236062 0.810946
-1.619405 -0.054048 0.976996
-1.974858 -0.133026 0.923588
-1.951509 -0.028577 0.823699
-1.364448 0.145249 0.665995
-0.301629 0.325396 0.414490
0.249906 0.450771 0.174082
0.516930 0.325302 0.070680
0.328989 -0.096302 0.133911
-0.497491 -0.508671 0.301316
-1.139721 -0.726072 0.452814
-1.163977 -0.747942 0.429750
-0.999510 -0.588748 0.277185
-0.485595 -0.414059 0.108536
0.028075 -0.343132 0.019917
-0.336179 -0.397761 0.022928
-0.844784 -0.748789 0.228351
-1.277190 -1.210335 0.392805
-1.233966 -1.380926 0.466941
-0.438105 -1.328455 0.466415
0.626794 -1.060503 0.246728
1.156791 -0.820000 0.006996
1.113752 -0.792743 -0.122537
0.751636 -0.865543 -0.101307
0.434738 -1.016808 0.000619
0.334502 -1.164616 0.198645
0.382849 -1.392044 0.382575
0.824042 -1.527900 0.506514
1.139954 -1.548925 0.584922
1.181599 -1.483729 0.562563
1.217579 -1.131248 0.432300
1.130554 -0.883520 0.337725
0.877114 -0.694498 0.178438
0.462077 -0.576601 0.140298
-0.252387 -0.463401 0.210567
-1.085292 -0.217439 0.344217
-1.491044 0.093288 0.486150
-1.366210 0.232727 0.580680
-0.872222 0.142322 0.712917
-0.352643 -0.237606 0.921467
-0.360045 -0.572815 1.054353
-0.937517 -0.319683 0.952840
-1.678632 0.326989 0.657632
-2.043665 0.771834 0.433006
-2.096292 0.983154 0.314867
-1.435711 0.851753 0.342581
-0.754348 0.627167 0.451776
-0.083336 0.310470 0.593140
0.517755 0.086177 0.635805
1.250830 0.037978 0.599987
1.753708 0.015062 0.548997
1.826152 0.076161 0.427836
1.376532 0.507781 0.233774
1.376532 0.507781 0.233774
1.011797 0.847071 0.110380
0.864294 0.662558 0.254405
0.906947 0.509014 0.332083
1.398403 -0.833355 0.818885
1.437829 -1.532977 1.102828
1.433781 -1.570967 1.134073
1.260806 -1.452655 1.087773
1.026610 -0.929615 0.842610
0.891196 -0.139746 0.446590
1.146968 0.470061 0.117796
1.146968 0.470061 0.117796
1.275964 0.505610 0.033469
1.275964 0.505610 0.033469
1.275964 0.505610 0.033469
0.960370 -0.891732 0.423926
0.960370 -0.891732 0.423926
-0.327504 -2.458477 0.871753
-0.327504 -2.458477 0.871753
-1.421918 -2.459537 0.849334
-2.105397 -2.000092 0.807061
-1.891200 -2.575573 1.078546
-2.026685 -2.283979 0.758892
-1.409091 -1.869473 0.288146
-0.472194 -2.619736 0.383325
0.232960 -3.672900 0.690979
0.298173 -3.800479 0.712407
0.761304 -3.564387 0.039944
0.771468 -3.132048 -0.275439
0.999720 -0.798852 -1.780731
1.715549 -0.128026 -2.039272
2.428833 -0.294594 -1.854450
2.798705 -0.762154 -1.541223
2.987131 -2.202425 -0.452248
2.456605 -3.303771 0.499648
2.288730 -3.492189 0.678535
0.664069 -3.939541 1.753541
0.576722 -3.393794 1.570725
0.397210 -2.819722 1.368343
-0.093563 -2.360015 1.118684
-0.796542 -1.862447 0.940726
-1.608977 -1.449813 0.750461
-1.838440 -1.163363 0.370646
-1.427615 -0.621531 -0.045534
-1.502082 0.227930 -0.543293
-2.329999 0.896047 -0.898689
-3.126410 1.276732 -1.117010
-3.339680 1.261913 -1.073961
-3.488088 0.611151 -0.345938
-3.236790 -0.318100 0.735714
-2.280613 -1.623549 1.915153
-0.763264 -1.608995 2.074956
-0.604463 -0.489499 1.048580
-2.160049 -0.931576 0.921117
-2.787574 -0.079522 0.208773
-2.002545 1.619379 -0.986200
-1.152960 2.619314 -1.504136
-0.197648 3.090742 -1.668376
0.671393 2.525065 -1.217402
1.302088 0.965148 -0.289508
1.044407 -1.469501 1.290595
-0.618613 -0.294720 0.875863
-1.739894 1.185379 0.162602
-2.664509 1.942330 -0.135475
-2.814170 2.166493 -0.115198
-2.585951 2.277649 -0.124214
-1.885459 2.594460 0.027692
-1.671418 2.884569 0.339792
-1.866789 3.224772 0.527586
-2.112794 3.440193 0.596183
-2.333921 3.465571 0.689182
-2.277655 1.654145 1.517619
-2.172145 0.098146 2.204721
-1.888849 -1.828624 3.084758
-0.778733 -3.942058 3.862250
0.710264 -5.660173 4.274988
1.995019 -6.835797 4.192593
2.587938 -7.208972 3.696077
2.732942 -7.270829 3.374021
3.414621 -7.136814 1.413512
3.422786 -6.992927 0.866941
3.440976 -6.634670 -0.529381
3.504201 -6.430371 -1.500510
3.392433 -6.442737 -1.929906
3.277494 -6.285136 -2.611782
3.216441 -6.196323 -2.717415
3.207597 -6.120571 -2.850899
3.109734 -6.037433 -2.936152
2.822960 -5.853096 -2.854489
1.594099 -5.380350 -2.535054
0.303259 -4.971304 -2.068602
-0.662064 -4.823183 -1.593868
-0.658800 -4.865976 -1.392126
-0.852644 -4.936624 -1.024663
-1.646591 -5.167603 -0.000830
-2.459258 -5.290650 0.969582
-3.863712 -4.913555 1.890700
-3.881652 -4.395629 1.976491
-3.472203 -3.022673 1.975673
-3.100525 -1.614949 1.952611
-2.904944 0.946411 1.872315
-2.989455 1.357406 1.861086
-3.154811 2.529180 1.779264
-3.288116 3.527658 1.810118
-3.549143 4.300796 1.923087
-3.537140 5.078403 1.959628
-3.561755 5.164880 1.913219
-3.515752 5.430491 1.741235
-3.543888 5.578728 1.459922
-3.555581 5.639935 1.252531
-3.691240 5.824241 1.153765
-3.445872 5.884335 1.106630
-2.800878 5.477444 1.006338
-1.790494 4.764606 0.921463
-0.767789 4.411875 0.643370
-0.229368 4.656147 0.224630
-0.306706 4.407679 -0.112297
-0.312223 3.738392 0.010276
0.077223 2.037892 0.242804
0.792041 0.312427 0.511862
1.288079 -0.549070 0.678621
1.902930 -1.343612 0.730002
2.585980 -1.582437 0.530735
2.779856 -1.571844 0.322187
3.214930 -1.835410 0.011830
3.543887 -2.405300 -0.068716
3.121099 -2.732757 -0.016300
1.738512 -2.859322 0.195788
1.592705 -2.835266 0.166078
1.488149 -2.602288 -0.033742
1.801042 -2.010638 -0.259210
1.851717 -1.563645 -0.448761
2.161964 -1.219614 -0.713251
2.056870 -1.232551 -0.671405
1.415314 -1.670687 -0.311437
0.888224 -1.895040 0.083761
-0.181245 -2.124776 0.603563
-1.151415 -1.895780 0.667538
-1.405338 -1.411986 0.541565
-1.169297 -0.748969 0.313633
-0.729916 -0.739236 0.320942
-0.565242 -0.880993 0.378235
-1.090790 -1.234180 0.667121
-1.614721 -1.609124 1.025531
-3.529240 -1.769283 1.547024
-3.662535 -1.592969 1.553845
-3.605927 -1.218010 1.308603
-3.384996 -1.145193 1.134024
-1.912670 -1.309493 0.910450
-1.265215 -1.939287 0.990036
-1.343829 -2.549885 1.201771
-2.354621 -2.911087 1.258076
-2.762144 -2.721972 1.141016
-2.889471 -2.254939 0.733763
-2.500806 -1.854466 0.056146
-1.908590 -1.870718 -0.391711
-0.871140 -1.996127 -0.837593
-0.842547 -2.294386 -0.856557
-0.362220 -2.618958 -0.845804
-0.460688 -2.429940 -1.015151
-0.132593 -2.148222 -1.129359
-0.145487 -1.958623 -1.103012
0.076588 -1.993436 -0.940968
0.711554 -2.530371 -0.717420
0.875841 -2.973921 -0.478444
0.925827 -2.983134 -0.418916
0.535926 -2.760089 0.010599
0.379915 -2.655297 0.074046
-0.013062 -2.308189 0.307212
-0.108807 -2.436849 0.323673
-0.054120 -2.450896 0.330238
-0.143824 -2.352345 0.138964
-0.377421 -1.903085 -0.052934
-0.769731 -1.196496 -0.319746
-1.098828 -0.692857 -0.487044
-1.269431 -0.677415 -0.420412
-1.491798 -1.403550 -0.109842
-1.343375 -2.097044 0.214343
-1.415213 -2.458880 0.481148
-1.718899 -2.205605 0.508060
-1.424604 -1.431095 0.269038
-1.111080 -1.129253 0.023161
-0.820117 -1.327362 0.095402
-0.645365 -1.756795 0.300283
-0.870854 -2.065208 0.471321
-1.033260 -2.301798 0.793983
-0.598122 -2.227873 0.733251
-0.244791 -1.945211 0.435563
0.098169 -1.528987 0.202426
0.018956 -1.337363 0.106187
-0.167540 -1.235417 0.286943
-0.167540 -1.235417 0.286943
-0.238714 -1.283788 0.525795
-0.352478 -1.303183 0.712183
0.015640 -1.097769 0.802484
0.057675 -0.894598 0.705905
0.148988 -0.458153 0.460364
0.174639 0.113883 0.142814
0.484688 0.608414 -0.040067
0.576893 0.820633 -0.166091
0.379558 0.942995 -0.018201
0.182225 0.677899 0.278811
0.129190 0.224318 0.665109
0.459976 -0.194751 1.051614
0.826235 -0.748007 1.242082
1.068071 -1.009006 1.390918
1.102471 -1.200738 1.419363
1.085484 -1.291139 1.424327
0.996702 -1.345068 1.329188
0.923996 -1.400797 1.085621
1.060263 -1.276144 0.801309
1.073021 -1.096404 0.467642
1.036682 -0.793540 0.122552
0.907039 -0.554657 -0.097133
0.703646 -0.307569 -0.224259
0.707705 -0.105466 -0.200956
0.729232 -0.168724 -0.093840
0.572983 -0.271046 0.058113
0.359118 -0.301469 0.222270
0.205103 -0.407262 0.361458
0.127056 -0.407965 0.384078
0.007674 -0.383704 0.358269
0.150151 -0.378449 0.267260
0.216354 -0.304801 0.149282
0.222133 -0.302521 0.138904
0.071784 -0.108866 -0.016259
0.007611 0.000850 -0.084672
0.166700 0.153725 -0.232412
0.350262 0.187146 -0.344323
0.414384 0.222548 -0.382871
0.466621 0.318054 -0.383455
0.514203 0.342863 -0.367854
0.668693 0.341461 -0.337609
0.726173 0.210317 -0.185090
0.682882 0.027057 -0.044768
0.656526 -0.207908 0.075042
0.584616 -0.535943 0.269909
0.438468 -0.781067 0.434718
0.303985 -0.928702 0.481303
0.306524 -1.050912 0.511069
0.343236 -1.143846 0.424515
0.288327 -1.206667 0.316622
0.241363 -1.235490 0.261907
0.211660 -1.279592 0.237849
0.154901 -1.359431 0.206076
0.047876 -1.465821 0.189377
-0.003917 -1.514860 0.188413
0.131991 -1.684866 0.079251
0.268310 -1.815605 0.017757
0.339865 -1.964153 -0.029838
0.368198 -2.048350 -0.052378
0.369034 -2.116517 -0.046646
0.173020 -2.192870 -0.096825
0.066971 -2.188720 -0.161175
0.071080 -2.197332 -0.173305
0.064749 -2.216992 -0.239226
-0.125852 -2.438593 -0.259882
-0.093270 -2.553816 -0.218506
-0.209792 -2.907819 -0.217762
-0.224452 -3.001418 -0.209396
-0.101155 -3.146826 -0.201513
-0.098670 -3.183797 -0.180800
-0.137646 -3.181321 -0.197420
-0.204874 -3.234462 -0.219260
-0.377542 -3.273804 -0.244912
-0.357035 -3.258350 -0.287237
-0.329523 -3.282235 -0.328913
-0.370142 -3.589090 -0.437487
-0.194924 -3.717358 -0.452130
-0.171060 -3.702957 -0.474750
-0.162899 -3.613512 -0.536625
-0.025573 -3.487792 -0.502123
-0.045040 -3.372879 -0.471481
-0.071021 -3.333793 -0.443260
0.085525 -3.319973 -0.318868
-0.017435 -3.369502 -0.289121
-0.075413 -3.300198 -0.210320
-0.043103 -3.218334 -0.189931
0.020035 -2.856511 -0.297053
0.032107 -2.615078 -0.367630
0.037890 -2.515089 -0.352653
-0.235229 -2.004876 -0.432915
-0.266732 -1.913330 -0.418473
-0.342320 -1.602451 -0.386690
-0.391791 -1.540484 -0.364764
-0.486832 -1.244407 -0.269302
-0.509437 -1.169299 -0.253298
-0.610191 -0.922935 -0.339217
-0.630760 -0.641009 -0.365769
-0.670782 -0.485890 -0.425224
-0.698787 -0.416520 -0.410685
-0.673607 -0.320832 -0.270067
-0.603336 -0.295504 -0.263567
-0.530766 -0.218107 -0.228611
-0.569430 -0.030969 -0.146789
-0.696723 0.012090 -0.117874
-0.672881 0.069318 -0.105085
-0.585392 0.067802 -0.086944
-0.563794 0.075504 -0.116957
-0.491631 0.211854 0.000609
-0.432656 0.340956 0.114098
-0.423095 0.331404 0.125554
-0.380743 0.419271 0.287575
-0.053448 0.457145 0.324865
0.235567 0.418712 0.356053
0.284977 0.427513 0.402699
0.372203 0.387190 0.546318
0.427827 0.317638 0.605125
0.492636 0.258000 0.688191
0.438247 0.272527 0.698465
0.411942 0.260475 0.606985
0.373003 0.324942 0.584736
0.310216 0.405331 0.587244
0.145683 0.693490 0.434364
0.161549 0.941910 0.308621
0.099077 1.061049 0.256950
0.027524 1.076186 0.273599
0.053072 1.027850 0.363563
0.142351 0.920359 0.488795
0.359664 0.947944 0.667011
0.444433 1.027335 0.814432
0.653142 0.885439 0.929036
0.968205 0.751054 0.955970
1.248727 0.684404 0.837552
1.453960 0.779488 0.695699
1.582254 0.820201 0.631012
1.742893 0.690709 0.526634
1.878846 0.561022 0.375097
1.833634 0.469270 0.241946
1.722535 0.475485 0.160684
1.655676 0.498996 0.077041
1.657951 0.457591 -0.054900
1.712126 0.499249 -0.154997
1.658016 0.576628 -0.166210
1.583624 0.707070 -0.178528
1.667612 0.929960 -0.218480
1.625486 0.985462 -0.260332
1.450064 0.974793 -0.189792
1.146551 0.753304 -0.100926
0.933539 0.448586 0.010938
0.858630 0.206802 0.054386
0.708097 -0.094390 0.107756
0.565608 -0.270319 0.240457
0.441575 -0.541243 0.327857
0.325706 -0.670340 0.373920
0.169616 -0.849763 0.418616
0.093684 -1.050689 0.440028
0.097168 -1.084092 0.425222
0.150314 -1.312785 0.460552
0.177400 -1.736608 0.453444
0.224666 -1.957680 0.429046
0.215021 -2.146761 0.407793
0.244572 -2.317597 0.336605
0.320359 -2.438634 0.230618
0.327337 -2.458884 0.180680
0.238321 -2.477629 -0.027043
0.195101 -2.478780 -0.105054
0.199205 -2.596257 -0.099023
0.168989 -2.783019 -0.052661
0.012581 -3.544391 0.263107
0.060993 -4.062173 0.450051
0.222681 -4.189781 0.481464
0.242642 -4.162563 0.456970
0.219100 -3.590004 0.407714
0.266316 -3.090874 0.382860
0.516987 -2.781102 0.444639
0.575214 -2.844578 0.483487
0.720847 -3.171864 0.586598
0.773788 -3.326791 0.646508
1.004054 -3.910276 0.928363
0.999891 -3.333871 0.821561
1.021730 -2.519603 0.635343
0.967820 -1.623632 0.306719
0.775095 -1.191988 0.088197
0.431925 -0.928591 0.064015
0.219738 -1.013265 0.109974
0.267182 -1.314389 0.155597
0.215438 -1.625155 0.211849
0.057210 -1.608404 0.176068
-0.171043 -1.176286 0.016473
-0.263504 -0.392646 -0.368489
-0.501369 0.291886 -0.653492
-0.807502 0.467366 -0.705071
-0.944745 0.065948 -0.451281
-1.003354 -0.638394 -0.069816
-1.013637 -1.354437 0.166122
-0.941316 -1.188939 0.093685
-0.904952 -0.583468 -0.132545
-0.836641 0.009104 -0.304835
-0.750360 0.215702 -0.361223
-0.649923 0.021131 -0.330912
-0.527839 -0.426967 -0.159972
-0.540403 -0.976450 0.136634
-0.716635 -1.732010 0.456746
-0.806556 -1.979187 0.612611
-0.887439 -1.884876 0.647055
-0.918976 -1.527798 0.520276
-1.017824 -0.866745 0.384051
-1.186410 -0.520537 0.278791
-1.261289 -0.974256 0.430696
-1.250309 -1.844581 0.754431
-1.220884 -2.839640 1.201136
-1.366712 -3.160334 1.329215
-1.597401 -2.889569 1.242419
-1.832035 -2.315023 1.067681
-2.054982 -2.189053 0.860414
-2.187217 -2.502976 0.898802
-2.167271 -3.019880 1.168739
-2.152624 -3.260281 1.400143
-2.006976 -3.298455 1.826558
-1.823910 -3.768038 2.157933
-1.668150 -4.228259 2.460059
-1.629496 -4.468254 2.603700
-1.503890 -4.232203 2.579900
-1.335635 -4.002691 2.471456
-1.082524 -3.913079 2.257374
-0.896161 -4.081323 2.121445
-0.823823 -4.219695 1.954728
-0.874040 -4.300969 1.673247
-1.147694 -4.067804 1.341210
-1.540226 -3.708852 1.038232
-2.102392 -3.430656 0.762338
-2.238366 -3.255575 0.589227
-2.206863 -3.101910 0.221784
-1.884047 -2.913109 -0.134108
-1.816300 -2.859911 -0.141748
-1.330191 -2.684095 -0.361609
-0.824654 -2.019284 -0.703229
-0.843527 -1.230562 -0.921686
-1.022835 -0.251669 -1.006619
-1.275616 0.561284 -0.945707
-1.334098 1.410628 -0.744218
-1.328134 1.481905 -0.705344
-1.294541 1.653179 -0.645327
-0.938366 2.570083 -0.143467
-1.108621 2.886619 0.046296
-1.278444 3.339349 0.154545
-1.276943 3.662311 0.152781
-1.153453 3.619576 0.024465
-1.066203 3.256250 -0.015196
-1.063570 3.006499 -0.003211
-1.167454 2.807080 0.024058
-1.126847 2.889029 0.018434
-1.063857 2.892729 0.033443
-0.699229 2.330487 0.073358
-0.673192 2.254280 0.106463
-0.198077 1.096983 0.302278
-0.117292 0.973301 0.306552
0.348804 0.422379 0.204911
0.513708 0.373411 0.155666
0.577984 0.479835 0.183924
0.425911 0.587407 0.238165
0.295750 0.729563 0.285293
0.442358 0.616786 0.206857
0.965682 0.523479 0.123548
1.097410 0.481852 0.099852
1.543663 0.096103 -0.081237
1.302212 0.044734 -0.048193
0.775440 0.112097 -0.092750
0.309844 0.593547 -0.155387
0.096273 0.872434 -0.232725
0.328173 0.855007 -0.249238
0.364196 0.829489 -0.257414
0.817367 0.033265 -0.215297
0.710546 -0.242862 -0.137662
0.418434 -0.237564 -0.124841
0.147316 -0.110257 -0.179946
0.165443 -0.109765 -0.297840
0.298379 -0.278337 -0.366812
0.373110 -0.331596 -0.367643
0.809385 -0.715916 -0.294543
1.086429 -0.856683 -0.186385
1.394876 -0.924477 -0.120037
1.481588 -0.907256 -0.083235
1.522966 -0.896224 -0.032221
1.509715 -0.903351 -0.005822
1.407483 -1.112832 0.062796
1.325035 -1.649843 0.202962
1.421537 -1.770401 0.262017
1.469646 -1.938108 0.278518
1.487763 -2.132099 0.327172
1.450960 -2.424213 0.340453
1.440554 -2.616343 0.372271
1.429182 -2.672218 0.459805
1.385398 -2.839359 0.516044
1.351378 -2.968760 0.641192
1.301046 -3.038490 0.659236
1.143464 -3.210238 0.827342
1.192852 -3.023772 0.853647
1.196171 -2.994459 0.876208
1.255166 -2.483253 0.982469
1.371134 -2.130767 0.957682
1.500768 -1.597857 0.936707
1.555810 -1.396192 0.926001
1.462473 -1.048464 0.865263
1.270421 -0.842928 0.901239
1.176537 -0.784141 0.928812
1.039578 -0.628663 0.917013
0.892589 -0.542755 0.798523
0.748024 -0.411606 0.688557
0.626835 -0.342410 0.586012
0.558910 -0.369373 0.527130
0.493624 -0.382217 0.521170
0.507660 -0.534263 0.555078
0.578277 -0.662395 0.658369
0.676286 -0.839499 0.780817
0.827101 -0.863154 0.900165
0.984631 -0.856290 0.927202
1.084389 -0.811032 0.892472
1.277214 -0.677150 0.860165
1.443709 -0.461671 0.717656
1.521189 -0.169070 0.577943
1.478287 -0.029256 0.486560
1.354243 0.020954 0.489203
1.123259 -0.000966 0.492758
1.007681 0.039220 0.492068
0.922388 0.114322 0.483075
0.790931 0.123708 0.540999
0.570339 0.063884 0.571044
0.368928 -0.013751 0.639807
0.212736 -0.089635 0.674018
0.223767 -0.167729 0.684494
0.229887 -0.194461 0.679901
0.272880 -0.239902 0.652732
0.301240 -0.428251 0.666438
0.325131 -0.637272 0.691357
0.384589 -0.791463 0.647505
0.492159 -0.825182 0.599139
0.637780 -0.760613 0.477047
0.758594 -0.609291 0.327576
0.820677 -0.179889 -0.005558
0.721935 -0.053016 -0.102533
0.721851 0.107871 -0.164196
0.688353 0.192159 -0.154586
0.657437 0.217399 -0.118157
0.684840 0.291703 -0.031323
0.727932 0.338662 0.075914
0.585444 0.353863 0.199262
0.457074 0.308927 0.270817
0.363075 0.274572 0.330037
0.260539 0.158362 0.351233
0.261335 -0.043227 0.393743
0.316883 -0.342281 0.435281
0.342273 -0.660011 0.489178
0.282600 -0.872510 0.523960
0.187391 -0.984320 0.489277
0.126501 -0.944143 0.453259
0.053353 -0.944824 0.384100
0.031071 -0.931645 0.294571
0.083399 -0.895575 0.214285
0.115148 -0.932915 0.141961
0.158801 -0.937222 0.078416
0.167672 -0.905293 -0.004343
0.168483 -0.906801 -0.018907
0.126444 -0.897915 -0.036794
0.081881 -0.880479 -0.032686
-0.023805 -0.821736 -0.026794
-0.235125 -0.711894 0.039650
-0.298107 -0.755486 0.075361
-0.268463 -0.892547 0.133308
-0.154593 -1.055139 0.187772
-0.004524 -1.242436 0.303089
0.106237 -1.418918 0.423762
0.167020 -1.605525 0.560923
0.167394 -1.734215 0.630975
0.158145 -1.839319 0.682700
0.187855 -1.894018 0.723293
0.263864 -1.996094 0.723326
0.437885 -2.145131 0.759619
0.697529 -2.327271 0.768445
0.953994 -2.378343 0.707448
1.053098 -2.310160 0.583742
0.870256 -2.218556 0.543709
0.735945 -2.163912 0.431165
0.667743 -2.140423 0.381205
0.508394 -2.079602 0.346164
0.333959 -1.811365 0.270878
0.264555 -1.546590 0.181314
0.208634 -1.404611 0.205305
0.182693 -1.432192 0.254921
0.113769 -1.499329 0.336835
0.054118 -1.611022 0.472313
0.000086 -1.730641 0.598873
-0.002296 -1.792865 0.722191
-0.027178 -1.863044 0.809290
-0.037026 -1.919952 0.908072
0.042185 -2.037768 1.052555
0.174892 -2.181418 1.139513
0.253492 -2.284324 1.215681
0.325716 -2.301592 1.247888
0.430571 -2.287659 1.272828
0.566504 -2.341936 1.299661
0.684072 -2.374788 1.334018
0.774660 -2.401112 1.252078
0.819628 -2.325964 1.214250
0.818104 -2.203474 1.219730
0.791094 -2.003552 1.199165
0.792975 -1.780263 1.171320
0.806386 -1.606326 1.140758
0.746430 -1.431960 1.144670
0.575394 -1.185999 1.101525
0.438022 -0.966227 1.018419
0.330958 -0.672311 0.962219
0.268879 -0.395852 1.018150
0.175271 -0.196594 1.014913
0.070913 -0.005990 1.009382
-0.025789 0.191784 0.973874
-0.124010 0.381503 0.895267
-0.194620 0.562545 0.769815
-0.303381 0.796748 0.606910
-0.397984 1.017755 0.473067
-0.429875 1.123578 0.350346
-0.523518 1.244613 0.217606
-0.653310 1.299402 0.059248
-0.779491 1.282921 -0.070978
-0.834892 1.362287 -0.132904
-0.813879 1.419471 -0.171186
-0.847187 1.366969 -0.175413
-0.850425 1.327901 -0.129701
-0.906941 1.397650 -0.033036
-0.934190 1.353337 0.060178
-0.915222 1.317999 0.126420
-0.881461 1.248517 0.296720
-0.779818 1.054701 0.481444
-0.635630 0.897257 0.649123
-0.454821 0.771661 0.840711
-0.208379 0.448472 1.011245
-0.008586 0.104997 1.230105
0.183880 -0.222667 1.414536
0.343881 -0.516317 1.598030
0.366051 -0.722297 1.783962
0.320793 -0.896873 1.817118
0.361944 -1.006354 1.889850
0.359672 -1.254403 1.931922
0.326515 -1.442960 1.967056
0.269349 -1.494989 1.931330
0.332936 -1.427805 1.931669
0.598511 -1.199734 1.910405
0.909626 -1.208268 1.894103
1.073960 -1.196902 1.935818
1.294925 -1.038906 1.994284
1.554056 -0.840241 1.912149
1.748520 -0.395262 1.903687
1.758080 -0.149831 1.939079
1.666322 0.042362 1.987337
1.457250 0.117934 2.030915
1.320061 0.154787 1.961621
1.166902 0.342223 1.838090
1.094306 0.493525 1.741647
0.982104 0.560407 1.587586
0.993628 0.605513 1.551740
1.050818 0.524584 1.489219
1.098504 0.454899 1.374723
1.036560 0.317866 1.165640
0.901426 0.142553 0.992220
0.791374 -0.025541 0.770138
0.856213 -0.235170 0.599954
0.968314 -0.392883 0.652161
1.023907 -0.717412 0.665408
1.058173 -0.871216 0.614545
1.155480 -0.798056 0.374512
1.308759 -0.679657 0.046792
1.531784 -0.601014 -0.194803
1.833866 -0.885583 -0.178929
1.903365 -1.424044 0.129687
1.716672 -1.797824 0.512123
1.650823 -2.040670 0.779896
1.876221 -1.995244 0.938223
2.131401 -2.154564 0.807964
2.252801 -2.087600 0.568381
2.324121 -1.858929 0.049149
2.223161 -1.713668 -0.231196
1.992935 -1.492996 -0.534469
1.660626 -1.553197 -0.740766
1.193378 -1.597731 -0.869462
1.023084 -1.551400 -1.051399
1.082758 -1.470883 -1.324513
1.326553 -1.187469 -1.622544
1.519804 -0.991764 -1.978890
1.681271 -0.797515 -2.169357
1.427054 -0.938516 -2.167623
1.157111 -1.086317 -1.873564
1.022292 -1.067930 -1.652178
0.984863 -1.163476 -1.367741
0.970143 -1.118569 -1.152081
0.940780 -0.963302 -1.055806
0.830936 -0.751510 -1.236418
0.663492 -0.338739 -1.384583
0.571775 -0.176894 -1.513618
0.625369 0.067311 -1.634661
0.716957 0.131648 -1.741825
0.758682 0.012854 -1.795317
0.837757 -0.034646 -1.771217
0.860500 -0.255153 -1.675862
1.052473 -0.275622 -1.498028
1.178642 -0.272207 -1.358311
1.177477 -0.449904 -1.223692
1.050681 -0.554912 -0.806912
0.766484 -0.625297 -0.538224
0.362441 -0.663181 -0.197727
0.152131 -0.395958 0.008526
0.128417 -0.357751 0.144110
0.135589 -0.363689 0.393251
0.099276 -0.476927 0.531192
0.056846 -0.549121 0.495346
-0.358546 -0.290263 0.502552
-0.965662 -0.198501 0.311538
-1.698472 0.265327 0.062612
-1.700560 0.435003 0.001184
-1.215373 0.257540 0.037133
-0.460468 0.091651 0.258769
-0.109616 -0.324635 0.460688
0.049711 -0.654633 0.700642
-0.110922 -0.659965 0.688277
-0.202675 -0.445476 0.629798
-0.296787 -0.244599 0.688991
0.006213 -0.434353 0.699670
0.413493 -0.651577 0.907229
0.557267 -0.966034 1.053181
0.571109 -1.138506 1.105175
0.661262 -0.832349 1.045936
0.599970 -0.781260 0.918690
0.462415 -0.714506 0.823674
0.496472 -0.700589 0.658854
0.514244 -0.719017 0.592281
0.415239 -0.532189 0.501273
0.334707 -0.369097 0.345683
0.332621 -0.122717 0.286893
0.449248 -0.078834 0.288104
0.508890 -0.108297 0.418328
0.550263 -0.178183 0.488495
0.595285 -0.254776 0.468321
0.642906 -0.180089 0.359748
0.701093 -0.124141 0.220773
0.769205 -0.017295 0.158413
0.855649 -0.027058 0.148089
0.759094 -0.158264 0.117760
0.593133 -0.178900 0.084530
0.706204 -0.189683 0.067183
1.045601 -0.182077 0.110932
1.118566 -0.198546 0.112033
0.825930 -0.254773 0.063083
0.214084 -0.154916 0.013086
-0.168575 0.060333 0.010781
0.173670 0.150677 -0.031016
0.807676 -0.135342 0.134617
1.407322 -0.661136 0.394036
1.344587 -0.913010 0.525885
0.576801 -0.951783 0.614654
0.063154 -0.561290 0.618639
0.062431 -0.211361 0.638302
0.148032 -0.299004 0.808250
0.273982 -0.474982 1.110731
0.415382 -0.617130 1.466650
0.496522 -0.800019 1.781858
0.563653 -0.788910 1.914145
0.544948 -0.763727 1.838802
0.536273 -0.888699 1.691651
0.515531 -1.052451 1.546539
0.446479 -1.358341 1.277528
0.358844 -1.378465 0.963406
0.290633 -1.257709 0.650482
0.234741 -1.169030 0.561953
0.208458 -1.189418 0.552134
0.238201 -1.416119 0.488707
0.303465 -1.524352 0.482573
0.347888 -1.561025 0.458127
0.375810 -1.590871 0.352709
0.497233 -1.393616 0.184852
0.718485 -1.359013 0.006885
0.818934 -1.471149 0.016821
0.859842 -1.564792 0.042096
0.940085 -1.701908 0.208990
1.091269 -1.651378 0.342287
1.395337 -1.627814 0.429702
1.653328 -1.562621 0.606170
1.811965 -1.596112 0.751839
1.923445 -1.506244 0.953337
1.955281 -1.384690 1.210853
1.774733 -1.145214 1.431997
1.389620 -0.754115 1.626402
1.276036 -0.529443 1.787703
1.457736 -0.440187 1.990215
1.900929 -0.573827 2.075363
2.333543 -0.937092 2.004861
2.437476 -1.064856 1.801394
2.436076 -1.267376 1.493216
2.233435 -1.127119 1.153336
1.886898 -0.862900 0.835833
1.328101 -0.643308 0.669053
1.168267 -0.428264 0.627463
1.543762 -0.499178 0.639430
2.110393 -0.464615 0.764956
2.373863 -0.424736 0.886781
2.014560 -0.210315 0.962158
1.558663 0.154375 0.861880
1.172646 0.526610 0.619910
1.126970 1.096955 0.373618
1.158397 1.259367 0.328638
0.925866 1.732345 0.223461
0.829964 1.842050 0.216174
0.610503 2.208230 0.260422
0.656873 2.500137 0.304004
0.554144 2.591814 0.322153
0.360868 2.498000 0.349367
0.096593 2.389949 0.300710
-0.134101 2.233563 0.197799
-0.389343 2.270132 0.230875
-0.666764 2.265039 0.378910
-0.837488 2.172179 0.554633
-0.828327 1.986166 0.659622
-0.467974 1.465870 0.757481
-0.262754 0.981156 0.832901
-0.374735 0.478441 0.914526
-0.489925 0.225957 0.926682
-0.559591 0.061516 0.880091
-0.648840 -0.282088 0.696171
-0.486249 -0.445289 0.612736
-0.310245 -0.526419 0.586754
-0.047392 -0.552105 0.620254
0.209992 -0.542051 0.610613
0.284248 -0.573357 0.607571
0.350913 -0.599774 0.608613
0.896877 -0.859510 0.603569
0.950938 -0.780877 0.623734
0.929288 -0.671572 0.573383
1.013336 -0.516992 0.558494
1.245884 -0.266163 0.640279
1.483153 -0.045437 0.765597
1.543781 0.052285 0.910288
1.553250 -0.041192 1.114939
1.489963 -0.002552 1.246900
1.461993 0.285578 1.295088
1.444686 0.611426 1.255243
1.430051 0.661217 1.172936
1.497585 0.557907 1.030282
1.681598 0.332557 0.801019
2.080428 0.226650 0.709552
2.422188 0.106278 0.593355
2.389633 0.057648 0.511793
2.213880 -0.075600 0.427976
1.858025 -0.224102 0.380928
1.480586 -0.100829 0.363814
0.969257 0.018196 0.254041
0.863738 0.184630 0.233706
1.550923 -0.035053 0.596703
1.753684 -0.209769 0.703236
1.926039 -0.568242 0.905959
1.488056 -0.747666 0.882092
1.059175 -0.665587 0.821765
1.042909 -0.670616 0.691670
1.546486 -0.759422 0.556693
2.058184 -1.106538 0.401776
2.207823 -1.357435 0.245554
2.125693 -1.601713 0.193761
2.003303 -1.639524 0.198555
1.337608 -1.450389 0.058050
0.837133 -1.163431 -0.111217
0.582177 -1.143856 -0.148951
0.898417 -1.562140 0.108752
1.894657 -2.463488 0.521236
1.972235 -2.649135 0.553171
1.937679 -2.809409 0.691070
1.375547 -2.497986 0.752700
-0.577787 -1.967129 0.612403
-0.896914 -1.938969 0.598090
-1.128140 -1.926005 0.491732
-0.583947 -1.937366 0.607204
1.159295 -2.435049 0.871451
1.325272 -2.526790 0.895209
1.364719 -2.726232 0.840571
-0.051788 -2.415537 0.402679
-1.099451 -2.157760 0.145471
-1.857042 -1.829471 -0.184616
-1.867869 -1.566471 -0.124773
-1.396383 -1.574242 0.026329
-0.657951 -1.629875 0.310637
-0.299995 -1.851932 0.435580
-0.479881 -1.908462 0.303479
-1.185250 -1.575706 0.082258
-1.762793 -1.442347 -0.199858
-2.084663 -1.181920 -0.412410
-2.061622 -1.103254 -0.367688
-1.605890 -1.207924 -0.221362
-1.197846 -1.188168 -0.001896
-1.051721 -1.268233 0.030706
-1.306245 -1.409067 -0.053398
-1.788384 -1.376691 -0.119205
-2.352778 -1.429211 -0.345019
-2.597892 -1.303983 -0.330274
-2.637613 -1.214759 -0.308000
-2.483916 -1.170504 -0.237802
-2.256181 -0.929300 0.018808
-1.938806 -0.929725 0.185744
-1.637442 -0.899106 0.454170
-1.460998 -0.970314 0.613090
-1.351220 -1.135040 0.630097
-1.303247 -1.135312 0.639755
-1.138747 -1.146592 0.473118
-0.842339 -1.009264 0.523719
-0.649818 -1.006016 0.610778
-0.604072 -0.785587 0.707539
-0.530899 -0.788486 0.857966
-0.379422 -0.719333 0.966246
-0.186827 -0.678894 0.911697
-0.109209 -0.632103 0.780506
-0.037110 -0.551894 0.690956
0.016759 -0.512723 0.541850
0.020429 -0.442138 0.538120
0.113418 -0.291226 0.505306
0.182665 -0.188001 0.439790
0.270129 -0.140088 0.514620
0.381771 -0.138258 0.585876
0.531880 -0.182295 0.607696
0.625188 -0.208207 0.674203
0.698559 -0.230279 0.679172
0.734290 -0.197069 0.672238
0.757534 -0.186343 0.674444
0.750983 -0.205401 0.693276
0.749914 -0.230366 0.665799
0.793330 -0.279099 0.587146
0.841739 -0.304128 0.567890
0.892435 -0.349195 0.510375
0.876233 -0.374115 0.457507
0.819233 -0.397365 0.402510
0.731483 -0.406473 0.386973
0.729146 -0.385733 0.349996
0.830718 -0.387874 0.381557
0.972492 -0.392175 0.523336
1.134261 -0.439890 0.708718
1.322537 -0.459118 0.916419
1.439344 -0.477589 1.096666
1.557601 -0.401588 1.205559
1.565423 -0.287954 1.245084
1.475057 -0.174253 1.196464
1.375403 -0.137259 1.067983
1.237984 0.018373 0.950125
1.105744 0.105307 0.708344
0.994984 0.256404 0.445169
0.833222 0.405675 0.328313
0.771087 0.444608 0.217520
0.702310 0.648633 0.178567
0.728814 0.655312 0.169254
0.805495 0.619926 0.219925
0.872718 0.666826 0.405089
0.995231 0.561242 0.443761
1.099542 0.632684 0.621932
1.201928 0.511600 0.694761
1.280653 0.367370 0.718242
1.371802 0.408943 0.843288
1.490936 0.216311 0.834695
1.565449 0.214700 0.909809
1.726503 0.166097 0.902142
1.762999 0.075332 0.845809
1.659715 0.130232 0.867919
1.563628 0.045776 0.811174
1.433481 0.120232 0.781886
1.238499 0.101810 0.721897
1.071762 0.006606 0.620335
0.900047 0.140209 0.639628
0.791932 0.026344 0.573498
0.664271 0.123139 0.628023
0.605242 0.151245 0.615460
0.551707 0.083797 0.684802
0.595544 0.130548 0.752708
0.670744 0.055525 0.722716
0.701188 0.018020 0.736499
0.759723 -0.014874 0.692504
0.729483 -0.087262 0.657643
0.717086 -0.075371 0.724376
0.761828 -0.137117 0.654228
0.827866 -0.195749 0.617715
0.886046 -0.241513 0.620868
0.977810 -0.384033 0.540369
0.975287 -0.388811 0.575906
0.995181 -0.422485 0.556958
1.089618 -0.526896 0.481554
1.067366 -0.517287 0.459413
1.028674 -0.737808 0.405537
0.972805 -0.748636 0.426337
1.012189 -0.883126 0.474820
0.974796 -0.948816 0.514137
0.859817 -0.912991 0.550713
0.768058 -0.956463 0.495581
0.617467 -0.981645 0.536339
0.531111 -0.977073 0.506116
0.423538 -1.082189 0.377494
0.285361 -0.986221 0.382961
0.148644 -1.013443 0.317277
-0.003882 -1.091112 0.280180
-0.077651 -1.099327 0.315249
-0.090282 -1.241436 0.290241
-0.073328 -1.262035 0.318306
-0.162707 -1.221283 0.329713
-0.297389 -1.351562 0.266652
-0.458117 -1.329876 0.263509
-0.568564 -1.356718 0.285470
-0.567078 -1.439194 0.273253
-0.474220 -1.526441 0.356727
-0.342532 -1.653576 0.469410
-0.263599 -1.851576 0.549196
-0.142563 -1.796299 0.661929
-0.111966 -1.898529 0.683089
-0.219859 -1.995717 0.724895
-0.439612 -2.000818 0.686080
-0.429887 -1.951207 0.670587
-0.425559 -1.861322 0.681846
-0.502005 -1.809210 0.579431
-0.561050 -1.760067 0.515635
-0.593949 -1.650530 0.433671
-0.547959 -1.516942 0.323142
-0.455822 -1.328068 0.318420
-0.376127 -1.322558 0.258553
-0.231981 -1.355427 0.205249
-0.081647 -1.301522 0.141248
0.028785 -1.303777 0.058550
-0.001740 -1.260273 0.146221
-0.058705 -1.219837 0.216127
-0.075412 -1.262130 0.236550
-0.019330 -1.148504 0.292597
0.018049 -1.125983 0.348823
0.092455 -1.056745 0.469556
0.206141 -0.840884 0.682083
0.220250 -0.842818 0.709105
0.186371 -0.660331 0.627705
0.139775 -0.560213 0.553954
0.058890 -0.484058 0.451945
0.056686 -0.459219 0.410046
0.157273 -0.345911 0.191689
0.254550 -0.230597 0.098490
0.264005 -0.133621 0.013259
0.301816 -0.146645 0.029414
0.338738 -0.118237 0.090350
0.457527 -0.152105 0.111120
0.515102 -0.157548 0.183729
0.564298 -0.220948 0.268346
0.611175 -0.304803 0.357509
0.596610 -0.310236 0.375125
0.643822 -0.365514 0.336600
0.646521 -0.259095 0.312059
0.589232 -0.237878 0.239556
0.481042 -0.208338 0.266255
0.483739 -0.177235 0.296485
0.531740 -0.206576 0.205070
0.590760 -0.134819 0.204555
0.668653 -0.192174 0.183505
0.711871 -0.210401 0.220219
0.798020 -0.219730 0.261915
0.882924 -0.282051 0.292330
0.963845 -0.286645 0.358040
1.013348 -0.378368 0.350719
1.049936 -0.466716 0.425397
1.072179 -0.471277 0.483009
1.058796 -0.482629 0.503272
1.072539 -0.495046 0.507983
1.088443 -0.556111 0.517796
1.068376 -0.541014 0.550863
1.096234 -0.726164 0.751689
1.099068 -0.708124 0.787579
1.075389 -0.783537 0.816988
1.014698 -0.755300 0.930980
0.929851 -0.739952 0.913184
0.756099 -0.743883 0.899958
0.676136 -0.742212 0.850792
0.575188 -0.836513 0.687569
0.488283 -0.842231 0.606423
0.465597 -0.833114 0.509991
0.509972 -0.935608 0.465326
0.626509 -0.932369 0.478985
0.635458 -1.000646 0.391232
0.601286 -1.019184 0.370128
0.589602 -1.060537 0.326710
0.534182 -1.163934 0.269529
0.417159 -1.162628 0.295969
0.134460 -1.181452 0.376629
0.051525 -1.175256 0.433074
-0.044777 -1.183323 0.523321
0.055472 -1.284639 0.668067
0.203137 -1.389776 0.687972
0.390134 -1.542186 0.676825
0.456254 -1.738450 0.433265
0.478453 -1.709769 0.336307
0.539139 -1.750561 0.287017
0.634915 -1.741526 0.430981
0.658776 -1.741344 0.548270
0.644483 -1.745946 0.576710
0.620416 -1.721177 0.639955
0.380497 -1.818746 0.520208
0.133523 -1.815884 0.399317
-0.017571 -1.774844 0.342649
-0.029607 -1.707581 0.356906
-0.084882 -1.521755 0.353438
0.017428 -1.132271 0.464572
0.108423 -0.800823 0.552049
0.213129 -0.801352 0.681981
0.279669 -0.966535 0.790341
0.034579 -1.203062 0.744155
-0.470227 -1.240850 0.430108
-1.015461 -1.180638 0.083305
-1.041405 -1.207877 -0.052201
-1.046794 -1.388426 -0.071245
-0.947903 -1.545086 -0.183995
-0.729677 -1.568751 -0.057531
-0.594595 -1.503887 0.111267
-0.390205 -1.501041 0.257474
-0.142139 -1.261744 0.413507
-0.071153 -1.132794 0.457742
-0.099207 -0.906793 0.607954
-0.054794 -0.873896 0.707014
-0.034030 -0.822893 0.813267
0.080546 -0.793755 0.932882
0.242097 -0.789485 1.008765
0.428742 -0.782778 1.042867
0.733230 -0.854797 0.978736
0.854673 -0.791853 0.927793
0.936337 -0.765005 0.813498
0.882637 -0.696440 0.783294
0.854606 -0.657917 0.718137
0.855940 -0.573693 0.704773
0.828480 -0.392656 0.719828
0.771134 -0.300824 0.715116
0.705466 -0.062587 0.817693
0.743765 0.003948 0.803805
0.832599 0.164293 0.880596
0.973562 0.220508 0.936286
1.092031 0.232412 0.938934
1.056739 0.265899 0.956303
0.990460 0.247792 0.994082
0.922138 0.335297 1.163472
0.884860 0.315461 1.197331
0.874646 0.239293 1.230513
0.918486 0.159424 1.233558
1.027029 -0.080123 1.167742
1.074523 -0.234760 1.130281
1.010529 -0.403390 0.940497
0.830716 -0.407397 0.833776
0.545997 -0.391032 0.664517
0.440169 -0.439490 0.602704
0.526613 -0.329280 0.692967
0.737591 -0.314665 0.720108
0.902537 -0.305880 0.830902
1.046925 -0.338428 0.895051
1.069082 -0.347369 0.907119
1.042616 -0.295765 0.942865
1.042503 -0.362523 0.940232
1.053452 -0.390901 1.027357
1.140351 -0.367641 1.122665
1.232282 -0.376711 1.288633
1.158862 -0.374609 1.425242
1.062939 -0.394368 1.442680
0.994727 -0.389985 1.465809
0.903281 -0.299290 1.425700
0.758285 -0.314241 1.327233
0.573772 -0.241144 1.189404
0.326444 -0.094627 1.031388
0.196573 0.050865 0.937554
0.149588 0.201659 0.836611
0.177007 0.222682 0.820968
0.189607 0.233483 0.851725
0.157702 0.262163 0.884909
0.019244 0.363940 0.923702
-0.094612 0.410780 0.959296
-0.157184 0.415150 0.974366
-0.198678 0.274854 0.926741
-0.174292 0.209150 0.912484
-0.152239 0.187250 0.914006
-0.111401 0.117249 0.819869
-0.085785 0.241176 0.721626
-0.103780 0.184767 0.620767
-0.012372 0.112091 0.507586
0.241196 0.083550 0.473741
0.457512 0.028104 0.453715
0.663473 0.020537 0.553857
0.768910 -0.092330 0.623236
0.919437 -0.069351 0.857851
1.032339 -0.122876 0.995407
1.033901 -0.201465 1.074565
0.984513 -0.210060 1.142675
0.868633 -0.366934 1.097810
0.820841 -0.287620 1.092799
0.871231 -0.334827 0.923351
0.934117 -0.332306 0.849458
0.953414 -0.467380 0.701538
0.944816 -0.525165 0.516992
0.898093 -0.530200 0.381000
0.703328 -0.601626 0.131868
0.602461 -0.545857 0.035393
0.478494 -0.636747 -0.008337
0.424614 -0.779213 0.000508
0.619673 -0.811520 0.059117
0.767343 -0.925810 0.011442
0.931117 -1.102180 0.058310
1.082543 -1.277475 0.070658
0.938638 -1.424813 0.187193
0.700940 -1.539705 0.219405
0.656054 -1.403265 0.146584
0.912844 -1.477648 0.079295
1.573263 -1.706428 0.170755
1.664120 -1.814249 0.141417
1.688445 -1.919857 0.023773
0.692913 -1.794193 -0.352758
0.169899 -1.572549 -0.461520
-0.049992 -1.693664 -0.426663
0.025114 -1.752205 -0.246735
0.128595 -1.678290 0.038667
0.094044 -1.658725 0.168770
-0.084287 -1.583688 0.196443
-0.213236 -1.642990 0.167118
-0.219261 -1.625875 0.172121
-0.267107 -1.568648 0.249722
-0.133899 -1.584126 0.216228
0.068212 -1.530825 0.327104
0.284279 -1.474918 0.441865
0.348442 -1.248388 0.625956
0.349692 -1.216469 0.650106
0.028801 -1.036578 0.673979
-0.164969 -1.017368 0.596959
-0.138991 -1.053357 0.587656
0.017682 -1.026663 0.604904
0.407544 -1.000789 0.679857
0.591098 -1.132794 0.734635
0.202530 -1.236757 0.738675
-0.297440 -1.054939 0.619883
-0.389984 -0.933679 0.587857
0.521429 -0.821076 0.756496
0.609506 -0.856969 0.800517
0.321554 -1.012417 0.757926
0.222737 -1.028091 0.706566
-0.770133 -0.929001 0.363980
-1.360091 -0.737026 0.173151
-1.327382 -0.551794 0.145540
-0.825147 -0.360828 0.232005
-0.593230 -0.408149 0.303443
-0.351141 -0.895126 0.267794
-0.183096 -0.934400 0.277589
0.106636 -0.641495 0.123281
-0.264606 -0.408105 0.020520
-0.465712 -0.357218 -0.003128
-0.852326 -0.437675 -0.108652
-0.828094 -0.423147 -0.092462
-0.189576 -0.330519 0.280945
-0.003568 -0.374489 0.433660
0.369475 -0.630388 0.753002
0.488187 -0.812882 0.801386
0.471898 -0.831222 0.778447
0.275965 -1.148467 0.853008
0.085913 -1.175280 0.964786
0.010716 -1.135548 1.007699
-0.136686 -0.813402 0.958942
0.074525 -0.756548 0.820741
0.171774 -0.792032 0.781876
0.552056 -1.050498 0.629051
0.405764 -0.964247 0.509633
-0.039602 -0.695515 0.184821
-0.109147 -0.354848 -0.147752
-0.068974 -0.400235 -0.177470
0.500313 -0.577862 0.109680
0.812330 -0.464411 0.478390
0.550229 -0.483905 0.677721
0.200205 -0.650150 0.815172
0.252417 -0.863301 1.002310
0.661549 -0.958979 1.037731
0.667757 -0.865057 0.987165
0.242801 -0.776618 0.736612
-0.044126 -0.640299 0.383883
-0.105298 -0.528055 0.119537
0.084417 -0.594169 0.068576
0.400883 -0.718222 -0.008550
0.343581 -0.496133 -0.049644
0.228258 -0.467459 -0.051896
0.390442 -0.666221 0.165155
0.783815 -1.020625 0.434876
0.932189 -1.172049 0.611983
0.944605 -1.202093 0.620009
0.778350 -1.280915 0.661053
0.295489 -1.085253 0.581738
-0.074500 -0.814278 0.529493
0.174574 -0.969470 0.570022
0.818705 -1.046135 0.526898
1.225485 -1.283493 0.412850
1.265134 -1.306049 0.225995
0.608347 -1.060765 -0.101309
0.513721 -0.831686 -0.109477
0.732811 -0.869254 0.100061
1.085793 -0.944550 0.468581
1.186055 -0.959811 0.729324
1.072445 -0.967130 0.814030
0.378259 -0.907760 0.881904
-0.000324 -0.818243 0.752009
-0.011587 -0.710676 0.703629
0.554708 -0.708132 0.735421
0.875011 -0.878612 0.538243
0.762266 -0.970470 0.406585
0.243528 -0.947177 0.004212
-0.041807 -0.734036 -0.072439
-0.287648 -0.748691 -0.020984
-0.100747 -0.649775 0.300569
0.124377 -0.814808 0.586927
0.295094 -0.817377 0.906798
0.222096 -1.017522 0.952433
0.308685 -1.086336 0.923437
0.277765 -1.104450 0.814057
0.308357 -1.005557 0.763693
0.270827 -0.949059 0.671381
0.358911 -0.889024 0.551802
0.288661 -0.905376 0.470556
0.246272 -0.891978 0.318101
0.214963 -0.787241 0.291175
0.283915 -0.701570 0.296287
0.360206 -0.603384 0.445552
0.453887 -0.617084 0.627727
0.436100 -0.622969 0.760629
0.412670 -0.647392 0.747855
0.319337 -0.618725 0.734911
0.199547 -0.648062 0.674937
0.166492 -0.570150 0.660467
0.208266 -0.585442 0.661102
0.221706 -0.628691 0.596337
0.221996 -0.712685 0.506841
0.199521 -0.745365 0.435512
0.167886 -0.864395 0.348015
0.188549 -0.825612 0.345351
0.296991 -0.852416 0.317395
0.329472 -0.783706 0.409598
0.336943 -0.861315 0.420855
0.355864 -0.911011 0.481656
0.447569 -0.966466 0.474818
0.485450 -0.959212 0.498921
0.514539 -0.926531 0.490081
0.437481 -0.887036 0.476697
0.386131 -0.768198 0.497881
0.412091 -0.866520 0.471103
0.386797 -0.838018 0.536750
0.401020 -0.959829 0.540844
0.398838 -0.908913 0.587559
0.411663 -0.972352 0.539213
0.407009 -0.910069 0.540382
0.343606 -0.785070 0.565892
0.306759 -0.745053 0.512454
0.224433 -0.757806 0.513829
0.236983 -0.852924 0.429904
0.247726 -0.769316 0.423984
0.251589 -0.870260 0.381919
0.298112 -0.803291 0.433666
0.356528 -0.856004 0.415140
0.363997 -0.755123 0.435624
0.377827 -0.792183 0.442542
0.395514 -0.787780 0.454964
0.349244 -0.753896 0.459184
0.328370 -0.843151 0.397496
0.306767 -0.814843 0.433367
0.353104 -0.966672 0.469886
0.338219 -0.823354 0.513740
0.358070 -0.902411 0.502142
0.319967 -0.823203 0.522550
0.337907 -0.814631 0.517642
0.393176 -0.797130 0.484551
0.427414 -0.717928 0.535483
0.440314 -0.781836 0.477409
0.329615 -0.703926 0.463237
0.279225 -0.759825 0.406394
0.144030 -0.652168 0.396359
0.058621 -0.653882 0.342416
0.046067 -0.649791 0.311958
0.039307 -0.608671 0.354365
0.086682 -0.757251 0.326323
0.121657 -0.773002 0.403101
0.247571 -0.916818 0.420802
0.289111 -0.902755 0.459588
0.263620 -0.879378 0.475077
0.328728 -0.941278 0.507436
0.340337 -0.893953 0.541227
0.372848 -0.952364 0.539546
0.424766 -0.921401 0.575331
0.467028 -0.940698 0.554074
0.437849 -0.852373 0.521107
0.396208 -0.874746 0.513017
0.345065 -0.838615 0.510993
0.351998 -0.880567 0.557906
0.392513 -0.898043 0.517334
0.372319 -0.835204 0.541163
0.319494 -0.864245 0.456514
0.238950 -0.629091 0.445900
0.268882 -0.649932 0.413759
0.248577 -0.536132 0.393143
0.171822 -0.508306 0.366016
0.092491 -0.572672 0.322634
0.055834 -0.562576 0.319605
0.052342 -0.655223 0.295031
0.050680 -0.661104 0.343369
0.233650 -0.885213 0.429448
0.484141 -0.998462 0.534965
0.602747 -1.019652 0.631485
0.578060 -0.979979 0.572212
0.492425 -0.890149 0.530945
0.477517 -0.888939 0.501740
0.663726 -0.853618 0.603406
0.757509 -0.948725 0.650261
0.842002 -0.904869 0.708511
0.831167 -0.977786 0.727866
0.761490 -0.900990 0.593140
0.718769 -0.615031 0.503775
0.700262 -0.595435 0.459746
0.652689 -0.498520 0.406017
0.516778 -0.560366 0.386250
0.394917 -0.518495 0.392848
0.294857 -0.532426 0.433691
0.202060 -0.539124 0.369800
0.231690 -0.460763 0.369609
0.335436 -0.479354 0.357650
0.393361 -0.436314 0.376939
0.385403 -0.307663 0.390545
0.324803 -0.308064 0.377174
0.316508 -0.307198 0.387536
0.319533 -0.439038 0.426025
0.282877 -0.519854 0.434837
0.221483 -0.548005 0.462862
0.184415 -0.627563 0.417377
0.183227 -0.621875 0.452201
0.191333 -0.602823 0.459626
0.300463 -0.628839 0.512084
0.339054 -0.627481 0.544170
0.391205 -0.628344 0.541136
0.391205 -0.628344 0.541136
0.391205 -0.628344 0.541136
0.434937 -0.732019 0.592705
0.376564 -0.747562 0.586610
0.350313 -0.716364 0.605482
0.276940 -0.657803 0.585791
0.267248 -0.644513 0.568897
0.312186 -0.603045 0.576659
0.349300 -0.682644 0.637095
0.333636 -0.653343 0.610134
0.327360 -0.649653 0.617242
0.343044 -0.592513 0.655963
0.327388 -0.623785 0.643684
0.313715 -0.664066 0.579688
0.288040 -0.611041 0.566369
0.285479 -0.664609 0.492006
0.317196 -0.612422 0.459983
0.288486 -0.650077 0.421657
0.325763 -0.631970 0.440802
0.314743 -0.662959 0.474489
0.319296 -0.694886 0.517159
0.274381 -0.630180 0.585337
0.246506 -0.691864 0.587446
0.234607 -0.741353 0.663356
0.231815 -0.815341 0.732543
0.190839 -0.928980 0.712709
0.168279 -0.905066 0.730551
0.216968 -0.982970 0.655736
0.186058 -1.001859 0.603929
0.158469 -1.003966 0.519625
0.096684 -1.049946 0.387255
-0.012938 -0.974156 0.365840
-0.034573 -0.942724 0.341144
-0.019580 -0.963615 0.322143
0.001856 -0.873854 0.426678
0.011188 -0.879189 0.444948
0.094528 -0.785920 0.490643
0.102871 -0.721411 0.471291
0.086528 -0.723073 0.441829
-0.051476 -0.681999 0.408172
-0.129470 -0.770771 0.363395
-0.154480 -0.742033 0.405189
-0.186034 -0.857937 0.438968
-0.096726 -0.974520 0.556627
-0.064099 -1.007538 0.639013
0.012059 -1.159866 0.656895
0.081227 -1.160510 0.710117
0.127597 -1.183290 0.676983
0.130695 -1.211350 0.627918
0.128602 -1.145523 0.614904
0.152391 -1.168891 0.480445
0.162450 -1.166191 0.449464
0.196031 -1.061884 0.509224
0.280743 -1.097173 0.549093
0.304629 -1.133089 0.551152
0.409079 -1.236594 0.597352
0.437957 -1.184528 0.593824
0.447131 -1.113823 0.550187
0.308050 -1.084654 0.475828
0.221326 -1.018349 0.448476
0.240347 -1.002228 0.438636
0.205906 -0.954613 0.524460
0.179031 -1.008858 0.575735
0.048853 -1.062025 0.663666
0.009231 -1.143457 0.712000
0.045553 -1.093241 0.698395
0.092611 -0.906758 0.711891
0.086893 -0.868965 0.610993
0.045818 -0.791087 0.593355
0.037151 -0.725622 0.542091
0.091801 -0.745081 0.460112
0.141488 -0.692746 0.505906
0.149571 -0.801892 0.513330
0.109534 -0.832308 0.574849
0.044705 -0.817765 0.604019
0.059377 -0.869201 0.558819
0.095621 -0.765834 0.594422
0.125154 -0.714142 0.524373
0.095490 -0.651826 0.576802
0.072727 -0.651025 0.576952
0.085520 -0.738252 0.562529
0.093636 -0.769364 0.646718
0.096921 -0.827337 0.662143
0.064614 -0.840686 0.726929
0.067938 -0.855936 0.698303
0.201888 -0.976366 0.675439
0.299358 -0.962074 0.710105
0.463571 -1.054527 0.718760
0.581110 -1.046308 0.726885
0.719464 -1.064028 0.796282
0.863994 -1.196315 0.886400
1.061839 -1.236055 1.053314
1.229267 -1.295943 1.120369
1.355518 -1.338172 1.213220
1.343290 -1.362907 1.273666
1.431271 -1.376486 1.269159
1.526210 -1.192653 1.270282
1.595782 -1.010212 1.161503
1.494563 -0.970973 1.082062
1.267284 -0.833994 1.035692
1.039809 -0.835004 0.911912
0.773608 -0.715079 0.755650
0.661951 -0.642414 0.716469
0.562574 -0.717191 0.625532
0.546019 -0.588938 0.594635
0.436061 -0.517838 0.509786
0.324230 -0.393291 0.438195
0.193069 -0.119688 0.349774
0.027334 -0.134638 0.230128
-0.114245 -0.073893 0.262549
-0.090066 -0.075106 0.247197
-0.124136 -0.166890 0.219563
-0.027296 -0.239560 0.310027
0.052466 -0.422886 0.392943
0.062657 -0.454010 0.494701
0.086643 -0.543707 0.569065
0.072803 -0.598498 0.649425
0.165960 -0.635618 0.780486
0.191508 -0.721774 0.848247
0.184627 -0.860353 0.895342
0.279379 -0.938487 0.859350
0.327072 -0.989115 0.795787
0.321726 -0.951941 0.724394
0.323452 -0.938473 0.681638
0.378070 -0.840933 0.678257
0.375039 -0.728793 0.677707
0.295544 -0.595925 0.646334
0.229562 -0.474030 0.685882
0.155901 -0.530155 0.689891
0.096001 -0.531430 0.715969
0.052341 -0.539747 0.744459
0.059265 -0.512890 0.762396
0.068661 -0.489222 0.785309
-0.053779 -0.504131 0.818338
-0.145313 -0.573732 0.825983
-0.186710 -0.553568 0.830273
-0.336937 -0.510030 0.844080
-0.483529 -0.505706 0.782134
-0.455388 -0.504150 0.767603
-0.215867 -0.570986 0.770914
-0.046061 -0.595843 0.812183
0.124461 -0.538289 0.865400
0.307666 -0.452092 0.894283
0.357810 -0.336866 0.914618
0.376550 -0.177508 0.941981
0.394366 -0.040058 0.908007
0.374332 0.004863 0.880489
0.456810 -0.033058 0.783101
0.642448 -0.105285 0.721748
0.853452 -0.177729 0.708290
0.966073 -0.216701 0.708676
1.004959 -0.284036 0.697637
0.967113 -0.397777 0.685191
0.957033 -0.442283 0.676676
0.949754 -0.482086 0.688627
0.796842 -0.815089 0.574902
0.784344 -0.845243 0.538799
0.720368 -1.008516 0.485655
0.624134 -1.154312 0.405967
0.582664 -1.168044 0.360070
0.581036 -1.175456 0.336010
0.581155 -1.182179 0.338386
0.614049 -1.106184 0.408652
0.660654 -1.088738 0.408594
0.695140 -1.141509 0.377145
0.652157 -1.126124 0.343885
0.692603 -1.128156 0.318493
0.661135 -1.064947 0.351838
0.524751 -1.051792 0.394871
0.507946 -1.021688 0.402536
0.463215 -1.049538 0.405989
0.358388 -0.998032 0.429407
0.187715 -0.834195 0.461178
0.119597 -0.836797 0.509430
0.066810 -0.830850 0.572981
-0.015950 -0.762115 0.704965
-0.060056 -0.745601 0.763117
-0.163856 -0.757812 0.802397
-0.251445 -0.597206 0.910133
-0.244207 -0.503683 0.921837
-0.274957 -0.463216 0.844967
-0.223663 -0.408210 0.835518
-0.109561 -0.319661 0.875552
-0.015488 -0.334589 0.950008
0.087933 -0.296808 0.967457
0.299735 -0.232396 1.032282
0.447695 -0.207131 1.036434
0.525012 -0.198815 1.019157
0.509028 -0.152436 1.004434
0.443484 -0.195570 0.919548
0.328448 -0.231158 0.843089
0.328448 -0.231158 0.843089
0.208236 -0.184245 0.825781
0.233175 -0.054939 0.778630
0.222970 0.088999 0.778659
0.063807 0.335241 0.680218
0.008508 0.464412 0.618508
-0.012097 0.488879 0.551587
0.006682 0.436111 0.556850
0.051986 0.435494 0.535941
0.251962 0.413055 0.484172
0.317607 0.365819 0.403215
0.254826 0.247473 0.350031
0.223398 0.226930 0.334881
0.080581 -0.178575 0.258654
0.033051 -0.298967 0.282884
0.104614 -0.425765 0.264184
0.091461 -0.604978 0.240021
0.078987 -0.655037 0.219310
0.068605 -0.997849 0.221378
0.099708 -1.172300 0.336237
0.080977 -1.302806 0.361670
0.130438 -1.369598 0.485326
0.095544 -1.462209 0.580185
0.051695 -1.720686 0.630213
0.069915 -1.820352 0.771432
0.022498 -1.963998 0.786195
-0.016147 -1.972945 0.871579
0.043770 -2.017529 0.969177
0.058105 -2.045694 1.086722
0.133825 -2.011253 1.210376
0.177497 -1.976721 1.341241
0.113424 -1.859852 1.447778
0.054963 -1.853800 1.500601
0.041023 -1.823092 1.568273
0.198350 -1.929088 1.549742
0.275611 -1.972707 1.465205
0.345327 -1.970570 1.333591
0.382123 -1.954931 1.270106
0.333162 -1.886620 1.243972
0.325482 -1.912493 1.262500
0.300335 -1.832973 1.302125
0.250826 -1.757893 1.350724
0.222972 -1.756967 1.361332
0.175602 -1.664783 1.390159
0.152468 -1.598979 1.450083
0.162564 -1.574193 1.466396
0.338391 -1.415303 1.547913
0.446547 -1.349321 1.615450
0.596388 -1.299136 1.683147
0.730493 -1.285868 1.713796
0.757208 -1.275426 1.698156
0.863039 -1.246652 1.679213
0.929362 -1.216222 1.644678
0.892337 -1.165587 1.651270
0.840121 -1.107902 1.676796
0.791817 -1.078734 1.650559
0.783876 -1.077579 1.687265
0.726750 -0.981392 1.742006
0.719241 -0.985261 1.734649
0.637893 -0.982754 1.759251
0.610914 -0.983145 1.755825
0.526025 -1.015539 1.761582
0.486216 -1.059167 1.781297
0.725894 -1.151945 1.865233
0.787109 -1.074620 1.932734
0.807998 -1.027245 1.934873
0.880251 -0.968254 1.947191
0.959868 -0.894904 1.977763
0.990052 -0.835969 2.044049
1.014615 -0.814685 2.137088
0.993921 -0.809435 2.143134
1.014436 -0.791626 2.166280
1.040812 -0.636859 2.290190
0.969765 -0.504353 2.242847
0.965802 -0.463626 2.193518
0.939629 -0.423514 2.115168
0.893600 -0.398721 2.042886
0.770287 -0.377550 1.893260
0.594035 -0.369336 1.747793
0.397758 -0.398564 1.588317
0.308982 -0.406987 1.529846
-0.040541 -0.464711 1.187028
-0.095699 -0.480260 1.130994
-0.271462 -0.495160 0.971626
-0.364217 -0.537066 0.848133
-0.470333 -0.597372 0.770387
-0.685525 -0.747374 0.707753
-0.672595 -0.763215 0.711775
-0.843588 -0.863628 0.662900
-0.920004 -0.892186 0.721490
-0.995553 -0.911729 0.780189
-1.064121 -0.886566 0.824371
-1.129025 -0.814043 0.843456
-1.126730 -0.809012 0.842082
-1.121573 -0.785307 0.860185
-1.130401 -0.783836 0.849757
-1.203540 -0.846856 0.781370
-1.232151 -0.946477 0.694011
-1.274916 -1.024277 0.664379
-1.212615 -1.145926 0.671448
-1.209757 -1.189715 0.671420
-1.256186 -1.084805 0.641910
-1.265556 -1.025133 0.565336
-1.049277 -0.906737 0.582497
-0.871189 -0.848517 0.587613
-0.667679 -0.737023 0.576301
-0.565371 -0.557210 0.640858
-0.500768 -0.523106 0.562492
-0.433414 -0.525052 0.590233
-0.289053 -0.489840 0.635959
0.007933 -0.514660 0.635531
0.068352 -0.487273 0.671968
0.127772 -0.397436 0.693771
0.093909 -0.266724 0.734148
0.053571 -0.062994 0.785081
0.089951 -0.003106 0.758177
0.113677 0.036968 0.750459
0.142255 0.058730 0.755351
0.309836 0.107078 0.843317
0.309300 0.081237 0.852914
0.296792 0.186631 0.866621
0.192947 0.245126 0.863186
0.212727 0.334814 0.915738
0.214597 0.475483 0.980651
0.291089 0.498576 0.996959
0.462828 0.530890 1.004523
0.573564 0.512964 1.017577
0.672599 0.340457 1.001491
0.698265 0.082826 0.935695
0.701750 -0.038872 0.929410
0.607990 -0.049277 0.923494
0.563227 -0.027936 0.936356
0.403520 0.137359 1.103038
0.377665 0.142492 1.148546
0.424441 0.106412 1.226870
0.579421 0.007846 1.336978
0.723694 -0.086983 1.348487
0.737022 -0.123572 1.329514
0.636534 -0.298785 1.176312
0.623343 -0.403818 1.102618
0.611868 -0.419467 1.074614
0.635523 -0.426363 1.068429
0.676494 -0.441845 1.082712
0.776356 -0.384741 1.142764
0.800674 -0.384709 1.155664
0.815542 -0.411190 1.155332
0.779181 -0.427549 1.173461
0.753113 -0.463142 1.140140
0.748344 -0.547300 1.112230
0.501046 -0.683477 0.977766
0.359725 -0.677287 0.967593
0.272608 -0.648656 0.953001
0.161143 -0.517030 0.986653
0.119692 -0.378823 0.969227
0.239402 -0.352532 0.982196
0.367899 -0.298100 0.987616
0.538459 -0.391579 0.895366
0.620604 -0.514310 0.678209
0.624954 -0.503737 0.659805
0.626705 -0.534046 0.539055
0.520141 -0.570055 0.358043
0.510091 -0.538038 0.339338
0.523442 -0.521948 0.281439
0.540144 -0.542423 0.330183
0.563135 -0.544865 0.401119
0.584753 -0.607578 0.409123
0.539200 -0.673808 0.387830
0.496261 -0.719403 0.352453
0.432898 -0.758001 0.310378
0.398012 -0.760479 0.307474
0.355822 -0.683324 0.322993
0.382118 -0.557258 0.409758
0.455616 -0.477142 0.457948
0.487969 -0.455557 0.422905
0.496810 -0.442232 0.407081
0.455100 -0.460271 0.363299
0.456633 -0.454315 0.339340
0.369876 -0.413590 0.273779
0.314564 -0.398127 0.268221
0.115989 -0.412057 0.301941
0.003656 -0.428913 0.350061
0.032429 -0.499586 0.496772
0.250298 -0.675942 0.781380
0.358928 -0.788368 0.839550
0.319206 -0.904637 0.847487
0.269614 -1.001695 0.848550
0.237299 -0.983456 0.892200
0.164839 -0.999645 0.882634
0.061625 -1.039059 0.874197
0.146945 -0.968142 0.957808
0.261878 -0.919862 1.029913
0.308498 -0.923533 1.089390
0.310286 -1.000829 1.054236
0.367347 -0.976821 1.154294
0.582857 -0.971067 1.172646
0.721585 -0.903891 1.186897
0.852632 -0.909024 1.171636
0.966636 -1.005205 1.131802
0.998176 -1.019867 1.116569
1.185562 -1.085140 1.137754
1.265981 -1.230437 1.018025
1.280573 -1.340239 0.937471
1.276604 -1.548457 0.921511
1.192635 -1.696466 0.966601
1.098214 -1.601802 0.995358
0.738544 -1.361679 0.996380
0.636846 -1.311530 0.967491
0.636848 -1.281231 0.926576
0.575036 -1.069841 0.840988
0.491977 -1.044324 0.628012
0.465070 -1.048842 0.615326
0.384642 -1.123171 0.578712
0.297263 -1.148862 0.570315
0.152934 -1.006474 0.567354
0.190077 -0.844815 0.575405
0.208236 -0.827626 0.634371
0.420830 -0.911404 0.722421
0.714112 -1.106837 0.799105
0.746553 -1.164782 0.801136
0.762503 -1.280480 0.744108
0.663196 -1.414682 0.816394
0.659584 -1.574605 0.889296
0.824438 -1.524198 1.105734
0.857435 -1.501023 1.143189
0.872553 -1.455765 1.232197
0.852489 -1.400788 1.402598
0.837625 -1.299624 1.366189
0.798274 -1.220927 1.253766
0.737109 -1.159548 1.154335
0.821379 -1.167392 1.066016
0.866701 -1.207939 0.963040
0.830951 -1.207069 0.938238
0.737361 -1.264790 0.892370
0.628957 -1.227822 0.920048
0.507330 -1.220188 1.037296
0.447063 -1.228560 1.089260
0.440483 -1.201962 1.128346
0.458503 -1.282190 1.179337
0.473315 -1.379895 1.261425
0.616264 -1.391995 1.350285
0.736558 -1.494379 1.398069
0.722826 -1.542904 1.446623
0.678662 -1.713587 1.441871
0.681340 -1.840870 1.488421
0.721736 -1.905490 1.513830
0.831396 -1.911170 1.508203
0.852881 -1.870951 1.510076
0.795356 -1.969897 1.466207
0.810542 -2.057751 1.435015
0.754208 -2.033883 1.405162
0.852650 -2.229774 1.454478
1.101916 -2.413427 1.580148
1.287819 -2.540740 1.614598
1.457310 -2.752923 1.629444
1.488105 -2.836348 1.660669
1.527116 -2.943986 1.664233
1.547463 -2.984320 1.731009
1.471954 -2.926554 1.750273
1.384943 -3.027397 1.912573
1.288213 -2.898404 1.994588
1.300369 -2.795874 2.083370
1.349269 -2.777979 2.189650
1.474102 -2.844428 2.311909
1.623958 -2.909050 2.351516
1.768333 -2.826259 2.423092
1.890077 -2.762684 2.428928
1.969395 -2.645634 2.473254
2.008798 -2.490519 2.564043
2.029748 -2.471444 2.624049
2.075425 -2.372408 2.718704
2.137681 -2.390691 2.782365
2.145645 -2.423972 2.817842
2.161362 -2.421117 2.876436
2.176059 -2.467794 2.896488
2.115717 -2.315980 2.893732
2.065515 -2.148657 2.879018
1.961435 -2.041674 2.833154
1.823996 -1.881431 2.828364
1.845866 -1.815087 2.756106
1.882474 -1.712694 2.730611
1.970712 -1.653923 2.719339
2.023974 -1.620867 2.696631
2.153096 -1.531196 2.725755
2.390993 -1.484305 2.750082
2.579233 -1.411502 2.842172
2.652279 -1.362903 2.850308
2.455312 -1.328614 2.773693
2.239171 -1.252068 2.706727
2.228239 -1.191740 2.708029
2.265429 -1.022335 2.748586
2.233200 -0.893592 2.667386
1.995636 -0.730886 2.562967
1.563773 -0.535604 2.314915
1.148343 -0.320337 1.960433
0.906372 -0.044660 1.698188
0.860055 0.007537 1.470364
0.834513 0.037787 1.306114
0.872773 -0.138651 1.155118
0.877327 -0.307635 1.078076
0.859742 -0.374097 1.047082
0.831800 -0.395068 1.049049
0.868970 -0.329037 1.045325
0.998965 -0.266981 1.132159
1.013039 -0.293697 1.097727
0.972073 -0.464696 1.065842
0.927102 -0.532848 1.043514
0.889198 -0.690570 1.044840
0.943031 -0.768167 1.132593
0.989082 -0.852905 1.244076
0.997957 -0.898953 1.261656
0.966024 -0.826900 1.193371
0.961851 -0.783199 1.113863
0.935111 -0.849806 1.100227
0.933367 -0.940314 1.124976
0.927733 -0.989030 1.148362
0.897509 -1.168181 1.171753
0.802488 -1.386339 1.221161
0.852400 -1.514231 1.247566
0.946336 -1.677251 1.228987
1.025343 -1.759263 1.291059
1.240811 -1.919909 1.290543
1.382642 -2.048566 1.285420
1.573986 -2.271041 1.284210
1.695380 -2.410827 1.170402
1.721193 -2.460237 1.059057
1.789502 -2.531468 0.960894
1.832044 -2.568995 0.919049
1.858177 -2.574254 0.877976
1.966137 -2.651648 0.947404
1.996829 -2.620722 0.995026
1.957475 -2.503662 0.986255
1.793348 -2.282994 0.856997
1.741883 -2.215743 0.843472
1.611078 -2.058382 0.673836
1.592673 -1.973650 0.587806
1.658331 -1.967553 0.597140
1.691069 -2.007669 0.545104
1.654389 -1.911732 0.548735
1.659403 -1.922484 0.547741
1.678785 -1.945583 0.589959
1.660570 -1.918251 0.571841
1.647613 -1.939505 0.585930
1.596751 -1.837809 0.584467
1.528156 -1.907826 0.542046
1.321164 -2.015873 0.574211
1.304070 -2.019389 0.567537
1.224844 -2.207033 0.613912
1.065556 -2.387467 0.749832
1.032471 -2.626256 0.850786
0.841735 -2.719392 0.902730
0.599963 -2.644754 0.889243
0.576130 -2.622205 0.888598
0.505703 -2.323316 0.898605
0.460433 -2.232617 0.822342
0.415280 -2.026299 0.766163
0.348772 -1.958080 0.728583
0.296913 -2.036372 0.651203
0.258773 -2.005748 0.403824
0.278169 -2.176661 0.262551
0.270661 -2.187989 0.229675
0.326200 -2.262947 0.227882
0.353480 -2.297814 0.163305
0.336002 -2.133647 0.161047
0.253084 -2.053301 0.172012
0.124161 -1.886071 0.305269
0.118366 -1.957356 0.323908
0.186249 -2.061328 0.371021
0.303265 -1.994793 0.454342
0.407202 -2.017897 0.452237
0.486156 -1.954064 0.488191
0.570103 -1.944549 0.468338
0.844127 -1.893275 0.510327
1.030736 -1.970541 0.538199
1.108823 -2.047502 0.596642
1.146331 -2.101988 0.659331
1.142035 -2.280268 0.658798
1.082513 -2.215456 0.640441
0.987332 -2.094567 0.561682
0.971029 -2.080774 0.563411
1.009140 -2.107898 0.639134
1.049754 -2.203901 0.780427
1.104087 -2.290202 0.876054
1.185208 -2.410896 1.104870
1.096237 -2.548612 1.076635
1.023844 -2.597232 1.139797
1.010308 -2.600721 1.145465
0.973226 -2.746010 1.128802
0.916916 -2.828614 1.114451
0.930519 -2.915343 1.096093
0.940266 -3.038393 1.027972
0.856718 -2.973943 0.977603
0.737253 -2.946567 0.884032
0.633727 -2.869641 0.832427
0.573554 -2.846858 0.730034
0.572642 -2.901436 0.704442
0.707196 -2.933503 0.713466
0.871335 -3.005070 0.672943
0.896827 -3.045295 0.634228
0.912040 -3.115401 0.591202
1.008822 -3.260784 0.581159
1.080569 -3.310143 0.664244
1.048787 -3.418687 0.725715
0.887125 -3.385069 0.810987
0.728502 -3.343171 0.883326
0.614936 -3.245213 0.921986
0.510934 -3.236881 1.001760
0.499221 -3.241755 1.025148
0.532250 -3.292348 1.009532
0.604122 -3.346565 0.962958
0.747431 -3.466603 0.999513
0.800356 -3.422993 0.814151
0.779329 -3.341267 0.666636
0.755295 -3.308800 0.611257
0.633006 -3.290539 0.517607
0.498920 -3.118436 0.447455
0.411291 -3.020005 0.395103
0.379482 -2.907313 0.363910
0.403233 -2.749618 0.378610
0.482742 -2.738402 0.352146
0.654286 -2.680622 0.364044
0.826464 -2.777991 0.301931
0.846905 -2.886696 0.248988
0.823773 -2.887932 0.228190
0.730979 -2.896931 0.160644
0.555127 -2.999339 0.059428
0.371072 -2.965703 0.016340
0.308333 -2.830074 0.025576
0.247927 -2.863300 -0.076470
0.264587 -2.738010 -0.008170
0.301275 -2.677450 -0.049512
0.322732 -2.741278 -0.110933
0.407162 -2.652590 -0.134805
0.526443 -2.647567 -0.155701
0.547875 -2.715843 -0.271305
0.400623 -2.659935 -0.357139
0.334843 -2.694247 -0.512098
0.367581 -2.598203 -0.490842
0.342754 -2.477651 -0.559146
0.227508 -2.380083 -0.612532
0.162361 -2.353655 -0.570535
0.134440 -2.465289 -0.625454
0.160512 -2.298833 -0.534212
0.142935 -2.410124 -0.584842
0.095297 -2.325490 -0.551075
0.055521 -2.246654 -0.582680
0.029422 -2.178689 -0.621370
0.057914 -1.958439 -0.603770
0.053791 -2.027550 -0.696049
-0.003536 -1.868967 -0.675044
-0.010545 -1.915691 -0.752503
0.035028 -1.872142 -0.764892
0.177437 -1.805520 -0.691482
0.251981 -1.891812 -0.674240
0.302312 -1.802360 -0.524314
0.255279 -1.975159 -0.574902
0.144141 -2.041453 -0.596642
0.097827 -1.979728 -0.560136
0.033715 -2.103499 -0.621223
-0.149286 -2.048730 -0.624698
-0.318092 -2.067714 -0.678756
-0.373696 -1.955111 -0.615318
-0.282625 -1.866365 -0.547296
-0.163392 -2.029136 -0.568961
-0.136806 -1.957442 -0.555859
-0.252578 -2.046248 -0.664790
-0.344280 -1.944650 -0.726361
-0.426501 -1.897637 -0.808121
-0.510795 -1.832534 -0.861544
-0.579307 -1.772410 -0.861486
-0.665840 -1.813791 -0.921580
-0.671351 -1.805758 -0.877953
-0.756427 -1.958181 -0.904782
-0.708385 -2.072309 -0.861916
-0.629871 -2.126213 -0.823066
-0.594748 -2.232987 -0.833708
-0.571001 -2.354720 -0.818563
-0.565708 -2.419745 -0.750278
-0.556626 -2.467375 -0.786188
-0.505279 -2.578399 -0.844298
-0.448933 -2.617959 -0.858314
-0.416086 -2.602409 -0.892951
-0.409324 -2.635839 -0.918374
-0.494744 -2.600142 -0.922571
-0.495522 -2.621351 -0.931818
-0.468931 -2.609129 -0.910929
-0.490836 -2.503276 -0.901937
-0.486065 -2.476693 -0.914439
-0.494367 -2.492455 -0.912364
-0.570142 -2.454443 -0.848346
-0.644655 -2.522028 -0.836782
-0.669412 -2.630820 -0.803217
-0.712096 -2.586629 -0.726003
-0.737988 -2.700688 -0.732585
-0.818011 -2.706940 -0.706617
-0.850314 -2.788406 -0.712111
-0.842160 -2.832595 -0.642295
-0.909242 -2.763817 -0.564346
-0.920535 -2.883525 -0.626447
-0.999851 -2.860780 -0.581007
-0.991553 -2.853295 -0.590927
-0.951551 -2.807283 -0.553681
-0.959155 -2.698691 -0.501815
-0.938293 -2.774919 -0.491333
-1.044716 -2.682540 -0.444765
-1.129264 -2.665360 -0.478162
-1.164293 -2.682193 -0.478572
-1.214481 -2.595776 -0.458930
-1.199885 -2.691246 -0.507772
-1.243979 -2.624327 -0.462604
-1.257397 -2.606617 -0.459431
-1.244765 -2.595277 -0.465973
-1.241922 -2.496200 -0.373141
-1.245851 -2.585836 -0.374859
-1.307438 -2.542013 -0.299191
-1.335121 -2.552694 -0.293086
-1.391306 -2.613369 -0.256380
-1.417980 -2.578008 -0.219357
-1.463241 -2.647980 -0.215089
-1.490913 -2.610844 -0.194110
-1.515508 -2.628618 -0.206305
-1.510347 -2.678395 -0.235565
-1.538913 -2.619450 -0.238302
-1.545437 -2.629728 -0.245651
-1.570869 -2.669416 -0.267859
-1.602245 -2.649064 -0.307579
-1.583232 -2.662922 -0.322282
-1.597546 -2.639490 -0.307608
-1.533601 -2.689090 -0.252077
-1.534774 -2.661141 -0.269623
-1.522306 -2.601131 -0.206024
-1.485899 -2.636430 -0.195764
-1.469375 -2.510504 -0.156222
-1.515506 -2.475519 -0.160066
-1.581277 -2.397305 -0.158053
-1.675441 -2.277418 -0.173352
-1.694475 -2.252322 -0.167167
-1.640565 -2.176963 -0.136219
-1.616884 -2.132330 -0.132147
-1.618154 -2.139522 -0.142554
-1.622329 -2.124463 -0.122266
-1.645591 -2.163321 -0.137853
-1.619380 -2.195375 -0.125774
-1.671725 -2.184899 -0.077318
-1.662046 -2.201528 -0.073344
-1.744943 -2.080453 -0.114389
-1.777063 -2.071092 -0.133369
-1.793307 -2.080605 -0.154724
-1.872865 -2.037223 -0.200092
-1.873070 -2.059639 -0.192585
-1.899543 -2.093193 -0.239532
-1.916899 -2.124350 -0.271363
-1.914913 -2.159658 -0.289176
-1.908175 -2.204534 -0.287992
-1.855228 -2.229230 -0.275824
-1.825328 -2.293133 -0.272593
-1.821523 -2.279732 -0.301000
-1.823706 -2.277780 -0.321931
-1.828099 -2.298045 -0.379888
-1.845123 -2.260601 -0.372644
-2.009721 -2.317588 -0.499608
-2.030683 -2.280319 -0.513907
-2.020013 -2.182273 -0.535836
-1.922590 -2.066860 -0.542622
-1.885973 -2.019005 -0.552080
-1.903943 -2.024137 -0.613726
-1.937654 -2.083216 -0.664160
-2.055655 -2.119257 -0.820148
-2.090712 -2.116497 -0.852579
-2.113495 -2.066141 -0.868409
-2.146181 -2.049232 -0.889629
-2.192040 -1.974578 -0.863694
-2.231098 -1.936339 -0.876322
-2.248816 -1.902762 -0.909719
-2.288161 -1.853146 -0.938230
-2.304899 -1.876575 -0.990694
-2.329926 -1.848890 -1.035886
-2.342295 -1.805670 -1.103319
-2.345796 -1.799615 -1.171326
-2.401070 -1.742472 -1.225379
-2.475256 -1.698656 -1.255806
-2.537404 -1.666936 -1.278762
-2.598517 -1.614205 -1.264426
-2.621778 -1.610981 -1.281978
-2.678332 -1.552932 -1.230845
-2.707443 -1.500160 -1.219562
-2.670580 -1.509029 -1.216258
-2.653137 -1.486361 -1.212534
-2.618561 -1.389424 -1.208746
-2.604190 -1.419330 -1.210730
-2.573658 -1.339302 -1.206010
-2.548964 -1.372188 -1.224952
-2.516544 -1.387091 -1.191165
-2.520454 -1.375667 -1.125006
-2.499110 -1.469859 -1.092350
-2.576028 -1.506481 -1.058025
-2.609746 -1.560416 -1.073522
-2.415881 -1.515765 -1.042631
-2.261794 -1.447768 -0.959261
-2.124974 -1.517550 -0.910040
-2.069720 -1.532742 -0.851095
-2.062929 -1.589935 -0.816300
-1.962823 -1.601738 -0.795147
-1.835873 -1.597647 -0.754069
-1.809592 -1.634893 -0.747954
-1.768717 -1.604071 -0.710699
-1.739125 -1.618186 -0.667926
-1.729609 -1.622922 -0.662660
-1.765343 -1.560309 -0.623874
-1.817680 -1.643574 -0.615538
-1.900310 -1.635086 -0.630100
-1.895032 -1.672994 -0.608736
-1.894877 -1.680451 -0.606818
-1.939552 -1.624969 -0.589155
-1.891694 -1.642995 -0.585122
-1.872418 -1.663583 -0.573683
-1.845331 -1.668469 -0.516776
-1.796277 -1.736494 -0.541451
-1.807754 -1.714685 -0.535846
-1.813544 -1.784092 -0.538837
-1.841300 -1.773495 -0.520922
-1.877845 -1.713552 -0.508041
-1.890333 -1.741669 -0.491792
-1.938317 -1.663694 -0.477987
-1.901326 -1.709589 -0.451700
-1.941760 -1.744975 -0.443098
-1.982275 -1.677730 -0.405893
-2.001297 -1.735900 -0.442362
-2.033575 -1.729814 -0.394251
-2.052422 -1.793492 -0.422273
-2.074757 -1.815815 -0.412999
-2.072783 -1.789132 -0.369085
-2.129751 -1.883292 -0.371659
-2.191737 -1.850821 -0.309369
-2.238949 -1.802782 -0.244506
-2.282508 -1.804168 -0.173208
-2.348695 -1.783947 -0.080382
-2.396925 -1.809371 -0.031494
-2.492275 -1.776489 0.078411
-2.504316 -1.798123 0.074725
-2.484011 -1.872389 0.096095
-2.502433 -1.847257 0.177712
-2.531537 -1.868350 0.184791
-2.524450 -1.839954 0.229640
-2.526459 -1.829964 0.220743
-2.526459 -1.829964 0.220743
-2.394034 -1.721146 0.324855
-2.318495 -1.693153 0.396962
-2.378057 -1.628960 0.401844
-2.458585 -1.581883 0.433078
-2.464378 -1.606641 0.473859
-2.505984 -1.542857 0.473567
-2.455685 -1.636597 0.455811
-2.424696 -1.594895 0.522123
-2.388510 -1.636027 0.538015
-2.376904 -1.659606 0.555688
-2.408790 -1.649180 0.602256
-2.432309 -1.676827 0.648020
-2.428898 -1.820970 0.634906
-2.499667 -1.906073 0.590645
-2.553078 -1.922736 0.552566
-2.704833 -1.753605 0.489379
-2.842720 -1.733765 0.375584
-2.952471 -1.616872 0.378428
-3.020349 -1.543781 0.343216
-3.032831 -1.589661 0.284404
-3.024402 -1.532151 0.295287
-2.900273 -1.574532 0.270052
-2.884647 -1.620771 0.227891
-3.028144 -1.657774 0.200630
-3.063427 -1.663558 0.195177
-3.134146 -1.592274 0.230692
-3.144584 -1.541311 0.267891
-3.208308 -1.571784 0.344362
-3.293044 -1.594510 0.358639
-3.265249 -1.601115 0.349848
-3.185776 -1.519431 0.345867
-3.168535 -1.578631 0.281966
-3.193793 -1.486750 0.270234
-3.220154 -1.513902 0.225457
-3.168108 -1.460738 0.250570
-3.078300 -1.440175 0.255450
-2.943065 -1.515882 0.267006
-2.820716 -1.372021 0.291628
-2.815242 -1.396222 0.255117
-2.833556 -1.388526 0.200729
-2.943326 -1.365824 0.176264
-3.098915 -1.377594 0.155652
-3.195685 -1.237713 0.025875
-3.193855 -1.203434 0.027265
-3.226702 -1.172669 0.079649
-3.300270 -1.152469 0.171452
-3.461641 -1.271532 0.234127
-3.461867 -1.304116 0.207565
-3.542911 -1.306027 0.052455
-3.415019 -1.386427 0.011798
-3.381740 -1.293549 0.093437
-3.424978 -1.395431 0.006656
-3.466717 -1.270794 -0.023720
-3.500631 -1.226562 -0.042556
-3.601684 -1.292239 -0.117693
-3.744776 -1.336345 -0.085199
-3.984599 -1.436378 -0.138874
-4.023253 -1.444313 -0.152256
-4.037614 -1.474147 -0.173101
-4.063286 -1.545477 -0.125613
-4.088044 -1.595422 -0.213870
-4.124332 -1.537452 -0.163745
-4.210629 -1.540399 -0.228630
-4.542883 -1.287923 -0.249818
-4.662909 -1.060985 -0.236012
-4.906885 -0.711511 -0.125174
-4.958245 -0.674088 -0.157532
-4.939913 -0.705624 -0.182682
-4.828712 -0.950556 -0.264456
-4.761016 -1.161787 -0.269698
-4.753953 -1.158742 -0.151124
-4.821144 -1.229996 -0.141697
-4.869099 -1.166506 -0.078175
-4.891481 -1.063001 0.039040
-4.935611 -1.039422 0.059231
-5.016392 -0.989232 0.182754
-5.103918 -0.964064 0.308439
-5.141151 -0.973030 0.552120
-5.212604 -0.964104 0.676002
-5.256332 -0.968640 0.716831
-5.290788 -1.032095 0.771648
-5.221933 -1.059649 0.733923
-5.216220 -1.144415 0.743033
-5.179047 -1.268665 0.788884
-5.220039 -1.341368 0.798806
-5.365869 -1.209687 0.977642
-5.525597 -1.119461 1.214938
-5.622604 -1.117951 1.488576
-5.706663 -1.147368 1.807494
-5.629713 -1.444720 2.069359
-5.604452 -1.629038 2.246471
-5.580634 -1.835861 2.432610
-5.518648 -2.056656 2.443353
-5.522029 -2.077982 2.488948
-5.617713 -1.997762 2.478487
-5.767462 -1.733473 2.426235
-5.892423 -1.602998 2.379741
-5.967937 -1.582790 2.276170
-6.010584 -1.559469 2.264376
-6.083590 -1.581939 2.118712
-6.125953 -1.591128 2.074716
-6.134464 -1.674141 2.046847
-6.115719 -1.868434 2.047944
-6.223628 -1.702768 1.941602
-6.431806 -1.524805 1.762472
-6.575995 -1.394070 1.691091
-6.554679 -1.487390 1.669342
-6.487590 -1.632980 1.666600
-6.325868 -1.793126 1.672175
-6.235514 -1.975949 1.695280
-6.443477 -1.736903 1.543480
-6.767964 -1.527661 1.251937
-7.054278 -1.182346 1.110786
-7.050784 -1.227914 0.965988
-6.860354 -1.438756 1.048312
-6.872665 -1.444602 1.088652
-7.019962 -1.381758 0.842296
-7.296391 -1.084476 0.569247
-7.393171 -0.991780 0.395722
-7.159934 -1.253096 0.572579
-6.773601 -1.685831 1.062469
-6.420279 -2.055930 1.231222
-6.468750 -2.090886 1.174756
-6.931133 -1.675613 0.868963
-7.212733 -1.412531 0.619731
-7.295019 -1.317061 0.535548
-6.880420 -1.686048 0.882877
-6.772426 -1.774258 1.008975
-6.541133 -1.926001 1.226353
-6.693515 -1.800467 1.364686
-7.042533 -1.392841 0.798925
-7.358043 -0.984792 0.278563
-7.378953 -0.984209 0.285378
-7.346217 -1.017439 0.281337
-7.301933 -1.137203 0.391966
-7.290294 -1.220585 0.354551
-7.551968 -1.054420 0.213054
-7.593210 -0.989111 0.221643
-7.644385 -0.894590 0.168520
-7.639045 -0.860154 0.105751
-7.622263 -0.845485 0.110212
-7.594985 -0.905982 0.107660
-7.678237 -0.767211 0.246778
-7.753889 -0.645763 0.273977
-7.787773 -0.536695 0.220080
-7.732044 -0.557549 0.304967
-7.647864 -0.644009 0.313557
-7.636291 -0.692390 0.337118
-7.641471 -0.702675 0.330321
-7.672380 -0.650914 0.388806
-7.711057 -0.592715 0.411848
-7.705981 -0.517093 0.429849
-7.722565 -0.427775 0.475673
-7.684554 -0.404141 0.504860
-7.690401 -0.431616 0.542183
-7.672779 -0.407978 0.603397
-7.635007 -0.414498 0.616363
-7.606451 -0.407781 0.701548
-7.595643 -0.510369 0.674889
-7.568438 -0.444029 0.745503
-7.521658 -0.427459 0.717291
-7.502732 -0.417624 0.735644
-7.573313 -0.421438 0.763117
-7.706867 -0.213967 0.672093
-7.574348 -0.292129 0.784408
-7.401204 -0.439615 0.910728
-7.410754 -0.419278 0.915173
-7.417259 -0.426575 0.919224
-7.481204 -0.382239 0.980322
-7.478732 -0.359187 0.972983
-7.449086 -0.371625 0.906988
-7.483901 -0.333949 0.945356
-7.461079 -0.344549 0.945106
-7.433286 -0.343913 0.982257
-7.505140 -0.456047 0.918428
-7.393655 -0.457404 0.814765
-7.327076 -0.454500 0.693913
-7.245528 -0.521801 0.488426
-7.213308 -0.642851 0.201821
-7.080105 -0.670087 -0.111627
-7.067699 -0.546859 -0.405311
-6.950156 -0.549446 -0.500587
-6.578062 -0.164526 -0.655683
-6.516990 -0.093325 -0.650076
-6.421739 0.083306 -0.728526
-6.183260 0.269255 -0.748895
-5.350679 0.405622 -0.634004
-4.625429 0.306479 -0.486089
-4.416033 0.280818 -0.447376
-3.591920 0.104231 -0.060266
-3.445931 0.054022 0.082762
-3.412737 0.039085 0.495572
-3.478797 0.089003 0.546826
-3.802202 0.163942 0.659226
-3.962771 0.157745 0.691916
-4.295869 0.154059 0.644036
-4.683455 0.060931 0.568083
-5.173509 -0.041513 0.483610
-5.630119 -0.146892 0.361931
-5.956971 -0.147067 0.308485
-6.367898 -0.219863 0.382038
-6.764569 -0.430303 0.516853
-6.770954 -0.384993 0.372887
-6.848140 -0.410019 0.432110
-6.921992 -0.646161 0.465108
-6.971075 -0.689234 0.480858
-6.971056 -0.666017 0.512854
-6.889983 -0.596145 0.396834
-6.806000 -0.504825 0.161219
-6.857911 -0.372528 0.039526
-6.771271 -0.360432 0.031669
-6.686184 -0.332300 0.004216
-6.627053 -0.342310 -0.011790
-6.717788 -0.437208 -0.018187
-6.672460 -0.310264 -0.043373
-6.626214 -0.361069 0.016062
-6.637154 -0.466098 0.069516
-6.587080 -0.517072 0.110089
-6.372504 -0.647586 0.239446
-6.258231 -0.744390 0.319158
-6.251375 -0.842636 0.361258
-6.347257 -0.834121 0.481552
-6.364543 -0.886749 0.484081
-6.409102 -0.930333 0.508848
-6.473705 -0.876598 0.519836
-6.488185 -0.862368 0.483063
-6.520327 -0.684474 0.458366
-6.736400 -0.481598 0.296706
-6.688773 -0.511423 0.352446
-6.662646 -0.484467 0.454482
-6.624891 -0.398389 0.431165
-6.601786 -0.237307 0.432677
-6.536773 -0.163906 0.354197
-6.456173 -0.141433 0.268751
-6.497014 -0.158360 0.134897
-6.457434 -0.182382 0.095498
-6.599859 -0.311686 0.113546
-6.792787 -0.499037 0.126122
-6.792280 -0.717760 0.159149
-6.794321 -0.720590 0.193110
-6.909811 -0.777047 0.231948
-6.962789 -0.834956 0.257575
-7.116820 -0.908418 0.364102
-7.087032 -0.910351 0.333497
-7.079015 -0.836282 0.322094
-7.034927 -0.831231 0.308459
-7.032815 -0.830899 0.328531
-7.169668 -0.884727 0.358971
-7.230386 -0.903602 0.319121
-7.009625 -0.778538 0.448799
-6.800549 -0.831822 0.589852
-6.717556 -0.905997 0.610910
-6.692261 -0.907895 0.617966
-6.668738 -0.914898 0.639544
-6.626259 -0.967659 0.683401
-6.654412 -1.002366 0.692018
-6.692519 -1.052671 0.668090
-6.771442 -1.028004 0.702817
-6.835264 -1.046608 0.710789
-7.028546 -1.222547 0.822251
-6.977363 -1.140480 0.921411
-6.964599 -1.059433 0.984303
-7.033873 -1.007687 1.050424
-7.005345 -1.071684 1.066139
-7.021188 -1.050754 1.114697
-7.025680 -1.042249 1.138318
-7.049539 -1.090180 1.102594
-7.111869 -1.038082 1.161216
-7.153816 -1.135898 1.139305
-7.054923 -1.063194 1.220066
-6.986360 -1.105176 1.217502
-6.915345 -1.158777 1.265058
-6.962829 -1.154790 1.489869
-6.930593 -1.183808 1.344062
-6.961010 -1.142517 1.318938
-7.015081 -1.113514 1.343305
-6.985266 -1.147848 1.373492
-7.096956 -1.291511 1.467346
-7.004232 -1.239143 1.439068
-6.886559 -1.144027 1.466653
-6.871804 -1.143158 1.506019
-6.863382 -1.192862 1.489825
-6.877130 -1.198513 1.509769
-6.957256 -1.122956 1.517525
-6.968008 -1.161272 1.510855
-7.018089 -1.103349 1.537554
-7.037032 -1.118514 1.562817
-7.074189 -1.133156 1.790310
-7.204777 -0.986292 1.653658
-7.043640 -1.125329 1.657626
-7.039030 -1.351435 1.805681
-6.896563 -1.253374 1.985629
-6.838749 -1.244422 2.058958
-6.892060 -1.225891 2.166109
-6.852164 -1.356451 2.232333
-6.850964 -1.330891 2.290437
-6.965724 -1.264995 2.342676
-6.993372 -1.229313 2.387797
-7.104374 -1.110678 2.266920
-7.064904 -1.139785 2.258893
-6.993641 -1.186412 2.293612
-6.938825 -1.218014 2.338803
-6.875812 -1.320171 2.314429
-7.023453 -1.121980 2.316777
-7.319119 -1.115106 2.208196
-7.285464 -1.261785 2.287915
-7.237083 -1.095643 2.294715
-6.951909 -1.038622 2.328072
-6.803006 -1.033856 2.379634
-6.789132 -1.158935 2.439893
-6.764592 -1.223912 2.389645
-6.852567 -1.193854 2.387416
-7.058839 -1.029695 2.461370
-7.182118 -0.978038 2.308612
-7.209376 -0.925465 2.267877
-7.249779 -0.873959 2.264783
-7.116537 -1.044487 2.259627
-7.053943 -1.101529 2.268629
-7.101656 -1.098881 2.269048
-7.140969 -1.089987 2.206104
-7.225195 -1.056507 2.195346
-7.412659 -0.815859 2.259703
-7.418749 -0.826237 2.172736
-7.431110 -0.790048 2.133061
-7.454092 -0.749709 2.132530
-7.421045 -0.813628 2.103837
-7.461038 -0.733322 2.137111
-7.514101 -0.670499 2.150069
-7.517246 -0.673195 2.138607
-7.542417 -0.590300 2.184073
-7.521545 -0.616273 2.182090
-7.504143 -0.627317 2.117551
-7.460723 -0.683292 2.147012
-7.402537 -0.790604 2.145873
-7.393926 -0.804081 2.154661
-7.499829 -0.686653 2.173047
-7.501835 -0.671506 2.162120
-7.512941 -0.601534 2.174395
-7.449118 -0.679983 2.103616
-7.404888 -0.736497 2.072013
-7.426745 -0.728997 2.060137
-7.449415 -0.738161 2.034771
-7.453510 -0.723563 2.071415
-7.601857 -0.463888 2.153451
-7.596644 -0.363441 2.194982
-7.623028 -0.335073 2.170513
-7.537922 -0.391934 2.171173
-7.520545 -0.449068 2.138497
-7.499414 -0.496339 2.130492
-7.484676 -0.532061 2.164765
-7.480609 -0.509428 2.164837
-7.515020 -0.499889 2.194005
-7.638076 -0.375833 2.128563
-7.728772 -0.295791 2.084786
-7.642038 -0.435826 2.081657
-7.431402 -0.632778 2.165296
-7.405648 -0.668585 2.150411
-7.439550 -0.615588 2.192885
-7.489116 -0.533377 2.274890
-7.461731 -0.571045 2.320593
-7.450841 -0.566491 2.338864
-7.437458 -0.576440 2.292811
-7.420751 -0.649002 2.214355
-7.438970 -0.634060 2.181724
-7.453303 -0.640830 2.248388
-7.486013 -0.581806 2.316257
-7.501598 -0.472756 2.360377
-7.481628 -0.494657 2.337950
-7.463524 -0.472019 2.317242
-7.489419 -0.504472 2.273473
-7.488796 -0.453582 2.282819
-7.502127 -0.467007 2.300147
-7.486728 -0.466988 2.278762
-7.484193 -0.423092 2.290711
-7.463820 -0.419920 2.323825
-7.476304 -0.474311 2.336153
-7.473290 -0.468939 2.314151
-7.499115 -0.409196 2.330626
-7.478368 -0.453934 2.333646
-7.469294 -0.417095 2.349869
-7.454007 -0.445528 2.341293
-7.488492 -0.430119 2.327131
-7.502089 -0.407332 2.293226
-7.479192 -0.452537 2.292392
-7.483146 -0.437068 2.292714
-7.483829 -0.487066 2.280254
-7.449780 -0.501789 2.252177
-7.548783 -0.403123 2.246801
-7.659629 -0.307344 2.162007
-7.625807 -0.314990 2.209221
-7.363617 -0.578072 2.336921
-7.298217 -0.627554 2.332156
-7.316486 -0.606492 2.308919
-7.360835 -0.571205 2.307371
-7.360244 -0.588723 2.265429
-7.387745 -0.557350 2.244448
-7.372952 -0.582728 2.246508
-7.360649 -0.599817 2.226609
-7.373373 -0.587495 2.195917
-7.345389 -0.612934 2.096489
-7.330712 -0.584168 1.772426
-7.306453 -0.552620 1.390952
-7.273670 -0.498949 1.066165
-7.255827 -0.423328 0.824770
-7.252077 -0.367525 0.610774
-7.249649 -0.300870 0.414573
-7.217091 -0.220285 0.278513
-7.215448 -0.158249 0.138498
-7.202829 -0.097042 0.014469
-7.184479 -0.063661 -0.080764
-7.188455 -0.033050 -0.163925
-7.157394 -0.005852 -0.225628
-7.162205 0.018825 -0.239929
-7.176252 0.021188 -0.279444
-7.175878 0.028313 -0.276441
-7.186038 0.051475 -0.268666
-7.170172 0.056011 -0.256714
-7.194598 0.073946 -0.209055
-7.196916 0.118987 -0.150069
-7.212699 0.122068 -0.103338
-7.224456 0.166017 -0.032095
-7.207573 0.208862 0.082117
-7.217748 0.211786 0.166905
-7.179913 0.219169 0.261077
-7.210925 0.207261 0.356350
-7.184284 0.177078 0.469464
-7.242985 0.250343 0.494085
-7.380187 0.383139 0.555730
-7.222391 0.180587 0.745704
-7.119152 0.072793 0.886386
-7.128685 0.083705 1.037451
-7.158957 0.123006 1.042079
-7.183431 0.145088 1.032237
-7.163316 0.196943 0.984981
-7.156696 0.235629 0.931880
-7.147397 0.235234 0.873041
-7.141812 0.224189 0.753184
-7.138126 0.181401 0.634320
-7.115476 0.133440 0.509985
-7.100468 0.096164 0.377806
-7.111698 0.094669 0.307909
-7.092562 0.104351 0.279304
-7.120223 0.116640 0.273387
-7.210766 -0.032472 0.214151
-7.300246 -0.168642 0.220213
-7.278334 -0.110212 0.173735
-7.192413 -0.096243 0.140674
-7.174956 -0.011469 0.114217
-7.154641 -0.059277 0.047905
-7.131747 -0.029918 0.008420
-7.145876 0.035579 0.018141
-7.123961 -0.035298 -0.009950
-7.164932 0.027062 0.024966
-7.166166 0.013469 0.044132
-7.181543 0.006528 0.102019
-7.182550 0.032323 0.083176
-7.157350 -0.018431 0.032296
-7.168224 -0.000323 0.009766
-7.153401 -0.073034 -0.059645
-7.147104 -0.102196 -0.026435
-7.172526 -0.086909 -0.042040
-7.179990 -0.096406 -0.038110
-7.171360 -0.095194 -0.025150
-7.219939 -0.015834 0.019639
-7.220976 0.018366 0.035126
-7.198049 0.170725 0.213793
-7.082259 0.263793 0.325679
-7.112845 0.205414 0.183817
-7.279812 0.201259 -0.032324
-7.255046 0.073764 -0.161925
-7.045154 -0.194655 -0.206971
-7.004685 -0.337749 -0.294350
-7.062082 -0.310823 -0.362938
-7.108026 -0.294994 -0.353432
-7.189722 -0.236891 -0.381562
-7.189812 -0.209173 -0.439647
-7.175124 -0.186050 -0.439442
-7.173609 -0.161262 -0.447135
-7.194682 -0.133504 -0.385709
-7.174789 -0.147561 -0.361744
-7.165211 -0.108468 -0.417010
-7.161555 -0.119319 -0.602682
-7.151236 -0.113808 -0.620151
-7.178864 -0.100541 -0.601228
-7.198499 -0.099104 -0.564935
-7.198798 -0.112417 -0.541645
-7.180774 -0.151912 -0.544312
-7.216948 -0.147736 -0.482937
-7.182466 -0.198817 -0.479274
-7.194699 -0.201157 -0.415479
-7.195977 -0.215834 -0.381172
-7.186801 -0.244253 -0.314831
-7.214551 -0.201740 -0.180744
-7.209905 -0.270342 -0.086211
-7.243055 -0.249135 0.014815
-7.240339 -0.317315 0.067686
-7.229021 -0.304563 0.065940
-7.206380 -0.371507 0.060888
-7.224804 -0.379352 0.042799
-7.370940 -0.537129 0.077045
-7.293970 -0.558801 0.058667
-7.153670 -0.321588 0.165496
-7.165671 -0.288696 0.166379
-7.164681 -0.362302 0.204192
-7.259461 -0.364667 0.440171
-7.236572 -0.416150 0.395326
-7.273678 -0.395308 0.448846
-7.247895 -0.465700 0.478367
-7.248435 -0.531238 0.454897
-7.223387 -0.537622 0.490676
-7.130826 -0.531636 0.372924
-7.097102 -0.486546 0.382198
-7.002796 -0.447687 0.272063
-6.992303 -0.424018 0.315888
-6.996941 -0.454814 0.342597
-7.040791 -0.417403 0.376934
-7.183967 -0.267027 0.557487
-7.189830 -0.213134 0.569563
-6.914878 -0.300098 0.648611
-6.809694 -0.227004 0.701773
-6.821257 -0.195161 0.700560
-6.898224 -0.295380 0.671120
-6.818738 -0.133540 0.723427
-6.842369 -0.169454 0.727045
-6.872228 -0.232941 0.756497
-6.919858 -0.322125 0.763332
-6.949852 -0.378171 0.776511
-6.964732 -0.470531 0.851216
-7.020935 -0.600410 0.807853
-7.086263 -0.715086 0.774312
-7.175334 -0.831813 0.787081
-7.215677 -0.897871 0.839487
-7.253214 -0.952425 0.874768
-7.278819 -0.995919 0.816519
-7.356403 -1.125043 0.758060
-7.366161 -1.164950 0.703519
-7.247957 -0.992774 0.626110
-7.212727 -1.003011 0.547807
-7.203237 -1.052346 0.427665
-7.197971 -1.093057 0.397769
-7.342965 -1.005345 0.291723
-7.473743 -0.937823 0.228945
-7.417402 -0.982511 0.291769
-7.376578 -1.040043 0.330201
-7.326522 -1.101876 0.373653
-7.267300 -1.138533 0.386665
-7.243902 -1.188486 0.411381
-7.241327 -1.190177 0.500784
-7.225674 -1.218939 0.595421
-7.168778 -1.295469 0.697713
-7.147323 -1.293667 0.755081
-7.141556 -1.328816 0.777758
-6.982895 -1.438956 0.859110
-6.992743 -1.441686 0.848163
-7.076370 -1.373860 0.827936
-7.153021 -1.329404 0.827378
-7.175070 -1.327593 0.797194
-7.219362 -1.311514 0.823664
-7.203377 -1.345569 0.766987
-7.233670 -1.322845 0.766719
-7.240822 -1.319988 0.743489
-7.220160 -1.371260 0.734827
-7.250281 -1.339247 0.736338
-7.218960 -1.372886 0.740035
-7.234210 -1.395324 0.708645
-7.250210 -1.365665 0.728562
-7.231939 -1.392696 0.736766
-7.249767 -1.376417 0.778700
-7.298031 -1.361267 0.860839
-7.274170 -1.389237 0.906646
-7.279603 -1.361242 0.968094
-7.293775 -1.405069 0.982353
-7.296265 -1.377342 0.942733
-7.315885 -1.345495 0.966763
-7.280857 -1.386311 0.923187
-7.298221 -1.352759 0.893718
-7.273628 -1.374092 0.861646
-7.264503 -1.424998 0.796231
-7.301046 -1.392275 0.792665
-7.263502 -1.457831 0.732577
-7.287357 -1.401721 0.753523
-7.280090 -1.391109 0.769610
-7.263639 -1.425156 0.735826
-7.295682 -1.355446 0.753958
-7.256045 -1.393874 0.715599
-7.270801 -1.386005 0.739898
-7.375408 -1.332351 0.724333
-7.509071 -1.271645 0.656018
-7.474391 -1.281358 0.699343
-7.209996 -1.454032 0.759680
-7.096224 -1.524848 0.774764
-7.143123 -1.505489 0.770210
-7.187719 -1.509344 0.733639
-7.216906 -1.503645 0.734462
-7.209967 -1.476898 0.711629
-7.215351 -1.509619 0.749232
-7.238145 -1.492193 0.856383
-7.273966 -1.505281 1.037241
-7.320393 -1.461162 1.251598
-7.326834 -1.420120 1.393785
-7.338973 -1.445076 1.393416
-7.330172 -1.431835 1.313469
-7.281265 -1.475415 1.180366
-7.268087 -1.487672 1.063973
-7.225340 -1.498674 0.953510
-7.183115 -1.541665 0.820305
-7.187459 -1.534785 0.805798
-7.206674 -1.536488 0.844231
-7.188990 -1.585744 0.875373
-7.217695 -1.553960 0.917662
-7.230952 -1.579593 0.962716
-7.194324 -1.614369 0.965240
-7.225484 -1.552338 0.944583
-7.187168 -1.582194 0.854809
-7.199144 -1.519561 0.817948
-7.238542 -1.428888 0.798921
-7.212527 -1.375223 0.734458
-7.274236 -1.212711 0.650848
-7.273567 -1.197763 0.605069
-7.281720 -1.103859 0.674598
-7.282857 -1.106422 0.804627
-7.255137 -1.130819 0.861449
-7.270565 -1.094804 0.908666
-7.282549 -1.136160 0.966235
-7.261836 -1.150255 1.009954
-7.275291 -1.127720 1.076212
-7.257834 -1.132479 1.011838
-7.359468 -1.214983 0.978333
-7.415407 -1.330492 0.848733
-7.386269 -1.289144 0.813926
-7.388378 -1.164729 0.918540
-7.334151 -1.035547 1.021594
-7.278971 -0.935183 1.086821
-7.228962 -0.724037 1.233342
-7.291359 -0.714950 1.279746
-7.364194 -0.686186 1.537218
-7.400826 -0.675128 1.722773
-7.409435 -0.653265 1.766848
-7.446724 -0.583598 1.843204
-7.474135 -0.541354 1.924351
-7.506390 -0.546309 1.946361
-7.482866 -0.533788 1.973501
-7.460898 -0.579051 1.951192
-7.441941 -0.640347 1.929394
-7.409754 -0.710987 1.919809
-7.418539 -0.729842 1.925801
-7.441347 -0.709139 1.946520
-7.463780 -0.672006 1.948994
-7.481110 -0.635160 1.957348
-7.469567 -0.631520 1.969787
-7.439651 -0.646633 2.035735
-7.467712 -0.627592 1.952652
-7.461537 -0.587014 1.897910
-7.497852 -0.491917 1.934078
-7.575815 -0.376630 2.019242
-7.573140 -0.352142 2.028151
-7.545021 -0.357883 2.034127
-7.559301 -0.386755 2.041835
-7.597561 -0.634333 2.023420
-7.381189 -0.474562 1.995868
-7.368142 -0.414779 1.974430
-7.453866 -0.365784 1.977508
-7.548626 -0.293305 2.031795
-7.603168 -0.111600 2.068160
-7.632398 -0.104276 2.095423
-7.626775 -0.036459 2.119958
-7.640177 -0.095719 2.173605
-7.636350 -0.100060 2.157286
-7.627987 -0.115084 2.126431
-7.770637 -0.096962 1.841808
-7.606654 -0.313699 1.899760
-7.569842 -0.348322 1.929747
-7.493450 -0.445470 1.964591
-7.503945 -0.442543 1.970015
-7.559155 -0.414508 1.966588
-7.611708 -0.387643 1.948072
-7.793501 -0.512403 1.944736
-7.713552 -0.418568 1.939113
-7.658023 -0.317473 1.937575
-7.646164 -0.304864 1.972243
-7.645970 -0.306974 1.979830
-7.673391 -0.293242 1.987770
-7.675039 -0.287020 1.936095
-7.674705 -0.320765 1.923698
-7.679414 -0.369812 1.901259
-7.678412 -0.442839 2.030388
-7.672594 -0.498204 1.896319
-7.642388 -0.580328 1.805244
-7.620093 -0.648412 1.826371
-7.637384 -0.653529 1.827002
-7.655570 -0.682015 1.856216
-7.856029 -0.827851 1.855323
-7.772967 -0.670899 1.872805
-7.640857 -0.455202 1.884121
-7.669066 -0.418652 1.882118
-7.658425 -0.494078 1.879834
-7.662330 -0.494968 1.888537
-7.680269 -0.475148 1.879730
-7.683411 -0.500258 1.869412
-7.697980 -0.570373 1.837398
-7.692708 -0.555035 1.872177
-7.695512 -0.594867 1.843373
-7.661501 -0.697812 1.797203
-7.672581 -0.715320 1.796350
-7.647774 -0.791946 1.739567
-7.624403 -0.862777 1.734881
-7.641757 -0.884067 1.723379
-7.658676 -0.928673 1.765611
-7.665406 -0.942007 1.972309
-7.681829 -0.931703 2.050883
-7.686106 -0.902371 1.979248
-7.636915 -0.900462 1.771429
-7.615569 -0.860060 1.659333
-7.630033 -0.833380 1.658637
-7.621803 -0.846826 1.706232
-7.606450 -0.825609 1.750866
-7.644595 -0.803228 1.782078
-7.641231 -0.813274 1.797154
-7.639814 -0.820902 1.789258
-7.655772 -0.806404 1.808502
-7.655486 -0.827586 1.803292
-7.638289 -0.857407 1.791426
-7.626813 -0.913998 1.759839
-7.607770 -0.935980 1.778521
-7.752818 -1.070314 1.746134
-7.770243 -1.203236 1.716873
-7.582062 -0.909855 1.799959
-7.533476 -0.836202 1.777813
-7.530084 -0.857903 1.751578
-7.573969 -0.846177 1.777207
-7.548804 -0.898266 1.787454
-7.551423 -0.882723 1.788237
-7.574086 -0.921354 1.780808
-7.545559 -0.956325 1.765535
-7.547966 -0.950697 1.780665
-7.560219 -0.948536 1.789200
-7.542182 -0.931213 1.766276
-7.529245 -0.977938 1.704204
-7.519141 -0.973938 1.598068
-7.488621 -0.983066 1.472871
-7.448810 -1.037231 1.332717
-7.439781 -1.018804 1.141340
-7.403851 -1.066723 1.014531
-7.369525 -1.070084 0.927340
-7.398410 -1.027289 0.839347
-7.371590 -1.024166 0.787209
-7.364237 -1.012505 0.783906
-7.382877 -0.950205 0.781462
-7.373009 -0.955505 0.732421
-7.351419 -0.914630 0.690144
-7.364702 -0.869044 0.660423
-7.341285 -0.904611 0.601575
-7.320591 -0.878001 0.574547
-7.421589 -1.014821 0.472577
-7.488557 -1.034425 0.430670
-7.406555 -0.995910 0.463013
-7.384590 -0.899324 0.450815
-7.378319 -0.887445 0.473016
-7.211226 -0.714035 0.582588
-7.201521 -0.631086 0.635433
-7.214329 -0.704060 0.577349
-7.245463 -0.719820 0.592230
-7.293630 -0.686305 0.630078
-7.300351 -0.681401 0.736737
-7.337828 -0.669173 0.829037
-7.346017 -0.643439 0.904680
-7.349479 -0.692484 0.865452
-7.556191 -0.447925 0.696165
-7.506725 -0.532459 0.684072
-7.238563 -0.752859 0.704360
-7.180973 -0.771418 0.586670
-7.184308 -0.706722 0.516964
-7.215960 -0.687327 0.535491
-7.258550 -0.555126 0.476982
-7.262093 -0.550428 0.467159
-7.260767 -0.542911 0.508564
-7.264746 -0.554859 0.551038
-7.286994 -0.543138 0.650405
-7.300706 -0.529797 0.731989
-7.305844 -0.508460 0.757333
-7.291247 -0.504634 0.824962
-7.323199 -0.498117 0.915392
-7.337038 -0.481470 0.921804
-7.335869 -0.460072 0.999489
-7.323724 -0.504929 1.047082
-7.354033 -0.517753 1.034162
-7.310724 -0.537193 1.028877
-7.316834 -0.561843 0.991059
-7.303995 -0.565868 0.935699
-7.311207 -0.551937 0.945675
-7.300377 -0.552011 0.900817
-7.309948 -0.517912 0.852053
-7.288622 -0.506270 0.758955
-7.284275 -0.467964 0.803298
-7.303478 -0.469138 0.869254
-7.319029 -0.451546 0.978952
-7.329219 -0.450338 1.118096
-7.356485 -0.514114 1.258023
-7.344058 -0.515038 1.284951
-7.384093 -0.507404 1.340550
-7.382719 -0.570916 1.401189
-7.369895 -0.577591 1.561004
-7.388732 -0.601998 1.590872
-7.417409 -0.592227 1.685367
-7.413113 -0.589309 1.720920
-7.635418 -0.369781 1.677168
-7.682481 -0.364207 1.680687
-7.438029 -0.603302 1.923746
-7.391538 -0.636791 2.011704
-7.375920 -0.620060 1.760940
-7.395362 -0.593508 1.600240
-7.410452 -0.601454 1.547030
-7.410742 -0.598968 1.538611
-7.450378 -0.555353 1.635556
-7.497423 -0.550943 1.659773
-7.511025 -0.565189 1.682089
-7.642142 -0.756831 1.744791
-7.520665 -0.616120 1.550491
-7.426336 -0.579217 1.475959
-7.482985 -0.595717 1.463334
-7.498787 -0.617963 1.480047
-7.525653 -0.586110 1.513926
-7.536548 -0.626668 1.441978
-7.495056 -0.651088 1.346645
-7.505723 -0.683202 1.264567
-7.484023 -0.712020 1.203442
-7.519957 -0.585606 1.236379
-7.518299 -0.658892 1.212459
-7.536357 -0.531719 1.231340
-7.458588 -0.717240 0.991405
-7.382153 -0.812348 0.689508
-7.325813 -0.918416 0.469268
-7.250795 -1.062783 0.412874
-7.373349 -0.927802 0.538478
-7.454331 -0.780065 0.785579
-7.507625 -0.725188 0.935982
-7.659388 -0.665067 1.200490
-7.773632 -0.785118 1.286649
-7.473149 -0.612863 1.023216
-7.297966 -0.778934 0.624596
-7.237751 -0.927149 0.435134
-7.216287 -1.021024 0.282577
-7.275319 -0.993272 0.333902
-7.362933 -0.954175 0.363981
-7.404722 -0.963777 0.346513
-7.394859 -1.011567 0.263314
-7.369662 -1.024409 0.221218
-7.141798 -1.291179 -0.187611
-7.061301 -1.429129 -0.391670
-7.200364 -1.409433 -0.342905
-7.380943 -1.310831 -0.227068
-7.426476 -0.898483 0.011068
-7.358648 -0.459950 0.304826
-7.318338 -0.483749 0.366425
-7.333760 -0.525272 0.251516
-7.138991 -0.741265 -0.120986
-6.875395 -0.773113 -0.298560
-6.589334 -0.739876 -0.391214
-6.354783 -0.564930 -0.287507
-6.318242 -0.363292 -0.155229
-6.301121 -0.326747 -0.124267
-6.371772 -0.303248 -0.018859
-6.597991 -0.374041 0.070375
-6.853781 -0.529526 0.144318
-7.014824 -0.485052 0.316377
-7.162729 -0.189052 0.336934
-6.488975 0.580444 0.445730
-5.877775 0.661491 0.399636
-5.206254 0.733464 0.241330
-5.088861 0.701059 0.203620
-4.781544 0.370486 0.069987
-4.682244 0.092107 0.026251
-5.209794 -0.669989 0.014305
-5.408382 -0.873536 0.102229
-5.658548 -1.220584 0.289028
-5.774103 -1.272560 0.383724
-5.943638 -1.293421 0.695639
-5.952949 -1.386814 0.833312
-5.831762 -1.342398 1.033678
-5.797951 -1.402147 1.051848
-5.608134 -1.314477 0.820683
-5.714487 -1.385445 0.580027
-5.848737 -1.642905 0.354356
-6.012804 -1.825602 0.336682
-5.916369 -2.035584 0.372429
-5.795566 -2.178724 0.590558
-5.590308 -2.392589 0.701710
-5.681359 -2.406213 0.934485
-5.749968 -2.361338 1.054486
-6.209025 -2.204367 1.645028
-6.191853 -2.173486 2.059073
-6.130884 -2.276190 2.073069
-6.136676 -2.559098 2.052340
-5.730849 -2.855917 2.013088
-5.402013 -2.802565 1.956498
-5.306655 -2.785336 1.803665
-5.525419 -2.771322 1.795758
-5.973172 -2.515618 1.813671
-6.260353 -2.377096 1.864999
-6.448924 -2.257038 1.983048
-6.627735 -2.407223 2.073572
-6.547687 -2.264393 2.162707
-6.610506 -2.015836 2.135254
-6.661494 -2.013114 2.022458
-6.760316 -1.942277 1.884217
-6.746561 -1.962245 1.663899
-6.762695 -1.966100 1.465028
-6.789749 -1.927517 1.292330
-6.784388 -1.965327 1.183508
-6.847580 -1.951613 0.965352
-6.907514 -1.901960 0.823830
-6.761465 -1.940403 0.794154
-6.840027 -1.880457 0.772286
-6.914620 -1.879012 0.740137
-7.020374 -1.847681 0.812318
-7.057106 -1.793683 0.790204
-7.010621 -1.777170 0.798358
-7.084703 -1.730631 0.843418
-7.057590 -1.775794 0.885214
-7.102928 -1.704163 0.945606
-7.127068 -1.784081 0.974158
-7.127205 -1.693940 1.058369
-7.213477 -1.669356 1.243866
-7.184254 -1.707125 1.268466
-7.295127 -1.677930 1.426516
-7.265994 -1.625567 1.527895
-7.235055 -1.596742 1.613741
-7.254043 -1.611356 1.707772
-7.215444 -1.712470 1.701846
-7.313873 -1.742250 1.708855
-7.211564 -1.802474 1.608685
-7.193222 -1.704798 1.573669
-7.170631 -1.763167 1.482787
-7.182174 -1.760883 1.422981
-7.501991 -1.638275 1.399310
-7.374811 -1.598523 1.583329
-7.150970 -1.755186 1.726933
-7.226228 -1.674284 1.778241
-7.278149 -1.648442 1.747479
-7.309973 -1.655284 1.722803
-7.351563 -1.616710 1.739761
-7.361956 -1.642715 1.733063
-7.427325 -1.786642 1.676161
-7.407656 -1.741446 1.685319
-7.343751 -1.575990 1.753387
-7.352659 -1.587200 1.745904
-7.358085 -1.580232 1.788496
-7.392256 -1.634780 1.835926
-7.417829 -1.579828 1.922804
-7.412964 -1.615510 2.001529
-7.424857 -1.632525 2.004377
-7.451482 -1.686741 2.012730
-7.423377 -1.707361 2.005794
-7.418993 -1.740123 2.057063
-7.442338 -1.749329 2.037489
-7.455701 -1.708778 1.968916
-7.448253 -1.689987 1.944503
-7.476375 -1.687486 1.941738
-7.434293 -1.675954 1.967455
-7.420711 -1.681412 1.927300
-7.393659 -1.689097 1.946882
-7.382449 -1.723098 1.939079
-7.394992 -1.731432 1.918939
-7.403001 -1.721289 1.930770
-7.403979 -1.726772 1.932161
-7.406707 -1.754434 1.902550
-7.413753 -1.756382 1.872914
-7.404142 -1.748848 1.872161
-7.378595 -1.733411 1.838368
-7.385715 -1.706929 1.841712
-7.424712 -1.551104 1.869422
-7.597812 -1.565625 1.858150
-7.583317 -1.456421 1.850778
-7.477293 -1.192208 1.898451
-7.401165 -1.215289 1.847571
-7.434942 -1.321409 1.822525
-7.432980 -1.329946 1.826930
-7.418768 -1.344802 1.820645
-7.459051 -1.307875 1.820708
-7.483245 -1.289520 1.826551
-7.461009 -1.268768 1.815184
-7.377492 -1.348436 1.756000
-7.364122 -1.383171 1.755336
-7.388802 -1.376260 1.763407
-7.453206 -1.398922 1.764687
-7.533491 -1.263605 1.808056
-7.519044 -1.022312 1.861215
-7.458468 -1.030713 1.871103
-7.428331 -1.093996 1.822239
-7.432991 -1.108888 1.809196
-7.441541 -1.100185 1.821224
-7.538119 -0.962463 1.857535
-7.562759 -0.865075 1.874392
-7.580918 -0.780929 1.898163
-7.563439 -0.783652 1.887406
-7.443018 -0.924092 1.835933
-7.407522 -1.114624 1.770714
-7.409719 -1.134939 1.768684
-7.473133 -1.080076 1.768792
-7.588465 -0.893540 1.820552
-7.571380 -0.878844 1.812844
-7.578660 -0.841179 1.798714
-7.432282 -0.954788 1.751015
-7.434034 -1.047321 1.752160
-7.446702 -1.026865 1.782198
-7.491464 -0.972305 1.807455
-7.571091 -0.775455 1.851525
-7.595005 -0.708561 1.849246
-7.506977 -0.696746 1.837832
-7.517359 -0.769526 1.800231
-7.509474 -0.823178 1.791179
-7.520188 -0.806314 1.782168
-7.522872 -0.795594 1.774660
-7.528924 -0.742486 1.816109
-7.569466 -0.658943 1.836551
-7.550383 -0.683139 1.832450
-7.568976 -0.668449 1.850980
-7.575056 -0.716860 1.804257
-7.521520 -0.788273 1.769641
-7.572988 -0.778533 1.771953
-7.543927 -0.826267 1.767077
-7.556981 -0.767656 1.784348
-7.593452 -0.718736 1.819190
-7.638405 -0.646999 1.846231
-7.647838 -0.635340 1.845388
-7.622039 -0.647271 1.838071
-7.625262 -0.649706 1.857374
-7.626666 -0.614392 1.864277
-7.588611 -0.688183 1.828231
-7.601604 -0.694239 1.838189
-7.597702 -0.754491 1.824921
-7.615008 -0.737724 1.806473
-7.634042 -0.748890 1.804568
-7.670342 -0.887249 1.786651
-7.809058 -1.006563 1.773717
-7.603580 -0.783854 1.798236
-7.564535 -0.723776 1.803349
-7.550618 -0.660843 1.822213
-7.555435 -0.733351 1.798544
-7.575734 -0.739406 1.809696
-7.600464 -0.769920 1.800768
-7.615205 -0.813560 1.829691
-7.616279 -0.851247 1.820599
-7.621392 -0.860592 1.808204
-7.627527 -0.850323 1.827967
-7.657917 -0.842147 1.842715
-7.720170 -0.972038 1.785303
-7.612386 -0.837462 1.807457
-7.577750 -0.928638 1.784380
-7.597658 -0.853768 1.818504
-7.599796 -0.894474 1.780106
-7.649986 -0.819392 1.793768
-7.602791 -0.657020 1.815215
-7.635211 -0.636388 1.830663
-7.639378 -0.563827 1.832203
-7.610786 -0.655572 1.824859
-7.561778 -0.733049 1.809519
-7.496462 -0.778795 1.852821
-7.537971 -0.690306 1.832209
-7.577674 -0.617656 1.806437
-7.630663 -0.397354 1.846707
-7.716463 -0.429241 1.781269
-7.646718 -0.089925 1.821306
-7.451590 -0.087090 1.970404
-7.497699 0.032790 1.973861
-7.526958 0.190747 1.971046
-7.535289 0.104736 2.113489
-7.513682 0.111849 1.647076
-7.352559 0.236369 1.559461
-7.342654 0.441364 1.615529
-7.435642 0.617156 1.540376
-7.339483 0.503141 1.575327
-7.281467 0.710561 1.570453
-7.208063 0.841416 1.574179
-7.217563 0.949224 1.543646
-7.307507 0.971282 1.534783
-7.229099 0.990799 1.678920
-7.211118 1.025691 1.727020
-7.215359 1.260888 1.735819
-7.157160 1.303929 1.600215
-7.199186 1.271805 1.480560
-7.148270 1.562789 1.504638
-7.190755 1.686580 1.404883
-7.174063 1.714907 1.303210
-7.091164 1.531167 1.197554
-7.075511 1.528601 1.030429
-7.078620 1.528573 0.877318
-7.057046 1.545038 0.724212
-7.042338 1.729374 0.647827
-6.991125 1.837125 0.563813
-7.014034 1.839890 0.547525
-7.046815 1.926324 0.550399
-7.093438 2.073403 0.550484
-7.072581 1.949687 0.598206
-7.053473 2.002713 0.727302
-7.061557 2.030385 0.782092
-7.081168 2.160544 0.813477
-7.066979 2.193997 0.717532
-7.051903 2.181985 0.602093
-7.083109 2.234280 0.343568
-7.002600 2.137039 0.084792
-6.974113 2.102980 -0.120692
-6.982117 2.028297 -0.329244
-6.933320 2.058862 -0.532282
-6.931157 2.108068 -0.560167
-6.905744 2.181614 -0.695734
-6.859265 2.164220 -0.700545
-6.849143 2.199569 -0.696119
-6.862961 2.158812 -0.756656
-6.852884 2.206563 -0.762032
-6.878013 2.330938 -0.659852
-6.823722 2.428288 -0.625998
-6.811946 2.585519 -0.594344
-6.746487 2.613722 -0.580861
-6.768271 2.642750 -0.533742
-6.792923 2.743208 -0.511636
-6.671101 2.783816 -0.717551
-6.585666 2.920068 -1.079646
-6.484391 2.890603 -1.330041
-6.445866 2.843235 -1.627349
-6.317273 2.972046 -1.671463
-6.274336 3.096229 -1.692665
-6.210925 3.226800 -1.572503
-6.233100 3.218412 -1.577167
-6.213523 3.189632 -1.454974
-6.207409 3.197717 -1.408446
-6.172786 3.313630 -1.339816
-6.140329 3.378771 -1.372993
-6.082031 3.450863 -1.377511
-6.047855 3.508499 -1.371868
-6.022494 3.463520 -1.402722
-5.996730 3.469317 -1.395636
-5.997904 3.501346 -1.412061
-5.981600 3.593428 -1.438546
-5.942095 3.583695 -1.405588
-5.907878 3.711902 -1.357972
-5.907878 3.711902 -1.357972
-5.884339 3.652563 -1.409968
-5.858915 3.628375 -1.474544
-5.824227 3.525850 -1.526589
-5.814234 3.536515 -1.521266
-5.825511 3.523959 -1.527855
-5.821315 3.676681 -1.512944
-5.718631 3.733174 -1.594820
-5.718631 3.733174 -1.594820
-5.596576 3.837507 -1.696988
-5.562807 3.928845 -1.815826
-5.505999 3.799985 -2.024313
-5.437885 3.898444 -2.063714
-5.438578 3.902480 -2.075969
-5.457984 3.887358 -2.075556
-5.507473 3.862771 -2.094110
-5.459709 3.937619 -1.964951
-5.417802 3.958383 -1.883863
-5.403678 4.028719 -1.879022
-5.391872 4.036413 -1.726730
-5.408207 3.948819 -1.679503
-5.441902 3.982807 -1.588092
-5.456307 4.003920 -1.535093
-5.425556 4.008711 -1.535424
-5.465696 4.122202 -1.567443
-5.482577 4.100703 -1.552920
-5.407546 3.951684 -1.580492
-5.355330 3.885207 -1.739876
-5.275968 3.983041 -1.813457
-5.186300 4.053708 -1.940894
-5.208437 4.100955 -1.817526
-5.236977 4.142530 -1.673656
-5.289641 4.137679 -1.478350
-5.351291 4.089916 -1.354301
-5.322309 4.198781 -1.251630
-5.299744 4.201235 -1.222499
-5.300276 4.273378 -1.151738
-5.314608 4.396152 -1.250337
-5.284296 4.283732 -1.206801
-5.251626 4.213475 -1.403829
-5.230729 4.249614 -1.446667
-5.221978 4.253490 -1.514270
-5.262499 4.344217 -1.565925
-5.201130 4.306612 -1.498518
-5.198244 4.240285 -1.570363
-5.213499 4.315641 -1.552756
-5.238072 4.273345 -1.585132
-5.298235 4.298424 -1.410382
-5.476332 4.250469 -1.356699
-5.487153 4.354691 -1.005832
-5.539404 4.219982 -0.872280
-5.657113 4.157819 -0.689684
-5.748897 4.071679 -0.659578
-5.816781 4.028036 -0.656628
-5.804526 3.995181 -0.690073
-5.771746 4.014910 -0.619932
-5.834132 3.998555 -0.500858
-5.947618 3.993457 -0.303103
-6.123774 3.729779 -0.416275
-6.188761 3.486115 -0.634852
-6.196336 3.338577 -0.759645
-6.302550 3.149200 -0.754255
-6.462987 3.150382 -0.616312
-6.498318 3.176123 -0.653379
-6.481302 3.178455 -0.874586
-6.515201 3.171583 -1.414330
-6.423333 3.164309 -1.614480
-6.430386 3.123996 -1.409950
-6.523951 3.068918 -1.077610
-6.587006 3.020547 -1.102833
-6.676933 2.772965 -1.307520
-6.542167 2.632763 -1.464025
-6.561901 2.453733 -1.526316
-6.677996 2.390209 -1.542521
-6.728589 2.039175 -1.551346
-6.736940 1.824926 -1.606242
-6.731888 1.659199 -1.738321
-6.737132 1.540226 -1.883745
-6.722726 1.729363 -2.147204
-6.707789 1.616186 -2.094966
-6.868930 1.510737 -1.736705
-7.027979 1.483296 -1.486216
-7.098761 1.444652 -1.397312
-7.077681 1.398735 -1.423526
-6.972388 1.071835 -1.799765
-6.907792 0.759148 -2.008203
-6.905226 0.714963 -2.089490
-6.835983 0.489197 -2.117430
-6.907959 0.333401 -1.822574
-7.105734 0.317801 -1.473222
-7.289949 0.308003 -1.216961
-7.337189 0.313827 -1.131200
-7.326856 0.317848 -1.116986
-7.301701 0.347297 -1.254870
-7.235376 0.234281 -1.383298
-7.211006 0.161286 -1.315078
-7.224807 0.068642 -1.224944
-7.259273 -0.063685 -1.113819
-7.292911 -0.101552 -1.076517
-7.290209 -0.153865 -1.029630
-7.249072 -0.237134 -1.004799
-7.213108 -0.300323 -1.021037
-7.241749 -0.464456 -0.964541
-7.236398 -0.577472 -0.850000
-7.263611 -0.752852 -0.658379
-7.287261 -1.011385 -0.528845
-7.318749 -1.113938 -0.362895
-7.408709 -1.131957 -0.158974
-7.424994 -1.139574 -0.267760
-7.399226 -1.068251 -0.302222
-7.374252 -1.199839 -0.405450
-7.261479 -1.310190 -0.572036
-7.072970 -1.368412 -0.916670
-6.926639 -1.498381 -1.192930
-6.782967 -1.581520 -1.324064
-6.733009 -1.724911 -1.314643
-6.726847 -1.809899 -1.262701
-6.745152 -1.920316 -1.164467
-6.970394 -1.855602 -1.197642
-6.959952 -1.931905 -1.064404
-6.793201 -2.068561 -0.840130
-6.807603 -2.008142 -0.844134
-6.780613 -2.025565 -0.887369
-6.729675 -1.986785 -1.018761
-6.759151 -1.996330 -1.219934
-6.794782 -1.962754 -1.390375
-6.533562 -2.083827 -1.255733
-6.446445 -2.137344 -1.676848
-6.407802 -2.147639 -1.755932
-6.421287 -2.137960 -1.809187
-6.443672 -2.112928 -1.899534
-6.422918 -2.100884 -1.866985
-6.533669 -2.039575 -1.713928
-6.540934 -2.115141 -1.558995
-6.603374 -2.129992 -1.344972
-6.621666 -2.149646 -1.241511
-6.650579 -2.154114 -1.154410
-6.761383 -2.144564 -1.163090
-6.717627 -2.183512 -1.128982
-6.517567 -2.336478 -0.875799
-6.596398 -2.351195 -0.593075
-6.681153 -2.339694 -0.259934
-6.773977 -2.362990 0.002555
-6.842903 -2.380039 0.197720
-6.914815 -2.390280 0.322104
-6.914476 -2.415350 0.330638
-6.933445 -2.383838 0.353420
-6.869161 -2.401527 0.230467
-6.830739 -2.393137 0.081701
-6.807286 -2.442067 -0.046829
-6.803636 -2.437842 -0.072082
-6.713395 -2.507833 -0.132814
-6.717554 -2.459298 -0.088778
-6.770356 -2.477820 0.023205
-6.967630 -2.370596 0.052567
-6.894248 -2.427370 0.213259
-6.749714 -2.584333 0.413436
-6.755412 -2.671833 0.538721
-6.774610 -2.711974 0.605495
-6.787389 -2.720813 0.678697
-6.833914 -2.729313 0.732360
-6.807394 -2.742954 0.763671
-6.814887 -2.728830 0.801566
-6.804429 -2.800402 0.856279
-6.782000 -2.879909 0.873802
-6.806168 -2.892160 0.913701
-6.808653 -2.845607 0.950900
-6.821650 -2.839047 0.944563
-6.866027 -2.846203 0.917068
-6.963768 -2.785828 0.875236
-6.814228 -2.944227 0.967895
-6.767073 -2.904855 0.986816
-6.763022 -2.906089 1.030567
-6.814976 -2.895142 1.075815
-6.815420 -2.884868 1.070471
-6.834342 -2.867674 1.002423
-6.855631 -2.918798 0.980773
-6.863085 -2.803061 0.985058
-6.900213 -2.774498 0.950884
-6.891334 -2.869002 0.937505
-6.890538 -2.743773 0.936758
-6.877327 -2.751203 0.902418
-6.865346 -2.715359 0.848370
-6.859672 -2.778040 0.781104
-6.833386 -2.691539 0.751910
-6.861521 -2.704264 0.759034
-6.868328 -2.711966 0.785029
-6.897790 -2.767910 0.833923
-6.902559 -2.712589 0.871063
-6.931931 -2.705428 1.064614
-6.945354 -2.690228 1.065417
-6.954711 -2.678287 1.175225
-7.002284 -2.716100 1.310162
-7.022755 -2.675185 1.413195
-7.016705 -2.642447 1.512115
-7.028077 -2.659538 1.555814
-6.985437 -2.668126 1.613917
-6.989391 -2.681865 1.623411
-6.982477 -2.704525 1.654362
-7.017102 -2.676786 1.787040
-7.021245 -2.662968 1.759825
-7.091731 -2.795375 1.698018
-7.091946 -2.630999 1.735554
-7.066437 -2.520308 1.780653
-7.101193 -2.508834 1.814321
-7.132875 -2.466350 1.804666
-7.135475 -2.446650 1.825794
-7.146573 -2.425078 1.811419
-7.135457 -2.405303 1.762704
-7.137910 -2.367506 1.667901
-7.103434 -2.334603 1.610809
-7.107802 -2.311984 1.566140
-7.192027 -2.404343 1.649982
-7.185506 -2.308968 1.724014
-7.128506 -2.163483 1.499793
-7.141356 -2.156273 1.543198
-7.301032 -2.049150 1.581719
-7.205680 -2.117648 1.770744
-7.132349 -2.147850 1.897186
-7.174240 -2.121353 1.964918
-7.214057 -2.072340 1.994845
-7.233374 -2.089937 1.999479
-7.235889 -2.057474 1.979889
-7.232999 -2.048031 1.993353
-7.210490 -2.014419 1.997091
-7.185196 -1.995176 2.067280
-7.194136 -2.000475 2.107028
-7.184825 -1.965235 2.163286
-7.251560 -2.064651 2.197050
-7.321461 -2.165659 2.192378
-7.327142 -2.108503 2.202469
-7.255157 -1.808075 2.246236
-7.112970 -1.677315 2.274984
-7.168678 -1.655453 2.298694
-7.256723 -1.590621 2.315705
-7.319861 -1.509791 2.340560
-7.409900 -1.431722 2.397331
-7.436774 -1.334529 2.466616
-7.366587 -1.408958 2.473695
-7.294554 -1.487787 2.374451
-7.262206 -1.535264 2.253532
-7.208663 -1.566797 2.171522
-7.210577 -1.435635 2.021830
-7.294067 -1.263589 1.950011
-7.262411 -1.226041 1.920094
-7.243066 -1.223330 1.861125
-7.273800 -1.061833 1.832818
-7.293688 -0.978854 1.745227
-7.261133 -0.957569 1.711976
-7.191932 -0.951344 1.667981
-7.143095 -0.913440 1.593849
-7.279629 -0.691268 1.703673
-7.335994 -0.553622 1.642249
-7.471742 -0.345743 1.598722
-7.425584 -0.317512 1.564381
-7.224558 -0.263132 1.282646
-6.880816 0.208241 1.179489
-6.811002 0.298423 1.172786
-6.365253 0.834531 1.057072
-6.175995 1.107040 1.166698
-6.264875 1.112522 1.268518
-6.361876 1.044488 1.275037
-6.226519 1.407469 1.206439
-5.985805 1.716093 1.023194
-5.752205 1.829511 0.857809
-5.820196 1.964482 0.698142
-5.770430 1.705002 0.561588
-5.872976 1.436507 0.614892
-6.198493 1.179407 0.783959
-6.463490 0.977094 0.876346
-6.597365 0.867694 0.943852
-6.472748 0.889932 0.845657
-6.272296 1.019190 0.700288
-6.222790 0.932512 0.580688
-6.449116 0.664856 0.658796
-6.772592 0.301192 0.765512
-7.009353 0.025809 0.917613
-7.136639 -0.172415 0.877088
-6.994858 -0.086274 0.756127
-6.737117 0.051699 0.710376
-6.726488 0.064319 0.722206
-6.888598 -0.155011 0.786161
-7.112420 -0.302389 0.895168
-7.227899 -0.366079 1.083397
-7.219944 -0.475858 0.996189
-7.070480 -0.516908 0.851538
-6.689734 -0.345115 0.753878
-6.490088 -0.194397 0.781851
-6.578696 -0.366809 0.798595
-6.785200 -0.698589 0.817806
-6.986709 -0.833949 0.926639
-7.062868 -1.009199 0.903129
-7.021857 -0.990609 0.748570
-6.889792 -0.914926 0.633538
-6.796557 -1.062477 0.458680
-7.008944 -0.860512 0.367588
-6.914497 -1.088744 0.468258
-6.903610 -1.250738 0.578976
-7.106581 -1.317857 0.615217
-7.073926 -1.394706 0.614280
-6.898490 -1.360144 0.470715
-6.715747 -1.343364 0.219288
-6.467985 -1.379508 -0.069545
-6.373095 -1.376871 -0.170745
-6.426304 -1.789978 -0.239605
-6.461229 -1.936181 -0.210080
-6.653244 -2.008677 -0.120092
-6.843240 -2.132070 -0.122520
-6.752069 -2.224924 -0.107502
-6.760195 -2.228943 -0.124135
-6.781887 -2.275522 -0.155636
-6.824565 -2.243929 -0.120864
-6.812031 -2.298154 -0.152150
-6.747179 -2.356755 -0.226136
-6.779127 -2.381927 -0.219393
-6.676513 -2.302586 -0.415094
-6.412979 -2.170684 -0.457305
-6.272666 -2.143834 -0.592887
-6.176452 -2.221295 -0.689425
-6.237188 -2.581723 -0.748422
-6.225371 -2.742210 -0.767218
-6.316717 -2.845940 -0.732310
-6.363619 -3.019181 -0.637458
-6.520492 -3.101818 -0.594018
-6.353515 -3.181926 -0.545557
-6.373727 -3.193186 -0.555061
-6.360412 -3.304840 -0.555532
-6.366736 -3.510519 -0.592613
-6.341765 -3.469248 -0.624786
-6.367426 -3.439484 -0.700649
-6.196954 -3.290069 -0.680422
-6.102866 -3.220651 -0.759941
-6.081407 -3.309709 -0.831225
-6.019724 -3.459624 -0.895804
-5.933893 -3.630325 -0.876783
-5.859343 -3.761612 -0.837835
-5.851839 -3.840144 -0.762714
-5.882369 -3.871741 -0.663949
-5.992585 -3.894516 -0.600741
-5.952662 -3.934946 -0.505984
-5.850581 -3.980562 -0.488982
-5.812761 -4.017210 -0.473481
-5.800614 -4.280264 -0.465437
-5.772432 -4.113796 -0.365111
-5.780915 -4.071697 -0.319371
-5.788785 -4.091658 -0.286528
-5.802751 -4.087057 -0.288606
-5.800642 -4.106589 -0.276972
-5.765572 -4.231652 -0.282077
-5.791021 -4.137480 -0.293660
-5.909686 -4.073643 -0.421160
-5.894885 -4.018704 -0.440531
-5.866477 -4.015254 -0.438121
-5.551804 -3.962634 -0.433977
-5.521372 -3.995110 -0.439378
-5.478306 -3.972284 -0.419614
-5.485489 -3.949366 -0.374962
-5.581331 -3.938476 -0.270721
-5.385042 -3.925769 -0.161733
-5.326272 -3.866763 -0.189137
-5.353362 -3.964535 -0.210553
-5.381441 -4.078608 -0.202950
-5.441277 -4.204301 -0.187501
-5.663453 -4.201365 -0.272181
-5.710320 -4.129523 -0.307978
-5.717577 -4.123574 -0.277964
-5.263224 -4.200220 -0.195189
-5.328898 -4.253736 -0.217361
-5.377395 -4.356331 -0.291356
-5.420372 -4.422098 -0.433599
-5.493041 -4.484223 -0.545137
-5.435513 -4.530812 -0.686335
-5.477328 -4.414016 -0.750293
-5.473047 -4.439286 -0.790973
-5.440764 -4.438759 -0.799273
-5.500557 -4.435651 -0.777530
-5.474210 -4.483159 -0.801514
-5.501098 -4.459442 -0.741641
-5.590346 -4.474983 -0.633622
-5.782367 -4.484221 -0.627187
-5.800174 -4.593869 -0.438895
-5.681326 -4.579622 -0.272126
-5.603810 -4.520642 -0.181831
-5.552336 -4.560270 -0.195415
-5.201417 -4.637849 -0.223331
-5.253146 -4.618230 -0.342365
-5.229850 -4.644974 -0.537844
-5.296269 -4.632857 -0.606453
-5.328336 -4.634201 -0.621074
-5.369518 -4.610042 -0.509384
-5.472511 -4.632185 -0.265588
-5.495071 -4.646432 -0.073845
-5.570027 -4.597953 0.131128
-5.588317 -4.635378 0.319616
-5.584387 -4.653713 0.525941
-5.566296 -4.694743 0.707209
-5.520039 -4.730188 0.780259
-5.604993 -4.724537 0.793187
-5.615159 -4.710940 0.741805
-5.590891 -4.642667 0.662069
-5.550391 -4.645213 0.550943
-5.441625 -4.667987 0.457050
-5.411766 -4.671215 0.399042
-5.442181 -4.685471 0.360047
-5.474465 -4.662314 0.414628
-5.547723 -4.643437 0.479753
-5.576502 -4.602538 0.614283
-5.636735 -4.584474 0.713126
-5.649712 -4.541978 0.725400
-5.684309 -4.531581 0.705764
-5.719325 -4.492969 0.632151
-6.003897 -4.340059 0.468565
-6.105996 -4.258896 0.427760
