Column1 Column2 Column3
0.155972 0.316597 1.700865
0.120761 0.258013 1.554427
0.103310 0.247941 1.534348
0.108455 0.186631 1.456489
0.087063 0.131975 1.364465
0.073898 0.141201 1.373097
0.080442 0.119017 1.249619
0.005036 -0.070444 1.396305
0.034188 -0.085736 1.701270
0.159214 0.334202 1.566064
0.111015 0.233393 1.394369
0.115296 0.204322 1.356953
0.076233 0.150739 1.270825
0.131219 0.158243 1.216025
0.118351 0.162751 1.280650
0.166931 0.330957 1.620722
0.153369 0.306712 1.619395
0.137826 0.206986 1.491027
0.115187 0.252298 1.737446
0.036197 0.232896 1.934677
0.092013 0.241580 2.141344
0.114101 0.181085 2.193883
0.227866 0.102969 2.178045
0.476865 -0.035057 1.952301
0.616155 -0.174778 1.732695
0.755096 -0.316319 1.493958
0.931748 -0.374677 1.306451
0.973404 -0.390824 1.262396
0.953431 -0.371256 1.193156
0.898398 -0.203738 1.061322
0.879164 -0.199951 1.073135
0.770500 -0.023486 1.186331
0.619925 0.079157 1.199234
0.363771 0.158864 1.191470
0.156294 0.157227 1.220055
-0.038484 0.116818 1.205767
-0.287322 0.124825 1.337503
-0.422287 0.189400 1.511910
-0.493859 0.212715 1.664041
-0.576381 0.225823 1.808655
-0.616962 0.181850 2.012333
-0.608348 0.185299 2.073111
-0.537474 0.131745 2.084390
-0.467653 0.168595 2.051079
-0.474060 0.185746 2.066213
-0.478622 0.174277 2.098104
-0.463318 0.165824 2.096807
-0.351820 0.136151 2.061343
-0.163027 0.103777 1.990709
-0.149041 0.104722 1.977709
-0.125289 0.096581 1.961951
-0.125289 0.096581 1.961951
-0.061408 0.089459 1.880763
0.076084 0.026911 1.798814
0.129542 0.023321 1.723839
0.331859 -0.005019 1.602358
0.413590 -0.049360 1.527023
0.498846 -0.094114 1.501662
0.526290 -0.096541 1.492332
0.680936 -0.136154 1.432864
0.688341 -0.150849 1.428764
0.710267 -0.154286 1.435729
0.864460 -0.197954 1.378739
1.000793 -0.260152 1.360488
1.103935 -0.330173 1.323585
1.102241 -0.355388 1.328825
1.108586 -0.430800 1.285111
1.087168 -0.442730 1.223848
1.087337 -0.450185 1.208199
1.062097 -0.424234 1.247022
0.967778 -0.380725 1.275505
0.721794 -0.314319 1.334458
0.467107 -0.219160 1.360019
0.283943 -0.147335 1.382574
0.080907 -0.085045 1.435668
-0.064625 -0.043990 1.437445
-0.097916 -0.046461 1.446940
-0.335034 0.051917 1.487334
-0.644989 0.181302 1.591285
-0.819349 0.256825 1.660916
-0.976412 0.289479 1.771646
-0.995637 0.291318 1.771982
-1.149073 0.432028 1.870012
-1.211567 0.542372 1.880777
-1.097924 0.613001 1.990218
-0.914864 0.595209 2.001633
-0.697626 0.557506 1.957620
-0.393034 0.479545 1.853299
-0.155810 0.416052 1.777141
0.031460 0.331235 1.760264
0.135239 0.283101 1.731602
0.201289 0.249546 1.702407
0.434376 0.116451 1.690802
0.635523 0.008292 1.657751
1.053102 -0.273467 1.570589
1.437212 -0.536592 1.481011
1.503100 -0.578909 1.451740
1.822218 -0.828277 1.365922
1.957412 -1.009120 1.312336
2.008760 -1.065191 1.302522
2.119646 -1.260770 1.261076
2.077184 -1.328125 1.208030
2.049665 -1.390059 1.166811
1.827446 -1.489460 1.053645
1.581604 -1.488325 1.057796
1.498665 -1.493718 1.054853
1.029424 -1.393860 1.079514
0.731525 -1.298152 1.092923
0.548522 -1.253536 1.144421
0.003205 -1.070778 1.202952
-0.074591 -1.007458 1.228325
-0.661093 -0.736731 1.361582
-0.713053 -0.707134 1.359675
-1.558651 -0.223194 1.538696
-1.640351 -0.149916 1.573608
-2.044448 0.247157 1.670958
-2.254068 0.471229 1.744255
-2.455293 0.684785 1.822712
-2.650978 0.930547 1.894012
-2.639041 0.988831 1.908231
-2.615557 1.196132 2.001222
-2.409991 1.397277 2.069319
-2.326009 1.429826 2.078891
-1.823373 1.641363 2.086817
-1.470747 1.705975 2.085593
-0.878650 1.745346 2.238238
-0.340511 1.648014 2.224606
0.333368 1.456410 2.087534
1.034740 1.224348 1.871750
1.678170 0.904754 1.613021
2.272477 0.557697 1.348263
2.772154 0.215995 1.146236
3.260816 -0.274462 0.921255
3.531086 -0.672892 0.785157
3.814674 -1.229303 0.619504
3.912081 -1.621898 0.537561
3.912993 -1.759284 0.517654
3.777137 -2.048774 0.467888
3.552098 -2.285750 0.487544
3.224773 -2.499975 0.492223
2.820182 -2.694720 0.464593
2.311694 -2.833257 0.494710
1.780894 -2.912526 0.574551
1.364859 -2.913515 0.660254
0.639003 -2.864639 0.787021
0.123758 -2.772958 0.880837
-0.601590 -2.580878 1.060075
-1.786295 -2.048640 1.291360
-2.414258 -1.624784 1.478988
-3.065770 -0.954298 1.666615
-3.458836 -0.370987 1.843099
-3.721044 0.258755 2.068934
-3.943617 0.956026 2.403417
-4.039672 1.471557 2.580739
-4.140270 2.018913 2.842699
-4.120018 2.473602 3.106272
-3.869383 2.792245 3.333393
-3.402070 2.975132 3.484149
-2.691909 3.043505 3.762568
-2.387099 3.055272 3.805442
-1.601279 3.104792 3.858686
-0.988008 3.189156 3.766436
-0.277391 3.239467 3.501448
0.270494 3.199956 3.239048
1.749828 2.669291 2.415885
2.466701 2.125587 1.931382
3.088158 1.475392 1.434940
3.533877 0.652848 0.915663
3.767106 -0.294434 0.256874
3.910077 -1.044732 -0.437606
4.060822 -1.744606 -1.124382
4.168342 -2.317462 -1.688590
4.284597 -2.926108 -1.897526
4.376616 -3.439494 -1.683626
4.366475 -3.708916 -1.498185
4.349176 -4.356456 -1.076577
4.321684 -4.421780 -1.045656
4.036383 -4.663257 -0.912458
3.758477 -4.836652 -0.840724
2.936151 -5.003670 -0.685183
1.774847 -5.154744 -0.498084
0.997331 -5.097831 -0.344120
-0.035766 -4.852138 0.030669
-0.169192 -4.806163 0.086956
-0.574379 -4.649889 0.263162
-1.539771 -4.057679 0.863993
-2.027563 -3.597906 1.267964
-3.197899 -1.670975 2.430657
-3.483370 -0.726561 2.918230
-3.573810 -0.357882 3.091829
-3.858352 0.811687 3.431447
-3.916787 1.010444 3.434382
-4.073262 2.022792 3.421528
-4.092227 2.531971 3.390033
-4.117271 2.889444 3.405909
-4.090892 2.987041 3.381214
-4.117447 3.147517 3.415408
-4.147694 3.511383 3.873473
-4.105627 3.568982 3.961996
-3.891303 3.670736 3.513186
-3.794248 3.733121 3.354539
-3.517327 3.904054 2.987265
-2.486922 4.215254 2.568059
-2.264421 4.253986 2.514908
-1.619520 4.303167 2.438956
-0.512528 4.268923 2.543053
-0.406876 4.245678 2.547871
-0.297021 4.244991 2.589559
0.296905 4.113500 2.715985
1.263723 3.917632 3.041390
2.546679 3.723681 3.834478
3.083882 3.427311 4.184335
3.451252 3.008015 4.308257
3.735475 2.450341 4.058701
3.810831 2.122865 3.824198
4.047327 1.317390 3.035748
4.153298 0.844959 2.644377
4.210186 0.054191 2.110131
4.214431 -0.171237 2.019959
4.263584 -2.019592 1.633337
4.280982 -2.801130 1.314411
4.341050 -3.423236 0.995103
4.320462 -3.785784 0.849330
4.305711 -3.876556 0.844527
4.292288 -4.106410 0.700348
4.223635 -4.428993 0.567515
4.223635 -4.428993 0.567515
3.478266 -4.987878 0.396441
2.472895 -5.283525 0.145265
1.731302 -5.404564 0.085549
1.334384 -5.449876 -0.014850
1.228651 -5.478932 -0.071504
0.184840 -5.513343 -0.064724
-0.567977 -5.525278 -0.079839
-0.800035 -5.508484 -0.097082
-1.793162 -5.437113 -0.202376
-2.375295 -5.332941 -0.415419
-2.849097 -5.123391 -0.598622
-3.140975 -4.814511 -0.774881
-3.361745 -4.372867 -0.878518
-3.534570 -3.913804 -0.852658
-3.717233 -3.270546 -0.660428
-3.928388 -2.171923 -0.149747
-4.044210 -1.080127 0.462333
-4.086737 -0.773208 0.651506
-4.112515 0.734020 1.523393
-4.162825 1.873375 2.198335
-4.213012 2.491933 2.538626
-4.183190 2.792566 2.817348
-4.172524 2.841009 2.900393
-3.501704 3.372002 2.974815
-2.704422 3.853827 2.532365
-2.513551 3.925929 2.441875
-1.773791 4.086106 2.159157
-1.211362 4.179913 1.998612
0.107385 4.229629 1.979674
0.746800 4.175116 2.090461
1.332016 4.084413 2.239328
1.832783 3.993136 2.394010
2.450458 3.855808 2.637386
2.620057 3.803419 2.690110
3.176920 3.634024 3.018564
3.339186 3.576961 3.185252
3.674805 3.285642 3.675290
3.807788 3.135157 3.971619
4.053004 2.908835 4.440483
4.193735 2.820851 4.885030
4.383853 2.676796 4.884305
4.431590 2.187473 4.528574
4.443870 1.961366 4.384305
4.467421 1.091182 4.163061
4.494965 -0.572478 3.561782
4.403260 -1.618634 2.884746
4.206180 -2.187326 2.464424
3.638034 -2.976640 1.742886
3.458965 -3.150844 1.609415
2.869313 -3.576079 1.273638
1.769740 -4.150109 0.829144
1.395103 -4.297410 0.678922
0.777073 -4.512218 0.516072
-0.004548 -4.737327 0.351980
-1.255425 -4.960744 0.162339
-1.567819 -5.016044 0.132358
-2.564039 -5.147690 0.038634
-3.116529 -5.233699 -0.023643
-3.484941 -5.265009 -0.040564
-3.786134 -5.291274 -0.100658
-4.118938 -5.234377 -0.132150
-4.251387 -5.141179 -0.193020
-4.390786 -4.981838 -0.530924
-4.475501 -4.874134 -0.857463
-4.533494 -4.240295 -0.650726
-4.587121 -3.348632 -0.134967
-4.591354 -2.069839 0.719587
-4.456080 -1.076155 1.468814
-3.873262 0.005566 2.253423
-2.948778 0.886777 2.739133
-2.689635 1.096729 2.812006
-2.092280 1.435175 2.930602
-0.582620 2.078802 3.120699
0.226072 2.343111 3.214883
0.725768 2.483868 3.243557
1.368221 2.617002 3.368750
2.084415 2.733600 3.478061
2.475534 2.795351 3.536032
2.869239 2.820362 3.592429
3.315574 2.871936 3.663426
3.652555 2.901365 3.755450
3.896922 2.939577 3.884721
4.097359 2.900682 3.897149
4.101084 2.879614 3.916266
4.363198 2.846901 4.011179
4.448144 2.813862 4.093689
4.506721 2.778960 4.168498
4.656497 2.661857 4.431412
4.665025 2.604285 4.482531
4.766803 2.435787 4.817275
4.804827 2.326106 5.066031
4.859208 2.199088 5.393270
4.868212 2.044589 5.630997
4.907334 1.876577 6.006310
4.908281 1.805146 6.141701
4.906780 1.519354 6.717913
4.836515 1.071223 6.654475
4.617348 0.388465 6.210088
4.338993 -0.325281 5.572669
3.646373 -1.501359 4.344311
3.096334 -2.128288 3.662970
1.937346 -3.049559 2.585114
0.808092 -3.618175 1.931135
-0.476949 -4.062297 1.342474
-1.731372 -4.454487 0.880237
-2.651380 -4.643311 0.661305
-3.331461 -4.812860 0.476247
-3.750742 -4.926938 0.382476
-4.130724 -5.030926 0.297686
-4.355170 -5.059488 0.303883
-4.581153 -5.026766 0.231202
-4.618899 -5.020367 0.229601
-4.854335 -4.929861 0.094943
-4.617376 -4.825784 -0.252396
-4.553181 -4.801419 -0.320648
-4.445775 -4.771930 -0.325890
-4.054622 -4.679748 -0.508622
-2.166268 -4.370884 -1.089488
-1.324037 -3.908375 -0.859530
-0.603581 -3.273725 -0.389707
0.115695 -2.411569 0.276868
0.856021 -1.478880 0.982577
1.518587 -0.654862 1.649626
2.078497 -0.036945 2.113641
2.789729 0.597683 2.605372
2.946112 0.741902 2.711304
3.734249 1.464393 3.170186
3.942867 1.674867 3.361140
4.124042 1.794411 3.453602
4.436033 2.088079 3.721670
4.640798 2.292352 3.898789
4.671398 2.326893 3.894365
4.765123 2.469973 4.120120
4.847867 2.512734 4.357406
4.949340 2.523301 4.611283
4.894757 2.487804 4.799867
4.661646 2.462249 5.032014
4.269002 2.443091 5.192012
3.694764 2.369785 5.394891
3.162560 2.335829 5.577366
2.304708 2.361931 5.946608
1.502189 2.269164 6.102315
0.931660 2.200828 6.309057
0.844134 2.189320 6.346450
-0.140622 1.927081 6.656244
-0.818220 1.203479 6.170131
-1.521893 0.193478 5.201258
-2.080536 -0.738728 4.291945
-2.177635 -0.880657 4.156906
-3.017120 -2.322601 2.859355
-3.300265 -2.865643 2.447751
-3.445187 -3.158631 2.234692
-3.785878 -3.723630 1.883915
-3.841423 -3.794392 1.813530
-3.878413 -3.893401 1.721641
-4.053657 -4.121325 1.520945
-4.235094 -4.261845 1.417231
-4.404904 -4.403480 1.300813
-4.623596 -4.457131 1.185944
-4.761274 -4.566825 1.122167
-5.059081 -4.737230 1.169390
-5.064552 -4.814459 1.133616
-4.809545 -4.888830 1.096289
-4.308340 -5.003728 1.058393
-3.560642 -5.115598 0.990531
-2.801504 -5.162688 0.862249
-1.926059 -5.246967 0.588026
-1.200775 -5.227357 0.390548
-0.439381 -5.179723 0.111836
0.491899 -4.985086 -0.209440
0.747481 -4.911403 -0.244352
1.885706 -4.155965 -0.057908
1.993580 -4.034230 0.010834
2.230579 -3.832054 0.070367
3.595559 -1.775695 1.084963
3.997550 -0.930571 1.518986
4.357713 -0.169435 1.880974
4.631651 0.414420 2.149345
4.876341 0.975616 2.354103
5.074092 1.472997 2.566441
5.264009 1.749590 2.654068
5.388998 1.968037 2.707601
5.499148 2.195706 2.751204
5.562190 2.343298 2.781200
5.653855 2.467442 2.865808
5.707142 2.545736 2.958916
5.701770 2.597215 3.132954
5.648170 2.639803 3.262161
5.442578 2.698922 3.400586
5.063755 2.758421 3.466451
4.254446 2.911777 3.590456
3.570272 3.047391 3.650853
2.683230 3.277292 3.798241
2.006122 3.377875 3.851868
1.149411 3.490996 4.009656
0.456847 3.590267 4.255238
-0.344555 3.511939 4.400520
-1.056391 3.107991 4.237862
-1.839020 2.412882 3.963515
-2.694219 1.289958 3.312985
-3.311328 0.057068 2.811666
-3.782805 -0.887882 2.445011
-4.248493 -1.683902 2.152691
-4.578209 -2.210389 1.948346
-4.868931 -2.695953 1.717764
-5.088647 -2.976834 1.685731
-5.076480 -3.243633 1.548188
-4.735577 -3.543202 1.426579
-4.225697 -3.934645 1.289314
-3.445404 -4.146707 1.329352
-2.497248 -4.405053 1.338332
-1.676906 -4.419272 1.495467
-0.844506 -4.208402 1.747169
0.149423 -3.774076 1.918446
1.210931 -3.330639 2.001424
2.081785 -2.945483 2.028105
2.414860 -2.747629 2.023512
3.293911 -2.213651 1.777863
3.758349 -1.952857 1.299473
4.010299 -1.852506 0.865533
4.244328 -1.795998 0.327268
4.363901 -1.814569 -0.144424
4.459525 -2.030428 -0.577251
4.438755 -2.336421 -0.858701
4.365257 -2.505105 -1.043369
4.343339 -2.563338 -1.897429
4.334769 -2.580064 -2.329205
4.333443 -2.632390 -3.605528
3.915312 -2.498583 -4.258953
3.255241 -2.199557 -4.605342
2.520332 -1.842031 -4.739783
1.577835 -1.395752 -4.856042
0.685720 -1.050011 -5.026207
0.051056 -0.824497 -5.035208
-0.399591 -0.751718 -5.077589
-0.600864 -0.696329 -5.077962
-0.854837 -0.677402 -5.080195
-1.793413 -0.611846 -5.051620
-2.147016 -0.657309 -5.037687
-2.444199 -0.672519 -5.004727
-2.987678 -0.671803 -5.006122
-3.679837 -0.554288 -4.743620
-4.067502 -0.597844 -4.540402
-4.202939 -0.629779 -4.421230
-4.709210 -0.624291 -3.944060
-4.910001 -0.634059 -3.680752
-5.019333 -0.637934 -3.357293
-4.878541 -0.903802 -3.068033
-4.656123 -1.089123 -2.964039
-4.204021 -1.454309 -2.785050
-3.396307 -2.025889 -2.562224
-2.740183 -2.443451 -2.467765
-1.513959 -3.136550 -2.099466
-0.667697 -3.639831 -1.905225
0.272977 -4.029318 -1.744406
0.861395 -4.276089 -1.693742
1.473952 -4.637730 -1.407684
1.576579 -4.719735 -1.362900
1.999346 -5.081406 -1.359213
2.039723 -5.127586 -1.394347
2.057702 -5.161413 -1.404649
2.241198 -5.340070 -1.544148
2.241198 -5.340070 -1.544148
2.396625 -5.527125 -1.701587
2.750681 -5.841476 -1.734294
2.726752 -5.927550 -1.651907
2.775790 -5.892928 -1.429297
2.869503 -5.850907 -1.282317
2.964509 -5.824823 -1.307126
3.044094 -5.799368 -1.371104
3.260315 -5.662705 -1.538789
3.465173 -5.470543 -1.738325
3.663712 -5.178709 -1.743390
3.938694 -4.930978 -1.710045
4.022600 -4.620698 -1.910436
4.027471 -4.282131 -2.660321
3.821548 -3.861181 -3.477676
3.402345 -3.481306 -4.173468
2.882313 -3.141493 -4.785747
2.201104 -2.797894 -5.241627
1.430172 -2.455519 -5.534444
0.670812 -2.139226 -5.920297
-0.073403 -1.985500 -6.310339
-0.694534 -2.064979 -6.666783
-1.253556 -2.169095 -6.995122
-1.841778 -2.441697 -7.358577
-2.207562 -2.647920 -7.634014
-2.508035 -2.794759 -7.837531
-2.834023 -3.020347 -8.130986
-3.050724 -3.245727 -8.345299
-3.082234 -3.505748 -8.391758
-2.935622 -3.745212 -8.246665
-2.642356 -4.014206 -7.974019
-2.180654 -4.279940 -7.618373
-1.645098 -4.586023 -7.385966
-1.191630 -4.821719 -7.061583
-0.511768 -5.120844 -6.291472
0.231177 -5.439233 -5.189105
0.820518 -5.700481 -4.330280
1.469543 -5.985873 -3.612254
2.140459 -6.221012 -2.831285
2.528019 -6.389442 -2.470954
2.914105 -6.588622 -2.380512
3.113115 -6.733959 -2.497742
3.336741 -6.781946 -2.465122
3.507405 -6.848414 -2.339514
3.591445 -6.896424 -2.280893
3.766845 -6.957220 -2.518852
3.889353 -6.945139 -2.851263
3.982784 -6.962112 -3.159775
4.082671 -7.022747 -3.321103
4.093625 -7.011509 -3.339228
4.093625 -7.011509 -3.339228
4.088112 -6.998658 -3.552317
4.097583 -7.001609 -4.336501
4.097583 -7.001609 -4.336501
3.907944 -6.918668 -5.461689
3.553746 -6.815629 -6.114706
3.322980 -6.690337 -6.514992
3.053826 -6.531404 -6.856112
2.453375 -6.290984 -7.430713
1.446722 -6.117527 -8.136587
1.029731 -6.025241 -8.400948
0.856396 -5.964874 -8.470233
0.254672 -5.573773 -8.548620
-0.233839 -5.274509 -8.649248
-0.778391 -5.032975 -8.780897
-1.257592 -4.874727 -8.923824
-1.787830 -4.640803 -9.061306
-2.095273 -4.549327 -9.162640
-2.461667 -4.523985 -9.280436
-3.112278 -4.154188 -9.289164
-3.381748 -4.063980 -9.325531
-3.655409 -3.957557 -9.330340
-3.818416 -3.908219 -9.302817
-3.850719 -3.893209 -9.134456
-3.785309 -3.936852 -8.920969
-3.620739 -3.978735 -8.596216
-2.983379 -4.200737 -7.841487
-2.513534 -4.384755 -7.429922
-2.081020 -4.541113 -7.025192
-1.511725 -4.826841 -6.513163
-1.168664 -5.077552 -6.139612
-0.694311 -5.235587 -5.577207
-0.153498 -5.394326 -4.979332
0.316373 -5.498792 -4.467837
0.826461 -5.626479 -3.889603
1.387293 -5.823260 -3.411197
1.967254 -5.953762 -3.014792
2.391451 -6.093197 -2.776948
2.785126 -6.247641 -2.686145
3.112848 -6.356726 -2.490792
3.334569 -6.434282 -2.148142
3.513905 -6.526514 -1.617022
3.628855 -6.581471 -1.132125
3.795251 -6.429527 -0.440541
3.825434 -6.417662 -0.294807
3.952765 -6.513202 0.057754
3.959194 -6.494396 0.086521
3.986159 -6.533415 0.121299
4.068554 -6.580690 0.207055
4.160636 -6.622590 0.290805
4.232341 -6.618380 0.149232
4.358030 -6.606621 -0.148471
4.448387 -6.611858 -0.673790
4.467994 -6.645058 -0.915251
4.499038 -6.670157 -1.075205
4.727085 -6.560103 -2.222470
4.747313 -6.517388 -2.650060
4.837168 -6.528110 -3.081411
4.859739 -6.495110 -3.475595
4.865492 -6.459390 -3.736473
4.783866 -6.445255 -3.914135
4.559082 -6.336291 -3.972397
4.284394 -6.225157 -4.026889
3.963624 -6.142172 -4.168668
3.624603 -5.989882 -4.595936
3.348997 -5.856551 -5.053100
3.081627 -5.774375 -5.576841
2.888265 -5.682326 -5.826360
2.600983 -5.476318 -6.001013
2.558040 -5.442972 -6.059112
2.371478 -5.331193 -6.264739
2.085700 -5.215743 -6.628367
1.889001 -5.061150 -6.621939
1.715539 -5.002306 -6.709147
1.680882 -4.977784 -6.687285
1.524569 -4.932855 -6.659671
1.370309 -4.903440 -6.691516
1.326132 -4.867446 -6.666909
1.225833 -4.862516 -6.684733
1.226974 -4.801182 -6.515873
1.226983 -4.776828 -6.427431
1.346771 -4.790158 -6.327571
1.352203 -4.810374 -6.233070
1.667082 -4.950225 -5.956436
1.784275 -4.938244 -5.865570
2.060770 -4.970728 -5.591656
2.218118 -5.034228 -5.428153
2.323898 -5.062855 -5.337511
2.606220 -5.130656 -5.117652
2.893276 -5.218262 -4.819796
3.527933 -5.406645 -4.262301
3.708846 -5.589756 -4.152873
3.908140 -5.489318 -3.672141
4.012491 -5.490376 -3.521407
4.073156 -5.500115 -3.387119
4.208491 -5.532658 -3.321232
4.269243 -5.534761 -3.240231
4.358206 -5.567519 -2.995481
4.455367 -5.629515 -2.636112
4.535289 -5.659371 -2.337777
4.585508 -5.696093 -2.121199
4.682730 -5.760177 -1.783926
4.720997 -5.882369 -1.681245
4.802648 -5.857423 -1.555926
4.819653 -5.797319 -1.371569
4.848836 -5.797539 -1.357126
4.799415 -5.806707 -1.389094
4.768894 -5.806670 -1.382011
4.766426 -5.806231 -1.412547
4.675184 -5.764253 -1.474300
4.675184 -5.764253 -1.474300
4.549749 -5.709983 -1.695790
4.518561 -5.675986 -1.797124
4.494177 -5.649276 -1.850473
4.438424 -5.590636 -2.118016
4.472604 -5.556401 -2.286684
4.400133 -5.489382 -2.552834
4.359358 -5.534619 -2.701329
4.287516 -5.574495 -3.206867
4.275999 -5.545362 -3.285625
4.138038 -5.430839 -3.583296
4.087375 -5.353590 -3.764187
4.004846 -5.206216 -3.947506
3.939247 -5.047405 -3.915801
3.845909 -4.873576 -4.005578
3.820154 -4.844237 -4.130752
3.818958 -4.825075 -4.213962
3.764945 -4.855510 -4.317835
3.711210 -4.818894 -4.347319
3.711384 -4.813254 -4.397118
3.774195 -4.812537 -4.358038
3.804568 -4.821496 -4.344433
3.827040 -4.863906 -4.407993
3.924136 -4.788746 -4.425803
3.949175 -4.748270 -4.506907
3.973744 -4.744062 -4.554295
4.107131 -4.707990 -4.664330
4.211784 -4.711068 -4.676436
4.335283 -4.692865 -4.681887
4.477798 -4.703194 -4.653431
4.583504 -4.760776 -4.685848
4.671976 -4.905705 -4.739378
4.747509 -4.924493 -4.641060
4.777756 -4.926957 -4.513037
4.790088 -4.886183 -4.246248
4.812567 -4.796533 -3.983916
4.789834 -4.732794 -3.760142
4.773264 -4.770718 -3.691709
4.734294 -4.792508 -3.628568
4.708248 -4.807059 -3.600075
4.659012 -4.824887 -3.566642
4.599214 -4.892656 -3.383590
4.597581 -5.011645 -3.264484
4.538970 -4.999247 -2.997949
4.502904 -5.002538 -2.787824
4.492599 -5.026437 -2.655470
4.466825 -5.044991 -2.572441
4.393835 -5.072409 -2.379246
4.376993 -5.072914 -2.360041
4.251470 -5.097209 -2.234888
4.247259 -5.120348 -2.210840
4.181841 -5.112072 -2.180492
4.059810 -5.115078 -2.104350
3.963866 -5.122125 -2.110216
3.812297 -5.095337 -2.086066
3.687009 -5.201136 -2.224739
3.619854 -5.214892 -2.295156
3.476999 -5.081741 -2.195147
3.262149 -4.986100 -2.204134
3.126576 -4.954408 -2.297451
3.019014 -4.919661 -2.411813
2.888162 -4.905980 -2.567903
2.768875 -4.859393 -2.735657
2.679003 -4.828072 -2.873811
2.640771 -4.815249 -2.923490
2.495614 -4.766199 -3.081345
2.445934 -4.771697 -3.144612
2.185254 -4.685455 -3.433258
2.040764 -4.634905 -3.551523
1.869452 -4.611715 -3.708080
1.836964 -4.610533 -3.769100
1.738256 -4.589725 -3.828704
1.651236 -4.554662 -3.858224
1.402757 -4.533307 -3.994637
1.022107 -4.471793 -4.191782
0.827175 -4.527198 -4.378629
0.614926 -4.475008 -4.367350
0.572774 -4.451720 -4.358265
0.486118 -4.423313 -4.356807
0.338230 -4.365401 -4.347679
0.118911 -4.340575 -4.397606
-0.024771 -4.329094 -4.395988
-0.102329 -4.334228 -4.388965
-0.118304 -4.341330 -4.381666
-0.346440 -4.357231 -4.309815
-0.434029 -4.369675 -4.283142
-0.523996 -4.370610 -4.264532
-0.517381 -4.384998 -4.187562
-0.535748 -4.422533 -4.084724
-0.507243 -4.424683 -3.980256
-0.452924 -4.461338 -3.966185
-0.455034 -4.480455 -3.902822
-0.423476 -4.466887 -3.886209
-0.328046 -4.525950 -3.740606
-0.207372 -4.627794 -3.796785
-0.136661 -4.628685 -3.634419
-0.116872 -4.613561 -3.615033
-0.083249 -4.601022 -3.505621
-0.042222 -4.586349 -3.425971
0.087249 -4.651261 -3.202921
0.181545 -4.691433 -3.052675
0.243527 -4.748788 -2.847388
0.235744 -4.762452 -2.811393
0.287112 -4.791802 -2.728665
0.315359 -4.815851 -2.618825
0.362920 -4.830477 -2.544271
0.441872 -4.842875 -2.442435
0.510880 -4.848206 -2.403255
0.552194 -4.861009 -2.375737
0.612926 -4.869712 -2.337409
0.649735 -4.868695 -2.359496
0.654382 -4.850952 -2.397647
0.689855 -4.847552 -2.395974
0.752016 -4.833064 -2.466882
0.780174 -4.818786 -2.528462
0.869782 -4.797665 -2.632316
0.931010 -4.798600 -2.782971
1.069046 -4.818632 -3.015755
1.303571 -4.590624 -3.132582
1.311560 -4.579880 -3.159754
1.457390 -4.479585 -3.511181
1.498787 -4.430145 -3.636480
1.599653 -4.384386 -3.786343
1.687756 -4.332054 -3.937971
1.794130 -4.278776 -4.020430
1.870108 -4.235412 -4.143059
1.890135 -4.193113 -4.300745
1.907798 -4.143090 -4.408901
1.960900 -4.115166 -4.474114
2.012015 -4.094323 -4.455170
2.035925 -4.075459 -4.464035
2.031131 -4.068907 -4.456403
2.086880 -4.073806 -4.453028
2.146518 -4.060261 -4.421945
2.238981 -4.037142 -4.400192
2.238981 -4.037142 -4.400192
2.335254 -4.009542 -4.374895
2.396724 -3.996146 -4.430448
2.396724 -3.996146 -4.430448
2.451852 -3.967226 -4.445490
2.493862 -3.927408 -4.500643
2.507271 -3.854156 -4.668473
2.468466 -3.831934 -4.786229
2.432965 -3.810355 -4.889243
2.392687 -3.792265 -4.983529
2.309418 -3.756709 -5.057922
2.284786 -3.733268 -5.108311
2.253781 -3.731792 -5.148440
2.184929 -3.726120 -5.201205
2.183913 -3.769632 -5.252637
2.132636 -3.777775 -5.280333
2.109652 -3.763610 -5.247799
2.061903 -3.739060 -5.220007
1.948901 -3.749462 -5.132740
1.948901 -3.749462 -5.132740
1.866868 -3.789710 -4.997230
1.747704 -3.774949 -4.793952
1.747704 -3.774949 -4.793952
1.604704 -3.724180 -4.441567
1.438355 -3.639206 -4.098694
1.287922 -3.530848 -3.869581
0.976317 -3.283568 -3.434803
0.730629 -3.058405 -3.167308
0.634925 -2.975968 -3.074508
0.371874 -2.699892 -2.647566
0.274342 -2.612851 -2.444777
0.099772 -2.525305 -2.159257
-0.015574 -2.430216 -1.907320
-0.145572 -2.322725 -1.535083
-0.236464 -2.266065 -1.319381
-0.254151 -2.253957 -1.285643
-0.286819 -2.248149 -1.237708
-0.407967 -2.169192 -0.952773
-0.458051 -2.179325 -0.845951
-0.479055 -2.165971 -0.797897
-0.513677 -2.191254 -0.700040
-0.522369 -2.281924 -0.599883
-0.532632 -2.314216 -0.595238
-0.537798 -2.442862 -0.766367
-0.473078 -2.562822 -0.945179
-0.459759 -2.653374 -1.071388
-0.444102 -2.679407 -1.094989
-0.474431 -2.683082 -1.179845
-0.445596 -2.730434 -1.273366
-0.465917 -2.785795 -1.345517
-0.428924 -2.837150 -1.422699
-0.417028 -2.939388 -1.546419
-0.378564 -3.005762 -1.616421
-0.372610 -3.089187 -1.766295
-0.368112 -3.205782 -1.895779
-0.388609 -3.274963 -2.004290
-0.348220 -3.363659 -2.170894
-0.310402 -3.452241 -2.320509
-0.306438 -3.525219 -2.518711
-0.278466 -3.611132 -2.738911
-0.294856 -3.644777 -2.866959
-0.281028 -3.668084 -2.982785
-0.303784 -3.674560 -3.034472
-0.353520 -3.698339 -3.254552
-0.414603 -3.622612 -3.327224
-0.455272 -3.556289 -3.381279
-0.522495 -3.432146 -3.416335
-0.647419 -3.261164 -3.404966
-0.751217 -3.022567 -3.414645
-0.932814 -2.805179 -3.286220
-1.062192 -2.671629 -3.200328
-1.194875 -2.333649 -2.935889
-1.386691 -1.989101 -2.647679
-1.587187 -1.644845 -2.271422
-1.773690 -1.355293 -2.096926
-1.852887 -1.035467 -2.188513
-1.999727 -0.733343 -2.343071
-2.127462 -0.499626 -2.496973
-2.271286 -0.281260 -2.577755
-2.404195 -0.116199 -2.722598
-2.536441 0.014395 -2.822041
-2.651323 0.129887 -2.916607
-2.728765 0.197391 -2.959552
-2.802725 0.183496 -3.060836
-2.841308 0.114293 -3.111478
-2.896949 -0.003211 -3.159958
-2.935549 -0.073376 -3.162585
-2.987437 -0.261642 -3.135332
-3.069645 -0.569062 -3.072695
-3.070257 -0.843494 -3.028908
-3.050348 -1.190863 -2.899305
-3.008831 -1.643215 -2.843339
-3.068732 -2.176848 -2.813441
-2.832870 -2.554677 -2.762407
-2.766215 -3.074912 -2.827911
-2.735306 -3.510209 -2.997967
-2.691145 -3.826870 -3.164233
-2.556061 -4.106587 -3.393725
-2.386909 -4.255358 -3.600305
-2.239782 -4.354069 -3.692025
-2.090191 -4.438839 -3.717705
-1.998554 -4.476513 -3.685545
-1.758288 -4.549555 -3.506524
-1.586301 -4.501901 -3.366405
-1.553511 -4.289351 -3.134264
-1.550253 -4.140977 -3.069445
-1.652106 -3.614546 -2.752707
-1.810906 -3.168744 -2.576162
-1.943886 -2.715056 -2.462604
-2.111229 -2.075916 -2.230818
-2.133187 -1.519031 -1.867475
-2.178189 -1.035538 -1.645052
-2.235096 -0.281838 -1.860401
-2.249379 0.555547 -2.144933
-2.273184 1.247068 -2.188421
-2.192456 2.004178 -2.220373
-2.108584 2.547502 -2.192594
-2.124800 3.415766 -2.096114
-2.105451 3.790550 -2.046009
-2.100526 3.841385 -2.147667
-2.109482 3.842743 -2.168876
-2.081750 3.792089 -2.314459
-2.057022 3.723946 -2.386368
-2.001589 3.551160 -2.537872
-1.976970 3.418443 -2.652493
-1.947010 3.230784 -2.769348
-1.896163 2.943343 -2.933745
-1.690755 2.543619 -3.014757
-1.629683 2.242130 -3.043332
-1.609455 2.171565 -3.035767
-1.567501 1.785793 -3.010628
-1.440207 0.899565 -2.972707
-1.400537 0.491210 -2.942345
-1.329553 -0.112600 -2.877021
-1.284654 -0.661768 -2.823516
-1.302706 -1.283016 -2.778261
-1.222319 -1.715248 -2.751858
-1.120530 -2.270520 -2.723423
-1.029540 -2.735577 -2.646565
-0.901926 -3.075746 -2.580853
-0.776328 -3.416110 -2.543705
-0.683229 -3.654348 -2.475199
-0.586017 -3.834287 -2.449597
-0.550473 -3.951960 -2.484640
-0.512876 -4.033507 -2.557706
-0.489870 -4.029615 -2.552983
-0.522326 -4.004331 -2.416627
-0.564694 -3.921668 -2.138525
-0.643026 -3.827605 -1.974035
-0.661616 -3.665578 -1.880907
-0.699323 -3.381996 -1.847919
-0.687811 -2.685181 -1.707474
-0.685435 -2.197392 -1.552103
-0.652061 -1.648239 -1.280176
-0.614649 -1.139358 -0.977401
-0.601742 -0.573658 -0.579437
-0.608436 -0.076887 -0.348897
-0.574419 0.445273 -0.280370
-0.521423 0.614897 -0.319569
-0.290630 1.511859 -0.567543
-0.253448 1.612655 -0.598441
-0.222362 1.694568 -0.634548
-0.150214 2.245057 -0.764270
-0.083602 2.643148 -0.857880
0.126477 3.352062 -1.052275
0.139596 3.633202 -1.157678
0.184115 4.014136 -1.220442
0.182716 4.271468 -1.282894
0.191897 4.310143 -1.291712
0.238751 4.635046 -1.391045
0.255523 4.684779 -1.491920
0.229586 4.685378 -1.493694
0.208655 4.609335 -1.764198
0.251110 4.513935 -1.949278
0.261536 4.466062 -2.015154
0.268629 4.290164 -2.133312
0.265576 4.140640 -2.236153
0.277201 3.889452 -2.389811
0.183788 2.902391 -2.515575
0.070938 2.146011 -2.404966
-0.208945 1.140347 -2.257045
-0.385034 0.414704 -2.117650
-0.505747 -0.211088 -2.004509
-0.659209 -0.857061 -1.866829
-0.712431 -1.062812 -1.827689
-0.794478 -1.499087 -1.680779
-0.863340 -1.908258 -1.491102
-0.861175 -2.144562 -1.382258
-0.873433 -2.216897 -1.345709
-0.849061 -2.404049 -1.239989
-0.821591 -2.496827 -1.163262
-0.614477 -2.548470 -1.188397
-0.479344 -2.442566 -1.155726
-0.335908 -2.262677 -1.106815
-0.210430 -2.071755 -0.943266
-0.123067 -1.880413 -0.719425
0.047524 -1.593556 -0.306936
0.187231 -1.338689 0.044369
0.316774 -1.021568 0.314373
0.521740 -0.656226 0.504922
0.654080 -0.378757 0.653602
0.817139 -0.015739 0.795603
0.940271 0.299403 0.854523
1.071106 0.600242 0.910189
1.174423 0.945914 0.969120
1.348238 1.290857 1.005900
1.462826 1.627787 1.144979
1.502145 1.844320 1.195531
1.507518 1.984613 1.239460
1.506744 2.155963 1.206995
1.508888 2.271570 1.086631
1.476683 2.871665 0.334586
1.434775 3.101514 0.159734
1.436136 3.102447 0.086069
1.428337 3.094246 0.027115
1.426813 3.115872 -0.169567
1.357230 3.146597 -0.363689
1.260701 3.205172 -0.530021
1.175802 3.253025 -0.620320
1.006149 3.279414 -0.729317
0.758411 3.109535 -0.844819
0.560918 2.941797 -0.889568
0.330201 2.724966 -0.876655
0.037021 2.382951 -0.833473
-0.141472 2.036891 -0.766940
-0.398218 1.597057 -0.632996
-0.520062 1.309701 -0.425204
-0.667152 0.957685 -0.170846
-0.826569 0.726886 0.012504
-1.016919 0.510553 0.237651
-1.301906 0.226655 0.420082
-1.344125 0.177774 0.457922
-1.347181 0.154084 0.448986
-1.395066 0.054086 0.467962
-1.414076 -0.060640 0.414080
-1.420484 -0.134884 0.333789
-1.393073 -0.205804 0.284598
-1.345241 -0.285827 0.319815
-1.054781 -0.585955 0.945984
-0.823501 -0.669284 1.311007
-0.531963 -0.687349 1.579175
-0.237222 -0.663083 1.901452
-0.016627 -0.655976 2.142988
0.326402 -0.595270 2.527939
0.579148 -0.523363 2.703227
0.840432 -0.455413 2.797666
1.119247 -0.368112 2.882300
1.317038 -0.233923 3.002421
1.507789 -0.084153 3.042590
1.611361 0.112802 3.002175
1.624229 0.137440 2.983758
1.626843 0.158148 2.965476
1.668638 0.268081 2.859337
1.683290 0.380109 2.788490
1.646411 0.490627 2.709130
1.646411 0.490627 2.709130
1.584360 0.606253 2.664279
1.334360 1.140245 2.547148
1.024558 1.380264 2.373176
0.607216 1.622953 2.216981
0.290856 1.839596 2.056344
-0.074434 2.037634 1.949712
-0.362502 2.096297 1.780408
-0.732366 2.133961 1.543426
-0.987665 2.145724 1.433520
-1.171103 2.099604 1.339411
-1.408868 2.000379 1.242961
-1.662534 1.845599 1.184191
-1.822372 1.635621 0.984554
-1.852778 1.592286 0.906550
-1.868452 1.560872 0.855465
-1.945124 1.428239 0.584701
-2.019917 1.277447 0.379692
-2.073182 1.093667 0.118490
-2.167292 0.739196 -0.272563
-2.149446 0.270000 -0.571221
-1.920656 -0.118742 -0.688152
-1.640995 -0.426175 -0.735109
-1.272946 -0.749370 -0.714942
-0.911017 -1.035566 -0.734187
-0.423092 -1.363701 -0.759255
-0.065013 -1.556444 -0.795819
0.411928 -1.746038 -0.787879
0.781810 -1.784778 -0.725102
1.066702 -1.738300 -0.526846
1.379127 -1.666767 0.128368
1.628552 -1.588473 0.685290
1.702049 -1.579121 0.826515
1.863303 -1.465692 1.213181
1.966768 -1.364456 1.508203
1.991046 -1.344019 1.546206
2.092870 -0.987876 2.178082
2.119629 -0.735231 2.569231
2.148724 -0.534547 2.847620
2.028432 -0.239555 3.147914
1.848948 0.016300 3.375488
1.842357 0.050248 3.368561
1.445664 0.608345 3.627564
1.151037 0.951580 3.670392
0.954518 1.213287 3.646085
0.691434 1.583335 3.633067
0.379890 1.876370 3.555956
0.139847 2.164225 3.479212
-0.178708 2.449520 3.374807
-0.527554 2.699793 3.268441
-0.793798 2.875334 3.157271
-1.015804 3.030103 2.996342
-1.303632 3.171081 2.789907
-1.563281 3.203806 2.536016
-1.786590 3.149664 2.314276
-2.064707 2.931363 2.065753
-2.259362 2.725868 1.816380
-2.350423 2.539400 1.660860
-2.552528 2.100134 1.364466
-2.619732 1.782843 1.207531
-2.678312 1.324789 0.911423
-2.694111 0.992448 0.624652
-2.672678 0.649594 0.214088
-2.513640 0.310087 -0.208433
-2.285589 -0.263158 -0.751354
-2.157423 -0.367033 -0.814261
-1.582220 -0.935013 -0.951832
-1.258725 -1.272021 -1.016349
-0.856726 -1.620209 -1.058790
-0.494604 -1.905118 -1.113645
-0.093215 -2.219433 -1.184614
0.335077 -2.458788 -1.229100
0.621028 -2.603252 -1.257767
0.782403 -2.711963 -1.277257
1.155272 -2.845832 -1.360047
1.429177 -2.896575 -1.353533
1.628839 -2.841379 -1.199945
1.857485 -2.717373 -0.873216
2.038602 -2.583588 -0.532734
2.145851 -2.426524 -0.137033
2.212381 -2.115429 0.350654
2.189857 -1.730160 0.761982
2.206601 -1.311375 1.126209
2.180291 -0.906175 1.466501
2.136324 -0.449167 1.862764
1.984918 0.079906 2.245986
1.856881 0.427114 2.466614
1.651839 1.028855 2.732384
1.330877 1.561058 2.896749
0.965877 2.086324 3.044791
0.677320 2.529128 3.178848
0.362175 2.938472 3.206100
0.102826 3.191112 3.151900
-0.068005 3.224820 3.011597
-0.411891 3.322362 2.829114
-0.810786 3.544843 2.734360
-1.076418 3.667880 2.714518
-1.279775 3.723073 2.680041
-1.535959 3.788195 2.679349
-1.680569 3.787252 2.649918
-1.860707 3.667984 2.603807
-2.031455 3.497089 2.469303
-2.220407 3.287613 2.393660
-2.301581 2.951914 2.199626
-2.363381 2.510195 1.891394
-2.390294 1.962840 1.493084
-2.361343 1.369526 1.088740
-2.316797 0.951021 0.829615
-2.262349 0.409416 0.490161
-2.187763 -0.023938 0.224506
-1.956953 -0.501673 -0.079786
-1.676368 -0.956716 -0.351984
-1.405114 -1.350545 -0.547950
-1.037202 -1.827748 -0.712125
-0.716002 -2.212973 -0.734115
-0.344408 -2.536948 -0.680263
-0.099562 -2.746437 -0.627076
0.206902 -3.006057 -0.525127
0.512000 -3.206194 -0.415002
0.715939 -3.340969 -0.314408
0.978220 -3.463104 -0.237428
1.112371 -3.442021 -0.155898
1.249918 -3.337582 0.061324
1.394256 -3.113452 0.330591
1.443689 -2.897079 0.532775
1.504967 -2.453418 0.873209
1.513881 -1.986803 1.192257
1.512860 -1.542853 1.441354
1.464061 -0.953801 1.749563
1.407498 -0.356041 1.963034
1.379378 0.190536 2.118926
1.287005 0.780834 2.324855
1.192907 1.512050 2.539051
1.096008 1.906254 2.558684
0.890069 2.465071 2.580570
0.765270 2.775231 2.603817
0.490747 3.163199 2.606996
0.333734 3.392120 2.508498
0.226948 3.514637 2.485583
-0.087461 3.746170 2.486090
-0.339651 3.808596 2.574152
-0.563321 3.834979 2.701351
-0.761301 3.883220 2.747108
-0.895517 3.932524 2.728430
-1.002166 3.967920 2.668161
-1.148509 3.924982 2.475868
-1.231022 3.767118 2.300265
-1.274063 3.506394 2.108195
-1.296293 3.121403 1.899191
-1.406486 2.801621 1.738805
-1.458837 2.359632 1.521168
-1.444191 1.741125 1.163870
-1.446396 1.028850 0.860586
-1.480529 0.533907 0.664676
-1.462054 -0.025721 0.376585
-1.387244 -0.509801 0.083068
-1.318928 -0.845452 -0.148283
-1.172078 -1.376482 -0.534313
-1.141401 -1.734497 -0.689343
-0.977729 -2.226420 -0.700028
-0.745772 -2.650831 -0.495113
-0.578071 -2.994675 -0.338050
-0.425437 -3.263690 -0.264705
-0.247483 -3.464590 -0.126734
0.011982 -3.657296 0.200588
0.137319 -3.622746 0.427982
0.242480 -3.446833 0.604022
0.320515 -3.140788 0.890265
0.399408 -2.838658 1.122352
0.456560 -2.551360 1.312903
0.506241 -2.083051 1.464840
0.549475 -1.743544 1.563105
0.545223 -1.448228 1.663127
0.568779 -1.054226 1.741253
0.597898 -0.892908 1.793029
0.632608 0.545329 2.117717
0.681535 1.090845 2.234759
0.696496 1.579974 2.350230
0.657887 2.164917 2.441772
0.663918 2.567726 2.493970
0.648677 2.965057 2.529041
0.609495 3.306935 2.646973
0.541337 3.530467 2.622419
0.468509 3.684828 2.646939
0.346717 3.869920 2.731397
0.254879 3.946861 2.825776
0.190800 3.712406 2.761224
0.161444 3.594641 2.702097
0.071622 3.425071 2.579922
0.035876 3.207087 2.372319
-0.054143 3.012776 2.165430
-0.149206 2.639243 1.816558
-0.232395 2.235994 1.544448
-0.352843 1.856044 1.326621
-0.439410 1.324901 1.066319
-0.589776 0.789945 0.783450
-0.693570 0.404751 0.576390
-0.743136 0.103837 0.401683
-0.947458 -0.620974 -0.016545
-1.077025 -1.047976 -0.293677
-1.193873 -1.468307 -0.509976
-1.256390 -1.740258 -0.590340
-1.338980 -2.195344 -0.669563
-1.380544 -2.472703 -0.566015
-1.435374 -2.698468 -0.409100
-1.438525 -2.726034 -0.395119
-1.421352 -2.811084 -0.198494
-1.317067 -2.868007 -0.068235
-1.207480 -2.863915 -0.007612
-1.130400 -2.809395 0.117015
-1.022196 -2.642751 0.356659
-0.829676 -2.267744 0.675172
-0.654802 -1.983631 0.852447
-0.499023 -1.593711 1.066590
-0.281474 -1.091215 1.193045
-0.092595 -0.695481 1.288112
0.072994 -0.270869 1.392188
0.126117 -0.208581 1.410139
0.396188 0.583434 1.643805
0.427722 0.650753 1.674409
0.622618 1.201512 1.842209
0.834947 1.821781 2.039858
0.847378 1.857886 2.032024
1.106875 2.330375 2.182978
1.189436 2.568787 2.248345
1.301775 2.756747 2.289259
1.444020 2.868107 2.326654
1.486219 2.881810 2.288904
1.464500 2.880833 2.266792
1.408159 2.853389 2.258698
1.299107 2.762825 2.198813
1.177536 2.592949 2.047049
1.014604 2.378331 1.884377
0.853797 2.091957 1.746367
0.696661 1.836967 1.576644
0.480524 1.557478 1.412220
0.228489 1.208960 1.248735
-0.017109 0.893268 1.111975
-0.310476 0.573984 1.001259
-0.616954 0.211630 0.877698
-0.829413 -0.060299 0.839486
-1.055587 -0.334878 0.811712
-1.334002 -0.616798 0.752565
-1.597944 -0.807881 0.715263
-1.816564 -0.984345 0.723551
-2.070729 -1.168945 0.623621
-2.222330 -1.255930 0.546156
-2.411109 -1.362108 0.551833
-2.547851 -1.444012 0.541280
-2.540860 -1.464632 0.526891
-2.478918 -1.454784 0.528987
-2.271552 -1.388710 0.568042
-2.076563 -1.320673 0.622424
-1.788071 -1.185825 0.695725
-1.491967 -1.022366 0.771806
-1.150270 -0.827885 0.837153
-0.868133 -0.646212 0.898502
-0.547801 -0.405107 0.929114
-0.231690 -0.200976 0.949711
0.152427 0.057538 1.033645
0.445713 0.221159 1.065932
0.793706 0.420730 1.126500
1.034621 0.572504 1.175715
1.341654 0.719335 1.210570
1.642630 0.875160 1.256148
1.864935 0.979866 1.300708
2.050270 1.060665 1.369233
2.267081 1.130306 1.445360
2.475472 1.147767 1.479615
2.585500 1.144025 1.550094
2.587761 1.095069 1.574144
2.530115 1.102500 1.611483
2.388330 1.068278 1.593651
2.172099 0.996909 1.521597
1.856866 0.944023 1.488068
1.530826 0.895109 1.429277
1.170495 0.877730 1.415338
0.669535 0.865539 1.423053
0.283000 0.839650 1.431148
-0.206802 0.821793 1.452702
-0.691586 0.812403 1.496657
-1.055969 0.823639 1.542521
-1.435631 0.829912 1.561440
-1.789202 0.861142 1.597303
-2.229164 0.878285 1.630244
-2.652786 0.867697 1.591815
-2.906641 0.819088 1.550955
-3.143703 0.798613 1.444854
-3.278382 0.712204 1.334473
-3.435125 0.625517 1.185924
-3.435237 0.561358 1.098920
-3.376018 0.486773 0.993614
-3.156656 0.394044 0.888850
-2.650273 0.274397 0.779011
-2.131268 0.119455 0.705657
-1.456438 -0.049973 0.614776
-0.901626 -0.195680 0.532919
-0.288740 -0.338619 0.446681
0.345819 -0.481106 0.449038
0.828934 -0.649912 0.448023
1.314034 -0.832068 0.476770
1.776683 -0.978238 0.537030
2.230733 -1.134528 0.624629
2.591036 -1.191625 0.815160
2.823716 -1.165714 0.973669
2.885497 -1.144716 1.009167
3.067612 -0.936707 1.297727
2.937150 -0.719411 1.514942
2.651937 -0.474623 1.727291
2.232672 -0.209840 1.905000
1.707104 0.161826 2.115263
1.259847 0.464396 2.220427
0.412104 1.095649 2.388472
-0.163751 1.517072 2.437246
-0.849459 1.972020 2.452526
-1.432001 2.348295 2.441891
-1.631921 2.442869 2.446675
-2.545459 2.898162 2.427324
-3.200988 3.064124 2.257928
-3.580892 3.126656 2.194624
-3.666866 3.112044 2.158105
-3.932555 2.783242 2.066407
-3.938047 2.368956 1.886168
-3.685733 1.993703 1.584820
-3.383349 1.692922 1.275361
-2.826847 1.191018 0.775053
-2.144961 0.678494 0.433736
-1.601291 0.246498 0.169615
-1.308669 -0.031078 -0.002006
0.039113 -1.040066 -0.381256
0.620695 -1.440332 -0.552981
1.389021 -2.060992 -0.789232
2.020907 -2.482222 -0.981997
2.542435 -2.813477 -0.974562
3.017387 -3.150901 -0.726547
3.340733 -3.416304 -0.339526
3.541716 -3.452163 0.226421
3.581965 -3.296603 0.662661
3.485873 -2.910938 1.215312
3.089625 -2.345336 1.756120
2.679426 -1.824694 2.093761
2.093838 -1.084860 2.450690
1.560417 -0.391273 2.609293
0.780149 0.535299 2.736540
0.081612 1.359050 2.841160
-0.546192 1.982546 2.772308
-1.259949 2.545062 2.552631
-1.732553 2.912826 2.353039
-2.348122 3.192757 2.128167
-2.850532 3.350161 2.032335
-3.138493 3.437780 2.193105
-3.266543 3.470827 2.333498
-3.359181 3.584620 2.230763
-3.417265 3.743104 1.898115
-3.371708 3.851471 1.810108
-3.154378 3.901838 1.805239
-2.765958 3.755323 1.849624
-2.303784 3.305287 1.705859
-1.761386 2.632824 1.514774
-1.031466 1.731176 1.230675
-0.383588 0.934324 0.954097
0.300669 -0.024872 0.510822
0.811947 -0.687820 0.102243
1.310363 -1.461242 -0.327980
1.791773 -2.162958 -0.502936
2.220298 -2.865476 -0.283316
2.534632 -3.389509 0.068336
2.678726 -3.735760 0.344812
2.755536 -4.031764 0.562534
2.747018 -4.153353 0.655671
2.518201 -4.401273 0.923382
2.074514 -4.178862 1.195348
1.653072 -3.707123 1.217564
1.138700 -3.030356 1.422327
0.545509 -2.085263 1.653033
-0.105699 -0.962659 1.854782
-0.768266 0.382528 2.076617
-1.235799 1.418641 2.127267
-1.710078 2.379277 1.993558
-1.938138 2.773735 1.927940
-2.166566 3.081358 1.926245
-2.230976 3.315532 1.948962
-2.299076 3.460582 2.109889
-2.286937 3.556200 2.190446
-2.129639 3.751812 2.011958
-1.899224 4.021064 1.683277
-1.700736 4.185905 1.459789
-1.482353 4.307693 1.406771
-1.205390 4.405502 1.395759
-0.956594 4.471679 1.469343
-0.672737 4.411231 1.638434
-0.454539 4.224980 1.712369
-0.250032 3.922831 1.670838
0.049422 3.310705 1.634368
0.296476 2.829921 1.639829
0.504373 2.256380 1.552421
0.872551 1.301922 1.240742
1.108529 0.585124 0.930421
1.309194 -0.120985 0.569093
1.452452 -0.739023 0.237616
1.466916 -0.904954 0.124711
1.540068 -1.814132 -0.217870
1.452212 -2.465319 -0.139751
1.368099 -2.985060 0.058321
1.222456 -3.509566 0.284715
1.006192 -3.917343 0.433429
0.734980 -4.174694 0.510543
0.613033 -4.263008 0.574099
0.167735 -4.440544 0.753819
-0.118288 -4.306232 0.958979
-0.505745 -3.934671 1.206627
-0.954750 -3.392992 1.436467
-1.300276 -2.845981 1.544253
-1.828403 -1.680080 1.689003
-1.991087 -0.941050 1.715154
-2.146494 0.464902 1.889506
-2.158888 0.658954 1.894892
-1.984487 2.205952 2.176146
-1.715708 2.815623 2.174180
-1.356892 3.282441 2.159538
-0.926410 3.444522 2.203641
-0.536285 3.669961 2.530283
-0.099824 3.962300 2.518414
0.160816 4.343659 2.282691
0.490638 4.556305 2.019233
1.088560 4.316664 1.710469
1.620462 3.730419 1.365904
2.053969 3.077293 1.057913
2.385245 2.357550 0.819105
2.426565 1.679533 0.606038
2.542323 0.486265 0.332317
2.427304 -0.435867 0.073344
2.254906 -1.176328 -0.219592
1.968028 -1.897003 -0.631779
1.590386 -2.461511 -0.990311
1.112993 -3.015518 -1.086062
0.510458 -3.365384 -0.773245
-0.215867 -3.548905 -0.190645
-1.003534 -3.428703 0.300648
-1.844189 -3.192869 0.615450
-2.603049 -2.742715 1.022581
-3.096744 -2.260209 1.288836
-3.497847 -1.768010 1.515304
-3.977203 -1.107335 1.714776
-4.037637 -0.055550 1.964905
-3.930704 0.968311 2.209598
-3.601642 1.653966 2.316392
-2.943235 2.371576 2.439400
-2.392718 2.793402 2.522124
-1.608267 3.450817 2.667943
-0.862806 3.804586 2.779388
-0.062740 3.788949 2.776718
0.231024 3.780163 2.794587
0.231024 3.780163 2.794587
0.231024 3.780163 2.794587
1.570994 3.494934 2.708473
1.875028 3.224042 2.442449
2.127665 2.749705 1.945321
2.444744 2.182013 1.505443
3.252200 0.771570 0.659623
3.420951 0.372952 0.481511
3.484016 0.175418 0.403147
3.615890 -0.331727 0.184948
3.725736 -0.870006 -0.081192
3.645893 -1.779494 -0.639052
3.620234 -1.937016 -0.746916
3.370943 -2.565398 -0.993094
3.376492 -2.619033 -1.019798
3.138375 -2.914551 -0.980299
2.869768 -3.222353 -0.865932
1.943147 -3.705585 -0.445144
1.846135 -3.722547 -0.387512
0.815155 -3.732289 0.052788
0.235159 -3.594380 0.347224
0.158488 -3.566616 0.411275
-0.363536 -3.241568 0.761380
-0.862442 -2.848270 1.080680
-1.431583 -2.382631 1.312893
-1.965537 -1.881252 1.548805
-2.529177 -1.296755 1.810307
-2.979247 -0.837821 2.021982
-3.425493 -0.258436 2.203218
-3.781235 0.364490 2.334328
-4.049146 0.891611 2.389303
-4.259843 1.315586 2.404443
-4.259843 1.315586 2.404443
-4.581057 2.235683 2.422053
-4.577930 2.498422 2.400908
-4.540250 2.788920 2.295839
-4.359087 3.001262 2.246560
-4.124340 3.167823 2.204215
-3.810220 3.330447 2.274214
-3.451004 3.446192 2.392954
-3.093495 3.537161 2.526918
-2.665211 3.704146 2.473430
-2.179971 3.936628 2.219580
-2.179971 3.936628 2.219580
-1.710838 4.151515 1.898408
-1.173131 4.334739 1.732710
-0.601833 4.317946 1.537796
0.009175 4.145455 1.256063
0.447552 3.944022 1.041080
1.041525 3.633459 0.889768
2.595995 2.089042 0.484628
3.215247 1.096829 0.363585
3.658634 0.110380 0.328708
3.991646 -0.664491 0.200608
4.325877 -1.493186 -0.144154
4.513626 -2.075310 -0.355777
4.405062 -2.707725 -0.220024
4.039695 -3.325178 0.329848
3.546204 -3.854204 0.788004
2.884036 -4.201101 1.146090
2.059059 -4.256654 1.319476
1.069702 -4.076891 1.591076
0.015375 -3.588825 1.866291
-0.993045 -2.885420 2.152166
-1.981820 -1.971456 2.181794
-2.774764 -1.043559 2.174228
-3.478440 0.079304 2.276178
-3.909568 0.874571 2.272208
-4.320274 1.759834 2.263402
-4.495233 2.341344 2.231525
-4.485700 2.618931 2.007774
-4.258739 2.929633 1.960222
-3.816644 3.202771 2.156514
-3.211905 3.449361 2.396157
-2.301999 3.895377 2.072465
-2.026118 4.007449 1.926497
-1.539949 4.213481 1.781402
-1.474259 4.227597 1.737160
-0.982275 4.370419 1.683064
-0.504188 4.432822 1.683828
-0.076037 4.510336 1.735970
0.381655 4.335162 1.711717
0.872426 3.829822 1.537411
1.389096 3.260107 1.323758
1.949737 2.556491 1.130185
2.308999 2.096152 1.050505
2.785271 1.276066 0.932830
3.068677 0.765340 0.868448
3.455364 0.080444 0.747920
3.683440 -0.458825 0.582849
3.842558 -0.850903 0.406196
3.988673 -1.364008 0.084145
3.843469 -2.820035 -0.003891
3.310016 -3.459927 0.607189
2.763847 -3.962764 0.863334
2.104442 -4.334105 1.060909
1.349123 -4.503484 1.266227
0.349190 -4.294625 1.618005
-0.530808 -3.806665 2.032450
-1.342713 -3.143048 2.537668
-2.245848 -2.387742 2.952214
-2.345269 -2.306262 2.998534
-2.530938 -2.118537 3.078972
-4.132452 0.168338 3.777293
-4.579496 1.179763 3.775330
-4.535549 1.918522 3.639547
-4.344387 2.428096 3.536658
-3.941345 2.883913 3.319674
-3.087470 3.278689 3.204021
-2.866040 3.364718 3.162101
-2.218866 3.559244 3.100556
-1.487665 3.754151 3.085455
-0.998946 3.709091 3.040863
-0.311574 3.522041 2.950448
0.409108 3.216516 2.789277
0.858844 2.845536 2.563105
1.428881 2.428038 2.128764
1.980760 2.068520 1.627129
3.087263 0.863136 0.681349
3.536620 0.089624 0.520888
3.889882 -0.542501 0.327485
4.142271 -1.543556 -0.185544
4.063667 -2.218727 -0.555635
3.973715 -2.389526 -0.588982
3.224368 -3.282364 -0.290385
2.928062 -3.526922 -0.127456
1.758227 -4.283431 0.295915
1.378769 -4.477986 0.337106
-0.078513 -5.056568 0.451384
-1.000580 -4.931078 0.724227
-1.886385 -4.608739 0.916003
-2.736443 -3.767883 1.265682
-3.198610 -2.853208 1.457059
-3.739274 -1.498920 1.699822
-4.182575 -0.097747 1.780290
-4.365553 1.187570 1.588273
-4.321256 1.975915 1.576872
-4.174057 2.582175 1.556689
-3.840187 2.859771 1.698024
-3.048100 3.346229 1.649924
-2.025113 4.156565 0.741516
-1.300781 4.531538 0.468645
-1.033732 4.656894 0.414055
-0.185322 4.969973 0.321022
0.559458 5.397927 0.380147
0.968316 5.539464 0.446339
1.104835 5.571530 0.457382
2.195262 5.454045 0.610264
2.592919 5.344804 0.943146
2.892335 5.228740 1.443685
3.083340 5.107321 1.791452
3.229295 4.930190 2.377555
3.284008 4.545267 3.388201
3.230920 3.808138 3.861987
3.215190 3.400457 3.901083
3.306227 2.641131 3.682606
3.405500 2.132895 3.390000
3.469918 1.909015 3.270307
3.612323 0.697279 2.562194
3.608814 0.144170 2.379405
3.243365 -1.404519 2.398484
3.006727 -2.058046 2.388882
2.590299 -2.758200 2.111112
2.163543 -3.243611 1.822283
1.540194 -3.738542 1.502531
0.948741 -4.104871 1.220416
-0.222769 -4.628443 0.859787
-1.016912 -4.997100 0.591770
-1.730892 -5.325051 0.450603
-2.290024 -5.541364 0.355967
-2.682966 -5.710989 0.362450
-2.873898 -5.810210 0.396089
-3.205712 -5.856660 0.362864
-3.459695 -5.435897 0.788070
-3.725373 -4.556541 1.318038
-4.111426 -3.280899 1.730486
-4.307179 -2.324391 1.918063
-4.064809 -0.149175 2.286494
-3.461239 0.949240 2.264418
-2.184532 2.204385 2.091103
-0.992526 3.004277 2.189295
-0.123038 3.442331 2.456327
0.419034 3.720727 2.489405
0.659531 3.906312 2.416922
1.665257 4.805003 1.488976
1.919765 4.962605 1.336014
2.345552 5.160958 1.111500
2.906549 5.259841 0.612439
3.173865 5.354990 0.480278
3.265398 5.480428 0.700943
3.303682 5.524864 0.805639
3.382163 5.534210 1.254612
3.416169 5.466866 1.452255
3.524360 5.087401 2.194200
3.511937 4.993985 2.358781
3.507401 4.708910 2.792108
3.521549 4.657168 2.879340
3.640282 3.585382 3.683405
3.755799 2.452134 3.610483
3.755683 2.305166 3.556389
3.724535 2.080820 3.433705
2.924595 0.113900 2.706716
1.830189 -1.688908 2.646313
1.082073 -2.699927 2.138349
-0.219110 -3.736517 1.528852
-1.103402 -4.380155 1.121103
-1.895120 -4.869618 0.928540
-2.549716 -5.274651 0.598394
-2.882870 -5.544273 0.479053
-3.103636 -5.688526 0.403044
-3.392534 -5.633361 0.497037
-3.499006 -5.517090 0.614974
-3.928895 -4.511562 1.562993
-4.283531 -3.593580 2.375650
-4.562688 -2.757965 2.855251
-4.842584 -1.584844 3.221259
-5.015912 -0.726812 3.403819
-5.047114 0.069879 3.469314
-4.570844 0.922609 3.416914
-3.800660 1.647984 3.259432
-2.998400 2.266777 3.104069
-2.069654 2.835928 2.979622
-1.240529 3.217637 2.925545
-0.377364 3.522111 3.046259
0.321146 3.712427 3.297183
1.014364 3.916347 3.570048
1.724509 4.222904 3.422733
2.151222 4.491484 3.052589
2.556018 4.734211 2.781416
2.735546 4.729545 2.657293
3.084777 4.506229 2.397029
3.363920 4.113586 2.290766
3.560469 3.641510 2.176079
3.789412 3.054160 2.080062
3.986171 2.571957 2.011442
4.202446 1.984990 1.824843
4.489707 1.266935 1.591750
4.671724 0.734283 1.317673
4.766696 0.367547 1.062140
4.875052 -0.107297 0.860582
4.710298 -0.794436 0.788974
4.212288 -1.419666 1.048724
4.116273 -1.517572 1.066956
2.808039 -2.483407 1.260033
2.678959 -2.560053 1.287381
1.629722 -3.062792 1.250708
0.958933 -3.340042 1.136216
-0.561302 -3.802204 1.017070
-0.813509 -3.852496 0.999112
-1.032491 -3.880535 0.979688
-1.710417 -3.912576 0.978114
-2.434109 -3.838165 0.949237
-3.344410 -3.229625 0.943189
-3.870752 -2.456367 0.992602
-4.111943 -1.993483 1.053701
-4.495835 -1.218018 1.066033
-4.594491 -0.976037 1.108288
-4.886587 -0.351870 1.204688
-5.021462 -0.135161 1.249959
-5.112241 0.125809 1.309994
-5.276541 0.543434 1.449775
-5.356983 0.792065 1.596100
-5.402323 0.952768 1.671163
-5.515387 1.270435 1.959105
-5.344613 2.342136 2.834842
-5.195479 2.509634 2.896378
-4.763288 2.865098 2.914539
-4.159787 3.191833 2.749312
-3.385321 3.342093 2.507070
-2.746962 3.465296 2.519366
-1.703783 3.627977 2.561751
-1.533297 3.625505 2.551568
-0.680777 3.650298 2.536929
-0.018955 3.598273 2.485591
0.735423 3.430656 2.366576
1.411855 3.176323 2.261924
1.822954 2.963864 2.216098
2.083964 2.841031 2.155579
2.669805 2.495303 2.074373
3.146245 2.179066 2.000341
4.065603 1.159408 1.507075
4.185444 1.030182 1.381604
4.550582 0.658277 1.059760
4.550582 0.658277 1.059760
4.946065 0.017816 0.967927
4.989671 -0.258260 1.283178
5.050288 -0.500461 1.720454
5.132751 -0.686050 2.109326
5.118495 -0.721109 2.171243
5.074757 -0.795696 2.310479
4.250108 -1.225565 2.927951
3.991150 -1.290107 2.974714
3.683719 -1.393400 3.018646
3.467328 -1.447881 3.047860
2.696481 -1.577572 3.129587
0.942307 -1.572375 3.185477
0.027644 -1.491627 3.075589
-1.022090 -1.366537 2.855977
-1.443057 -1.267998 2.732595
-2.796349 -0.788578 2.331235
-3.406663 -0.508393 2.088342
-3.818602 -0.237485 1.889635
-4.048612 0.014706 1.779345
-4.174710 0.148325 1.719927
-4.249793 0.277756 1.654231
-4.535567 0.687884 1.508496
-5.285452 1.657865 1.854818
-5.515151 2.093943 2.344533
-5.620830 2.350029 2.428978
-5.689393 2.719764 1.835069
-5.763433 2.876171 0.920032
-5.669475 2.979725 0.626593
-5.690557 2.950270 0.315159
-5.582675 2.809682 0.072150
-4.970459 2.620989 -0.131036
-3.610368 2.329106 -0.244416
-2.167488 1.920399 -0.288697
-0.801811 1.494565 -0.329840
0.762017 0.875941 -0.275237
1.961098 0.226046 -0.214071
2.947862 -0.412784 -0.189793
3.849989 -1.117546 -0.311143
4.435641 -1.718576 -0.427818
4.851652 -2.365059 0.008694
5.145312 -2.999466 0.556861
5.322736 -3.365387 0.960960
5.499971 -3.566645 1.175413
5.361901 -3.455216 1.668048
4.974258 -3.237630 2.011803
4.803472 -3.118217 2.167502
3.680283 -2.655945 2.753199
3.314630 -2.507498 2.932087
2.676310 -2.249564 3.225129
1.762197 -1.914376 3.658178
1.020359 -1.597638 4.059523
0.922540 -1.549474 4.091785
0.117008 -1.232099 4.503475
-1.750762 -0.611439 5.206816
-2.376174 -0.299955 5.294493
-2.628785 -0.171663 5.286126
-3.174273 0.160479 5.271996
-4.360782 0.815765 4.841998
-4.811771 1.294238 4.349821
-5.104206 1.663249 3.847441
-5.330945 1.998063 3.391793
-5.539763 2.300029 2.966452
-5.658270 2.474224 2.752734
-5.736953 2.530304 2.879650
-5.783232 2.646244 2.770054
-5.853643 2.940474 2.019168
-5.922489 3.197370 1.237078
-5.949845 3.258304 0.774954
-5.902807 3.229734 0.282257
-5.505905 3.137816 -0.251805
-4.827544 2.956968 -0.760747
-4.056189 2.761216 -1.065211
-3.155207 2.400658 -1.300433
-2.239498 1.923406 -1.384198
-0.240838 0.822012 -1.066409
0.196153 0.556688 -0.985660
1.148519 -0.045209 -0.778458
2.813587 -1.191825 -0.442553
3.118920 -1.383758 -0.419661
3.701186 -1.719876 -0.467446
3.808808 -1.745399 -0.466242
4.477216 -2.401264 0.111794
4.623103 -2.705401 0.568379
5.029188 -3.018804 0.970775
5.205443 -3.166171 1.015088
5.448425 -3.469601 1.219410
5.717146 -3.536356 1.240544
5.765351 -3.609904 1.266099
5.747256 -3.616990 1.272649
5.366824 -3.758553 1.165434
5.220738 -3.801127 1.104845
4.676541 -3.706644 1.275415
4.001112 -3.474002 1.528205
3.119065 -3.142690 1.968794
0.189487 -1.806169 3.850074
-1.235998 -1.018386 4.981751
-2.821648 -0.144280 5.954690
-3.049777 0.011631 5.974790
-3.781440 0.504145 5.797358
-4.835233 1.566827 4.534637
-5.165503 2.228930 3.618514
-5.412040 2.584739 2.776999
-5.503763 2.733929 2.639770
-5.639100 3.144728 1.858978
-5.639511 3.575247 0.802738
-5.647805 3.655319 0.581057
-5.335269 3.831159 0.307467
-4.817811 3.988945 0.243525
-3.992198 4.208214 0.198720
-3.250721 4.392402 0.237901
-2.588352 4.572398 0.254674
-1.764686 4.858172 0.226676
-1.013563 5.001539 0.161910
-0.003328 5.020870 0.477189
0.831883 4.760090 0.674820
1.671808 4.167668 0.837516
3.149802 2.465663 0.943383
3.939373 1.115010 0.845755
4.431137 0.048351 0.646023
4.940763 -0.989750 0.497238
5.058226 -1.264269 0.522365
5.234236 -1.904600 0.950065
5.315394 -2.488654 1.495146
5.345907 -2.625477 1.631254
5.443068 -2.909429 1.636628
5.330516 -3.277852 1.511871
5.001723 -3.546446 1.351133
4.562415 -3.751923 1.198201
4.162245 -3.923828 1.041425
3.645276 -4.159779 0.890548
3.241617 -4.310639 0.781003
3.053163 -4.368261 0.751959
2.468962 -4.560428 0.556617
1.369583 -4.908787 0.241000
0.417074 -5.064187 0.011412
-0.390363 -5.112965 -0.045342
-0.960526 -5.004704 0.133209
-1.824727 -4.766168 0.650410
-2.581173 -4.350439 1.216965
-3.024033 -3.986119 1.655658
-3.220328 -3.770948 1.954074
-4.177020 -2.733239 3.261902
-4.551652 -2.156674 3.819700
-4.641227 -2.038095 3.912738
-5.139594 -0.637641 4.370109
-5.316894 -0.038830 4.259926
-5.420138 0.699036 3.968120
-5.498941 1.291660 3.514457
-5.459174 1.741137 3.055051
-5.013543 2.194712 2.949755
-4.965182 2.269822 2.933130
-4.709994 2.582878 2.856243
-4.213595 2.925470 2.632984
-2.992029 3.665136 2.020493
-2.300658 4.144227 1.380913
-2.169764 4.217778 1.256119
-1.644472 4.509252 0.952998
-0.425277 4.965747 0.746678
0.473397 5.239888 0.715516
1.252012 5.430756 0.750075
1.948748 5.655566 0.695278
2.422274 5.751681 0.747798
2.712652 5.767414 0.981876
2.969524 5.669323 1.575393
3.136972 5.386558 2.194389
3.296956 4.941498 2.491406
3.354373 4.813244 2.580851
3.529925 4.222258 2.832066
4.079313 2.587208 3.183680
4.274508 1.875560 3.067865
4.321860 1.732820 3.022725
4.562730 1.008587 2.571649
4.806888 0.326601 2.125981
4.988223 -0.344584 1.782577
4.656856 -1.862518 2.014803
4.334160 -2.514521 2.005894
3.891352 -3.002045 1.632141
3.074770 -3.502842 1.321588
2.058562 -4.033955 0.907706
1.220895 -4.369189 0.563094
0.435434 -4.683180 0.314661
-0.304163 -4.960892 0.104609
-1.490663 -5.386748 -0.343816
-1.728140 -5.461030 -0.405878
-2.094287 -5.556076 -0.506626
-2.414037 -5.604763 -0.532126
-3.021162 -5.383684 -0.132830
-3.167383 -5.237024 0.086431
-3.555077 -4.772148 0.823948
-3.936020 -4.218843 1.657310
-4.298828 -3.588461 2.492476
-4.650467 -2.950453 3.293165
-5.152335 -1.484992 4.237403
-5.172873 -0.072128 4.485245
-4.362268 1.096948 4.082019
-3.013624 2.272384 3.621730
-1.966681 3.016128 3.437724
-1.780815 3.173075 3.553920
-0.191474 3.907757 3.773232
-0.057887 3.945609 3.841760
0.160280 4.018656 3.889231
1.344922 4.590475 3.401604
1.837190 4.942032 2.827889
1.891987 4.989505 2.740285
2.331835 5.143218 2.243366
2.589555 5.289960 1.980537
2.799762 5.447916 1.859094
3.002909 5.566335 1.819423
3.134387 5.530002 1.834039
3.268987 5.309415 1.799593
3.436512 5.007020 1.747324
3.618658 4.661682 1.669690
4.094458 3.510376 1.663209
4.286751 2.960945 1.663177
4.306359 2.852386 1.674751
4.450136 2.418407 1.667168
4.750681 1.574976 1.560440
5.056120 0.435887 1.106233
5.056701 -0.157914 0.798713
5.055423 -0.255197 0.725074
4.733950 -0.955335 0.576336
3.657444 -2.364072 0.934997
3.221649 -2.803364 0.996558
2.313783 -3.580029 0.735577
1.713041 -3.936474 0.528136
1.492581 -4.046774 0.496377
0.753849 -4.365895 0.335365
0.064685 -4.673077 0.234473
-0.493631 -4.920480 0.065488
-1.464335 -5.287651 -0.118382
-1.973144 -5.302635 0.008322
-2.044303 -5.298610 0.020463
-2.469700 -5.223537 0.212071
-3.048162 -4.901178 0.892640
-3.299158 -4.571525 1.305659
-3.376935 -4.454656 1.445759
-3.563087 -4.186771 1.792265
-3.839361 -3.829833 2.290405
-4.097967 -3.481233 2.844911
-4.465686 -3.185063 3.296176
-4.878889 -2.368636 4.598815
-5.043893 -1.980748 5.032527
-5.171302 -1.810692 5.217202
-5.356643 -1.405758 5.617599
-5.547518 -0.358278 6.234193
-5.267565 0.195812 6.305983
-4.658362 0.893147 6.350755
-4.486209 1.029146 6.316477
-3.733582 1.616511 6.086027
-3.022271 2.050995 5.890047
-2.414129 2.358013 5.664158
-1.754198 2.638294 5.429591
-0.950357 3.019410 5.170269
-0.207780 3.236015 4.924274
0.491782 3.294540 4.538327
1.182910 3.239329 4.070955
1.840626 3.119807 3.461414
2.513137 2.824135 2.780735
2.965140 2.561584 2.451273
3.257676 2.292075 2.198397
3.623899 1.865238 1.866868
4.004852 1.431258 1.495690
4.287500 1.061552 1.093301
4.609873 0.630919 0.582334
4.839340 0.339763 0.272092
5.084048 -0.008315 -0.058400
5.319949 -0.468744 -0.423625
5.462073 -0.801447 -0.560766
5.607545 -1.186906 -0.601758
5.732936 -1.553997 -0.472207
5.757670 -1.839004 -0.268027
4.709807 -3.302805 0.671138
3.173744 -3.872552 0.971057
1.476702 -3.940157 1.055554
0.229117 -3.894300 1.325994
-0.942672 -3.724582 1.676531
-1.371233 -3.636915 1.878064
-2.239257 -3.311994 2.375093
-2.954273 -2.943812 2.797746
-3.651329 -2.368466 3.217957
-4.193482 -1.708320 3.544546
-4.546893 -1.165071 3.659875
-4.666300 -0.937060 3.698756
-5.590745 1.126272 3.068566
-5.765527 1.757822 2.662229
-5.862889 2.053393 2.395526
-5.865761 2.172171 2.364502
-5.710483 2.340492 2.450884
-5.612012 2.424332 2.506833
-5.271856 2.632233 2.591414
-4.745884 2.998412 2.389693
-4.235981 3.234608 1.831465
-3.779180 3.339712 1.170378
-3.090179 3.216011 0.238557
-2.115721 2.997671 -0.632800
-1.427357 2.776548 -1.198057
-0.536677 2.373034 -1.838369
-0.536677 2.373034 -1.838369
0.316925 1.859718 -2.456324
1.056349 1.197481 -2.876579
1.576708 0.612780 -3.170792
2.123331 -0.051609 -3.344007
2.781614 -0.687770 -3.129801
3.291550 -1.129548 -2.712662
3.701763 -1.561630 -2.325505
4.051517 -1.977758 -1.886851
4.051517 -1.977758 -1.886851
4.386893 -2.318669 -1.355693
5.043383 -2.931085 -0.662520
5.042549 -3.414825 0.304725
4.799285 -3.811317 1.087895
4.693526 -3.945527 1.127722
4.384870 -4.052945 1.231272
3.987526 -4.168729 1.163869
3.663710 -4.264814 1.119078
3.435612 -4.350847 1.106827
3.015785 -4.486816 0.903850
2.419099 -4.626091 0.791878
1.942301 -4.645884 0.862016
1.286674 -4.431448 1.130932
0.389927 -3.989750 1.686133
-0.290619 -3.424379 2.194458
-1.124983 -2.817205 2.460551
-2.212092 -2.037999 2.439276
-3.108778 -1.285049 2.235133
-3.735918 -0.688665 2.038596
-4.291346 -0.046534 1.617467
-4.699829 0.535030 1.308636
-4.941950 0.932117 1.300858
-4.961962 1.062513 1.333959
-4.761897 0.939344 1.244210
-4.409656 0.822804 0.740196
-3.851788 0.653039 -0.346316
-3.652073 0.568983 -0.696851
-3.047953 0.140785 -1.533324
-2.559594 -0.191929 -1.889724
-1.704333 -0.767523 -2.252197
-0.316231 -2.085593 -2.420418
0.427215 -2.751445 -2.129971
0.581046 -2.846286 -2.060278
1.130927 -3.093078 -1.992930
1.561609 -3.247320 -1.974988
1.681206 -3.319009 -1.923897
2.312685 -3.772763 -0.803834
2.640843 -3.992320 -0.158768
3.075702 -4.254837 0.220603
3.718360 -4.251127 0.779699
3.737582 -4.259554 0.790133
3.798038 -4.262406 0.833331
3.965425 -4.280663 0.929997
4.182924 -4.268261 0.990257
4.344478 -4.281781 1.095933
4.509321 -4.280096 1.132505
4.550543 -4.265692 1.196180
4.550543 -4.265692 1.196180
4.605769 -4.279406 1.187117
4.445691 -4.339480 1.170099
4.275845 -4.452158 1.301836
4.143784 -4.575594 1.278896
3.987303 -4.675858 1.162824
3.720666 -4.644194 1.066447
3.450289 -4.670138 0.926970
3.074602 -4.804170 0.819778
2.807807 -4.842324 0.799888
2.281127 -4.700996 0.918893
1.767316 -4.459534 1.057291
1.177047 -4.020618 1.099524
0.646032 -3.534122 1.145644
0.063458 -3.019060 1.173385
-0.427554 -2.492517 1.173588
-0.991513 -1.873084 1.157853
-1.351082 -1.461205 1.063694
-1.916056 -0.937531 0.923103
-2.229451 -0.611163 0.828072
-2.526301 -0.271607 0.807423
-2.742596 -0.058784 0.797601
-2.858377 0.040397 0.732045
-2.909291 0.014294 0.645845
-2.939780 -0.086603 0.555259
-2.841870 -0.338663 0.400199
-2.693724 -0.556935 0.222264
-2.456280 -0.837465 -0.023992
-2.126749 -1.244274 -0.331767
-1.661010 -1.577232 -0.647792
-1.152716 -1.939019 -0.981249
-0.563317 -2.348924 -1.272174
-0.018706 -2.687496 -1.268059
0.473084 -3.034515 -1.104287
0.473084 -3.034515 -1.104287
0.947626 -3.313234 -0.822551
1.438290 -3.641715 -0.538377
1.892257 -3.838685 -0.119112
2.232155 -3.935628 0.216528
2.688111 -4.070330 0.473222
3.050355 -4.175344 0.662959
3.351962 -4.253732 0.788051
3.592369 -4.311503 0.841210
3.757079 -4.356130 0.870571
3.939661 -4.372344 0.904060
4.169308 -4.367438 0.949838
4.175672 -4.373194 0.961357
3.754764 -4.540024 0.874807
3.489391 -4.623401 0.861620
3.093950 -4.770476 0.794035
2.663622 -4.933235 0.741099
2.220583 -5.168587 0.575969
1.697206 -5.056327 0.560851
1.151876 -4.642610 0.347090
0.578910 -4.117408 0.215586
-0.099172 -3.315837 0.126536
-1.024953 -2.507600 0.052255
-1.727699 -1.797657 -0.068835
-2.238121 -1.391173 -0.125840
-2.611653 -0.928783 -0.093109
-2.886383 -0.659834 0.028748
-2.958246 -0.639855 0.132795
-2.814551 -0.752225 0.109468
-2.485884 -0.924059 -0.109853
-2.007448 -1.179829 -0.566365
-1.784813 -1.325820 -0.740391
-0.509315 -2.142081 -1.340834
0.225976 -2.599497 -1.650844
0.987791 -2.986230 -1.610305
1.620426 -3.328051 -1.134462
2.306949 -3.731068 -0.391337
2.844049 -3.952246 0.093799
2.941902 -4.009237 0.184917
2.988356 -4.023238 0.200130
3.384591 -4.246703 0.277173
4.066892 -4.395277 0.626120
4.146996 -4.224303 0.828309
4.168545 -4.226854 0.841543
4.225742 -4.242467 0.855480
4.248327 -4.269317 0.834256
4.129196 -4.340803 0.837922
3.975835 -4.393832 0.796389
3.961046 -4.404782 0.799695
3.535728 -4.585599 0.754442
3.351301 -4.654531 0.760188
3.261787 -4.699795 0.752832
3.067165 -4.795618 0.695863
2.707074 -4.809964 0.778176
2.369356 -4.722887 1.021518
2.062250 -4.589854 1.276526
1.759850 -4.422324 1.551409
1.389105 -4.149642 1.949337
0.962809 -3.822516 2.401990
0.488574 -3.462620 2.898196
-0.022082 -3.024418 3.360575
-0.540213 -2.516135 3.680641
-1.509225 -1.526208 3.956122
-2.612488 -0.454614 3.855113
-2.769856 -0.249776 3.817705
-3.015474 0.088651 3.656042
-3.067131 0.119210 3.618878
-3.167483 0.469335 3.143132
-3.064348 0.600498 2.732745
-2.897129 0.567997 2.426205
-2.813379 0.546093 2.318090
-2.496000 0.420966 1.952249
-2.130601 0.221519 1.551020
-1.059930 -0.413715 0.649948
-0.581074 -0.731902 0.213645
-0.424668 -0.824249 0.094266
0.054727 -1.149132 -0.241111
1.137073 -1.943460 -0.625841
1.671525 -2.319832 -0.585406
1.845398 -2.429904 -0.548138
2.607743 -3.059563 -0.119330
3.591930 -3.478708 0.453686
3.734662 -3.512522 0.504799
3.794785 -3.531244 0.515628
4.144370 -3.632488 0.691639
4.484813 -3.697029 0.813309
4.698586 -3.776253 0.869777
4.885964 -3.801078 0.946545
4.878032 -3.907424 1.005112
4.863274 -4.003498 0.971583
4.827258 -4.108870 1.028726
4.783401 -4.140596 0.934558
4.777414 -4.143062 0.927129
4.627486 -4.191983 0.920192
4.397277 -4.321667 0.856452
4.197753 -4.384908 0.873812
4.000532 -4.434624 0.874023
3.737572 -4.535762 0.850094
3.498603 -4.626947 0.834767
3.498603 -4.626947 0.834767
3.211598 -4.732585 0.809203
2.880553 -4.822024 0.827879
2.448077 -4.796202 0.972877
2.043176 -4.670150 1.257147
1.058411 -4.100736 2.122608
-0.172172 -3.073906 3.490141
-1.309413 -1.995605 4.534013
-2.201846 -1.187809 4.981268
-3.161077 -0.345277 5.144732
-3.715648 0.237652 5.038688
-4.089008 0.837676 4.772352
-4.233243 1.297189 4.521233
-4.198554 1.742527 4.192896
-3.918132 1.943487 3.862973
-3.355848 1.921500 3.375334
-2.613644 1.606279 2.763094
-1.636851 0.974676 2.022808
-0.676336 0.322515 1.272483
0.399024 -0.438132 0.604895
1.379163 -1.168709 0.316951
2.296097 -1.959699 0.380875
3.197487 -2.500094 0.588191
4.019890 -2.797070 0.859547
4.729785 -3.068971 1.107195
5.163712 -3.244641 1.156920
5.553543 -3.438361 1.248909
5.649936 -3.575537 1.205856
5.789832 -3.636695 1.240793
5.961935 -3.667268 1.224024
5.963074 -3.733887 1.205145
5.885901 -3.819184 1.121792
5.519774 -3.923877 1.129786
5.081683 -4.088259 1.095110
4.529159 -4.264490 1.044852
3.868051 -4.520079 1.030489
3.169717 -4.573910 1.081906
2.271576 -4.273356 1.666687
1.443786 -3.733546 2.464534
0.629743 -3.108062 3.306936
-0.665579 -2.113551 4.618510
-1.705975 -1.336028 5.775589
-2.715377 -0.733635 6.395952
-2.962925 -0.637583 6.527086
-3.190053 -0.446742 6.732338
-4.560991 0.315800 7.683459
-4.852044 0.586784 7.567122
-4.898519 0.998955 7.262046
-4.733479 1.370358 6.827106
-4.632607 1.431128 6.720861
-3.760848 1.987799 6.209904
-2.901747 2.166438 5.837363
-1.837583 1.982965 5.224631
-0.698710 1.454550 4.493804
0.622154 0.532072 3.690810
1.313961 -0.121028 3.302543
2.788462 -1.257788 2.720294
3.605477 -1.868668 2.436237
4.414082 -2.412861 2.227801
4.914489 -2.759126 2.104070
5.268986 -3.017895 1.984117
5.544319 -3.199984 1.892400
5.770958 -3.397482 1.864551
5.793236 -3.543985 1.729845
5.867326 -3.612233 1.619030
5.897971 -3.627056 1.599282
5.982147 -3.649982 1.566970
5.985979 -3.654801 1.559945
6.067458 -3.680663 1.525860
6.068923 -3.743903 1.500720
6.068923 -3.743903 1.500720
5.772463 -3.941767 1.376765
5.197076 -4.091177 1.340865
4.625683 -4.282641 1.287304
4.129239 -4.449816 1.248273
3.829098 -4.528222 1.246287
3.223478 -4.597248 1.311768
2.750777 -4.553125 1.441513
2.552904 -4.505287 1.560336
0.868426 -3.780245 2.817648
-0.078198 -3.174058 3.647876
-0.952969 -2.431137 4.335087
-1.345501 -2.136168 4.641731
-2.790729 -1.238787 5.771367
-3.389640 -0.849478 6.305434
-3.951789 -0.459881 6.751462
-4.429271 -0.066605 7.063041
-4.600864 0.052900 7.059952
-4.984840 0.443443 6.789019
-5.215760 0.747196 6.477904
-5.372154 1.024115 6.101722
-5.460731 1.247577 5.775705
-5.364780 1.601399 5.362971
-5.054648 1.853132 5.027824
-4.573748 2.112565 4.779871
-4.018207 2.398144 4.599207
-3.408571 2.634953 4.488997
-2.773398 2.722419 4.286015
-2.012628 2.504179 3.929383
-1.198066 2.110928 3.449099
-0.356551 1.579599 2.913458
0.529348 0.981600 2.407496
1.316543 0.368162 2.016732
2.032064 -0.212526 1.792424
2.873914 -0.923103 1.677901
3.576494 -1.509300 1.684982
4.107500 -1.971136 1.732832
4.535831 -2.360607 1.808769
4.856669 -2.632021 1.819285
5.145908 -2.869870 1.820501
5.391903 -3.039713 1.781755
5.536044 -3.180126 1.760883
5.702531 -3.315145 1.734622
5.808522 -3.424317 1.732532
5.848248 -3.431097 1.710066
6.093574 -3.567960 1.599859
6.155902 -3.674579 1.575732
5.917024 -3.816225 1.529817
5.254110 -4.089484 1.418752
4.705553 -4.287627 1.411236
4.390920 -4.401250 1.359657
3.824121 -4.551086 1.320425
2.584645 -4.594403 1.521358
2.361522 -4.537330 1.612361
1.530079 -4.235495 2.077277
1.159694 -4.082507 2.303648
0.766870 -3.885499 2.569293
-0.062267 -3.382923 3.215294
-1.669469 -2.272725 4.618498
-2.554832 -1.650348 5.298214
-2.910442 -1.423893 5.562481
-3.523480 -0.898704 6.136828
-4.083510 -0.463681 6.632611
-4.502685 -0.222340 6.937329
-4.816950 0.010297 7.176757
-5.182758 0.316923 7.408077
-5.410357 0.656481 7.197887
-5.494875 0.789434 7.041314
-5.610648 1.086668 6.628865
-5.134960 1.738526 5.759933
-4.393487 2.291942 5.539280
-3.116375 2.664880 5.084699
-2.264743 2.821526 4.699749
-1.267584 2.647667 4.122530
-0.031433 1.948003 3.365839
1.018223 1.112724 2.632224
2.276010 0.058597 1.902279
3.294726 -0.845154 1.586325
4.103499 -1.708607 1.572879
4.285049 -1.883239 1.622192
5.011692 -2.659718 1.841762
5.345222 -2.966321 1.869027
5.592984 -3.278056 1.798360
5.803737 -3.496456 1.738137
5.879935 -3.492011 1.872748
5.985589 -3.562180 1.835512
6.027962 -3.653686 1.787352
5.862650 -3.777521 1.675718
5.357681 -4.029817 1.565715
4.749431 -4.243724 1.510040
4.107220 -4.456569 1.476579
3.347556 -4.715973 1.389395
2.489115 -4.688537 1.590681
1.327904 -4.342451 2.131000
0.083286 -3.743341 2.948693
-0.880536 -3.095538 3.620666
-2.164971 -2.181147 4.658220
-3.329004 -1.317082 5.645488
-3.984273 -0.795558 6.216954
-4.594508 -0.279479 6.761480
-4.889587 0.006922 6.998784
-5.306898 0.454379 7.016221
-5.590947 0.985887 6.740410
-5.662351 1.272596 6.412127
-5.422535 1.472122 5.582152
-4.880754 1.850083 5.076823
-3.955282 2.407088 4.700659
-3.143095 2.755822 4.492818
-2.139234 3.138256 4.414842
-1.041468 3.209083 4.118068
-0.052704 2.926859 3.719325
0.960324 2.160062 3.071038
1.994326 1.230608 2.516997
2.883862 0.346260 2.267838
3.715913 -0.735636 2.212904
4.364555 -1.587733 2.178624
4.848491 -2.175278 2.165475
5.276973 -2.618849 2.170235
5.550751 -2.977766 2.122275
5.571461 -3.003601 2.108384
5.577078 -3.044643 2.093121
5.720564 -3.191315 2.047086
5.818166 -3.322668 2.011908
5.919591 -3.451630 1.986962
5.900677 -3.594236 1.891536
5.728742 -3.696374 1.858026
5.450194 -3.848071 1.816822
5.020923 -4.056740 1.742696
4.629500 -4.208303 1.753715
4.225548 -4.391924 1.627714
3.739779 -4.537278 1.624759
3.224386 -4.725676 1.536066
2.678237 -5.009881 1.424665
1.824644 -4.937230 1.664129
1.004974 -4.703595 1.997897
0.054251 -4.389715 2.452095
-0.738275 -3.949532 2.940258
-1.480122 -3.509992 3.431626
-2.214133 -3.037106 4.018512
-2.771017 -2.409369 4.585054
-3.284430 -1.870017 5.115151
-3.721357 -1.344812 5.624139
-4.166435 -0.856184 6.119304
-4.513648 -0.510157 6.488635
-4.790886 -0.193820 6.795687
-5.260717 0.322075 7.252382
-5.400147 0.614837 7.535351
-5.410483 0.679615 7.593372
-5.491067 1.028383 7.689423
-5.019018 1.191188 7.623428
-4.221427 1.591683 7.493942
-3.426627 1.979189 7.163761
-2.346399 2.503746 6.704082
-0.993831 2.827331 6.063044
0.085108 2.699425 5.367860
1.192711 2.062645 4.389631
2.440712 1.101207 3.518254
3.440851 0.004807 3.000748
4.671324 -1.684412 2.488699
5.089052 -2.245364 2.397768
5.359068 -2.531913 2.358862
5.644260 -2.967364 2.220138
5.802945 -3.218830 2.115220
5.872487 -3.446067 2.107691
5.803678 -3.774876 1.845579
5.390416 -3.973817 1.780573
4.805861 -4.052104 1.879060
4.511975 -4.129966 1.907399
3.903051 -4.256148 1.918023
3.775115 -4.296643 1.903657
3.144115 -4.533853 1.831901
3.144115 -4.533853 1.831901
2.495252 -4.732131 1.809595
1.682429 -4.856136 2.005024
0.954905 -4.773924 2.091461
0.192243 -4.461308 2.432963
-0.632838 -4.031950 2.943634
-1.431410 -3.597851 3.407644
-2.082872 -3.146998 3.877765
-2.739627 -2.573743 4.471544
-3.263150 -2.003003 4.987714
-3.687920 -1.478737 5.508952
-4.066372 -1.046745 5.893136
-4.468086 -0.506103 6.518802
-4.740894 -0.124504 6.732850
-4.947477 0.202250 6.952927
-5.135394 0.476999 7.139569
-5.260631 0.681875 7.284773
-5.365331 0.889364 7.454257
-5.440870 1.036148 7.557439
-5.465790 1.160985 7.630757
-5.497528 1.305454 7.636297
-5.481774 1.500823 7.475465
-5.352106 1.669680 7.271874
-5.132941 1.889322 6.980217
-4.494369 2.197901 6.605043
-3.845708 2.472395 6.238410
-3.203004 2.768425 5.964747
-2.546552 2.974141 5.636573
-0.255430 3.150162 4.586900
0.933747 2.471043 3.703627
1.731362 1.760875 3.235615
2.581940 0.891864 2.907098
3.664075 -0.356469 2.630978
4.270761 -1.343026 2.463873
4.758207 -1.986403 2.440752
5.086613 -2.469362 2.376331
5.335017 -2.824175 2.320207
5.473492 -3.163178 2.280235
5.539439 -3.422759 2.283004
5.290897 -3.645879 2.207052
4.999841 -4.007727 2.075447
4.756355 -4.130558 2.041503
4.088344 -4.247766 2.104546
3.367669 -4.485013 2.117696
2.678822 -4.710821 1.997730
1.871642 -4.755218 2.104551
1.041236 -4.568915 2.347363
0.166602 -4.227137 2.720841
-0.539698 -3.879784 3.073183
-0.831594 -3.698276 3.282073
-1.514417 -3.206935 3.684433
-2.265260 -2.597504 4.182078
-2.877673 -2.005654 4.665391
-3.408804 -1.349952 5.177254
-3.842339 -0.793809 5.589440
-4.211969 -0.356895 5.945615
-4.580467 0.174267 6.377333
-4.580467 0.174267 6.377333
-4.828245 0.513854 6.708458
-5.026287 0.794719 6.820878
-5.183367 1.053799 6.959812
-5.291850 1.242500 7.067505
-5.383897 1.420616 7.182840
-5.449011 1.616730 7.326440
-5.427274 1.762309 7.405451
-5.500882 1.882662 7.478995
-5.496185 2.003082 7.467311
-5.375131 2.126315 7.387671
-4.961489 2.376703 7.176588
-4.381527 2.539330 6.809801
-3.729011 2.763845 6.451437
-3.082855 2.999579 6.117487
-2.423627 3.185867 5.842147
-1.676223 3.289343 5.589826
-0.800343 3.149090 5.092675
-0.091675 2.866619 4.584659
0.667169 2.406447 4.044789
1.374471 1.787862 3.508629
1.928750 1.214448 3.191995
2.542371 0.591253 2.968098
3.091979 0.000557 2.819876
3.551413 -0.626867 2.738843
3.956891 -1.163773 2.705496
4.406593 -1.718306 2.694441
4.406593 -1.718306 2.694441
4.703358 -2.073720 2.644041
5.292594 -2.888024 2.511275
5.576745 -3.108977 2.460614
5.577641 -3.395101 2.409408
5.571645 -3.453338 2.406619
4.954673 -3.835028 2.329982
4.791966 -3.920229 2.315176
4.150329 -4.164950 2.264807
2.049186 -4.929618 2.179305
1.855431 -4.961343 2.225840
1.047023 -4.966993 2.236886
0.429967 -4.796925 2.400243
-1.262975 -3.684811 3.349905
-2.323136 -2.736188 4.093593
-2.623826 -2.417236 4.302357
-3.336316 -1.488680 5.077984
-3.780721 -0.863295 5.455421
-3.882864 -0.739772 5.529326
-4.612729 0.197118 6.181983
-4.886097 0.623748 6.460188
-5.111274 0.958068 6.664284
-5.274913 1.164832 6.778504
-5.311534 1.229538 6.808215
-5.478259 1.649251 7.019433
-5.522902 1.785490 7.006489
-5.546401 1.849420 6.989964
-5.583046 2.130998 6.591945
-5.562023 2.307228 6.311807
-5.280819 2.529211 5.849113
-4.944397 2.755671 5.574857
-2.745212 3.330872 4.645422
-1.483259 3.300234 4.192114
-0.466707 2.746564 3.685638
0.626006 1.793605 3.170409
0.962415 1.404532 3.005461
1.671283 0.491775 2.763626
2.366886 -0.362162 2.628811
3.694048 -1.820174 2.588381
4.279887 -2.434613 2.618312
4.724204 -2.828160 2.630215
4.826542 -3.192514 2.550796
4.813509 -3.488562 2.512053
4.658121 -3.769940 2.437327
4.160081 -4.102264 2.348377
3.935548 -4.230924 2.331362
3.428421 -4.415714 2.316056
2.942627 -4.517118 2.330139
2.311290 -4.565163 2.389927
1.640259 -4.435700 2.552384
1.414680 -4.366175 2.608134
0.850213 -4.139380 2.872626
0.102342 -3.811785 3.116563
-0.581239 -3.359746 3.452319
-1.117669 -2.929269 3.733246
-1.117669 -2.929269 3.733246
-1.856394 -2.360538 4.132638
-2.546597 -1.743010 4.586948
-3.107478 -1.110101 5.009481
-3.576651 -0.478797 5.408920
-4.397876 0.470283 6.050888
-4.963710 1.159326 6.507238
-5.242301 1.495186 6.717099
-5.406581 1.765888 6.873160
-5.480610 1.977243 6.991846
-5.511981 2.031152 7.047457
-5.497979 2.265802 7.119801
-5.127450 2.461770 6.919229
-4.637670 2.746986 6.612121
-4.064616 2.934481 6.265667
-3.395931 3.129627 5.894933
-2.470853 3.408674 5.558567
-1.663099 3.586741 5.327680
-0.744137 3.289207 5.033199
0.135713 2.711388 4.699139
0.926782 1.708067 4.328972
1.998571 0.422589 4.118256
2.639588 -0.367098 3.898963
3.382814 -1.371948 3.649541
3.851052 -2.143887 3.383714
3.869830 -2.339078 3.300944
3.985737 -2.752358 3.145714
4.006608 -3.078385 3.012243
3.873435 -3.374341 2.863818
3.597524 -3.669159 2.747644
2.870172 -4.199148 2.565092
2.764152 -4.259027 2.556765
2.317872 -4.508401 2.493341
1.893053 -4.641111 2.458360
1.717898 -4.660099 2.484913
1.139400 -4.653199 2.544790
0.577534 -4.520383 2.687410
-0.007010 -4.292030 2.865997
-0.737083 -3.896973 3.191260
-1.414388 -3.431143 3.514195
-3.216235 -1.603263 4.703988
-4.067716 -0.414093 5.476968
-4.644078 0.445317 6.036473
-4.775476 0.625857 6.118563
-5.046363 1.078017 6.370904
-5.203884 1.307926 6.532975
-5.203884 1.307926 6.532975
-5.385292 1.643628 6.731859
-5.479513 1.859928 6.857328
-5.552057 1.979869 6.933387
-5.591544 2.136936 6.984631
-5.633323 2.257874 6.987621
-5.618755 2.409876 6.725463
-5.483803 2.515726 6.495017
-5.131940 2.686440 6.095083
-4.644485 2.890650 5.693941
-4.355710 3.013768 5.475006
-3.757272 3.195594 5.100547
-3.192298 3.344655 4.778077
-2.663801 3.496506 4.530588
-2.263799 3.621480 4.351206
-1.767881 3.746035 4.173731
-0.183197 2.586028 3.223950
0.526390 1.616053 2.895578
1.078002 0.541183 2.772832
1.707595 -0.618639 2.777657
2.252669 -1.547616 2.819466
2.623176 -2.228085 2.841368
2.944203 -2.746388 2.767146
3.136984 -3.256765 2.700700
3.061838 -3.618988 2.627151
3.021057 -3.721130 2.632372
2.717046 -3.999988 2.640043
2.329808 -4.249018 2.443393
1.965956 -4.438975 2.414489
1.908406 -4.471166 2.399594
1.102801 -4.844167 2.321454
0.700894 -4.958445 2.301842
0.553391 -4.970959 2.334807
0.021373 -4.931232 2.460373
-1.070590 -4.435733 2.836708
-1.734879 -4.001446 3.156986
-1.963871 -3.822169 3.288311
-2.512893 -3.253087 3.635105
-3.050568 -2.698208 4.012686
-3.512596 -2.066592 4.405154
-4.012425 -1.311112 4.891535
-4.340605 -0.701517 5.278306
-4.675062 -0.134648 5.636681
-4.928738 0.345514 5.920720
-5.163918 0.747087 6.165321
-5.319732 1.066791 6.357259
-5.446437 1.356008 6.548891
-5.608739 1.789138 6.811138
-5.602574 1.813659 6.831625
-5.686263 1.985531 6.930845
-5.725885 2.245616 6.988778
-5.603327 2.362567 6.886054
-5.490758 2.425409 6.765295
-4.646369 2.785617 6.170131
-4.151401 2.952711 5.917606
-3.990873 3.002467 5.815583
-3.153798 3.239899 5.394204
-2.009439 3.576799 5.040916
-1.153498 3.399696 4.776724
-0.137671 2.217275 4.458617
0.148452 1.749666 4.343275
0.931666 0.187540 4.093502
1.551176 -1.138844 3.779228
1.913242 -2.140185 3.440292
2.182362 -2.884088 3.158748
2.237627 -3.508646 2.917332
1.992316 -3.940018 2.743263
1.554772 -4.334405 2.600958
0.961096 -4.680922 2.459110
0.242841 -4.996524 2.518211
-0.402358 -4.976844 2.468167
-1.461387 -4.538625 2.736472
-2.237947 -3.970933 3.175382
-3.118109 -3.058691 3.760331
-3.863318 -1.948970 4.463907
-4.539440 -0.707402 5.225776
-4.926336 0.107552 5.711770
-5.227173 0.725783 6.097812
-5.400207 1.162284 6.472656
-5.563651 1.523947 6.597478
-5.664479 1.816848 6.756610
-5.754230 2.007964 6.918000
-5.733148 2.075171 6.948786
-5.199728 2.347475 7.008715
-4.560088 2.609303 6.875196
-3.581802 2.946077 6.457457
-2.950324 3.211535 6.159306
-2.292300 3.369296 5.842756
-1.663863 3.576253 5.626523
-1.518160 3.641609 5.567464
-0.507972 3.304635 5.108129
-0.037026 2.822714 4.882051
0.075503 2.675540 4.842691
1.244679 0.444304 4.383152
1.919812 -0.723511 4.130899
2.194704 -1.433909 3.858711
2.409152 -2.370771 3.466901
2.419040 -2.519675 3.392894
2.296113 -3.342384 3.026640
2.231034 -3.509233 2.956261
1.473551 -4.272927 2.638381
0.556138 -4.769792 2.431638
-0.060709 -4.851552 2.472448
-0.737584 -4.650635 2.663636
-1.595464 -4.323480 2.960100
-1.958530 -4.103827 3.117929
-2.463735 -3.691519 3.415063
-2.574720 -3.613565 3.483145
-3.105133 -3.008151 3.853795
-4.366967 -1.110423 5.055030
-4.793460 -0.253174 5.583104
-5.153932 0.531481 6.021288
-5.323625 0.941155 6.279021
-5.376628 1.058541 6.344919
-5.482335 1.316865 6.531092
-5.501870 1.374902 6.557385
-5.568332 1.593731 6.706916
-5.638730 1.785543 6.817159
-5.622262 1.915822 6.908658
-5.544206 2.093302 7.031841
-5.385218 2.156946 7.058251
-4.985666 2.331248 7.121032
-4.491675 2.503461 7.181818
-4.001377 2.741225 7.190030
-2.089624 3.250306 6.605475
-1.316304 3.555934 6.416883
-1.211625 3.566021 6.381406
-1.082001 3.563583 6.362788
-0.660631 3.477286 6.260573
-0.212507 3.231278 6.107719
0.115765 2.768219 5.988747
0.465488 2.260665 5.847038
0.778964 1.726957 5.672911
1.079565 1.200113 5.508271
1.372021 0.720908 5.282777
1.670270 0.100485 5.009561
1.815105 -0.343384 4.882251
1.815105 -0.343384 4.882251
2.048415 -0.960898 4.479419
2.161395 -1.383442 4.197974
2.239288 -1.927964 3.898813
2.177293 -3.133264 3.248276
1.685609 -3.750398 2.961413
1.152316 -4.166309 2.780873
0.496655 -4.571764 2.634568
-0.176930 -4.800541 2.585206
-0.988554 -4.709521 2.895387
-1.715646 -4.410230 3.006353
-1.882058 -4.300247 3.062265
-1.966470 -4.237314 3.098833
-2.551907 -3.732473 3.430005
-2.931056 -3.325781 3.714946
-2.931056 -3.325781 3.714946
-3.409791 -2.736339 4.087247
-3.715111 -2.319527 4.372100
-4.099618 -1.674217 4.754215
-4.428984 -1.048545 5.141506
-4.693579 -0.490913 5.482027
-4.693579 -0.490913 5.482027
-4.945177 0.077674 5.821888
-5.058516 0.328751 5.945881
-5.269377 0.827007 6.258631
-5.379448 1.116692 6.455081
-5.379448 1.116692 6.455081
-5.463860 1.352141 6.605267
-5.508898 1.551554 6.723491
-5.546535 1.714435 6.833782
-5.601589 1.879834 6.944988
-5.601589 1.879834 6.944988
-5.630846 2.014525 6.982088
-5.637225 2.048111 7.058156
-5.556736 2.178291 7.120779
-5.346634 2.266669 7.167749
-5.346634 2.266669 7.167749
-4.840836 2.455790 7.249891
-4.279780 2.640747 7.307321
-3.715703 2.728328 7.320023
-3.156169 2.831278 7.318980
-2.571155 2.970482 7.353777
-1.638961 3.239455 7.331649
-0.907765 3.259840 7.156041
-0.312635 3.049714 6.798447
0.787028 1.913991 6.116601
0.983677 1.655120 6.022816
1.465631 1.128474 5.706192
2.285826 -0.157975 4.970575
2.444465 -0.400385 4.799833
2.697042 -0.861473 4.494133
2.930047 -1.454365 4.146030
3.057901 -2.050239 3.777542
3.080792 -2.467669 3.513111
3.058330 -2.592518 3.444130
2.687224 -3.359361 3.041351
2.284914 -3.741979 2.881725
1.782837 -4.109965 2.731147
1.241663 -4.416164 2.630825
0.744331 -4.585350 2.612103
0.109374 -4.594195 2.687900
-1.940541 -3.789334 3.561690
-2.811217 -2.972771 3.848599
-3.008529 -2.731264 3.989718
-3.564431 -1.976675 4.522585
-3.965555 -1.345696 4.933324
-4.511389 -0.359899 5.584053
-4.783327 0.156735 5.909843
-5.035796 0.663384 6.195364
-5.205000 0.991620 6.530554
-5.351664 1.311435 6.673508
-5.422787 1.547767 6.730746
-5.482548 1.566869 6.730060
-5.513587 1.903889 6.970730
-5.520097 2.102434 7.087431
-5.535909 2.180165 7.159612
-5.554341 2.216558 7.174709
-5.486162 2.297791 7.244442
-5.288161 2.388671 7.238852
-4.804735 2.546657 7.208797
-4.382137 2.735651 7.120132
-3.754440 2.853293 6.964148
-3.141018 2.958343 6.797241
-2.493202 3.141811 6.608843
-1.916785 3.303743 6.506648
-1.434415 3.380491 6.405305
-0.321244 2.872715 6.030131
0.677542 1.629277 5.497790
0.742807 1.549436 5.495135
0.853454 1.342091 5.412512
1.206791 0.744834 5.158339
1.548651 0.205114 4.931945
1.859998 -0.265928 4.702387
2.121127 -0.758931 4.453072
2.121127 -0.758931 4.453072
2.551415 -1.621510 3.997170
2.551415 -1.621510 3.997170
2.673944 -2.027507 3.933793
2.706681 -2.509552 3.541499
2.672357 -2.880256 3.262081
2.609071 -3.201011 3.084685
2.406160 -3.508607 2.908155
1.952113 -3.879485 2.771940
1.952113 -3.879485 2.771940
0.618050 -4.516927 2.598829
-0.543432 -4.609752 2.730459
-1.699188 -4.228653 3.121749
-2.423941 -3.715852 3.528085
-2.627040 -3.496669 3.678207
-3.627492 -2.122015 4.603376
-3.678381 -2.009842 4.681102
-3.813207 -1.779115 4.835425
-4.497382 -0.449070 5.844733
-4.762131 0.024733 6.147164
-4.823345 0.168950 6.234931
-4.973179 0.597966 6.272436
-5.102533 0.969639 6.404233
-5.179335 1.235246 6.565087
-5.212677 1.454071 6.686271
-5.281425 1.605362 6.821875
-5.371861 1.796721 6.966333
-5.371861 1.796721 6.966333
-5.394985 1.961056 7.069816
-5.428549 2.075737 7.180173
-5.452431 2.153658 7.244104
-5.449642 2.243075 7.310720
-5.166891 2.354769 7.360092
-4.727553 2.486099 7.388583
-4.727553 2.486099 7.388583
-4.264291 2.659713 7.442631
-3.702250 2.790982 7.420082
-3.075822 2.913314 7.344717
-2.607947 3.037971 7.266734
-2.607947 3.037971 7.266734
-2.107530 3.184386 7.181590
-1.492383 3.225711 6.993033
-0.994703 3.117320 6.791032
-0.522760 2.914649 6.558905
-0.172118 2.614423 6.383424
0.372033 1.990434 6.102703
0.803488 1.307593 5.767751
1.127639 0.813549 5.488037
1.536896 0.188383 5.124879
1.615868 0.101595 5.064784
1.843775 -0.264190 4.866596
2.067652 -0.762098 4.601373
2.188217 -1.028547 4.469577
2.325460 -1.198008 4.386316
2.581993 -1.672196 4.095422
2.581993 -1.672196 4.095422
2.650971 -2.321911 3.682397
2.682546 -2.785579 3.367568
2.544263 -3.492652 3.047891
2.323793 -3.758665 2.918933
2.201622 -3.853328 2.899893
1.751921 -4.231640 2.720664
1.689193 -4.278634 2.679714
1.601597 -4.315968 2.678677
1.020527 -4.591674 2.584280
0.568093 -4.762357 2.724908
0.103304 -4.810682 2.664328
-1.685591 -4.196083 3.176060
-2.626168 -3.414921 3.786859
-3.156429 -2.663959 4.291941
-3.826828 -1.524547 4.999941
-4.302961 -0.637478 5.590903
-4.665618 0.152850 6.089280
-4.864920 0.691118 6.458434
-5.032414 1.182091 6.677546
-5.161594 1.413963 6.823001
-5.197372 1.441157 6.819936
-5.276696 1.616750 6.891788
-5.410820 2.085967 7.208471
-5.328085 2.269356 7.358896
-4.860335 2.480876 7.353073
-4.270715 2.671230 7.367326
-3.295243 2.904425 7.453404
-2.583652 3.018190 7.464835
-1.818184 3.220260 7.465729
-1.154538 3.358985 7.459228
-0.333440 2.901821 7.111286
0.398029 2.130786 6.604405
1.067081 1.199953 6.030459
1.714887 0.378953 5.498416
1.893757 0.153513 5.332740
2.488286 -0.844177 4.687750
2.777072 -1.619724 4.134510
2.879547 -2.311472 3.701529
2.912375 -2.517220 3.568927
2.590239 -3.331934 3.094754
2.065965 -3.873143 2.848916
1.877270 -4.033646 2.792138
0.869906 -4.464629 2.701580
0.293924 -4.462898 2.791768
-0.066977 -4.407350 2.866925
-1.401109 -3.946907 3.391123
-1.693015 -3.761150 3.610186
-2.383758 -3.182587 3.926830
-2.893584 -2.587668 4.322549
-3.364881 -1.910320 4.772512
-3.822058 -1.173424 5.247759
-3.863367 -1.054650 5.293969
-4.081320 -0.490580 5.659222
-4.345423 0.044767 6.028396
-4.878360 1.151133 6.696294
-5.124688 1.496220 6.913339
-5.112760 1.596058 6.985104
-5.117742 1.832665 7.101928
-5.179700 1.982717 7.200231
-5.216803 2.162812 7.275613
-5.228503 2.252437 7.349424
-5.226322 2.278157 7.378251
-5.043724 2.377329 7.524892
-4.762437 2.483668 7.521065
-4.762437 2.483668 7.521065
-4.264050 2.639217 7.504714
-3.774002 2.821488 7.530662
-3.058519 2.927185 7.478390
-2.487460 3.051520 7.495221
-2.487460 3.051520 7.495221
-1.974417 3.184242 7.516399
-1.514653 3.315779 7.499869
-0.971937 3.468160 7.502345
-0.971937 3.468160 7.502345
-0.489120 3.411072 7.403150
0.048331 3.172964 7.223582
0.048331 3.172964 7.223582
0.455853 2.861666 7.014917
0.793764 2.415790 6.743684
1.194146 1.828631 6.355299
1.567315 1.321305 6.062331
1.951932 0.753504 5.681926
2.158062 0.200637 5.343174
2.492125 -0.302051 5.021782
2.662341 -0.669365 4.767025
2.662341 -0.669365 4.767025
2.767030 -1.172821 4.439971
2.783468 -1.559991 4.233139
2.758085 -2.014004 3.945134
2.575587 -2.459980 3.692270
2.259706 -2.971148 3.436934
1.879225 -3.376285 3.262339
1.371891 -3.779520 3.083247
0.983343 -4.007997 3.006202
0.558877 -4.119061 3.018821
0.146004 -4.127472 3.093555
-0.419147 -4.026293 3.236252
-0.906431 -3.846058 3.421338
-1.610913 -3.512631 3.711687
-2.233364 -3.083484 4.044122
-2.564151 -2.806571 4.265909
-3.057893 -2.290204 4.629668
-3.057893 -2.290204 4.629668
-3.513087 -1.696776 5.041565
-3.862918 -1.142874 5.404085
-4.209546 -0.582355 5.788403
-4.440122 -0.102891 6.067730
-4.643645 0.389912 6.354083
-4.975199 1.227077 6.891079
-5.068651 1.577828 7.109842
-5.132141 1.800160 7.277780
-5.122788 2.040972 7.418601
-4.795170 2.226779 7.531324
-4.119611 2.474439 7.573513
-3.332118 2.766828 7.668725
-2.534360 2.887416 7.608141
-1.811338 3.081178 7.601588
-1.652092 3.127768 7.605864
-0.597729 3.399264 7.633527
0.245263 3.239243 7.149947
0.383622 3.147000 7.065366
1.135141 2.379103 6.492201
1.598563 1.782522 6.159237
1.724006 1.617555 6.058248
2.412613 0.251908 5.298298
2.611809 -0.501252 4.840738
2.629782 -0.695256 4.728425
2.602613 -1.188017 4.466780
2.588832 -1.284135 4.422151
2.500433 -1.659460 4.191236
2.187316 -2.316678 3.865314
1.895105 -2.808948 3.624338
1.499533 -3.276876 3.378210
1.028145 -3.640398 3.232821
1.028145 -3.640398 3.232821
0.579705 -3.895346 3.150396
-0.058974 -4.129737 3.100388
-0.626061 -4.246525 3.113903
-1.088896 -4.193930 3.205347
-1.696227 -4.051887 3.383841
-2.250960 -3.817416 3.595866
-2.672811 -3.506665 3.837112
-3.039865 -3.147692 4.093879
-3.039865 -3.147692 4.093879
-3.445881 -2.643976 4.466654
-3.796846 -2.083278 4.866184
-4.032949 -1.586648 5.181636
-4.285467 -0.943250 5.651023
-4.536387 -0.390838 5.894262
-4.741542 0.187514 6.250616
-4.741542 0.187514 6.250616
-4.992143 0.964395 6.731556
-5.097723 1.339627 6.979242
-5.135867 1.560425 7.112108
-5.180229 1.782855 7.246305
-5.199383 1.973306 7.357193
-5.138199 2.137273 7.457586
-4.892859 2.292836 7.508139
-4.764865 2.332111 7.530280
-4.276905 2.463910 7.572515
-3.686987 2.708228 7.630679
-2.915843 2.856412 7.530891
-2.371610 2.968542 7.426511
-1.759470 3.160434 7.366920
-1.138067 3.336443 7.176040
-0.748496 3.442203 7.037400
-0.228021 3.484501 6.870355
0.314157 3.251159 6.544515
0.551602 2.940807 6.298102
0.791719 2.549396 6.056845
0.791719 2.549396 6.056845
1.115431 1.992716 5.797221
1.411517 1.355288 5.560896
1.635179 0.832629 5.367035
1.867438 0.417512 5.192703
1.867438 0.417512 5.192703
2.059186 -0.091706 4.974501
2.048739 -0.536047 4.754356
2.053983 -0.912749 4.594409
2.092690 -1.378564 4.332311
1.985435 -1.795703 4.147661
1.985435 -1.795703 4.147661
1.788572 -2.300377 3.876224
1.567661 -2.712799 3.689784
1.299711 -2.899913 3.597857
0.943625 -3.154527 3.517372
0.442994 -3.452363 3.407875
-0.111483 -3.694933 3.346801
-0.725171 -3.911961 3.439631
-1.310312 -3.982212 3.481493
-1.900009 -3.959608 3.392649
-2.306681 -3.834610 3.491461
-2.771098 -3.625796 3.700901
-3.823723 -2.429297 4.566999
-4.210304 -1.529715 5.131640
-4.544252 -0.658170 5.670368
-4.814722 0.203091 6.209029
-5.026576 0.842475 6.628862
-5.032401 1.014006 6.709866
-5.216044 1.531696 7.054687
-5.270148 1.791788 7.383941
-5.322177 2.006223 7.383533
-5.163200 2.272520 7.517835
-4.501814 2.413911 7.555916
-4.271161 2.449659 7.550992
-2.943135 2.798873 7.509705
-1.999999 3.052711 7.376530
-1.198772 3.201438 7.166137
-0.360310 2.927206 6.726913
-0.126975 2.822042 6.603309
0.868981 1.804308 6.005016
1.468109 0.865708 5.556893
1.976675 0.063325 5.148001
2.360650 -0.788676 4.684349
2.404234 -0.849882 4.637570
2.451926 -0.943717 4.596901
2.597786 -2.271147 3.864883
2.103267 -3.299929 3.342874
1.646584 -3.823507 3.062224
1.630171 -3.871230 3.035377
1.505636 -3.943413 3.009760
-0.152370 -4.248586 3.134780
-1.082004 -4.190417 3.166789
-1.990329 -4.000115 3.388500
-2.229030 -3.896728 3.475311
-3.251718 -2.913591 4.209838
-3.773767 -2.123855 4.740901
-3.939303 -1.845784 4.908312
-4.564921 -0.533370 5.739976
-4.857201 0.216965 6.202736
-5.061542 0.786105 6.547402
-5.090858 0.903265 6.617966
-5.252346 1.578584 7.022419
-5.309936 1.767916 7.156168
-5.363494 1.950455 7.258153
-5.333145 2.116043 7.339805
-5.124738 2.228638 7.365298
-4.318771 2.484111 7.286547
-3.867154 2.534522 7.155396
-2.224007 2.330404 6.088457
-1.020366 1.675067 4.898908
-0.069185 1.006998 3.735234
0.783315 0.257863 2.591596
1.433525 -0.525969 1.579268
2.132890 -1.447384 0.573401
2.551604 -1.910762 0.045497
2.752371 -2.211594 -0.296138
2.985580 -2.632901 -0.769571
3.165280 -2.937613 -1.085167
3.139406 -3.352405 -1.300323
2.813980 -3.804349 -1.558770
2.624550 -3.940754 -1.556954
2.143981 -4.196333 -1.545325
1.727311 -4.372153 -1.603092
1.338499 -4.568420 -1.696039
0.734324 -4.784825 -1.717152
-0.021605 -5.034811 -2.020277
-0.798524 -5.204154 -2.318814
-1.617108 -5.362712 -2.656173
-1.968315 -5.425253 -2.866186
-2.026585 -5.448631 -2.888346
-2.362395 -5.416706 -3.040379
-2.906565 -5.295662 -3.722579
-3.373728 -5.067701 -5.512064
-3.610231 -4.658704 -5.792076
-3.807377 -4.105707 -5.874029
-4.051674 -3.211982 -5.907882
-4.147960 -2.820748 -5.823286
-4.217744 -2.576570 -5.750184
-4.238369 -2.393040 -5.712323
-4.285700 -2.176964 -5.665772
-4.260641 -2.070631 -5.730971
-4.238404 -2.059828 -5.727001
-3.755343 -2.046935 -5.840053
-3.606917 -2.046582 -5.849165
-3.093550 -2.075892 -5.944504
-2.885131 -2.119506 -5.996342
-1.757870 -2.386138 -6.311664
-1.296762 -2.540408 -6.463134
-1.060518 -2.618162 -6.532373
0.120329 -3.032187 -6.944391
0.510973 -3.161370 -7.095957
1.179316 -3.331396 -7.273100
1.480491 -3.369754 -7.341803
1.639682 -3.388711 -7.377796
1.977699 -3.542907 -7.509929
2.209989 -3.617964 -7.596302
2.481630 -3.646330 -7.692766
2.481630 -3.646330 -7.692766
2.716568 -3.531120 -7.680528
3.014450 -3.365976 -7.627442
3.330513 -3.368090 -7.704546
3.402279 -3.393689 -7.728090
3.462693 -3.405033 -7.771888
3.484904 -3.419107 -7.847912
3.487018 -3.434725 -7.894138
3.425894 -3.490834 -8.026723
3.381122 -3.433906 -7.961751
3.090610 -3.502711 -8.091762
2.804676 -3.559308 -8.152245
2.739345 -3.562293 -8.152644
2.655348 -3.576795 -8.170233
2.356761 -3.640739 -8.216391
1.766751 -3.762090 -8.365302
1.273374 -3.865945 -8.447650
1.264255 -3.853903 -8.450152
0.687036 -3.956479 -8.544327
0.333375 -4.017106 -8.653863
-0.007018 -4.102975 -8.735151
-0.377277 -4.158869 -8.805941
-0.879062 -3.906739 -8.615425
-1.173405 -3.584765 -8.371175
-1.369106 -3.351654 -8.206863
-1.829028 -2.717046 -7.721286
-1.905583 -2.372891 -7.420281
-1.839416 -2.177480 -7.305176
-1.652470 -1.957841 -7.122750
-1.286060 -1.859374 -7.104907
-0.831168 -1.852802 -7.084690
-0.278854 -1.904020 -7.177027
0.310060 -2.093770 -7.292707
0.875676 -2.334491 -7.526648
1.616762 -2.621662 -7.837262
2.287957 -2.830681 -8.056211
2.644529 -2.922197 -8.189145
3.310908 -3.034483 -8.279480
3.354830 -3.031639 -8.287707
3.436961 -3.029640 -8.286102
3.785768 -3.010060 -8.326616
4.429211 -2.970147 -8.363658
4.622775 -2.953932 -8.380920
4.848720 -2.953109 -8.396108
4.996836 -2.952254 -8.523631
5.056018 -2.933879 -8.527449
5.019351 -2.920119 -8.557037
4.837720 -2.980697 -8.640298
4.788073 -2.986428 -8.623445
4.218222 -3.107858 -8.783070
4.062668 -3.133189 -8.783803
3.694717 -3.220567 -8.865715
3.019321 -3.394778 -9.009645
2.634059 -3.391272 -9.064576
2.398959 -3.451417 -9.164409
1.964143 -3.549041 -9.215583
1.489689 -3.671097 -9.305361
1.025212 -3.784254 -9.384099
0.922636 -3.803518 -9.407748
0.349736 -3.936090 -9.489604
0.185121 -3.956321 -9.547442
-0.592765 -4.142238 -9.621816
-1.114617 -4.218802 -9.703384
-1.403399 -4.292581 -9.822321
-1.709488 -4.338884 -9.814862
-1.883102 -4.398216 -9.849837
-2.027984 -4.419299 -9.851138
-1.982614 -4.458697 -9.877871
-1.796208 -4.410799 -9.816884
-1.397560 -4.389234 -9.749464
-0.946903 -4.324886 -9.670575
-0.445579 -4.279725 -9.549925
-0.024507 -4.191243 -9.431967
0.621890 -4.052344 -9.285617
1.132277 -4.111984 -9.314243
1.722516 -3.972455 -9.196220
2.205105 -3.725355 -8.839062
2.639571 -3.624750 -8.699625
2.676212 -3.598121 -8.661518
3.228389 -3.601970 -7.976010
3.495816 -3.581542 -7.448251
3.763890 -3.811565 -6.680048
3.985206 -3.872332 -5.742282
4.095530 -3.858333 -4.759667
4.120818 -4.009732 -4.029813
4.148299 -4.123953 -3.347941
4.113930 -4.255947 -2.817793
4.140130 -4.324549 -2.522510
4.141207 -4.350685 -2.488307
4.143283 -4.328486 -2.404053
4.072408 -4.383060 -2.191549
3.948045 -4.506208 -1.727713
3.767064 -4.664733 -1.353405
3.553801 -4.705010 -1.120161
3.197012 -4.769822 -1.159244
2.441574 -4.865856 -1.747146
1.990863 -4.854336 -2.126204
1.666514 -4.851894 -2.545920
1.135949 -4.883944 -3.030019
0.787547 -4.910547 -3.453326
0.496455 -4.913450 -3.753281
0.110591 -4.944384 -3.930320
-0.416696 -5.043295 -4.115111
-0.806853 -5.128786 -4.387321
-1.017252 -5.080888 -4.797818
-1.301288 -4.933120 -5.570931
-1.436234 -4.909168 -5.893482
-1.438356 -4.830620 -6.159047
-1.299465 -4.890435 -6.358814
-1.234100 -4.722544 -6.228656
-1.215337 -4.693331 -6.168351
-0.980682 -4.682428 -5.843218
-0.774101 -4.709653 -5.437512
-0.487718 -4.737027 -4.919367
-0.272227 -4.757085 -4.479513
0.123439 -4.827391 -3.762912
0.516502 -4.857531 -3.136193
0.920618 -4.863864 -2.779285
1.322226 -4.850519 -2.449346
1.574347 -4.968038 -1.663264
1.758035 -5.169941 -0.533642
1.848807 -5.274340 -0.012068
2.053340 -5.330582 0.412403
2.175698 -5.363977 0.670832
2.324050 -5.355832 0.901088
2.359025 -5.388976 1.057790
2.333567 -5.385338 1.192071
2.260027 -5.410944 1.227987
2.093647 -5.520904 1.193538
1.768628 -5.476720 1.306896
1.553924 -5.502201 1.291734
1.293751 -5.564744 1.234409
0.974440 -5.642229 1.171720
0.922392 -5.653436 1.158523
0.874954 -5.660086 1.168580
0.661691 -5.680257 1.162442
0.061208 -5.749406 1.147540
0.011908 -5.766691 1.125654
-0.368439 -5.664831 1.273182
-0.564546 -5.555480 1.352400
-0.718329 -5.469688 1.386676
-1.429348 -5.003699 1.492034
-1.649752 -4.840692 1.452106
-1.766858 -4.747522 1.448010
-1.894477 -4.622638 1.439651
-2.819271 -3.669372 1.224760
-2.869332 -3.614250 1.184394
-2.902819 -3.522863 1.182039
-3.323966 -2.888228 0.867991
-3.471827 -2.689525 0.772212
-3.534629 -2.549606 0.713485
-3.716673 -2.135255 0.584109
-3.781306 -1.801715 0.517954
-3.834118 -1.434848 0.431867
-3.812939 -1.107916 0.375723
-3.761545 -0.848533 0.360781
-3.634032 -0.592331 0.337317
-3.492848 -0.397018 0.368132
-3.036755 -0.056917 0.503728
-2.747373 0.022199 0.563363
-2.718216 0.007060 0.584677
-2.113304 -0.057563 0.724791
-1.793650 -0.118120 0.759137
-1.317326 -0.237244 0.738956
-0.707795 -0.449251 0.621207
-0.561778 -0.530166 0.564498
-0.486018 -0.546040 0.538376
0.030136 -0.783947 0.371856
0.896112 -1.333418 0.302064
1.179723 -1.698908 0.437743
1.592597 -2.194870 0.700458
1.598266 -2.262807 0.709058
1.717701 -2.413330 0.761458
1.996505 -2.771158 0.961142
2.730576 -3.618331 1.407983
2.922396 -3.808247 1.577611
3.053431 -4.035645 1.719150
3.129984 -4.195789 1.781802
3.164033 -4.340248 1.772841
3.224615 -4.475501 1.766029
3.323335 -4.511448 1.835347
3.352162 -4.515723 1.858245
3.308517 -4.607133 1.856325
3.199727 -4.598361 1.862801
3.010803 -4.499846 1.996891
2.647809 -4.220618 2.229238
2.504053 -4.135534 2.354419
2.308923 -3.971208 2.507143
2.224240 -3.879729 2.597586
1.900076 -3.616364 2.786976
1.501849 -3.241389 3.104452
0.072238 -2.031546 4.057568
-0.554754 -1.291315 4.153107
-1.236146 -0.295942 4.118537
-1.887987 0.537111 4.024418
-2.477830 1.247824 3.759838
-2.871300 1.720391 3.453363
-3.192513 2.091611 3.146691
-3.416120 2.399112 2.898405
-3.480342 2.609067 2.794025
-3.454825 2.762607 2.846910
-3.414757 2.846958 3.012819
-3.346926 2.938409 3.186767
-3.099266 2.996620 3.230980
-2.779608 2.881446 3.075065
-2.256314 2.546918 2.836387
-1.719052 2.025096 2.563487
-0.991769 1.284264 2.171399
-0.376608 0.596139 2.062306
0.296524 -0.272609 2.291138
0.503157 -0.574081 2.452695
1.220847 -1.421524 2.878578
1.677254 -1.871359 2.968183
2.268048 -2.595086 2.865839
2.562496 -3.018619 2.779315
2.966564 -3.487207 2.645731
3.067564 -3.720653 2.671975
3.090198 -3.905304 2.596381
2.993640 -4.182132 2.479417
2.819564 -4.388152 2.458914
2.630326 -4.562803 2.346818
2.467834 -4.556634 2.352438
2.117441 -4.452005 2.439961
1.556550 -4.095020 2.730482
0.717276 -3.105192 3.390495
-0.009050 -2.351882 3.919513
-0.899439 -1.317925 4.626942
-1.605341 -0.522136 5.163442
-2.231067 0.136865 5.625314
-2.792097 0.669029 6.011483
-3.362695 1.223901 6.401124
-3.717611 1.574682 6.612025
-3.878629 1.808832 6.560702
-3.946768 1.919643 6.439661
-4.131775 2.302159 6.286009
-4.127968 2.472538 6.092685
-3.801397 2.593824 5.173869
-3.633383 2.739193 4.943783
-3.280130 2.967519 4.618448
-2.904907 2.970558 4.402984
-2.730366 2.910966 4.319058
-1.784488 2.281697 3.731962
-1.070043 1.562481 3.355252
-0.307892 0.672200 3.119487
0.303976 -0.108884 3.000478
0.927285 -1.021249 3.014651
1.328191 -1.754869 3.038465
1.770966 -2.331802 3.042311
2.236723 -2.875136 2.955616
2.518528 -3.203914 2.861549
2.939587 -3.628436 2.714786
2.906391 -3.911921 2.629939
2.888989 -4.126879 2.538405
2.732915 -4.339281 2.471055
2.536994 -4.483519 2.405822
2.109204 -4.687059 2.331954
1.688627 -4.862800 2.278027
1.174072 -4.871376 2.289587
0.415608 -4.504444 2.581954
-0.555166 -3.743986 3.122838
-1.625818 -2.732391 3.763749
-2.562562 -1.908340 4.160432
-3.163431 -1.032797 4.349542
-3.698619 -0.308220 4.339550
-4.083000 0.258026 4.268788
-4.418582 0.754093 4.093847
-4.466356 0.834492 4.066707
-4.552089 0.982059 4.027174
-4.775537 1.299525 3.795542
-4.775537 1.299525 3.795542
-4.976939 1.600750 3.525743
-5.125672 1.870858 3.279829
-5.281292 2.090487 3.058923
-5.327283 2.246193 2.896604
-5.327283 2.246193 2.896604
-5.275799 2.453898 2.694016
-4.923694 2.768038 2.516909
-4.888339 2.782227 2.550386
-4.352111 2.981875 2.720248
-4.030525 3.078438 2.850742
-3.604606 3.160620 3.070145
-3.552666 3.175537 3.100700
-3.487817 3.170622 3.103397
-2.787466 3.184837 3.106131
-2.192942 2.941682 2.880708
-1.716347 2.641962 2.700966
-1.140973 2.092110 2.429072
-0.729990 1.655735 2.278814
-0.537948 1.488280 2.233609
-0.217359 1.081564 2.193303
-0.019940 0.895556 2.193007
0.410115 0.292602 2.226482
0.576938 0.069518 2.321209
1.402135 -1.141930 2.653238
2.399281 -2.304287 2.667734
2.583495 -2.515287 2.660988
2.791901 -2.733225 2.631590
3.175850 -3.143423 2.579515
3.385587 -3.487274 2.502555
3.410770 -3.524734 2.479134
3.415188 -3.544322 2.476946
3.403741 -3.680974 2.453486
3.345117 -3.879685 2.386630
3.345117 -3.879685 2.386630
3.230066 -4.075363 2.368528
3.084314 -4.228942 2.255164
2.399580 -4.624291 2.119804
1.929035 -4.716091 2.210124
1.191657 -4.349781 2.485673
0.241917 -3.601346 3.061924
-0.380118 -2.929656 3.556971
-1.501255 -1.834229 4.413677
-2.517396 -0.927133 5.081897
-3.282153 -0.173078 5.623021
-4.052609 0.483707 6.165962
-4.506475 0.836043 6.411380
-4.939226 1.278849 6.243849
-5.105385 1.498768 5.967654
-5.184396 1.664955 5.638099
-5.153660 1.858807 5.298047
-4.923349 2.144777 4.916795
-4.743325 2.303091 4.671053
-4.466045 2.475670 4.442011
-4.265863 2.610545 4.223975
-3.924814 2.778520 4.036915
-3.685548 2.861145 3.974143
-3.411193 3.023669 3.920905
-3.313361 3.054005 3.919759
-3.108146 3.120583 3.855877
-3.013067 3.136345 3.836812
-3.013067 3.136345 3.836812
-2.658478 3.192707 3.757517
-2.309277 3.101621 3.641061
-2.020501 2.895744 3.522017
-1.607586 2.500527 3.409025
-1.201772 1.984045 3.276705
0.474840 -0.284632 3.025452
1.171427 -1.181017 3.026289
1.801874 -1.907026 2.988901
2.039270 -2.132000 2.935915
2.400429 -2.529181 2.857424
2.814289 -2.888576 2.737707
3.241412 -3.277589 2.810324
3.298331 -3.347987 2.768681
3.327497 -3.351359 2.733393
3.479247 -3.528682 2.595753
3.526540 -3.669982 2.550842
3.467736 -3.825506 2.507153
3.467736 -3.825506 2.507153
3.367451 -3.980142 2.461321
3.201510 -4.131349 2.418306
2.958039 -4.298177 2.377991
2.628104 -4.484909 2.318878
2.277141 -4.625443 2.272738
1.931798 -4.739399 2.243088
1.585335 -4.760941 2.276968
1.585335 -4.760941 2.276968
1.204925 -4.660943 2.376762
0.646370 -4.317880 2.644827
0.270025 -4.008187 2.979585
-0.170190 -3.559909 3.393430
-0.170190 -3.559909 3.393430
-0.583224 -3.111099 3.564797
-1.127860 -2.569053 3.885157
-1.698135 -1.894796 4.347648
-2.164806 -1.379125 4.706946
-2.763491 -0.774026 5.159090
-3.207808 -0.351312 5.474353
-3.207808 -0.351312 5.474353
-3.671592 0.092746 5.800163
-4.029856 0.446170 6.040701
-4.340290 0.823949 6.337965
-4.620032 1.116870 6.502425
-4.836575 1.341370 6.540489
-4.836575 1.341370 6.540489
-5.115077 1.494994 6.452090
-5.191385 1.655864 6.323226
-5.123203 1.680950 6.020570
-5.058787 1.776323 5.794322
-4.997845 1.948172 5.558000
-4.908946 2.201231 5.451955
-4.734366 2.464609 5.298677
-4.326057 2.730885 4.931376
-4.070164 2.814799 4.758165
-3.988420 2.848272 4.705128
-3.641312 2.804764 4.457838
-3.318509 2.856894 4.311677
-3.110388 2.933134 4.308348
-2.744593 3.088293 4.317178
-2.595448 3.148427 4.348150
-2.303000 3.196498 4.403352
-1.932896 3.057701 4.415211
-1.516759 2.697776 4.424082
-1.172648 2.337122 4.369313
-0.726672 1.755040 4.338066
-0.330387 1.177732 4.217588
0.056032 0.653069 4.126218
0.932579 -0.675959 3.858635
1.339885 -1.336468 3.671811
1.405385 -1.428536 3.658389
1.840573 -1.983032 3.434970
2.680058 -2.779202 3.130118
2.998188 -3.040675 2.971849
3.103786 -3.130964 2.935686
3.347367 -3.317912 2.853839
3.605067 -3.630250 2.694696
3.566116 -3.808662 2.625772
3.538979 -3.820454 2.604317
3.416104 -3.967204 2.544497
2.895682 -4.309702 2.419538
2.600678 -4.474773 2.351253
2.494601 -4.532081 2.347304
1.758918 -4.723542 2.509376
1.441502 -4.612811 2.513115
0.990398 -4.305079 2.631101
0.547857 -3.905664 2.902130
0.366390 -3.709227 3.053285
-0.620750 -2.450174 3.951779
-1.060840 -1.884312 4.328044
-1.719450 -1.149493 4.855055
-1.900345 -0.929473 5.015511
-2.881888 0.111663 5.762329
-3.411832 0.614745 6.139806
-3.766208 0.933948 6.380761
-4.117643 1.214218 6.583897
-4.380839 1.283859 6.656083
-4.565139 1.371060 6.686507
-4.585644 1.374694 6.695112
-4.719235 1.541488 6.648963
-4.761291 1.749669 6.568115
-4.680311 2.087876 6.212392
-4.559058 2.263324 6.041749
-4.550886 2.281592 6.025858
-4.345390 2.583630 5.789384
-4.269691 2.783956 5.758787
-4.240089 2.831355 5.726645
-3.756353 2.946390 5.528632
-3.438333 2.865357 5.395158
-3.366126 2.850986 5.412033
-2.769353 2.995311 5.548381
-2.403861 2.878659 5.683709
-2.330632 2.830812 5.679612
-1.508405 2.027607 5.618243
-1.058549 1.468882 5.503392
-0.888022 1.255637 5.441893
-0.502000 0.696364 5.226597
0.332767 -0.494821 4.714923
0.729156 -1.122364 4.397944
0.786126 -1.208138 4.371535
1.112974 -1.710404 4.098856
1.679089 -2.605859 3.589703
1.935140 -2.914747 3.393185
2.000865 -2.991547 3.360215
2.353237 -3.543091 3.195327
2.474040 -3.731219 2.989368
2.509491 -3.791325 2.920682
2.429721 -4.063840 2.591091
2.279227 -4.222844 2.551982
2.242806 -4.253294 2.537356
2.029422 -4.346801 2.514014
1.829163 -4.358610 2.521425
1.504664 -4.298460 2.593117
1.188437 -4.192870 2.715517
0.793276 -3.950356 2.896086
0.360744 -3.565398 3.172907
-0.737205 -2.420369 4.004554
-1.405557 -1.695667 4.532947
-2.148355 -0.719125 5.193491
-2.849777 0.165032 5.824480
-3.379163 0.633895 6.118732
-3.812836 0.976919 6.370995
-4.017438 1.100839 6.485523
-4.422151 1.575740 6.806606
-4.454200 1.758734 6.926785
-4.369335 1.991937 7.000452
-4.197335 2.269819 6.822943
-4.061166 2.432236 6.578628
-3.850351 2.660327 6.247346
-3.611601 2.825692 5.973953
-3.509350 2.970128 5.919656
-3.010969 3.233142 5.662916
-2.666731 3.108974 5.459646
-2.302088 3.181842 5.579384
-2.000449 3.143952 5.651903
-1.690702 2.864551 5.598293
-1.303956 2.296536 5.513256
-0.802657 1.408557 5.334285
-0.631710 1.130354 5.244122
0.173291 -0.271996 4.729982
0.504322 -0.847014 4.468657
0.962970 -1.602862 4.121367
1.321286 -2.229721 3.779496
1.730787 -2.808983 3.454042
1.799304 -2.910934 3.371489
1.954331 -3.201786 3.210975
1.977877 -3.292421 3.174693
2.071603 -3.529372 3.031741
2.053206 -3.765764 2.887789
2.053206 -3.765764 2.887789
1.958133 -3.934764 2.808529
1.781409 -4.053753 2.767360
0.969617 -3.968230 3.060509
0.823452 -3.876931 3.124467
0.075876 -3.222080 3.503677
-0.372613 -2.610253 3.879941
-0.929743 -1.834474 4.374957
-1.513379 -0.943165 4.959221
-2.080400 -0.080393 5.397438
-2.662862 0.646801 5.825687
-3.045567 1.085170 6.175499
-3.492768 1.452750 6.474214
-3.612381 1.552106 6.571739
-4.036302 1.931158 6.429891
-4.082381 1.979647 6.367562
-4.087941 2.032000 6.361528
-4.132882 2.184771 6.130589
-4.163189 2.358361 5.822111
-4.163189 2.358361 5.822111
-4.147104 2.530102 5.523892
-4.112954 2.662203 5.249818
-4.042971 2.765580 5.085818
-3.795578 3.100786 4.555804
-3.539282 3.208523 4.435477
-3.224207 3.356773 4.409711
-2.954039 3.380192 4.448565
-2.683659 3.383330 4.613693
-2.446090 3.409535 4.922983
-2.218820 3.376699 5.234860
-1.868263 3.023751 5.408981
-1.532537 2.527434 5.518500
-1.122549 1.816595 5.480219
-1.042396 1.624478 5.452780
-0.657707 0.958714 5.251312
-0.276356 0.339404 5.157069
-0.225972 0.251184 5.121850
0.099927 -0.299417 4.776950
1.033571 -1.716942 4.026204
1.206468 -1.928434 3.924709
1.667363 -2.589395 3.543676
1.816676 -2.928723 3.332431
1.808692 -3.122844 3.220013
1.704284 -3.150328 3.230303
1.489553 -2.992614 3.370519
1.081700 -2.686207 3.573719
0.619027 -2.172717 3.932756
0.135710 -1.574224 4.315559
0.032592 -1.412664 4.410577
-0.260164 -1.007267 4.707851
-0.449562 -0.657079 4.917922
-0.871935 0.100762 5.422881
-1.079522 0.462935 5.681797
-1.482165 0.978750 6.037263
-1.861808 1.334698 6.318643
-2.202840 1.652893 6.540072
-2.477766 1.812453 6.660829
-2.804429 1.949594 6.783589
-2.958129 2.088248 6.907475
-3.065438 2.241338 6.995772
-3.176682 2.340891 6.965880
-3.228864 2.440077 6.855210
-3.237306 2.602552 6.655482
-3.230632 2.746591 6.460148
-3.210144 2.838454 6.262164
-3.166854 2.946872 6.061038
-3.149861 3.019899 5.863190
-3.083850 3.121712 5.670117
-2.962091 3.191312 5.519144
-2.866813 3.266448 5.441158
-2.790692 3.307976 5.391660
-2.728837 3.327033 5.335406
-2.553446 3.435815 5.423408
-2.421893 3.406413 5.491610
-2.289352 3.347257 5.589656
-2.148851 3.379503 5.820920
-1.991317 3.314218 5.996578
-1.794308 3.132889 6.198930
-1.614498 2.875402 6.245813
-1.346077 2.366457 6.161164
-1.102073 1.898738 6.010892
-0.763860 1.365235 5.822294
-0.507670 0.919648 5.633099
-0.222114 0.472549 5.412566
0.025134 0.157657 5.253137
0.302311 -0.221415 5.044785
0.505541 -0.507647 4.880713
0.700004 -0.790693 4.710087
0.857813 -1.006107 4.561253
0.916678 -1.112054 4.485373
1.106604 -1.371996 4.323167
1.172797 -1.523499 4.244881
1.192070 -1.584925 4.233080
1.148986 -1.599617 4.231450
1.012292 -1.586317 4.459052
0.801238 -1.415081 4.405141
0.569855 -1.223293 4.490768
0.294504 -0.934565 4.681151
-0.018052 -0.596180 4.945458
-0.329878 -0.169007 5.251191
-0.640413 0.361611 5.614670
-0.929917 0.841179 5.911109
-1.246073 1.266733 6.202025
-1.566078 1.632931 6.444245
-1.900601 1.893962 6.635643
-2.088701 2.074912 6.768790
-2.333582 2.252736 6.902420
-2.550966 2.424369 6.991245
-2.682907 2.525340 6.999904
-2.807266 2.621789 6.920665
-2.913183 2.735207 6.824884
-2.980155 2.850939 6.619211
-2.998640 2.965989 6.406337
-3.000939 3.046879 6.238230
-3.028231 3.221708 6.079157
-3.070641 3.321400 5.963744
-3.060851 3.213807 5.732225
-3.001275 3.209476 5.587987
-2.915758 3.283165 5.537954
-2.814116 3.314704 5.476901
-2.724246 3.361142 5.489633
-2.656382 3.392663 5.508506
-2.574815 3.389267 5.539326
-2.471308 3.376131 5.653954
-2.330273 3.369467 5.794612
-2.204586 3.368980 6.100950
-2.050068 3.347867 6.290365
-1.938579 3.385497 6.377969
-1.772825 3.402546 6.577080
-1.600542 3.325991 6.688167
-1.391720 3.130087 6.741110
-1.175529 2.909026 6.699142
-0.929228 2.644992 6.633877
-0.674431 2.351451 6.506514
-0.141040 1.768718 6.238661
0.280696 1.282399 5.957950
0.510737 1.038005 5.796906
0.740493 0.825830 5.674178
1.008320 0.583756 5.529471
1.127062 0.428526 5.430772
1.194670 0.316473 5.372291
1.204380 0.271645 5.339515
1.242815 0.258542 5.350079
1.226055 0.309424 5.373350
1.122246 0.377700 5.433661
0.880252 0.571363 5.587439
0.869450 0.593331 5.593001
0.811513 0.648656 5.646510
0.592448 0.911876 5.823735
0.326568 1.195680 6.001470
0.098583 1.443397 6.154205
0.098583 1.443397 6.154205
-0.171915 1.692770 6.357942
-0.482414 2.022716 6.578205
-0.762178 2.270033 6.743076
-0.940805 2.396162 6.850128
-1.140132 2.505410 6.933999
-1.302717 2.620153 7.009381
-1.505394 2.699421 7.057301
-1.653112 2.758808 7.114056
-1.823899 2.908506 7.212321
-2.108555 2.879353 7.232732
-2.287030 2.876805 7.237828
-2.433398 2.911595 7.249257
-2.574338 2.941874 7.265428
-2.689311 2.944549 7.267077
-2.756004 2.969458 7.230854
-2.805052 2.997483 7.164197
-2.854780 3.003316 7.107010
-2.868181 3.038061 7.018030
-2.929912 3.062728 6.897649
-2.937982 3.093390 6.799207
-2.934408 3.114776 6.702578
-2.876641 3.152794 6.611073
-2.819382 3.168268 6.564067
-2.731668 3.143435 6.456154
-2.678813 3.171356 6.451015
-2.613482 3.209209 6.471005
-2.544400 3.181779 6.488358
-2.535771 3.176292 6.500860
-2.367697 3.198855 6.646316
-2.367697 3.198855 6.646316
-2.170635 3.203361 6.891058
-2.137653 3.217682 6.925158
-2.104121 3.221429 6.954484
-2.104121 3.221429 6.954484
-1.965707 3.249239 7.077332
-1.654291 3.066873 7.044817
-1.450369 2.902076 6.974678
-1.418497 2.867762 6.976571
-1.183810 2.657321 6.859160
-0.977745 2.472227 6.743557
-0.665550 2.180602 6.602211
-0.393144 1.919861 6.425553
-0.104908 1.662800 6.291655
0.130633 1.420112 6.272150
0.234161 1.286385 6.243400
0.474285 1.172568 5.943763
0.596980 1.062102 5.847137
0.704643 0.943628 5.762562
0.900050 0.756193 5.645928
1.038307 0.667366 5.596488
1.106695 0.576203 5.546779
1.104242 0.547887 5.562986
1.094992 0.539046 5.540226
1.003053 0.563818 5.575116
0.986637 0.564681 5.573698
0.882625 0.627497 5.633851
0.717194 0.749749 5.720164
0.510469 0.929764 5.869069
0.238844 1.182646 6.033982
-0.020003 1.428308 6.192860
-0.177260 1.630129 6.333282
-0.369815 1.814650 6.448732
-0.607674 2.067905 6.581187
-0.842076 2.260441 6.733827
-1.032261 2.403651 6.857144
-1.110654 2.459417 6.894673
-1.144259 2.485223 6.922916
-1.322595 2.574216 6.982394
-1.579917 2.701745 7.079991
-1.801838 2.775193 7.144223
-1.801838 2.775193 7.144223
-2.055375 2.818330 7.185607
-2.348224 2.921122 7.250541
-2.348224 2.921122 7.250541
-2.543941 2.884869 7.236585
-2.768823 2.911373 7.254756
-2.768823 2.911373 7.254756
-2.915699 2.907384 7.199337
-3.019567 2.964068 7.162124
-3.104139 2.980991 7.013942
-3.257850 3.040185 6.745034
-3.261272 3.057965 6.651541
-3.264292 3.084775 6.551898
-3.230243 3.103602 6.503084
-3.173994 3.137542 6.447019
-3.084711 3.155117 6.405304
-2.987407 3.153388 6.517824
-2.894958 3.174327 6.495851
-2.758989 3.223940 6.432932
-2.671696 3.309965 6.379657
-2.585214 3.278687 6.386871
-2.567534 3.278509 6.377241
-2.540009 3.264806 6.382035
-2.389472 3.251713 6.519504
-2.389472 3.251713 6.519504
-2.245511 3.188828 6.543125
-2.115732 3.153113 6.625214
-2.005721 3.156200 6.791722
-2.005721 3.156200 6.791722
-1.903789 3.201061 6.923559
-1.618922 3.132126 7.057081
-1.453272 3.047122 7.006923
-1.215617 2.972130 7.002606
-1.014119 2.803055 6.909951
-0.798935 2.601661 6.819765
-0.637865 2.466356 6.715485
-0.381837 2.281850 6.625872
-0.153425 2.073076 6.431348
0.036059 1.896783 6.279778
0.200641 1.761568 6.212461
0.382991 1.639276 6.140020
0.514549 1.572216 6.112977
0.672505 1.509104 6.067584
0.703846 1.486625 6.059858
0.734769 1.471557 6.064304
0.846124 1.414909 6.044711
1.053131 1.323830 5.987152
1.224136 1.280688 5.937752
1.304397 1.217429 5.896684
1.229674 1.325174 5.998596
0.999744 1.503979 6.123908
0.709739 1.735258 6.276474
0.316502 2.106567 6.529898
-0.010377 2.429218 6.741953
-0.136985 2.531941 6.835819
-0.596118 2.827572 7.035068
-0.696865 2.844232 7.066942
-1.187978 2.994008 7.198172
-1.466897 3.043596 7.259926
-1.803080 3.074953 7.291388
-2.108378 3.062063 7.307495
-2.361950 3.079410 7.241917
-2.596611 3.087329 7.147315
-2.826434 3.079216 7.041726
-2.971449 3.077913 6.971462
-3.086546 3.085769 6.906352
-3.087852 3.095437 6.856197
-3.062155 3.095638 6.818046
-2.943821 3.125571 6.884432
-2.859108 3.099157 7.075647
-2.744154 3.094021 7.082914
-2.498917 3.146221 7.134125
-2.350466 3.162866 7.149474
-2.182753 3.177094 7.177177
-1.929236 3.225706 7.242781
-1.729167 3.249921 7.282124
-1.493868 3.284521 7.288073
-1.024552 3.359970 7.334183
-0.676722 3.464698 7.384720
-0.397844 3.450513 7.338426
-0.103909 3.250274 7.221567
0.159255 3.146044 6.997933
0.514187 2.999408 6.867955
0.716038 2.938685 6.860592
0.904261 2.879567 6.853952
0.995180 2.920488 6.911302
1.056017 2.995735 6.979945
1.023183 3.111775 7.204344
0.929994 3.267816 7.374567
0.786834 3.374288 7.412515
0.529510 3.446048 7.409308
0.304816 3.489665 7.427388
-0.049659 3.499270 7.299506
-0.324566 3.497457 7.229725
-0.693855 3.450263 7.273271
-1.011190 3.403101 7.309001
-1.282295 3.376253 7.326243
-1.461027 3.335760 7.338281
-1.754014 3.296780 7.343782
-2.034645 3.259332 7.338323
-2.352499 3.383138 7.378650
-2.584575 3.264398 7.300840
-2.772218 3.064366 7.184179
-2.797138 3.053368 7.153041
-2.872837 3.066259 7.155793
-2.831229 3.085379 7.151672
-2.774551 3.098121 7.197462
-2.677643 3.105011 7.216588
-2.516310 3.138063 7.245240
-2.373265 3.151320 7.273111
-2.173975 3.177508 7.265833
-1.974703 3.375792 7.391162
-1.690092 3.444949 7.386178
-1.331518 3.262203 7.276784
-0.980460 3.326840 7.298749
-0.712611 3.400891 7.342327
-0.479149 3.468092 7.360973
-0.241196 3.524341 7.397639
0.007404 3.596888 7.422875
0.204469 3.638423 7.438564
0.450215 3.694555 7.453868
0.614061 3.720227 7.473190
0.779236 3.750306 7.484860
0.855178 3.769909 7.491486
0.861076 3.792734 7.489794
0.846294 3.770802 7.480515
0.747546 3.764006 7.486929
0.592500 3.752922 7.474128
0.381365 3.718532 7.477190
0.202046 3.672513 7.445662
-0.143034 3.623239 7.447501
-0.426502 3.579625 7.435529
-0.704975 3.511651 7.409965
-0.989235 3.466058 7.400914
-1.204094 3.420665 7.385320
-1.449289 3.368293 7.378343
-1.708280 3.322571 7.358842
-1.886708 3.289443 7.367818
-2.061937 3.255028 7.336468
-2.242198 3.230798 7.326148
-2.385526 3.191637 7.296606
-2.514446 3.166815 7.298411
-2.561267 3.153878 7.300129
-2.615066 3.141729 7.283787
-2.636417 3.137558 7.281077
-2.663501 3.122381 7.285468
-2.603022 3.128325 7.255824
-2.566444 3.141626 7.282729
-2.496513 3.143294 7.268827
-2.424623 3.162737 7.293631
-2.271083 3.167680 7.287330
-2.165652 3.204019 7.295998
-1.999378 3.225391 7.284921
-1.854935 3.240948 7.291086
-1.644459 3.283363 7.311161
-1.446770 3.315890 7.308010
-1.216282 3.358372 7.346680
-1.025090 3.389359 7.344925
-0.809646 3.424451 7.335045
-0.591091 3.465167 7.377929
-0.421842 3.509590 7.382702
-0.232070 3.513365 7.388239
-0.052120 3.561734 7.391009
0.084988 3.589973 7.415682
0.215884 3.618370 7.422361
0.385246 3.659918 7.441512
0.515704 3.675562 7.456001
0.616751 3.712488 7.460108
0.658746 3.713400 7.463122
0.701670 3.848884 7.524075
0.724365 3.751980 7.459495
0.734893 3.698878 7.416862
0.716436 3.707762 7.425434
0.644854 3.718993 7.450654
0.562593 3.690111 7.436257
0.432586 3.691355 7.441998
0.421802 3.683514 7.422988
0.286278 3.678893 7.432379
0.163322 3.635713 7.421543
0.130086 3.627764 7.435804
-0.027868 3.626021 7.403725
-0.341760 3.539164 7.397107
-0.408727 3.540721 7.403288
-0.752938 3.669826 7.512456
-0.922376 3.613772 7.464999
-0.938873 3.589601 7.437803
-1.066736 3.352484 7.410941
-1.223120 3.279381 7.503355
-1.223120 3.279381 7.503355
-1.428592 3.247003 7.482706
-1.708218 3.267949 7.220372
-1.845724 3.263370 7.232530
-2.032748 3.233669 7.254505
-2.139341 3.210217 7.166747
-2.179871 3.220745 7.173999
-2.176587 3.220647 7.159943
-2.203525 3.214048 7.172767
-2.220281 3.202442 7.180031
-2.270777 3.187957 7.194610
-2.275170 3.180875 7.225688
-2.256113 3.177056 7.227096
-2.231770 3.171740 7.238151
-2.193570 3.167023 7.235006
-2.148762 3.194023 7.266294
-2.072269 3.205884 7.274460
-1.956576 3.224564 7.282286
-1.838268 3.235187 7.284428
-1.712648 3.262047 7.297362
-1.712648 3.262047 7.297362
-1.535824 3.286604 7.296057
-1.535824 3.286604 7.296057
-1.375721 3.462842 7.403255
-1.147658 3.336438 7.306824
-0.899206 3.347947 7.314949
-0.899206 3.347947 7.314949
-0.531803 3.438927 7.343430
-0.332753 3.490883 7.365978
-0.279495 3.506981 7.364731
-0.044382 3.521718 7.560115
0.090405 3.554980 7.540250
0.196672 3.620971 7.413436
0.292370 3.656718 7.386612
0.369297 3.656283 7.350041
0.412744 3.647366 7.384533
0.443640 3.659182 7.365359
0.551063 3.690558 7.414245
0.582134 3.713112 7.428645
0.582134 3.713112 7.428645
0.619642 3.711996 7.431045
0.635074 3.693490 7.530131
0.601986 3.682068 7.614541
0.511721 3.664320 7.599958
0.454770 3.669026 7.491361
0.343282 3.699928 7.346113
0.237248 3.669458 7.319033
0.052015 3.638171 7.322510
-0.091050 3.617771 7.342231
-0.219360 3.592964 7.351982
-0.387743 3.551243 7.348420
-0.514827 3.522443 7.338983
-0.685989 3.490914 7.357152
-0.853095 3.629631 7.460447
-0.967139 3.493325 7.383230
-1.169112 3.356359 7.309297
-1.292891 3.337196 7.307481
-1.403235 3.325938 7.310568
-1.504286 3.316777 7.293468
-1.613006 3.284364 7.311934
-1.745302 3.261773 7.285125
-1.855418 3.234493 7.295482
-1.914528 3.234403 7.290230
-2.028853 3.213856 7.262592
-2.124397 3.191105 7.271869
-2.192241 3.180956 7.271986
-2.267370 3.185230 7.273962
-2.274044 3.172185 7.256553
-2.224788 3.217367 7.161730
-2.172614 3.217334 7.144811
-2.123944 3.221492 7.141004
-2.042568 3.229102 7.197804
-1.911198 3.233540 7.219268
-1.742727 3.277619 7.238670
-1.529781 3.308477 7.256599
-1.333203 3.330506 7.277184
-0.956355 3.411588 7.314565
-0.700657 3.485308 7.354182
-0.506833 3.557809 7.379144
-0.300059 3.492701 7.496234
-0.104637 3.518701 7.397718
0.139603 3.582896 7.362369
0.297910 3.631271 7.374619
0.442430 3.667016 7.411237
0.571148 3.691992 7.440051
0.670384 3.715566 7.429876
0.752272 3.720269 7.443748
0.752272 3.720269 7.443748
0.827176 3.745840 7.453231
0.812794 3.767482 7.477782
0.816692 3.749985 7.464450
0.669344 3.715295 7.447215
0.512258 3.700577 7.428678
0.339376 3.679180 7.415418
0.176181 3.646458 7.393700
-0.050642 3.597176 7.382505
-0.303651 3.562009 7.369724
-0.555746 3.510389 7.355472
-0.803400 3.483547 7.331665
-1.020026 3.429314 7.299703
-1.259877 3.412155 7.244266
-1.496656 3.390094 7.091148
-1.798307 3.406921 6.730196
-2.012634 3.419765 6.361668
-2.196393 3.446048 6.027975
-2.323750 3.494009 5.636888
-2.356613 3.536291 5.227931
-2.330352 3.599351 4.907883
-2.322123 3.638244 4.722259
-2.240657 3.697985 4.412740
-2.152335 3.791841 4.052047
-2.146057 3.779529 3.994534
-2.134403 3.773613 3.946089
-1.913568 3.828428 3.395109
-1.741975 3.754703 3.117745
-1.534423 3.584022 2.877846
-1.349189 3.374467 2.634247
-1.131386 3.104384 2.384107
-0.882056 2.786866 2.146364
-0.635023 2.450817 1.900041
-0.405365 2.065283 1.612444
-0.306376 1.961629 1.492917
0.039550 1.584295 0.706207
0.241110 1.322061 0.041392
0.417522 1.081761 -0.460304
0.612844 0.760361 -0.947721
0.755534 0.429553 -1.397705
0.920138 0.143519 -1.737533
1.062521 -0.063529 -2.027266
1.130801 -0.173404 -2.152602
1.264427 -0.381752 -2.453496
1.307620 -0.450013 -2.537273
1.494024 -0.730544 -2.984926
1.663459 -0.980657 -3.439410
1.791902 -1.280093 -3.879222
1.894609 -1.478492 -4.255939
1.981571 -1.680291 -4.636380
2.032091 -1.862361 -4.941834
1.902042 -2.268711 -5.551127
1.491482 -2.636925 -6.012574
1.127492 -2.741511 -6.223680
0.787936 -2.795382 -6.337163
0.407396 -2.629999 -6.281747
-0.012202 -2.383015 -6.213538
-0.435143 -2.069365 -5.998744
-0.817006 -1.746508 -5.821656
-1.279136 -1.395302 -5.635902
-1.722457 -1.092808 -5.405651
-2.092492 -0.745622 -5.183713
-2.571100 -0.165423 -4.841249
-2.927282 0.354791 -4.564139
-3.318403 0.816183 -4.170702
-3.609284 1.218647 -3.902990
-3.723856 1.667371 -3.613412
-3.671995 2.113093 -3.314505
-3.501720 2.521317 -3.027501
-3.352588 2.758141 -2.705603
-2.953710 2.788683 -2.594371
-2.476168 2.568708 -2.546690
-2.052122 2.336717 -2.496136
-1.577623 2.054601 -2.581865
-0.998724 1.594857 -2.756882
-0.454462 1.076767 -3.041975
0.100541 0.425867 -3.387695
0.695680 -0.311379 -3.720199
1.220500 -1.045271 -4.040271
1.599398 -1.560157 -4.266531
1.990261 -2.027883 -4.446228
2.373410 -2.351914 -4.472780
2.711078 -2.503610 -4.509871
2.772275 -2.533298 -4.520110
3.199015 -2.707408 -4.563032
3.289357 -2.788060 -4.602415
3.407106 -2.866742 -4.702812
3.425937 -2.907725 -4.925584
3.428780 -2.877301 -5.244640
3.383754 -2.872688 -5.683499
3.195747 -3.058652 -6.152487
2.985293 -3.254951 -6.478730
2.661003 -3.459382 -6.811677
2.305673 -3.545715 -7.057809
1.934245 -3.682036 -7.229037
1.427757 -3.744907 -7.420753
0.780966 -3.451782 -7.349657
0.382036 -3.104757 -7.107590
-0.333188 -2.333676 -6.609832
-1.323438 -1.401319 -6.090046
-2.222612 -0.489987 -5.462609
-2.736449 0.052198 -5.086630
-3.253659 0.718228 -4.625674
-3.621841 1.270576 -4.218258
-3.791217 1.707462 -3.940749
-3.797809 2.110965 -3.659970
-3.657218 2.201508 -3.629303
-3.546473 2.292448 -3.591502
-3.439622 2.339035 -3.595512
-3.314085 2.343459 -3.618180
-2.737026 2.144499 -3.776746
-2.132137 1.818411 -4.082305
-1.617707 1.507729 -4.346177
-1.118329 1.166926 -4.651856
-0.505997 0.658032 -5.091712
0.117651 0.150800 -5.546203
0.680711 -0.303691 -5.976602
1.240379 -0.777748 -6.393530
1.764450 -1.166204 -6.750332
2.120500 -1.377216 -6.953160
2.427839 -1.566933 -7.148914
2.724443 -1.690571 -7.302263
3.032922 -1.782541 -7.410539
3.299111 -1.891081 -7.588274
3.495370 -1.911264 -7.660659
3.623970 -1.926499 -7.752665
3.705343 -1.952007 -7.794481
3.788597 -1.976717 -7.877648
3.782410 -1.970880 -7.975603
3.780922 -1.970417 -8.060718
3.714160 -1.995042 -8.163709
3.656536 -1.980539 -8.259438
3.574399 -2.083818 -8.438345
3.420100 -2.034325 -8.462476
3.219966 -1.999039 -8.487991
3.052844 -2.026844 -8.554017
2.910349 -2.046976 -8.624259
2.731097 -2.069600 -8.724572
2.479303 -2.139175 -8.798188
2.305503 -2.171510 -8.880498
2.060612 -2.233676 -8.903030
1.806795 -2.293788 -8.970171
1.554555 -2.365542 -9.043184
1.384280 -2.498188 -9.192722
1.137638 -2.506792 -9.195994
0.830876 -2.523014 -9.157410
0.436053 -2.515796 -9.144405
0.120210 -2.423883 -9.051560
-0.312670 -2.251493 -8.835305
-0.801566 -2.035233 -8.499833
-1.172782 -1.753308 -8.218676
-1.629259 -1.396224 -7.847933
-1.937575 -1.089591 -7.462031
-2.266624 -0.740343 -7.041592
-2.460881 -0.493018 -6.755385
-2.622391 -0.251374 -6.494688
-2.726044 -0.029087 -6.283456
-2.761662 0.118014 -6.070647
-2.732047 0.286958 -5.881559
-2.610962 0.379348 -5.739487
-2.347912 0.420768 -5.737825
-2.011768 0.411881 -5.774824
-1.489423 0.261001 -5.988901
-1.209730 0.154754 -6.089581
-0.202494 -0.253823 -6.707212
0.123330 -0.448624 -6.924551
1.304778 -1.044728 -7.700291
1.874263 -1.237080 -7.973735
2.471675 -1.372983 -8.189771
2.560587 -1.387367 -8.247542
3.059778 -1.565374 -8.562961
3.717915 -1.408134 -8.471788
4.209176 -1.365662 -8.519758
4.595992 -1.396948 -8.516146
4.874070 -1.387886 -8.540700
4.874099 -1.406128 -8.516204
4.834523 -1.345353 -8.499574
4.679017 -1.229476 -8.486489
4.445359 -1.146692 -8.501827
4.205908 -1.166852 -8.484206
3.775149 -1.150596 -8.590307
3.410829 -1.164066 -8.701214
3.028674 -1.140653 -8.812685
2.678519 -1.122350 -8.953461
2.098770 -1.422421 -9.085943
2.030931 -1.460550 -9.115204
1.554040 -1.680366 -9.244792
1.170060 -1.783585 -9.254200
0.440942 -1.489731 -8.683065
-0.088543 -1.138874 -8.023052
-0.146067 -1.050639 -7.915366
-0.344883 -0.915652 -7.693222
-1.737714 0.620090 -5.414282
-2.103694 0.985291 -4.673556
-2.184326 1.069857 -4.521248
-2.349268 1.212356 -4.217318
-2.762766 1.602065 -3.423357
-3.718552 2.383303 -1.458020
-3.746836 2.404550 -1.384793
-3.827735 2.468696 -1.187403
-4.160395 2.773712 0.206484
-4.099798 2.798611 0.567427
-3.954382 2.804382 0.971898
-3.745955 2.787909 1.391553
-3.639405 2.754218 1.679052
-3.423812 2.708545 2.050809
-3.195517 2.723080 2.345316
-2.886808 2.751330 2.692704
-2.540138 2.717221 2.908543
-2.133881 2.633376 3.053457
-1.779954 2.355688 2.914409
-1.444663 2.071060 2.727421
-0.990184 1.678807 2.493528
-0.843208 1.565880 2.407392
-0.700657 1.453958 2.332013
-0.133778 0.957108 1.976092
1.098283 -0.180222 1.087372
1.484726 -0.679543 0.718178
1.924531 -1.307857 0.262679
2.226094 -1.835084 0.039538
2.429336 -2.331156 0.025467
2.577751 -2.795228 0.209908
2.600244 -2.846141 0.234226
2.597720 -2.932690 0.243517
2.661450 -3.251120 0.391829
2.661450 -3.251120 0.391829
2.149369 -4.033901 0.483589
2.073287 -4.067161 0.485708
1.592849 -4.348557 0.470597
0.992914 -4.585132 0.434191
0.627567 -4.639773 0.361175
0.282464 -4.567933 0.376693
-0.003182 -4.453417 0.396998
-0.318762 -4.249691 0.383869
-1.192339 -3.424765 0.491602
-2.088756 -2.587617 0.571696
-2.978152 -1.613632 0.681429
-3.738388 -0.729347 0.720104
-4.404560 0.130893 0.712163
-4.894221 0.840895 0.880826
-5.301439 1.290416 1.136191
-5.591630 1.665545 1.467791
-5.632308 2.213793 0.979748
-5.428772 2.619896 0.238898
-5.077769 2.874662 -0.148924
-4.257022 3.086081 -0.412643
-3.360359 3.162654 -0.523034
-2.373071 2.863661 -0.764677
-1.637729 2.479778 -0.785672
-0.806051 1.935162 -0.618016
-0.025364 1.343045 -0.409029
0.712363 0.618229 -0.110517
1.253758 -0.219356 0.216852
1.751735 -1.059499 0.459166
2.309797 -1.810509 0.513359
2.777250 -2.534774 0.447737
2.933368 -3.147442 1.066062
2.940149 -3.570715 1.527317
2.945561 -3.902611 1.593348
2.856626 -4.177134 1.623479
2.450493 -4.339427 1.751821
1.749296 -4.319106 1.909942
1.024607 -3.826518 2.406800
0.249985 -3.159993 2.810465
-0.646126 -2.489116 3.279190
-1.540122 -1.781731 3.768936
-2.557450 -1.000531 4.297727
-3.390104 -0.207646 4.813479
-3.587589 0.024611 4.969678
-4.424421 0.961642 5.113346
-4.692770 1.356203 4.687658
-4.949318 1.758813 4.275362
-5.112383 2.042625 3.755576
-5.263132 2.544579 3.174119
-5.291257 2.733048 2.808483
-5.307527 2.784618 2.639756
-5.084921 2.959220 2.338101
-5.067014 2.983814 2.322887
-5.041102 3.029404 2.273531
-4.900209 3.135230 2.351003
-4.580461 3.255690 2.756502
-4.204982 3.404467 2.394641
-3.898542 3.399614 1.912160
-3.539707 3.188380 1.483352
-3.490894 3.097828 1.402738
-3.338692 2.900886 1.317219
-2.949380 2.419239 1.134049
-2.420726 1.828472 1.026642
-1.944536 1.347336 1.083821
-1.409618 0.718878 1.218541
-1.026024 0.273570 1.322918
-0.944963 0.201335 1.351762
-0.456032 -0.185553 1.396590
0.001729 -0.517501 1.463925
0.496487 -0.958799 1.493165
0.795364 -1.221318 1.665874
1.110375 -1.511750 2.197508
1.478547 -1.800761 2.781068
1.806936 -1.978759 3.124954
1.806936 -1.978759 3.124954
2.134317 -2.132941 3.228820
2.380526 -2.258102 3.258193
2.564546 -2.414702 3.255540
2.579244 -2.574110 3.253285
2.408059 -2.688627 3.200154
2.194452 -2.781338 3.181404
1.791143 -2.835947 3.159045
1.367090 -2.829319 3.215939
0.942940 -2.802711 3.273248
0.389492 -2.729487 3.313735
-0.153320 -2.598542 3.434299
-0.752050 -2.428869 3.598395
-1.348884 -2.187461 3.847004
-1.989815 -1.895551 4.111142
-2.701545 -1.557813 4.496132
-3.326043 -1.144180 4.853862
-3.848115 -0.633388 5.263679
-4.756562 0.328529 6.093697
-5.099377 0.726403 6.419295
-5.189283 0.826095 6.509631
-5.651348 1.330952 6.930404
-5.930279 1.796197 6.720674
-5.998969 2.111941 6.175057
-6.034148 2.401545 5.580361
-6.031513 2.644233 5.027414
-6.003805 2.822133 4.581293
-5.955061 2.994247 4.169337
-5.926294 3.099128 3.818516
-5.650335 3.199875 3.722966
-5.008245 3.081594 3.570575
-4.142993 2.619145 3.344563
-2.958933 1.839126 3.129380
-1.906498 1.074086 3.041973
-0.686305 0.193142 3.061924
0.355358 -0.637401 3.261246
1.320334 -1.381970 3.305991
2.178841 -2.093009 3.286077
2.726581 -2.637055 3.174182
3.386209 -3.408848 2.908699
3.508967 -3.854383 2.690730
3.308431 -4.086779 2.633529
2.935430 -4.185825 2.544065
2.809875 -4.207931 2.521404
2.211323 -4.286022 2.479496
1.579834 -4.237926 2.501870
1.402366 -4.191477 2.540569
-0.106705 -3.604614 3.031323
-1.198356 -2.923384 3.491259
-1.947138 -2.307761 3.946128
-3.046852 -1.305600 4.694054
-3.805873 -0.430710 5.373545
-3.972163 -0.220089 5.555497
-4.396301 0.304700 5.923572
-5.042044 1.021380 6.471296
-5.194658 1.180029 6.582648
-5.471922 1.428021 6.799088
-5.714399 1.699733 7.013612
-5.884401 1.969683 7.188835
-5.951586 2.140752 7.277116
-6.086853 2.244132 7.340203
-6.175110 2.338234 6.965330
-6.190044 2.408580 6.846153
-6.166474 2.767101 6.239882
-6.169505 2.819303 6.095490
-6.134390 2.989445 5.641619
-6.168121 3.283999 5.465527
-5.579476 3.176383 4.941525
-4.831612 3.053374 4.889720
-3.608003 2.555423 4.789970
-2.457657 1.866621 4.762377
-1.234185 0.962834 4.765913
-0.326430 0.262671 4.719429
0.372718 -0.383897 4.623451
1.294947 -1.320535 4.343106
1.754371 -1.886807 4.116701
2.131793 -2.378751 3.877014
2.433080 -2.812602 3.667567
2.489122 -2.869510 3.648332
2.588251 -2.949327 3.596484
2.941578 -3.337649 3.435805
3.134587 -3.552674 3.318416
3.079290 -3.714885 3.237030
2.986091 -3.950104 3.054485
2.773651 -4.124065 2.948820
2.361895 -4.241299 2.861968
2.180673 -4.203289 2.842901
1.038744 -3.932238 3.010735
1.038744 -3.932238 3.010735
-0.509787 -3.033697 3.555695
-1.625757 -2.152951 4.131280
-2.577669 -1.285399 4.606489
-2.999118 -0.898333 4.850020
-4.250941 0.376136 5.641213
-4.500627 0.714736 5.857713
-4.962276 1.279292 6.236594
-5.754891 2.099162 6.692238
-5.844079 2.181364 6.734874
-5.916528 2.576768 6.986062
-5.983244 2.890890 7.046379
-6.048070 3.072287 7.128770
-6.091052 3.203171 7.192422
-6.151110 3.448046 7.209650
-5.841475 3.835839 7.071933
-5.108145 4.212132 6.960978
-4.959279 4.290293 6.894727
-4.064050 4.429703 6.768998
-3.203679 4.337745 6.741090
-2.818943 4.238115 6.667624
0.095187 2.036318 5.651617
1.018201 0.545935 5.157230
1.847057 -0.848462 4.708901
2.350191 -1.712417 4.375322
2.888073 -2.546375 4.127837
3.281660 -3.076829 3.989958
3.447484 -3.624586 3.804677
3.244894 -3.926227 3.709542
2.878891 -4.086720 3.560790
2.084668 -4.130738 3.497443
1.135283 -3.926190 3.541751
0.279547 -3.483151 3.782679
-0.748525 -2.785790 3.896338
-1.749207 -1.933154 4.230052
-2.735971 -0.922304 4.701824
-3.427374 0.128724 5.169486
-3.944320 1.108969 5.662258
-4.430033 1.827819 6.004475
-4.732564 2.255457 6.279195
-5.145858 2.682523 6.554716
-5.588263 2.895691 6.747183
-5.697705 3.112801 6.833433
-5.709104 3.170574 6.901523
-5.785925 3.290105 6.967579
-5.895493 3.414674 7.056437
-5.948392 3.484870 7.125908
-5.986857 3.630407 7.183246
-5.970212 3.597862 7.171274
-5.966471 3.676748 6.879542
-5.466017 3.827901 6.629720
-4.601802 3.902299 6.448473
-3.459336 3.937705 6.277018
-2.347072 3.706413 6.044121
-1.490490 3.322524 5.779598
-0.529149 2.764648 5.569008
0.696194 1.561453 5.311426
1.339590 0.736164 5.321115
2.022467 0.060416 5.000591
2.494736 -0.622518 4.751196
2.831028 -1.192264 4.529600
2.919368 -1.369728 4.494887
3.004069 -2.265577 4.077495
2.790049 -2.748137 3.838572
2.356960 -3.078032 3.678437
1.733876 -3.255201 3.534711
1.008856 -3.283027 3.479213
0.185573 -3.120016 3.533735
-0.734414 -2.767583 3.711268
-1.618330 -2.314042 3.949693
-2.568912 -1.750480 4.315659
-3.318679 -1.139304 4.581024
-3.893437 -0.454217 4.965660
-4.370059 0.275965 5.364216
-4.822186 1.072399 5.835513
-5.219054 1.763248 6.201264
-5.478864 2.239863 6.583683
-5.663818 2.570570 6.636185
-5.670250 3.003293 6.650811
-5.548928 3.538277 6.693883
-5.437014 3.969150 6.753516
-5.424058 4.106683 6.789563
-5.488034 4.040838 6.793137
-5.336456 3.949991 6.614765
-4.713611 3.903616 6.241872
-4.487318 3.898656 6.115978
-4.385444 3.865586 6.054767
-4.385444 3.865586 6.054767
-3.017933 3.184209 5.473705
-0.123112 0.977523 5.014459
-0.033995 0.893487 5.010488
0.878188 0.105686 4.964256
1.834843 -0.945843 4.783379
2.213592 -1.461295 4.696102
2.331844 -1.871745 4.456612
2.235460 -2.219816 4.231589
1.959060 -2.425206 4.069264
1.521466 -2.585489 3.899993
1.043146 -2.631380 3.828058
0.325314 -2.511621 3.839949
-0.398323 -2.304924 3.875779
-1.213221 -2.017414 4.014268
-2.120922 -1.613958 4.227083
-2.821742 -1.219514 4.476355
-3.470297 -0.697754 4.725022
-3.758708 -0.415136 4.906832
-4.315741 0.273011 5.290222
-4.815582 1.175927 5.818969
-5.081045 1.823811 6.162956
-5.121927 2.657209 6.303445
-5.087123 3.307636 6.420043
-5.091378 3.432191 6.477160
-5.305800 3.676160 6.757393
-5.287036 3.940636 6.760335
-5.134315 4.318235 6.799220
-5.162173 4.086524 6.700802
-5.122781 3.362166 6.496855
-4.775192 2.709233 6.270621
-3.641191 1.695517 5.867870
-2.683443 1.077120 5.673578
-1.899676 0.467116 5.472368
-1.264063 0.004308 5.299886
-0.199722 -0.610970 5.201839
0.459753 -1.096141 4.965550
0.783015 -1.596682 4.728519
1.126414 -1.964994 4.558261
1.350689 -2.357910 4.309845
1.370554 -2.419376 4.261853
1.213345 -2.640856 4.004361
0.899215 -2.661894 3.960560
0.409445 -2.690976 3.835538
-0.062948 -2.585970 3.844751
-0.652887 -2.179686 3.983463
-1.268210 -1.859246 4.104883
-1.408386 -1.778302 4.174961
-2.749865 -1.149650 4.486409
-3.343657 -0.643635 4.749637
-3.983919 0.146970 5.195956
-4.653714 1.057432 5.757219
-4.962475 1.694674 5.963033
-5.172806 2.216239 6.237136
-5.295904 2.630180 6.411330
-5.457705 2.954070 6.586812
-5.534130 3.211448 6.727676
-5.590439 3.346951 6.796722
-5.567879 3.516038 6.806225
-5.471096 3.568844 6.826756
-5.456653 3.944334 6.943320
-5.389316 3.951470 6.793837
-5.028520 3.588935 6.424693
-4.545531 3.232474 6.130035
-3.567635 2.429782 5.767334
-3.061651 1.990598 5.579823
-1.255394 0.319015 4.690339
-0.076392 -0.768655 4.244869
0.899211 -1.731593 3.871784
1.591501 -2.337528 3.660812
1.813378 -2.475581 3.612493
2.566905 -3.205407 3.582234
2.888831 -3.686498 3.498986
2.850794 -4.139958 3.457535
2.813316 -4.243659 3.448116
2.171529 -4.788183 3.326751
1.870344 -4.855897 3.386952
0.608352 -4.596846 3.448888
-0.338407 -4.036616 3.665129
-1.472823 -2.891315 4.151025
-2.427071 -1.539378 4.713285
-2.641929 -1.198897 4.849164
-3.682479 0.762156 5.581634
-4.122137 1.743492 5.919747
-4.528172 2.381612 6.208672
-4.696844 2.907754 6.316375
-4.881615 3.230623 6.408911
-4.923614 3.309712 6.436080
-5.119397 3.766943 6.649532
-5.228987 3.878447 6.733764
-5.279154 3.727520 6.743880
-5.353175 3.714817 6.793068
-5.373092 3.733072 6.807083
-5.398539 3.866330 6.842987
-5.432638 3.889534 6.865408
-5.406767 4.014215 6.905370
-5.390225 3.932319 6.848107
-4.495026 3.052475 6.447426
-4.085395 2.712370 6.275595
-2.226918 1.095957 5.565448
-2.008638 0.870478 5.476880
-0.487965 -0.760415 4.859401
0.386381 -1.853825 4.244517
0.848200 -2.457176 3.983717
0.997752 -2.664999 3.917025
1.368409 -3.560699 3.557478
1.299638 -3.660531 3.508905
1.037977 -3.901308 3.375151
0.661651 -4.115420 3.309134
0.152716 -4.291713 3.273659
-0.161650 -4.373923 3.339038
-1.017744 -4.197675 3.279943
-2.001596 -3.420948 3.621793
-2.094535 -3.312920 3.665042
-3.303306 -1.663966 4.368544
-3.894850 -0.467538 4.880608
-4.351452 0.700603 5.375576
-4.676664 1.464816 5.765108
-4.963601 2.151583 6.001732
-5.201456 2.613644 6.216014
-5.201456 2.613644 6.216014
-5.211100 2.719775 6.252168
-5.287790 2.911335 6.365520
-5.359887 3.080868 6.436381
-5.447177 3.349742 6.559716
-5.468593 3.501486 6.623537
-5.398351 3.642466 6.684858
-5.149099 3.776230 6.727809
-4.814561 3.903269 6.747316
-4.737293 3.915961 6.726446
-4.274619 4.018961 6.742328
-3.907278 4.042795 6.727816
-3.322283 4.076924 6.715942
-2.743395 3.878913 6.593158
-1.940447 3.544912 6.332165
-1.233375 3.057419 6.039401
-0.401250 2.308881 5.628958
0.285613 1.517920 5.273712
0.874407 0.667364 4.915200
1.410995 -0.147682 4.610367
1.911719 -0.877982 4.343987
2.410194 -1.412842 4.127905
2.859305 -1.873212 3.958603
3.300387 -2.339409 3.778239
3.300387 -2.339409 3.778239
3.604403 -2.718796 3.635460
3.786453 -3.040263 3.560221
3.901895 -3.382310 3.510852
3.998832 -3.619483 3.490536
3.780865 -3.960213 3.455769
3.294333 -4.360726 3.426008
2.835190 -4.413129 3.428038
2.144953 -4.492140 3.463185
1.503344 -4.645776 3.447382
0.698210 -4.724410 3.455092
-0.131845 -4.506215 3.558959
-0.405373 -4.379936 3.614739
-1.151382 -3.796482 3.812317
-1.798933 -3.035187 4.097307
-2.438877 -2.147758 4.397796
-3.074056 -1.111245 4.774276
-3.455909 -0.183576 5.102568
-3.731946 0.654530 5.376874
-4.217720 1.786531 5.766137
-4.441544 2.285230 5.922649
-4.478993 2.436059 5.952138
-4.754826 3.089733 6.152292
-4.830636 3.233202 6.210047
-4.845153 3.320462 6.232086
-5.056960 3.674574 6.426079
-5.123153 3.753740 6.456023
-5.215330 3.839121 6.542798
-5.198891 3.880624 6.573549
-5.210850 3.891682 6.572250
-5.262317 3.980176 6.298794
-5.247815 3.969584 6.251509
-5.229288 4.117370 5.850111
-5.227764 4.082464 5.665469
-5.248273 4.059753 5.580091
-5.176986 3.851805 5.299621
-4.987946 3.539433 4.988789
-4.658206 3.215819 4.711163
-3.998392 2.511768 4.327640
-3.358244 1.961286 4.001763
-2.716343 1.369739 3.583302
-1.388849 0.142715 3.010821
-0.124967 -1.317618 2.778738
0.560181 -2.095681 2.864733
1.242868 -2.741340 2.981203
1.578490 -3.134285 3.074465
1.924737 -3.656413 3.102079
1.979639 -3.855939 3.110770
1.893136 -3.783077 3.153333
1.433200 -3.880571 3.209369
0.902928 -3.989464 2.970004
0.277589 -4.077510 2.908259
-0.359724 -4.163865 2.865741
-0.475507 -4.190245 2.851029
-0.904230 -4.197955 2.841311
-1.590272 -4.091593 2.962153
-2.816726 -3.759032 3.326521
-3.492380 -2.925321 3.748079
-3.935609 -1.811365 4.265212
-4.344434 -0.418287 4.823445
-4.392627 -0.241682 4.920639
-4.491749 0.033968 5.043106
-4.975834 1.946355 5.762073
-5.019126 2.122510 5.789629
-5.146710 2.609815 5.682790
-5.226377 2.913285 5.447656
-5.340973 3.110129 5.147385
-5.319962 3.341140 4.618243
-5.196406 3.450908 4.265138
-5.192882 3.475178 4.229104
-5.070287 3.627351 3.895283
-4.852824 3.677241 3.498898
-4.662999 3.630093 3.250462
-4.077444 3.432480 2.644675
-3.327298 2.945128 2.125890
-3.327298 2.945128 2.125890
-2.764331 2.396389 1.769913
-2.221410 1.778310 1.411142
-1.710174 1.182017 1.126776
-1.123040 0.608898 0.880295
-0.187173 -0.326202 0.550110
0.424640 -0.968332 0.303841
0.424640 -0.968332 0.303841
1.166602 -1.712444 -0.025266
1.752110 -2.216809 -0.292280
2.295974 -2.627848 -0.426436
2.843306 -2.962170 -0.398875
3.270444 -3.194545 -0.229321
3.528411 -3.365722 -0.196165
3.808219 -3.539602 -0.220693
3.808219 -3.539602 -0.220693
4.048789 -3.705138 -0.096397
4.174352 -3.834714 0.345693
4.194189 -3.938673 0.786981
4.063303 -4.078268 1.315474
3.875260 -4.162520 1.616735
3.572406 -4.284148 1.898990
3.270026 -4.393239 2.036692
2.804550 -4.519186 2.215430
2.344219 -4.612759 2.353978
1.847192 -4.710392 2.460741
1.321826 -4.771244 2.557831
1.321826 -4.771244 2.557831
0.782794 -4.851476 2.630677
0.184623 -4.908539 2.712590
-0.483865 -4.990828 2.733857
-0.483865 -4.990828 2.733857
-0.993373 -5.000546 2.851520
-1.568417 -4.912874 2.856873
-2.147905 -4.655849 2.942681
-2.647421 -4.334455 2.960629
-2.647421 -4.334455 2.960629
-3.095324 -3.723020 2.846774
-3.468248 -3.152901 2.630279
-3.834107 -2.474053 2.266228
-4.101683 -1.768961 1.910220
-4.314748 -1.043902 1.574453
-4.431500 -0.595301 1.358389
-4.770484 0.753812 0.818242
-5.119955 2.294869 0.597435
-4.631969 3.048954 0.188437
-4.468213 3.345321 -1.076001
-4.427333 3.316752 -1.239084
-4.595323 2.969096 -1.633007
-4.598260 2.283399 -2.153826
-4.558115 2.181102 -2.227453
-4.288440 1.574476 -2.648685
-4.009066 1.036326 -3.029896
-3.534073 0.554123 -3.366708
-2.394900 -0.416962 -4.119206
-0.833473 -1.586175 -4.461492
-0.045676 -2.158956 -4.714055
0.780302 -2.844699 -4.691019
1.204309 -3.330140 -4.192670
1.401802 -3.841302 -3.818851
1.692942 -4.154363 -3.185276
1.830151 -4.236814 -2.387230
1.539698 -4.145100 -1.667368
1.247645 -4.273838 -0.961094
0.891701 -4.399261 -0.749848
0.407903 -4.521298 -0.914846
-0.043855 -4.621704 -1.007562
-0.433870 -4.654833 -0.445580
-0.895301 -4.529785 0.269228
-1.292343 -4.383852 0.499057
-1.768811 -4.007421 0.577561
-2.572640 -3.306579 0.216001
-2.762996 -3.114763 0.073199
-3.525251 -2.296259 -0.571579
-3.595227 -2.161045 -0.675312
-3.926082 -1.675639 -0.903540
-3.962049 -1.590136 -0.896810
-4.167931 -1.183776 -0.889357
-4.400645 -0.293179 -1.796561
-4.630621 0.980683 -2.641772
-4.372249 1.401004 -3.019733
-3.610287 1.665327 -3.125610
-3.390637 1.737545 -3.130206
-2.721766 1.668235 -3.267534
-2.195563 1.487835 -3.417409
-2.101493 1.417527 -3.459361
-1.449229 1.032397 -3.690599
-0.868011 0.614948 -3.914868
-0.224431 0.151291 -4.162662
0.377003 -0.273921 -4.337079
1.160357 -0.884850 -4.650472
1.792965 -1.457009 -4.929178
2.425125 -1.988321 -5.158723
3.023093 -2.448328 -5.362445
3.551259 -2.817125 -5.542841
3.925415 -3.106970 -5.699232
4.218307 -3.345421 -5.827443
4.460720 -3.487289 -5.910431
4.711839 -3.584198 -6.043619
4.936491 -3.643626 -6.194743
5.073764 -3.639793 -6.323034
5.215675 -3.635856 -6.434161
5.339476 -3.673091 -6.474670
5.369618 -3.672462 -6.515141
5.268826 -3.734023 -6.537679
5.100479 -3.795702 -6.475992
4.842506 -3.915837 -6.372910
4.335273 -4.148971 -6.206061
3.757857 -4.384384 -5.948681
3.267602 -4.565989 -5.774522
2.688129 -4.705889 -5.610371
1.994897 -4.831487 -5.529018
1.327781 -4.845360 -5.438792
-1.005857 -3.723035 -4.639008
-2.368664 -1.915518 -3.793121
-3.181294 -0.418364 -3.418322
-3.687713 0.742445 -3.108068
-3.843112 1.078321 -3.010386
-4.092011 1.548108 -2.944037
-4.174530 1.711248 -2.895558
-4.529978 2.482919 -2.697564
-4.681350 2.756716 -2.636267
-4.818795 3.023317 -2.560863
-4.867565 3.075908 -2.542384
-5.085381 3.183875 -2.480859
-5.027660 3.287178 -2.397061
-5.038265 3.383490 -2.328889
-5.166157 3.570888 -1.528756
-5.176747 3.644689 -1.271140
-5.240274 3.661384 -0.742175
-5.166104 3.632071 -0.322202
-5.081369 3.645076 -0.145544
-4.260528 3.445644 0.808272
-3.482593 3.223413 1.202127
-2.490500 2.787473 1.680319
-1.925746 2.414631 1.810311
-1.300499 2.024360 1.924852
-0.452558 1.526471 1.977399
1.005125 0.396362 1.592987
1.579271 -0.298406 1.455001
2.172798 -1.030144 1.760594
2.858061 -1.762343 2.423923
3.228633 -2.100588 2.525281
3.343696 -2.236582 2.536313
3.817837 -2.670695 2.529395
4.092444 -3.418560 2.588029
4.200581 -3.864293 2.679528
4.260094 -4.085641 2.756263
4.244133 -4.171827 2.782615
4.106503 -4.487619 2.913830
4.041291 -4.517435 2.940138
3.421260 -4.553332 3.091668
2.795237 -4.632462 3.162888
2.627245 -4.654945 3.157400
1.512415 -4.639587 3.204596
1.005310 -4.375179 3.316412
0.777360 -4.252262 3.397601
0.098136 -3.803570 3.532701
-1.515350 -2.173947 3.999640
-1.629916 -1.993424 4.050072
-2.219035 -1.164732 4.332568
-3.129081 0.311452 4.847905
-3.588954 1.143298 5.117945
-3.680154 1.333519 5.187206
-4.362387 2.394523 5.646018
-4.414055 2.443160 5.668420
-4.662856 2.694252 5.730820
-5.075269 3.437798 5.171300
-4.859165 4.077029 4.046704
-4.837497 4.176771 3.892298
-4.886487 4.413400 3.400990
-4.559409 4.563527 2.928006
-4.318029 4.447228 2.589730
-3.777356 4.043122 2.114831
-3.182502 3.545530 1.721841
-2.530571 2.630342 1.270978
-2.054528 1.946148 0.999814
-1.230779 0.748108 0.697536
-0.690009 0.007968 0.570297
-0.492995 -0.198100 0.532274
-0.078702 -0.665489 0.466744
0.693316 -1.438956 0.397691
1.156264 -2.069528 0.341605
1.607179 -2.613616 0.389786
2.512919 -3.620063 0.767651
2.543970 -3.657667 0.844567
2.739554 -3.953057 1.390299
2.804905 -4.095533 1.704384
2.770089 -4.244825 2.116457
2.344398 -4.484536 2.622561
2.099845 -4.561346 2.715924
2.003284 -4.605059 2.756392
1.633506 -4.669400 2.942959
0.805933 -4.471658 3.016319
0.319261 -4.134737 3.084109
0.209948 -4.064519 3.103072
-0.290941 -3.524974 3.106531
-0.770182 -2.900953 3.311983
-1.413900 -2.061627 3.625757
-2.447306 -0.552232 4.233015
-2.907611 0.187997 4.550557
-3.047444 0.412853 4.646000
-3.843838 1.611678 5.217135
-4.070683 2.002860 5.413069
-4.070683 2.002860 5.413069
-4.424728 2.571439 5.682014
-4.640086 2.870680 5.615299
-4.810064 3.078385 5.402559
-4.963943 3.312497 4.956802
-4.973625 3.507381 4.460492
-5.072196 3.795101 3.351500
-5.116466 3.839758 2.875912
-5.114049 3.874126 2.796023
-5.129412 3.946722 2.494167
-5.129304 4.006238 2.200924
-5.118157 4.073269 1.969230
-5.092423 4.180614 1.909836
-4.878441 4.171729 1.953203
-3.296865 3.465727 1.971450
-2.255483 2.707440 1.487602
-1.344903 1.842681 1.114198
-0.206861 0.630038 0.994602
0.580722 -0.393393 0.957736
0.843311 -0.734775 0.911807
1.613878 -1.907229 0.719198
2.384395 -2.708017 1.458354
2.729815 -3.167953 2.122774
2.807325 -3.279318 2.233426
2.788124 -3.710221 2.555856
2.409238 -3.972376 2.648216
1.932932 -4.173941 2.743653
1.395168 -4.365793 2.777625
0.898364 -4.444303 2.836413
0.295845 -4.142368 3.011455
-0.414874 -3.567200 3.369355
-1.071227 -2.733699 3.721175
-1.770012 -1.659423 4.147489
-2.052005 -1.266099 4.299793
-3.187364 0.525872 5.047575
-3.839275 1.477041 5.452636
-4.235019 2.060467 5.705450
-4.578519 2.586073 5.951197
-4.893656 3.040569 6.118410
-5.138337 3.327011 6.009893
-5.228274 3.518436 5.708979
-5.295237 3.674058 5.237955
-5.314395 3.795239 4.720506
-5.072817 3.789980 4.345332
-4.640888 3.858947 4.029117
-4.384140 3.826393 3.937304
-3.713379 3.672998 3.751407
-2.191928 2.841659 3.285630
-1.423886 2.021867 3.076737
-0.539312 0.950505 2.993910
0.292515 -0.287819 3.029630
1.037077 -1.176010 3.111283
1.544940 -1.680062 3.130140
1.813382 -1.957281 3.161893
2.457786 -2.448464 3.182845
2.829432 -2.921149 3.198950
3.205861 -3.506109 3.087434
3.217230 -3.756668 3.059236
2.841794 -4.020966 3.087620
2.533302 -4.129502 3.125363
2.106368 -4.300574 3.114904
1.890164 -4.408816 3.127267
1.555440 -4.555507 3.114548
0.925387 -4.701884 3.156640
-0.045758 -4.450281 3.358710
-0.132076 -4.381088 3.375929
-0.229492 -4.320552 3.403692
-2.150342 -1.927662 4.371966
-2.738868 -0.896336 4.730280
-3.330218 0.148209 5.115488
-3.707286 0.966459 5.402265
-4.052557 1.645298 5.620676
-4.255281 2.151760 5.786131
-4.342655 2.305323 5.828882
-4.429543 2.412567 5.869648
-4.877696 3.251678 6.037496
-4.932728 3.330285 6.035163
-5.109952 3.638230 5.386402
-5.134423 3.742233 5.007676
-5.157122 3.886342 4.278601
-5.154963 3.931358 4.118968
-5.183996 3.981034 3.406830
-4.923653 4.078756 3.021690
-4.281226 4.109887 2.758062
-3.563630 4.362720 2.572491
-3.268448 4.424142 2.524577
-1.474780 3.537821 2.195009
-0.582534 2.370856 2.090494
-0.226231 1.813502 2.061473
0.515410 0.632184 2.038892
1.389976 -1.422556 2.466427
1.865902 -2.378391 2.823477
1.925786 -2.452185 2.869583
2.751084 -3.513883 3.295897
2.996522 -4.002017 3.327594
2.729334 -4.371121 3.383338
2.313023 -4.532494 3.343239
1.461013 -4.798724 3.198210
0.764530 -4.460142 3.238813
0.058055 -3.973874 3.321107
-0.862381 -3.032630 3.610955
-1.761709 -1.985286 3.945095
-2.827531 -0.640889 4.385204
-3.436858 0.541016 4.853506
-3.986412 1.595727 5.288125
-4.387527 2.265813 5.615776
-4.703121 2.807505 5.886137
-4.884674 3.096054 5.906994
-5.055648 3.432719 5.633976
-5.123572 3.652591 5.356892
-5.203418 3.847467 4.864577
-5.218613 3.969205 4.452700
-5.174633 4.011838 4.245569
-4.968397 4.121046 4.001477
-4.577358 4.074555 3.736488
-4.007109 4.208605 3.558747
-3.376019 4.383570 3.443400
-2.568736 4.351340 3.283518
-1.686214 3.894599 3.159312
-1.037052 3.127318 3.046042
-0.367780 2.080191 3.068061
0.268628 0.770705 3.051903
0.694012 -0.123915 3.091270
1.170455 -1.060571 3.201835
1.250796 -1.147730 3.235979
1.729195 -1.891918 3.354788
2.249447 -2.510453 3.448398
2.751615 -3.073273 3.523415
3.002862 -3.343048 3.565212
3.383709 -3.773567 3.549575
3.256591 -3.983914 3.474106
2.795081 -4.143866 3.356883
2.273077 -4.188165 3.229509
1.687792 -4.099057 3.148283
1.037749 -3.996242 3.113768
0.750554 -3.842038 3.124245
-0.764822 -2.760627 3.443405
-1.533579 -1.948680 3.690688
-1.647809 -1.830707 3.738301
-1.823245 -1.567687 3.814615
-2.292103 -0.742231 4.068182
-2.691668 0.087057 4.325232
-2.691668 0.087057 4.325232
-2.691668 0.087057 4.325232
-2.691668 0.087057 4.325232
-2.994919 0.832603 4.568095
-2.994919 0.832603 4.568095
-3.859639 3.347362 5.444007
-4.050527 3.399593 5.382495
-3.947951 3.067189 5.332301
-3.661131 2.459538 5.331423
-2.153907 2.597235 5.400966
-1.850417 2.703851 5.372462
-1.117904 2.910206 5.303009
-1.037719 2.945831 5.285980
-0.221618 2.982256 5.157163
0.441891 2.772894 4.972629
1.015999 2.434750 4.770529
1.485903 2.076259 4.491250
1.926414 1.674643 4.373557
2.350701 1.099371 4.252397
2.756943 -0.152580 4.269127
2.956725 -0.710120 4.335585
2.980252 -0.815607 4.316994
2.999898 -1.420104 4.294685
2.908088 -2.347976 4.167363
2.897373 -2.410876 4.163303
2.641745 -2.739920 4.062506
1.510479 -3.121374 4.041649
1.028164 -3.026934 3.949652
0.958974 -3.000088 3.952890
0.816310 -2.882969 3.981783
0.463290 -2.452530 4.098492
0.048781 -2.001840 4.218440
-0.450091 -1.478532 4.410460
-0.908764 -0.886082 4.643055
-1.276470 -0.369972 4.814300
-1.884782 0.233837 5.067530
-2.348185 0.708349 5.282377
-2.839479 1.255856 5.577644
-3.201754 1.773990 5.808155
-3.565118 2.306168 6.055709
-3.804193 2.641329 6.186215
-4.043710 2.936616 6.344503
-4.277293 3.145923 6.403379
-4.522840 3.329713 6.255320
-4.695506 3.345231 5.968192
-4.814523 3.419685 5.602523
-4.885631 3.525704 5.200080
-4.957140 3.699166 4.844675
-4.993920 3.709085 4.455648
-5.008925 3.744801 4.069971
-5.010088 3.824059 3.744813
-4.986798 3.930242 3.308533
-4.949457 3.897941 3.012610
-4.868603 3.725134 2.788670
-4.625197 3.467206 2.617416
-3.947285 3.171970 2.397946
-3.274686 2.585243 2.124283
-2.570282 1.987560 1.861845
-1.681949 1.330165 1.610112
-0.970792 0.801617 1.415843
-0.187536 0.197372 1.321208
0.567600 -0.419427 1.284266
1.147353 -0.973090 1.391937
1.505428 -1.459767 1.539924
1.936946 -2.009892 1.748678
2.634684 -2.669716 2.093706
3.026936 -3.065970 2.314674
3.291046 -3.343289 2.475893
3.518366 -3.586122 2.579575
3.559953 -3.798667 2.640182
3.547938 -3.998785 2.669939
3.425197 -4.137314 2.757631
2.507794 -4.549566 2.671795
1.463122 -4.755052 2.656951
0.425389 -4.534504 2.833118
-0.700087 -3.745536 3.268011
-1.586351 -2.702982 3.826035
-2.676209 -1.210331 4.584076
-3.436874 0.287571 5.357039
-3.978371 1.294192 5.880638
-4.389433 1.933847 6.257220
-4.493928 2.096068 6.329697
-4.698598 2.399488 6.483407
-4.733999 2.432790 6.481815
-4.733999 2.432790 6.481815
-4.972196 2.914718 6.238245
-5.038339 3.113601 5.916126
-5.079539 3.280073 5.696968
-5.103128 3.374783 5.445562
-5.120393 3.441862 5.224286
-5.081000 3.702600 4.749939
-5.002291 3.719634 4.448928
-4.865773 3.753583 4.252282
-4.537823 3.829028 4.022157
-3.954457 3.734607 3.828176
-3.456702 3.471905 3.637292
-2.663003 2.971968 3.316648
-1.908566 2.355485 3.051391
-1.103920 1.448309 2.791083
-0.308637 0.508129 2.639622
0.323040 -0.201500 2.644024
0.323040 -0.201500 2.644024
1.093025 -1.189681 2.708569
1.562847 -1.839465 2.783554
2.004582 -2.334632 2.831844
2.601424 -2.831556 2.888602
2.960791 -3.120069 3.000245
3.289855 -3.423780 3.085922
3.289855 -3.423780 3.085922
3.405137 -3.497157 3.114228
3.683845 -3.851697 2.893530
3.783982 -4.015373 2.853610
3.572012 -4.154991 2.806549
3.572012 -4.154991 2.806549
3.302117 -4.285671 2.793408
2.944486 -4.420462 2.756000
2.558789 -4.514341 2.757529
2.087433 -4.636507 2.725494
1.466215 -4.731816 2.741748
1.466215 -4.731816 2.741748
0.922254 -4.779452 2.717887
0.204526 -4.760858 2.764187
-0.371160 -4.510886 2.946175
-1.098260 -3.784088 3.305306
-1.793327 -3.071426 3.694206
-1.793327 -3.071426 3.694206
-2.539173 -2.089557 4.162020
-3.068907 -1.186146 4.613282
-3.533264 -0.263881 5.072541
-3.950891 0.486674 5.468337
-4.247377 1.065384 5.781804
-4.485619 1.506328 6.016687
-4.724098 1.955278 6.262494
-5.040515 2.553326 6.491356
-5.105725 2.814043 6.262778
-5.107995 2.832853 6.231734
-5.156330 3.036929 5.952079
-5.167832 3.179908 5.627160
-5.175625 3.328112 5.227091
-5.132385 3.555605 4.967192
-5.140585 3.573177 4.674537
-5.085978 3.648197 4.313802
-4.951590 3.730292 4.087887
-4.596958 3.822419 3.916947
-4.596958 3.822419 3.916947
-4.081105 3.916556 3.794406
-3.446632 3.894076 3.641165
-2.666805 3.746718 3.492693
-2.666805 3.746718 3.492693
-1.142908 2.490856 3.090692
-0.452567 1.643120 2.962713
-0.242014 1.383855 2.930831
0.558020 0.413856 2.897812
1.195354 -0.549338 2.949568
1.646270 -1.236574 3.013918
2.153256 -1.877720 3.055453
2.632431 -2.407252 3.094630
3.047652 -2.922195 3.229643
3.258497 -3.324322 3.030958
3.418757 -3.601001 3.009805
3.475571 -3.833958 2.986078
3.388636 -3.979400 2.953098
3.238545 -4.132824 2.942679
2.943156 -4.127659 2.949082
2.679039 -4.223316 2.943301
2.232330 -4.363645 2.910040
1.732619 -4.496804 2.846305
1.160332 -4.629738 2.827214
0.465821 -4.759378 2.792415
-0.125958 -4.828153 2.774071
-0.719920 -4.840982 2.796458
-1.545754 -4.627962 2.916620
-2.201500 -4.209178 3.232964
-2.751167 -3.495372 3.516652
-3.286784 -2.495034 3.920184
-4.372495 0.326410 5.254039
-4.450545 0.552560 5.352661
-4.530380 0.721798 5.440486
-4.755572 1.318936 5.724242
-4.951851 1.758939 5.963753
-5.200941 2.411245 6.303483
-5.290101 2.647462 6.335091
-5.297226 2.712556 6.376967
-5.333579 2.866655 6.345965
-5.446081 3.040157 6.243373
-5.339598 3.223433 6.094526
-5.271888 3.321439 5.917638
-4.964319 3.577936 5.506355
-4.398781 3.696371 5.349454
-4.324456 3.719238 5.319557
-3.642799 3.768873 5.192690
-3.042875 3.801369 5.107186
-1.584297 3.338973 4.833939
-0.857834 2.716540 4.619252
-0.857834 2.716540 4.619252
0.185203 1.643423 4.429481
0.185203 1.643423 4.429481
0.573929 1.119326 4.381057
1.089139 0.402227 4.304986
1.742646 -0.446408 4.237517
2.281742 -1.062177 4.120913
2.492574 -1.329231 4.086049
3.022701 -2.269471 3.863020
3.197208 -2.752896 3.701483
3.320433 -3.139896 3.555939
3.243840 -3.508591 3.420973
3.243840 -3.508591 3.420973
2.781499 -3.940309 3.249806
1.885791 -4.190066 3.117621
1.644763 -4.211407 3.090304
0.266795 -4.484250 2.956710
-0.060967 -4.568496 2.903164
-0.977319 -4.588638 2.884268
-2.474051 -3.936157 3.416347
-3.204885 -3.034273 3.634530
-3.364045 -2.690021 3.753301
-4.087091 -0.742277 4.602440
-4.220886 -0.410033 4.764513
-4.520977 0.414324 5.172050
-4.994442 1.667668 5.771171
-5.087591 1.831653 5.866259
-5.332124 2.572819 6.052119
-5.350194 2.691769 5.964007
-5.349409 3.149038 5.326932
-5.338407 3.209859 5.217706
-5.277344 3.531794 4.670218
-5.260058 3.559000 4.561407
-4.974117 3.717174 4.307854
-3.629968 4.132191 4.079427
-3.292081 4.202205 4.049465
-1.397961 3.573244 3.677697
-1.052887 3.349849 3.611044
0.438638 2.111475 3.253265
0.730141 1.802779 3.196253
1.877410 0.139787 3.186749
2.119816 -0.191216 3.211067
3.049059 -1.611513 3.278280
3.175517 -1.860747 3.293623
3.511660 -2.871077 3.292243
3.431072 -3.301626 3.227683
3.162060 -3.675052 3.163553
2.741954 -3.956979 3.055864
2.198024 -4.189692 2.950971
2.028465 -4.329324 2.880072
0.747953 -4.685912 2.677078
-0.224110 -4.576163 2.672576
-1.210490 -4.457184 2.712282
-2.060367 -4.187259 2.781703
-3.262314 -3.039689 2.659952
-3.869950 -2.095349 2.100486
-4.185738 -1.136249 1.542266
-4.287565 -0.764859 1.353631
-4.498996 0.210119 0.758556
-4.679422 0.859822 0.282025
-4.695840 0.947068 0.226493
-5.068087 1.956336 0.075412
-5.001138 2.315746 -0.217244
-4.981728 2.361410 -0.343227
-4.891087 2.796745 -1.153947
-4.892030 3.150073 -1.656806
-4.914224 3.335821 -1.741166
-4.940610 3.303221 -1.960320
-4.895393 3.343433 -2.139934
-4.895393 3.343433 -2.139934
-4.818077 3.377279 -2.391599
-4.800983 3.236698 -2.597443
-4.763509 3.048847 -2.808079
-4.549254 2.854025 -3.145382
-2.352808 1.334193 -4.147989
-1.329451 -0.129419 -4.768761
-0.537208 -1.192989 -5.198023
0.158412 -1.983231 -5.529914
0.649530 -2.417448 -5.671858
1.596221 -3.457276 -6.083053
2.188740 -3.694444 -6.384343
2.414621 -3.750908 -6.500178
2.317876 -3.951817 -6.595012
2.092286 -4.095851 -6.705104
1.758125 -4.075587 -6.903241
1.674253 -4.055076 -6.932729
1.419290 -4.165398 -6.991910
0.703413 -4.415695 -7.191343
0.581728 -4.424892 -7.203755
0.162394 -4.560657 -7.224331
-0.267724 -4.682812 -7.340078
-0.777456 -4.746199 -7.437991
-1.150525 -4.825889 -7.475108
-1.330914 -4.846952 -7.485222
-1.854491 -4.920108 -7.567938
-2.944128 -5.070034 -7.687081
-3.160535 -5.091278 -7.743352
-3.293777 -5.104419 -7.773762
-3.427273 -5.118443 -7.867650
-3.490201 -5.124646 -7.884236
-3.596475 -5.134379 -7.994384
-3.690098 -5.105953 -8.149374
-3.706968 -5.035184 -8.201867
-3.761503 -4.923309 -8.234090
-3.747910 -4.796186 -8.194245
-3.753101 -4.737169 -8.198179
-3.811812 -4.500744 -8.140522
-3.900988 -4.030047 -7.906669
-3.935867 -3.892802 -7.872885
-3.982462 -3.604674 -7.720339
-4.137034 -2.978089 -7.372567
-4.224449 -2.615519 -7.150609
-4.297304 -2.400839 -6.990785
-4.404673 -2.259734 -6.888909
-4.327305 -2.213142 -6.794009
-4.033912 -2.221668 -6.772060
-3.518782 -2.357292 -6.863280
-2.778909 -2.578923 -6.990583
-2.034683 -2.860747 -7.189922
-1.520077 -3.201818 -7.410016
-0.879575 -3.506534 -7.682655
-0.453257 -3.745649 -7.877515
-0.107113 -3.897103 -8.074349
0.108247 -3.950331 -8.188246
0.217850 -3.996337 -8.325956
0.315179 -4.022058 -8.423499
0.313423 -4.021538 -8.550097
0.103580 -4.024080 -8.657612
-0.182413 -4.031203 -8.724042
-0.485579 -4.032732 -8.823493
-0.576203 -4.049254 -8.893374
-1.005753 -4.006117 -8.967681
-1.320794 -3.838401 -9.061349
-1.751433 -3.457531 -9.165487
-2.000792 -3.280928 -9.203628
-2.416449 -3.305671 -9.302018
-2.665499 -3.528640 -9.466101
-2.913426 -3.674023 -9.596269
-3.124007 -3.602618 -9.511189
-3.296298 -3.636080 -9.523702
-3.651323 -3.674406 -9.582901
-4.053914 -3.624950 -9.550618
-4.229250 -3.584607 -9.600735
-4.497498 -3.577612 -9.623151
-4.646007 -3.702930 -9.826865
-4.683322 -3.692580 -9.974886
-4.691125 -3.435165 -9.783212
-4.528953 -3.346746 -9.816911
-4.377253 -3.230071 -9.854928
-4.268115 -3.138319 -9.873796
-4.055006 -3.058605 -9.828781
-3.918419 -3.018560 -9.820372
-3.632651 -3.007997 -9.800141
-3.546776 -3.017499 -9.794771
-3.534814 -2.982087 -9.771409
-2.984329 -2.997572 -9.688503
-2.679237 -2.964252 -9.692350
-2.410205 -2.974566 -9.620511
-2.177060 -3.066421 -9.650056
-1.962215 -3.028957 -9.567852
-1.778198 -3.028133 -9.522214
-1.593430 -3.051092 -9.575619
-1.402836 -3.084123 -9.508646
-1.190698 -3.044759 -9.430110
-0.976627 -3.044958 -9.412339
-0.888441 -2.997311 -9.381644
-0.818745 -2.984037 -9.372125
-0.826500 -2.951315 -9.352358
-0.644836 -2.594755 -9.294668
-0.686193 -2.560834 -9.314849
-0.606034 -2.434807 -9.286939
-0.516085 -2.487465 -9.402352
-0.402834 -2.344556 -9.294136
-0.304987 -2.230686 -9.195673
-0.109912 -2.155642 -9.179899
-0.016451 -2.128363 -9.174739
-0.053167 -2.093405 -9.202216
-0.082315 -2.267113 -9.212509
-0.115879 -2.528322 -9.003323
-0.310349 -2.718751 -8.779054
-0.571918 -2.947772 -8.389119
-0.809063 -3.089770 -8.049687
-1.146448 -3.311027 -7.525328
-1.741104 -3.426008 -6.951668
-2.280358 -3.534925 -6.489325
-2.567373 -3.549476 -6.259116
-3.128789 -3.446133 -5.609756
-3.858848 -2.968212 -4.284599
-4.088462 -2.580196 -3.533335
-4.201691 -2.328082 -3.096105
-4.387911 -1.895261 -2.397614
-4.572288 -1.582470 -2.059464
-4.675087 -1.323391 -1.873269
-4.860278 -1.042980 -1.756969
-4.922705 -0.953108 -1.760486
-5.164927 -0.691905 -2.008365
-5.147741 -0.692031 -2.373998
-5.085918 -0.709062 -2.526173
-4.628488 -0.905933 -3.546266
-4.274752 -1.179459 -4.156089
-3.761692 -1.591985 -4.837539
-3.432092 -1.966696 -5.291701
-2.929003 -2.291851 -5.678894
-2.463049 -2.596602 -5.829205
-2.175389 -2.807220 -5.859712
-1.718333 -3.051578 -5.884122
-1.208763 -3.344414 -5.738105
-0.748071 -3.608918 -5.547619
-0.559941 -3.743336 -5.452200
-0.019836 -4.150178 -4.864712
0.304444 -4.563479 -4.671757
0.931747 -4.733794 -4.355074
1.364595 -4.761329 -4.232969
1.717083 -4.767325 -4.239041
2.103931 -4.691639 -4.162190
2.224255 -4.632025 -4.083742
2.214879 -4.698705 -4.113364
2.105579 -4.732004 -4.156595
1.751431 -4.726327 -4.253100
1.310698 -4.770331 -4.426587
0.810178 -4.791665 -4.481626
0.172550 -4.748810 -4.484813
-0.422362 -4.530744 -4.674158
-1.217150 -4.169939 -5.032709
-2.172528 -3.790811 -5.188380
-3.072807 -3.407172 -5.219136
-3.810727 -3.059128 -5.298245
-4.486739 -2.744443 -5.343267
-5.230644 -2.353840 -5.427618
-5.687739 -2.161767 -5.441210
-6.086266 -2.005509 -5.471425
-6.360292 -1.928861 -5.412350
-6.528885 -1.979172 -5.388400
-6.568186 -1.933034 -5.241726
-6.525947 -2.022784 -5.202550
-6.329784 -2.162551 -5.139684
-5.970911 -2.434576 -5.079116
-5.607304 -2.694835 -5.022716
-5.334307 -2.801868 -4.977878
-5.246024 -2.855059 -4.940148
-4.042655 -3.436344 -4.790788
-3.313095 -3.750410 -4.529071
-2.601720 -4.071439 -4.389977
-1.971309 -4.346986 -4.227120
-1.383669 -4.602690 -4.180650
-0.867649 -4.821673 -4.063257
-0.286728 -5.123138 -3.943664
0.198400 -5.319054 -3.855828
0.612777 -5.495034 -3.738985
0.810423 -5.575688 -3.684161
1.179810 -5.755577 -3.527460
1.459120 -5.887142 -3.496569
1.658605 -5.880711 -3.460050
1.945763 -5.860337 -3.314501
2.062674 -5.734532 -3.259134
2.273462 -5.545979 -3.215417
2.515413 -5.171248 -3.024266
2.741217 -4.750294 -2.931753
2.932509 -4.443924 -2.908146
3.154911 -3.996698 -2.969838
3.464750 -3.498765 -3.034823
3.594090 -3.052019 -3.173032
3.733411 -2.644472 -3.280531
3.885983 -2.224072 -3.350405
4.082541 -1.755099 -3.428855
4.250555 -1.358416 -3.395493
4.431285 -1.090956 -3.367544
4.530473 -0.736692 -3.284603
4.653783 -0.456560 -3.200374
4.734590 -0.309255 -3.175554
4.922866 0.054529 -3.056666
5.003551 0.241745 -2.998217
4.986434 0.255556 -2.993598
4.961373 0.489660 -2.952862
4.728928 0.713386 -2.981574
4.591295 0.769679 -2.981082
4.013152 0.956207 -3.073548
3.609095 1.076060 -3.159076
3.126153 1.135499 -3.269433
2.819200 1.157306 -3.365255
2.410691 1.179295 -3.487610
1.925180 1.165250 -3.659356
1.539153 1.176226 -3.873635
1.262750 1.170907 -4.046142
1.016766 1.107782 -4.207648
0.765955 1.044773 -4.372322
0.375455 0.811157 -4.615672
0.212463 0.674460 -4.769464
-0.037635 0.430265 -4.975083
-0.280930 0.038052 -5.264542
-0.394545 -0.317945 -5.455471
-0.431294 -0.363358 -5.508994
-0.440748 -0.468208 -5.573008
-0.500874 -0.828734 -5.775713
-0.518994 -1.186446 -5.973832
-0.533372 -1.505754 -6.158627
-0.477423 -1.910409 -6.349573
-0.453804 -2.270876 -6.441092
-0.452282 -2.642831 -6.513705
-0.371958 -3.024271 -6.541459
-0.188756 -3.428376 -6.603024
-0.035354 -3.717849 -6.538708
-0.035354 -3.717849 -6.538708
0.145418 -3.889555 -6.473566
0.438071 -3.954721 -6.334010
0.745997 -3.912726 -6.222728
1.163500 -3.837409 -5.957856
1.290645 -3.763965 -5.825350
1.404894 -3.608675 -5.750790
1.468841 -3.571457 -5.721347
1.499735 -3.565957 -5.702955
1.647027 -3.345948 -5.604435
1.647027 -3.345948 -5.604435
1.832866 -3.096751 -5.457200
1.942233 -2.793450 -5.324559
2.070572 -2.425471 -5.101366
2.341174 -2.034582 -4.815709
2.701228 -1.735301 -4.637782
2.865472 -1.592378 -4.543918
3.223262 -1.307423 -4.262180
3.523935 -1.087270 -4.083052
3.717297 -0.770735 -3.957772
3.861275 -0.637068 -3.873872
4.189810 -0.312699 -3.747613
4.380249 -0.101337 -3.597248
4.561117 0.056358 -3.521968
4.757778 0.273009 -3.381261
4.791600 0.301461 -3.355124
4.808738 0.355621 -3.377249
5.101599 0.727930 -3.155339
5.122221 0.745207 -3.172646
5.128724 0.766991 -3.141221
5.177137 0.828957 -3.106547
5.177137 0.828957 -3.106547
5.240458 0.851796 -3.108288
5.074654 0.856150 -3.060761
4.976797 0.805537 -3.092909
4.807815 0.744458 -3.135614
4.689893 0.729459 -3.167936
4.453129 0.714240 -3.222963
4.310394 0.656234 -3.278209
4.032454 0.598429 -3.350069
3.658219 0.610007 -3.433484
3.238998 0.642635 -3.520628
2.800244 0.626125 -3.654915
2.716333 0.604979 -3.684275
2.390233 0.551522 -3.810203
1.777052 0.361594 -4.105388
1.545441 0.127023 -4.454795
1.076773 -0.211983 -4.609607
0.839601 -0.486677 -4.804483
0.718308 -0.736669 -5.011347
0.641278 -1.040811 -5.197553
0.658802 -1.393437 -5.352484
0.720404 -1.748095 -5.503064
0.871619 -2.242080 -5.674774
0.942209 -2.345627 -5.716185
1.286430 -3.026537 -5.962508
1.439460 -3.459152 -6.111153
1.679054 -3.801057 -6.209485
1.744977 -3.911585 -6.237031
2.158128 -4.510796 -6.435431
2.351108 -4.841332 -6.564252
2.517986 -5.103478 -6.803472
2.605112 -5.350460 -6.765362
2.633228 -5.383947 -6.750969
2.902506 -5.211805 -6.616754
3.022578 -5.206777 -6.632857
3.078693 -5.204866 -6.605968
3.254513 -5.077710 -6.582356
3.347294 -5.017681 -6.651061
3.583557 -4.841165 -6.485129
3.686819 -4.781594 -6.480003
3.672400 -4.940869 -6.634270
3.662329 -5.081148 -6.730963
3.657667 -5.097132 -6.752626
3.586327 -5.115565 -6.795863
3.337183 -5.239945 -6.939463
2.870127 -5.396699 -7.017734
2.743121 -5.425283 -7.048919
2.124701 -5.430730 -7.139450
1.565743 -5.201743 -7.071833
1.121115 -4.953970 -7.052842
0.839993 -4.736927 -7.000641
0.552580 -4.537020 -6.987293
0.389335 -4.350564 -6.934421
0.083286 -4.236801 -6.996344
-0.085112 -4.251679 -7.094898
-0.269202 -4.415215 -7.208551
-0.337131 -4.513100 -7.285040
-0.269470 -4.694780 -7.377731
-0.108130 -4.814735 -7.423492
0.054421 -4.953965 -7.488291
0.538316 -5.085674 -7.520988
1.063173 -5.222511 -7.531437
1.338158 -5.297551 -7.536599
1.484447 -5.349661 -7.532686
2.127903 -5.584513 -7.533464
2.313312 -5.659445 -7.539416
2.535311 -5.741149 -7.539291
2.711804 -5.812786 -7.517058
2.815797 -5.845174 -7.498649
2.839921 -5.849030 -7.511676
2.947211 -5.906335 -7.474589
2.951114 -5.911983 -7.478221
2.965317 -5.917312 -7.470442
3.011226 -5.930734 -7.484641
3.011284 -6.006554 -7.513063
2.960674 -6.173647 -7.620708
2.980087 -6.147960 -7.577499
3.062854 -6.053710 -7.490913
3.048852 -5.987101 -7.451923
3.054757 -5.993902 -7.441019
3.053667 -6.028806 -7.444429
3.049832 -6.064764 -7.438139
3.087679 -6.081296 -7.428745
3.039246 -6.105153 -7.442694
3.054528 -6.104481 -7.464170
3.084271 -6.104654 -7.481703
3.050893 -6.116064 -7.494136
3.082402 -6.104652 -7.586713
3.081251 -6.120360 -7.635515
2.741563 -5.973958 -7.481645
2.558332 -5.912967 -7.472695
2.322847 -5.793337 -7.510717
2.074842 -5.739977 -7.576259
1.729446 -5.773154 -7.687599
1.484439 -5.565048 -7.637537
1.305668 -5.321648 -7.559384
0.993969 -5.169179 -7.572259
0.710538 -5.070247 -7.590867
0.458293 -4.985108 -7.626204
0.170146 -4.891821 -7.645367
-0.053807 -4.822777 -7.656342
-0.086554 -4.798472 -7.654982
-0.471122 -4.678251 -7.683456
-0.622984 -4.623935 -7.702295
-0.814345 -4.573471 -7.715796
-0.921582 -4.546695 -7.723268
-0.921582 -4.546695 -7.723268
-0.923790 -4.539778 -7.720478
-0.989305 -4.517048 -7.721167
-1.052263 -4.428020 -7.964855
-1.140944 -4.441834 -7.767598
-1.147895 -4.440924 -7.740680
-1.217520 -4.418150 -7.668239
-1.222749 -4.378642 -7.684417
-1.159417 -4.270718 -7.719984
-1.065980 -4.170330 -7.737814
-1.004220 -4.103317 -7.782810
-0.981103 -4.180056 -7.887298
-0.981103 -4.180056 -7.887298
-0.838156 -4.030197 -7.789716
-0.689925 -3.883687 -7.732891
-0.575666 -3.896550 -7.758283
-0.396469 -3.917770 -7.768427
-0.313401 -3.931837 -7.767027
-0.190693 -3.981201 -7.774123
-0.039435 -4.001760 -7.747948
0.061752 -4.072590 -7.749027
0.035489 -4.286680 -7.769128
0.111796 -4.403057 -7.729312
0.146260 -4.486929 -7.684223
0.174786 -4.633585 -7.633822
0.227963 -4.747528 -7.617021
0.298165 -4.843729 -7.574732
0.298165 -4.843729 -7.574732
0.271603 -4.900933 -7.543205
0.150580 -4.894527 -7.502366
-0.013292 -4.876967 -7.479791
-0.231542 -4.815092 -7.477258
-0.500821 -4.709698 -7.513482
-0.766994 -4.632269 -7.537016
-1.012736 -4.548885 -7.577198
-1.751431 -4.303841 -7.759468
-2.068536 -4.125982 -7.793474
-2.228447 -3.969162 -7.808593
-2.447679 -3.901560 -7.925194
-2.764152 -3.674049 -7.953017
-2.793740 -3.640539 -7.956906
-3.047204 -3.426821 -7.964513
-3.275851 -3.321140 -8.003864
-3.337023 -3.292782 -8.002657
-3.541353 -3.214876 -8.061744
-3.671616 -3.163963 -8.075051
-3.742520 -3.150790 -8.154667
-3.787638 -3.148167 -8.266027
-3.819967 -3.172573 -8.170725
-3.802958 -3.221442 -8.134130
-3.735079 -3.286134 -8.095273
-3.721900 -3.346997 -8.104569
-3.716542 -3.378453 -8.096608
-3.766148 -3.426259 -8.102177
-3.790172 -3.447821 -8.099383
-3.705854 -3.511285 -8.091484
-3.674663 -3.549390 -8.070090
-3.675846 -3.586974 -8.071527
-3.638043 -3.612967 -8.072394
-3.522972 -3.670828 -8.067909
-3.415780 -3.709125 -8.067243
-3.284967 -3.737640 -8.066080
-3.148135 -3.753370 -8.045523
-2.968588 -3.837096 -8.065562
-2.823475 -3.857806 -8.042708
-2.628840 -3.907453 -8.035652
-2.437117 -3.924535 -8.004858
-2.222676 -3.982529 -8.001020
-2.222676 -3.982529 -8.001020
-2.031477 -4.024894 -7.992108
