x y z
0.587877 0.521208 1.267382
0.594207 0.491432 1.170032
0.592661 0.418918 1.121037
0.564637 0.396593 1.107296
0.606809 0.371192 1.089431
0.650430 0.356483 1.095927
0.689259 0.325499 1.098712
0.756704 0.427527 1.246454
0.803251 0.607293 1.518146
0.871696 0.687332 1.691096
0.919288 0.692941 1.714953
0.924794 0.733517 1.805606
0.862582 0.594144 1.716336
1.242959 0.888079 1.267607
1.232997 0.879047 1.237754
1.120507 0.770593 1.209749
0.986630 0.675740 1.228648
0.906006 0.588799 1.240566
0.840999 0.480794 1.222948
0.802188 0.413053 1.198387
0.848379 0.430457 1.177747
0.899080 0.387380 1.130139
0.977997 0.357257 1.073824
1.000451 0.356823 1.059335
1.001721 0.389499 1.047358
1.066554 0.383755 1.055397
1.140448 0.419704 1.084746
1.157888 0.473471 1.128096
1.123196 0.522623 1.153523
1.027889 0.514909 1.168964
0.941766 0.498259 1.159815
0.801535 0.490023 1.171045
0.661227 0.469813 1.194649
0.449956 0.487128 1.204308
0.283680 0.466502 1.190303
0.265496 0.421193 1.158482
0.342014 0.405552 1.176591
0.483814 0.401604 1.193157
0.632790 0.377366 1.221903
0.698240 0.384258 1.203328
0.751302 0.396958 1.195070
0.782754 0.450842 1.210668
0.789205 0.458842 1.202394
0.659852 0.495652 1.213525
0.467046 0.472552 1.165830
0.398987 0.441271 1.160344
0.477646 0.375435 1.192746
0.569693 0.311315 1.209104
0.581766 0.289000 1.230599
0.501040 0.308693 1.204984
0.346288 0.301791 1.160275
0.231386 0.299508 1.135534
0.147922 0.203592 1.053741
0.154363 0.098052 1.002911
0.209795 -0.000020 0.973294
0.312520 -0.048024 0.993107
0.435510 -0.044231 1.045915
0.526635 0.055657 1.098785
0.566006 0.124675 1.114644
0.577150 0.247332 1.156156
0.568155 0.325762 1.186545
0.455372 0.378793 1.221027
0.345525 0.384723 1.247084
0.315781 0.319617 1.257680
0.308285 0.227963 1.232976
0.359190 0.108999 1.190859
0.399142 0.073592 1.147831
0.454368 0.074423 1.116455
0.429546 0.126388 1.072545
0.394086 0.149388 1.034138
0.375177 0.130235 1.015946
0.307325 0.042021 1.006890
0.283843 -0.056743 0.990359
0.288159 -0.123990 1.006594
0.329590 -0.152918 1.038212
0.396614 -0.177775 1.054009
0.467761 -0.150777 1.084378
0.469040 -0.130356 1.080122
0.420327 -0.085814 1.077723
0.353140 -0.034429 1.077350
0.302186 -0.054113 1.035487
0.286718 -0.085298 1.023018
0.352027 -0.155934 0.997459
0.440108 -0.192826 0.953753
0.555954 -0.242789 0.962438
0.639999 -0.250611 0.921414
0.712606 -0.239735 0.895390
0.759829 -0.185910 0.893232
0.742197 -0.101642 0.892966
0.717991 -0.010268 0.957278
0.676479 0.020535 0.974348
0.650910 0.069367 1.006326
0.593587 0.042903 1.007471
0.538260 -0.012397 0.960391
0.456961 -0.072077 0.885053
0.433243 -0.192226 0.791259
0.400612 -0.296877 0.733112
0.285452 -0.360078 0.707675
0.176812 -0.396265 0.671705
0.130126 -0.424534 0.656420
0.080053 -0.445918 0.632851
0.112239 -0.497114 0.613515
0.193335 -0.559032 0.608796
0.282282 -0.631238 0.589231
0.360043 -0.718827 0.566062
0.382926 -0.729092 0.525893
0.441214 -0.733260 0.487687
0.407583 -0.723471 0.458394
0.338185 -0.689843 0.436877
0.323416 -0.717501 0.428056
0.377352 -0.758698 0.422664
0.473330 -0.780312 0.426166
0.522436 -0.807773 0.408110
0.545121 -0.803069 0.399138
0.617624 -0.862605 0.368528
0.687351 -0.876449 0.359420
0.747804 -0.886852 0.346709
0.760272 -0.924577 0.315473
0.729447 -0.943410 0.332381
0.649049 -0.975466 0.312054
0.496072 -0.972425 0.293131
0.305774 -0.982867 0.251023
0.212495 -1.012159 0.189590
0.150593 -1.059831 0.136935
0.112190 -1.071135 0.129276
0.156631 -1.079401 0.113627
0.157373 -1.059707 0.100577
0.113417 -1.056292 0.095019
0.023332 -1.058094 0.084497
-0.067392 -1.073160 0.065517
-0.155706 -1.123442 0.070122
-0.138203 -1.228042 0.032719
0.163067 -1.311512 0.032067
0.449600 -1.372304 0.028335
0.770689 -1.417189 0.018478
0.860426 -1.428411 -0.006069
0.768585 -1.388038 -0.082402
0.489406 -1.404580 -0.257747
0.312403 -1.433648 -0.319143
0.025536 -1.575634 -0.485215
-0.239999 -1.769663 -0.644035
-0.319423 -1.982344 -0.759454
-0.061177 -2.407800 -0.825501
0.303650 -2.610912 -0.814523
0.536974 -2.691477 -0.806464
0.718687 -2.778724 -0.844413
0.824435 -2.900693 -0.890535
0.854687 -3.041312 -0.977842
0.801126 -3.088092 -0.996760
0.530141 -3.139835 -1.067100
0.326670 -3.231791 -1.168574
0.079145 -3.404318 -1.282797
-0.049077 -3.528274 -1.322787
-0.089477 -3.580848 -1.371001
-0.036216 -3.552260 -1.444425
0.043120 -3.562797 -1.510461
0.084292 -3.586610 -1.549047
0.108852 -3.575314 -1.567419
0.153441 -3.581953 -1.657305
0.123176 -3.593037 -1.677922
0.166277 -3.763536 -1.751239
0.224897 -3.971532 -1.806618
0.445740 -4.245152 -1.870486
0.471327 -4.355312 -1.904174
0.480235 -4.443329 -1.881895
0.557636 -4.448467 -1.858634
0.678599 -4.433955 -1.771661
1.067880 -4.223196 -1.616623
1.445212 -4.022131 -1.556727
1.466418 -3.787846 -1.578392
1.291854 -3.726169 -1.727384
0.907156 -3.659851 -1.837961
0.658432 -3.559837 -1.865191
0.875916 -3.437398 -1.747182
1.489815 -3.274696 -1.549118
1.829925 -3.157080 -1.409727
2.118839 -3.023294 -1.343399
2.131167 -2.911043 -1.292557
1.815887 -2.817657 -1.319233
1.310873 -2.707816 -1.397877
0.813162 -2.647100 -1.445981
0.606926 -2.610520 -1.464953
0.472018 -2.600275 -1.378908
0.386483 -2.632354 -1.279122
0.334145 -2.694022 -1.201917
0.309265 -2.756261 -1.132171
0.492071 -2.853225 -1.048009
0.971971 -2.913153 -0.974099
1.419041 -2.909943 -0.910217
1.610461 -2.866991 -0.899362
1.633674 -2.631753 -0.907233
1.558428 -2.306130 -0.879470
1.418368 -1.970549 -0.801419
1.257459 -1.772401 -0.697207
1.171533 -1.699332 -0.570839
1.061738 -1.823531 -0.583122
1.006763 -1.988020 -0.618740
0.994757 -2.236322 -0.781089
1.127516 -2.481775 -0.887300
1.260433 -2.634316 -0.936262
1.508538 -2.692523 -0.939743
1.589244 -2.754465 -0.955146
1.515703 -2.730800 -0.990987
1.376124 -2.648778 -1.002368
1.279164 -2.563150 -0.999734
1.143023 -2.487510 -0.985978
1.015477 -2.393597 -0.991072
0.820139 -2.267586 -0.966183
0.700861 -2.190441 -0.943552
0.580116 -2.101597 -0.909130
0.523924 -2.040155 -0.890185
0.567514 -2.058042 -0.890231
0.622824 -2.084993 -0.902185
0.684038 -2.114948 -0.908439
0.712180 -2.143643 -0.924833
0.788812 -2.212603 -0.957553
0.853010 -2.291006 -0.980963
0.936768 -2.366611 -1.033775
1.012928 -2.406044 -1.019689
1.062548 -2.453881 -1.070607
1.095985 -2.502816 -1.104605
1.095463 -2.539152 -1.125616
1.028437 -2.575558 -1.145457
0.924571 -2.602666 -1.170737
0.817637 -2.542179 -1.167081
0.775925 -2.461022 -1.150605
0.745530 -2.406291 -1.136716
0.765006 -2.384586 -1.101747
0.797583 -2.343933 -1.071926
0.805155 -2.335215 -1.068606
0.782602 -2.279285 -1.053764
0.789803 -2.242057 -1.079940
0.852407 -2.186023 -1.093023
0.737498 -2.161161 -1.134343
0.558089 -2.079125 -1.182034
0.441818 -2.027095 -1.201716
0.442330 -2.037405 -1.190781
0.545441 -2.015587 -1.114218
0.728911 -2.001286 -1.062793
0.935886 -1.963419 -1.011910
1.049350 -1.919541 -0.969937
1.097040 -1.873311 -0.941900
1.088082 -1.848908 -0.970133
1.029115 -1.828580 -0.971720
0.936410 -1.764360 -0.918805
0.803477 -1.734489 -0.837700
0.674077 -1.690401 -0.816292
0.622927 -1.690018 -0.814185
0.591488 -1.698380 -0.786034
0.543579 -1.764088 -0.757989
0.476854 -1.806086 -0.747685
0.459243 -1.833001 -0.771078
0.538924 -1.821715 -0.766829
0.611059 -1.833717 -0.748211
0.654806 -1.865995 -0.777769
0.658792 -1.897682 -0.796143
0.592184 -1.883271 -0.771817
0.548928 -1.872571 -0.784445
0.616404 -1.793804 -0.753051
0.700497 -1.654209 -0.724396
0.733434 -1.605425 -0.746886
0.732627 -1.571562 -0.739955
0.627435 -1.511029 -0.758331
0.589101 -1.499216 -0.802754
0.588136 -1.513039 -0.822034
0.575693 -1.583289 -0.848734
0.549980 -1.612425 -0.862387
0.514452 -1.707309 -0.883499
0.436924 -1.756002 -0.912208
0.464674 -1.781060 -0.921996
0.534732 -1.778600 -0.930858
0.606844 -1.735712 -0.931994
0.655168 -1.757331 -0.952687
0.660175 -1.738961 -0.959645
0.666509 -1.719952 -0.941551
0.633135 -1.698472 -0.941467
0.611112 -1.682995 -0.943136
0.602178 -1.659575 -0.910280
0.524866 -1.606243 -0.929223
0.483696 -1.579259 -0.922383
0.465860 -1.560866 -0.889145
0.443334 -1.583863 -0.888444
0.443211 -1.581241 -0.887286
0.478812 -1.599022 -0.854609
0.491102 -1.583656 -0.838476
0.496862 -1.571814 -0.843808
0.502991 -1.545862 -0.829647
0.486383 -1.530333 -0.835431
0.487190 -1.472615 -0.809146
0.470652 -1.467216 -0.814104
0.465507 -1.457607 -0.828515
0.449545 -1.532950 -0.819143
0.430881 -1.586302 -0.827121
0.404669 -1.639556 -0.837377
0.370040 -1.656452 -0.821052
0.387837 -1.653326 -0.819299
0.386410 -1.620022 -0.787649
0.399492 -1.588295 -0.791957
0.398187 -1.530779 -0.764931
0.443906 -1.502339 -0.767418
0.477258 -1.497645 -0.747510
0.491996 -1.475781 -0.731366
0.433298 -1.454488 -0.713359
0.402282 -1.424622 -0.692702
0.373759 -1.435278 -0.691566
0.372396 -1.433886 -0.662106
0.385778 -1.414562 -0.637795
0.410911 -1.423721 -0.627010
0.407549 -1.427058 -0.634204
0.388501 -1.425623 -0.618380
0.356815 -1.411589 -0.603060
0.340854 -1.394806 -0.606930
0.359068 -1.388178 -0.593371
0.367940 -1.382945 -0.592126
0.408826 -1.411300 -0.570247
0.441088 -1.443954 -0.580442
0.474534 -1.458485 -0.524050
0.484452 -1.454328 -0.499779
0.490886 -1.451845 -0.482507
0.516919 -1.422561 -0.470743
0.529874 -1.364889 -0.428320
0.557798 -1.343812 -0.436203
0.588336 -1.334954 -0.427260
0.609812 -1.341235 -0.408465
0.654604 -1.319532 -0.388024
0.733754 -1.337923 -0.378656
0.776716 -1.320927 -0.353495
0.824743 -1.305228 -0.329102
0.785904 -1.320280 -0.321454
0.777233 -1.287611 -0.278564
0.716505 -1.280474 -0.273908
0.623816 -1.270004 -0.241916
0.559745 -1.258943 -0.263136
0.517895 -1.253832 -0.247479
0.463870 -1.275144 -0.247275
0.360141 -1.298920 -0.272963
0.279165 -1.291410 -0.287788
0.236308 -1.308928 -0.289033
0.210217 -1.297965 -0.291883
0.276238 -1.321009 -0.300243
0.347507 -1.317491 -0.283394
0.403844 -1.321491 -0.295774
0.425282 -1.258296 -0.275052
0.487220 -1.224436 -0.275051
0.530904 -1.233773 -0.261292
0.574004 -1.259709 -0.288097
0.617441 -1.307932 -0.314604
0.783242 -1.311708 -0.350911
0.883709 -1.274045 -0.345793
0.865128 -1.247104 -0.368358
0.690840 -1.226776 -0.441849
0.495685 -1.167555 -0.457538
0.319644 -1.138286 -0.476028
0.240352 -1.082109 -0.490620
0.209724 -1.093217 -0.458617
0.199311 -1.107283 -0.431901
0.159726 -1.165761 -0.449472
0.202399 -1.279492 -0.463241
0.289510 -1.386679 -0.514306
0.409248 -1.537498 -0.561449
0.554827 -1.630509 -0.569129
0.632700 -1.676948 -0.566276
0.647259 -1.676872 -0.584082
0.577978 -1.616851 -0.585549
0.440800 -1.521249 -0.597949
0.353646 -1.365828 -0.583281
0.259536 -1.243622 -0.571675
0.182730 -1.172379 -0.560718
0.053078 -1.084405 -0.533204
-0.059169 -1.043681 -0.507431
-0.082627 -1.048548 -0.490260
-0.043481 -1.068994 -0.475670
-0.014058 -1.120010 -0.477742
0.045730 -1.131920 -0.469980
0.184057 -1.157542 -0.436740
0.363565 -1.219213 -0.410668
0.553196 -1.251613 -0.378564
0.707580 -1.296370 -0.333510
0.821609 -1.262909 -0.303807
0.825241 -1.226428 -0.333603
0.711491 -1.190586 -0.329832
0.574091 -1.175337 -0.370867
0.478396 -1.213341 -0.356574
0.380222 -1.188199 -0.358636
0.270188 -1.151940 -0.359214
0.195427 -1.118317 -0.379952
0.118758 -1.121255 -0.392485
0.034996 -1.148211 -0.383402
0.048210 -1.178857 -0.376284
0.099991 -1.194900 -0.348032
0.047442 -1.201078 -0.348890
0.035751 -1.210854 -0.357409
0.096245 -1.241545 -0.371298
0.202842 -1.267205 -0.343004
0.351351 -1.341417 -0.341079
0.468829 -1.372496 -0.308353
0.479534 -1.353855 -0.302691
0.460193 -1.297608 -0.319391
0.429006 -1.218590 -0.329072
0.445306 -1.145411 -0.313641
0.470048 -1.083122 -0.294834
0.498962 -1.038319 -0.254051
0.529615 -0.996759 -0.233065
0.491777 -0.979738 -0.228216
0.411051 -0.964646 -0.235276
0.320853 -0.985325 -0.238790
0.245945 -1.065963 -0.251675
0.205877 -1.102427 -0.251410
0.162537 -1.118439 -0.253463
0.184279 -1.122363 -0.253499
0.243419 -1.161667 -0.260415
0.295595 -1.220679 -0.245047
0.400230 -1.296684 -0.238737
0.560080 -1.381248 -0.210343
0.611649 -1.362957 -0.178059
0.716378 -1.310369 -0.154955
0.765132 -1.247116 -0.128242
0.754293 -1.173729 -0.134905
0.679259 -1.111280 -0.111453
0.469701 -1.030844 -0.122604
0.273973 -0.963973 -0.107450
0.138491 -0.916718 -0.102775
0.040317 -0.904958 -0.101183
-0.005471 -0.890483 -0.103443
-0.013021 -0.898688 -0.094268
-0.029477 -0.922917 -0.101959
0.001490 -0.962179 -0.124085
0.073561 -0.999946 -0.130609
0.204961 -1.064143 -0.143682
0.313098 -1.117691 -0.139548
0.446862 -1.185514 -0.121367
0.579072 -1.226059 -0.113957
0.689691 -1.292244 -0.070513
0.755663 -1.323120 -0.049804
0.787214 -1.298653 -0.017488
0.793612 -1.257799 0.017075
0.751966 -1.198846 0.020773
0.611426 -1.091425 0.034580
0.447131 -1.000274 0.025734
0.329596 -0.946942 0.043685
0.242598 -0.923364 0.030716
0.165240 -0.926782 0.062157
0.170195 -0.943037 0.091096
0.230658 -0.975232 0.102965
0.291178 -1.001122 0.106853
0.391135 -1.054343 0.063135
0.446083 -1.125586 0.021454
0.483267 -1.181027 -0.024803
0.553953 -1.237286 -0.052045
0.598823 -1.258363 -0.048524
0.613562 -1.213329 -0.065265
0.643246 -1.188505 -0.053070
0.676597 -1.139427 -0.053441
0.688076 -1.101906 -0.033200
0.577321 -1.048738 -0.009525
0.366246 -0.948655 -0.031615
0.190356 -0.848148 -0.045081
0.068856 -0.848870 -0.080815
0.071416 -0.861259 -0.080084
0.137212 -0.910939 -0.065582
0.200059 -0.952606 -0.093228
0.262547 -0.983680 -0.101391
0.351419 -1.046788 -0.113833
0.448024 -1.108213 -0.156595
0.451597 -1.150146 -0.171475
0.460889 -1.178292 -0.184388
0.569643 -1.204825 -0.205477
0.637031 -1.255577 -0.200601
0.706538 -1.240225 -0.177676
0.747276 -1.240081 -0.147853
0.729387 -1.237894 -0.146595
0.700625 -1.178288 -0.145227
0.577640 -1.185662 -0.135555
0.488931 -1.166187 -0.149882
0.346046 -1.161890 -0.147198
0.178858 -1.152310 -0.155651
0.117033 -1.156795 -0.162630
0.167165 -1.209249 -0.134788
0.274968 -1.305210 -0.149328
0.400833 -1.343231 -0.132433
0.543179 -1.388650 -0.091132
0.686592 -1.418159 -0.090184
0.799223 -1.394818 -0.075236
0.868725 -1.391557 -0.038097
0.909877 -1.354314 -0.037708
0.892155 -1.317459 0.007589
0.864156 -1.288746 0.035332
0.811742 -1.240432 0.068767
0.768160 -1.227762 0.075681
0.665689 -1.166827 0.118825
0.577898 -1.147185 0.099562
0.473578 -1.073141 0.099738
0.426439 -1.019766 0.081788
0.431407 -1.017669 0.076065
0.499206 -1.043018 0.076241
0.539472 -1.040006 0.113778
0.644787 -1.069997 0.125537
0.732260 -1.042932 0.117105
0.772705 -1.060920 0.123796
0.730918 -1.051904 0.097857
0.662614 -1.053281 0.086159
0.588799 -1.050609 0.089349
0.550600 -1.077129 0.101182
0.538208 -1.121417 0.067255
0.557622 -1.129095 0.080396
0.551678 -1.089096 0.080392
0.523500 -1.097595 0.079547
0.480912 -1.104424 0.054073
0.480665 -1.063325 0.041643
0.410974 -1.071236 0.039164
0.395502 -1.043360 0.013561
0.329159 -1.026385 -0.001864
0.330728 -1.073266 -0.013785
0.378860 -1.104032 -0.036060
0.386782 -1.156179 -0.044613
0.403510 -1.195948 -0.063121
0.428995 -1.234342 -0.075537
0.458211 -1.297150 -0.111822
0.472931 -1.315263 -0.120649
0.429608 -1.319725 -0.163654
0.366797 -1.326550 -0.182555
0.429136 -1.299798 -0.201401
0.470730 -1.258680 -0.192894
0.469846 -1.238192 -0.192960
0.415526 -1.147681 -0.199546
0.317019 -1.083503 -0.187148
0.236346 -1.017162 -0.170721
0.183445 -0.980948 -0.178489
0.118177 -0.954502 -0.183841
0.098166 -0.929618 -0.188476
0.117619 -0.926016 -0.202770
0.107103 -0.961082 -0.220231
0.180687 -0.974749 -0.239392
0.264358 -0.974792 -0.235366
0.310117 -1.015193 -0.260453
0.400460 -1.015689 -0.253719
0.482394 -1.039523 -0.258918
0.493699 -1.019700 -0.199588
0.515756 -0.994622 -0.184010
0.557404 -0.975239 -0.136537
0.599987 -0.952973 -0.083863
0.634299 -0.919462 -0.037516
0.514791 -0.887187 -0.007900
0.383753 -0.863659 -0.011400
0.284243 -0.819403 0.006715
0.175852 -0.802475 0.023897
0.193092 -0.813472 0.072807
0.279917 -0.855867 0.070277
0.382524 -0.921022 0.108730
0.457422 -0.967278 0.099451
0.536196 -0.983112 0.127976
0.569212 -0.994467 0.126602
0.579357 -0.987696 0.141164
0.568977 -0.997212 0.149244
0.584894 -1.034373 0.163987
0.620323 -1.009332 0.166694
0.600259 -1.000337 0.183536
0.565731 -0.979847 0.183316
0.565946 -0.953640 0.189672
0.523471 -0.947507 0.169269
0.412049 -0.921119 0.191577
0.336661 -0.885609 0.170485
0.227794 -0.840302 0.148163
0.152197 -0.784202 0.141453
0.133972 -0.777898 0.129266
0.170556 -0.796899 0.128736
0.303888 -0.838927 0.158159
0.443712 -0.895568 0.169501
0.581919 -0.943523 0.196582
0.694920 -0.994228 0.199973
0.782723 -0.984049 0.216632
0.835315 -0.986290 0.228523
0.731761 -0.974500 0.207452
0.628428 -0.920044 0.213490
0.504783 -0.872967 0.238729
0.435403 -0.830973 0.259843
0.362485 -0.786193 0.275250
0.402515 -0.791069 0.301855
0.500295 -0.803537 0.321012
0.532787 -0.763776 0.300534
0.481671 -0.756204 0.284892
0.473687 -0.734087 0.269293
0.479857 -0.756126 0.244307
0.485655 -0.801805 0.244767
0.513970 -0.852579 0.280575
0.541900 -0.912824 0.288677
0.533458 -0.957134 0.294268
0.585663 -0.939011 0.296799
0.608716 -0.953167 0.290442
0.588852 -0.965378 0.285856
0.594148 -0.950540 0.264819
0.563392 -0.954790 0.265367
0.556492 -0.986015 0.308597
0.515426 -1.000147 0.333669
0.490543 -1.016762 0.335158
0.451569 -0.967010 0.362053
0.456538 -0.943717 0.382032
0.442233 -0.961092 0.357517
0.441945 -0.990097 0.361218
0.427314 -0.979170 0.357829
0.468528 -0.991894 0.365002
0.542350 -0.970652 0.402835
0.684921 -0.945679 0.425438
0.819642 -0.902039 0.463540
0.753266 -0.903960 0.466912
0.635312 -0.824538 0.467152
0.534324 -0.839355 0.464723
0.505388 -0.856054 0.481828
0.531728 -0.828296 0.492417
0.567039 -0.812713 0.516457
0.609811 -0.783777 0.539851
0.659962 -0.776028 0.541113
0.660401 -0.766269 0.534049
0.652222 -0.774710 0.521657
0.689648 -0.809458 0.503373
0.706003 -0.834700 0.496819
0.677543 -0.863928 0.466600
0.696684 -0.874795 0.469199
0.716647 -0.911662 0.491638
0.737160 -0.945176 0.524779
0.839963 -0.948201 0.551422
0.897392 -0.945825 0.571742
1.039635 -0.937760 0.620609
1.062311 -0.921050 0.620217
1.032769 -0.874044 0.613029
0.925518 -0.852639 0.596758
0.862046 -0.868677 0.591610
0.832775 -0.892623 0.585822
0.837111 -0.904537 0.593076
0.817658 -0.965848 0.593868
0.815926 -0.952072 0.593125
0.829092 -0.945633 0.575820
0.805096 -0.973301 0.538230
0.770893 -0.997077 0.494329
0.803018 -1.019224 0.476867
0.905829 -1.032810 0.478284
1.000078 -1.041725 0.482927
1.022131 -1.061505 0.474138
0.964027 -1.067249 0.421802
0.899299 -1.066514 0.375510
0.835656 -1.029824 0.379401
0.817076 -1.036107 0.351506
0.799414 -1.043055 0.315676
0.773140 -1.088414 0.274110
0.793080 -1.110043 0.292449
0.821571 -1.135356 0.261807
0.849719 -1.121500 0.244369
0.915344 -1.112793 0.248464
0.970543 -1.089502 0.225135
1.008063 -1.073718 0.224421
0.993950 -1.059384 0.233345
0.988339 -1.072541 0.234851
0.970706 -1.084959 0.235104
0.937880 -1.090915 0.235398
0.897706 -1.082797 0.219353
0.849276 -1.071934 0.178018
0.798978 -1.059568 0.148917
0.838492 -1.067169 0.146531
0.916186 -1.132383 0.152303
0.977442 -1.175466 0.176301
1.056114 -1.228878 0.158991
1.161526 -1.240588 0.155957
1.246999 -1.262821 0.147287
1.288481 -1.278660 0.146661
1.305981 -1.273552 0.158355
1.282263 -1.270201 0.171982
1.233267 -1.236515 0.171691
1.173401 -1.202402 0.188900
1.089058 -1.148737 0.229703
1.013973 -1.095569 0.261257
0.847470 -1.009065 0.240396
0.671395 -0.941579 0.230062
0.595765 -0.913043 0.221940
0.656832 -0.927300 0.217222
0.835062 -1.008801 0.218509
0.941414 -1.016633 0.253019
1.060219 -1.032342 0.297768
1.156204 -1.063350 0.320796
1.197225 -1.059367 0.337077
1.250140 -1.028647 0.376132
1.253864 -1.045570 0.384889
1.230512 -1.031107 0.416415
1.207057 -1.000010 0.417375
1.134165 -0.947542 0.438338
1.036313 -0.905773 0.475342
1.036919 -0.871599 0.504779
0.837732 -0.772907 0.509333
0.769707 -0.728945 0.529110
0.729132 -0.692402 0.526313
0.766013 -0.714182 0.513378
0.983585 -0.862792 0.541606
1.007120 -0.877356 0.551020
1.085193 -0.958078 0.532445
1.075968 -0.962546 0.530368
1.213458 -1.031350 0.528298
1.307750 -1.045926 0.526079
1.307750 -1.045926 0.526079
1.328923 -1.051325 0.506099
1.193142 -1.062804 0.471139
0.928410 -0.903782 0.498255
0.951446 -0.880139 0.517048
0.971165 -0.867301 0.548917
0.975762 -0.850258 0.542928
0.966266 -0.784912 0.575668
0.952702 -0.749229 0.558269
0.979130 -0.747449 0.564802
0.965806 -0.739965 0.559391
0.995647 -0.708406 0.555243
0.997959 -0.711728 0.557226
0.983187 -0.698058 0.548299
0.845563 -0.696724 0.555389
0.858943 -0.718993 0.533933
0.991618 -0.724329 0.534935
1.119224 -0.762189 0.531827
1.200378 -0.826873 0.511963
1.253905 -0.857536 0.503651
1.258472 -0.873356 0.463756
1.258472 -0.873356 0.463756
1.232061 -0.877898 0.451443
1.188112 -0.836518 0.426413
1.165187 -0.789947 0.415939
1.176469 -0.806855 0.412743
1.137575 -0.811899 0.431927
1.086241 -0.772930 0.453164
1.019981 -0.741697 0.485583
0.989981 -0.712086 0.500285
0.958256 -0.703136 0.497049
0.911079 -0.692082 0.496364
0.891592 -0.740639 0.506522
0.895231 -0.722000 0.490907
0.920311 -0.732947 0.481429
0.844645 -0.709947 0.482615
0.788591 -0.725731 0.491760
0.813681 -0.757320 0.494679
0.917067 -0.822173 0.506442
1.048193 -0.843681 0.522284
1.166771 -0.816301 0.552711
1.198473 -0.793873 0.570185
1.164962 -0.740863 0.569937
1.153049 -0.682068 0.569895
1.134370 -0.675600 0.560845
1.144081 -0.690571 0.555164
1.097835 -0.677167 0.552023
1.023379 -0.701279 0.563632
1.015994 -0.688847 0.562078
1.018951 -0.712813 0.557913
1.010085 -0.716920 0.541328
1.025990 -0.731182 0.579137
1.037053 -0.741837 0.592775
1.048515 -0.752214 0.580666
1.032544 -0.771801 0.590317
1.049847 -0.752922 0.603384
1.086542 -0.741830 0.600904
1.102602 -0.748995 0.614550
1.096017 -0.728890 0.646778
1.102371 -0.725221 0.637247
1.092387 -0.731681 0.642958
1.086752 -0.733803 0.655726
1.103815 -0.700348 0.654385
1.111710 -0.698252 0.648061
1.088437 -0.705776 0.655557
1.070190 -0.693409 0.652428
1.091271 -0.653849 0.662282
1.044927 -0.668793 0.660325
1.037621 -0.677321 0.663421
1.032855 -0.640364 0.664456
1.005498 -0.661245 0.658493
0.975821 -0.598486 0.674532
0.976946 -0.594146 0.668339
0.962219 -0.599530 0.670718
0.993001 -0.654717 0.670632
1.032676 -0.700850 0.667332
1.055891 -0.770850 0.706339
1.071139 -0.821209 0.682163
1.105752 -0.887044 0.688785
1.150793 -0.899029 0.713527
1.221747 -0.926305 0.714208
1.206768 -0.972903 0.716620
1.206611 -0.972085 0.708859
1.257078 -0.971586 0.726029
1.266876 -0.944287 0.782666
1.290776 -0.912622 0.809013
1.319952 -0.882573 0.803827
1.297265 -0.866627 0.824059
1.238326 -0.846486 0.818773
1.121924 -0.806765 0.817995
0.978115 -0.818692 0.772224
0.933048 -0.812273 0.757675
0.940413 -0.815453 0.759429
1.022513 -0.878883 0.761388
1.141184 -0.888149 0.795759
1.302273 -0.878432 0.786663
1.407297 -0.853753 0.790825
1.449960 -0.840588 0.795894
1.461517 -0.795338 0.768743
1.321120 -0.796162 0.734917
1.113458 -0.773228 0.700854
0.989987 -0.734900 0.664106
0.906134 -0.739094 0.651697
0.848571 -0.780518 0.656124
0.811344 -0.805410 0.636880
0.784469 -0.832013 0.630791
0.775352 -0.868840 0.605028
0.863408 -0.913295 0.611681
0.936270 -0.926849 0.605638
0.978699 -0.882288 0.618747
1.012809 -0.876991 0.615086
1.027643 -0.846764 0.629735
1.077549 -0.860882 0.657984
1.080658 -0.858954 0.692844
1.100523 -0.879337 0.693274
1.118141 -0.862069 0.692275
1.116952 -0.841966 0.656718
1.117295 -0.824760 0.649907
1.120701 -0.788281 0.661044
1.109296 -0.763842 0.647947
1.128406 -0.739047 0.673007
1.132517 -0.710057 0.674548
1.099898 -0.708567 0.671520
1.121824 -0.734349 0.670215
1.099617 -0.749300 0.681525
1.090632 -0.785234 0.689299
1.102591 -0.795359 0.691303
1.037522 -0.849404 0.667313
0.979178 -0.845253 0.679987
0.961628 -0.865846 0.644975
0.953717 -0.845917 0.666998
0.998464 -0.822370 0.666302
1.042186 -0.799271 0.661498
1.087036 -0.761159 0.674345
1.093649 -0.692401 0.703135
1.102452 -0.661483 0.692475
1.089331 -0.616222 0.689777
1.085108 -0.591802 0.712668
1.076205 -0.573799 0.705015
1.082504 -0.576575 0.740241
1.072889 -0.585981 0.741655
1.055433 -0.613063 0.728430
1.055793 -0.621249 0.718999
1.051231 -0.613907 0.716070
1.055610 -0.618235 0.682944
1.041854 -0.619376 0.686425
1.039972 -0.617211 0.684597
1.039972 -0.617211 0.684597
1.000102 -0.622397 0.684506
1.000102 -0.622397 0.684506
0.951167 -0.652532 0.705951
0.982407 -0.718680 0.717294
1.038644 -0.771828 0.717204
1.112984 -0.801148 0.732463
1.124213 -0.796629 0.751850
1.073722 -0.790794 0.728874
1.046148 -0.750974 0.692354
0.984082 -0.727738 0.713350
0.994835 -0.701409 0.749057
0.972119 -0.686127 0.764653
0.934610 -0.656952 0.792059
0.938844 -0.647542 0.787668
0.909615 -0.635875 0.788612
0.897947 -0.594392 0.796416
0.910044 -0.586060 0.790127
0.911697 -0.573716 0.760947
0.893892 -0.521269 0.724309
0.875955 -0.524533 0.729682
0.873312 -0.483419 0.717029
0.927684 -0.497627 0.705242
1.025862 -0.513170 0.710397
1.136770 -0.523242 0.704638
1.159644 -0.562080 0.686834
1.137258 -0.596322 0.645194
1.100770 -0.627709 0.615159
1.035092 -0.629757 0.624667
0.977921 -0.643828 0.610009
0.955321 -0.637240 0.583465
0.912127 -0.653249 0.614085
0.912720 -0.662302 0.620181
0.948091 -0.694280 0.639282
0.951362 -0.732718 0.648734
1.010088 -0.726252 0.647603
1.059676 -0.771999 0.638984
1.068649 -0.798616 0.653246
1.099565 -0.851836 0.655431
1.087669 -0.872617 0.646213
0.924806 -0.897504 0.662345
0.897363 -0.861818 0.662565
0.943538 -0.852014 0.670575
0.968662 -0.855461 0.689044
1.054862 -0.778323 0.729177
1.081018 -0.750633 0.746330
1.065224 -0.739719 0.741267
1.065224 -0.739719 0.741267
1.058695 -0.716135 0.732427
1.065221 -0.662201 0.720002
1.090541 -0.682745 0.711972
1.104167 -0.665335 0.734725
0.955379 -0.703697 0.749944
0.849812 -0.689627 0.731844
0.876239 -0.658929 0.733110
0.933639 -0.652771 0.715877
0.981315 -0.651709 0.713602
1.097231 -0.651358 0.716848
1.156675 -0.655646 0.710455
1.237956 -0.671740 0.714780
1.294379 -0.702132 0.735750
1.227895 -0.695621 0.748316
1.236805 -0.695730 0.758357
1.195644 -0.693057 0.748833
1.109485 -0.670580 0.772135
1.053544 -0.631428 0.794982
0.896938 -0.686401 0.816024
0.866315 -0.673972 0.832992
0.904351 -0.705117 0.807130
0.890433 -0.701448 0.805067
0.913137 -0.702926 0.803074
0.988461 -0.699450 0.790954
0.999381 -0.696299 0.810999
1.027994 -0.698298 0.812201
1.018290 -0.724871 0.819172
1.012985 -0.751188 0.821252
1.021110 -0.727281 0.818773
1.008222 -0.758777 0.865184
1.028591 -0.698335 0.883581
1.022812 -0.667559 0.878658
0.991124 -0.654695 0.882497
0.920030 -0.642597 0.879605
0.838796 -0.638356 0.841188
0.842569 -0.620148 0.857772
0.917586 -0.654631 0.869600
1.013409 -0.702282 0.840568
1.068299 -0.710597 0.826594
1.147707 -0.712175 0.817770
1.178267 -0.728690 0.812638
1.204032 -0.759722 0.785721
1.208032 -0.754205 0.784532
1.169957 -0.763833 0.781574
1.167281 -0.782509 0.783252
1.150166 -0.787240 0.790538
1.093317 -0.789078 0.812354
1.086633 -0.799856 0.815423
1.059977 -0.815342 0.828503
1.017994 -0.828291 0.837467
0.990564 -0.805317 0.818982
0.963212 -0.792731 0.815346
0.955296 -0.789010 0.833344
1.030819 -0.833480 0.829486
1.044150 -0.868783 0.845165
1.044180 -0.869538 0.855395
1.049949 -0.875287 0.864859
1.044843 -0.855873 0.874273
1.030154 -0.863149 0.865246
1.036002 -0.840599 0.862335
1.050305 -0.855597 0.870772
1.084381 -0.845520 0.846429
1.072097 -0.848891 0.835157
1.079478 -0.831137 0.840047
1.021854 -0.765240 0.813771
0.998607 -0.725277 0.823282
1.013171 -0.699523 0.854251
1.043240 -0.726393 0.847513
1.071640 -0.716282 0.837755
1.084865 -0.730484 0.821048
1.095202 -0.726941 0.829307
1.125793 -0.714114 0.827266
1.133738 -0.756525 0.813412
1.142850 -0.773595 0.817405
1.158727 -0.775309 0.819107
1.159325 -0.835859 0.817915
1.183101 -0.868723 0.832150
1.156751 -0.923508 0.851179
1.150279 -0.952697 0.847294
1.168884 -0.954082 0.824395
1.142662 -0.990640 0.817437
1.133819 -0.986554 0.828565
1.098974 -0.995792 0.834174
1.084766 -0.998458 0.847167
1.080455 -0.929412 0.854189
1.083688 -0.899034 0.861428
1.082306 -0.863484 0.890471
1.065090 -0.864285 0.867947
1.092842 -0.840467 0.870467
1.096583 -0.841731 0.873957
1.124839 -0.834783 0.882604
1.128920 -0.817145 0.861176
1.092768 -0.803068 0.830224
1.113836 -0.786574 0.832736
1.120755 -0.759977 0.832999
1.132478 -0.765219 0.832498
1.150468 -0.746139 0.834355
1.176961 -0.753549 0.831351
1.144919 -0.771677 0.821345
1.188924 -0.808824 0.826470
1.172511 -0.816105 0.805071
1.111246 -0.857813 0.794655
1.138859 -0.894867 0.790463
1.134929 -0.942337 0.771606
1.123904 -0.954894 0.780082
1.113226 -0.951429 0.781831
1.143122 -0.917198 0.759508
1.125134 -0.905967 0.768558
1.113740 -0.887370 0.761398
1.092919 -0.898916 0.765387
1.068725 -0.887513 0.788129
1.072075 -0.880432 0.803731
1.061816 -0.878451 0.814260
1.054013 -0.860332 0.840872
1.068080 -0.835567 0.833853
1.064270 -0.813556 0.853048
1.054850 -0.791991 0.865226
1.078221 -0.763022 0.879314
1.080744 -0.758091 0.880585
1.069723 -0.766411 0.894791
1.075600 -0.775117 0.884078
1.077542 -0.757082 0.885207
1.097844 -0.756288 0.899179
1.138630 -0.772378 0.905155
1.129259 -0.785283 0.936311
1.167945 -0.807977 0.938645
1.181778 -0.833719 0.936496
1.206581 -0.822441 0.948841
1.272134 -0.807170 0.962510
1.329242 -0.789951 0.973330
1.301713 -0.816062 0.968922
1.294336 -0.774413 0.981659
1.291372 -0.772013 0.977456
1.267748 -0.808367 0.985697
1.297766 -0.799697 1.015576
1.319851 -0.834470 1.044018
1.300039 -0.825750 1.066249
1.311034 -0.831988 1.045315
1.275725 -0.812873 1.061367
1.220452 -0.792939 1.058772
1.161623 -0.771795 1.054504
1.152905 -0.772656 1.052996
1.137470 -0.783782 1.038548
1.110894 -0.775987 0.995779
1.096565 -0.768109 0.982091
1.074375 -0.781592 0.929999
1.101818 -0.796379 0.914317
1.086174 -0.800444 0.874857
1.050061 -0.804721 0.846860
1.034324 -0.819013 0.803822
1.012865 -0.826458 0.776746
0.979292 -0.851783 0.742824
0.944461 -0.848130 0.717022
0.971880 -0.845309 0.711159
0.953416 -0.848133 0.701250
0.994570 -0.827439 0.685526
1.027438 -0.819284 0.648431
1.086431 -0.806938 0.671541
1.109234 -0.794519 0.650966
1.102070 -0.763882 0.662081
1.043196 -0.736891 0.648114
0.993042 -0.703808 0.650160
1.025311 -0.703177 0.659534
1.067030 -0.723866 0.667240
1.084815 -0.719739 0.694676
1.012196 -0.699107 0.667427
0.936833 -0.720680 0.640669
0.877334 -0.726918 0.625685
0.857832 -0.767646 0.627011
0.832864 -0.814222 0.630411
0.806456 -0.839655 0.652978
0.795622 -0.842786 0.687018
0.788588 -0.844491 0.704097
0.819256 -0.838348 0.746293
0.866518 -0.775432 0.783130
0.866345 -0.707326 0.842150
0.902800 -0.646732 0.861225
0.905948 -0.627959 0.860051
0.923203 -0.612778 0.879032
0.945793 -0.554547 0.931471
0.940553 -0.575396 0.918253
0.947362 -0.571298 0.959510
1.001342 -0.583382 0.964152
1.020925 -0.583729 0.972727
1.012119 -0.594257 1.004393
1.012869 -0.574978 1.012460
0.987088 -0.572402 0.998299
0.972843 -0.574912 0.993626
0.953048 -0.553800 1.020534
0.863319 -0.534189 1.026590
0.803945 -0.545063 0.997524
0.752657 -0.581073 0.975877
0.780125 -0.615814 0.973866
0.734705 -0.668834 0.923753
0.742991 -0.687511 0.932916
0.781167 -0.689793 0.901624
0.825312 -0.705192 0.907275
0.849968 -0.731304 0.906869
0.851954 -0.741811 0.913734
0.867955 -0.768929 0.939394
0.862023 -0.756399 0.955557
0.871197 -0.743607 0.974523
0.886113 -0.701503 1.023202
0.857559 -0.692146 1.048864
0.865230 -0.698172 1.045540
0.862289 -0.659541 1.066692
0.859041 -0.670317 1.075137
0.838460 -0.647460 1.058727
0.853597 -0.630573 1.069349
0.866245 -0.625073 1.069137
0.873983 -0.625543 1.074176
0.906290 -0.609164 1.056645
0.945167 -0.601943 1.033267
0.993491 -0.614526 1.041110
0.998532 -0.621910 1.020456
1.016602 -0.648684 1.032788
1.038598 -0.632817 1.013933
1.057655 -0.645861 1.038180
1.021273 -0.699147 1.031661
1.052845 -0.714142 1.035616
1.032661 -0.715675 1.050535
1.018477 -0.722318 1.048491
1.023131 -0.717469 1.054362
1.038065 -0.732418 1.058094
0.938825 -0.750445 1.061729
0.872074 -0.758681 1.057365
0.814813 -0.792865 1.046845
0.840188 -0.814185 1.044910
0.865449 -0.818303 1.046151
0.933530 -0.771781 1.074968
0.939415 -0.772086 1.060534
0.963142 -0.709218 1.074883
0.938025 -0.709536 1.061060
0.929728 -0.690893 1.072337
0.904399 -0.699040 1.068449
0.903943 -0.698769 1.046702
0.924870 -0.758237 1.028203
0.931464 -0.753426 1.020468
0.987853 -0.754171 1.012941
1.048218 -0.722042 1.040508
1.075139 -0.715829 1.046456
1.137059 -0.688099 1.034684
1.117468 -0.701316 1.047079
1.113082 -0.704190 1.033604
1.052235 -0.692821 0.997264
1.038874 -0.701958 0.974515
1.008098 -0.694484 0.951724
0.959078 -0.696915 0.940731
0.953816 -0.745084 0.900604
0.965037 -0.755833 0.874762
0.957363 -0.826986 0.868019
0.911389 -0.854325 0.837218
0.911022 -0.873124 0.837750
0.900884 -0.857928 0.840153
0.893847 -0.875950 0.829445
0.871687 -0.885346 0.804562
0.863253 -0.893383 0.808989
0.825733 -0.880206 0.804995
0.812387 -0.888714 0.793441
0.795399 -0.860385 0.798641
0.808434 -0.885722 0.762545
0.824890 -0.908402 0.752539
0.833325 -0.905103 0.750867
0.823132 -0.869566 0.723461
0.823677 -0.858418 0.721558
0.846323 -0.817568 0.722812
0.827242 -0.781312 0.727748
0.855102 -0.720358 0.754642
0.835158 -0.701197 0.732155
0.797538 -0.675791 0.740554
0.826098 -0.684042 0.741420
0.740694 -0.691035 0.726749
0.693133 -0.679343 0.723384
0.752885 -0.733593 0.714963
0.817240 -0.773234 0.703360
0.896397 -0.807935 0.701407
0.912972 -0.796841 0.709241
0.920454 -0.801056 0.680772
0.901860 -0.784240 0.680043
0.874053 -0.770099 0.711460
0.841464 -0.759938 0.710240
0.836831 -0.759245 0.754691
0.809192 -0.753670 0.779301
0.807542 -0.750735 0.783137
0.818972 -0.771242 0.812224
0.785283 -0.753509 0.844922
0.774448 -0.755049 0.829397
0.808493 -0.811144 0.843264
0.813495 -0.807685 0.840808
0.864527 -0.794630 0.851170
0.871550 -0.823067 0.844500
0.886755 -0.783936 0.877944
0.822893 -0.787796 0.881110
0.766341 -0.774378 0.868262
0.729531 -0.775124 0.870519
0.674594 -0.792927 0.869760
0.658895 -0.753733 0.853050
0.707007 -0.722526 0.871938
0.725160 -0.741435 0.885739
0.831742 -0.709586 0.882280
0.939745 -0.688350 0.898421
1.034688 -0.685982 0.912631
1.045181 -0.679310 0.892495
1.042503 -0.684824 0.876536
0.943992 -0.643992 0.866678
0.881562 -0.616239 0.857501
0.847295 -0.601141 0.878837
0.829495 -0.605862 0.866313
0.805480 -0.615355 0.857410
0.789885 -0.599770 0.855104
0.773423 -0.655091 0.836594
0.745907 -0.670071 0.824688
0.724372 -0.728500 0.813143
0.722824 -0.752213 0.804559
0.729450 -0.816149 0.778287
0.695358 -0.812994 0.779989
0.755122 -0.807971 0.787838
0.791585 -0.821774 0.783229
0.842573 -0.838856 0.799518
0.848939 -0.834478 0.805690
0.807830 -0.763548 0.825610
0.803112 -0.729058 0.833293
0.805934 -0.703009 0.850365
0.825907 -0.701751 0.873600
0.828109 -0.668450 0.859601
0.830348 -0.677713 0.855606
0.802156 -0.662822 0.861030
0.812428 -0.646115 0.851634
0.799277 -0.641555 0.857661
0.789938 -0.651846 0.842284
0.782432 -0.642836 0.835453
0.789617 -0.656335 0.836461
0.817787 -0.672600 0.827338
0.848739 -0.640402 0.848115
0.866586 -0.644686 0.845428
0.939350 -0.684047 0.855003
0.947902 -0.675391 0.861188
0.906180 -0.666603 0.847825
0.880254 -0.659374 0.856909
0.837176 -0.661614 0.858335
0.759606 -0.669328 0.845566
0.770169 -0.670990 0.830166
0.729949 -0.672131 0.839064
0.746110 -0.679942 0.821001
0.772221 -0.724614 0.814728
0.757648 -0.707664 0.819581
0.809376 -0.701734 0.822096
0.806970 -0.714180 0.802576
0.841198 -0.685776 0.823244
0.850751 -0.681395 0.823784
0.832148 -0.660438 0.832319
0.813144 -0.691930 0.817017
0.795333 -0.651552 0.845618
0.767895 -0.628290 0.854954
0.740760 -0.624790 0.853050
0.673752 -0.597460 0.851529
0.644066 -0.596096 0.843602
0.642579 -0.611161 0.818767
0.714652 -0.595256 0.828743
0.824232 -0.605979 0.858453
0.906050 -0.601201 0.858643
0.965336 -0.627126 0.847285
0.960888 -0.607232 0.833798
0.959179 -0.609039 0.838492
0.920799 -0.602577 0.814483
0.892646 -0.603857 0.808673
0.881244 -0.613246 0.816134
0.831097 -0.622152 0.809920
0.818012 -0.604966 0.842038
0.808994 -0.609095 0.857081
0.791837 -0.606789 0.885334
0.799966 -0.614390 0.904800
0.844641 -0.627037 0.930982
0.908149 -0.650795 0.956607
0.929663 -0.677265 0.960410
0.961740 -0.660143 0.990042
1.005877 -0.665458 0.985201
0.975687 -0.640275 1.021466
0.915503 -0.670395 0.993399
0.883560 -0.685808 0.998435
0.867007 -0.709166 1.015995
0.879180 -0.690755 1.052013
0.910463 -0.647339 1.103713
0.946444 -0.608148 1.125839
0.944229 -0.567861 1.121643
0.948209 -0.566716 1.102588
0.907065 -0.573370 1.084917
0.894674 -0.549835 1.093625
0.939935 -0.539728 1.091403
1.001391 -0.528391 1.100930
1.053263 -0.539425 1.089335
1.044688 -0.548258 1.053893
1.028967 -0.546030 1.047959
0.985047 -0.509771 1.065008
0.990085 -0.462697 1.118683
0.953804 -0.391409 1.122247
0.929482 -0.452325 1.103716
0.989301 -0.506660 1.090784
1.066073 -0.529066 1.097540
1.053529 -0.489752 1.132560
0.978299 -0.454785 1.119769
0.955628 -0.465201 1.096971
0.993932 -0.457124 1.112337
1.047539 -0.474361 1.141853
1.042197 -0.495338 1.161291
0.957151 -0.522655 1.118558
0.878884 -0.589391 1.085482
0.865469 -0.633831 1.049105
0.929281 -0.653792 1.053040
0.984831 -0.656663 1.080845
0.952161 -0.641116 1.082444
0.959980 -0.670453 1.093960
1.011301 -0.667137 1.112235
1.037015 -0.644762 1.146271
1.014408 -0.625330 1.151306
1.004312 -0.666713 1.146137
1.015284 -0.635487 1.167343
1.037428 -0.565189 1.205836
1.089511 -0.522506 1.214437
1.116300 -0.478163 1.231216
1.129269 -0.497646 1.236977
1.025616 -0.577277 1.191186
1.029014 -0.576779 1.212546
1.105161 -0.542149 1.255547
1.143488 -0.521316 1.288343
1.169021 -0.564017 1.271916
1.159271 -0.608447 1.270203
1.151049 -0.648284 1.247330
1.140247 -0.629572 1.245998
1.170307 -0.580949 1.274879
1.180018 -0.552039 1.317613
1.138523 -0.576278 1.296605
1.075380 -0.602077 1.276917
1.038021 -0.597442 1.302695
1.046574 -0.582067 1.338464
1.103950 -0.544416 1.376850
1.138822 -0.524360 1.382370
1.186520 -0.613657 1.338709
1.254931 -0.700358 1.343906
1.323822 -0.736165 1.358338
1.373030 -0.759482 1.380472
1.351498 -0.796724 1.352510
1.259941 -0.824967 1.310483
1.148282 -0.812280 1.317434
1.113836 -0.736015 1.393822
1.108443 -0.603063 1.450643
1.112595 -0.512522 1.495373
1.114413 -0.432305 1.517168
1.101329 -0.442451 1.481031
1.064485 -0.483695 1.444032
1.057836 -0.526593 1.419692
1.031775 -0.525080 1.414612
1.027845 -0.525587 1.403048
1.036032 -0.560693 1.355941
1.107795 -0.583884 1.348538
1.181830 -0.660526 1.322144
1.234644 -0.678492 1.329755
1.249167 -0.662521 1.336805
1.266734 -0.682134 1.303918
1.252710 -0.713036 1.275215
1.178517 -0.708526 1.256455
1.044139 -0.720382 1.265806
0.962980 -0.749746 1.249587
0.880178 -0.738887 1.262178
0.803085 -0.727493 1.249538
0.793524 -0.767815 1.226408
0.888228 -0.835060 1.255822
0.973143 -0.873220 1.260932
1.028303 -0.892580 1.300455
1.081270 -0.908006 1.274344
1.104597 -0.910828 1.289441
1.166942 -0.931679 1.271127
1.252337 -0.956411 1.286929
1.318331 -0.993628 1.272453
1.319485 -1.002753 1.238919
1.240432 -0.984703 1.217771
1.154769 -0.973428 1.177360
1.088830 -0.914713 1.172149
1.032866 -0.860565 1.192045
0.982924 -0.825636 1.189063
0.909777 -0.724567 1.187953
0.848618 -0.638287 1.184410
0.773129 -0.547627 1.205593
0.686234 -0.525351 1.180234
0.731741 -0.574539 1.168142
0.764472 -0.647334 1.152996
0.808650 -0.676089 1.154956
0.816145 -0.735981 1.112718
0.878860 -0.784536 1.050647
0.922843 -0.840605 1.002181
0.992538 -0.907209 0.978034
1.042860 -0.929474 0.981431
1.135374 -0.984016 0.979188
1.241642 -1.022167 0.987428
1.294411 -1.034786 1.013794
1.335477 -1.046609 1.012299
1.263372 -0.971165 1.019371
1.082569 -0.910484 0.993383
0.938158 -0.865392 1.000243
0.756509 -0.816704 0.976439
0.668107 -0.834284 0.982827
0.659597 -0.865349 1.005507
0.709204 -0.977162 1.024869
0.757235 -1.012845 1.029628
0.815054 -1.048032 1.013417
0.876013 -1.050346 0.998354
0.938859 -1.102624 0.980665
1.018381 -1.134908 0.984499
1.084242 -1.127534 1.007178
1.143732 -1.084806 1.015987
1.174298 -1.050561 1.047279
1.110973 -1.001030 1.036236
1.071670 -0.954441 1.039483
1.050168 -0.963362 1.000893
1.017327 -0.962409 1.020672
0.980984 -0.969615 0.993851
0.954059 -0.984190 0.970686
0.944247 -0.967576 0.963817
0.913186 -0.947897 0.937431
0.828549 -0.933881 0.922499
0.826187 -0.943552 0.909255
0.860150 -0.930695 0.954265
0.970178 -0.955617 0.978982
1.039642 -0.924052 1.010391
1.057620 -0.915084 0.997165
1.083105 -0.943631 0.973298
1.130336 -0.993164 0.960368
1.144467 -1.058990 0.960101
1.153131 -1.173526 0.929870
1.202084 -1.241040 0.923930
1.208801 -1.265518 0.907476
1.170652 -1.270721 0.900068
1.113355 -1.216011 0.885670
1.039536 -1.166506 0.900145
0.929545 -1.135943 0.918542
0.828681 -1.064744 0.955915
0.791559 -1.023350 0.971882
0.786177 -1.009238 1.000069
0.776722 -1.026177 1.019117
0.776176 -1.052701 0.988083
0.765095 -1.092472 0.972054
0.764790 -1.135825 0.937479
0.818352 -1.183776 0.877548
0.881084 -1.214167 0.851410
0.963351 -1.241644 0.818026
1.026122 -1.284578 0.809470
1.089296 -1.242079 0.809924
1.171708 -1.196986 0.843149
1.208734 -1.145393 0.895648
1.228826 -1.071122 0.915393
1.238016 -1.082248 0.932549
1.200580 -1.046206 0.954594
1.077720 -1.036525 0.912290
0.999692 -1.027207 0.908111
0.829767 -1.010625 0.900531
0.783210 -1.051387 0.856921
0.784408 -1.110239 0.831460
0.824344 -1.163846 0.838193
0.837670 -1.157764 0.833168
0.872380 -1.191028 0.811198
0.882362 -1.192064 0.828233
0.904455 -1.207717 0.830883
0.933910 -1.188811 0.823849
0.937778 -1.196898 0.805487
0.945187 -1.190005 0.792368
0.934956 -1.177473 0.814735
0.896823 -1.207804 0.795696
0.863113 -1.246054 0.764950
0.844895 -1.246939 0.751548
0.839788 -1.247076 0.748768
0.839788 -1.247076 0.748768
0.746228 -1.259257 0.715765
0.751614 -1.204492 0.717752
0.737885 -1.176185 0.725734
0.712781 -1.078940 0.736298
0.728502 -0.978032 0.743514
0.719174 -0.944029 0.771792
0.765039 -0.984199 0.800958
0.841054 -1.094081 0.759929
0.904410 -1.147711 0.766982
0.963300 -1.207018 0.759145
1.010475 -1.261051 0.729299
0.976551 -1.305372 0.711448
0.918362 -1.311509 0.658012
0.838221 -1.266306 0.637403
0.771992 -1.237778 0.650502
0.677321 -1.174450 0.682825
0.631893 -1.157352 0.702999
0.558341 -1.133843 0.744710
0.522847 -1.116823 0.750728
0.571266 -1.135166 0.763488
0.618049 -1.168786 0.771153
0.679584 -1.181952 0.788614
0.721576 -1.208392 0.778897
0.778613 -1.238144 0.784969
0.817973 -1.253641 0.767484
0.891360 -1.256879 0.761821
0.924098 -1.266257 0.767785
0.936307 -1.271673 0.780814
0.948124 -1.240855 0.789130
0.911864 -1.216218 0.815823
0.806704 -1.167524 0.826802
0.710571 -1.114484 0.810487
0.649001 -1.076643 0.813775
0.631225 -1.035660 0.805484
0.656943 -1.026177 0.830482
0.686988 -1.047684 0.834122
0.698036 -1.041538 0.850864
0.703913 -1.078743 0.845038
0.708679 -1.111510 0.801654
0.734988 -1.119178 0.794192
0.804518 -1.166427 0.780783
0.872160 -1.166380 0.797324
0.855628 -1.167057 0.782442
0.831009 -1.153460 0.759608
0.858478 -1.124103 0.801058
0.921410 -1.097044 0.805326
0.927558 -1.059091 0.815466
0.849904 -0.996067 0.823009
0.739349 -0.985500 0.819240
0.640807 -0.994600 0.790091
0.618072 -1.018201 0.787650
0.599810 -1.013286 0.797680
0.592698 -1.066054 0.777665
0.579213 -1.099176 0.782815
0.600511 -1.152071 0.773796
0.636071 -1.164149 0.769737
0.660182 -1.213080 0.755805
0.668804 -1.181583 0.761789
0.700216 -1.180918 0.738245
0.725169 -1.153076 0.745491
0.755005 -1.139397 0.754477
0.768989 -1.119391 0.759853
0.767646 -1.103977 0.766364
0.776356 -1.096346 0.784397
0.776795 -1.091312 0.783242
0.754084 -1.096385 0.769565
0.730810 -1.085617 0.765087
0.709056 -1.068239 0.747748
0.671562 -1.034500 0.748734
0.664599 -1.001087 0.758587
0.665173 -0.972528 0.769863
0.675266 -0.952921 0.769508
0.670796 -0.922133 0.794255
0.665380 -0.938055 0.775673
0.650954 -0.934537 0.770063
0.665184 -0.951653 0.765947
0.676253 -1.011124 0.749393
0.673973 -1.021379 0.757479
0.666852 -1.015660 0.747008
0.668067 -1.030449 0.751410
0.679951 -1.056061 0.735080
0.681452 -1.051321 0.724176
0.690274 -1.051370 0.732460
0.707435 -1.054942 0.733310
0.700194 -1.001491 0.772299
0.702342 -0.996808 0.773889
0.662355 -0.936807 0.792972
0.630937 -0.905489 0.785142
0.598801 -0.891915 0.792312
0.602103 -0.879190 0.792680
0.603256 -0.900700 0.759181
0.627473 -0.905713 0.779120
0.658645 -0.922021 0.777464
0.711577 -0.957373 0.782715
0.782345 -1.015071 0.780379
0.826897 -1.057393 0.777920
0.854312 -1.073863 0.777877
0.861554 -1.075203 0.793520
0.876503 -1.070505 0.800595
0.826198 -1.073924 0.793903
0.763931 -1.019656 0.789937
0.687304 -1.019564 0.783697
0.611799 -0.939565 0.779931
0.580678 -0.935425 0.803420
0.587491 -0.947327 0.802624
0.600936 -0.959703 0.788252
0.627531 -0.950866 0.781630
0.686646 -0.931721 0.775590
0.741526 -0.950912 0.759660
0.763095 -0.927505 0.762893
0.772143 -0.935343 0.742816
0.719108 -0.901649 0.751239
0.714533 -0.916620 0.716462
0.660991 -0.884837 0.722165
0.631424 -0.905012 0.713388
0.628893 -0.896281 0.718783
0.649805 -0.900141 0.704196
0.687461 -0.906161 0.711813
0.729292 -0.971562 0.715250
0.747868 -1.019958 0.703702
0.736014 -1.041689 0.701655
0.736209 -1.055942 0.719844
0.685721 -1.000066 0.725161
0.616199 -0.981636 0.700346
0.576612 -0.973038 0.691044
0.561518 -0.942209 0.684042
0.589346 -0.939441 0.693667
0.614460 -0.916777 0.695564
0.624396 -0.924690 0.669987
0.642302 -0.922255 0.664164
0.666756 -0.922065 0.670766
0.658347 -0.922756 0.654987
0.689590 -0.929328 0.676328
0.668469 -0.938659 0.656391
0.682331 -0.986052 0.629312
0.678708 -0.991456 0.639488
0.694322 -1.003237 0.633910
0.712296 -1.039547 0.634839
0.755051 -1.069751 0.633469
0.783485 -1.105438 0.646512
0.796837 -1.119969 0.650344
0.767078 -1.118107 0.631308
0.768713 -1.110425 0.632415
0.734051 -1.095553 0.634505
0.679748 -1.008500 0.660540
0.636275 -0.984461 0.655805
0.632166 -0.951524 0.675589
0.646633 -0.949308 0.659483
0.647258 -0.935574 0.652375
0.627744 -0.948862 0.640508
0.619177 -0.972835 0.610776
0.586729 -0.965575 0.588888
0.583867 -0.960131 0.589704
0.593928 -0.980067 0.575544
0.628639 -0.971667 0.587749
0.616920 -0.985096 0.586325
0.680603 -0.994056 0.607966
0.775041 -1.028967 0.604485
0.871938 -1.026838 0.614457
0.905294 -0.994074 0.608521
0.872802 -0.971971 0.612555
0.810971 -0.895631 0.620740
0.733114 -0.878131 0.623430
0.649851 -0.841977 0.643095
0.585143 -0.839074 0.645169
0.540160 -0.825178 0.665817
0.493182 -0.870831 0.643334
0.510039 -0.916903 0.635252
0.583853 -0.964851 0.633041
0.622601 -0.968454 0.609164
0.699808 -1.007177 0.601195
0.782122 -1.030374 0.616846
0.829443 -1.043206 0.605940
0.838931 -1.025513 0.615652
0.790636 -0.992701 0.618710
0.725584 -0.944358 0.623478
0.670112 -0.918675 0.613022
0.630526 -0.892444 0.606496
0.593274 -0.844325 0.627368
0.534411 -0.841770 0.581881
0.447593 -0.777303 0.591933
0.382267 -0.728060 0.572988
0.341232 -0.713399 0.573185
0.407095 -0.743991 0.560032
0.487860 -0.765543 0.561235
0.562112 -0.779384 0.585737
0.611420 -0.805120 0.567308
0.650892 -0.840869 0.565849
0.710907 -0.930517 0.547857
0.779310 -1.022075 0.521676
0.772033 -1.075074 0.506182
0.781122 -1.073722 0.512177
0.728184 -1.055306 0.475943
0.677174 -0.992103 0.461893
0.622078 -0.975526 0.470834
0.615076 -0.888726 0.527840
0.607981 -0.825673 0.542607
0.596585 -0.743587 0.585362
0.576946 -0.697233 0.592816
0.518045 -0.676960 0.590882
0.504859 -0.724034 0.572059
0.519207 -0.807684 0.575475
0.565062 -0.898225 0.533041
0.638199 -0.988674 0.521770
0.722202 -1.036931 0.521516
0.784802 -1.041703 0.503617
0.828240 -1.048979 0.516115
0.819295 -0.989063 0.532482
0.750954 -0.914313 0.574055
0.647614 -0.810511 0.573823
0.570167 -0.785063 0.563974
0.523798 -0.776355 0.566055
0.497919 -0.792487 0.575471
0.490864 -0.766447 0.586182
0.453013 -0.749758 0.585779
0.465925 -0.769068 0.565232
0.504079 -0.767986 0.576041
0.529874 -0.772618 0.557729
0.545347 -0.780403 0.550428
0.568146 -0.764588 0.556856
0.656104 -0.732141 0.611010
0.700093 -0.732438 0.633442
0.708401 -0.726004 0.649362
0.685783 -0.734061 0.633148
0.665789 -0.713580 0.641537
0.642396 -0.721657 0.610527
0.607804 -0.707492 0.607685
0.610153 -0.734581 0.596574
0.601382 -0.767014 0.576721
0.646242 -0.756057 0.570900
0.695008 -0.756695 0.544862
0.683593 -0.752726 0.539101
0.682655 -0.752824 0.577533
0.666223 -0.725215 0.596508
0.681172 -0.716603 0.613835
0.663231 -0.727068 0.620734
0.659995 -0.730014 0.631390
0.651263 -0.725751 0.649673
0.616446 -0.748433 0.635358
0.585818 -0.779118 0.616754
0.562374 -0.786227 0.607704
0.570753 -0.792555 0.588750
0.592257 -0.756068 0.569950
0.602067 -0.748846 0.590970
0.638679 -0.732356 0.590557
0.628039 -0.715366 0.585167
0.638272 -0.704156 0.611373
0.607124 -0.677812 0.651031
0.608217 -0.655967 0.654249
0.596060 -0.643343 0.643899
0.611289 -0.652258 0.643768
0.622627 -0.651201 0.643866
0.634682 -0.671587 0.623571
0.623390 -0.692521 0.589492
0.617535 -0.705388 0.579904
0.609950 -0.691295 0.576577
0.602890 -0.667413 0.600042
0.593878 -0.648449 0.606443
0.560693 -0.629454 0.634515
0.557334 -0.632465 0.645992
0.566521 -0.598641 0.660663
0.586970 -0.597641 0.653490
0.588176 -0.581807 0.669607
0.595987 -0.621691 0.673255
0.581187 -0.652716 0.682301
0.619312 -0.662723 0.667615
0.617588 -0.692847 0.659572
0.615591 -0.683916 0.653700
0.638302 -0.655012 0.672254
0.633226 -0.670966 0.645342
0.595059 -0.670669 0.647402
0.606525 -0.643668 0.673653
0.583173 -0.637976 0.662915
0.579417 -0.643868 0.666954
0.554735 -0.642705 0.676982
0.540074 -0.627834 0.664706
0.557305 -0.666903 0.627871
0.522153 -0.668833 0.638488
0.494546 -0.660742 0.606550
0.473151 -0.666260 0.581104
0.426797 -0.686787 0.572813
0.429307 -0.703703 0.554050
0.437002 -0.677807 0.555567
0.459912 -0.670414 0.550070
0.482131 -0.662102 0.536241
0.507676 -0.616583 0.538399
0.500746 -0.588895 0.538725
0.522161 -0.580564 0.516384
0.526299 -0.571908 0.524247
0.509068 -0.560975 0.509138
0.518387 -0.581402 0.513155
0.511081 -0.599886 0.521660
0.509643 -0.638276 0.512244
0.487877 -0.667287 0.497772
0.515614 -0.690761 0.512644
0.520354 -0.685866 0.518366
0.555990 -0.702016 0.531184
0.562932 -0.746601 0.543244
0.548235 -0.753444 0.541374
0.517106 -0.770675 0.576122
0.491647 -0.775869 0.557009
0.482335 -0.777965 0.556237
0.471389 -0.793310 0.539255
0.440710 -0.783655 0.540746
0.402175 -0.760580 0.564199
0.397125 -0.753535 0.561054
0.393489 -0.718882 0.590408
0.424270 -0.695989 0.595711
0.463501 -0.652453 0.608448
0.480762 -0.593195 0.610232
0.507754 -0.559480 0.632771
0.525581 -0.576973 0.616135
0.539149 -0.565364 0.610947
0.562446 -0.611178 0.598194
0.565878 -0.604973 0.601778
0.569112 -0.601698 0.606215
0.550467 -0.597836 0.617056
0.525550 -0.565077 0.627030
0.513871 -0.582652 0.633905
0.449273 -0.590947 0.645394
0.437847 -0.599303 0.655188
0.426316 -0.596530 0.662970
0.421614 -0.620009 0.657347
0.423231 -0.626990 0.660387
0.408280 -0.663572 0.639730
0.424808 -0.679572 0.660776
0.447613 -0.726218 0.651774
0.543239 -0.745528 0.664957
0.591101 -0.758451 0.688539
0.611103 -0.748918 0.711089
0.642026 -0.698955 0.729576
0.640156 -0.650894 0.735941
0.647495 -0.537007 0.772470
0.610343 -0.488735 0.763191
0.538459 -0.496394 0.750538
0.460408 -0.449334 0.763294
0.407571 -0.459020 0.762354
0.392016 -0.465099 0.765644
0.383096 -0.463857 0.773069
0.430260 -0.508372 0.775163
0.489023 -0.526549 0.760890
0.541520 -0.551264 0.781927
0.572805 -0.574962 0.784069
0.628057 -0.628000 0.770333
0.672205 -0.621827 0.788839
0.644849 -0.621940 0.767273
0.582295 -0.588060 0.778115
0.541610 -0.578032 0.768550
0.518714 -0.561823 0.760420
0.512980 -0.538980 0.779216
0.505884 -0.520773 0.768338
0.468744 -0.491934 0.777292
0.463726 -0.501724 0.755595
0.471587 -0.470567 0.767875
0.479495 -0.484876 0.768156
0.489284 -0.466529 0.752909
0.481666 -0.449542 0.777849
0.484638 -0.452127 0.787482
0.523441 -0.494103 0.788263
0.553609 -0.522917 0.794117
0.563498 -0.546817 0.774685
0.553003 -0.546013 0.776302
0.544768 -0.551530 0.781530
0.530503 -0.553530 0.769725
0.526282 -0.565620 0.746256
0.487361 -0.543601 0.739713
0.448935 -0.516101 0.734935
0.434943 -0.507059 0.740094
0.395204 -0.505835 0.736254
0.435677 -0.532714 0.734133
0.479704 -0.546377 0.766431
0.546161 -0.572628 0.783812
0.592848 -0.601541 0.774598
0.651251 -0.587747 0.782976
0.662869 -0.579628 0.775350
0.653447 -0.527540 0.756022
0.605605 -0.485098 0.783079
0.579382 -0.441918 0.780576
0.517083 -0.422039 0.783349
0.462630 -0.379958 0.784789
0.415804 -0.368976 0.775201
0.415357 -0.361698 0.780599
0.401454 -0.364021 0.786459
0.423003 -0.360982 0.803413
0.480754 -0.402810 0.807581
0.553490 -0.454447 0.798870
0.611549 -0.475962 0.784749
0.668363 -0.478040 0.785850
0.692523 -0.495931 0.788914
0.710512 -0.538250 0.781599
0.711147 -0.543477 0.790287
0.659440 -0.520535 0.782620
0.581828 -0.508651 0.750058
0.507568 -0.463008 0.761796
0.446298 -0.449547 0.761022
0.419129 -0.438648 0.752421
0.373328 -0.398541 0.754539
0.355510 -0.391690 0.756492
0.371422 -0.419596 0.748245
0.402258 -0.423911 0.747863
0.414167 -0.445557 0.738884
0.444831 -0.482889 0.743822
0.436064 -0.506975 0.729607
0.491460 -0.547705 0.706652
0.592027 -0.607079 0.710893
0.650202 -0.637334 0.709061
0.643584 -0.630067 0.683859
0.603293 -0.586152 0.670678
0.571898 -0.529266 0.685628
0.548436 -0.523994 0.662050
0.528010 -0.491169 0.668051
0.450450 -0.440500 0.695485
0.437975 -0.441015 0.705953
0.392708 -0.423286 0.702809
0.394876 -0.417471 0.702298
0.384124 -0.426337 0.730558
0.395211 -0.424356 0.755335
0.400593 -0.442989 0.734817
0.452595 -0.451903 0.754662
0.484930 -0.486528 0.732021
0.517647 -0.501922 0.723285
0.530399 -0.497019 0.733939
0.548671 -0.502777 0.742132
0.558326 -0.502334 0.716555
0.539398 -0.490428 0.726054
0.538930 -0.478294 0.735248
0.506745 -0.456165 0.747964
0.485745 -0.448758 0.762361
0.419231 -0.410154 0.772536
0.378857 -0.418715 0.781537
0.356120 -0.396578 0.768091
0.421494 -0.415356 0.763938
0.483493 -0.449177 0.772332
0.557715 -0.460755 0.763029
0.560062 -0.474219 0.757290
0.586016 -0.481723 0.777267
0.616270 -0.503682 0.780115
0.595311 -0.468723 0.787808
0.576978 -0.469345 0.805395
0.553902 -0.463896 0.814716
0.540720 -0.466010 0.812071
0.508276 -0.467017 0.824245
0.485031 -0.448578 0.833813
0.458771 -0.437873 0.841854
0.448628 -0.437359 0.821838
0.449183 -0.403613 0.851204
0.473039 -0.414946 0.837846
0.468016 -0.419599 0.844504
0.482429 -0.418493 0.838550
0.501478 -0.465384 0.839085
0.513859 -0.453738 0.819145
0.547957 -0.456176 0.808034
0.561606 -0.470027 0.805556
0.556466 -0.465362 0.817742
0.554744 -0.419463 0.840755
0.590162 -0.436721 0.833663
0.515597 -0.392526 0.819041
0.493017 -0.374714 0.822658
0.482695 -0.372973 0.822824
0.482317 -0.366582 0.831306
0.468156 -0.389332 0.808241
0.469224 -0.383401 0.832235
0.472180 -0.394380 0.833902
0.507747 -0.416207 0.838669
0.565232 -0.436373 0.854092
0.578434 -0.438515 0.856394
0.624852 -0.460241 0.858480
0.613369 -0.479812 0.864753
0.605615 -0.472680 0.867689
0.586719 -0.476993 0.865209
0.578342 -0.490169 0.842625
0.568798 -0.486112 0.857558
0.534513 -0.469938 0.866073
0.491991 -0.465107 0.867105
0.497406 -0.465381 0.879530
0.497505 -0.457582 0.900970
0.532247 -0.457781 0.905777
0.546116 -0.474506 0.899621
0.595667 -0.491998 0.921768
0.611182 -0.470649 0.923732
0.604807 -0.478560 0.917011
0.594032 -0.489055 0.936271
0.544468 -0.501338 0.920257
0.511384 -0.499859 0.909293
0.485707 -0.534708 0.868063
0.499737 -0.534829 0.894573
0.542965 -0.548611 0.913386
0.571374 -0.525250 0.905914
0.563691 -0.516983 0.885320
0.581000 -0.485630 0.904782
0.567926 -0.488658 0.903720
0.549916 -0.488231 0.903648
0.494766 -0.500074 0.885172
0.483384 -0.524042 0.887948
0.514391 -0.538366 0.907040
0.505619 -0.546206 0.906503
0.513178 -0.598867 0.895659
0.490457 -0.616396 0.907653
0.493157 -0.627651 0.922298
0.452834 -0.650693 0.892197
0.438885 -0.635760 0.882344
0.432121 -0.643480 0.885020
0.439702 -0.597908 0.870999
0.466908 -0.605547 0.904193
0.488806 -0.594475 0.897177
0.530336 -0.644893 0.884979
0.555356 -0.627445 0.884484
0.583308 -0.605938 0.890656
0.604747 -0.581293 0.906531
0.605007 -0.536759 0.894448
0.621135 -0.526568 0.916569
0.595902 -0.483608 0.924317
0.578942 -0.477014 0.916284
0.555056 -0.450935 0.921485
0.548528 -0.469137 0.909902
0.543336 -0.482811 0.904445
0.491120 -0.507751 0.892933
0.456500 -0.549377 0.847541
0.450169 -0.547331 0.845076
0.448470 -0.572981 0.826981
0.443470 -0.594290 0.824737
0.422664 -0.585852 0.815869
0.414618 -0.609845 0.818367
0.436338 -0.608494 0.808859
0.498387 -0.628504 0.803217
0.493365 -0.616295 0.801263
0.524336 -0.560024 0.821302
0.601029 -0.602784 0.818755
0.646619 -0.608715 0.812657
0.628607 -0.594494 0.832412
0.571253 -0.561854 0.804512
0.535682 -0.547696 0.786158
0.522094 -0.533770 0.785075
0.516523 -0.544605 0.792652
0.489611 -0.538333 0.798030
0.471659 -0.524825 0.819346
0.414699 -0.528771 0.820356
0.363352 -0.506199 0.823109
0.279043 -0.554490 0.801519
0.293342 -0.608883 0.791218
0.445262 -0.647683 0.817061
0.489594 -0.616562 0.811684
0.507074 -0.589233 0.813207
0.500617 -0.567561 0.843085
0.525183 -0.597539 0.838285
0.609295 -0.622693 0.865794
0.609629 -0.626428 0.869774
0.613547 -0.583570 0.896304
0.529761 -0.523786 0.913887
0.402504 -0.437925 0.912415
0.360678 -0.399540 0.907674
0.403894 -0.401339 0.926806
0.441824 -0.434551 0.939527
0.420386 -0.394725 0.913868
0.379290 -0.468289 0.838510
0.409475 -0.531432 0.801827
0.453612 -0.549841 0.817105
0.519821 -0.555584 0.835378
0.585763 -0.527879 0.882960
0.613575 -0.528273 0.876853
0.671299 -0.510041 0.907476
0.762854 -0.563015 0.944938
0.763349 -0.549892 0.981526
0.680997 -0.501345 1.001728
0.588221 -0.464879 0.995119
0.491097 -0.438753 0.972399
0.430468 -0.436591 0.990353
0.357975 -0.422494 1.014338
0.258416 -0.365665 1.041904
0.171590 -0.317432 1.054085
0.151965 -0.334192 1.022458
0.190896 -0.350904 1.030431
0.245488 -0.413413 0.996325
0.284669 -0.415577 1.018971
0.310929 -0.417284 1.040672
0.490177 -0.436401 1.066078
0.570851 -0.477755 1.087389
0.670474 -0.565608 1.087660
0.795185 -0.696002 1.071749
0.803499 -0.731161 1.071267
0.799564 -0.735662 1.083687
0.688250 -0.629620 1.133245
0.580175 -0.456265 1.128374
0.565397 -0.432985 1.088959
0.517335 -0.401804 1.039667
0.479068 -0.394397 1.040308
0.315360 -0.291269 1.053122
0.205513 -0.224400 1.078887
0.147676 -0.130824 1.099179
0.227422 -0.141258 1.118247
0.324810 -0.204016 1.108986
0.427025 -0.259086 1.133085
0.516628 -0.296485 1.144920
0.541416 -0.324460 1.149793
0.660135 -0.422368 1.120595
0.691050 -0.447469 1.134747
0.701624 -0.450950 1.139035
0.751280 -0.494242 1.107098
0.750944 -0.512848 1.093997
0.692342 -0.494030 1.060217
0.634026 -0.477925 1.046100
0.543729 -0.424113 1.018953
0.457462 -0.352196 1.009007
0.339698 -0.291002 0.996462
0.298300 -0.275653 1.011050
0.298300 -0.275653 1.011050
0.145650 -0.213123 0.981079
0.184635 -0.258837 0.971252
0.204240 -0.257502 0.972124
0.371016 -0.387511 0.969031
0.379033 -0.445746 0.976489
0.395318 -0.481371 0.960903
0.428858 -0.526203 0.947253
0.503190 -0.569940 0.938526
0.601908 -0.639208 0.919357
0.649562 -0.652267 0.913798
0.629282 -0.649482 0.906267
0.621878 -0.641841 0.903799
0.592726 -0.577544 0.910190
0.547797 -0.543675 0.916217
0.516023 -0.496491 0.895408
0.482261 -0.473999 0.891368
0.421843 -0.424513 0.900540
0.398001 -0.411072 0.901118
0.348555 -0.350500 0.914612
0.356624 -0.340102 0.941939
0.384729 -0.333607 0.978092
0.397751 -0.361483 0.983042
0.429167 -0.356105 0.986163
0.416753 -0.349492 1.015794
0.479436 -0.384252 1.038970
0.493745 -0.441806 1.018687
0.513145 -0.474795 1.017013
0.495767 -0.518801 1.003605
0.492610 -0.542992 0.985375
0.489609 -0.525187 0.970349
0.485679 -0.514728 0.966927
0.480682 -0.495078 0.989378
0.433631 -0.496741 0.962601
0.402523 -0.435919 0.958858
0.368046 -0.425183 0.946529
0.367090 -0.436199 0.948190
0.374120 -0.447224 0.973476
0.402771 -0.455612 1.008478
0.405932 -0.472360 1.005143
0.430521 -0.471866 1.020610
0.444079 -0.480979 1.032438
0.472612 -0.505137 1.018142
0.495498 -0.540709 1.039163
0.523525 -0.560082 1.017045
0.522844 -0.551939 1.019285
0.529915 -0.555236 0.988799
0.540828 -0.539805 0.958883
0.542788 -0.513623 0.954529
0.507772 -0.481240 0.937951
0.435202 -0.469945 0.923920
0.437279 -0.456975 0.942366
0.350306 -0.415857 0.953095
0.340843 -0.418209 0.952060
0.307917 -0.407917 0.937641
0.321788 -0.423824 0.949550
0.385510 -0.501853 0.978961
0.425869 -0.562069 0.966880
0.495346 -0.614069 0.978619
0.557725 -0.673309 0.976608
0.585797 -0.717759 0.962592
0.585244 -0.723476 0.958225
0.571194 -0.700213 0.949530
0.522318 -0.620673 0.930044
0.524348 -0.592415 0.948605
0.476914 -0.452123 0.995872
0.412390 -0.380033 1.011290
0.411405 -0.391634 1.013919
0.309147 -0.344128 1.028710
0.311106 -0.335690 1.020013
0.280480 -0.354232 1.037514
0.312312 -0.373803 1.054195
0.361494 -0.453903 1.043707
0.392908 -0.464365 1.053308
0.446126 -0.505224 1.064047
0.507874 -0.561219 1.053524
0.566183 -0.588251 1.046738
0.639658 -0.619009 1.041565
0.649885 -0.616895 1.032874
0.585210 -0.586879 1.011090
0.506912 -0.531565 1.003461
0.462933 -0.502811 1.005407
0.469040 -0.441997 0.993157
0.461101 -0.390623 1.008754
0.471127 -0.360696 1.003485
0.423341 -0.331530 1.011358
0.419469 -0.312386 0.989456
0.370647 -0.379060 0.990572
0.380665 -0.437460 0.997132
0.378816 -0.463876 1.022274
0.383795 -0.515069 1.007037
0.434595 -0.526846 0.997401
0.513995 -0.574652 0.991129
0.602805 -0.604937 0.995831
0.612053 -0.592899 1.000659
0.584185 -0.596395 0.989614
0.521329 -0.574660 1.012322
0.515490 -0.562476 1.009824
0.488482 -0.541651 1.002959
0.434227 -0.555866 1.001458
0.394921 -0.519486 1.024571
0.355197 -0.508347 1.042661
0.344266 -0.506541 1.037011
0.324690 -0.480340 1.049621
0.311631 -0.474183 1.060496
0.363742 -0.513428 1.087513
0.422561 -0.516111 1.101285
0.458561 -0.521226 1.115263
0.542830 -0.509498 1.129676
0.601988 -0.508047 1.147147
0.656294 -0.484082 1.177351
0.672328 -0.525158 1.154180
0.632807 -0.484886 1.147005
0.582762 -0.483886 1.138790
0.528879 -0.448962 1.122011
0.460682 -0.453090 1.106906
0.462414 -0.424091 1.101527
0.432238 -0.457783 1.078217
0.399112 -0.418573 1.086072
0.365769 -0.393846 1.075029
0.312287 -0.356851 1.062315
0.286020 -0.349063 1.089543
0.277517 -0.331879 1.097030
0.312637 -0.376006 1.096613
0.361439 -0.406486 1.101083
0.428815 -0.433690 1.108609
0.447787 -0.473357 1.092534
0.530781 -0.502811 1.084624
0.594659 -0.535338 1.072812
0.642564 -0.548680 1.045413
0.636769 -0.536430 1.031581
0.636637 -0.529171 1.017810
0.614131 -0.505929 1.017450
0.524958 -0.457308 1.004914
0.480126 -0.440098 1.002923
0.428459 -0.418361 0.984978
0.400120 -0.366859 1.007865
0.380437 -0.365399 1.010646
0.378934 -0.351187 1.028669
0.392645 -0.332305 1.036176
0.402982 -0.330151 1.049634
0.416791 -0.347032 1.069468
0.464016 -0.384710 1.050152
0.456057 -0.400896 1.057977
0.465596 -0.412509 1.072554
0.486846 -0.438892 1.068854
0.494277 -0.479205 1.081192
0.517920 -0.539496 1.070968
0.533102 -0.575824 1.066350
0.523873 -0.586725 1.056607
0.522709 -0.590769 1.062127
0.502477 -0.558542 1.030558
0.495703 -0.520799 1.063260
0.493802 -0.515932 1.034197
0.484633 -0.503648 1.033167
0.479246 -0.485827 1.032464
0.457660 -0.513760 1.017837
0.449024 -0.499381 1.028852
0.433030 -0.454468 1.082792
0.414621 -0.429372 1.074405
0.417016 -0.440206 1.087021
0.418250 -0.436091 1.096096
0.413920 -0.484080 1.051094
0.449592 -0.519036 1.043399
0.491095 -0.484952 1.054554
0.510612 -0.490466 1.039389
0.514175 -0.444995 1.034186
0.508999 -0.434169 1.030310
0.480807 -0.426791 1.018052
0.420213 -0.411310 1.033471
0.424136 -0.417093 1.057414
0.396535 -0.420428 1.036891
0.390087 -0.458407 1.023738
0.404558 -0.472250 1.004732
0.424905 -0.463040 1.024250
0.508487 -0.489022 1.046727
0.558630 -0.551930 1.051220
0.563709 -0.564379 1.036521
0.537826 -0.547060 1.041998
0.418007 -0.450421 1.031078
0.424815 -0.458545 1.065015
0.450454 -0.525278 1.080090
0.452593 -0.529721 1.110151
0.459154 -0.547297 1.114792
0.471763 -0.554433 1.119395
0.537810 -0.539998 1.148721
0.616885 -0.568127 1.162209
0.653501 -0.569135 1.157992
0.665697 -0.571028 1.145486
0.637026 -0.553987 1.112534
0.570527 -0.558732 1.055872
0.541391 -0.510290 1.023566
0.520812 -0.498802 0.997835
0.470093 -0.493396 0.991151
0.390927 -0.459074 1.016666
0.290764 -0.426619 1.007008
0.216772 -0.455812 0.991109
0.187910 -0.444834 0.995309
0.259444 -0.468090 1.009995
0.305886 -0.534026 1.019385
0.358689 -0.569975 1.014590
0.380748 -0.607602 0.976619
0.444726 -0.701757 0.895322
0.502069 -0.794097 0.879743
0.603501 -0.880940 0.839013
0.679338 -0.895524 0.831538
0.691334 -0.844242 0.839199
0.613819 -0.795254 0.823014
0.563529 -0.721957 0.816434
0.507937 -0.616792 0.833333
0.482914 -0.566773 0.862236
0.410476 -0.515654 0.899982
0.323090 -0.475130 0.933662
0.228162 -0.475902 0.930890
0.212389 -0.498037 0.937064
0.257582 -0.528016 0.948653
0.280216 -0.602413 0.909865
0.366757 -0.645667 0.914317
0.464475 -0.674752 0.896542
0.527772 -0.690927 0.902505
0.592641 -0.755307 0.876671
0.640598 -0.754190 0.867851
0.646941 -0.771564 0.875508
0.621648 -0.735254 0.901567
0.604176 -0.723722 0.904611
0.559584 -0.682866 0.908850
0.493456 -0.601523 0.952208
0.403711 -0.587308 0.948800
0.358540 -0.550702 0.970941
0.345669 -0.560307 0.985339
0.330563 -0.579617 1.005856
0.335745 -0.588343 1.010506
0.419997 -0.701495 0.983097
0.463303 -0.792722 0.975702
0.544294 -0.851373 0.973482
0.597459 -0.883829 0.968347
0.637501 -0.890053 0.964425
0.657291 -0.908136 0.989262
0.680877 -0.861890 1.052752
0.678291 -0.819197 1.071145
0.661090 -0.746219 1.126076
0.621946 -0.686122 1.149431
0.496618 -0.606704 1.135673
0.402014 -0.609247 1.142534
0.360868 -0.648833 1.106686
0.468275 -0.692440 1.075359
0.593500 -0.713872 1.080798
0.629726 -0.750376 1.040567
0.638592 -0.739399 1.008525
0.683051 -0.701142 1.048951
0.740574 -0.682369 1.061883
0.725796 -0.642343 1.071644
0.695487 -0.626047 1.105556
0.650619 -0.622550 1.074504
0.604585 -0.600586 1.080441
0.551744 -0.634302 1.046141
0.468744 -0.707923 0.995844
0.392614 -0.736743 0.965471
0.268786 -0.732704 0.901678
0.188916 -0.760522 0.876452
0.201805 -0.862490 0.851044
0.284162 -0.933556 0.864930
0.350293 -0.940087 0.877061
0.412714 -0.929523 0.899016
0.509979 -0.847190 0.925809
0.543672 -0.791250 0.926190
0.602806 -0.774292 0.931202
0.625892 -0.764988 0.946531
0.601147 -0.760222 0.945431
0.531511 -0.700002 0.935819
0.458401 -0.686219 0.913306
0.415904 -0.667497 0.909767
0.420632 -0.670980 0.905512
0.402545 -0.632861 0.915782
0.402365 -0.613033 0.927863
0.349291 -0.584042 0.953833
0.369757 -0.610692 1.007678
0.392264 -0.665249 1.003224
0.431006 -0.702216 1.017138
0.491948 -0.726287 1.021705
0.521515 -0.722541 1.010489
0.603233 -0.743081 0.990868
0.680302 -0.740464 1.011178
0.674796 -0.744224 1.006939
0.659561 -0.724638 0.999860
0.611830 -0.656283 1.013740
0.577694 -0.610721 1.020732
0.522811 -0.381113 1.052466
0.447494 -0.254561 1.070216
0.411150 -0.206473 1.058029
0.325200 -0.239549 1.081333
0.334381 -0.320866 1.086704
0.360398 -0.409041 1.070583
0.363753 -0.514630 1.028507
0.408660 -0.590315 1.001065
0.421141 -0.705334 0.892937
0.477092 -0.764211 0.859206
0.469681 -0.771808 0.862674
0.427762 -0.847653 0.805324
0.391301 -0.900783 0.795468
0.262794 -0.973548 0.770671
0.232136 -1.022355 0.758216
0.250001 -1.073915 0.770252
0.273513 -1.064401 0.782345
0.316477 -1.018056 0.811129
0.348960 -0.914264 0.886050
0.370358 -0.889144 0.901802
0.408116 -0.826162 0.937959
0.430271 -0.820220 0.932770
0.436087 -0.775109 0.943730
0.420442 -0.694191 0.937786
0.413971 -0.671373 0.932956
0.369256 -0.645865 0.911730
0.314544 -0.575218 0.917949
0.286567 -0.516389 0.923471
0.276107 -0.434908 0.921789
0.307870 -0.375133 0.887040
0.337549 -0.296351 0.880024
0.357881 -0.263628 0.905002
0.333397 -0.241260 0.907866
0.343980 -0.228657 0.936577
0.331826 -0.258498 0.927335
0.334934 -0.328563 0.919323
0.335297 -0.392168 0.890399
0.317754 -0.561515 0.839988
0.334230 -0.684367 0.830509
0.329805 -0.769421 0.818359
0.322234 -0.867272 0.828589
0.274405 -0.942682 0.832135
0.238917 -0.951281 0.844518
0.164298 -0.941194 0.842192
0.142875 -0.965098 0.837032
0.054045 -0.874418 0.868045
0.105916 -0.859635 0.881354
0.205870 -0.877204 0.919507
0.259280 -0.911696 0.932208
0.264417 -0.952155 0.927120
0.289411 -0.976975 0.911697
0.371911 -1.030851 0.903359
0.482974 -1.040253 0.905097
0.549741 -1.009259 0.920025
0.555744 -0.920229 0.915999
0.529258 -0.861713 0.927843
0.497618 -0.813244 0.921986
0.452013 -0.730440 0.931800
0.371934 -0.666570 0.918140
0.310752 -0.649793 0.895168
0.265193 -0.649233 0.885480
0.231999 -0.676076 0.858893
0.160504 -0.647276 0.868359
0.115251 -0.670584 0.843843
0.072530 -0.654023 0.834605
0.054942 -0.657477 0.815206
0.084909 -0.655645 0.805881
0.142080 -0.688150 0.790862
0.174407 -0.724825 0.772463
0.215129 -0.725788 0.773907
0.272222 -0.746548 0.790580
0.304983 -0.785757 0.789757
0.391324 -0.828937 0.784086
0.450692 -0.859870 0.783485
0.442253 -0.827209 0.786611
0.423470 -0.809523 0.787572
0.431365 -0.787398 0.776817
0.407588 -0.784079 0.772439
0.346570 -0.794635 0.756335
0.246013 -0.778696 0.756205
0.135803 -0.763193 0.746330
0.081738 -0.749075 0.765019
0.072008 -0.751500 0.804319
0.086547 -0.776186 0.839659
0.128113 -0.813847 0.870778
0.153440 -0.859936 0.906334
0.168669 -0.884307 0.919909
0.212565 -0.931571 0.943755
0.254677 -0.977621 0.947130
0.279283 -0.995473 0.928999
0.371295 -1.048197 0.928824
0.386154 -1.044382 0.904162
0.408068 -1.067971 0.911176
0.434471 -1.087059 0.891532
0.446168 -1.080544 0.902684
0.470566 -1.070269 0.923277
0.478043 -1.026054 0.924494
0.469373 -0.993871 0.906026
0.464388 -0.948965 0.912421
0.480926 -0.833982 0.945024
0.491241 -0.805227 0.971524
0.503889 -0.759420 0.996517
0.492496 -0.720915 1.031150
0.484593 -0.678764 1.048323
0.484990 -0.657482 1.053770
0.448695 -0.685732 1.048984
0.423559 -0.729154 1.027963
0.401133 -0.726029 1.040025
0.365459 -0.767316 1.011443
0.345802 -0.771174 0.995005
0.382567 -0.790491 0.984766
0.411898 -0.810960 0.974980
0.448220 -0.817114 0.959178
0.445194 -0.851167 0.955997
0.468649 -0.868041 0.929410
0.453130 -0.863444 0.951252
0.420113 -0.871103 0.924936
0.416256 -0.896732 0.926564
0.428952 -0.885683 0.948515
0.434035 -0.876797 0.968618
0.427986 -0.847235 0.967325
0.430587 -0.826486 0.997124
0.411711 -0.802844 0.981461
0.378080 -0.770544 1.002061
0.350954 -0.758816 1.017830
0.347826 -0.739476 1.020753
0.331789 -0.732983 1.038782
0.339091 -0.722301 1.028033
0.359272 -0.740002 1.032481
0.422787 -0.741574 1.043152
0.435622 -0.704934 1.059985
0.497977 -0.702006 1.074348
0.562515 -0.723138 1.106586
0.609928 -0.762511 1.111292
0.646032 -0.796776 1.124094
0.707854 -0.798470 1.142484
0.728536 -0.837651 1.146412
0.707277 -0.802855 1.143476
0.644703 -0.769505 1.140374
0.590488 -0.744782 1.133962
0.548835 -0.741732 1.101608
0.548179 -0.744057 1.115574
0.484838 -0.755116 1.117290
0.413527 -0.752619 1.120116
0.369076 -0.735563 1.127625
0.316339 -0.734156 1.126129
0.289550 -0.742331 1.104367
0.284387 -0.760629 1.110198
0.288402 -0.799164 1.090506
0.326587 -0.827413 1.109469
0.403211 -0.889209 1.082190
0.449346 -0.883698 1.106740
0.480654 -0.871000 1.092750
0.519735 -0.840267 1.111220
0.568506 -0.823044 1.106671
0.605686 -0.827231 1.114508
0.601778 -0.797117 1.118209
0.564355 -0.770412 1.142968
0.537661 -0.739281 1.141063
0.513740 -0.748263 1.144376
0.487562 -0.753187 1.131498
0.440082 -0.739223 1.145922
0.423313 -0.762556 1.153070
0.456446 -0.774901 1.140946
0.461019 -0.784423 1.166208
0.478980 -0.802099 1.163036
0.527790 -0.814740 1.169284
0.532179 -0.840724 1.161582
0.580479 -0.868351 1.141746
0.646205 -0.888523 1.154048
0.678040 -0.887691 1.164902
0.710280 -0.922120 1.159385
0.731020 -0.907827 1.173099
0.727525 -0.889618 1.165987
0.719803 -0.869771 1.167477
0.658085 -0.845620 1.165445
0.600766 -0.797227 1.191628
0.560723 -0.797479 1.178312
0.524782 -0.787367 1.166444
0.501822 -0.796097 1.174203
0.470135 -0.803745 1.187652
0.480096 -0.837016 1.185003
0.487000 -0.845575 1.193797
0.514338 -0.849774 1.199378
0.543272 -0.864058 1.209192
0.548384 -0.857553 1.191442
0.566760 -0.872738 1.167825
0.564647 -0.881278 1.170886
0.576720 -0.847988 1.161147
0.588393 -0.818376 1.161795
0.621933 -0.805205 1.175855
0.620428 -0.775497 1.203986
0.636711 -0.767054 1.239020
0.659095 -0.745336 1.260998
0.652057 -0.721871 1.296139
0.655724 -0.735469 1.282496
0.672882 -0.750458 1.238730
0.654638 -0.754600 1.241419
0.665952 -0.743104 1.251423
0.670756 -0.752993 1.276981
0.707691 -0.762466 1.302287
0.726808 -0.752302 1.315372
0.760474 -0.726249 1.335754
0.768060 -0.697075 1.358361
0.768060 -0.697075 1.358361
0.778247 -0.682537 1.361495
0.799292 -0.667955 1.350662
0.824632 -0.665115 1.352231
0.835979 -0.656969 1.386892
0.843996 -0.642888 1.402096
0.869914 -0.610106 1.420390
0.880979 -0.590659 1.418147
0.848615 -0.600736 1.405350
0.794657 -0.627673 1.382598
0.766458 -0.656754 1.373225
0.752754 -0.673527 1.370571
0.739104 -0.690248 1.415048
0.765572 -0.699881 1.447861
0.798560 -0.727096 1.446584
0.813714 -0.768370 1.454068
0.832962 -0.826033 1.442414
0.821327 -0.797741 1.448072
0.882752 -0.764370 1.485918
0.876076 -0.768964 1.470877
0.886427 -0.799122 1.472722
0.860052 -0.845897 1.451139
0.855861 -0.842437 1.457614
0.836693 -0.835570 1.447892
0.825201 -0.823671 1.452234
0.839993 -0.822345 1.453570
0.819362 -0.765643 1.481878
0.847684 -0.743534 1.480402
0.847731 -0.728961 1.501688
0.839816 -0.731586 1.498383
0.884082 -0.691033 1.541717
0.876069 -0.677308 1.556814
0.889134 -0.675230 1.554187
0.910483 -0.660757 1.572815
1.051524 -0.666910 1.603944
1.058866 -0.679351 1.596532
1.054595 -0.710097 1.571590
1.037873 -0.735764 1.544287
1.029012 -0.712479 1.556857
1.016187 -0.717960 1.550043
1.006073 -0.729257 1.529799
0.997868 -0.773130 1.520108
0.951297 -0.791863 1.474897
0.848345 -0.686463 1.522140
0.868467 -0.665943 1.573738
0.910103 -0.696987 1.573265
0.942319 -0.765346 1.554147
0.972486 -0.839865 1.563240
0.961137 -0.843517 1.538892
0.971537 -0.814033 1.564888
1.000155 -0.781810 1.560965
1.038209 -0.732032 1.561025
1.034307 -0.720085 1.546113
1.033304 -0.726186 1.548678
1.042306 -0.713005 1.553899
1.051724 -0.713974 1.570697
1.025240 -0.713664 1.578512
1.009192 -0.732273 1.541882
0.984645 -0.738277 1.521566
0.967139 -0.746461 1.522432
1.000344 -0.723264 1.526006
1.032126 -0.755573 1.522177
1.038305 -0.763169 1.514887
1.063336 -0.762994 1.529500
1.123103 -0.781355 1.572229
1.135270 -0.777779 1.602802
1.140655 -0.749504 1.643433
1.136625 -0.766439 1.638970
1.092918 -0.768374 1.640651
1.036875 -0.788281 1.614334
0.973535 -0.825100 1.598556
0.954676 -0.803770 1.595933
0.951391 -0.804273 1.601195
0.932511 -0.747651 1.624895
0.930724 -0.692954 1.652291
0.910636 -0.643455 1.628110
0.895103 -0.598560 1.636531
0.842638 -0.569278 1.601847
0.791156 -0.590880 1.523986
0.748675 -0.625706 1.484207
0.706751 -0.636190 1.432643
0.701251 -0.639667 1.398857
0.716076 -0.589076 1.393600
0.735285 -0.543874 1.410593
0.714648 -0.507749 1.413019
0.717900 -0.460192 1.462696
0.714107 -0.452433 1.497564
0.721265 -0.433491 1.515351
0.650771 -0.430935 1.519229
0.607808 -0.456130 1.509767
0.570702 -0.571666 1.448773
0.553508 -0.656452 1.393797
0.554698 -0.716214 1.416944
0.529168 -0.762357 1.373660
0.561928 -0.769305 1.359615
0.592308 -0.704832 1.404236
0.619754 -0.660650 1.397952
0.695423 -0.638390 1.453913
0.709143 -0.626981 1.505652
0.729740 -0.672060 1.512962
0.718777 -0.710597 1.522554
0.683796 -0.745179 1.524263
0.652439 -0.820088 1.488214
0.584217 -0.824137 1.465998
0.593292 -0.826182 1.478924
0.591184 -0.803985 1.483962
0.617371 -0.763962 1.500350
0.622888 -0.705706 1.533855
0.607606 -0.626424 1.607079
0.591379 -0.577584 1.626890
0.590559 -0.533027 1.655425
0.558600 -0.564061 1.660251
0.590914 -0.590442 1.678901
0.628213 -0.661397 1.658969
0.667595 -0.709666 1.635825
0.682676 -0.738610 1.641743
0.674787 -0.751606 1.599530
0.675461 -0.713562 1.589269
0.674385 -0.693321 1.592425
0.700119 -0.633970 1.615942
0.685967 -0.624874 1.656785
0.678640 -0.550012 1.678267
0.663312 -0.564001 1.692139
0.650689 -0.573216 1.694752
0.590888 -0.591474 1.688001
0.575481 -0.592050 1.674530
0.553986 -0.617162 1.657453
0.579879 -0.619866 1.662387
0.619772 -0.702938 1.643274
0.619772 -0.702938 1.643274
0.627871 -0.726304 1.650697
0.723578 -0.690400 1.731420
0.778505 -0.642190 1.799792
0.804918 -0.609481 1.857932
0.836023 -0.608563 1.861549
0.853667 -0.635006 1.882019
0.777516 -0.741101 1.864617
0.721112 -0.809352 1.830776
0.647020 -0.865891 1.792760
0.546666 -0.936362 1.768027
0.507591 -0.948664 1.762078
0.477598 -0.993970 1.752329
0.468711 -0.971271 1.769851
0.475878 -0.955854 1.781866
0.503428 -0.959009 1.787412
0.503536 -1.005042 1.804754
0.526567 -1.024139 1.758175
0.532693 -1.018382 1.720629
0.545373 -1.014559 1.659031
0.552897 -0.994582 1.643903
0.564869 -0.930757 1.637861
0.569516 -0.854900 1.649571
0.562477 -0.819419 1.698416
0.550277 -0.791572 1.723102
0.546804 -0.778049 1.736801
0.542447 -0.792854 1.727971
0.503194 -0.843294 1.693922
0.496102 -0.888751 1.662241
0.486189 -0.931056 1.614811
0.481319 -0.931276 1.627170
0.497030 -0.966446 1.588880
0.473203 -0.983746 1.576088
0.490437 -1.014854 1.546780
0.499845 -1.049208 1.542634
0.511358 -1.043695 1.555295
0.528236 -1.017185 1.567468
0.550389 -0.985299 1.594804
0.563469 -0.968690 1.590537
0.570721 -0.952867 1.603158
0.572984 -0.968883 1.599146
0.530761 -0.983015 1.589286
0.495301 -1.011897 1.585884
0.437334 -1.042133 1.547379
0.384394 -1.078866 1.546432
0.387125 -1.118903 1.536232
0.361676 -1.116800 1.555801
0.364021 -1.110072 1.560309
0.376915 -1.075935 1.581622
0.391595 -1.125587 1.586450
0.359366 -1.146025 1.573828
0.370276 -1.185266 1.589770
0.361662 -1.227379 1.564489
0.373768 -1.247006 1.569305
0.388015 -1.299305 1.561442
0.395058 -1.319829 1.573348
0.426258 -1.318534 1.573855
0.449102 -1.323915 1.574299
0.495444 -1.313443 1.598234
0.523171 -1.307977 1.610231
0.540368 -1.289900 1.621871
0.556366 -1.283206 1.647489
0.544996 -1.254071 1.703419
0.520114 -1.249043 1.728669
0.513661 -1.240104 1.708271
0.485130 -1.257318 1.600370
0.475226 -1.250418 1.614252
0.481193 -1.235570 1.626143
0.477271 -1.266564 1.601509
0.510914 -1.248542 1.595879
0.499477 -1.278246 1.588686
0.499505 -1.278890 1.583012
0.522476 -1.260105 1.574371
0.522244 -1.183789 1.591911
0.536741 -1.142075 1.626843
0.560767 -1.112243 1.625964
0.647179 -1.065483 1.609719
0.680797 -1.072814 1.622894
0.698687 -1.079039 1.597789
0.718724 -1.076904 1.604696
0.721505 -1.089484 1.603168
0.708333 -1.152456 1.595279
0.702029 -1.149345 1.606484
0.722428 -1.105566 1.614629
0.743034 -1.105362 1.620340
0.770757 -1.101239 1.608872
0.755708 -1.115272 1.598926
0.778322 -1.128104 1.613205
0.760461 -1.128146 1.635412
0.744948 -1.131197 1.615695
0.751683 -1.131096 1.625316
0.735801 -1.170399 1.585811
0.698971 -1.156735 1.586828
0.701979 -1.172866 1.577734
0.645148 -1.175853 1.565572
0.589906 -1.171784 1.532934
0.552841 -1.146150 1.513533
0.516451 -1.192758 1.475350
0.497875 -1.194348 1.450231
0.485367 -1.185413 1.450006
0.525510 -1.195994 1.430551
0.541508 -1.171960 1.436784
0.563735 -1.150213 1.452683
0.582759 -1.109000 1.461699
0.602489 -1.107843 1.448372
0.631987 -1.087894 1.443270
0.589702 -1.087919 1.425682
0.539598 -1.102047 1.402650
0.461753 -1.140037 1.335682
0.436314 -1.165125 1.315719
0.392343 -1.217755 1.273644
0.343390 -1.236224 1.244771
0.331552 -1.275395 1.222353
0.259051 -1.251244 1.205474
0.249771 -1.257481 1.198872
0.295111 -1.258880 1.193479
0.345287 -1.216570 1.215365
0.414489 -1.216240 1.207631
0.445818 -1.182919 1.208309
0.501610 -1.202712 1.192181
0.514992 -1.203679 1.211786
0.603920 -1.249153 1.176575
0.600647 -1.277302 1.153503
0.639459 -1.306969 1.113191
0.632571 -1.337809 1.074637
0.634669 -1.354723 1.035018
0.604967 -1.385432 0.968080
0.596996 -1.373637 0.953554
0.590234 -1.362754 0.926819
0.591334 -1.364550 0.913177
0.569863 -1.358772 0.886323
0.564081 -1.342550 0.860573
0.537374 -1.376287 0.803769
0.497359 -1.402332 0.752428
0.503617 -1.485949 0.679084
0.517070 -1.555801 0.623246
0.535161 -1.697924 0.553078
0.559878 -1.818915 0.464872
0.610335 -1.955187 0.405881
0.629865 -2.052669 0.343043
0.670188 -2.131563 0.280516
0.685272 -2.206661 0.223890
0.744172 -2.299024 0.169021
0.769136 -2.385323 0.109621
0.805444 -2.458666 0.072601
0.846358 -2.517862 0.047620
0.867748 -2.578587 0.012711
0.918611 -2.631301 -0.001027
0.976917 -2.630459 -0.008726
1.012068 -2.696862 -0.032375
1.077934 -2.787809 -0.042182
1.100842 -2.892542 -0.058868
1.128983 -3.002798 -0.103630
1.117057 -3.093500 -0.176741
1.136339 -3.259468 -0.391991
1.132164 -3.408972 -0.622872
1.176681 -3.532993 -0.824821
1.231227 -3.623491 -0.975455
1.330542 -3.737435 -1.110547
1.425648 -3.832320 -1.241635
1.466609 -3.944488 -1.331401
1.651277 -4.057805 -1.410834
1.654106 -4.068668 -1.500450
1.703255 -4.089646 -1.571696
1.733926 -4.156825 -1.648764
1.710323 -4.224726 -1.695881
1.652427 -4.280580 -1.772419
1.584880 -4.311325 -1.822360
1.543442 -4.398839 -1.842704
1.567793 -4.363969 -1.853821
1.590806 -4.291400 -1.872824
1.675025 -4.157354 -1.874504
1.745334 -4.103080 -1.854626
1.766672 -4.053234 -1.828568
1.741383 -4.032413 -1.806060
1.702811 -4.006823 -1.803452
1.684029 -4.055847 -1.836575
1.665391 -4.134318 -1.814251
1.696165 -4.179235 -1.742103
1.761774 -4.194314 -1.647375
1.897027 -4.164183 -1.566766
1.987139 -4.025293 -1.454542
2.115177 -3.887131 -1.341619
2.180446 -3.795218 -1.274085
2.236305 -3.662386 -1.163742
2.236849 -3.557591 -1.046794
2.172146 -3.452152 -0.963273
2.099664 -3.355791 -0.867347
2.054747 -3.228623 -0.756776
1.996775 -3.136105 -0.695366
1.925256 -3.035423 -0.645695
1.881435 -2.921927 -0.576775
1.859727 -2.816475 -0.474919
1.888163 -2.733968 -0.403081
1.986646 -2.656435 -0.297744
1.976804 -2.538423 -0.243073
1.919497 -2.481351 -0.204925
1.959048 -2.396583 -0.139099
2.041927 -2.351585 -0.095111
2.095204 -2.381222 -0.054705
2.110743 -2.370879 -0.048148
2.096175 -2.385295 -0.041277
2.111536 -2.404664 -0.033275
2.112427 -2.412796 -0.023759
2.082522 -2.368390 -0.029771
1.985233 -2.303140 -0.026716
1.886230 -2.225540 -0.013789
1.770017 -2.106199 -0.000136
1.658777 -2.035882 -0.011827
1.560402 -1.980924 -0.009294
1.504233 -1.974348 -0.004195
1.415562 -2.002004 -0.025164
1.391355 -2.041837 -0.013461
1.417038 -2.097231 -0.021511
1.477204 -2.138208 -0.008177
1.589020 -2.208483 0.019302
1.731463 -2.226220 0.048723
1.885277 -2.203915 0.075443
1.947037 -2.236455 0.090050
1.960663 -2.253851 0.113251
1.955336 -2.248712 0.117266
1.980411 -2.243364 0.118762
1.821230 -2.110165 0.106787
1.681362 -1.987612 0.107215
1.588939 -1.895021 0.096720
1.545320 -1.816833 0.111809
1.537817 -1.729552 0.148792
1.489382 -1.688196 0.156286
1.446810 -1.617555 0.172243
1.390684 -1.547870 0.144091
1.341830 -1.534698 0.139914
1.318037 -1.499911 0.145767
1.314225 -1.513822 0.148834
1.345406 -1.501188 0.149088
1.426100 -1.586880 0.178910
1.461413 -1.632704 0.160265
1.514594 -1.705566 0.149816
1.518528 -1.741385 0.175613
1.523093 -1.745919 0.171303
1.461729 -1.785350 0.162079
1.321058 -1.745229 0.144725
1.140882 -1.654328 0.148271
1.018071 -1.552685 0.165412
0.936305 -1.521307 0.199473
0.840935 -1.523469 0.208631
0.807601 -1.462075 0.245050
0.844375 -1.450656 0.230286
0.854780 -1.477003 0.221116
0.831296 -1.513853 0.173010
0.815203 -1.519294 0.188143
0.871905 -1.526947 0.202448
1.020439 -1.560409 0.208237
1.152201 -1.584759 0.230177
1.224003 -1.593095 0.243672
1.259675 -1.534085 0.247565
1.273775 -1.507014 0.267034
1.265159 -1.470741 0.272985
1.210919 -1.447282 0.282934
1.127032 -1.394271 0.295403
0.964281 -1.302655 0.309563
0.852749 -1.185424 0.316262
0.766057 -1.158782 0.307774
0.744920 -1.157651 0.331877
0.746691 -1.138137 0.329659
0.712000 -1.109655 0.351328
0.699397 -1.119685 0.353084
0.746155 -1.177544 0.349883
0.777199 -1.248100 0.336487
0.816271 -1.280042 0.344083
0.832369 -1.313307 0.347184
0.905841 -1.394165 0.341073
0.941174 -1.441609 0.346515
0.990935 -1.461971 0.347195
0.992648 -1.411977 0.381990
0.934057 -1.343014 0.381166
0.876712 -1.322345 0.365149
0.822355 -1.257344 0.371976
0.743231 -1.199782 0.390626
0.673502 -1.142597 0.400245
0.639785 -1.077666 0.444455
0.634930 -1.061779 0.456359
0.602516 -1.036433 0.467031
0.584241 -1.022515 0.486250
0.554147 -1.033131 0.461620
0.615866 -1.030112 0.443003
0.641887 -1.008987 0.433424
0.683598 -1.010462 0.434756
0.780420 -1.015761 0.426642
0.848355 -1.035692 0.423216
0.863986 -1.042783 0.404538
0.858557 -1.070554 0.397312
0.831834 -1.132840 0.383791
0.818081 -1.141734 0.374478
0.752804 -1.153566 0.352157
0.695183 -1.159596 0.338141
0.631415 -1.164031 0.317634
0.598816 -1.125319 0.316434
0.576135 -1.128856 0.332987
0.585653 -1.090769 0.326448
0.545408 -1.079298 0.350685
0.517923 -1.058706 0.340309
0.474438 -1.044133 0.337270
0.474293 -1.011267 0.365884
0.455464 -1.020324 0.362233
0.446542 -1.043351 0.360076
0.462459 -1.066738 0.376446
0.492374 -1.080575 0.395870
0.480718 -1.110462 0.403224
0.490576 -1.114142 0.407549
0.535676 -1.120548 0.415338
0.596531 -1.137518 0.408702
0.631096 -1.126854 0.427541
0.659055 -1.111491 0.428497
0.699509 -1.124683 0.443609
0.677326 -1.132431 0.451087
0.621601 -1.151296 0.430114
0.568469 -1.160169 0.459031
0.510067 -1.153359 0.447289
0.485071 -1.144652 0.449901
0.456850 -1.131584 0.442087
0.439099 -1.115419 0.434132
0.423005 -1.089581 0.431033
0.403388 -1.048578 0.411292
0.413832 -1.026377 0.393190
0.430552 -0.980177 0.402131
0.453195 -0.970909 0.407298
0.473567 -0.959250 0.396093
0.542658 -0.943405 0.418949
0.574486 -0.951481 0.408915
0.582701 -0.975145 0.397207
0.596571 -0.997704 0.395595
0.574991 -0.985923 0.392870
0.551207 -1.011014 0.365693
0.515504 -0.982503 0.355916
0.472115 -0.993423 0.340808
0.441505 -0.967315 0.351759
0.359007 -0.953406 0.341583
0.316640 -0.931903 0.364018
0.308943 -0.992832 0.380352
0.352671 -1.043568 0.398247
0.413675 -1.114032 0.410036
0.440885 -1.198148 0.429727
0.460521 -1.233820 0.441067
0.534101 -1.247938 0.463397
0.609120 -1.243466 0.456268
0.726882 -1.184344 0.480679
0.768035 -1.135878 0.496531
0.760185 -1.056114 0.524402
0.738730 -1.003190 0.550493
0.672433 -0.985224 0.569936
0.647187 -0.952776 0.597900
0.619486 -0.936659 0.587925
0.595528 -0.925923 0.585074
0.573414 -0.945705 0.565959
0.564515 -0.926287 0.571010
0.578352 -0.944361 0.561860
0.557640 -0.887100 0.575078
0.526723 -0.887359 0.571820
0.542862 -0.888049 0.555595
0.561543 -0.900401 0.546447
0.581648 -0.926563 0.559083
0.571914 -0.932725 0.550702
0.560926 -0.965259 0.543325
0.587245 -0.954788 0.540704
0.590943 -0.986308 0.545245
0.585713 -1.001675 0.528065
0.627501 -0.980264 0.556245
0.621386 -0.963743 0.547147
0.617339 -0.959697 0.544834
0.592183 -0.920657 0.540869
0.524906 -0.886607 0.534088
0.486435 -0.851999 0.536647
0.461908 -0.832456 0.557742
0.456721 -0.850252 0.574904
0.493900 -0.859053 0.589477
0.580295 -0.892250 0.581649
0.642372 -0.905106 0.595728
0.680911 -0.922626 0.584570
0.706591 -0.935758 0.574330
0.735275 -0.943270 0.600639
0.748965 -0.937459 0.618704
0.756158 -0.981713 0.622950
0.773635 -0.976456 0.657288
0.771822 -0.975676 0.670115
0.773597 -0.967457 0.682500
0.742271 -0.974641 0.665549
0.734804 -0.976068 0.675320
0.719548 -0.964065 0.679214
0.676978 -0.962957 0.669467
0.680428 -0.927946 0.683399
0.687512 -0.895744 0.705700
0.701437 -0.896630 0.701764
0.712681 -0.888648 0.724369
0.730718 -0.907067 0.740109
0.751369 -0.887626 0.736347
0.755973 -0.863966 0.770883
0.802674 -0.909860 0.770649
0.806852 -0.918813 0.777475
0.790033 -0.921358 0.774400
0.752931 -0.862148 0.783597
0.695081 -0.872386 0.750887
0.690982 -0.873682 0.739375
0.685834 -0.861878 0.739877
0.686312 -0.868042 0.742820
0.627951 -0.828597 0.744837
0.627018 -0.812527 0.752748
0.629990 -0.833117 0.739233
0.606532 -0.818518 0.730602
0.609641 -0.826243 0.724182
0.639327 -0.865916 0.723090
0.645342 -0.893313 0.687841
0.642505 -0.893421 0.678116
0.696266 -0.911990 0.666800
0.720307 -0.901789 0.675628
0.733556 -0.924007 0.656122
0.750735 -0.951867 0.658782
0.734734 -0.920786 0.655641
0.747101 -0.927288 0.658003
0.759920 -0.930107 0.686587
0.740875 -0.943332 0.690827
0.742681 -0.967299 0.687651
0.729404 -0.951127 0.706794
0.734578 -0.961194 0.724374
0.731450 -0.960885 0.718063
0.720170 -0.986497 0.690407
0.706772 -0.973982 0.697789
0.712231 -0.988752 0.688609
0.729023 -0.995912 0.684404
0.726314 -1.003861 0.658543
0.727112 -0.973158 0.686942
0.721184 -0.987886 0.673263
0.702968 -0.952143 0.683162
0.646293 -0.912093 0.683613
0.632794 -0.916565 0.667067
0.641468 -0.900419 0.681842
0.587431 -0.883198 0.679880
0.598236 -0.925988 0.647015
0.600465 -0.919721 0.639979
0.594149 -0.931479 0.602266
0.588824 -0.955600 0.600354
0.588909 -0.933294 0.573447
0.587530 -0.942560 0.554851
0.570301 -0.910152 0.563407
0.576771 -0.902257 0.566501
0.590434 -0.903502 0.557516
0.588489 -0.911497 0.556236
0.574290 -0.899679 0.552506
0.572728 -0.906807 0.547458
0.567735 -0.911258 0.546864
0.608531 -0.920474 0.555061
0.630317 -0.936072 0.554543
0.659023 -0.937483 0.548706
0.681773 -0.955425 0.546071
0.706726 -0.941439 0.551879
0.704568 -0.932491 0.571993
0.676768 -0.927353 0.558128
0.679003 -0.952390 0.567389
0.672163 -0.976805 0.562982
0.660139 -0.994633 0.557907
0.676360 -1.005007 0.571200
0.653302 -1.021950 0.573903
0.653536 -1.044544 0.574273
0.656298 -1.047601 0.568435
0.655809 -1.053193 0.553741
0.655674 -1.026050 0.569405
0.655676 -1.030905 0.561248
0.615235 -1.003193 0.573427
0.583659 -1.008797 0.569088
0.549890 -0.980673 0.565074
0.542327 -0.973192 0.586641
0.526488 -0.959881 0.587272
0.517615 -0.949168 0.592284
0.547544 -0.939252 0.581981
0.568604 -0.909635 0.605562
0.558385 -0.926472 0.574784
0.552762 -0.873634 0.567757
0.537608 -0.869136 0.576395
0.574652 -0.871321 0.565482
0.580640 -0.869515 0.546685
0.613589 -0.882982 0.564150
0.629743 -0.905956 0.556349
0.670201 -0.930504 0.546991
0.704607 -0.937148 0.570830
0.703213 -0.940698 0.564830
0.709339 -0.941554 0.584647
0.717233 -0.924617 0.612052
0.702007 -0.934974 0.628514
0.679451 -0.954838 0.632897
0.688722 -0.945184 0.647077
0.671518 -0.984083 0.647333
0.671026 -0.995633 0.659201
0.650295 -1.009896 0.654971
0.647844 -0.983295 0.666131
0.645581 -1.015278 0.657964
0.661646 -1.006451 0.670331
0.663328 -1.034669 0.665444
0.649996 -1.025500 0.675564
0.649189 -1.022602 0.661141
0.646171 -1.024867 0.668367
0.658340 -1.007618 0.685437
0.650663 -1.008172 0.691271
0.667290 -0.984826 0.682866
0.683336 -0.989286 0.687951
0.660909 -0.966304 0.705003
0.692649 -0.961852 0.674750
0.654586 -0.944533 0.685019
0.691551 -0.962675 0.667790
0.681894 -0.923115 0.677744
0.695589 -0.955153 0.648759
0.696245 -0.939308 0.597642
0.672144 -0.916689 0.610677
0.662874 -0.914152 0.584307
0.671509 -0.920680 0.588069
0.666011 -0.928999 0.598996
0.664950 -0.943057 0.583615
0.690150 -0.961558 0.585273
0.682010 -0.950298 0.580243
0.658727 -0.959612 0.593444
0.676727 -0.979386 0.588682
0.697586 -1.004271 0.609497
0.710636 -1.046746 0.580332
0.703364 -1.026665 0.601327
0.670722 -1.023918 0.600349
0.662937 -1.024552 0.607460
0.656714 -1.013680 0.608931
0.654878 -1.022490 0.588661
0.629042 -0.993424 0.601111
0.613488 -0.968169 0.618422
0.577003 -0.965048 0.605543
0.556759 -0.952877 0.620627
0.528709 -0.930273 0.622032
0.526650 -0.914757 0.621110
0.505340 -0.919988 0.614358
0.537242 -0.936965 0.615247
0.525311 -0.910101 0.592454
0.547043 -0.918694 0.602384
0.586471 -0.922797 0.576613
0.605317 -0.908073 0.585312
0.634475 -0.916220 0.569860
0.641116 -0.934292 0.559594
0.650711 -0.934723 0.555177
0.654457 -0.925296 0.565636
0.632544 -0.912552 0.546647
0.620865 -0.897364 0.561486
0.618778 -0.900218 0.571491
0.593677 -0.913474 0.549986
0.577107 -0.903294 0.543644
0.549504 -0.891680 0.564115
0.502505 -0.908126 0.549965
0.506183 -0.942308 0.565030
0.502072 -0.981415 0.549044
0.513361 -0.996253 0.554390
0.572413 -1.040262 0.557121
0.649199 -1.063812 0.574740
0.683851 -1.073166 0.605445
0.711235 -1.092223 0.572643
0.718099 -1.076086 0.616206
0.714955 -1.081413 0.622826
0.678428 -1.057173 0.610620
0.641084 -1.037224 0.617869
0.625279 -1.022310 0.633545
0.603545 -1.026622 0.636467
0.561921 -0.998753 0.648030
0.508734 -0.968675 0.655035
0.504845 -0.974017 0.642405
0.474770 -0.943246 0.655930
0.464055 -0.908289 0.641423
0.470026 -0.904719 0.639888
0.484677 -0.905861 0.627237
0.507784 -0.898365 0.635239
0.540733 -0.891593 0.636101
0.553045 -0.903878 0.630381
0.604392 -0.922730 0.645111
0.623378 -0.947181 0.627661
0.659931 -0.955886 0.624180
0.669731 -0.962337 0.606895
0.641782 -0.945811 0.599998
0.642996 -0.957341 0.605556
0.617104 -0.935322 0.589229
0.568999 -0.948366 0.578225
0.536746 -0.900322 0.583216
0.511940 -0.924210 0.577320
0.500698 -0.940681 0.592756
0.506944 -0.958060 0.601585
0.529853 -0.977907 0.603417
0.561369 -0.971621 0.593179
0.616093 -1.014685 0.622588
0.639627 -1.050275 0.604958
0.684238 -1.077242 0.622043
0.700393 -1.049373 0.650748
0.709489 -1.003530 0.650460
0.685971 -0.946873 0.688148
0.651543 -0.941028 0.690129
0.587384 -0.888823 0.683526
0.517087 -0.849173 0.702445
0.481358 -0.843215 0.713033
0.501817 -0.846245 0.731749
0.547438 -0.887909 0.723156
0.576910 -0.885526 0.715888
0.613412 -0.921465 0.691850
0.635427 -0.919393 0.679852
0.619965 -0.926441 0.658940
0.594550 -0.898762 0.673013
0.580077 -0.910890 0.662861
0.521006 -0.883159 0.681752
0.491333 -0.864142 0.688471
0.488540 -0.865443 0.680508
0.495128 -0.909682 0.693691
0.511736 -0.907249 0.685166
0.535486 -0.932287 0.685181
0.575009 -0.932712 0.674473
0.620979 -0.936691 0.675167
0.628780 -0.928056 0.657419
0.623844 -0.935879 0.664372
0.606505 -0.901714 0.668079
0.604515 -0.928258 0.664162
0.594737 -0.908726 0.670450
0.541854 -0.895827 0.651800
0.515371 -0.872565 0.670129
0.490400 -0.856752 0.668444
0.454475 -0.869734 0.660579
0.496920 -0.860197 0.672215
0.500927 -0.862282 0.685290
0.472034 -0.859119 0.668652
0.488631 -0.878000 0.660312
0.491311 -0.868230 0.670393
0.501959 -0.858202 0.646317
0.507438 -0.851801 0.650278
0.493933 -0.854540 0.645376
0.488082 -0.849460 0.646045
0.491968 -0.855779 0.638970
0.485395 -0.832184 0.643632
0.503722 -0.830017 0.651366
0.474046 -0.833640 0.646328
0.473517 -0.856389 0.643143
0.478849 -0.845567 0.647818
0.454982 -0.835636 0.665756
0.461710 -0.858054 0.658813
0.460051 -0.883906 0.663232
0.450640 -0.882457 0.662590
0.431516 -0.893562 0.654306
0.441147 -0.905239 0.630783
0.436819 -0.882749 0.646947
0.436652 -0.911247 0.613765
0.442001 -0.883103 0.620260
0.436161 -0.894689 0.620968
0.418643 -0.871219 0.625377
0.428634 -0.888690 0.616380
0.422883 -0.882060 0.608460
0.403386 -0.872965 0.615755
0.410033 -0.852206 0.617576
0.410377 -0.862895 0.602199
0.404622 -0.822269 0.606502
0.401505 -0.831013 0.584987
0.404229 -0.846109 0.590716
0.402268 -0.855993 0.566036
0.402085 -0.859679 0.552676
0.400995 -0.861756 0.536677
0.396862 -0.846466 0.553723
0.379720 -0.870012 0.524868
0.382686 -0.870689 0.511709
0.366127 -0.884306 0.509257
0.353848 -0.898765 0.512571
0.343385 -0.905021 0.516524
0.343191 -0.912150 0.505372
0.343034 -0.942236 0.495396
0.347543 -0.936053 0.519892
0.341854 -0.976294 0.491802
0.335631 -0.949805 0.498176
0.371969 -0.996063 0.512621
0.406671 -0.982156 0.506856
0.449560 -0.998462 0.531454
0.466016 -1.013779 0.538894
0.457052 -0.978335 0.564782
0.466479 -0.947172 0.573924
0.473983 -0.951777 0.573382
0.454800 -0.928265 0.605619
0.439167 -0.930417 0.612615
0.446174 -0.908886 0.613339
0.427441 -0.890187 0.627124
0.412154 -0.892037 0.593246
0.411620 -0.888752 0.616982
0.427452 -0.910505 0.620405
0.415428 -0.890227 0.622224
0.434437 -0.901887 0.618118
0.450691 -0.932810 0.605316
0.460152 -0.944774 0.614845
0.496905 -0.943222 0.612248
0.498898 -0.933751 0.626796
0.484164 -0.943964 0.614903
0.499091 -0.957165 0.612981
0.472449 -0.968964 0.611489
0.453173 -0.951140 0.634325
0.446825 -0.960686 0.617714
0.452720 -0.975614 0.625825
0.445701 -0.973800 0.627573
0.467967 -0.996050 0.624272
0.491445 -1.010050 0.640508
0.521227 -1.031807 0.647837
0.612296 -1.056939 0.682699
0.666817 -1.066807 0.679791
0.686421 -1.083859 0.695248
0.689867 -1.054901 0.695033
0.687289 -1.013867 0.733515
0.665323 -1.006075 0.751154
0.676309 -0.992736 0.762184
0.650654 -0.962302 0.791452
0.621148 -0.950829 0.803332
0.636435 -0.971253 0.794569
0.633764 -0.959068 0.812919
0.639285 -0.951345 0.829655
0.664711 -0.962371 0.823516
0.664570 -0.983349 0.806893
0.663274 -0.983965 0.810968
0.671410 -0.980281 0.818868
0.695349 -0.988627 0.807220
0.680948 -0.976111 0.814039
0.688257 -0.945068 0.828317
0.695806 -0.905139 0.824050
0.717979 -0.871792 0.847253
0.690551 -0.826810 0.848760
0.704731 -0.748466 0.883224
0.694675 -0.702633 0.884967
0.714068 -0.679638 0.891956
0.747764 -0.634641 0.914123
0.778041 -0.634086 0.913870
0.786489 -0.632053 0.925865
0.833539 -0.665839 0.904632
0.856896 -0.684403 0.870729
0.886331 -0.696927 0.869794
0.931758 -0.753206 0.839365
0.940337 -0.781780 0.836277
0.956284 -0.837015 0.828777
0.988720 -0.895807 0.826402
1.015393 -1.040233 0.799656
1.094635 -1.204437 0.789069
1.227233 -1.431234 0.780728
1.431091 -1.665866 0.774075
1.567432 -1.914282 0.767224
1.600102 -1.970189 0.760087
1.741535 -2.240934 0.730754
1.928785 -2.803142 0.672644
2.011178 -2.916619 0.671019
2.198314 -3.419673 0.655988
2.265152 -3.679527 0.659418
2.422851 -4.051767 0.706997
2.564647 -4.288924 0.740807
2.672297 -4.553299 0.733908
2.744680 -4.696987 0.722319
2.907324 -5.117674 0.668663
2.929999 -5.459955 0.615704
2.927253 -5.590352 0.587719
2.933969 -5.911682 0.521212
2.894291 -6.336094 0.454838
2.928895 -6.560469 0.387041
2.912853 -6.734539 0.273884
2.970629 -6.770549 0.258234
3.064127 -6.678946 0.222279
3.108652 -6.717806 0.174481
3.095355 -6.755252 0.171825
3.063591 -6.899640 0.025869
3.083578 -6.993456 -0.014030
3.030483 -7.036233 -0.040483
3.001069 -7.166890 -0.206810
3.020351 -7.217242 -0.494449
3.031124 -7.357111 -0.895570
3.035780 -7.465230 -1.181567
2.978918 -7.616678 -1.389374
2.962309 -7.839736 -1.610043
3.022535 -7.678589 -1.692045
3.137582 -7.583447 -1.738375
3.087581 -7.623867 -1.825301
3.106831 -7.713765 -1.931792
3.129945 -7.663482 -1.956391
3.149649 -7.646010 -1.944897
3.130410 -7.737027 -1.959529
3.196145 -7.617695 -1.781866
3.179104 -7.613146 -1.760275
3.216073 -7.526131 -1.512966
3.185593 -7.512297 -1.363523
3.230646 -7.484131 -1.275248
3.191648 -7.472471 -1.255408
3.198948 -7.429137 -1.229212
3.204250 -7.385197 -1.217665
3.264260 -7.406142 -1.214841
3.291869 -7.264317 -1.078567
3.387266 -7.125047 -1.024643
3.406652 -6.968980 -0.995824
3.434421 -6.903059 -0.943705
3.416930 -6.896474 -0.962516
3.465382 -6.882078 -0.995919
3.546323 -6.797819 -1.050937
3.626823 -6.613246 -1.153269
3.636674 -6.639773 -1.182046
3.732048 -6.328216 -1.390602
3.766719 -6.275084 -1.613798
3.826616 -6.256317 -1.830988
3.810233 -6.398650 -2.046217
3.903834 -6.170610 -2.219419
4.028678 -5.971389 -2.428600
4.030856 -5.865977 -2.630258
3.856029 -5.904039 -2.854703
3.500238 -5.962992 -3.179141
3.312513 -6.070560 -3.400004
3.421126 -6.256077 -3.748556
3.789711 -6.026925 -3.722906
4.032751 -5.689992 -3.624035
4.269083 -5.244599 -3.648597
4.475149 -4.767014 -3.701238
4.541071 -4.458403 -3.778383
4.396891 -4.179454 -3.858232
4.155356 -3.952424 -3.887690
3.959472 -3.681876 -3.906969
3.997440 -3.232960 -3.929670
4.322767 -2.777916 -3.906800
4.625915 -2.313987 -3.867268
4.476545 -1.725556 -3.911401
3.968104 -1.256802 -3.968433
3.456329 -0.857611 -4.049534
3.261565 -0.585392 -4.065842
3.535642 -0.327930 -3.982300
4.057573 -0.128579 -3.834060
4.503081 0.080394 -3.678513
4.445347 0.236468 -3.696627
4.150348 0.136481 -3.747966
3.995283 -0.142693 -3.782953
3.917863 -0.255756 -3.765831
3.734558 -0.277573 -3.787839
3.579112 -0.311369 -3.805375
3.547270 -0.324997 -3.784549
3.661998 -0.324574 -3.765788
3.785081 -0.263092 -3.731106
3.899422 -0.059542 -3.697216
3.690349 0.048349 -3.736973
3.388482 0.119896 -3.796534
3.336213 0.092899 -3.848389
3.461374 0.005068 -3.846404
4.116415 -0.319886 -3.692672
4.645296 -0.424646 -3.537425
4.963499 -0.414089 -3.374858
4.833573 -0.210712 -3.345713
4.282798 -0.180597 -3.453343
3.703837 -0.312220 -3.611237
3.376651 -0.409416 -3.646421
3.527831 -0.451575 -3.596395
3.905532 -0.578265 -3.529275
4.273060 -0.690895 -3.448866
4.543274 -0.782701 -3.397237
4.760762 -0.898003 -3.354646
4.571090 -1.149805 -3.468552
4.183404 -1.416141 -3.622683
3.673147 -1.631515 -3.810903
3.274902 -1.813501 -3.970577
3.072130 -2.047196 -4.067315
2.933905 -2.265575 -4.101036
2.582622 -2.636247 -4.104989
2.551950 -2.993602 -3.902421
2.906834 -3.217526 -3.600267
3.132808 -3.214557 -3.214670
3.031843 -3.058082 -2.901594
2.708428 -2.736782 -2.571767
2.354425 -2.436306 -2.194519
2.127066 -2.071013 -1.690330
2.236258 -1.744153 -1.250519
2.544878 -1.426010 -0.900616
2.708973 -1.235830 -0.796169
2.584589 -1.162004 -0.812230
2.325004 -1.177122 -1.027930
1.891403 -1.279252 -1.319638
1.793383 -1.469903 -1.584001
2.190873 -1.706281 -1.739777
3.022761 -1.731240 -1.939914
3.491110 -1.588565 -2.145185
3.315959 -1.433952 -2.396134
2.653167 -1.504759 -2.679155
2.275878 -1.767734 -2.904937
2.158114 -2.016213 -3.086912
2.583552 -2.170021 -3.250956
3.321887 -2.149260 -3.333392
3.856038 -1.799581 -3.370167
3.951834 -1.292302 -3.217349
3.744840 -0.851778 -3.159448
3.523528 -0.646712 -3.097800
3.437068 -0.606073 -3.070996
3.392518 -0.554911 -3.017330
3.238030 -0.378304 -2.974549
3.252978 -0.284001 -2.970508
3.464187 -0.281700 -2.958312
3.775962 -0.371531 -2.930083
3.760126 -0.453358 -2.852382
3.470677 -0.519718 -2.817137
3.041992 -0.479657 -2.712982
2.642693 -0.242750 -2.404445
2.722864 -0.093520 -2.127719
2.942423 0.007905 -1.812133
3.559766 0.185880 -1.527273
4.077713 0.323405 -1.319831
4.160222 0.362662 -1.214805
3.756443 0.371557 -1.089651
3.048686 0.345855 -0.979856
2.417387 0.349038 -0.814688
2.390030 0.424749 -0.747992
2.812859 0.586879 -0.773015
3.237525 0.765188 -0.835440
3.491294 0.902288 -0.942434
3.302848 1.050908 -0.932158
2.858692 1.203593 -0.788625
2.564483 1.382800 -0.548230
2.534637 1.467557 -0.378235
2.449692 1.494581 -0.278084
2.301603 1.480012 -0.222829
2.147366 1.453518 -0.179938
2.019270 1.361531 -0.267006
1.902606 1.210677 -0.434852
1.780239 1.049647 -0.558430
1.790046 0.951350 -0.644523
1.958505 0.915789 -0.692859
2.205301 0.935702 -0.751881
2.477442 0.961482 -0.753576
2.664023 0.998610 -0.713617
2.758693 1.109824 -0.633121
2.733810 1.302831 -0.449927
2.662032 1.499545 -0.209364
2.621289 1.618819 -0.014091
2.555013 1.497614 0.069627
2.620565 1.270396 0.004204
2.903758 0.927661 -0.226806
3.282250 0.801422 -0.401227
3.604711 0.792856 -0.582806
3.843870 0.925453 -0.651400
3.825432 1.115866 -0.609769
3.590545 1.272980 -0.486595
3.261833 1.432789 -0.292507
3.143231 1.451627 -0.140932
3.223743 1.434820 -0.052477
3.383768 1.429567 0.067635
3.499958 1.513872 0.189033
3.456196 1.626656 0.298996
3.314386 1.789249 0.407883
3.190507 1.918145 0.457396
3.072290 2.044825 0.512614
3.072317 2.051902 0.439680
3.226838 2.107493 0.437661
3.427332 2.185692 0.463337
3.495616 2.357342 0.673688
3.381864 2.593164 0.927708
3.308076 2.816381 1.240902
3.305473 3.095661 1.524055
3.348941 3.357814 1.805551
3.397655 3.396940 1.875956
3.199706 3.296642 1.952273
2.788780 3.141521 1.986332
2.372162 2.923812 1.921218
2.065016 2.653186 1.800233
2.181439 2.430079 1.569111
2.550844 2.271675 1.384127
2.895308 2.085028 1.255915
3.254672 1.912201 1.178901
3.609064 1.708552 1.037775
3.852177 1.469215 0.882600
4.014615 1.206879 0.676849
4.009784 0.927610 0.545154
3.716212 0.634135 0.442655
3.160034 0.314487 0.354309
2.748993 0.090111 0.307278
2.615794 -0.100798 0.328937
2.690053 -0.310208 0.332240
2.905954 -0.474589 0.354657
3.291726 -0.635387 0.327460
3.554580 -0.706624 0.303065
3.313267 -0.799355 0.366923
2.587544 -0.857080 0.377027
2.056037 -1.018470 0.294568
2.266058 -1.186181 0.171876
2.784252 -1.248973 0.009129
3.235763 -1.206978 -0.117303
3.216793 -1.002456 -0.138138
2.844146 -0.772936 -0.037380
2.371941 -0.539284 0.029489
2.199586 -0.460264 0.009668
2.342435 -0.516734 -0.011758
2.720069 -0.585594 -0.006600
3.020212 -0.564633 -0.121163
3.250810 -0.511753 -0.201229
3.494249 -0.433528 -0.282730
3.548939 -0.410492 -0.348702
3.584076 -0.474458 -0.423761
3.681163 -0.621108 -0.529693
3.773576 -0.711013 -0.719042
3.777003 -0.808785 -0.941829
3.558737 -0.804827 -1.065217
3.288407 -0.851027 -1.131530
3.291730 -0.958215 -1.193377
3.491602 -1.082121 -1.254671
3.674346 -1.189648 -1.333689
3.843946 -1.357125 -1.364578
3.854941 -1.407711 -1.420679
3.824807 -1.479297 -1.429250
3.919396 -1.473285 -1.407457
4.014317 -1.368858 -1.291581
4.185459 -1.295253 -1.186561
4.425767 -1.211461 -1.114193
4.466541 -1.156148 -0.991344
4.515765 -1.111014 -0.944604
4.618931 -1.037697 -0.857198
4.691467 -0.942702 -0.751977
4.655052 -0.867750 -0.693193
4.517668 -0.716772 -0.530506
4.434011 -0.602022 -0.429931
4.408693 -0.450639 -0.305650
4.517076 -0.350062 -0.240929
4.663270 -0.254105 -0.158136
4.816152 -0.187598 -0.090497
4.923815 -0.173926 -0.082428
4.966271 -0.189219 -0.092472
5.052393 -0.207377 -0.117594
5.163014 -0.296661 -0.210240
5.214646 -0.311323 -0.224030
5.393502 -0.341386 -0.308008
5.253016 -0.476187 -0.437541
5.224608 -0.623156 -0.567535
5.120886 -0.786676 -0.635291
4.982390 -0.876101 -0.628751
4.851350 -0.951022 -0.680737
4.689161 -1.036029 -0.712313
4.557314 -1.041829 -0.720005
4.409402 -0.974635 -0.654006
4.237523 -0.909015 -0.538645
4.133072 -0.857096 -0.458030
4.221793 -0.808090 -0.359103
4.146220 -0.794516 -0.308586
4.094481 -0.741932 -0.228389
4.082481 -0.622332 -0.128527
4.128921 -0.648336 -0.122821
4.226043 -0.722216 -0.168593
4.241698 -0.778851 -0.200122
4.227998 -0.961573 -0.246376
4.268073 -1.300011 -0.335305
4.332693 -1.344921 -0.333530
4.297363 -1.444109 -0.357951
4.210517 -1.564192 -0.362736
4.137128 -1.692539 -0.363282
3.993333 -1.889506 -0.388263
3.907963 -2.203496 -0.398446
3.922349 -2.271652 -0.401505
3.988588 -2.449674 -0.451821
4.503847 -2.968954 -0.659194
4.742260 -3.183764 -0.572520
4.874493 -3.459852 -0.487802
5.040678 -3.700256 -0.448042
5.211276 -3.868753 -0.316509
5.274486 -3.973137 -0.252948
5.358124 -4.075267 -0.058665
5.371482 -4.126065 0.099257
5.337144 -4.227727 0.184025
5.156758 -4.339902 0.349970
5.113940 -4.379321 0.476031
4.821945 -4.514507 0.519132
4.662175 -4.558594 0.565648
4.638142 -4.505138 0.607819
4.659191 -4.498085 0.606833
4.713513 -4.507789 0.590324
4.717354 -4.501554 0.566093
4.709603 -4.481713 0.538177
4.709317 -4.494587 0.523340
4.713969 -4.560141 0.432251
4.716811 -4.541705 0.382770
4.842845 -4.481682 0.272070
5.008458 -4.498998 0.150447
5.025897 -4.509249 0.085488
4.991846 -4.580330 -0.020390
4.921636 -4.588212 -0.074882
4.792185 -4.631880 -0.197083
4.762130 -4.644973 -0.217813
4.486903 -4.754290 -0.345798
4.381221 -4.822316 -0.450731
4.330110 -4.828187 -0.513034
4.310324 -4.808754 -0.512874
4.323142 -4.792687 -0.537597
4.386722 -4.790702 -0.587130
4.479480 -4.746946 -0.608911
4.710460 -4.731293 -0.644756
4.839417 -4.677222 -0.715579
4.960289 -4.661822 -0.800117
4.981844 -4.667522 -0.830474
5.064583 -4.647735 -0.897367
5.021047 -4.665581 -0.937101
4.944960 -4.699945 -0.962416
4.905337 -4.710189 -0.945904
4.931319 -4.784632 -0.888600
5.004374 -4.883146 -0.902577
5.056414 -4.809515 -0.839897
5.081624 -4.773352 -0.823182
5.213942 -4.645060 -0.744553
5.292921 -4.608288 -0.662106
5.351264 -4.603952 -0.640490
5.443965 -4.753287 -0.685777
5.513462 -4.570446 -0.649867
5.540919 -4.542122 -0.671560
5.563652 -4.515454 -0.677741
5.600241 -4.497479 -0.683862
5.688393 -4.486420 -0.673060
5.731291 -4.475864 -0.653043
5.689521 -4.480518 -0.653251
5.687407 -4.506049 -0.669063
5.703316 -4.473970 -0.631292
5.729164 -4.501439 -0.593992
5.722281 -4.479412 -0.616697
5.728883 -4.473150 -0.575382
5.766479 -4.478022 -0.596901
5.788074 -4.466931 -0.601516
5.754077 -4.448320 -0.625390
5.759410 -4.467941 -0.639877
5.778289 -4.435774 -0.674798
5.836557 -4.425743 -0.699330
5.835514 -4.461551 -0.745128
5.819307 -4.442094 -0.759083
5.818312 -4.343199 -0.780441
5.808098 -4.377349 -0.832884
5.862787 -4.408388 -0.887679
5.828212 -4.310710 -0.906430
5.785987 -4.273929 -0.930320
5.786952 -4.257504 -0.961024
5.797288 -4.257845 -0.981893
5.776473 -4.271180 -1.018481
5.760408 -4.256040 -1.054014
5.762706 -4.243483 -1.034659
5.736849 -4.241452 -1.022665
5.697086 -4.222154 -1.029346
5.727030 -4.213044 -1.007450
5.713630 -4.151702 -1.031151
5.734088 -4.233085 -1.084254
5.728499 -4.180273 -1.092612
5.719501 -4.083248 -1.215512
5.746579 -4.151762 -1.430886
5.753143 -4.029686 -1.653285
5.733252 -3.954831 -1.864180
5.752111 -3.941594 -2.135889
5.765290 -3.920230 -2.381852
5.770107 -3.892531 -2.545599
5.785432 -3.815365 -2.891606
5.751512 -3.816234 -3.080482
5.729807 -3.749048 -3.221623
5.766402 -3.796805 -3.389852
5.720201 -3.723536 -3.461808
5.724804 -3.769564 -3.588127
5.684227 -3.653739 -3.645767
5.676050 -3.607131 -3.748390
5.650840 -3.604435 -3.775457
5.662374 -3.598831 -3.788268
5.643458 -3.602124 -3.827775
5.633183 -3.537603 -3.893476
5.603801 -3.491606 -3.953625
5.578101 -3.458052 -4.098637
5.599123 -3.368985 -4.051802
5.560360 -3.395976 -4.045854
5.529574 -3.294448 -4.075559
5.529034 -3.225294 -4.143407
5.511790 -3.166025 -4.221912
5.476284 -3.143743 -4.231698
5.475505 -3.088123 -4.250894
5.470567 -3.109693 -4.221130
5.457206 -3.108985 -4.191575
5.436355 -3.078208 -4.162174
5.446602 -3.037806 -4.126629
5.474944 -3.084315 -4.041307
5.423936 -3.071710 -3.924422
5.441204 -3.114791 -3.825116
5.397809 -3.112314 -3.724681
5.280836 -3.083988 -3.591262
5.211569 -3.083029 -3.510914
5.120248 -3.119018 -3.428364
5.063939 -3.114755 -3.393491
4.973417 -3.153209 -3.357517
4.881189 -3.156314 -3.407760
4.779966 -3.134648 -3.425214
4.575156 -3.142775 -3.527624
4.497277 -3.100762 -3.627133
4.452096 -3.095033 -3.672811
4.420957 -3.109097 -3.727418
4.364129 -3.060807 -3.865411
4.270113 -3.036319 -3.934936
4.164027 -2.995021 -4.048479
3.986292 -3.008688 -4.278231
3.875924 -2.996167 -4.331553
3.864161 -3.012950 -4.365909
3.803966 -2.974170 -4.481740
3.804851 -3.001014 -4.583617
3.801406 -2.973579 -4.678344
3.832956 -2.923309 -4.794737
3.814929 -2.914557 -4.901305
3.777404 -2.887744 -4.985228
3.751726 -2.845092 -5.121092
3.744951 -2.833874 -5.146606
3.735506 -2.826212 -5.162456
3.779593 -2.801696 -5.184245
3.842104 -2.746964 -5.198584
3.943935 -2.797986 -5.187012
3.976298 -2.754340 -5.177712
4.039096 -2.627614 -5.117991
4.128856 -2.549456 -5.181623
4.227438 -2.535057 -5.052816
4.448912 -2.614888 -4.972535
4.470760 -2.446967 -4.900128
4.486257 -2.402941 -4.874425
4.507442 -2.344876 -4.840565
4.531809 -2.361273 -4.832819
4.579218 -2.298557 -4.841566
4.501023 -2.328324 -4.842193
4.438361 -2.329076 -4.866717
4.358803 -2.356921 -4.868883
4.275695 -2.375875 -4.845389
4.209522 -2.410503 -4.792631
4.155196 -2.437233 -4.690754
4.140458 -2.431538 -4.592309
4.126125 -2.452791 -4.449186
4.092250 -2.541087 -4.138049
4.062196 -2.564067 -3.940368
4.022627 -2.659278 -3.720150
3.955511 -2.710118 -3.493703
3.907243 -2.790172 -3.295403
3.891344 -2.833546 -3.104844
3.889900 -2.891385 -2.962890
3.948921 -2.913626 -2.692147
3.957358 -2.897533 -2.678312
4.010301 -2.922920 -2.589783
4.003875 -2.899044 -2.579443
3.982225 -2.869143 -2.557847
3.929693 -2.768483 -2.587297
3.864025 -2.582728 -2.583453
3.706761 -2.334833 -2.621931
3.520823 -2.013128 -2.656875
3.323045 -1.819255 -2.657238
3.132311 -1.590071 -2.639007
3.012473 -1.490840 -2.621493
2.889090 -1.390631 -2.617961
2.857378 -1.352216 -2.629394
2.909074 -1.540425 -2.628007
2.964641 -1.618893 -2.635153
3.050011 -1.802631 -2.658710
3.051263 -1.856404 -2.671560
3.144959 -2.078586 -2.759245
3.240219 -2.249460 -2.835128
3.276468 -2.421681 -2.954580
3.307440 -2.524290 -3.104341
3.271898 -2.636646 -3.144932
3.243796 -2.751258 -3.230357
3.248522 -2.753122 -3.259176
3.241285 -2.836782 -3.296477
3.239430 -2.858548 -3.303528
3.248951 -2.903955 -3.260503
3.291937 -2.951278 -3.204584
3.302904 -2.988038 -3.114396
3.357023 -3.030002 -2.966950
3.381283 -3.060395 -2.847080
3.394680 -3.141099 -2.632111
3.398491 -3.185452 -2.471235
3.395923 -3.247943 -2.279948
3.411259 -3.242286 -2.065142
3.436609 -3.188785 -1.883299
3.507187 -3.119548 -1.720375
3.589469 -3.059594 -1.603168
3.745602 -3.088509 -1.393322
3.823932 -3.093193 -1.268070
3.839704 -3.120438 -1.197342
3.836896 -3.108133 -1.200910
3.760145 -3.190922 -1.152966
3.622950 -3.252090 -1.126900
3.396338 -3.311241 -1.059041
3.190162 -3.318915 -0.995991
2.998169 -3.445708 -0.906878
2.827500 -3.454370 -0.801782
2.706914 -3.408201 -0.696221
2.618930 -3.398863 -0.550637
2.576258 -3.373787 -0.425218
2.563594 -3.352779 -0.354924
2.500123 -3.258777 -0.288337
2.365203 -3.223611 -0.261926
1.924940 -3.206821 -0.093310
1.719452 -3.250413 0.131518
1.574446 -3.269972 0.266436
1.289789 -3.349960 0.577643
0.865999 -3.451360 1.005562
0.078357 -3.576996 1.685718
-0.245961 -3.645745 1.919991
-0.661794 -3.676777 2.261757
-0.942748 -3.720886 2.588481
-1.172621 -3.752657 2.859705
-1.205060 -3.770891 2.882227
-1.406685 -3.914424 3.204310
-1.462809 -4.001607 3.345965
-1.611942 -3.896372 3.471382
-1.796208 -3.577227 3.617403
-2.030208 -3.222604 3.765189
-2.117574 -3.120314 3.825878
-2.299368 -2.805794 4.004497
-2.824302 -1.858478 4.314038
-2.990541 -1.525760 4.457580
-3.099903 -1.299524 4.548853
-3.142537 -1.192547 4.578733
-3.313048 -0.831719 4.726459
-3.507211 -0.396919 4.810201
-3.690664 0.107661 4.861860
-3.858417 0.551890 4.846041
-3.995277 0.923484 4.810617
-4.087308 1.144688 4.843852
-4.137742 1.376718 4.898473
-4.164621 1.460705 4.863499
-4.041135 1.237079 4.655872
-3.945058 1.060714 4.423021
-3.873192 0.895313 4.185204
-3.839314 0.790368 3.824701
-3.826791 0.787857 3.724029
-3.893281 0.917535 3.347730
-3.894056 0.937887 3.232177
-3.889354 0.933298 3.185572
-3.916709 0.924567 3.077384
-3.947504 1.038778 2.752449
-4.063875 1.403069 2.689885
-4.092960 1.443340 2.554837
-4.063957 1.386609 2.431452
-4.017280 1.218446 2.301730
-3.882453 0.812700 1.962859
-3.762972 0.434001 1.730019
-3.685315 0.168411 1.596510
-3.573638 -0.156645 1.344968
-3.617537 -0.176792 1.275232
-3.610290 -0.184406 1.261485
-3.653861 -0.058011 1.246543
-3.760289 0.195972 1.247876
-3.880794 0.540783 1.281946
-4.045377 1.062116 1.379915
-4.143526 1.456200 1.501953
-4.174793 1.495780 1.522487
-4.352220 2.245559 1.773790
-4.416429 2.588032 1.889563
-4.479437 2.876579 1.939300
-4.505507 3.008622 1.959371
-4.543628 3.274614 1.988184
-4.549002 3.370595 1.970433
-4.605757 3.578050 1.900483
-4.645154 3.621675 1.661454
-4.642890 3.583745 1.472126
-4.618479 3.416017 1.325162
-4.576650 3.167288 1.178103
-4.540534 2.966033 1.034192
-4.498138 2.815586 0.937563
-4.442627 2.703842 0.893963
-4.416043 2.552880 0.871007
-4.372045 2.405706 0.890857
-4.347434 2.331920 0.938386
-4.302863 2.279327 0.969655
-4.257468 2.126973 1.005921
-4.183049 2.028872 1.036272
-4.114807 1.765521 1.074780
-4.047351 1.581226 1.123524
-4.004771 1.528629 1.220979
-3.973994 1.490417 1.347663
-3.959320 1.480155 1.414328
-3.953967 1.571017 1.476797
-3.943514 1.670491 1.523556
-3.929496 1.794236 1.547958
-3.928909 1.927776 1.595800
-3.917867 2.010370 1.660653
-3.890503 2.078877 1.704560
-3.869148 2.134569 1.739173
-3.836653 2.218280 1.797289
-3.810956 2.364809 1.800819
-3.790924 2.432863 1.769639
-3.746560 2.522275 1.796750
-3.740466 2.499222 1.788702
-3.733668 2.406328 1.747021
-3.738398 2.315496 1.684597
-3.727818 2.161778 1.603125
-3.715544 2.094684 1.537576
-3.708061 2.081464 1.459916
-3.709599 2.051901 1.371965
-3.699777 2.072783 1.326595
-3.726931 1.933397 1.256692
-3.777835 1.603431 1.124790
-3.804404 1.303911 0.953967
-3.855655 1.026086 0.781428
-3.863226 0.809563 0.544512
-3.942485 0.663780 0.280285
-3.966972 0.597131 -0.068460
-4.024402 0.567359 -0.381922
-4.044944 0.607644 -0.642500
-4.080829 0.700026 -0.745168
-4.093723 0.801535 -0.857272
-4.065946 0.988414 -0.869741
-4.020713 1.209942 -0.827727
-3.975309 1.351879 -0.710986
-3.952439 1.471212 -0.503973
-3.908213 1.517377 -0.359901
-3.906013 1.568401 -0.279956
-3.912197 1.552908 -0.243780
-3.925123 1.465403 -0.302175
-3.933584 1.430319 -0.287966
-3.928038 1.337496 -0.310432
-3.937842 1.251414 -0.409089
-3.958807 1.164657 -0.510101
-3.969895 1.112248 -0.618714
-3.997977 1.084594 -0.660847
-3.945570 1.137642 -0.636532
-3.947797 1.170776 -0.585657
-3.947094 1.128772 -0.561908
-3.927937 1.117695 -0.523148
-3.904549 1.071096 -0.449985
-3.862286 1.088597 -0.353678
-3.883561 1.053130 -0.275126
-3.907411 0.950473 -0.157845
-3.903359 0.888295 -0.048268
-3.932170 0.795245 0.023754
-3.930163 0.808920 0.074946
-3.913484 0.819024 0.057688
-3.854225 0.768683 0.018865
-3.598506 0.615948 -0.003760
-3.254391 0.334434 -0.071929
-2.663642 -0.040422 -0.172204
-2.029569 -0.386908 -0.298785
-1.366491 -0.774719 -0.401744
-0.944586 -1.138099 -0.492933
-0.692846 -1.473421 -0.513976
-0.591015 -1.761672 -0.532747
-0.468376 -2.037190 -0.583041
-0.419719 -2.341683 -0.707345
-0.280841 -2.569328 -0.818669
-0.219400 -2.724525 -0.861270
-0.210227 -2.829657 -0.824975
-0.131779 -2.928774 -0.750735
0.047269 -2.943542 -0.656246
0.443789 -2.966067 -0.614900
0.899947 -3.095159 -0.607386
1.545215 -3.125795 -0.547785
2.032014 -3.078450 -0.537946
2.478985 -3.063241 -0.539632
2.804106 -3.165597 -0.641272
3.064040 -3.275937 -0.779185
3.264965 -3.472852 -0.866309
3.436249 -3.675447 -1.011814
3.467788 -3.846071 -1.098778
3.479025 -3.960587 -1.132175
3.401226 -4.144959 -1.197377
3.416783 -4.359056 -1.176569
3.438544 -4.587801 -1.220957
3.376235 -4.840470 -1.321249
3.289532 -5.061321 -1.411859
3.192184 -5.358155 -1.523331
3.048341 -5.611916 -1.618421
2.981782 -5.843530 -1.661644
2.967758 -6.031582 -1.752927
3.024004 -6.092518 -1.826452
3.126304 -6.093152 -1.934053
3.239814 -6.034089 -2.004574
3.346871 -5.968407 -2.093511
3.446026 -5.905835 -2.120491
3.525568 -5.876827 -2.229428
3.603119 -5.928092 -2.365455
3.581833 -6.131648 -2.560344
3.551450 -6.357819 -2.715094
3.498411 -6.619836 -2.854614
3.438043 -6.814318 -2.981209
3.413462 -6.979664 -3.095316
3.431050 -7.108022 -3.218844
3.492870 -7.083397 -3.212795
3.611516 -6.870348 -3.242285
3.673479 -6.825374 -3.251641
3.715501 -6.880371 -3.285770
3.666325 -7.043933 -3.330060
3.550047 -7.205361 -3.368876
3.554931 -7.250036 -3.378561
3.453577 -7.511033 -3.407390
3.454173 -7.594532 -3.505490
3.462785 -7.590230 -3.433795
3.412159 -7.585734 -3.379976
3.443826 -7.517812 -3.350510
3.524655 -7.458572 -3.346088
3.549138 -7.442205 -3.357270
3.561429 -7.469643 -3.356279
3.494911 -7.675434 -3.404237
3.481247 -7.689713 -3.411857
3.605258 -7.614326 -3.417248
3.644509 -7.500950 -3.441927
3.655947 -7.513362 -3.523512
3.672525 -7.468339 -3.458401
3.618997 -7.529260 -3.432580
3.631489 -7.629857 -3.419691
3.609180 -7.672457 -3.429066
3.587062 -7.674267 -3.421826
3.502990 -7.739749 -3.469042
3.492963 -7.750423 -3.469514
3.500687 -7.771674 -3.474398
3.481730 -7.787804 -3.511620
3.420209 -7.887185 -3.537794
3.435544 -7.811307 -3.550434
3.436297 -7.744635 -3.564871
3.413223 -7.818634 -3.600186
3.477580 -7.835645 -3.720060
3.457114 -7.769841 -3.574889
3.492832 -7.740733 -3.515034
3.499750 -7.697673 -3.502842
3.505054 -7.691905 -3.465123
3.512577 -7.682246 -3.411156
3.505982 -7.653405 -3.347342
3.494037 -7.640742 -3.301701
3.421489 -7.756434 -3.269950
3.444804 -7.735466 -3.260328
3.547754 -7.570746 -3.274176
3.587400 -7.546945 -3.296930
3.649597 -7.549794 -3.368264
3.638134 -7.571762 -3.396375
3.720050 -7.545879 -3.417423
3.739085 -7.565675 -3.413400
3.758764 -7.560906 -3.432138
3.771447 -7.537110 -3.453905
3.807895 -7.536225 -3.466732
3.818882 -7.691002 -3.484571
3.928739 -7.496171 -3.474837
3.968583 -7.369387 -3.480364
4.030043 -7.325711 -3.479566
4.027227 -7.350575 -3.494050
4.089692 -7.356731 -3.509855
4.130762 -7.319140 -3.474132
4.170469 -7.292796 -3.473085
4.257677 -7.187889 -3.444992
4.311036 -7.113779 -3.434203
4.400385 -7.010310 -3.389603
4.440541 -6.891523 -3.392175
4.478923 -6.806437 -3.414564
4.555332 -6.732270 -3.419909
4.594443 -6.669228 -3.405606
4.612672 -6.694149 -3.399510
4.624408 -6.662843 -3.404734
4.679598 -6.702120 -3.412698
4.682063 -6.761144 -3.378107
4.703013 -6.736664 -3.399580
4.735144 -6.717920 -3.417127
4.721810 -6.802141 -3.431012
4.692859 -6.963933 -3.477334
4.760064 -6.955085 -3.482103
4.817022 -6.759869 -3.501033
4.852165 -6.731786 -3.489566
4.861125 -6.691322 -3.479840
4.897378 -6.661539 -3.475110
4.862084 -6.652083 -3.499822
4.886203 -6.625483 -3.520871
4.914656 -6.604625 -3.527867
4.919433 -6.629686 -3.573747
4.946860 -6.634491 -3.579557
4.967568 -6.704507 -3.546061
4.950125 -6.735902 -3.447662
4.961014 -6.735312 -3.355617
4.964873 -6.644307 -3.252465
4.972799 -6.560796 -3.126337
4.943280 -6.600501 -3.043291
5.008799 -6.577006 -2.957229
4.983631 -6.640170 -3.051918
4.930797 -6.791176 -2.879996
4.924593 -6.684610 -2.789066
5.003062 -6.447917 -2.775415
4.991083 -6.400959 -2.815388
5.065967 -6.291672 -2.873559
5.133775 -6.219102 -2.928092
5.201011 -6.112526 -3.011919
5.210892 -6.082188 -3.057119
5.243044 -5.988169 -3.085088
5.307685 -5.874394 -3.129877
5.337671 -5.781082 -3.176724
5.403339 -5.689337 -3.213461
5.421519 -5.611242 -3.219800
5.463605 -5.532502 -3.265500
5.497373 -5.439915 -3.275629
5.562493 -5.514446 -3.415880
5.522182 -5.408603 -3.298045
5.552571 -5.330610 -3.220186
5.569083 -5.270479 -3.194085
5.577577 -5.152003 -3.199360
5.606305 -5.002039 -3.179811
5.612664 -4.876252 -3.142954
5.629633 -4.818759 -3.126642
5.632799 -4.684388 -3.096612
5.641064 -4.534259 -3.095923
5.660230 -4.419936 -3.113255
5.625222 -4.290473 -3.105553
5.619976 -4.128887 -3.096133
5.446128 -3.951411 -3.114895
5.288300 -3.765207 -3.130081
5.145041 -3.586389 -3.101451
4.964266 -3.518075 -3.124594
4.829951 -3.400818 -3.100157
4.736456 -3.326783 -3.102338
4.682770 -3.290340 -3.095260
4.652489 -3.291324 -3.094871
4.613504 -3.269331 -3.139958
4.525082 -3.246287 -3.152093
4.382453 -3.291514 -3.218300
4.264626 -3.273103 -3.238873
4.209607 -3.347686 -3.247524
4.186345 -3.402179 -3.257789
4.259044 -3.418991 -3.237180
4.337782 -3.475393 -3.246772
4.404025 -3.490202 -3.284289
4.477961 -3.556173 -3.366197
4.523663 -3.626204 -3.411486
4.637247 -3.688888 -3.525599
4.636476 -3.787576 -3.615316
4.603611 -3.877179 -3.675376
4.554115 -4.027987 -3.756892
4.466361 -4.150372 -3.950770
4.411268 -4.271152 -4.040594
4.394866 -4.410335 -3.940392
4.426418 -4.535868 -3.981093
4.549719 -4.415901 -3.989370
4.649206 -4.415403 -3.974469
4.741601 -4.496841 -3.976366
4.861561 -4.466405 -3.969319
4.897341 -4.353668 -3.988585
4.875234 -4.345583 -4.012518
4.867104 -4.313012 -4.067743
4.872661 -4.268257 -4.105500
4.947466 -4.235932 -4.117393
4.964663 -4.206936 -4.131543
5.055369 -4.197952 -4.132549
5.167699 -4.158146 -4.204382
5.215212 -4.107041 -4.148136
5.225438 -4.113119 -4.059786
5.197896 -4.126746 -4.060341
5.173018 -3.996778 -4.071820
5.148101 -3.965712 -4.079792
5.130077 -3.944359 -4.101973
5.259995 -3.923372 -4.078290
5.299039 -3.911981 -4.075253
5.371918 -3.902751 -4.077615
5.371918 -3.902751 -4.077615
5.410246 -3.934246 -4.068705
5.524191 -4.132552 -4.058114
5.449187 -4.163450 -4.088799
5.458321 -4.126627 -4.081243
5.474469 -4.176810 -4.081964
5.529377 -4.139259 -4.057473
5.545981 -4.105233 -4.037128
5.586055 -4.109045 -4.015646
5.537501 -4.103444 -3.985650
5.438067 -4.145777 -3.967275
5.309174 -4.023047 -3.929274
5.273045 -3.978331 -3.941680
5.279749 -3.906562 -3.941690
5.270311 -3.853720 -3.939837
5.233102 -3.844119 -4.010162
5.137585 -3.843555 -4.029086
4.865903 -3.671377 -4.008855
4.616936 -3.368067 -3.997439
4.436033 -3.271549 -3.956864
4.371166 -3.131397 -3.841244
4.452090 -3.135991 -3.771123
4.577709 -3.128423 -3.716085
4.822095 -3.116468 -3.645805
4.866382 -3.129437 -3.665889
4.711743 -3.135027 -3.723886
4.377706 -3.066845 -3.796546
4.028868 -3.056378 -3.856500
3.639332 -3.057179 -3.889174
3.363405 -3.007561 -3.843707
3.079084 -3.015037 -3.762620
2.961808 -3.027650 -3.670773
3.127319 -3.039831 -3.528433
3.323737 -3.080744 -3.399323
3.470404 -3.096395 -3.331721
3.518416 -3.086059 -3.257133
3.398000 -3.037491 -3.337591
3.092231 -3.016403 -3.299599
2.814410 -3.102159 -3.378045
2.577483 -3.140935 -3.430183
2.378333 -3.113962 -3.444261
2.279211 -3.124629 -3.417856
2.323043 -3.170070 -3.368351
2.415215 -3.232086 -3.316780
2.465661 -3.249576 -3.277217
2.517383 -3.263793 -3.239726
2.568121 -3.333059 -3.184778
2.505527 -3.397716 -3.179264
2.462451 -3.401463 -3.169547
2.128335 -3.303618 -3.192886
2.093457 -3.262108 -3.191723
1.920854 -3.156648 -3.163833
1.841100 -3.212891 -3.148177
1.807046 -3.283168 -3.144426
1.845586 -3.345215 -3.131112
2.008672 -3.482506 -3.137415
2.162168 -3.595761 -3.161460
2.243468 -3.662337 -3.209744
2.265258 -3.738928 -3.249309
2.173103 -3.775645 -3.327326
2.061847 -3.811553 -3.397929
1.918658 -3.932169 -3.492161
1.793407 -4.099950 -3.547320
1.807587 -4.229749 -3.603858
2.049027 -4.251280 -3.632293
2.354751 -4.312980 -3.654475
2.531531 -4.360714 -3.719312
2.514721 -4.299717 -3.762098
2.389702 -4.320195 -3.855020
2.220310 -4.417796 -3.913824
2.063882 -4.444723 -3.979651
1.985965 -4.470042 -4.156563
1.870522 -4.488644 -4.205684
1.797830 -4.535767 -4.331120
1.651765 -4.563090 -4.454872
1.518059 -4.570297 -4.604399
1.486725 -4.581710 -4.740001
1.444775 -4.597519 -4.867322
1.405217 -4.606384 -4.992930
1.286667 -4.631304 -5.103906
1.180857 -4.649567 -5.222645
1.145552 -4.674511 -5.327109
1.135463 -4.692638 -5.413562
1.100912 -4.715884 -5.473145
1.048649 -4.801489 -5.528525
0.975064 -4.739753 -5.579894
0.987093 -4.748255 -5.785188
0.973367 -4.780269 -5.710864
0.954148 -4.755439 -5.579581
0.947777 -4.784707 -5.561604
0.936392 -4.819123 -5.531936
0.943740 -5.032043 -5.533991
0.994990 -5.041712 -5.515036
0.991884 -4.864830 -5.492431
0.966178 -4.752259 -5.490656
0.923431 -4.778050 -5.484850
0.892708 -4.876173 -5.534145
0.815314 -4.846956 -5.533022
0.747571 -4.887146 -5.520689
0.724577 -4.948786 -5.517231
0.722476 -4.904532 -5.465095
0.665045 -4.953425 -5.396794
0.556512 -4.980063 -5.300998
0.459515 -5.009624 -5.234830
0.397979 -4.991308 -5.201941
0.348171 -5.025625 -5.135320
0.309188 -5.034843 -5.060902
0.259933 -5.033435 -4.989017
0.233129 -5.059240 -4.959023
0.216486 -5.039860 -4.961057
0.201267 -5.026161 -4.960368
0.182266 -5.034173 -4.970391
0.193378 -5.024119 -4.999271
0.151942 -5.003757 -5.043905
0.097653 -5.005896 -5.050982
0.168557 -5.147451 -5.122726
0.244085 -5.024862 -5.147899
0.311166 -4.937734 -5.173008
0.421681 -4.916268 -5.193941
0.501824 -5.051305 -5.216916
0.514759 -4.924422 -5.233284
0.492007 -4.858470 -5.226886
0.428303 -4.898306 -5.235292
0.294689 -4.896941 -5.233260
0.171568 -4.930479 -5.255906
0.088439 -4.940989 -5.247604
0.062056 -4.920597 -5.252644
0.098513 -4.918959 -5.231699
0.129016 -4.882072 -5.242409
0.226213 -4.888960 -5.220750
0.315794 -4.868766 -5.203830
0.389820 -4.814998 -5.197204
0.386739 -4.815336 -5.182761
0.349204 -4.899353 -5.188260
0.370494 -4.891601 -5.149362
0.475960 -4.825172 -5.106510
0.647875 -4.812845 -5.071550
0.730526 -4.894906 -5.047599
0.563430 -4.785381 -5.036333
0.301027 -4.804539 -5.062581
0.087228 -4.867927 -5.049323
0.000057 -4.847847 -5.066852
0.082488 -4.809613 -5.035529
0.346727 -4.755496 -5.013429
0.663146 -4.645314 -5.030444
0.740051 -4.585414 -5.060638
0.596659 -4.571902 -5.089299
0.370203 -4.622448 -5.066816
0.165354 -4.628474 -5.043608
0.241384 -4.614589 -5.009963
0.612577 -4.658299 -5.018797
0.783335 -4.485664 -5.006226
0.729991 -4.436379 -5.008245
0.548834 -4.602696 -5.019859
0.402992 -4.547714 -4.984147
0.359416 -4.495213 -4.982201
0.323710 -4.273304 -5.005570
0.369955 -3.744593 -5.189689
1.016393 -3.545569 -5.123661
1.740098 -3.925130 -4.919544
1.984081 -3.829605 -4.747746
2.135127 -3.743673 -4.832523
2.640791 -3.684976 -4.740590
2.958181 -3.903959 -4.739410
2.764831 -4.115218 -4.843339
2.471482 -4.272274 -4.726838
2.231450 -4.414151 -4.643971
1.870929 -4.610533 -4.677371
1.725042 -4.693764 -4.735660
1.512730 -4.714071 -4.863303
1.308491 -4.704061 -4.829527
0.786664 -4.782522 -4.833362
0.365548 -4.775431 -4.840756
0.159094 -4.741510 -4.935642
-0.002958 -4.634050 -4.957607
-0.128399 -4.521511 -4.979411
-0.327594 -4.453839 -5.034302
-0.534394 -4.428935 -5.084127
-0.511245 -4.384996 -5.120374
-0.497832 -4.583046 -5.178235
-0.640426 -4.634795 -5.218689
-0.921159 -4.467345 -5.187913
-0.986414 -4.374661 -5.159202
-0.991287 -4.366650 -5.154751
-0.985442 -4.381554 -5.139299
-1.044853 -4.387888 -5.132506
-1.131159 -4.457387 -5.124482
-1.195333 -4.438153 -5.113062
-1.140509 -4.381514 -5.144065
-0.925609 -4.341392 -5.199166
-0.725388 -4.507333 -5.405778
-0.621821 -4.394950 -5.274089
-0.492377 -4.321779 -5.204947
-0.298605 -4.346405 -5.235720
-0.131181 -4.337191 -5.264104
-0.028415 -4.304947 -5.290939
0.032240 -4.317992 -5.291594
0.106725 -4.343205 -5.287642
0.152779 -4.280042 -5.303483
0.201713 -4.221903 -5.358300
0.171054 -4.209367 -5.400136
0.114379 -4.156434 -5.409496
0.083334 -4.169666 -5.435648
0.069209 -4.105151 -5.447832
0.008463 -4.132216 -5.467278
-0.050883 -4.080309 -5.495030
-0.060047 -4.091737 -5.508225
-0.008647 -4.048554 -5.517649
0.112470 -4.094392 -5.525883
0.242438 -4.052538 -5.535462
0.361098 -4.029699 -5.564260
0.432904 -4.165869 -5.764840
0.488269 -4.111244 -5.814029
0.542361 -4.122393 -5.706938
0.539998 -4.194366 -5.623011
0.537408 -4.290492 -5.523289
0.529292 -4.251412 -5.488041
0.575032 -4.287546 -5.494988
0.680563 -4.310566 -5.459235
0.761459 -4.243494 -5.550209
0.964246 -4.109287 -5.621554
1.400772 -4.004823 -5.912969
1.619695 -4.012814 -5.814676
1.616083 -4.019516 -5.744752
1.417106 -4.060676 -5.797602
1.251920 -4.040378 -5.802346
1.303344 -4.067241 -5.877532
1.536957 -4.076035 -5.942665
1.589906 -4.036191 -5.908915
1.454914 -4.183636 -5.910868
1.180565 -4.148215 -5.890305
1.013710 -4.139320 -5.921286
1.134068 -4.132313 -6.129386
1.369992 -4.193421 -6.069383
1.456075 -4.263452 -5.919370
1.233229 -4.279065 -5.936425
0.985082 -4.319161 -5.937071
0.824960 -4.363462 -5.957710
0.776590 -4.404888 -5.984807
0.678703 -4.470594 -5.967361
0.548076 -4.528968 -5.971487
0.417012 -4.558043 -5.946590
0.331928 -4.495803 -5.936806
0.270023 -4.574534 -5.926492
0.184083 -4.590631 -5.925742
0.057770 -4.563107 -5.906143
-0.125635 -4.599003 -5.904553
-0.289617 -4.648656 -5.913174
-0.378290 -4.669296 -5.908650
-0.357102 -4.738631 -6.012752
-0.126752 -4.794818 -5.991168
0.175421 -4.841411 -5.888375
0.330285 -4.857963 -5.887677
0.234932 -4.915891 -5.883088
-0.138558 -4.948459 -5.864009
-0.346901 -5.002379 -5.869139
-0.470697 -5.009768 -5.871021
-0.456552 -4.956340 -5.871716
-0.275923 -5.010430 -5.877260
0.106960 -4.838706 -5.888552
0.577325 -4.359780 -5.855532
0.795102 -4.037207 -5.766015
0.846651 -3.708946 -5.718919
0.576416 -3.560977 -5.691247
0.256069 -3.404722 -5.655634
0.082811 -3.217053 -5.627650
0.206124 -3.033901 -5.578104
0.616572 -2.786851 -5.551190
1.124883 -2.412641 -5.476982
1.632241 -1.989157 -5.461952
1.927538 -1.819029 -5.399773
1.946772 -1.934099 -5.399355
1.687641 -2.198383 -5.453681
1.342729 -2.669845 -5.499467
1.237941 -2.998897 -5.533051
1.538043 -3.075894 -5.540338
2.098501 -2.900162 -5.505790
2.619895 -2.658848 -5.427448
2.927557 -2.472594 -5.398377
2.682467 -2.794738 -5.422675
2.122882 -3.370929 -5.503470
1.871840 -3.864887 -5.631465
1.852032 -4.204880 -5.618098
2.078960 -4.150863 -5.561896
2.500594 -3.876516 -5.506341
2.676356 -3.711122 -5.497854
2.687579 -3.642758 -5.519413
2.627693 -3.784322 -5.573937
2.768695 -3.924962 -5.548739
3.135905 -3.822765 -5.489912
3.373743 -3.606813 -5.439100
3.590738 -3.285757 -5.395290
3.871488 -2.956131 -5.402980
3.952271 -2.835035 -5.344601
3.992831 -2.708894 -5.297015
3.895988 -2.622708 -5.293137
3.874315 -2.561770 -5.272879
3.984632 -2.492241 -5.277034
4.082360 -2.418140 -5.276657
4.261416 -2.311313 -5.214134
4.382652 -2.196955 -5.184526
4.512187 -2.054877 -5.170053
4.591820 -1.922955 -5.197670
4.610672 -1.815092 -5.164129
4.725029 -1.691860 -5.112968
4.722285 -1.678648 -5.133421
4.718817 -1.807425 -5.133408
4.626106 -1.973479 -5.202761
4.549458 -2.062708 -5.233569
4.432042 -1.953918 -5.163915
4.518198 -1.646418 -5.114577
4.590666 -1.502884 -5.086450
4.688983 -1.398857 -5.079308
4.755604 -1.301332 -5.111673
4.707331 -1.213644 -5.064082
4.664939 -1.138613 -5.047770
4.549380 -1.027232 -5.035190
4.410548 -0.977404 -5.039118
4.309655 -0.815843 -5.076468
4.229849 -0.686336 -5.020948
4.281946 -0.667939 -4.976987
4.336856 -0.616185 -4.987434
4.436687 -0.609955 -4.980612
4.514097 -0.625326 -4.985789
4.475071 -0.616328 -5.061565
4.384220 -0.558658 -4.971372
4.258935 -0.479117 -4.955976
4.215601 -0.454628 -4.947008
4.112792 -0.404369 -4.978147
4.040633 -0.369794 -4.982427
3.935656 -0.314424 -4.990408
3.852984 -0.213434 -4.952474
3.792833 -0.157066 -4.958198
3.739162 -0.117165 -4.942804
3.438838 -0.056976 -4.959247
3.425031 -0.119079 -4.959889
3.543757 -0.217117 -4.954749
3.513768 -0.243632 -4.972790
3.495065 -0.392939 -5.012988
3.489926 -0.394278 -4.991415
3.492581 -0.460792 -4.991564
3.500688 -0.500910 -4.969285
3.520900 -0.546060 -5.002844
3.495117 -0.612776 -5.008723
3.448257 -0.702588 -5.023908
3.448257 -0.702588 -5.023908
3.452422 -0.911403 -5.043096
3.511645 -0.988476 -5.049029
3.478217 -0.952568 -5.054829
3.478217 -0.952568 -5.054829
3.477740 -0.895386 -5.021226
3.522958 -0.857847 -5.042504
3.515454 -0.834325 -5.025747
3.693338 -0.849597 -5.209801
3.781660 -0.835456 -5.055840
3.988924 -0.728731 -4.913317
4.018325 -0.717361 -4.914839
4.194870 -0.667772 -4.892465
4.323790 -0.559577 -4.897416
4.413090 -0.441862 -4.865900
4.487328 -0.309228 -4.858684
4.520855 -0.235781 -4.831115
4.558914 -0.081794 -4.796735
4.586477 -0.030076 -4.791799
4.661932 0.046211 -4.782893
4.722474 0.098726 -4.774144
4.729223 0.283377 -4.729694
4.722672 0.322711 -4.734184
4.731658 0.356709 -4.727817
4.721009 0.355315 -4.728022
4.682258 0.350680 -4.732651
4.604898 0.310464 -4.732520
4.492211 0.309910 -4.753694
4.402615 0.291728 -4.770432
4.239008 0.267818 -4.774729
4.064561 0.244285 -4.782622
4.049871 0.240352 -4.777651
4.138003 0.170834 -4.788906
4.169925 0.114362 -4.810515
4.158904 0.089724 -4.806621
4.153578 0.070970 -4.810460
4.045017 0.058154 -4.804138
4.030388 0.021717 -4.842254
4.049608 0.064719 -4.830176
4.030994 0.134613 -4.814357
3.987622 0.197587 -4.821139
3.954896 0.231914 -4.804620
3.907098 0.276811 -4.799293
3.850571 0.302777 -4.809063
3.829013 0.319087 -4.810369
3.797075 0.325833 -4.844582
3.744295 0.299341 -5.003053
3.663956 0.360194 -5.022329
3.601103 0.409269 -4.847569
3.546461 0.446026 -4.751027
3.502976 0.506688 -4.748599
3.455243 0.487154 -4.754721
3.352091 0.450787 -4.774043
3.314263 0.398582 -4.813224
3.289503 0.296154 -4.832408
3.319829 0.254167 -4.815771
3.371441 0.243289 -4.817928
3.393397 0.241176 -4.819278
3.370873 0.272170 -4.821781
3.375679 0.291632 -4.837113
3.367539 0.332575 -4.817630
3.333825 0.342620 -4.810325
3.325384 0.300089 -4.818715
3.326425 0.304402 -4.826305
3.340396 0.299567 -4.818722
3.350409 0.321827 -4.823379
3.353474 0.328573 -4.824362
3.327670 0.416645 -4.799624
3.297853 0.447874 -4.805191
3.272228 0.466925 -4.779375
3.300797 0.433321 -4.793544
3.383003 0.383887 -4.790332
3.480262 0.325165 -4.782991
3.585651 0.336774 -4.779921
3.688946 0.333845 -4.765220
3.749461 0.381070 -4.741141
3.865361 0.414018 -4.731646
3.954414 0.451249 -4.701369
4.030545 0.434744 -4.717750
3.997186 0.449991 -4.700312
3.971047 0.436066 -4.717782
3.917344 0.445957 -4.712857
3.872404 0.474122 -4.710387
3.837490 0.464713 -4.705048
3.852422 0.491134 -4.694212
3.856754 0.512214 -4.650054
3.848139 0.566101 -4.602950
3.862986 0.588212 -4.544235
3.883721 0.718090 -4.458976
3.891873 0.753433 -4.394541
3.926794 0.772482 -4.396893
3.894162 0.835889 -4.274765
3.865314 0.829787 -4.192034
3.894658 0.883083 -4.133423
3.948850 0.901431 -4.070454
3.987169 0.968425 -3.986540
4.032092 1.005286 -3.953059
4.047954 1.018800 -3.945009
4.121416 1.055466 -3.910494
4.210784 1.091857 -3.879886
4.275093 1.170260 -3.846144
4.318548 1.191923 -3.829013
4.341465 1.215463 -3.801937
4.338892 1.237983 -3.787903
4.294573 1.248454 -3.759371
4.281841 1.177870 -3.742591
4.311379 1.136647 -3.722556
4.363490 1.129604 -3.646874
4.451928 1.114105 -3.617256
4.581712 1.111812 -3.528481
4.680838 1.062959 -3.499005
4.728555 1.059595 -3.470713
4.744976 1.014083 -3.447109
4.738170 0.963522 -3.441280
4.717838 0.934664 -3.440098
4.672400 0.857104 -3.462830
4.607160 0.766185 -3.440562
4.460978 0.660368 -3.441384
4.378140 0.575921 -3.449923
4.375887 0.535499 -3.423071
4.408673 0.509183 -3.403960
4.475406 0.499663 -3.363314
4.639686 0.527411 -3.325063
4.773070 0.543592 -3.288281
4.810323 0.520201 -3.332094
4.728422 0.455945 -3.343032
4.644449 0.391012 -3.399429
4.606151 0.347232 -3.409111
4.641506 0.368388 -3.422267
4.673662 0.370794 -3.440279
4.752458 0.321477 -3.486834
4.791208 0.302479 -3.526630
4.773097 0.351028 -3.605892
4.690969 0.314618 -3.729511
4.592663 0.280640 -3.816516
4.463473 0.215603 -3.949078
4.355971 0.165519 -4.039006
4.315336 0.184067 -4.082087
4.414439 0.186189 -4.133875
4.477857 0.230302 -4.214212
4.292443 0.268608 -4.263344
4.187890 0.229892 -4.360841
4.132957 0.201035 -4.442218
4.128217 0.168226 -4.513351
4.063784 0.159587 -4.567902
4.068045 0.212392 -4.580853
4.111889 0.270373 -4.584518
4.173696 0.268091 -4.604522
4.204628 0.243589 -4.628727
4.168979 0.227856 -4.653394
4.076030 0.226256 -4.656366
3.970316 0.140701 -4.714939
3.869755 0.096744 -4.717409
3.811247 0.094968 -4.726185
3.767950 0.115287 -4.739687
3.732638 0.170732 -4.747106
3.680459 0.210078 -4.738223
3.620291 0.221168 -4.743368
3.560372 0.188409 -4.755171
3.583835 0.178924 -4.846926
3.624059 0.159559 -4.853112
3.643762 0.171876 -4.800746
3.613509 0.170896 -4.705709
3.572408 0.179885 -4.725009
3.538265 0.159843 -4.728129
3.395745 0.171789 -4.739269
3.310873 0.143636 -4.756448
3.246554 0.140787 -4.724235
3.215363 0.189772 -4.680622
3.201134 0.204996 -4.687382
3.191522 0.209481 -4.619579
3.180096 0.195086 -4.606854
3.190745 0.203623 -4.594580
3.213544 0.228362 -4.541140
3.221462 0.241276 -4.470925
3.231759 0.232404 -4.426124
3.244267 0.245303 -4.404459
3.278177 0.245342 -4.361328
3.308752 0.265220 -4.304881
3.373688 0.271058 -4.244927
3.402969 0.301548 -4.202544
3.429660 0.325232 -4.158404
3.426922 0.321707 -4.165955
3.466329 0.371985 -4.093942
3.523726 0.429464 -4.050832
3.611034 0.449669 -4.033732
3.657097 0.481849 -4.008356
3.660327 0.514698 -3.985895
3.681630 0.527870 -3.996187
3.708398 0.521790 -3.993280
3.738298 0.487031 -3.988218
3.770600 0.474858 -3.971744
3.802241 0.438081 -3.985228
3.883620 0.426478 -3.965230
4.032588 0.410845 -4.016432
4.139307 0.456501 -3.959605
4.243341 0.491121 -3.875186
4.332754 0.572923 -3.868833
4.379616 0.654793 -3.853111
4.420545 0.723744 -3.800376
4.434954 0.807138 -3.763824
4.475550 0.878329 -3.699277
4.477852 0.925563 -3.633121
4.498384 0.928739 -3.602711
4.491971 0.993717 -3.583139
4.500400 1.070210 -3.528719
4.533701 1.170468 -3.497733
4.600671 1.315206 -3.447965
4.564383 1.269570 -3.453651
4.527958 1.247356 -3.447805
4.535399 1.273435 -3.460616
4.562641 1.288783 -3.456019
4.611491 1.292163 -3.438391
4.721905 1.306867 -3.425110
4.806927 1.298422 -3.377442
4.862570 1.336003 -3.385114
4.892011 1.352006 -3.366798
4.917559 1.359449 -3.353972
4.930140 1.375568 -3.344577
4.921702 1.395763 -3.328532
4.921023 1.444622 -3.260414
4.934140 1.436832 -3.227777
4.943136 1.403002 -3.209469
4.959413 1.352080 -3.192816
4.977656 1.292962 -3.195763
4.996471 1.230565 -3.190062
5.008450 1.178264 -3.174646
5.022042 1.139749 -3.158602
5.049631 1.099614 -3.163491
5.063964 1.074064 -3.162552
5.078506 0.996381 -3.155968
5.080384 0.991099 -3.134879
5.037456 0.973306 -3.270994
5.038462 0.991179 -3.090744
5.034200 0.982251 -3.081769
5.028879 0.952771 -3.095180
5.001948 0.935823 -3.094601
4.979753 0.926916 -3.116612
4.970357 0.931389 -3.121478
4.993192 0.930855 -3.155824
4.973030 0.953125 -3.150795
4.962341 0.938117 -3.162565
4.932641 0.975049 -3.178644
4.909328 0.952297 -3.200975
4.862648 0.987504 -3.204220
4.846139 0.975079 -3.219100
4.811969 0.964067 -3.230334
4.763250 0.946106 -3.267111
4.711925 0.947302 -3.253067
4.693239 0.959632 -3.257501
4.605342 0.907713 -3.306112
4.544099 0.865347 -3.345739
4.456644 0.820084 -3.378806
4.422030 0.829270 -3.401958
4.361718 0.804593 -3.460093
4.299989 0.793551 -3.468391
4.248008 0.787284 -3.492762
4.197027 0.790812 -3.495593
4.163970 0.782738 -3.521554
4.111528 0.779847 -3.504952
4.069628 0.805973 -3.534921
4.028530 0.740669 -3.563044
4.128241 0.654893 -3.560581
4.149010 0.607478 -3.569649
4.134895 0.626969 -3.569225
4.078573 0.613642 -3.578712
4.104202 0.586481 -3.610384
4.091167 0.547997 -3.611580
4.051817 0.538749 -3.613789
3.994260 0.536447 -3.598234
3.907173 0.570587 -3.585908
3.882003 0.550412 -3.590281
3.872009 0.527665 -3.575569
3.868001 0.494203 -3.568687
3.861519 0.497077 -3.569408
3.838424 0.515252 -3.578691
3.832831 0.516646 -3.592271
3.836083 0.502320 -3.587729
3.846773 0.452230 -3.600542
3.852322 0.417549 -3.623747
3.858725 0.421134 -3.621502
3.879968 0.358019 -3.635003
3.922625 0.330203 -3.610850
3.947602 0.321709 -3.624264
3.956729 0.306750 -3.632526
3.912342 0.292433 -3.623571
3.894026 0.271845 -3.619843
3.906409 0.288199 -3.646184
3.944927 0.306826 -3.637646
3.959969 0.382879 -3.622796
3.979272 0.432485 -3.602806
3.992549 0.446305 -3.596853
3.969819 0.421078 -3.622047
3.955172 0.400939 -3.608084
3.941463 0.386204 -3.618320
3.955893 0.329088 -3.629740
3.969925 0.282024 -3.633826
4.005625 0.250600 -3.623111
4.027858 0.243064 -3.652521
4.093367 0.272868 -3.622511
4.171926 0.285202 -3.600707
4.240123 0.314451 -3.589124
4.254493 0.314077 -3.621037
4.222767 0.340520 -3.620962
4.193482 0.378639 -3.598041
4.180960 0.366700 -3.605671
4.147162 0.319633 -3.615299
4.123465 0.318039 -3.606916
4.136429 0.297367 -3.592554
4.142532 0.257763 -3.609376
4.169936 0.267503 -3.608296
4.156490 0.289616 -3.619979
4.175536 0.332853 -3.622948
4.168056 0.367422 -3.597149
4.163322 0.356632 -3.556342
4.257352 0.327505 -3.526131
4.152506 0.320074 -3.514502
4.102666 0.306294 -3.477559
4.101442 0.283592 -3.433162
4.089320 0.285086 -3.405380
4.077469 0.308313 -3.375201
4.062137 0.333651 -3.365975
4.045567 0.345047 -3.356439
4.032545 0.348902 -3.343084
3.993061 0.364120 -3.338673
4.013675 0.373420 -3.314792
4.004184 0.390733 -3.294884
4.021790 0.404353 -3.295517
4.048530 0.428705 -3.295933
4.083347 0.463074 -3.272029
4.107295 0.498437 -3.272866
4.130090 0.503157 -3.266397
4.141975 0.511560 -3.258789
4.198283 0.568608 -3.238458
4.253673 0.617260 -3.196121
4.279659 0.586321 -3.198377
4.288649 0.565670 -3.210421
4.267725 0.499185 -3.207050
4.267719 0.446360 -3.246599
4.305805 0.482797 -3.246697
4.325920 0.510789 -3.252906
4.356948 0.533981 -3.212833
4.385474 0.544397 -3.196033
4.413274 0.540937 -3.191768
4.461972 0.543472 -3.152128
4.451980 0.543571 -3.136669
4.467250 0.484525 -3.129187
4.531639 0.451696 -3.123056
4.458441 0.433493 -3.124677
4.509694 0.419487 -3.119822
4.549318 0.400129 -3.127543
4.572263 0.395743 -3.128347
4.571238 0.400707 -3.131364
4.547089 0.430525 -3.090407
4.525651 0.422821 -3.099127
4.491014 0.416062 -3.083284
4.464740 0.399375 -3.053613
4.419406 0.400355 -3.092423
4.384874 0.434242 -3.098265
4.353054 0.420416 -3.131070
4.317692 0.434920 -3.163358
4.284142 0.435137 -3.173204
4.326248 0.463278 -3.169409
4.380159 0.462110 -3.190757
4.384859 0.465375 -3.193673
4.372303 0.480007 -3.232219
4.381084 0.423210 -3.292332
4.347481 0.400652 -3.322538
4.360328 0.370913 -3.363621
4.348778 0.359384 -3.380594
4.367516 0.324119 -3.433019
4.379186 0.338427 -3.436317
4.461418 0.295087 -3.465212
4.406625 0.287007 -3.483735
4.360826 0.311353 -3.491904
4.382591 0.304875 -3.483896
4.383124 0.282136 -3.485044
4.419217 0.281552 -3.453023
4.416439 0.296078 -3.444479
4.447743 0.282070 -3.438235
4.507575 0.254248 -3.443807
4.567178 0.265681 -3.422857
4.640901 0.277235 -3.384886
4.691505 0.293354 -3.375091
4.738427 0.325147 -3.370119
4.812109 0.304900 -3.349609
4.882665 0.315422 -3.347295
4.951230 0.305706 -3.322754
4.984029 0.343794 -3.295398
5.003640 0.338791 -3.285229
5.017773 0.366735 -3.291589
5.036075 0.423068 -3.276538
5.047408 0.455381 -3.258121
5.046898 0.475826 -3.269765
5.061806 0.551096 -3.231654
5.061596 0.575098 -3.215060
5.060885 0.597545 -3.190639
5.058913 0.584532 -3.180642
5.081807 0.617514 -3.147326
5.077270 0.615537 -3.138695
5.091504 0.602577 -3.136454
5.199778 0.707520 -3.115877
5.222972 0.671827 -3.133362
5.199091 0.603437 -3.144728
5.150140 0.494565 -3.193645
5.128045 0.440161 -3.215651
5.129334 0.429034 -3.211337
5.158442 0.425888 -3.217432
5.165265 0.420092 -3.214049
5.191550 0.449736 -3.203671
5.210155 0.463841 -3.197945
5.211631 0.440496 -3.193471
5.184145 0.455005 -3.202911
5.195852 0.476411 -3.178833
5.199787 0.472671 -3.181525
5.205224 0.499056 -3.179398
5.211589 0.511972 -3.146390
5.205888 0.512445 -3.144859
5.177846 0.507063 -3.134569
5.171125 0.497161 -3.126348
5.163744 0.517004 -3.118176
5.224248 0.487822 -3.088671
5.251292 0.465044 -3.116766
5.304301 0.451331 -3.111918
5.305418 0.413591 -3.144110
5.316563 0.404756 -3.162751
5.350444 0.396668 -3.179234
5.353387 0.392155 -3.326913
5.362342 0.390589 -3.362834
5.335263 0.435410 -3.395719
5.309211 0.470321 -3.342796
5.304380 0.494014 -3.278893
5.285743 0.555490 -3.237039
5.283416 0.578758 -3.276598
5.267657 0.606541 -3.283665
5.239264 0.616212 -3.317128
5.214150 0.635488 -3.364437
5.184997 0.661921 -3.390288
5.189942 0.666751 -3.449315
5.202642 0.690928 -3.471701
5.206574 0.655761 -3.493875
5.218867 0.675034 -3.502311
5.234167 0.656312 -3.527702
5.248127 0.638681 -3.539976
5.256445 0.634083 -3.570888
5.291642 0.626381 -3.592495
5.299716 0.590659 -3.629743
5.279384 0.536388 -3.696455
5.236259 0.540180 -3.718849
5.146839 0.536696 -3.739202
5.044908 0.562919 -3.754279
4.956910 0.567766 -3.792319
4.866772 0.574967 -3.808247
4.839549 0.591051 -3.820088
4.750902 0.611558 -3.829519
4.693770 0.626956 -3.822403
4.667209 0.605239 -3.834613
4.584539 0.634436 -3.845115
4.578336 0.624382 -3.832084
4.558107 0.653672 -3.823211
4.533859 0.632459 -3.828400
4.528757 0.614704 -3.810584
4.629726 0.533309 -3.813003
4.673162 0.493442 -3.819230
4.619467 0.560251 -3.808363
4.625323 0.599577 -3.796807
4.703080 0.609429 -3.782224
4.701961 0.614094 -3.764472
4.655734 0.614938 -3.772977
4.571563 0.634080 -3.771499
4.430606 0.672281 -3.809309
4.323074 0.762208 -3.824143
4.247757 0.822888 -3.641475
4.211887 0.850536 -3.613761
4.163879 0.859761 -3.596494
4.198699 0.882479 -3.596889
4.187880 0.728148 -3.589170
4.190711 0.620439 -3.622814
4.274883 0.557154 -3.625766
4.396603 0.516861 -3.642400
4.492301 0.489316 -3.647374
4.529256 0.454997 -3.663275
4.522894 0.436843 -3.676166
4.535717 0.417815 -3.691623
4.538269 0.404348 -3.691684
4.554576 0.406363 -3.690964
4.580667 0.373454 -3.717181
4.594991 0.395767 -3.682488
4.622499 0.425571 -3.717382
4.603244 0.430019 -3.714435
4.617289 0.482779 -3.718131
4.614524 0.504710 -3.713828
4.614524 0.504710 -3.713828
4.558743 0.545035 -3.741060
4.525850 0.558589 -3.750092
4.500607 0.589929 -3.740825
4.496578 0.623468 -3.748345
4.474451 0.645098 -3.753970
4.546768 0.747741 -3.809305
4.575223 0.780138 -3.855792
4.641591 0.783097 -4.025144
4.673491 0.677404 -4.065165
4.730287 0.666570 -3.912792
4.751173 0.674299 -3.892983
4.857275 0.699644 -3.959329
4.891592 0.739688 -4.006571
4.908037 0.741461 -4.033683
4.877247 0.783377 -4.027660
4.816439 0.838676 -4.024798
4.786580 0.897227 -4.052705
4.829497 0.984330 -4.076347
4.902581 1.069283 -4.097563
4.984616 1.170790 -4.133067
5.001418 1.218037 -4.153057
4.989701 1.224146 -4.176369
4.940545 1.188077 -4.198915
4.859162 1.169256 -4.188981
4.773834 1.107730 -4.180770
4.723355 1.017652 -4.153873
4.667229 0.901116 -4.151788
4.662645 0.801397 -4.088065
4.671733 0.767668 -4.067097
4.702885 0.766902 -4.051986
4.717393 0.775090 -4.068300
4.841336 0.836639 -4.018027
4.940933 0.914519 -3.972664
4.991343 0.950023 -3.947114
5.016162 1.025624 -4.065921
5.055915 1.077422 -4.070755
5.039942 1.132956 -3.946817
5.024301 1.168662 -3.766448
5.022833 1.198130 -3.715635
5.067017 1.262538 -3.692896
5.129923 1.341025 -3.657306
5.213285 1.387139 -3.638731
5.337502 1.482345 -3.583875
5.477416 1.570055 -3.573401
5.691955 1.730498 -3.565151
5.894735 1.877715 -3.561787
6.001188 2.020044 -3.552564
5.964799 2.067094 -3.507156
5.870460 2.027511 -3.480455
5.767987 1.906165 -3.402058
5.627470 1.658049 -3.356884
5.424440 1.380799 -3.297452
5.309822 1.179442 -3.266363
5.220071 0.950580 -3.235454
5.192876 0.741494 -3.189752
5.236432 0.707887 -3.127729
5.334832 0.748104 -3.098066
5.506599 0.834046 -3.054558
5.641857 0.946169 -2.998975
5.835998 1.133884 -2.962267
5.961667 1.298109 -2.929536
6.086712 1.435948 -2.874474
6.197776 1.585521 -2.846316
6.258520 1.653160 -2.830883
6.277633 1.704035 -2.851434
6.354801 1.855630 -2.821583
6.356042 1.821775 -2.840266
6.348547 1.777980 -2.848019
6.338559 1.691504 -2.883461
6.330612 1.615518 -2.889888
6.329728 1.581609 -2.885400
6.291003 1.541998 -2.880549
6.307109 1.518458 -2.865836
6.296374 1.488517 -2.839502
6.277187 1.397355 -2.842624
6.251036 1.333967 -2.823099
6.241377 1.309772 -2.790193
6.253404 1.331969 -2.766110
6.257131 1.346277 -2.732164
6.257378 1.403767 -2.704556
6.287839 1.447584 -2.694299
6.315681 1.483408 -2.655252
6.319547 1.506333 -2.627329
6.321653 1.521657 -2.619685
6.326559 1.520782 -2.605640
6.239001 1.370004 -2.689247
6.245045 1.299990 -2.734429
6.248424 1.331749 -2.759748
6.232042 1.352380 -2.778169
6.228423 1.344776 -2.787217
6.211656 1.370002 -2.776178
6.175695 1.349156 -2.783881
6.114681 1.334161 -2.769510
6.001308 1.331746 -2.720543
5.959313 1.321615 -2.728877
5.910240 1.322127 -2.743157
5.949003 1.392832 -2.780680
5.936022 1.412735 -2.830191
5.928619 1.462246 -2.870431
5.973027 1.468502 -2.891179
5.997654 1.439833 -2.902733
5.970850 1.345360 -2.904611
5.874606 1.198799 -2.904946
5.734389 1.022720 -2.917255
5.628642 0.879294 -2.937620
5.583170 0.752155 -2.967359
5.551454 0.659457 -3.000764
5.550095 0.638954 -3.013085
5.572430 0.621295 -3.119415
5.612983 0.707111 -3.215878
5.654134 0.717835 -3.227277
5.712966 0.774359 -3.198340
5.723660 0.809174 -3.111813
5.700538 0.871303 -2.990634
5.612684 0.925641 -2.982676
5.536256 0.950940 -3.020451
5.508513 0.957390 -3.061599
5.530234 0.999604 -3.123451
5.587604 1.019509 -3.208488
5.612184 1.104906 -3.255839
5.668834 1.176500 -3.320818
5.682818 1.190949 -3.351096
5.714774 1.176841 -3.368862
5.743760 1.154167 -3.337920
5.760243 1.123800 -3.341131
5.716571 1.003157 -3.356840
5.629196 0.839997 -3.372727
5.558635 0.724122 -3.397183
5.511877 0.625757 -3.420744
5.438639 0.568632 -3.439146
5.372957 0.518157 -3.474250
5.347494 0.511929 -3.515170
5.360130 0.552087 -3.513586
5.436392 0.689657 -3.434781
5.487464 0.814906 -3.369298
5.545143 0.905279 -3.308288
5.556835 0.998778 -3.249353
5.667735 1.100984 -3.237422
5.801113 1.221749 -3.224963
5.929746 1.336409 -3.238511
6.046059 1.440333 -3.250458
6.125312 1.560852 -3.237161
6.122992 1.612389 -3.229285
6.054267 1.574430 -3.216375
5.933560 1.441031 -3.167583
5.787604 1.294903 -3.107939
5.575100 1.059570 -3.231573
5.452001 0.880454 -3.276759
5.381182 0.689783 -3.081737
5.423705 0.627765 -3.046635
5.533316 0.640853 -3.044075
5.691977 0.772387 -3.027136
5.810894 0.923464 -3.008871
5.920745 1.068081 -2.958280
6.015708 1.191846 -2.963282
6.072664 1.277907 -2.931589
6.118469 1.309620 -2.926540
6.130426 1.320442 -2.912808
6.149115 1.318265 -2.897031
6.147007 1.303525 -2.883494
6.138550 1.315634 -2.892966
6.145367 1.336479 -2.860346
6.139307 1.367585 -2.875875
6.123865 1.391610 -2.843530
6.115380 1.417373 -2.815516
6.058288 1.448038 -2.770910
6.065204 1.451063 -2.728201
6.079374 1.470724 -2.691237
6.120810 1.491356 -2.678015
6.210113 1.586824 -2.727677
6.294045 1.705057 -2.708008
6.327533 1.788414 -2.739479
6.375077 1.819233 -2.708282
6.375333 1.794268 -2.674472
6.340624 1.688447 -2.674733
6.275572 1.564431 -2.639666
6.198478 1.384383 -2.655008
6.113576 1.267707 -2.672087
6.049162 1.221320 -2.666645
5.974874 1.144315 -2.695753
5.967483 1.083640 -2.704023
6.045729 1.186331 -2.675520
6.079941 1.221648 -2.663532
6.142850 1.327488 -2.619465
6.220463 1.443359 -2.594073
6.226837 1.488377 -2.560148
6.256535 1.491858 -2.557850
6.295226 1.566482 -2.595901
6.354695 1.713425 -2.629330
6.416914 1.854341 -2.628728
6.455054 1.957194 -2.645627
6.485028 2.023862 -2.652101
6.492441 2.030136 -2.675334
6.442906 1.963316 -2.714139
6.371131 1.818685 -2.728038
6.260327 1.586946 -2.737042
6.118495 1.345915 -2.794742
5.982248 1.094108 -2.992160
5.869261 0.929399 -3.035509
5.854037 0.822948 -3.014621
5.894111 0.821484 -2.901255
5.927914 0.866556 -2.920174
5.992701 0.953250 -2.958514
6.027511 1.009078 -2.997011
6.064374 1.112339 -2.986466
6.085784 1.207286 -2.960413
6.101463 1.287610 -2.954806
6.099029 1.338857 -2.942848
6.117487 1.334347 -2.983181
6.156728 1.384319 -3.027102
6.169090 1.441467 -3.102329
6.122173 1.514831 -3.181222
6.135825 1.543036 -3.252232
6.181381 1.586419 -3.272319
6.197954 1.556105 -3.307990
6.119873 1.530803 -3.323499
6.013599 1.456830 -3.310748
5.874239 1.328373 -3.325240
5.710995 1.164659 -3.346389
5.582868 1.031374 -3.381817
5.475382 0.951388 -3.412127
5.436802 0.891272 -3.421991
5.439860 0.904149 -3.413502
5.548898 0.928267 -3.415848
5.605316 0.953614 -3.405753
5.676611 1.025858 -3.394627
5.696123 1.074649 -3.383402
5.689273 1.161000 -3.308537
5.738907 1.270837 -3.217155
5.741176 1.329718 -3.146246
5.857354 1.436883 -3.135503
5.964485 1.511752 -3.159533
6.054913 1.598640 -3.139952
6.106028 1.635123 -3.121475
6.071101 1.615871 -3.097392
5.918572 1.547165 -3.075619
5.805645 1.443616 -3.070501
5.588234 1.274346 -3.064954
5.531331 1.254994 -3.077895
5.404600 1.151576 -3.094513
5.275377 1.039328 -3.153677
5.305400 1.019725 -3.224812
5.366275 1.039260 -3.275038
5.557162 1.088169 -3.131447
5.647100 1.130566 -3.075954
5.699633 1.181835 -3.189527
5.733424 1.211783 -3.198210
5.769286 1.226538 -3.142890
5.842829 1.239776 -3.012577
5.885724 1.230470 -3.022985
5.912632 1.210042 -3.041880
5.949565 1.242537 -3.130056
5.999267 1.171199 -3.219919
6.028567 1.158876 -3.292086
6.024770 1.161525 -3.391096
5.941703 1.132138 -3.429869
5.828884 1.013204 -3.481777
5.675217 0.853646 -3.525093
5.564639 0.707444 -3.585719
5.540769 0.624835 -3.599470
5.498723 0.491476 -3.693303
5.493276 0.439185 -3.786438
5.497184 0.412781 -3.837598
5.531749 0.405041 -3.877705
5.559387 0.414348 -4.038092
5.550479 0.437626 -4.093004
5.507581 0.465464 -4.139273
5.489694 0.467121 -4.176702
5.504150 0.477316 -4.207581
5.566305 0.548556 -4.235137
5.650276 0.620593 -4.223731
5.724010 0.672091 -4.220590
5.719480 0.699786 -4.231899
5.687691 0.724354 -4.225089
5.595024 0.739292 -4.254308
5.508344 0.721583 -4.266123
5.438312 0.680269 -4.247974
5.398291 0.550426 -4.263461
5.382368 0.346560 -4.261223
5.398279 0.229216 -4.247858
5.441884 0.228659 -4.222903
5.508743 0.313737 -4.175465
5.587633 0.419864 -4.131800
5.629846 0.475992 -4.078129
5.680325 0.597225 -4.034919
5.718929 0.700557 -3.916930
5.691555 0.845479 -3.784899
5.656890 0.996364 -3.672082
5.653382 1.089220 -3.589210
5.748559 1.179248 -3.487409
5.761667 1.195987 -3.452476
5.934227 1.230673 -3.409486
5.995978 1.291865 -3.340915
6.014304 1.269790 -3.350110
6.036427 1.380821 -3.322554
5.996386 1.346641 -3.191964
5.902243 1.330243 -3.146404
5.874592 1.297727 -3.147509
5.785894 1.059997 -3.060910
5.787157 1.010827 -3.006029
5.842922 0.933657 -2.958051
5.981954 0.968928 -2.895280
6.034142 0.981536 -2.884725
6.172050 1.072572 -2.861125
6.245895 1.113747 -2.877876
6.309033 1.114666 -2.895496
6.384211 1.202221 -2.843466
6.391388 1.195747 -2.859220
6.437698 1.208240 -2.784937
6.411273 1.155028 -2.787334
6.398426 1.131395 -2.771347
6.294666 1.135434 -2.741135
6.224438 1.134944 -2.754850
5.949963 1.106608 -2.803471
5.863403 1.089729 -2.825401
5.568778 0.931462 -2.857499
5.332539 0.777462 -2.862908
5.188701 0.731106 -2.876605
5.103237 0.667583 -2.887977
4.923831 0.601879 -2.851095
4.900269 0.657819 -2.806354
4.922204 0.682194 -2.769967
4.923276 0.797347 -2.718127
4.858582 0.901985 -2.660349
4.815473 0.947063 -2.634085
4.771448 0.935284 -2.661833
4.568631 0.891079 -2.713498
4.474854 0.824085 -2.753288
4.316396 0.737818 -2.834245
4.299657 0.704056 -2.876621
4.297103 0.637795 -2.929993
4.283941 0.642392 -2.944898
4.252491 0.662667 -2.953319
4.261982 0.750567 -2.966712
4.276682 0.783103 -2.954036
4.293646 0.817840 -2.945405
4.306340 0.783318 -2.916337
4.324359 0.769557 -2.886845
4.353283 0.805980 -2.852855
4.408434 0.918405 -2.804223
4.509404 1.034747 -2.767994
4.615953 1.120717 -2.758640
4.766951 1.352434 -2.726908
5.020199 1.506084 -2.735973
5.202773 1.611735 -2.802538
5.287183 1.665544 -2.909658
5.146437 1.540458 -3.020492
5.019121 1.333057 -3.054130
4.902836 1.127569 -3.079084
4.974607 1.049751 -3.022464
5.133148 1.034824 -3.028764
5.215041 1.086623 -3.047895
5.174630 1.146844 -3.029612
4.981586 1.237042 -3.020172
4.834782 1.389924 -3.001601
4.788961 1.633483 -2.918417
4.834746 1.933043 -2.834359
4.939309 2.226506 -2.863591
5.028629 2.547798 -2.750431
5.075379 2.718672 -2.826619
5.137633 2.973553 -2.874969
5.222647 3.138905 -2.944821
5.223966 3.267046 -3.029232
5.290016 3.358781 -3.102071
5.236949 3.412709 -3.197228
5.248743 3.559037 -3.184561
5.259364 3.631672 -3.206084
5.186464 3.751369 -3.224266
5.180820 3.831242 -3.239131
5.039949 3.944408 -3.186641
4.919429 4.101140 -3.154891
4.745934 4.156853 -3.212352
4.607968 4.237744 -3.189029
4.485580 4.326231 -3.160302
4.406438 4.348688 -3.198230
4.433994 4.497486 -3.083139
4.479447 4.586792 -3.064133
4.473145 4.536133 -3.130089
4.418749 4.457407 -3.132698
4.328372 4.313953 -3.167080
4.253783 4.302924 -3.185525
4.196191 4.348579 -3.203067
4.120006 4.446310 -3.254636
4.025037 4.479720 -3.233849
3.953216 4.540105 -3.198578
3.884693 4.576008 -3.202352
3.791313 4.595807 -3.216427
3.745066 4.635757 -3.210414
3.782245 4.652643 -3.209089
3.793946 4.677562 -3.261540
3.850802 4.684185 -3.331330
3.928397 4.849998 -3.164841
3.816254 4.692112 -3.230654
3.782484 4.668945 -3.238438
3.731054 4.700583 -3.236600
3.691364 4.718782 -3.238234
3.639972 4.755069 -3.229419
3.528942 4.792575 -3.227164
3.541156 4.786412 -3.231477
3.554654 4.791297 -3.230295
3.613573 4.786846 -3.243466
3.673296 4.780347 -3.233534
3.635470 4.837568 -3.412845
3.460854 4.841369 -3.241764
3.276325 4.938513 -3.203883
3.140132 5.003988 -3.224047
3.041212 5.034658 -3.244949
2.948485 5.090651 -3.259621
2.829503 5.165812 -3.318024
2.710771 5.170172 -3.271367
2.598729 5.201232 -3.248025
2.515904 5.196742 -3.251133
2.401708 5.240701 -3.301841
2.329609 5.216154 -3.253298
2.403765 5.188056 -3.282280
2.491420 5.128549 -3.242983
2.427486 5.187071 -3.189823
2.434308 5.356900 -3.115502
2.361892 5.373347 -3.121056
2.297647 5.321940 -3.141186
2.278021 5.272058 -3.144000
2.228995 5.292817 -3.147136
2.165947 5.005391 -3.286865
2.109506 5.009472 -3.259092
2.086365 5.025045 -3.218357
2.093389 5.039108 -3.209770
2.092041 5.048363 -3.202946
2.083735 5.112265 -3.220456
2.072742 5.136609 -3.167785
2.039570 5.144231 -3.128486
2.027767 5.202745 -3.129366
2.030557 5.271235 -3.116117
1.958791 5.269538 -3.093409
1.924999 5.225971 -3.104332
1.944703 5.248113 -3.119227
1.949037 5.262432 -3.091250
1.914065 5.290205 -3.072788
1.937069 5.296544 -3.070640
1.969406 5.321532 -3.075971
1.989009 5.328952 -3.063112
1.989009 5.328952 -3.063112
1.985782 5.323354 -3.062665
1.961313 5.369432 -3.082088
1.926216 5.456331 -3.040426
1.842810 5.458553 -3.030287
1.715356 5.483852 -3.048374
1.674147 5.504578 -3.052336
1.657100 5.527384 -3.036697
1.651391 5.533314 -3.004199
1.642249 5.546320 -3.072904
1.645166 5.543926 -3.039282
1.740418 5.536258 -3.018020
1.792335 5.545161 -3.013605
1.797227 5.558259 -3.030365
1.736695 5.598290 -2.993906
1.545740 5.645306 -3.000852
1.467054 5.844120 -2.941385
1.348093 5.735832 -2.954426
1.326929 5.724095 -2.972905
1.255474 5.682664 -3.048257
1.160261 5.733742 -2.930992
1.161976 5.739395 -2.922858
1.160578 5.783260 -2.947205
1.127490 5.804216 -2.937232
1.139066 5.837379 -2.961909
1.075642 5.864292 -2.980833
1.027992 5.944021 -2.911330
1.026956 6.030436 -2.912459
0.907287 5.869580 -2.963318
0.653554 5.932488 -3.009673
0.542416 5.999040 -2.948083
0.400040 6.028536 -2.916519
0.407952 6.038858 -2.908475
0.496235 6.005918 -2.995531
0.486009 5.998632 -2.941258
0.459162 6.031031 -2.907128
0.428977 6.037918 -2.927208
0.431024 6.048179 -2.927713
0.416277 6.044617 -2.921091
0.389231 6.060981 -2.984681
0.447035 6.062775 -2.908167
0.554774 6.150844 -2.894648
0.650137 6.068050 -2.927793
0.696134 6.087198 -2.936865
0.675278 6.131070 -2.940835
0.566558 6.151534 -2.928208
0.444867 6.208011 -2.927860
0.412744 6.239818 -2.922733
0.420732 6.228371 -2.912228
0.499091 6.247644 -2.895880
0.648395 6.225837 -2.902864
0.736111 6.217265 -2.921043
0.821342 6.219738 -2.913933
0.885602 6.251199 -2.901381
0.896913 6.465240 -2.828913
0.929199 6.134888 -2.974812
0.915278 6.128381 -2.955824
0.896393 6.163439 -2.961621
0.802198 6.216280 -2.939166
0.733286 6.264626 -2.926551
0.602393 6.286752 -2.926985
0.512364 6.340239 -2.927223
0.395737 6.363693 -2.949941
0.346798 6.368112 -2.952072
0.469658 6.345540 -2.939071
0.668138 6.310272 -2.970817
0.818782 6.257897 -2.972521
0.936459 6.236286 -2.987965
1.052301 6.219499 -2.980932
1.121022 6.183955 -3.002977
1.158579 6.167155 -3.002635
1.185927 6.165091 -2.999941
1.204067 6.162745 -3.005718
1.324995 6.120051 -3.017506
1.475616 6.286251 -2.938065
1.506886 6.349915 -2.872763
1.416552 6.106449 -2.982253
1.378319 6.044739 -3.016933
1.375165 6.046805 -3.020362
1.378959 6.070046 -3.003708
1.332918 6.095689 -3.002260
1.322675 6.101848 -2.987550
1.305214 6.100342 -2.997691
1.391759 6.089279 -2.986957
1.483795 6.068656 -2.989460
1.514102 6.060023 -2.971316
1.578431 6.032210 -2.975527
1.597418 6.030489 -2.983857
1.639652 6.041445 -2.958185
1.494598 6.074612 -2.970001
1.364166 6.114275 -2.947829
1.231663 6.143634 -2.964233
1.204739 6.151327 -2.974187
1.211814 6.128420 -2.971131
1.251398 6.129895 -2.946357
1.382580 6.100162 -2.946412
1.511058 6.068821 -2.982094
1.535243 6.095348 -2.966530
1.406388 6.112511 -2.966992
1.192889 6.156984 -2.975825
1.156487 6.158375 -2.921090
1.429321 6.087070 -2.960595
1.810894 5.994149 -2.985659
1.873433 5.978097 -2.988459
1.666949 6.025974 -2.970598
1.411334 6.106380 -2.968610
1.196530 6.149202 -2.960435
1.181643 6.147068 -2.961286
1.295009 6.124479 -2.971305
1.361630 6.109112 -2.933980
1.399136 6.108920 -2.929927
1.513164 6.085057 -2.949304
1.677649 6.052734 -2.976713
1.822560 6.002894 -2.979047
1.847817 6.009134 -2.971130
1.834639 6.011614 -2.946116
1.930268 6.002401 -3.067422
2.056356 6.116369 -2.994452
2.126959 6.190580 -2.812277
2.113215 5.889963 -2.937496
2.294029 5.817231 -2.979281
2.506506 5.777952 -2.995072
2.699082 5.743988 -2.994687
2.930020 5.703833 -3.015236
3.051059 5.691170 -3.013630
3.199916 5.661761 -3.024189
3.260534 5.663907 -3.031618
3.263407 5.627631 -3.039839
3.246775 5.658669 -3.026477
3.214854 5.671910 -3.025345
3.202018 5.661456 -3.026544
3.221169 5.683355 -3.004998
3.342875 5.643789 -3.024680
3.360455 5.660369 -3.177342
3.223298 5.686695 -3.039863
3.043328 5.720173 -3.000053
2.976737 5.748487 -2.979142
2.836720 5.789212 -2.981183
2.777139 5.820180 -2.978006
2.753290 5.813028 -2.990965
2.706019 5.824287 -2.973012
2.685199 5.855153 -2.972092
2.690920 5.855109 -3.070488
2.688164 5.852135 -3.024705
2.626176 5.839641 -2.974858
2.491193 5.876355 -2.970596
2.463384 5.890299 -2.963216
2.447392 5.888989 -2.964662
2.432674 5.898528 -2.963754
2.423934 5.895900 -2.981032
2.398539 5.903648 -2.971142
2.244848 5.949291 -2.963607
2.226251 5.974179 -2.965264
2.213579 5.981364 -3.017904
2.250900 5.949598 -2.965890
2.338979 5.953828 -2.949570
2.387590 5.909762 -2.957465
2.419515 5.906223 -2.975607
2.454716 5.886720 -2.988845
2.623282 5.866688 -2.988415
2.839057 5.796510 -3.006146
3.044757 5.750408 -3.003471
3.157755 5.713460 -3.027440
3.452885 5.653968 -3.168849
3.525588 5.623754 -3.088976
3.556938 5.611737 -3.039188
3.545706 5.621392 -3.057038
3.549088 5.605619 -3.059011
3.561454 5.606781 -3.027074
3.631969 5.579412 -3.041355
3.596299 5.602702 -3.049791
3.607860 5.580431 -3.054805
3.680219 5.570119 -3.044007
3.735627 5.559806 -3.059425
3.908742 5.495897 -3.060250
4.017883 5.478318 -3.078424
4.123654 5.670948 -2.979844
4.193775 5.655616 -2.983704
4.165744 5.349799 -3.115007
4.237049 5.288088 -3.113269
4.268500 5.279436 -3.138673
4.253780 5.324727 -3.118573
4.181770 5.368254 -3.078960
4.142889 5.362083 -3.075657
4.047907 5.420212 -3.170553
3.954554 5.476813 -3.290340
3.860849 5.512709 -3.246416
3.798555 5.482383 -3.059847
3.816382 5.466127 -2.961720
3.893632 5.442842 -2.976233
3.958531 5.434286 -2.994713
3.974575 5.424305 -3.018233
3.961433 5.422705 -3.017666
3.958952 5.416219 -3.061036
3.933517 5.437451 -3.109489
3.945997 5.455715 -3.269905
4.049889 5.624850 -3.209228
4.048285 5.579459 -3.168076
3.972255 5.364451 -3.067284
4.011252 5.299553 -2.992590
3.990132 5.337208 -2.981929
3.953859 5.359537 -3.008838
3.889496 5.379703 -3.001682
3.811884 5.406434 -3.015990
3.814591 5.422142 -3.009457
3.790685 5.413067 -3.015281
3.652519 5.454766 -3.046523
3.630944 5.454870 -3.048246
3.633330 5.464866 -3.056552
3.703463 5.427295 -3.065326
3.802888 5.430230 -3.052061
3.836832 5.168322 -3.159471
3.851258 4.880655 -3.304830
3.885688 4.682745 -3.475870
3.935049 4.471846 -3.466128
3.962940 4.293485 -3.500111
3.944236 4.246457 -3.520485
3.941555 4.235395 -3.528140
3.903127 4.303976 -3.491260
3.865596 4.236632 -3.526096
3.844528 4.236946 -3.525921
3.738302 4.288341 -3.508544
3.645667 4.353874 -3.451572
3.630357 4.519422 -3.373738
3.639084 4.728470 -3.410916
3.599809 4.688708 -3.319473
3.541624 4.572238 -3.351544
3.495754 4.579601 -3.336620
3.486297 4.605559 -3.311095
3.495338 4.578728 -3.308697
3.507781 4.561390 -3.314342
3.523604 4.547785 -3.325360
3.562411 4.564719 -3.326971
3.748060 4.515709 -3.312571
3.843095 4.475352 -3.338790
3.866593 4.405060 -3.382038
3.977748 4.522267 -3.303257
4.019662 4.579776 -3.272488
3.925863 4.358822 -3.397308
3.856114 4.102646 -3.503847
3.821984 3.986186 -3.550324
3.808349 3.958084 -3.545188
3.809439 3.963137 -3.549621
3.821257 4.035481 -3.507092
3.834328 4.065073 -3.505461
3.846132 4.096130 -3.484621
3.923270 4.190858 -3.442125
3.946692 4.285077 -3.392444
3.990950 4.310994 -3.385771
4.053007 4.359368 -3.357539
4.062725 4.400115 -3.340410
4.079894 4.482059 -3.296414
4.123280 4.563923 -3.261103
4.107301 4.653264 -3.225191
4.121289 4.700230 -3.188636
4.094855 4.784449 -3.158878
4.068253 4.840277 -3.121839
4.045033 4.884074 -3.225713
4.043842 4.902962 -3.112748
4.043318 4.930294 -3.080368
4.069925 4.940097 -3.086845
4.071887 4.949901 -3.061122
4.065118 4.982038 -3.062130
4.070845 5.047727 -3.045700
4.061213 4.937569 -3.103150
4.152274 4.893840 -3.111290
4.261194 4.876090 -3.110067
4.284646 4.864854 -3.126419
4.474747 4.807694 -3.170811
4.515624 4.807278 -3.148757
4.589639 4.760408 -3.138379
4.675105 4.762547 -3.134669
4.771028 4.713550 -3.139255
4.808169 4.701792 -3.144850
4.877947 4.681953 -3.168813
4.888723 4.677515 -3.173457
4.870240 4.696225 -3.173750
4.874018 4.711249 -3.194775
4.897657 4.681886 -3.124628
4.859821 4.710087 -3.112806
4.834850 4.726157 -3.109248
4.840477 4.739019 -3.118673
4.803635 4.976027 -3.016344
4.737284 4.786924 -3.105252
4.697707 4.731192 -3.180937
4.739795 4.717270 -3.156030
4.817325 4.695477 -3.144177
4.911761 4.695928 -3.142420
4.961519 4.685769 -3.159070
4.970164 4.674576 -3.177340
4.981897 4.658019 -3.194064
5.026625 4.661790 -3.181361
5.045674 4.643075 -3.265039
5.120399 4.604232 -3.217655
5.230878 4.553796 -3.194506
5.355115 4.480492 -3.212985
5.420164 4.470089 -3.223504
5.523779 4.430379 -3.245561
5.633852 4.499228 -3.201221
5.582807 4.385854 -3.250407
5.603705 4.383060 -3.372217
5.615109 4.382728 -3.319801
5.637124 4.348664 -3.246657
5.664448 4.334827 -3.217421
5.534305 4.383943 -3.237907
5.445314 4.440247 -3.203768
5.309736 4.512027 -3.195896
5.187219 4.537467 -3.171964
5.143393 4.558510 -3.199119
5.128271 4.582418 -3.171539
5.149969 4.668219 -3.122675
5.122908 4.646688 -3.220468
5.104926 4.533796 -3.198408
5.136148 4.506822 -3.181415
5.147768 4.517528 -3.129232
5.096265 4.533455 -3.117338
5.018266 4.561043 -3.080647
4.904320 4.604774 -3.021310
4.782951 4.646797 -2.996142
4.644668 4.685680 -2.972148
4.568928 4.731465 -2.953360
4.477280 4.776012 -2.931201
4.393399 4.782435 -2.948404
4.308074 4.835219 -2.944900
4.347014 4.815329 -2.985787
4.355689 4.795996 -3.004956
4.415590 4.795335 -3.061908
4.438457 4.773065 -2.988991
4.474634 4.736166 -2.960429
4.530642 4.720017 -2.973325
4.727338 4.619036 -2.972198
4.777575 4.588591 -2.974483
4.853364 4.571214 -2.964423
4.862326 4.557166 -2.944876
4.862326 4.557166 -2.944876
4.864164 4.544541 -2.975882
4.909923 4.534106 -2.986248
4.909923 4.534106 -2.986248
4.962475 4.523178 -2.988878
4.959257 4.513610 -2.992015
4.943420 4.524123 -2.975676
4.952106 4.552693 -2.966634
4.946656 4.529603 -2.974675
5.007999 4.499307 -2.959791
5.011348 4.498068 -2.966475
5.037070 4.470754 -2.957772
5.041832 4.482241 -2.950136
5.015113 4.494658 -2.939610
4.981005 4.503474 -2.906501
4.913298 4.511189 -2.809547
4.799592 4.570673 -2.791329
4.755327 4.600171 -2.801106
4.683521 4.615693 -2.822597
4.627307 4.646378 -2.843595
4.597985 4.670659 -2.883687
4.553462 4.710104 -2.945622
4.606460 4.658409 -2.993565
4.623049 4.646066 -3.025342
4.694812 4.613661 -3.054713
4.710016 4.599432 -3.053723
4.860756 4.547951 -3.101267
4.881483 4.540178 -3.093042
4.987193 4.484572 -3.234094
5.064340 4.450943 -3.167290
5.088798 4.451027 -3.133637
5.153163 4.385122 -3.148639
5.209214 4.363914 -3.137818
5.248580 4.366149 -3.147744
5.282228 4.339309 -3.165113
5.321303 4.342495 -3.141999
5.351156 4.293608 -3.168109
5.367271 4.300945 -3.150360
5.438988 4.271602 -3.162237
5.472611 4.271834 -3.160450
5.503702 4.258945 -3.132094
5.589149 4.198812 -3.146337
5.607244 4.185450 -3.160644
5.663998 4.166723 -3.160750
5.714616 4.145585 -3.232110
5.722632 4.162874 -3.323158
5.672304 4.172484 -3.142130
5.674482 4.161719 -3.112506
5.762262 4.099966 -3.139185
5.804811 4.114667 -3.099351
5.941977 4.199901 -3.044896
5.889934 4.069183 -3.136482
5.854201 4.006384 -3.164925
5.821188 3.994339 -3.190861
5.872140 3.998173 -3.173644
5.865864 4.005184 -3.169150
5.865425 4.020079 -3.169035
5.791420 4.072092 -3.149999
5.746743 4.086476 -3.147624
5.672250 4.124405 -3.142857
5.631438 4.136196 -3.152107
5.593261 4.142004 -3.159731
5.538806 4.179111 -3.145895
5.611584 4.329128 -3.072937
5.588781 4.184265 -3.132170
5.612089 4.069112 -3.194209
5.608859 4.080146 -3.170668
5.680764 4.063206 -3.173314
5.739923 4.027074 -3.189353
