x y z
0.613910 1.061098 1.206996
0.522346 0.954623 1.096474
0.485063 0.875309 0.992061
0.466557 0.811612 0.947976
0.504182 0.905043 1.019332
0.521512 0.980713 1.104044
0.709442 1.284426 1.465959
0.843402 1.469062 1.654827
0.912767 1.544019 1.742985
0.842930 1.481740 1.727713
0.732383 1.360251 1.627579
0.700611 1.313520 1.582514
0.714604 1.308679 1.535230
0.634603 1.095209 1.231779
0.613052 1.035293 1.190867
0.433465 0.946217 1.104785
0.141197 0.861604 1.127505
-0.000806 0.826892 1.181624
0.001297 0.831849 1.186831
0.029929 0.756856 1.183071
0.115628 0.713209 1.109763
0.164711 0.722873 1.064300
0.355888 0.746489 0.996460
0.380686 0.803856 0.967914
0.436644 0.813482 0.933417
0.575959 0.786614 0.943462
0.652713 0.833732 1.009442
0.635595 0.894849 1.059008
0.547121 0.904296 1.096325
0.465795 0.892931 1.121156
0.379580 0.821535 1.147093
0.255229 0.784760 1.158214
0.007626 0.762680 1.181749
-0.177055 0.741934 1.172975
-0.308536 0.720030 1.172454
-0.295578 0.668934 1.148726
-0.104169 0.596931 1.139861
0.149909 0.629896 1.186540
0.366352 0.664034 1.211936
0.507679 0.687583 1.228573
0.574036 0.722517 1.223971
0.668882 0.864500 1.274991
0.702928 0.911715 1.323968
0.561341 0.965717 1.367649
0.361967 0.988533 1.384935
0.328259 0.925783 1.402998
0.389198 0.868665 1.420107
0.549722 0.852425 1.418664
0.587145 0.855164 1.416218
0.368921 0.950928 1.381162
0.150141 1.041693 1.345421
0.035521 1.043099 1.244550
-0.024116 0.986877 1.140610
0.024611 0.898968 1.078466
0.188184 0.791288 1.070739
0.387518 0.724704 1.146674
0.607232 0.727202 1.182578
0.718314 0.848917 1.262516
0.724365 1.035398 1.308803
0.735454 1.194327 1.363993
0.687960 1.301909 1.401163
0.555238 1.320388 1.404504
0.472890 1.255788 1.438877
0.462187 1.159893 1.433805
0.472614 1.066427 1.409992
0.549135 0.888704 1.332887
0.639648 0.770416 1.256822
0.577642 0.750145 1.157089
0.486503 0.820323 1.099078
0.381995 0.873695 1.077151
0.293701 0.822962 1.056573
0.222610 0.771895 1.045221
0.215251 0.751875 1.106736
0.265000 0.672178 1.248135
0.368580 0.650432 1.379216
0.514824 0.708632 1.513725
0.571860 0.764035 1.567870
0.479135 0.887245 1.575848
0.373388 0.943942 1.532771
0.275034 1.017555 1.508816
0.162186 1.011343 1.428665
0.123748 0.994497 1.359026
0.248504 0.892712 1.308857
0.422230 0.776625 1.265208
0.530935 0.778311 1.244882
0.566347 0.808430 1.217954
0.567443 0.819767 1.183418
0.556818 0.880387 1.161066
0.523519 0.951606 1.166786
0.463602 1.032543 1.222879
0.402529 1.093414 1.304843
0.359692 1.125424 1.340372
0.378356 1.092065 1.392106
0.414811 1.017755 1.437437
0.410927 0.927568 1.403751
0.370540 0.844691 1.352202
0.281782 0.825439 1.320287
0.086223 0.816081 1.327040
-0.075465 0.868027 1.326180
-0.159338 0.920221 1.358379
-0.123502 0.934192 1.358090
0.100094 0.863318 1.358190
0.327092 0.816134 1.328305
0.537952 0.806405 1.280095
0.668204 0.846180 1.274268
0.670624 0.927395 1.330293
0.649889 1.151025 1.369197
0.499033 1.329447 1.369637
0.360336 1.420645 1.370045
0.476150 1.401942 1.422412
0.606543 1.391562 1.495622
0.757686 1.314936 1.533620
0.897510 1.171593 1.534232
0.889512 1.085797 1.499177
0.817146 1.061740 1.436481
0.833002 1.025140 1.391036
0.857166 1.021271 1.370811
0.788759 1.058955 1.340296
0.573835 1.009373 1.231438
0.471610 0.953633 1.194349
0.305849 0.882139 1.142205
0.112584 0.850947 1.128159
0.108034 0.793412 1.079070
0.047970 0.781173 1.062877
-0.059338 0.814440 1.087021
-0.076996 0.853363 1.111854
-0.057868 0.966563 1.193698
-0.118694 1.041146 1.231481
-0.168755 1.074169 1.235047
-0.134652 1.045336 1.243386
-0.124915 1.014984 1.331152
0.013926 0.954839 1.398213
0.610286 1.001985 1.530455
1.100091 1.133582 1.588818
1.364985 1.237189 1.589559
1.387390 1.366491 1.554486
1.088860 1.326941 1.373308
0.746214 1.266842 1.197434
0.231723 1.158071 1.075182
0.041012 1.028640 1.076567
-0.164022 0.902424 1.081671
-0.159538 0.776285 1.107681
0.124573 0.641984 1.154914
0.362791 0.701340 1.258095
0.574913 0.834952 1.254918
0.673782 1.014705 1.245603
0.621798 1.162431 1.217718
0.559712 1.308783 1.228773
0.495602 1.402071 1.226284
0.500908 1.433885 1.264376
0.497359 1.388724 1.241294
0.531284 1.318428 1.270873
0.528516 1.453722 1.489988
0.479055 1.666804 1.495796
0.341330 1.924317 1.472920
0.297532 2.006981 1.478814
0.260811 2.017779 1.402011
0.190853 2.034837 1.376731
0.024109 2.001933 1.232011
0.031430 1.765705 1.155671
0.152916 1.415096 1.123594
0.201092 1.299464 1.084382
0.219672 1.123848 1.062003
0.085386 0.956429 1.023716
-0.117094 0.804039 0.959822
-0.145413 0.690361 0.954815
-0.008628 0.703097 1.014580
0.288122 0.757138 1.099948
0.804366 0.899886 1.253239
0.638226 0.853933 1.166303
0.322633 0.942020 1.026761
-0.101190 1.167866 1.046544
-0.301439 1.312284 1.107998
-0.060584 1.484037 1.287124
0.702948 1.556413 1.346804
1.127414 1.613928 1.396851
1.514101 1.464423 1.306790
1.518467 1.442148 1.173839
1.168844 1.384959 1.085739
0.863193 1.361628 1.027614
0.627606 1.239334 1.053840
0.340650 1.058952 0.972052
-0.214435 0.837699 0.860893
-0.647020 0.641989 0.777727
-1.011012 0.623571 0.737810
-1.123254 0.559576 0.838967
-0.718244 0.529162 0.958466
0.105805 0.499337 1.154490
0.702893 0.591235 1.204738
0.871001 0.785963 1.184883
0.664082 1.181655 1.123840
0.644639 1.689148 1.115269
0.558483 1.953166 1.225088
0.721594 2.015060 1.373949
0.702549 1.718123 1.402243
0.381083 1.253635 1.236258
0.123080 0.922479 1.040798
-0.176662 0.694369 0.938965
-0.029536 0.488930 0.847673
0.382486 0.392442 0.948967
0.820035 0.438231 1.145535
0.982897 0.512615 1.208949
0.788980 0.561542 1.203511
0.571141 0.736073 1.199862
0.367695 0.937739 1.093856
0.052264 1.105312 1.111146
0.009837 1.246394 1.124846
-0.014081 1.448402 1.182424
-0.068172 1.518968 1.227022
0.022473 1.651359 1.224578
-0.011690 1.647434 1.307960
0.155158 1.652055 1.287883
0.193719 1.626179 1.223200
0.093630 1.628874 1.184502
0.159696 1.548198 1.082467
0.053027 1.345605 1.041288
0.144728 1.241423 1.018318
0.324734 1.123748 0.997554
0.420307 1.036426 1.029972
0.690420 0.941495 1.070334
0.795600 0.854611 1.075417
0.741626 0.727362 1.113439
0.728186 0.683318 1.113426
0.524982 0.679406 1.163045
0.295676 0.728078 1.160795
0.162214 0.839325 1.166676
0.064700 0.866889 1.205762
0.056096 0.904387 1.182621
0.085932 0.891521 1.190981
0.067143 0.893096 1.252386
0.249246 1.010634 1.297814
0.391713 1.058447 1.363034
0.507639 1.144578 1.352585
0.349873 1.255475 1.315397
0.041909 1.343086 1.247630
-0.002783 1.373241 1.148422
0.058744 1.225332 1.156119
0.241657 1.162185 1.130719
0.415400 1.174810 1.174442
0.834080 1.112903 1.196125
0.913998 1.102094 1.196071
0.863569 1.106319 1.184191
0.810453 1.102313 1.131963
0.670742 1.042074 1.119937
0.574917 0.996284 1.063191
0.307879 0.964170 1.077207
0.127646 1.058356 1.102388
0.004892 1.033688 1.126845
0.030692 0.924178 1.161534
0.070656 0.820882 1.181987
-0.043918 0.794087 1.238313
-0.005713 0.845802 1.218755
-0.041330 0.858060 1.210089
0.022326 0.969151 1.195296
0.071393 1.038642 1.205893
0.067792 1.087368 1.205356
0.091285 1.195219 1.202408
0.272380 1.233870 1.178477
0.354955 1.182339 1.177680
0.577530 1.267532 1.118792
0.494915 1.268432 1.117051
0.518977 1.298994 1.068559
0.373132 1.268853 1.079429
0.396531 1.267624 1.108524
0.347996 1.179786 1.150139
0.335508 1.087582 1.216492
0.462122 1.015140 1.216344
0.345805 0.833360 1.213101
0.303733 0.725235 1.186395
0.217045 0.688189 1.156439
0.082451 0.727658 1.186596
0.172290 0.922308 1.167349
0.157419 1.027336 1.216166
0.207523 1.112512 1.251454
0.260431 1.151018 1.218700
0.218862 1.153682 1.251168
0.310299 1.205764 1.185990
0.363163 1.239987 1.159563
0.255676 1.288871 1.230673
0.314756 1.363628 1.187278
0.187363 1.297543 1.202779
0.331278 1.343945 1.213373
0.353716 1.251168 1.200263
0.332560 1.218646 1.216226
0.428123 1.256110 1.135360
0.336067 1.190514 1.120454
0.420779 1.155609 1.078279
0.444470 1.195678 1.069060
0.398047 1.134468 1.077569
0.379085 1.102779 1.116838
0.328522 1.033975 1.144562
0.363561 1.029368 1.151560
0.313654 0.860949 1.156648
0.251291 0.816550 1.171665
0.246516 0.743157 1.190221
0.202306 0.705372 1.207048
0.168874 0.668071 1.191460
0.222727 0.754635 1.223214
0.323364 0.855983 1.243075
0.390619 0.985074 1.269551
0.386241 1.066750 1.341034
0.395429 1.138676 1.313111
0.371148 1.170832 1.328859
0.299192 1.171823 1.259022
0.333290 1.183341 1.250412
0.335827 1.173740 1.250047
0.410684 1.190427 1.251624
0.410074 1.227308 1.270129
0.385759 1.272151 1.266492
0.324309 1.274502 1.213230
0.267502 1.265813 1.215468
0.297466 1.262475 1.171577
0.229670 1.203534 1.120271
0.247220 1.174173 1.085476
0.302299 1.142383 1.048652
0.268889 0.985804 1.035020
0.275278 0.948083 1.023932
0.197632 0.914798 1.066178
0.209927 0.906085 1.068730
0.167981 0.872182 1.104392
0.191173 0.939060 1.104916
0.185757 0.916029 1.116060
0.165038 0.879989 1.139405
0.252065 0.917442 1.131036
0.268857 0.891681 1.157603
0.322698 0.883432 1.181133
0.538930 0.954491 1.165473
0.523775 0.955534 1.229962
0.679272 1.080228 1.245751
0.593054 1.082648 1.268186
0.485194 1.138586 1.276715
0.464692 1.130318 1.215517
0.286938 1.097829 1.248594
0.300640 1.152600 1.183441
0.209952 1.097212 1.195464
0.109840 1.117819 1.178739
0.062800 1.176859 1.119969
-0.065801 1.135895 1.105159
0.098564 1.146580 1.045338
0.092552 1.078278 1.050598
0.196179 1.068132 1.011772
0.246813 1.067103 0.986958
0.148344 1.056170 1.011241
0.304173 1.069289 0.997467
0.324147 0.960635 1.040889
0.506026 0.912074 1.085604
0.589136 0.873162 1.131236
0.698750 0.891173 1.198930
0.955821 0.943154 1.234325
0.846954 0.982110 1.269152
0.707503 1.102294 1.217898
0.398883 1.135718 1.175006
0.246157 1.185531 1.144430
0.192639 1.236640 1.122942
0.063277 1.173851 1.167750
0.130461 1.139671 1.168804
0.035213 1.044045 1.224172
0.114997 0.868587 1.167245
0.217406 0.742667 1.144674
0.260088 0.656808 1.164988
0.473593 0.657043 1.144862
0.465497 0.614945 1.158765
0.455986 0.625005 1.171716
0.460892 0.662102 1.154064
0.460892 0.662102 1.154064
0.617929 0.834626 1.191980
0.662806 0.997037 1.191135
0.461499 1.292494 1.234215
0.244983 1.310288 1.277718
0.087108 1.295122 1.278424
0.078793 1.330141 1.237229
0.071518 1.238189 1.235391
0.269700 1.185336 1.174103
0.237883 1.148852 1.199776
0.363740 1.122705 1.180615
0.512593 1.030946 1.173597
0.577268 0.966856 1.231108
0.877014 0.900171 1.219296
0.872230 0.871331 1.260642
0.953720 0.926455 1.231935
0.807917 0.942697 1.212177
0.584354 0.915850 1.172153
0.581630 0.834281 1.152424
0.381149 0.817631 1.196780
0.350768 0.900565 1.155211
0.194766 0.955741 1.199428
0.085841 0.987133 1.185555
0.031722 1.053899 1.154055
-0.047773 0.961310 1.178965
0.093079 0.970772 1.169947
-0.067419 0.991962 1.167404
-0.117832 1.011007 1.160765
-0.091661 1.059379 1.097127
0.096066 1.053536 1.194015
0.371147 1.085980 1.182465
0.549505 1.045264 1.188284
0.611267 1.078952 1.250019
0.651911 1.118555 1.202275
0.502681 1.121372 1.216251
0.557498 1.222588 1.155497
0.539751 1.223081 1.166444
0.565854 1.226727 1.196035
0.664566 1.234702 1.174583
0.495483 1.180286 1.198702
0.481730 1.226003 1.175650
0.356777 1.173516 1.145155
0.164494 1.020045 1.179360
0.201776 0.969820 1.158362
0.071487 0.893143 1.200472
0.142589 0.922820 1.144962
0.120243 0.882471 1.115567
0.082080 0.773812 1.134694
0.339060 0.698210 1.085135
0.382770 0.647167 1.168945
0.667440 0.804998 1.194493
0.762189 0.930537 1.230769
0.750798 0.930042 1.238694
0.836463 1.080587 1.238338
0.789378 1.168508 1.220641
0.686075 1.266809 1.272506
0.344534 1.318494 1.266888
0.147407 1.376453 1.233389
0.099877 1.355149 1.193448
0.116163 1.263755 1.207121
0.176693 1.217271 1.195698
0.259802 1.169815 1.154760
0.125455 1.063148 1.139705
0.013139 0.981966 1.071883
0.008171 0.910507 1.074437
0.081974 0.912642 1.061768
0.215351 0.822919 1.070391
0.490463 0.718911 1.082155
0.576122 0.647198 1.122006
0.711229 0.662470 1.153606
0.767430 0.762016 1.173819
0.760722 0.809481 1.228354
0.903082 0.942754 1.235040
0.719025 1.067112 1.268347
0.525111 1.181848 1.242738
0.455939 1.253768 1.218641
0.156916 1.234776 1.223116
0.165262 1.177694 1.181975
0.169770 1.174635 1.207135
0.162102 1.055410 1.233354
0.234328 1.007240 1.216324
0.285033 0.945191 1.201673
0.339648 0.946802 1.162507
0.266282 0.868745 1.151623
0.405681 0.826134 1.075706
0.431048 0.801207 1.091820
0.518161 0.880962 1.104687
0.518161 0.880962 1.104687
0.729278 0.936245 1.155625
0.809781 0.982361 1.158967
0.751290 1.052795 1.206432
0.512227 1.175891 1.186016
0.377565 1.225183 1.139785
0.054731 1.279348 1.148365
0.002632 1.299543 1.134904
0.062178 1.243516 1.129038
0.075494 1.185781 1.149517
0.326904 1.069304 1.169095
0.328665 0.996800 1.183516
0.431267 0.964272 1.126409
0.382106 0.869574 1.090758
0.335049 0.936566 1.036249
0.310735 0.878266 1.095054
0.498315 0.861834 1.068425
0.591156 0.853803 1.096752
0.573747 0.847451 1.130227
0.626237 0.957812 1.113780
0.469546 0.981918 1.160497
0.448870 1.037901 1.154304
0.441838 1.062260 1.126954
0.264934 1.061870 1.173048
0.130590 1.146448 1.190115
-0.161730 1.132564 1.207006
0.050718 1.076710 1.176942
0.071569 1.070186 1.158667
0.174895 0.947250 1.138113
0.319242 0.973318 1.134989
0.338433 0.890999 1.136814
0.358833 0.912915 1.133121
0.424140 0.956843 1.112531
0.453351 1.019373 1.083772
0.480169 1.065396 1.133353
0.398838 1.123608 1.165605
0.451998 1.168900 1.135936
0.383407 1.150552 1.196446
0.359461 1.084910 1.170230
0.296556 1.120877 1.177854
0.146029 1.154723 1.198413
0.170092 1.262315 1.121129
0.144199 1.252983 1.100206
0.260845 1.212355 1.092544
0.317021 1.135074 1.126492
0.394178 1.033287 1.157238
0.530303 1.058809 1.143442
0.519875 0.975854 1.133201
0.559168 0.979943 1.104526
0.542603 0.970604 1.104485
0.382481 0.910990 1.105946
0.406596 0.854523 1.078991
0.321758 0.764437 1.136528
0.382649 0.797236 1.130546
0.373264 0.814558 1.190525
0.375945 0.831330 1.153818
0.310042 0.856627 1.155562
0.290445 0.928714 1.168507
0.286072 1.060369 1.165151
0.179338 1.125141 1.194610
0.175078 1.239604 1.182734
0.180487 1.246035 1.185499
0.224043 1.218927 1.205464
0.341732 1.182358 1.182807
0.364837 1.118153 1.183367
0.460339 1.122525 1.152817
0.505059 1.090091 1.160813
0.513983 1.016895 1.162835
0.615786 0.973998 1.145483
0.555274 0.925805 1.137302
0.695123 0.989245 1.101403
0.742930 0.985870 1.156983
0.833912 1.022013 1.171485
0.745103 1.030120 1.164818
0.556974 1.028656 1.155752
0.475770 1.052458 1.170852
0.254543 0.999942 1.212617
0.204760 1.026001 1.215492
0.127367 0.976775 1.223464
0.108731 0.978750 1.232906
0.133801 0.950896 1.208002
0.169016 0.909327 1.229778
0.326731 0.870177 1.186756
0.356542 0.819883 1.192294
0.472754 0.792475 1.153071
0.505935 0.822724 1.162625
0.463028 0.892905 1.199799
0.517499 1.002984 1.195374
0.526993 1.043135 1.250244
0.696060 1.112319 1.285129
0.751349 1.080023 1.287435
0.619609 1.098485 1.265654
0.437507 1.137628 1.217169
0.221024 1.160467 1.186253
0.185668 1.231937 1.201112
0.180952 1.183544 1.211973
0.258819 1.116525 1.200568
0.370796 1.038412 1.170219
0.383206 0.995042 1.188000
0.433634 0.996086 1.133758
0.423216 0.966552 1.150616
0.444343 0.978732 1.121725
0.391062 0.932793 1.120900
0.416310 0.906421 1.121541
0.497795 0.884431 1.112234
0.440557 0.868436 1.130396
0.439956 0.904924 1.116393
0.385013 0.944293 1.133265
0.289561 0.942513 1.149982
0.271411 0.952267 1.131000
0.181979 0.961770 1.149659
0.085976 1.003322 1.167355
0.077573 1.077124 1.181964
-0.031349 1.076412 1.185504
-0.055852 1.076159 1.176929
0.250019 0.967351 1.201954
0.441553 0.992706 1.195451
0.500619 0.940550 1.227737
0.692631 0.935163 1.254288
0.840791 0.897659 1.237792
0.855824 0.927996 1.235850
0.746198 0.983143 1.178581
0.589356 1.017292 1.185852
0.539846 1.107483 1.186915
0.472845 1.076775 1.178684
0.392297 1.127742 1.212185
0.498003 1.084808 1.185454
0.657119 1.052246 1.264553
0.667898 1.100471 1.211041
0.438594 1.153964 1.170862
0.332392 1.185066 1.117421
0.281558 1.088418 1.096672
0.291393 0.982866 1.096597
0.332516 0.873208 1.083132
0.316569 0.778930 1.106041
0.360662 0.759029 1.124630
0.401757 0.790399 1.112937
0.354184 0.770005 1.128536
0.328981 0.804527 1.110977
0.180712 0.851374 1.128629
0.196808 0.905333 1.114459
0.148875 0.885844 1.114512
0.179105 0.920512 1.141093
0.205148 0.995012 1.155484
0.254624 1.053441 1.212731
0.410912 1.121970 1.217804
0.387559 1.056180 1.188093
0.397945 1.057132 1.195731
0.409360 1.029567 1.170064
0.433764 1.020224 1.179370
0.576500 0.992905 1.180929
0.802455 1.034534 1.184825
0.920160 1.021347 1.186768
0.829920 1.007148 1.158013
0.572451 1.070779 1.108250
0.471148 1.077603 1.099343
0.365098 1.018788 1.096972
0.376788 1.044913 1.085610
0.394971 1.040959 1.116776
0.478479 1.003678 1.110500
0.486644 1.009879 1.124025
0.486644 1.009879 1.124025
0.459625 0.971581 1.104717
0.459625 0.971581 1.104717
0.378586 0.955842 1.095102
0.240447 0.883177 1.035804
0.218230 0.875151 0.982809
0.163457 0.853845 1.002904
0.228382 0.865912 1.034865
0.353955 0.866769 1.102490
0.578307 0.943911 1.178752
0.722115 0.964838 1.219014
0.762910 0.983613 1.238762
0.778325 1.001717 1.176748
0.627155 1.006278 1.131342
0.519926 0.985286 1.106208
0.524004 0.918526 1.071799
0.522946 0.793634 1.081931
0.597184 0.768930 1.078182
0.601069 0.749010 1.085410
0.534199 0.771882 1.102940
0.489313 0.821938 1.080455
0.363838 0.832279 1.108291
0.371811 0.851687 1.112723
0.409964 0.893810 1.127082
0.433031 0.944221 1.196684
0.455737 0.984151 1.185616
0.360021 0.998846 1.194031
0.328377 1.020986 1.172395
0.299898 1.027074 1.159556
0.232745 1.034790 1.151811
0.247846 1.054554 1.128029
0.243056 1.017911 1.109658
0.245498 0.969210 1.079793
0.285773 0.940160 1.028573
0.309827 0.947919 1.045803
0.339377 0.950963 1.026898
0.434783 1.000431 1.008902
0.430485 1.017895 1.033097
0.436676 1.081977 1.035227
0.456892 1.101403 1.025249
0.385128 1.102108 1.083185
0.415737 1.068807 1.102952
0.396598 1.007799 1.146069
0.373459 1.026307 1.140521
0.289255 1.052072 1.128175
0.245467 0.992981 1.141964
0.313492 0.962800 1.152877
0.370657 0.864598 1.165619
0.439537 0.842267 1.190484
0.579617 0.899943 1.198488
0.622664 0.902241 1.230202
0.734171 0.944802 1.202457
0.657066 0.955602 1.225109
0.621725 0.972434 1.219226
0.570044 0.995447 1.211165
0.452397 0.994529 1.237498
0.450726 1.079081 1.223843
0.281805 1.091044 1.222532
0.026989 1.175229 1.172196
-0.088297 1.209727 1.097155
-0.147596 1.070727 1.112978
0.002811 1.069427 1.072363
0.025582 1.017723 1.092909
0.133760 0.971304 1.100664
0.354251 0.969372 1.051927
0.340487 0.922353 1.070082
0.467556 0.958827 1.046563
0.461665 0.875982 1.077326
0.579025 0.886714 1.124460
0.606788 0.938355 1.162416
0.519081 0.948216 1.187543
0.541128 0.968583 1.204199
0.453998 1.000887 1.221443
0.404480 1.014115 1.227235
0.398619 1.065425 1.222076
0.166856 1.131789 1.232507
0.144761 1.134689 1.217024
0.284181 1.101269 1.174685
0.394882 0.905516 1.152155
0.417977 0.816937 1.145460
0.483506 0.743140 1.131629
0.622426 0.718267 1.113345
0.476915 0.654226 1.079171
0.384878 0.708849 1.044814
0.216910 0.739152 1.092483
0.078332 0.856018 1.135860
0.068163 0.947994 1.135596
0.101044 0.954559 1.178709
0.268422 0.962351 1.172436
0.309548 0.976719 1.196215
0.301517 1.013199 1.191225
0.308699 1.099692 1.161967
0.209928 1.164323 1.163554
0.192282 1.223207 1.140218
0.236960 1.252628 1.116227
0.182286 1.259371 1.147394
0.093697 1.211242 1.123977
0.093185 1.161740 1.090520
0.090086 1.078301 1.120879
0.143458 1.006773 1.121409
0.358888 0.961718 1.152861
0.460342 0.874141 1.207463
0.571861 0.797915 1.205465
0.658228 0.774121 1.191033
0.629226 0.775183 1.181944
0.522211 0.776898 1.196739
0.489059 0.861178 1.201270
0.438934 0.870166 1.179969
0.333584 0.907067 1.241565
0.333920 0.947615 1.229000
0.230128 0.955043 1.242109
0.255877 0.924235 1.291525
0.338165 0.933015 1.264677
0.304010 0.940609 1.277853
0.196403 0.942032 1.281685
0.162422 0.927183 1.229166
0.158778 0.904867 1.208211
0.138775 0.925936 1.216243
0.181671 0.954234 1.188684
0.118994 1.033765 1.178435
0.014336 1.059496 1.173494
0.009943 1.074745 1.136656
0.178372 1.019508 1.152051
0.376344 0.935429 1.179704
0.485038 0.941914 1.151923
0.498490 1.006345 1.161905
0.444192 1.108199 1.155756
0.410722 1.106531 1.086510
0.349971 1.116500 1.121140
0.364787 1.146038 1.097900
0.293286 1.116788 1.113361
0.266707 1.131745 1.098686
0.269543 1.098232 1.098797
0.252357 1.047165 1.113664
0.252026 0.992500 1.144232
0.251274 0.987272 1.137672
0.308141 0.989614 1.136391
0.240410 0.950875 1.162069
0.231485 0.965301 1.138348
0.185305 0.923209 1.144767
0.225816 0.923217 1.121983
0.240698 0.928962 1.102416
0.257726 0.920917 1.124422
0.272621 0.969617 1.151044
0.241937 0.939562 1.177004
0.295677 0.962285 1.230099
0.412959 0.975201 1.184294
0.413113 0.991512 1.215150
0.418765 0.974194 1.213342
0.427935 1.002263 1.191056
0.432321 1.031823 1.205672
0.386819 0.989932 1.186997
0.409273 0.983436 1.167058
0.346531 0.954729 1.169093
0.346249 1.009714 1.162325
0.259417 1.044602 1.179836
0.228589 1.064037 1.154414
0.279710 1.072204 1.131179
0.209341 0.958937 1.145287
0.257826 0.957941 1.140729
0.208370 0.852685 1.163235
0.203586 0.803793 1.161150
0.304438 0.815473 1.144826
0.325096 0.776636 1.176935
0.415298 0.774081 1.134713
0.395227 0.792783 1.132600
0.368825 0.812229 1.147683
0.482667 0.904442 1.131157
0.497615 0.925961 1.227400
0.697537 0.999558 1.209012
0.714679 1.018072 1.220855
0.626550 1.085347 1.218288
0.599879 1.201728 1.162805
0.284251 1.138658 1.151070
0.225624 1.149427 1.057309
0.148981 1.082976 1.055500
0.165799 1.040347 1.101848
0.376165 1.029947 1.057278
0.467095 0.956526 1.114616
0.606204 0.983546 1.096334
0.753367 0.980643 1.066074
0.688030 0.916338 1.105484
0.639798 0.903114 1.002247
0.396794 0.837670 1.049133
0.224005 0.904224 1.025495
0.059781 0.930646 1.040929
-0.056123 0.899328 1.114459
0.134841 0.886102 1.117195
-0.000019 0.791117 1.167717
0.046813 0.788388 1.151844
0.001892 0.849002 1.120555
-0.039605 0.833795 1.125715
0.096045 0.874844 1.082183
0.091135 0.903070 1.112356
0.189872 1.023792 1.158411
0.348019 1.106228 1.153050
0.429442 0.973348 1.189336
0.612780 0.980575 1.222691
0.688826 1.012209 1.199538
0.617521 0.941541 1.224609
0.725736 1.016124 1.141616
0.585384 0.992519 1.175814
0.609348 0.993897 1.122753
0.583082 1.032492 1.126063
0.486278 1.000873 1.185409
0.530051 1.037586 1.134285
0.472720 0.992624 1.144989
0.412675 0.955974 1.144088
0.473210 0.929890 1.090121
0.309558 0.825154 1.118817
0.324463 0.835539 1.116137
0.205372 0.833186 1.091376
-0.018697 0.812070 1.103390
0.018453 0.852023 1.038712
-0.025792 0.839145 1.082637
0.188928 0.887848 1.104144
0.330718 0.853844 1.098128
0.306504 0.875257 1.132224
0.406905 1.005286 1.113663
0.294737 1.006363 1.148915
0.371717 1.084372 1.160785
0.350408 1.115390 1.166739
0.366578 1.090707 1.169103
0.443543 1.134272 1.189094
0.401658 1.050521 1.204124
0.488527 1.028957 1.172754
0.511920 0.949844 1.183189
0.560632 0.918168 1.185565
0.580125 0.885058 1.140972
0.428821 0.875584 1.163581
0.447322 0.854070 1.119993
0.330260 0.818814 1.144278
0.265931 0.809856 1.140217
0.302631 0.800837 1.111762
0.276214 0.737321 1.177342
0.355203 0.717421 1.194381
0.407924 0.642327 1.175215
0.436850 0.639829 1.231652
0.515390 0.816481 1.202351
0.291477 0.896388 1.229075
0.172749 0.992801 1.217879
0.255402 1.131640 1.190713
0.191319 1.111978 1.241285
0.295614 1.176364 1.250592
0.242634 1.188347 1.223114
0.206944 1.162678 1.205122
0.380732 1.137431 1.110139
0.308004 1.037958 1.111587
0.407155 1.000337 1.082049
0.342614 0.982572 1.041308
0.267569 0.968883 1.071870
0.331798 1.023154 1.065966
0.318213 0.960756 1.102496
0.520125 0.957482 1.128665
0.637037 0.897506 1.194339
0.741898 0.847983 1.212420
0.821302 0.803799 1.212619
0.632753 0.740099 1.233076
0.568824 0.792065 1.200751
0.332795 0.799167 1.212113
0.246588 0.876408 1.202068
0.190323 0.868805 1.213431
0.140934 0.868351 1.225453
0.224521 0.876228 1.200105
0.208659 0.838664 1.250462
0.313009 0.864935 1.254756
0.311992 0.898481 1.251317
0.322911 0.923058 1.229413
0.355453 0.985149 1.182407
0.239531 0.977392 1.185161
0.195483 1.040134 1.161371
0.109821 1.078003 1.140949
0.242593 1.075597 1.153622
0.426373 1.056938 1.165257
0.444852 1.025456 1.164952
0.485220 1.057307 1.153922
0.376017 1.012002 1.137937
0.283467 1.057360 1.094687
0.250931 1.072121 1.064412
0.218843 1.042280 1.075153
0.281662 1.034675 1.038144
0.243652 0.942879 1.075436
0.269970 0.897467 1.099002
0.205020 0.776170 1.172516
0.137076 0.698131 1.187866
0.216695 0.734210 1.179410
0.199162 0.748912 1.185397
0.285158 0.799686 1.161339
0.327481 0.828850 1.209398
0.424928 0.871569 1.282437
0.493739 0.900276 1.271834
0.447203 0.963259 1.307808
0.481254 1.074285 1.331955
0.389700 1.096706 1.326105
0.333646 1.158954 1.335807
0.274099 1.218378 1.321476
0.121461 1.162533 1.302688
0.157013 1.152858 1.215668
0.130614 1.078629 1.171043
0.177078 1.056574 1.145172
0.300495 1.035041 1.084389
0.284237 1.008117 1.119378
0.398367 1.051231 1.054860
0.330379 1.004213 1.068294
0.334262 0.973869 1.046233
0.398664 0.961530 1.009304
0.318745 0.871482 1.039936
0.418599 0.887702 1.051897
0.300000 0.783914 1.088680
0.298255 0.864674 1.124029
0.290006 0.895725 1.132463
0.126574 0.853586 1.163620
0.118409 0.904025 1.140743
0.008594 0.896986 1.167658
-0.053771 0.892077 1.165627
0.075316 0.856677 1.163810
0.109827 0.773554 1.201172
0.294476 0.851269 1.149897
0.285987 0.840457 1.195608
0.353118 0.831490 1.177721
0.491401 0.853197 1.120172
0.490557 0.930116 1.189227
0.591946 1.030931 1.190068
0.473986 1.035695 1.268958
0.496369 1.074075 1.250875
0.504621 1.105488 1.223503
0.413575 1.083014 1.266268
0.480621 1.117002 1.217178
0.349970 1.083373 1.238350
0.320955 1.148859 1.176250
0.326940 1.176077 1.119143
0.189446 1.133623 1.141143
0.302647 1.166891 1.094488
0.184809 1.104815 1.122246
0.259370 1.088731 1.111178
0.245333 1.043958 1.044281
0.158307 0.966928 1.063340
0.257664 0.987818 1.033827
0.203872 0.922490 1.066399
0.302314 0.920760 1.085667
0.361080 0.917851 1.085232
0.272135 0.887785 1.116755
0.318349 0.929222 1.088199
0.247703 0.896395 1.161638
0.372034 0.915732 1.121230
0.322305 0.921659 1.139531
0.268782 0.954722 1.161668
0.348311 0.986824 1.127627
0.248920 0.955896 1.190311
0.316928 1.003767 1.165500
0.232500 0.952883 1.181920
0.255607 0.952362 1.185780
0.289485 0.998993 1.186412
0.242534 0.951212 1.211495
0.349454 0.926836 1.152703
0.277957 0.843913 1.199808
0.352515 0.877120 1.180410
0.277145 0.869771 1.208583
0.361225 0.918662 1.183827
0.264902 0.884873 1.178359
0.251870 0.863123 1.174108
0.321989 0.903042 1.145038
0.236385 0.947143 1.205238
0.321840 1.005095 1.152400
0.302780 1.050752 1.169505
0.268229 1.024498 1.173086
0.314731 1.074033 1.161786
0.333860 1.100758 1.159400
0.264329 1.079626 1.181898
0.301505 1.099776 1.141122
0.250500 1.073455 1.152224
0.278833 1.109510 1.166229
0.298138 1.116645 1.145396
0.236112 1.072366 1.134165
0.315586 1.093891 1.121893
0.291831 1.019140 1.128049
0.366230 0.994941 1.114353
0.348966 0.958105 1.103555
0.306232 0.916393 1.132725
0.341470 0.893950 1.123105
0.233640 0.798634 1.147308
0.259744 0.775657 1.139537
0.237457 0.731223 1.121007
0.227934 0.715464 1.155274
0.267774 0.769519 1.130768
0.209013 0.820801 1.184664
0.272636 0.888979 1.152507
0.236240 0.947602 1.190007
0.276164 0.983871 1.227522
0.286158 1.028416 1.215160
0.292537 1.068498 1.246207
0.344747 1.095355 1.228356
0.302924 1.061698 1.228976
0.338376 1.106861 1.190441
0.354771 1.107573 1.195200
0.338942 1.118309 1.177937
0.339024 1.111593 1.163572
0.282753 1.071209 1.169294
0.312755 1.057993 1.133974
0.304692 0.996202 1.140032
0.303403 0.968332 1.148522
0.341149 0.941231 1.119539
0.284044 0.889414 1.152505
0.368600 0.845791 1.124482
0.284990 0.782270 1.129134
0.316911 0.768416 1.130345
0.379301 0.761754 1.139233
0.389085 0.784557 1.171617
0.426533 0.803790 1.142557
0.300063 0.786576 1.139951
0.251794 0.832737 1.111236
0.173287 0.846595 1.104880
0.123155 0.888326 1.145011
0.218812 0.981291 1.164432
0.194377 0.960412 1.175803
0.264668 1.011508 1.167002
0.282291 1.046594 1.178637
0.262969 1.039871 1.187208
0.328788 1.082052 1.149299
0.221129 1.034558 1.162494
0.296380 1.073982 1.108864
0.225298 1.047210 1.100945
0.228010 1.051302 1.113209
0.288491 1.044978 1.082849
0.223959 0.977839 1.073199
0.380747 0.952703 1.045737
0.352157 0.897440 1.056436
0.371404 0.911479 1.075155
0.345345 0.911421 1.080643
0.267631 0.886308 1.108758
0.298170 0.901940 1.094701
0.212705 0.854614 1.122303
0.253280 0.838795 1.127738
0.313414 0.838758 1.153767
0.318932 0.810743 1.185243
0.491759 0.854418 1.157271
0.499302 0.852643 1.213695
0.567252 0.888469 1.238835
0.537318 0.982318 1.191569
0.325269 1.006540 1.234256
0.361692 1.069571 1.184015
0.389538 1.075020 1.222511
0.464670 1.038325 1.267186
0.657080 1.077751 1.241030
0.467021 1.019067 1.264017
0.424245 1.055399 1.203328
0.280773 1.018086 1.147821
0.170363 0.934682 1.123883
0.189387 0.905748 1.104561
0.040491 0.837364 1.130372
0.108618 0.847784 1.093400
0.069578 0.785252 1.093735
0.162394 0.807146 1.084804
0.241956 0.882867 1.108849
0.200931 0.899813 1.144095
0.294729 0.944730 1.109755
0.240141 0.917226 1.166203
0.314372 0.937121 1.179069
0.361856 0.951949 1.191235
0.310659 0.978987 1.219752
0.417569 1.016177 1.209484
0.403426 0.950370 1.233505
0.506667 0.938256 1.220785
0.535772 0.942926 1.194594
0.457962 0.883564 1.203588
0.541604 0.871138 1.116909
0.402860 0.828954 1.150984
0.464197 0.853770 1.117683
0.298736 0.844386 1.112582
0.158820 0.829524 1.123293
0.219870 0.842644 1.048651
0.149859 0.761501 1.053564
0.154221 0.744732 1.075201
0.180423 0.762432 1.048924
0.111149 0.771720 1.095215
0.233655 0.877450 1.067428
0.242108 0.907597 1.090956
0.256657 0.968666 1.146524
0.343691 1.039334 1.091515
0.266668 1.018585 1.157730
0.295015 1.053910 1.172516
0.458862 1.097784 1.152353
0.428995 1.081161 1.222865
0.589718 1.068545 1.141336
0.501130 1.025003 1.157652
0.505052 1.018321 1.142574
0.469342 0.978442 1.122998
0.379931 0.946776 1.121349
0.466907 0.954698 1.056616
0.387173 0.915041 1.085476
0.450212 0.957342 1.056525
0.455410 0.885228 1.032549
0.482444 0.878917 1.066943
0.574687 0.869775 1.058960
0.500900 0.849801 1.122334
0.511925 0.909589 1.080836
0.373519 0.902450 1.097882
0.323687 0.865589 1.079873
0.301318 0.839622 1.035297
0.230895 0.846183 1.086598
0.287256 0.871004 1.060414
0.249101 0.850555 1.100108
0.264562 0.836224 1.112655
0.166534 0.818616 1.094366
0.105840 0.779963 1.115349
0.149836 0.834144 1.083375
0.186202 0.834258 1.104921
0.307175 0.896189 1.099080
0.357164 0.945000 1.101037
0.360747 0.994559 1.102267
0.430080 1.068858 1.087082
0.372787 1.070548 1.111001
0.423605 1.070072 1.068410
0.389053 0.981505 1.060840
0.410519 0.928456 1.028019
0.397149 0.906860 1.001000
0.423438 0.893232 0.995185
0.484098 0.893843 0.976981
0.495959 0.883707 1.043628
0.597330 0.930847 1.074335
0.558958 0.856456 1.128987
0.595666 0.902798 1.118328
0.516112 0.889682 1.119274
0.416315 0.906928 1.124387
0.421023 0.951569 1.103495
0.355779 0.954480 1.120766
0.323971 0.911747 1.142478
0.361044 0.929255 1.145724
0.343162 0.919084 1.145124
0.308295 0.922307 1.181661
0.334123 0.950961 1.164175
0.303539 0.979356 1.153164
0.259914 0.942762 1.137646
0.276779 0.968915 1.102965
0.316287 0.979500 1.090097
0.272009 0.954724 1.127775
0.327463 1.004757 1.126191
0.327664 1.012706 1.109639
0.360090 1.005411 1.126954
0.419716 0.980789 1.108091
0.368859 0.948560 1.128080
0.414562 0.975318 1.114292
0.367867 0.978785 1.126915
0.356733 0.965729 1.117912
0.381647 0.993255 1.099899
0.329474 1.014410 1.123881
0.350717 1.039490 1.145837
0.320640 1.031098 1.143836
0.261641 1.001290 1.148338
0.251811 1.047623 1.133330
0.113917 1.007510 1.141571
0.150241 1.023800 1.120062
0.218691 0.973180 1.115732
0.346296 0.879919 1.145050
0.459631 0.893240 1.153581
0.414833 0.890771 1.159137
0.438299 0.945390 1.147431
0.392324 0.945052 1.137310
0.364454 0.958615 1.134933
0.390727 0.990495 1.122603
0.320572 0.968877 1.172532
0.379726 0.998415 1.165749
0.325923 0.980351 1.169563
0.330346 0.963531 1.196290
0.347736 0.967786 1.214620
0.278126 0.960321 1.229783
0.404310 0.949878 1.196810
0.385380 0.924647 1.213586
0.417478 0.957017 1.220016
0.413700 0.975186 1.204732
0.318045 1.001989 1.215264
0.289052 1.014168 1.157363
0.136980 0.985209 1.203587
0.135656 1.041165 1.134188
0.107682 0.996469 1.124921
0.140212 0.985192 1.132492
0.261933 0.985992 1.120083
0.316094 0.947079 1.164450
0.549780 0.963905 1.143307
0.624204 0.961499 1.171310
0.659493 0.927510 1.191550
0.633966 0.939904 1.137645
0.476255 0.933138 1.169794
0.483689 0.979862 1.145630
0.391139 0.979381 1.186507
0.405959 0.969170 1.178525
0.415965 0.986230 1.191716
0.319225 0.940807 1.211715
0.396903 0.964551 1.196134
0.291295 0.900160 1.173523
0.207908 0.898430 1.167277
0.146280 0.870469 1.145710
0.086778 0.853934 1.188854
0.179714 0.854725 1.126824
0.148745 0.809155 1.141826
0.253212 0.844872 1.116166
0.353779 0.893654 1.141015
0.404154 0.938945 1.176498
0.504771 1.001605 1.165748
0.396846 0.996592 1.206742
0.446990 1.082891 1.201513
0.474478 1.074201 1.211955
0.446121 1.054654 1.237194
0.542727 1.075880 1.217272
0.431808 1.021219 1.216259
0.418151 1.014247 1.195688
0.446665 1.005654 1.163854
0.393257 0.979415 1.161829
0.412747 0.969191 1.160210
0.485827 1.004864 1.133472
0.412057 0.937792 1.156736
0.486752 0.943917 1.156020
0.483590 0.950922 1.150174
0.421492 0.928125 1.169643
0.565638 0.941582 1.147903
0.492341 0.894209 1.175564
0.480834 0.918556 1.151408
0.384815 0.904855 1.162227
0.322334 0.912383 1.127916
0.213137 0.871973 1.152510
0.194514 0.841096 1.155750
0.251047 0.887681 1.151510
0.271853 0.838421 1.152991
0.339037 0.849587 1.147099
0.295607 0.811988 1.162391
0.291966 0.815864 1.174882
0.428566 0.889026 1.150882
0.390599 0.939832 1.237732
0.499447 1.037909 1.235340
0.417198 1.043439 1.254020
0.457209 1.054175 1.239006
0.387342 1.042192 1.235423
0.354469 1.028193 1.235071
0.408924 1.028474 1.192464
0.285809 0.990600 1.224710
0.304385 0.987219 1.174348
0.251569 0.948258 1.163260
0.325896 0.904593 1.177565
0.507021 0.898917 1.167274
0.574366 0.849106 1.236509
0.727703 0.857176 1.220429
0.597913 0.851433 1.211681
0.486089 0.913172 1.214104
0.448378 0.952284 1.176706
0.362754 0.886454 1.192933
0.429458 0.919288 1.186410
0.335519 0.876528 1.219153
0.313234 0.868521 1.235087
0.342073 0.899554 1.209649
0.341483 0.924763 1.220643
0.323634 0.883826 1.226754
0.286753 0.849101 1.214763
0.237847 0.869545 1.212200
0.311585 0.944253 1.171461
0.213773 0.937349 1.157684
0.185310 0.930549 1.184644
0.321412 0.997307 1.125845
0.215583 0.989557 1.160265
0.323627 1.008132 1.111433
0.390844 0.923652 1.061821
0.402568 0.900507 1.114496
0.534620 0.998985 1.077436
0.390564 0.981812 1.152573
0.409252 0.985356 1.131565
0.408026 0.947986 1.067472
0.259370 0.806539 1.086583
0.388184 0.836910 1.058318
0.361477 0.799679 1.148447
0.361477 0.799679 1.148447
0.546422 0.831797 1.129937
0.381785 0.740384 1.118242
0.398377 0.732385 1.033970
0.304644 0.723432 1.061726
0.275404 0.778733 1.105948
0.192943 0.911196 1.110028
0.069884 0.837078 1.077648
0.398872 0.832837 1.088746
0.455684 0.772418 1.139828
0.473148 0.901811 1.184216
0.444581 0.968657 1.161911
0.298690 0.998971 1.171744
0.310298 1.009004 1.150419
0.425523 0.996614 1.125208
0.494409 0.935131 1.108857
0.380010 0.919447 1.100920
0.269445 0.929668 1.096413
0.381602 0.938977 1.045592
0.371444 0.852113 1.073668
0.465493 0.884541 1.071708
0.345157 0.796824 1.078002
0.245372 0.775542 1.087786
0.308599 0.776398 1.056318
0.372917 0.793642 1.062403
0.352859 0.803286 1.041932
0.338812 0.843149 1.010749
0.139407 0.809909 1.020695
0.203563 0.922165 1.057867
0.296350 0.912773 1.095863
0.403138 0.924925 1.123985
0.493854 0.972799 1.108317
0.332621 0.891022 1.091709
0.199742 0.792280 0.956367
0.167212 0.692275 0.915134
0.397078 0.883184 0.981514
0.379333 0.917655 1.063639
0.410902 0.927794 1.066724
0.341589 0.926976 1.047388
0.370913 0.962947 1.097954
0.507978 0.995461 1.063076
0.512529 0.999725 1.077968
0.508779 0.995713 1.056265
0.276004 0.790745 0.942683
0.196191 0.740035 0.912810
0.237705 0.821359 0.965662
0.228064 0.918674 1.038983
0.357015 0.985874 1.015430
0.393236 0.943351 1.002381
0.471640 0.770162 1.017429
0.548432 0.754793 1.045411
0.583939 0.763962 1.078881
0.671704 0.823990 0.997237
0.405377 0.780518 0.958438
0.304628 0.784263 0.910635
0.289736 0.813252 0.950930
0.329723 0.941569 1.130334
0.404644 1.059860 1.092556
0.303637 1.132048 1.131446
0.314429 1.146594 1.058018
0.192751 1.032877 1.044566
0.134783 0.956338 1.041361
0.195820 0.948566 0.988229
0.106510 0.944581 1.010872
0.263180 0.967102 1.012815
0.305433 0.907430 1.063097
0.453329 0.909569 1.081257
0.550898 0.943142 1.095585
0.519059 0.941844 1.098235
0.608638 0.962305 1.032537
0.502337 0.912230 1.034290
0.378740 0.930887 1.010453
0.209910 0.877727 0.971090
0.069206 0.841356 0.998578
0.039470 0.876949 0.987361
-0.144503 0.857037 1.014877
-0.050232 0.869746 1.025380
0.060634 0.828043 1.005965
0.109507 0.774403 1.071513
0.202512 0.830464 1.090122
0.271163 0.887958 1.112973
0.359739 0.927535 1.117859
0.409037 0.891337 1.102862
0.519667 0.807623 1.115712
0.727642 0.795310 1.113005
0.708347 0.767023 1.131753
0.742111 0.804570 1.090926
0.723329 0.894604 1.059700
0.577969 0.926137 1.084157
0.600296 1.017221 1.109745
0.461737 1.057179 1.154401
0.346572 1.164971 1.130215
0.241060 1.264440 1.117423
0.055744 1.313643 1.114772
0.028860 1.341387 1.071828
0.048968 1.177637 1.077530
0.086144 1.092435 1.060198
0.176010 1.034847 1.041523
0.161640 0.970203 1.043127
0.203991 0.861334 1.005900
0.349736 0.809812 0.968618
0.334155 0.733659 1.000023
0.459668 0.725835 1.014617
0.592323 0.688286 1.017173
0.585644 0.656793 1.057618
0.738854 0.719415 1.077094
0.659757 0.816208 1.139891
0.614817 0.923258 1.121753
0.411248 1.018705 1.131319
0.149666 1.108007 1.140032
0.051997 1.210242 1.133395
0.021168 1.157903 1.181791
0.221920 1.128280 1.208867
0.252116 1.065270 1.207887
0.235132 1.059040 1.207388
0.285632 1.102942 1.180881
0.329440 1.039128 1.138762
0.386914 0.972720 1.152227
0.540978 0.927867 1.097236
0.552687 0.888141 1.104895
0.606538 0.842750 1.090599
0.676945 0.814964 1.083780
0.614744 0.832156 1.099788
0.590465 0.885638 1.085459
0.515148 0.896980 1.078769
0.431070 0.873888 1.083684
0.434694 0.891454 1.096241
0.304334 0.915892 1.107904
0.224445 0.999952 1.108304
0.071653 1.026001 1.086841
-0.036459 1.088568 1.064254
0.025657 1.116764 1.056061
0.142933 0.991867 1.099261
0.271867 0.992385 1.101448
0.283761 1.026164 1.132098
0.279675 1.045123 1.107724
0.317776 1.041807 1.089243
0.365059 0.965265 1.069138
0.398620 0.980662 1.083815
0.563479 0.894293 1.114717
0.636330 0.891910 1.138745
0.707850 0.951153 1.125095
0.676406 0.974227 1.156286
0.671464 1.022581 1.091675
0.622733 1.057617 1.090951
0.501079 1.082591 1.105814
0.370625 1.087858 1.100631
0.224172 1.021425 1.095415
0.217439 1.005643 1.084239
0.194103 0.901225 1.088478
0.175850 0.880803 1.091222
0.163770 0.893594 1.087817
0.070650 0.864940 1.087991
-0.004297 0.830163 1.080715
0.049823 0.856606 1.057904
0.074752 0.828298 1.069370
0.179828 0.828958 1.016504
0.260917 0.891465 1.049003
0.417355 0.921554 1.025022
0.429312 0.952694 1.068469
0.601998 1.050565 1.106268
0.671538 1.063604 1.147344
0.712169 1.063108 1.140251
0.655796 1.062483 1.124949
0.460315 1.067151 1.138517
0.385778 1.095367 1.109640
0.320128 1.048054 1.090419
0.340442 1.027443 1.106214
0.419167 1.018454 1.115417
0.408368 0.979904 1.148465
0.446684 0.936142 1.096217
0.374274 0.903120 1.099379
0.391689 0.875144 1.056539
0.333921 0.857509 1.037486
0.326429 0.857451 1.049192
0.381324 0.900556 1.043549
0.350725 0.885618 1.093314
0.414393 0.900349 1.078997
0.359525 0.900011 1.088316
0.327035 0.922771 1.130012
0.338891 0.959605 1.111862
0.307683 0.922988 1.087737
0.291431 1.005709 1.096961
0.271292 1.056697 1.089297
0.144175 1.065378 1.114870
0.176530 1.153235 1.078399
0.202981 1.160015 1.116380
0.261495 1.136607 1.112962
0.360619 1.085052 1.095625
0.523333 0.940877 1.116362
0.551614 0.913029 1.111751
0.603814 0.835415 1.147896
0.700063 0.782386 1.144949
0.726015 0.748941 1.141009
0.603475 0.771531 1.145644
0.501374 0.853449 1.095496
0.420334 0.877913 1.111778
0.413046 0.933058 1.104906
0.290435 0.948101 1.141742
0.303162 0.992914 1.156336
0.289719 1.010908 1.146107
0.224262 1.031110 1.206695
0.292056 1.036132 1.176664
0.258303 1.010482 1.192154
0.353640 1.009195 1.173686
0.353584 1.002162 1.192331
0.432110 0.967553 1.164606
0.550273 0.948509 1.141578
0.576961 0.933215 1.176488
0.622984 0.963495 1.123434
0.526481 0.920726 1.103135
0.502733 0.956015 1.076888
0.458625 0.927313 1.042100
0.279162 1.025721 1.051316
0.242828 1.129667 1.027096
0.211528 1.131469 1.075539
0.299913 1.123185 1.049935
0.314067 1.040932 1.079285
0.343292 0.950035 1.096520
0.420231 0.910001 1.099878
0.328948 0.839417 1.108180
0.416766 0.871956 1.091287
0.469901 0.817312 1.108325
0.474191 0.815217 1.117955
0.507642 0.860032 1.112575
0.405290 0.859260 1.144856
0.588538 0.882677 1.128075
0.663059 0.916851 1.153283
0.707095 0.947999 1.209510
0.723475 1.030594 1.175072
0.506073 1.038661 1.197292
0.396020 1.073744 1.148180
0.337707 1.064199 1.148312
0.264749 1.030679 1.176789
0.395940 1.050509 1.124354
0.362033 0.962032 1.121794
0.405637 0.902403 1.117595
0.440954 0.883352 1.078293
0.330587 0.856009 1.085964
0.375165 0.880271 1.034229
0.266657 0.881575 1.077419
0.324414 0.907030 1.086722
0.375181 0.908691 1.058774
0.324661 0.913863 1.099041
0.435776 0.924199 1.058014
0.371814 0.911798 1.091947
0.448962 0.919467 1.071185
0.437565 0.901887 1.093900
0.409461 0.924633 1.114181
0.470812 1.003350 1.089790
0.397598 1.014485 1.138961
0.489881 1.080481 1.126920
0.460446 1.076777 1.120324
0.474971 1.102948 1.144362
0.475117 1.093596 1.127726
0.421556 1.047103 1.149895
0.519883 1.053222 1.138448
0.469126 0.976397 1.114907
0.465114 0.910365 1.091588
0.444080 0.850631 1.086909
0.386111 0.826440 1.114805
0.459999 0.836943 1.077815
0.442259 0.827730 1.087453
0.409024 0.838318 1.057970
0.391999 0.859981 1.071162
0.352869 0.831025 1.108073
0.440264 0.849660 1.085634
0.348321 0.837394 1.135030
0.355486 0.901374 1.115566
0.236939 0.919268 1.125007
0.212595 0.931848 1.133432
0.249205 0.969587 1.133614
0.240060 0.962340 1.145847
0.333591 1.043603 1.147783
0.296400 1.026260 1.165752
0.374486 0.992612 1.158246
0.449411 0.956175 1.152733
0.487075 0.906824 1.177470
0.627705 0.923237 1.159104
0.574161 0.908142 1.186286
0.620089 0.949668 1.158904
0.574597 0.960471 1.119188
0.503871 0.992236 1.127755
0.377142 1.027680 1.107094
0.330367 1.117060 1.082250
0.281326 1.099276 1.096984
0.306197 1.038923 1.065631
0.352312 0.951876 1.042945
0.305689 0.881282 1.050385
0.435820 0.893457 1.022139
0.440146 0.811280 1.059295
0.487168 0.871891 1.066357
0.395635 0.866279 1.086498
0.415390 0.903741 1.084955
0.375200 0.920757 1.081604
0.287636 0.921331 1.114611
0.335363 0.962468 1.064632
0.256748 0.924746 1.129319
0.363789 1.000219 1.099946
0.457356 1.025579 1.169600
0.487830 0.949331 1.149567
0.567444 0.946853 1.128135
0.520609 0.905184 1.152199
0.565457 0.937583 1.131488
0.503149 0.940639 1.127448
0.425773 0.965706 1.138623
0.426832 1.006293 1.100439
0.357812 0.984634 1.095395
0.391234 1.003642 1.106039
0.382564 0.973155 1.098041
0.312983 0.915691 1.080678
0.322774 0.957984 1.065272
0.313388 0.890947 1.094565
0.354898 0.954542 1.089663
0.367152 0.954936 1.115547
0.325969 0.923262 1.130040
0.367542 0.945890 1.097772
0.324602 0.951536 1.127004
0.368716 0.965557 1.098708
0.298580 0.943534 1.097620
0.327759 0.940391 1.110596
0.393041 0.924180 1.101529
0.418328 0.916321 1.102581
0.446551 0.936829 1.115856
0.464937 0.986231 1.104067
0.451896 1.036713 1.120608
0.412416 1.027020 1.110981
0.460057 1.048603 1.100537
0.392035 1.011689 1.128025
0.416444 1.002340 1.117471
0.382498 0.932389 1.104638
0.260556 0.839639 1.102908
0.192221 0.863564 1.094976
0.218803 0.902844 1.076859
0.221849 0.903681 1.079780
0.268208 0.941448 1.081287
0.281953 0.964940 1.134433
0.371481 0.965617 1.126079
0.433868 0.878409 1.150415
0.651204 0.908167 1.149140
0.640989 0.924744 1.143790
0.729387 0.914015 1.178881
0.670212 1.019717 1.130397
0.466158 1.095219 1.130021
0.458946 1.113400 1.105395
0.340092 1.048529 1.147508
0.328888 1.085092 1.132022
0.266053 1.072669 1.139140
0.176111 0.968204 1.124862
0.240337 0.946847 1.080380
0.198705 0.865184 1.090790
0.303409 0.894258 1.063683
0.321908 0.895657 1.080679
0.360378 0.798759 1.088803
0.545758 0.799915 1.039504
0.441151 0.820066 1.078134
0.505722 0.834419 1.035908
0.431828 0.842561 1.101482
0.432307 0.876811 1.069489
0.396712 0.916026 1.086475
0.313291 0.934637 1.129775
0.300286 1.013463 1.099187
0.141773 1.034829 1.114070
0.095023 1.130625 1.088441
0.133588 1.064222 1.097351
0.225541 1.016131 1.127537
0.322796 0.999912 1.105627
0.375974 0.944995 1.135459
0.376523 0.916449 1.147065
0.417163 0.854770 1.133528
0.436869 0.838364 1.136898
0.621769 0.705252 1.119156
0.598104 0.670184 1.143585
0.603956 0.685679 1.145689
0.545920 0.774505 1.118057
0.495635 0.845593 1.093502
0.436682 0.908684 1.087506
0.407503 0.920353 1.122355
0.413899 1.036360 1.130122
0.302619 1.104491 1.165750
0.237354 1.188237 1.170647
0.171249 1.178272 1.174800
0.139972 1.106227 1.192107
0.247716 1.063539 1.179788
0.293402 0.947498 1.195530
0.435642 0.904897 1.187328
0.493561 0.848778 1.161565
0.507598 0.780351 1.140072
0.527205 0.781397 1.131404
0.666499 0.761943 1.077897
0.532737 0.828186 1.053577
0.351076 0.910244 1.057825
0.225034 0.911836 1.063920
0.242589 0.979657 1.040853
0.131462 0.915463 1.101751
0.193705 0.968718 1.070905
0.150461 1.006990 1.115548
0.134494 1.016209 1.133514
0.234529 1.057364 1.082879
0.181872 1.048833 1.145461
0.309224 1.064629 1.091974
0.303931 1.044255 1.108656
0.415199 1.019852 1.116741
0.497525 0.946250 1.099812
0.469722 0.918230 1.157657
0.561618 0.900109 1.122015
0.502345 0.845312 1.152700
0.520299 0.849795 1.126018
0.478507 0.834761 1.115757
0.442104 0.833290 1.134514
0.502453 0.837753 1.104101
0.504207 0.815846 1.133535
0.494891 0.798788 1.135404
0.483729 0.813280 1.141537
0.379471 0.875192 1.135345
0.371337 0.882833 1.067136
0.343622 0.888705 1.084262
0.288005 0.886850 1.113003
0.252957 0.912243 1.120470
0.221948 0.893894 1.146209
0.189056 0.874711 1.112904
0.118589 0.829068 1.120232
0.173184 0.872723 1.082805
0.143199 0.871741 1.107285
0.217491 0.923674 1.088892
0.269223 0.972256 1.079276
0.307551 1.073001 1.134904
0.388565 1.107512 1.127319
0.329748 1.055011 1.137630
0.405418 1.064033 1.134221
0.386236 1.037906 1.164329
0.423099 0.977318 1.146447
0.466626 0.946568 1.109117
0.423794 0.880540 1.112974
0.462653 0.869466 1.075829
0.414076 0.804937 1.044857
0.370138 0.813093 1.068898
0.402069 0.838940 1.057991
0.355323 0.830840 1.084443
0.392062 0.882276 1.060724
0.295781 0.875440 1.071158
0.320241 0.913716 1.109650
0.333644 0.896953 1.126687
0.310915 0.896413 1.135085
0.369686 0.948814 1.148628
0.292247 0.908922 1.152427
0.336323 0.927526 1.136965
0.318884 0.873247 1.130371
0.346057 0.867901 1.136446
0.380168 0.921518 1.108158
0.318565 0.956819 1.128889
0.379730 0.982471 1.096916
0.335652 0.971587 1.094799
0.313278 1.003281 1.118895
0.328317 0.974912 1.103498
0.264948 0.970856 1.119735
0.339492 0.977641 1.085191
0.288942 0.951673 1.099727
0.295948 0.965065 1.076310
0.273132 0.931940 1.057632
0.226143 0.911199 1.050713
0.226966 0.906323 1.022360
0.153181 0.859701 1.037720
0.226075 0.854682 1.020724
0.252452 0.835432 1.016896
0.280171 0.820546 1.049222
0.339615 0.840787 1.027421
0.284430 0.860086 1.052246
0.342157 0.863924 1.041001
0.330001 0.873760 1.047521
0.330864 0.943825 1.096440
0.369268 0.989942 1.091527
0.304989 0.984445 1.147468
0.364987 1.029849 1.129284
0.337334 0.999342 1.120615
0.374630 1.002629 1.123926
0.407046 0.995667 1.116209
0.408275 0.963069 1.122704
0.501645 0.963536 1.106803
0.439400 0.917519 1.115397
0.407326 0.919218 1.099623
0.385055 0.937128 1.109017
0.319505 0.909623 1.104792
0.303022 0.897159 1.087086
0.305267 0.895484 1.059140
0.318543 0.883072 1.044763
0.243451 0.883974 1.065873
0.212514 0.882395 1.065970
0.228753 0.887804 1.079099
0.257123 0.900826 1.078069
0.256892 0.902690 1.083414
0.276214 0.881784 1.072181
0.317879 0.952436 1.103796
0.360490 0.959583 1.081974
0.369468 0.930783 1.088701
0.365802 0.944800 1.115219
0.431961 0.967651 1.091505
0.404831 0.963560 1.087225
0.386773 0.977347 1.082794
0.351055 0.974867 1.089652
0.349874 0.974393 1.075056
0.335198 0.986040 1.043432
0.254633 0.936818 1.048655
0.285774 0.961378 1.058979
0.273372 0.873025 1.074355
0.344199 0.860182 1.058731
0.352404 0.864195 1.043953
0.283237 0.824512 1.058773
0.312229 0.809074 1.021386
0.327549 0.770962 1.025860
0.354469 0.721588 1.078358
0.499447 0.768626 1.070717
0.456531 0.867805 1.073324
0.477858 0.927141 1.068547
0.448723 0.959356 1.040680
0.416349 1.025730 1.063617
0.455775 1.090998 1.040577
0.267227 1.043346 1.009918
0.208237 1.062156 1.005284
0.139334 1.027963 0.998506
0.124989 0.989353 1.010736
0.185458 0.966851 0.979525
0.176254 0.875179 1.011403
0.279372 0.909352 0.985505
0.294196 0.847564 1.006023
0.431489 0.813114 0.978409
0.405445 0.780911 0.999561
0.375850 0.766764 1.028386
0.381089 0.819379 1.002154
0.237962 0.799296 0.985753
0.271720 0.849357 0.966788
0.231237 0.800064 0.995893
0.277879 0.823421 1.004820
0.297271 0.833868 0.991379
0.217794 0.854698 1.042995
0.265657 0.910756 1.025718
0.282232 0.941268 1.063601
0.355920 1.017366 1.077703
0.351064 0.999847 1.092178
0.285333 1.029015 1.128524
0.354798 0.995773 1.106726
0.349633 0.940764 1.113231
0.389503 0.891150 1.094823
0.408309 0.851085 1.095334
0.438816 0.888573 1.072282
0.426389 0.876510 1.041230
0.378681 0.865184 1.056543
0.399353 0.853670 1.018290
0.356355 0.939722 1.033527
0.245896 0.978634 1.032114
0.205805 0.941062 1.030950
0.197341 0.921416 1.033110
0.230773 0.905198 1.031507
0.280243 0.870735 1.030052
0.299193 0.833428 1.034783
0.383816 0.808381 1.011158
0.419817 0.818019 1.005099
0.434624 0.824775 1.002299
0.334492 0.839650 0.987892
0.277443 0.904034 1.020282
0.276946 0.962671 0.991062
0.253192 0.981641 1.024419
0.234347 1.019884 1.008636
0.161710 1.023852 1.050056
0.238052 1.026472 1.032823
0.214316 0.986104 1.052297
0.291083 0.944408 1.029067
0.350928 0.951139 1.021022
0.395145 0.876043 1.053824
0.490233 0.863553 1.006183
0.493671 0.843132 1.005592
0.530914 0.766647 1.042035
0.580173 0.757052 1.037912
0.520115 0.766149 1.077606
0.495725 0.842237 1.056048
0.314264 0.867027 1.032226
0.263045 0.935476 1.041843
0.207792 1.001390 1.049940
0.111560 1.031548 1.096889
0.106715 1.064687 1.065352
0.086231 1.032803 1.070390
0.160493 1.018330 1.064237
0.201759 1.013576 1.045284
0.190934 0.967386 1.074268
0.264114 0.931322 1.034825
0.349379 0.846884 1.066604
0.545468 0.761356 1.036975
0.592851 0.740738 1.054034
0.545299 0.764283 1.089063
0.552712 0.829095 1.043690
0.527220 0.854627 1.069822
0.572927 0.896378 1.043321
0.499846 0.928866 1.059487
0.372400 0.969407 1.075152
0.306153 1.015790 1.063738
0.235245 0.995294 1.124471
0.280486 0.978669 1.101234
0.218550 0.981726 1.128921
0.217778 0.941442 1.130418
0.298299 0.941727 1.107720
0.301142 0.884518 1.131011
0.446129 0.856425 1.085398
0.420242 0.812041 1.093537
0.488116 0.856463 1.091594
0.496050 0.844913 1.086876
0.478958 0.862491 1.102720
0.481162 0.873376 1.074026
0.411921 0.869721 1.111353
0.396245 0.935670 1.080797
0.273468 0.955873 1.114496
0.227206 0.989228 1.101605
0.135761 0.979741 1.071869
0.125571 0.987229 1.092735
0.201964 0.975722 1.051720
0.228387 0.907241 1.073539
0.370116 0.908927 1.028681
0.324101 0.906833 1.037659
0.404046 0.904472 1.032829
0.419044 0.905345 1.040555
0.407987 0.901681 1.065327
0.415716 0.922558 1.030424
0.327161 0.919225 1.078000
0.382538 0.958849 1.050128
0.306053 0.950004 1.062729
0.314978 0.950486 1.055298
0.319655 0.979979 1.077650
0.283443 1.004925 1.098217
0.335652 1.021098 1.055528
0.289999 0.970057 1.065841
0.362789 0.955119 1.042914
0.324958 0.872639 1.037856
0.374297 0.869045 1.035616
0.373807 0.806395 1.008661
0.354681 0.811500 1.028032
0.414426 0.794817 0.997129
0.332612 0.795238 1.028491
0.374614 0.840076 1.028901
0.317542 0.865008 1.023968
0.273941 0.821547 1.029818
0.212072 0.919507 0.983172
0.207615 0.947071 0.992454
0.130799 0.910814 1.022724
0.234484 0.995442 1.023487
0.148053 0.984842 1.091034
0.285001 1.022822 1.048055
0.305856 0.979247 1.077117
0.462408 0.986128 1.043297
0.430413 0.915076 1.064359
0.526971 0.905500 1.022291
0.464383 0.882502 1.051016
0.440945 0.871866 1.022768
0.450920 0.908646 0.999055
0.341939 0.894372 0.999824
0.400311 0.922145 0.998205
0.317947 0.932275 1.027416
0.292228 0.940702 1.032455
0.313446 0.953122 1.006112
0.242676 0.932344 1.038193
0.343343 0.946424 1.017217
0.279519 0.905437 1.036943
0.316164 0.913861 1.023259
0.315134 0.902950 1.023889
0.245157 0.861536 1.030425
0.249260 0.884425 0.993561
0.095824 0.847684 0.982891
0.097914 0.863682 0.975409
0.100599 0.837452 0.948128
0.160994 0.855008 0.989004
0.324832 0.836594 0.979079
0.324549 0.902789 1.012311
0.341276 0.985112 0.992393
0.359988 1.052651 1.031036
0.400986 1.107484 1.034196
0.350069 1.088504 1.018367
0.277144 1.027135 1.026361
0.287768 1.010836 1.002657
0.279668 0.974198 1.007855
0.318548 0.948361 0.975119
0.265071 0.851988 0.959919
0.258569 0.823563 0.952193
0.261685 0.787406 0.964881
0.183126 0.801480 1.008259
0.162741 0.848314 1.024159
0.220088 0.908805 1.009710
0.188280 0.933999 1.003012
0.199111 0.928963 1.015832
0.283369 0.919097 0.995009
0.337536 0.821581 0.953855
0.319250 0.813052 0.982611
0.364919 0.828878 0.949839
0.375836 0.847715 0.994352
0.349207 0.847318 1.021560
0.422199 0.950664 1.083054
0.401164 1.058840 1.130051
0.310479 1.069168 1.201694
0.330292 1.094948 1.154418
0.282995 1.009452 1.139459
0.271613 0.997678 1.071246
0.228713 0.967158 1.030266
0.187855 0.941748 1.035582
0.280152 0.966360 0.995610
0.226191 0.941848 1.029655
0.190171 0.926849 1.052723
0.138098 0.947164 1.041916
0.095762 0.894434 1.062473
0.242438 0.878231 1.044522
0.302536 0.815489 1.045262
0.355514 0.822549 1.055228
0.382493 0.881614 1.049856
0.394932 0.834909 1.065842
0.516958 0.850333 1.074168
0.505982 0.870526 1.086068
0.406312 0.939173 1.101291
0.421405 0.990245 1.013671
0.427174 1.013589 1.038307
0.393098 0.992071 1.064052
0.402819 1.007697 1.053738
0.351265 1.022635 1.110203
0.230998 1.053145 1.118527
0.178060 1.010566 1.031173
0.132684 0.828961 0.958118
0.329792 0.781831 0.934135
0.271116 0.823620 0.981648
0.238614 0.900288 1.034984
0.291636 0.940758 1.031187
0.259453 0.889908 1.068228
0.354014 0.850090 1.056192
0.425749 0.789713 1.087328
0.394332 0.820296 1.062660
0.252811 0.972443 1.037812
0.074410 1.048618 1.094637
0.181734 1.035764 1.074949
0.252916 0.961852 1.096773
0.347931 0.974478 1.067338
0.355963 0.999965 1.066573
0.216100 0.934705 1.030824
0.219507 0.815262 0.971658
0.210653 0.692564 0.949504
0.315956 0.676585 0.911612
0.365285 0.689892 0.901305
0.332582 0.714892 0.928962
0.329410 0.784477 0.974705
0.415398 0.782291 1.138934
0.624570 0.753653 1.142971
0.715409 0.719035 1.131033
0.664930 0.764372 1.159292
0.378136 1.008343 1.120641
0.321918 1.030719 1.127291
0.206597 0.964728 1.106046
0.200235 0.955054 1.052900
0.185690 0.937568 1.052346
0.185690 0.937568 1.052346
0.056519 0.943241 1.086805
-0.132988 1.241986 1.120355
-0.132988 1.241986 1.120355
-0.026980 1.286183 1.169205
0.051458 1.115811 1.146076
0.237821 0.950217 1.014048
0.327289 0.873066 0.938336
0.440512 0.778286 0.903548
0.565704 0.624325 0.942200
0.594019 0.438403 1.003745
0.706599 0.469237 0.985106
0.699068 0.494491 0.985295
0.590056 0.712324 0.990347
0.602562 0.757506 0.982365
0.378645 0.683839 0.915927
0.378645 0.683839 0.915927
0.201781 0.809739 0.946667
-0.033572 0.893276 0.991501
-0.057087 1.099117 1.008280
-0.110154 1.189051 1.053998
-0.007876 1.142379 1.122277
0.241236 0.987713 1.233012
0.384674 0.920303 1.185024
0.486301 0.921274 1.156267
0.547017 0.826378 1.142659
0.744787 0.739665 1.094389
0.792066 0.726618 1.085192
0.825987 0.705632 1.086033
0.825701 0.620973 1.068228
0.691952 0.797331 1.023625
0.574656 0.882824 1.062457
0.558905 0.914048 1.074742
0.588046 0.958234 1.043475
0.391209 1.012450 1.039498
0.353320 1.015449 1.047001
0.215693 1.140220 0.986526
0.143541 1.200710 0.970111
-0.060162 1.191402 0.996938
0.024955 1.226057 0.974536
0.123878 0.875882 0.987929
0.123878 0.875882 0.987929
0.192034 0.838992 0.977712
0.227176 0.852448 0.951202
0.117053 0.801449 0.971388
0.110593 0.792880 1.001689
0.286638 0.787262 0.992289
0.447686 0.680372 1.007327
0.719764 0.669517 1.015464
0.570611 0.706012 1.039311
0.579607 0.714042 1.025142
0.576163 0.769711 1.012193
0.568359 0.833809 0.998385
0.382405 0.866615 1.029323
0.350985 0.901210 1.011987
0.378324 0.981907 0.996494
0.239614 1.020842 1.058398
0.294743 0.996135 1.112134
0.294743 0.996135 1.112134
0.290367 0.982167 1.126032
0.280921 0.940446 1.170554
0.355399 0.930551 1.147415
0.316778 0.873653 1.145992
0.450896 0.859463 1.088166
0.477906 0.851917 1.080864
0.424000 0.743711 1.057673
0.476402 0.743126 1.011393
0.452500 0.713215 1.011372
0.388513 0.738475 1.045225
0.409182 0.770646 1.045486
0.520104 0.902899 1.023215
0.437890 0.939685 1.024823
0.344789 0.944006 1.064942
0.368464 1.006603 1.031935
0.316755 0.986093 1.070377
0.264425 0.943797 1.094958
0.332704 0.969587 1.073415
0.260680 0.915942 1.090616
0.320531 0.942078 1.084644
0.359772 0.854458 1.076770
0.374766 0.833248 1.093229
0.481468 0.845765 1.024551
0.430862 0.811902 1.031856
0.424756 0.851338 1.045635
0.453921 0.928128 1.052347
0.376642 0.933388 1.046577
0.415047 0.990777 1.059764
0.385627 1.011846 1.058167
0.257262 1.011569 1.059874
0.264801 1.045125 1.038773
0.229433 1.013736 1.054075
0.282481 1.007503 1.067869
0.327948 0.852061 1.090549
0.431578 0.794361 1.071030
0.469487 0.753265 1.061748
0.493322 0.654292 1.091341
0.547388 0.590354 1.055809
0.534411 0.608625 1.046240
0.520619 0.608465 1.055257
0.397066 0.617590 1.072788
0.333737 0.744055 1.027793
0.302617 0.811562 1.059704
0.296236 0.829351 1.065027
0.257991 1.015796 1.061178
0.157775 1.057471 1.115994
0.157145 1.058278 1.129960
0.141257 1.075916 1.098156
0.036671 1.050185 1.129766
0.052744 1.014910 1.121740
0.152299 0.983247 1.093919
0.194000 0.929817 1.108265
0.265462 0.892141 1.129468
0.440533 0.810224 1.076465
0.570741 0.793963 1.085376
0.702689 0.837362 1.058759
0.693546 0.817250 1.028773
0.621975 0.833604 1.073194
0.584106 0.973803 1.031984
0.477540 0.955038 1.063209
0.501555 1.026559 1.052559
0.456940 1.061470 1.045679
0.440719 1.048028 1.054273
0.396081 1.103434 1.053291
0.292263 1.089078 1.016991
0.262480 1.018781 1.018756
0.337996 0.972137 1.011164
0.286744 0.876585 1.056105
0.397801 0.853605 1.039954
0.461499 0.782528 1.018704
0.583245 0.716058 1.011053
0.495377 0.735575 0.994843
0.368519 0.752855 1.026424
0.404032 0.774967 1.004589
0.322078 0.793873 1.000002
0.210441 0.815353 1.032378
0.204175 0.841984 1.000443
0.160869 0.881477 0.982495
0.067388 0.898831 1.036715
0.047818 0.963351 1.052030
0.041089 0.980955 1.042198
-0.028009 0.940204 1.031230
0.124226 0.925205 1.013776
0.216654 0.915528 1.022407
0.315656 0.867758 1.068860
0.454436 0.920709 1.050194
0.479953 0.907296 1.083942
0.591105 0.852609 1.067728
0.698892 0.809391 1.020731
0.633700 0.764116 1.020844
0.630106 0.825333 1.002628
0.518449 0.838402 1.020442
0.459581 0.860612 1.023657
0.449639 0.872601 0.973320
0.356446 0.867971 0.999131
0.329519 0.935152 0.981439
0.265729 1.002057 0.981651
0.148503 1.019786 1.030287
0.122090 1.044536 1.018408
0.177240 1.087210 1.037041
0.200204 0.991338 1.071959
0.270703 0.958721 1.056611
0.372857 0.906078 1.006302
0.386010 0.841446 1.048485
0.534697 0.804775 1.007757
0.616937 0.800711 1.020497
0.628120 0.717873 1.044550
0.672114 0.745036 0.994687
0.670443 0.746533 0.967456
0.581486 0.757408 0.988369
0.522509 0.858639 0.981838
0.504285 0.902087 0.954321
0.346868 0.919603 0.990957
0.299953 0.981871 1.014399
0.334623 1.044964 1.002800
0.256698 1.031568 1.031661
0.252813 1.037403 1.070850
0.329512 1.051857 1.031830
0.303544 1.021098 1.032239
0.235668 1.010908 1.067788
0.319009 0.990913 1.020311
0.283791 0.938611 1.026701
0.271962 0.861907 1.013800
0.387308 0.811933 1.003009
0.300796 0.768854 1.024194
0.367587 0.704394 0.989732
0.352703 0.656957 1.005391
0.380094 0.688088 0.977244
0.414538 0.766472 0.981668
0.340452 0.831198 1.026695
0.423668 0.916344 1.021615
0.428299 0.970488 1.004677
0.367805 0.963002 1.043290
0.421792 0.998626 1.039540
0.423175 0.973672 1.026262
0.331577 0.906067 1.072776
0.384305 0.925675 1.041439
0.327617 0.911154 1.051961
0.296381 0.845086 1.052057
0.354822 0.803371 0.995289
0.328056 0.738520 1.010677
0.476580 0.798418 0.974400
0.420514 0.863084 1.031401
0.451883 1.016869 1.068784
0.392478 1.026837 1.066071
0.347363 1.027726 1.061485
0.342423 1.044217 1.037849
0.242669 1.001021 1.086169
0.342148 1.031019 1.043165
0.279583 0.950724 1.027482
0.369617 0.935516 1.001583
0.374731 0.908513 1.018228
0.419325 0.893528 1.065788
0.461229 0.795854 1.053508
0.442958 0.766644 1.021502
0.471549 0.855542 1.012850
0.263290 0.964912 1.046084
0.271779 0.999334 1.015429
0.183859 0.892261 1.046137
0.257386 0.921115 1.047253
0.165257 0.867543 1.083139
0.248623 0.889062 1.055383
0.347697 0.869211 1.055838
0.396855 0.798049 1.064415
0.554726 0.780049 1.022722
0.530589 0.719956 1.085086
0.605761 0.772074 1.072504
0.523309 0.786822 1.066245
0.497270 0.868143 1.078477
0.492649 1.016103 1.026978
0.319764 1.037606 1.073278
0.267696 1.135758 1.042478
0.135174 1.125687 1.061340
0.051859 1.138889 1.061426
0.051859 1.138889 1.061426
0.081401 1.125653 1.044471
0.087376 1.063733 1.041462
0.305586 0.908794 1.006024
0.305586 0.908794 1.006024
0.322320 0.764586 0.977857
0.311940 0.750089 0.993486
0.498374 0.673098 0.964555
0.620525 0.580088 1.010543
0.722723 0.669640 1.014693
0.615414 0.721795 1.023035
0.505446 0.785700 0.990613
0.461138 0.852101 0.975713
0.363725 0.901069 1.076114
0.312902 1.032634 1.125711
0.116263 1.068312 1.188472
0.113039 1.057174 1.193288
0.078612 1.092315 1.158398
0.051340 1.007281 1.153888
0.183588 1.013481 1.112056
0.207893 0.904441 1.116535
0.289540 0.864976 1.091187
0.467086 0.839314 1.072179
0.515995 0.815807 1.061090
0.669205 0.819587 1.032242
0.624594 0.779017 1.063469
0.680272 0.811597 1.059715
0.637320 0.856524 1.083360
0.596352 0.833054 1.086159
0.516966 0.969840 1.087008
0.267746 1.004286 1.125915
0.266982 1.075943 1.088963
0.148495 1.044236 1.122828
0.102815 1.036042 1.127239
0.072431 1.055510 1.083997
0.030313 0.938973 1.073839
0.167722 0.860862 1.012037
0.171213 0.733928 1.006339
0.300809 0.746416 0.963547
0.320784 0.745658 0.987237
0.363787 0.721662 0.989116
0.408346 0.763106 0.973640
0.328541 0.809246 1.026360
0.375313 0.913789 1.014910
0.253656 0.995551 1.041042
0.168297 1.076821 1.060883
0.155686 1.074302 1.026936
0.056956 0.990385 1.003885
0.251085 0.968243 0.943208
0.380294 0.917985 0.943710
0.529242 0.938517 0.946567
0.559159 0.921684 0.959967
0.502743 0.910528 0.983607
0.621648 0.941191 0.987729
0.659484 0.864693 0.995706
0.694417 0.853242 1.006760
0.706221 0.867491 0.982495
0.605446 0.847716 1.006776
0.580539 0.870795 1.000895
0.435794 0.869545 1.037172
0.153272 0.905258 1.117235
0.035736 1.002406 1.054680
-0.123321 1.007713 1.045622
-0.080347 0.970640 0.969013
0.072550 0.841950 0.879639
0.120736 0.789008 0.957148
0.348419 0.891570 0.938735
0.298214 0.874854 0.985218
0.437651 0.913684 0.963389
0.562386 0.949586 0.966233
0.639259 0.897546 1.042220
0.801122 0.982307 1.051805
0.588373 0.986281 1.092120
0.452900 1.020317 1.068317
0.436904 1.020134 1.014983
0.337212 0.963635 1.037661
0.390038 0.977588 1.020798
0.301499 0.950579 1.024503
0.214317 0.941804 1.040293
0.220274 0.864983 0.988374
0.111116 0.696682 1.038914
0.243468 0.672977 1.003264
0.220994 0.629984 1.007903
0.288066 0.605017 1.013257
0.486126 0.633991 0.971469
0.496739 0.631727 1.018490
0.683331 0.819128 1.032545
0.614467 0.898248 1.078459
0.600168 1.029546 1.117244
0.616940 1.196018 1.081824
0.428455 1.407837 1.122627
0.410894 1.580782 1.084478
0.297084 1.612514 1.090296
0.303110 1.502555 1.078597
0.474825 1.257051 1.046191
0.474068 1.081961 1.064550
0.592639 1.047509 1.019597
0.486313 0.834303 0.978360
0.510492 0.691469 0.928903
0.547498 0.625542 0.905968
0.355876 0.565876 0.948159
0.222954 0.496745 0.866528
0.024150 0.400392 0.922376
0.045203 0.359974 0.919226
0.093177 0.377212 0.911409
0.030236 0.277198 0.963913
0.147655 0.410189 1.016989
0.131484 0.475577 1.099626
0.154779 0.557048 1.201444
0.217293 0.749008 1.219572
0.148861 0.812819 1.295699
0.359212 0.962945 1.236595
0.404625 1.034139 1.270590
0.450208 1.122914 1.298308
0.645906 1.215368 1.199553
0.676787 1.149311 1.194387
0.682167 1.085653 1.174446
0.726991 1.168953 1.133485
0.693416 1.237171 1.078016
0.794420 1.326601 1.015059
0.808539 1.356829 1.050358
0.683976 1.382211 1.069549
0.657458 1.447381 1.016678
0.521282 1.345189 1.045947
0.580314 1.302557 1.029640
0.616815 1.287178 1.014504
0.616815 1.287178 1.014504
0.575620 1.100724 0.971029
0.575620 1.100724 0.971029
0.596264 0.810191 0.920362
0.357423 0.722157 0.984270
0.345386 0.673297 0.940491
0.286512 0.690950 0.942054
0.207177 0.667330 0.969912
0.120207 0.690043 0.999133
0.075267 0.747051 1.010947
0.112874 0.821515 1.042284
0.192412 0.814251 1.036704
0.186928 0.779574 1.117886
0.263368 0.772665 1.114327
0.241369 0.773798 1.140199
0.274384 0.785143 1.181055
0.429216 0.830661 1.154134
0.576715 0.781316 1.214334
0.715392 0.791415 1.223368
0.828368 0.786736 1.208177
0.756769 0.827336 1.224903
0.752075 0.835519 1.214919
0.709324 0.957445 1.165758
0.519627 1.053821 1.161147
0.482482 1.065161 1.078991
0.397397 1.015862 1.084187
0.362933 1.016689 1.078906
0.353037 1.050691 1.073251
0.157270 1.039943 1.103950
0.168508 1.073174 1.078109
0.159864 1.073088 1.057956
0.185998 1.038510 1.061813
0.306268 1.023860 1.055682
0.348403 0.958941 1.068655
0.352444 0.934291 1.054744
0.487380 0.935848 1.046851
0.498056 0.889602 1.090762
0.656283 0.845345 1.068205
0.737472 0.773044 1.066335
0.711725 0.817558 1.072106
0.737475 0.907278 1.043408
0.730737 0.905719 1.040357
0.649434 1.073385 1.086610
0.561889 1.096486 1.076509
0.339923 1.084095 1.106686
0.161787 1.123823 1.083097
0.080535 1.104543 1.091414
0.117370 1.081604 1.076915
0.069180 1.006313 1.071728
0.056471 0.903135 1.081457
0.115702 0.868752 1.063574
0.102241 0.799028 1.050450
0.125903 0.740635 1.058960
0.181956 0.731367 1.074504
0.291309 0.707102 1.043097
0.297195 0.683391 1.066057
0.285240 0.672125 1.051981
0.372700 0.675596 1.029884
0.370207 0.684954 1.066150
0.485682 0.778121 1.060182
0.484761 0.808342 1.038889
0.427492 0.875201 1.083073
0.441106 0.912893 1.082048
0.445950 1.049033 1.094845
0.445950 1.049033 1.094845
0.491147 1.148875 1.106332
0.401956 1.148178 1.159899
0.399325 1.173539 1.165949
0.441820 1.213791 1.156550
0.345194 1.185141 1.158632
0.391711 1.165521 1.101552
0.391942 1.150891 1.113098
0.220686 1.032230 1.077102
0.280833 1.041880 1.028056
0.276943 0.969737 1.008895
0.307719 0.905736 0.994209
0.443475 0.868987 0.939715
0.434127 0.842643 0.918530
0.361608 0.728125 0.949894
0.400521 0.702811 0.925856
0.368424 0.676005 0.921488
0.315980 0.711366 0.960829
0.333655 0.726823 0.991461
0.287618 0.721753 1.039643
0.290234 0.730925 1.025154
0.304885 0.820891 1.040836
0.260574 0.868040 1.082765
0.263605 0.906553 1.086186
0.309148 1.025292 1.074185
0.168488 1.058889 1.105341
0.256889 1.131096 1.071741
0.266432 1.116509 1.069620
0.278960 1.060296 1.072993
0.451362 1.115009 1.025339
0.443840 1.130866 1.018837
0.490197 1.084313 1.047329
0.659207 1.036496 1.012363
0.599449 0.949960 1.026304
0.720672 0.921627 1.013997
0.760186 0.845770 0.995626
0.768006 0.862165 1.017955
0.620230 0.877453 0.976918
0.539447 0.889087 0.953108
0.523570 0.875037 0.936486
0.486077 0.872177 0.947623
0.352531 0.854029 0.937012
0.359609 0.843983 0.887910
0.125164 0.787509 0.960861
0.071374 0.819265 0.950329
0.038911 0.846090 0.950670
0.010173 0.832790 0.949951
-0.118306 0.797751 0.964870
-0.132885 0.828722 0.950210
-0.025031 0.697228 0.940929
0.075987 0.729910 0.945595
0.102451 0.771695 0.954947
0.210348 0.916366 0.970078
0.297622 0.941993 0.989637
0.450750 0.943277 0.984586
0.543732 0.981789 0.972375
0.528955 0.990457 1.018644
0.531661 1.070735 0.983960
0.461104 1.109712 1.017859
0.411347 1.120222 1.010377
0.388057 1.166726 0.981538
0.302059 1.142941 0.983994
0.343079 1.149986 0.973389
0.289863 1.108742 0.998202
0.357131 1.095016 0.969086
0.396536 1.067372 0.976608
0.405921 1.017208 0.972039
0.452961 0.987183 0.956328
0.418825 0.892687 0.950834
0.485179 0.812614 0.909243
0.477566 0.736947 0.909577
0.457172 0.716635 0.952032
0.473169 0.794986 0.981471
0.381052 0.807899 1.012800
0.342091 0.914393 1.000351
0.245006 0.948996 1.034541
0.147298 0.991473 1.049487
0.142785 1.019124 1.022957
0.064821 1.023044 1.043836
0.055609 1.036544 1.000409
0.050092 1.033216 0.971562
0.010387 0.975339 0.973007
0.095177 0.955526 0.928328
0.162738 0.902955 0.919937
0.185916 0.824570 0.942591
0.238071 0.818977 0.921903
0.300105 0.823027 0.886956
0.285752 0.802920 0.900118
0.336527 0.833122 0.890640
0.361853 0.834892 0.905127
0.355416 0.810542 0.925713
0.366793 0.859002 0.928509
0.316594 0.854703 0.960311
0.343715 0.842110 0.957147
0.372400 0.894636 0.979982
0.329578 0.870238 1.029985
0.316460 0.881820 1.038069
0.356471 0.910182 0.997791
0.297771 0.867107 1.011205
0.297771 0.867107 1.011205
0.343015 0.918080 1.005720
0.306634 0.887327 1.023297
0.317106 0.901715 1.025302
0.388452 0.961971 0.964896
0.388452 0.961971 0.964896
0.393689 0.934310 0.970565
0.343196 0.924314 0.964642
0.405327 0.955095 0.920960
0.410341 0.974510 0.939458
0.387434 0.988594 0.969553
0.458144 1.026251 0.960905
0.421930 1.049928 0.982473
0.333264 0.969867 0.880187
0.189079 0.875955 0.842570
0.180999 0.850895 0.828221
0.168724 0.809919 0.835452
0.142518 0.796484 0.878090
0.203156 0.777214 0.865191
0.163949 0.681482 0.849497
0.146732 0.619828 0.853583
0.144243 0.639888 0.841005
0.177732 0.657521 0.865150
0.141676 0.709449 0.877908
0.159421 0.715355 0.876084
0.083873 0.706775 0.892971
0.103225 0.749936 0.868962
0.087388 0.769463 0.882999
0.126341 0.808128 0.880505
0.205970 0.860760 0.865415
0.213418 0.903451 0.914619
0.240494 0.920313 0.923360
0.335026 0.955277 0.923393
0.342231 0.986319 0.957338
0.346004 0.974311 0.966785
0.333204 0.979479 0.995243
0.287243 0.999147 0.976416
0.383284 0.999420 0.977052
0.468904 1.019655 1.041955
0.505201 0.990418 1.039311
0.540120 0.991545 1.017432
0.468584 0.979949 1.050983
0.472468 1.016033 1.015524
0.396134 0.934506 0.936946
0.325965 0.882284 0.887215
0.250127 0.867038 0.831049
0.092684 0.836692 0.867768
0.043798 0.928546 0.873682
-0.031599 0.941314 0.917101
0.025106 0.967379 0.932177
0.080695 0.871729 0.924551
0.159413 0.767865 0.966964
0.243125 0.734887 0.947583
0.194217 0.698368 0.981259
0.227292 0.809246 0.977259
0.219407 0.876467 0.997196
0.197786 0.970643 1.019976
0.249067 0.986288 0.997794
0.193030 0.956182 1.065175
0.266426 0.937293 0.994167
0.234457 0.854419 0.943986
0.232192 0.804633 0.914596
0.233499 0.773402 0.847875
0.157442 0.759647 0.847290
0.224529 0.830813 0.832414
0.189265 0.840717 0.865655
0.248221 0.892905 0.876140
0.240991 0.896952 0.893288
0.238583 0.868086 0.909016
0.367736 0.895004 0.921308
0.315453 0.874242 0.982737
0.362962 0.902969 0.995781
0.314257 0.910234 1.031034
0.265756 0.898956 0.998209
0.248126 0.876628 0.948450
0.180004 0.858286 0.981050
0.211198 0.895718 0.937423
0.163960 0.906662 0.962313
0.188319 0.982681 0.962693
0.215487 1.009934 0.971262
0.194574 1.019037 0.989383
0.256993 1.100749 0.980923
0.210414 1.039132 0.954948
0.208604 0.974273 0.861399
0.167186 0.837269 0.811725
0.152943 0.785906 0.816079
0.278866 0.854723 0.833186
0.310780 0.860624 0.901023
0.438328 0.882502 0.925975
0.415635 0.837795 0.960929
0.399996 0.806063 1.024583
0.448066 0.796558 1.014159
0.376299 0.756430 1.067905
0.382392 0.735648 1.083361
0.207467 0.653196 1.065838
0.182844 0.636462 1.029816
0.170096 0.638791 1.001793
0.137992 0.620719 0.991352
0.224816 0.629741 0.923648
0.217030 0.681771 0.933955
0.316281 0.797113 0.931406
0.324225 0.926872 0.986763
0.300122 1.067589 1.055334
0.405355 1.128585 1.027849
0.403426 1.089102 1.040704
0.455926 1.056646 0.983348
0.430021 0.999138 0.934630
0.394118 0.932286 0.846935
0.428912 0.917127 0.821396
0.392539 0.912821 0.824436
0.457144 0.938524 0.810222
0.394887 0.903470 0.809707
0.353228 0.917041 0.820542
0.272768 0.937476 0.818419
0.161218 0.893212 0.867610
0.201366 0.881531 0.855162
0.113255 0.775913 0.882870
0.187542 0.672711 0.901357
0.266101 0.565313 0.901959
0.298601 0.490810 0.938580
0.369852 0.562645 0.943311
0.319131 0.587891 0.965888
0.323193 0.688684 0.946297
0.366028 0.743620 0.950897
0.371344 0.763682 0.972944
0.427939 0.823644 0.943654
0.377622 0.844771 0.979594
0.411183 0.892851 0.981088
0.378558 0.865542 0.954618
0.324262 0.856229 0.931226
0.309653 0.902664 0.841749
0.167124 0.906683 0.838365
0.167906 0.851854 0.775559
0.149464 0.768676 0.762627
0.165031 0.755812 0.794846
0.307775 0.847349 0.840175
0.314878 0.867196 0.960577
0.433921 0.863280 0.920985
0.424317 0.841425 0.940223
0.395111 0.772320 0.930444
0.418981 0.786787 0.942869
0.319041 0.736500 0.964738
0.292202 0.764289 0.910457
0.121971 0.727447 0.902674
0.063390 0.710047 0.861988
0.044556 0.721637 0.858582
0.047832 0.759568 0.898352
0.154019 0.856774 0.885808
0.171306 0.848672 0.920280
0.274704 0.830374 0.856017
0.334617 0.829746 0.876999
0.404945 0.799548 0.883156
0.479466 0.836957 0.847779
0.457955 0.843323 0.882644
0.515525 0.887593 0.868614
0.499352 0.917518 0.910765
0.524069 0.961698 0.965549
0.563846 0.999255 1.029203
0.493241 0.988507 1.075131
0.528636 0.985314 1.067229
0.404595 0.934679 1.088842
0.355155 0.968975 1.070042
0.311915 0.929485 1.032630
0.267593 0.885442 1.024404
0.197146 0.842024 1.010138
0.212922 0.823038 0.987710
0.253004 0.775308 0.944735
0.198025 0.729396 0.929201
0.210707 0.655310 0.890668
0.240052 0.599677 0.848579
0.237481 0.553981 0.873032
0.216421 0.592140 0.923428
0.311644 0.731164 0.983697
0.287513 0.769620 0.994630
0.343399 0.807207 0.982571
0.240009 0.824913 1.016228
0.228428 0.842249 0.964897
0.195115 0.843709 0.974801
0.147425 0.819008 0.982040
0.208036 0.856768 0.961980
0.194899 0.838589 0.953157
0.228635 0.883501 0.957246
0.298947 0.928279 0.973662
0.282826 0.966358 0.958816
0.279972 0.898632 0.924314
0.248365 0.900265 0.942572
0.265990 0.863578 0.895095
0.287406 0.823965 0.846956
0.287562 0.737407 0.851775
0.346764 0.746001 0.839507
0.386606 0.730411 0.862024
0.389177 0.700076 0.888055
0.434509 0.755530 0.889335
0.509166 0.781392 0.901924
0.479598 0.777985 0.937538
0.505482 0.807849 0.927036
0.501199 0.827699 0.925254
0.299002 0.824326 0.947396
0.310541 0.849884 0.921148
0.284654 0.842040 0.924763
0.236461 0.807631 0.916650
0.233568 0.768939 0.928708
0.267492 0.803215 0.909971
0.277088 0.795801 0.913913
0.277088 0.795801 0.913913
0.253000 0.778590 0.929945
0.292419 0.788560 0.930643
0.292419 0.788560 0.930643
0.292419 0.788560 0.930643
0.279292 0.783333 0.909758
0.236126 0.873470 0.992212
0.282435 0.965429 1.070703
0.308737 0.962335 1.077310
0.330430 0.950524 1.056906
0.321782 0.945545 1.059732
0.278130 0.888019 1.031343
0.248650 0.839295 0.981441
0.207623 0.848383 1.000782
0.259047 0.840292 0.948006
0.225648 0.799089 0.941337
0.240813 0.795876 0.931888
0.214684 0.775479 0.943649
0.243275 0.786749 0.918903
0.253629 0.774427 0.907404
0.171157 0.733217 0.918913
0.189341 0.740990 0.865177
0.132625 0.707723 0.902702
0.217579 0.744918 0.904605
0.153777 0.737880 0.949191
0.162135 0.765286 0.909743
0.169933 0.786428 0.904816
0.132486 0.785916 0.910387
0.110495 0.759083 0.884487
0.195102 0.792249 0.883497
0.200371 0.798933 0.945902
0.325271 0.846409 0.971234
0.399496 0.909804 1.021490
0.397687 0.895886 1.057821
0.512240 0.981962 1.074688
0.518112 0.979037 1.059301
0.562794 1.031563 1.139116
0.579765 1.066543 1.135493
0.502480 1.047181 1.124240
0.411672 0.999868 1.097312
0.327446 0.979098 1.031949
0.249091 0.932224 1.036927
0.215791 0.911002 1.023931
0.226938 0.922638 0.982108
0.208575 0.916445 0.994776
0.145181 0.903541 1.013826
0.185288 0.947361 1.029051
0.198632 0.967067 1.022113
0.282204 0.964150 1.063730
0.314113 0.991994 1.061753
0.400115 0.967446 1.055782
0.430775 0.924175 1.016143
0.440193 0.863602 1.009705
0.511045 0.874733 0.989070
0.474472 0.861564 0.998869
0.453160 0.852441 1.009658
0.461297 0.822327 0.994993
0.477251 0.864513 0.988331
0.502944 0.891706 0.984783
0.449539 0.909999 1.020651
0.492088 0.981609 1.051076
0.424487 0.987589 1.092853
0.362490 1.004783 1.117904
0.279841 1.018551 1.088037
0.155840 0.932218 1.077859
0.167930 0.950069 1.078303
0.127675 0.891353 1.123071
0.192426 0.865595 1.082476
0.191311 0.856674 1.072899
0.257615 0.913727 1.102914
0.275737 0.940568 1.106535
0.255602 0.968213 1.104817
0.282912 1.032008 1.110614
0.388490 1.095423 1.103010
0.450539 1.158985 1.104791
0.460939 1.170045 1.107906
0.463221 1.202510 1.114001
0.506347 1.336559 1.115315
0.462012 1.399513 1.106478
0.394678 1.460544 1.149165
0.307580 1.538028 1.114835
0.179604 1.414323 1.046003
0.213101 1.405377 1.022323
0.129567 1.389380 0.957112
0.023105 1.335411 0.956696
0.143886 1.303958 0.908031
0.046309 1.267760 0.993298
0.049266 1.299317 1.003181
0.178890 1.384265 1.072234
0.175411 1.405046 1.194110
0.293319 1.446821 1.216158
0.290413 1.402334 1.305009
0.441756 1.402547 1.335276
0.646356 1.434739 1.346283
0.598028 1.403005 1.431558
0.675563 1.402944 1.403272
0.636587 1.409359 1.388798
0.418160 1.298741 1.350791
0.268109 1.239463 1.325135
0.249084 1.310204 1.263683
0.058142 1.333378 1.330902
0.115416 1.368648 1.197299
0.011877 1.346875 1.234941
-0.082432 1.344392 1.190131
-0.063147 1.418536 1.166639
-0.222751 1.412627 1.224220
-0.223117 1.450737 1.203149
-0.319850 1.400173 1.179296
-0.368273 1.292686 1.142867
-0.237945 1.167227 1.094862
-0.210263 1.048090 1.143824
-0.060358 0.987656 1.096262
0.130999 1.033511 1.046008
0.185299 1.063554 1.044308
0.477039 1.157599 0.976796
0.447719 1.086224 1.029731
0.492851 1.126089 1.040056
0.460724 1.126553 0.999706
0.350344 1.131069 1.037587
0.408994 1.198335 1.016010
0.244200 1.220640 1.051971
0.175944 1.232911 1.022031
0.149322 1.209545 0.959226
0.066025 1.121032 0.967143
0.188204 1.116556 0.928572
0.140455 1.146732 0.945195
0.109308 1.176879 0.969487
0.229976 1.160093 0.993843
0.203560 1.083263 1.063953
0.452964 1.000562 1.027869
0.458315 0.825609 1.094676
0.488008 0.809729 1.092151
0.598854 0.802041 1.044374
0.539781 0.733461 1.039725
0.553106 0.717122 1.064496
0.528100 0.783230 1.087282
0.365079 0.893570 1.142823
0.376112 1.085159 1.094698
0.219695 1.196149 1.174467
0.058734 1.273480 1.178478
0.076819 1.269676 1.060413
-0.201226 1.241969 1.098265
-0.193409 1.278241 1.055454
-0.311460 1.178579 1.031533
-0.320493 1.110247 1.022128
-0.170117 1.084123 0.966506
-0.067522 0.993037 1.037740
0.227325 0.964646 1.051565
0.336972 0.842104 1.060443
0.475659 0.685594 1.079744
0.623557 0.537295 1.069721
0.611205 0.433936 1.117498
0.683516 0.518847 1.104163
0.512266 0.583284 1.110937
0.525980 0.643527 1.098008
0.403941 0.677652 1.073312
0.328088 0.770765 1.090580
0.236809 0.836361 1.142831
0.088360 0.921516 1.167434
0.053005 1.002174 1.161906
-0.054085 1.043673 1.196545
-0.005762 1.107851 1.146203
-0.006628 1.134642 1.154863
0.041448 1.115936 1.194946
0.251980 1.122718 1.187125
0.403348 1.033318 1.222810
0.633518 0.925198 1.193873
0.831224 0.781931 1.171865
0.906993 0.732365 1.190441
0.890136 0.722658 1.090208
0.785549 0.819290 1.087926
0.710825 0.923213 1.072884
0.558265 0.995808 1.105838
0.452067 1.079424 1.141466
0.228847 1.117597 1.168514
0.230471 1.162002 1.196317
0.250291 1.178366 1.177046
0.088698 1.187827 1.180608
0.030151 1.169543 1.134125
-0.052806 1.149670 1.140952
0.084330 1.138205 1.109898
0.291888 1.059865 1.110993
0.512409 0.934520 1.139344
0.750659 0.920076 1.104490
0.817514 0.952650 1.121734
0.954176 0.943113 1.136501
0.984630 0.810158 1.094684
0.919853 0.759627 1.086579
0.916823 0.756455 1.080461
0.599300 0.851829 1.080152
0.435302 0.967399 1.086420
0.288612 0.955089 1.101310
0.279025 0.955730 1.117061
0.281898 0.951949 1.112225
0.169588 0.979406 1.171797
0.011244 1.064661 1.186789
-0.072303 1.050512 1.154675
-0.068451 0.869940 1.135822
0.110292 0.801907 1.102898
0.090598 0.815509 1.135604
0.161840 0.759546 1.098753
0.250446 0.723124 1.070356
0.401409 0.623088 1.073250
0.651546 0.645052 1.052009
0.712148 0.825263 1.101520
0.777254 0.894263 1.088243
0.658227 0.974059 1.066082
0.527495 1.152976 1.072627
0.523881 1.172313 1.067501
0.380352 1.173042 1.127232
0.395538 1.218883 1.119072
0.246086 1.179211 1.163710
0.254357 1.179443 1.154068
0.227580 1.156778 1.117387
0.152396 1.059177 1.134929
0.269789 1.053152 1.072209
0.222837 1.012034 1.063579
0.396332 0.968604 1.029558
0.436779 0.940716 1.024438
0.404669 0.905074 1.028868
0.471184 0.934883 0.989821
0.455378 0.742972 0.991358
0.523107 0.705298 0.976771
0.525919 0.649611 0.961291
0.332020 0.697442 1.020936
0.265426 0.773238 0.954159
0.146682 0.781482 1.017659
0.218323 0.827845 1.020248
0.267778 0.901786 1.081373
0.240775 0.920138 1.144817
0.320732 0.992031 1.130359
0.200966 1.025607 1.153328
0.199827 1.086231 1.129484
0.189440 1.116003 1.161237
0.242287 1.183335 1.184269
0.336378 1.207984 1.153662
0.288400 1.162571 1.163231
0.362783 1.191595 1.133772
0.330947 1.089287 1.113085
0.382939 1.082395 1.101917
0.416495 1.015250 1.069076
0.431030 1.016230 1.079881
0.563957 1.001380 1.000847
0.544779 0.983175 1.038129
0.618958 0.962880 1.034527
0.592881 0.886040 1.019760
0.434842 0.850389 1.043289
0.372022 0.844069 1.017382
0.275388 0.792159 1.059082
0.314012 0.820792 1.034588
0.297588 0.840244 1.049487
0.286721 0.850796 1.060207
0.294681 0.889423 1.025920
0.291197 0.877113 1.040360
0.294073 0.885901 1.058124
0.285688 0.896843 1.072184
0.308694 0.952259 1.099980
0.382846 1.015473 1.138709
0.426741 0.988188 1.165018
0.504388 0.998129 1.135578
0.437437 0.978897 1.149787
0.479454 0.952045 1.110665
0.448747 0.946616 1.128051
0.383327 0.971849 1.125493
0.376902 1.014945 1.072437
0.275780 1.043331 1.101197
0.307950 1.078724 1.080303
0.165338 1.051204 1.076461
0.149710 1.093989 1.076171
0.129769 1.056244 1.066070
0.124350 0.954760 1.081114
0.167103 0.918554 1.053715
0.130350 0.823899 1.064153
0.145603 0.751820 1.059117
0.290210 0.827111 1.061067
0.352037 0.871895 1.063407
0.507356 0.919503 1.048616
0.550032 0.911930 1.078976
0.526050 0.922009 1.086369
0.436516 0.954872 1.063279
0.334483 0.910883 1.089781
0.336897 0.949173 1.108773
0.292915 0.973863 1.109452
0.352680 1.035144 1.078142
0.277577 1.038380 1.131977
0.282231 1.030988 1.113906
0.355353 1.035920 1.044830
0.228744 1.063780 1.110410
0.274173 1.070001 1.067542
0.240171 0.984268 1.104058
0.333275 0.973995 1.039371
0.274795 0.947702 1.037507
0.295255 0.932438 1.018359
0.315366 0.967904 1.024678
0.286130 0.860072 1.035675
0.369604 0.840001 0.995207
0.304802 0.815876 1.030441
0.350372 0.856108 1.019627
0.328960 0.864619 1.022133
0.272579 0.931194 1.046406
0.278664 1.046411 1.012208
0.116065 1.050496 1.053133
0.162226 1.088799 1.034499
0.243298 1.049306 1.032953
0.231465 1.034928 1.057963
0.323812 1.078900 1.034507
0.271522 1.007008 1.047593
0.325865 0.995358 1.020341
0.343617 0.999588 1.004090
0.268032 0.959762 1.027612
0.397131 0.940591 0.968697
0.334232 0.868577 1.014924
0.390386 0.836897 1.013543
0.391918 0.854659 0.977597
0.262796 0.803186 1.014685
0.316561 0.859132 0.994957
0.236826 0.847798 0.981452
0.196631 0.884453 1.029095
0.235512 0.897809 0.957678
0.117774 0.915434 1.012898
0.215674 1.029909 1.017784
0.251126 1.056474 1.016600
0.206662 1.020228 1.067435
0.313337 1.047556 1.020555
0.240418 1.003324 1.068974
0.305797 1.028208 1.032369
0.349081 0.950933 1.017639
0.316595 0.937680 1.063640
0.458909 0.986790 0.990604
0.392506 0.994127 1.032796
0.444837 1.026048 0.998946
0.441378 1.035816 0.953727
0.303066 1.001619 0.993295
0.352710 1.052466 0.989734
0.300062 0.994287 1.000261
0.348303 0.986163 0.946994
0.282441 0.959250 0.972188
0.299880 0.967878 0.968760
0.211916 0.905925 1.030339
0.304769 0.876014 1.009860
0.219821 0.819850 1.022168
0.254688 0.811924 1.033099
0.291947 0.822335 1.008811
0.245239 0.807861 1.039334
0.314080 0.861113 1.021117
0.253923 0.837508 1.017567
0.281207 0.893912 1.073458
0.337156 0.937670 1.035962
0.278665 0.976555 1.095494
0.317104 1.019856 1.107350
0.350623 1.060839 1.094076
0.275088 1.045202 1.121489
0.309546 1.043207 1.101978
0.323826 1.044680 1.095689
0.243767 1.022049 1.103298
0.327220 1.030905 1.047112
0.353439 1.057846 1.039156
0.318780 1.027896 1.038161
0.336931 1.009521 1.038666
0.430342 1.065736 1.001428
0.385183 1.037843 1.035425
0.407564 1.072568 1.025125
0.459793 1.061492 0.984603
0.360304 1.009864 1.028674
0.454479 1.016754 0.962688
0.352288 0.948621 1.036177
0.359006 0.947249 0.991377
0.416602 0.943899 0.975013
0.330268 0.885992 1.043270
0.420017 0.930379 0.976515
0.368544 0.927908 1.034613
0.307281 0.926438 1.074238
0.382514 1.008057 1.027949
0.260472 0.968545 1.090945
0.344256 0.962915 1.018054
0.335641 0.956583 1.036907
0.291651 0.930960 1.067505
0.389825 0.987595 1.015559
0.283440 0.926105 1.064428
0.361241 0.971185 1.020345
0.363142 0.973969 1.029420
0.308371 0.963008 1.080454
0.416739 1.014064 1.028835
0.311489 1.002722 1.112484
0.344370 1.006535 1.103671
0.384079 1.026075 1.065120
0.305869 0.957549 1.095089
0.404866 0.996395 1.054431
0.338910 0.938319 1.065993
0.294156 0.871235 1.086312
0.382523 0.895385 1.033655
0.280322 0.892761 1.074050
0.365292 0.924406 1.045957
0.364404 0.932198 1.063422
0.376913 0.927995 1.062561
0.440180 0.956203 1.043425
0.327819 0.945273 1.101776
0.400598 0.996168 1.057366
0.306275 0.953615 1.098230
0.326339 0.967725 1.113112
0.365871 0.956116 1.080706
0.318132 0.914326 1.130682
0.385381 0.969190 1.099394
0.297737 0.936425 1.135985
0.336338 0.965667 1.100754
0.328370 0.959234 1.116961
0.286359 0.957797 1.140893
0.341975 0.984106 1.099235
0.283585 0.929565 1.110694
0.325819 0.955130 1.113795
0.405503 0.968885 1.069356
0.322763 0.948503 1.102501
0.411295 1.015784 1.062081
0.340946 0.980204 1.094706
0.365090 0.994195 1.093278
0.356597 1.003359 1.075157
0.295519 0.963036 1.116005
0.407577 1.011384 1.101294
0.334398 0.980590 1.114106
0.349314 1.000774 1.115708
0.402511 1.030077 1.090820
0.339831 0.994175 1.113169
0.443755 1.041461 1.079054
0.402311 1.013587 1.081466
0.364954 0.960589 1.086839
0.433083 1.010348 1.051222
0.369982 0.966484 1.096942
0.390177 0.973029 1.071523
0.435065 1.007564 1.060327
0.366230 0.955876 1.099693
0.395660 0.957339 1.065880
0.399443 0.971250 1.057278
0.314611 0.920830 1.103222
0.379816 0.927604 1.058915
0.357844 0.898242 1.079260
0.310708 0.868401 1.076073
0.379487 0.859578 1.023384
0.308889 0.812571 1.067326
0.350313 0.875977 1.047198
0.284147 0.878571 1.068660
0.264298 0.899680 1.074840
0.288921 0.942908 1.074942
0.233343 0.957322 1.116523
0.332041 1.005681 1.111930
0.297414 1.024869 1.118481
0.359812 1.037360 1.133635
0.372967 1.072128 1.114419
0.358264 1.039054 1.137195
0.415973 1.048992 1.101780
0.376156 1.003029 1.125331
0.421060 0.998749 1.114833
0.432878 0.974147 1.082651
0.407422 0.959078 1.098309
0.448356 1.005550 1.078114
0.392738 0.977821 1.093807
0.450782 1.026585 1.070207
0.423504 0.987111 1.066087
0.373476 0.991265 1.091317
0.392087 1.013155 1.071080
0.290015 0.980908 1.092844
0.289113 1.000209 1.088111
0.243027 0.962931 1.069765
0.224550 0.920796 1.077300
0.256341 0.898036 1.041967
0.233810 0.886989 1.071261
0.291587 0.893293 1.046382
0.282449 0.870976 1.050614
0.330463 0.898551 1.048031
0.353034 0.902682 1.042966
0.336032 0.880472 1.065010
0.367903 0.922690 1.057781
0.331813 0.883127 1.087375
0.322441 0.945220 1.088527
0.345938 0.966060 1.101401
0.320126 1.060404 1.126504
0.355236 1.065402 1.116002
0.320876 1.077288 1.132817
0.244002 1.096745 1.162749
0.286064 1.129655 1.134163
0.217288 1.090956 1.133717
0.268242 1.097718 1.112023
0.270888 1.028627 1.122536
0.401284 1.032990 1.097515
0.450846 1.001725 1.078957
0.572837 0.941425 1.091463
0.567618 0.928253 1.061786
0.492859 0.952427 1.088526
0.465304 1.021115 1.051450
0.372069 1.011977 1.053874
0.359509 0.993181 1.062492
0.347522 0.991336 1.081075
0.375743 0.989131 1.049427
0.307168 0.964385 1.081347
0.282053 0.981490 1.055719
0.187489 0.948142 1.063146
0.217706 0.970757 1.027990
0.149822 0.987954 1.098685
0.202328 1.002577 1.056228
0.209730 1.017978 1.063168
0.206204 0.981426 1.077134
0.261249 0.994120 1.057581
0.273232 0.950212 1.074942
0.270422 0.941623 1.062552
0.365402 0.925850 1.091899
0.396079 0.929337 1.075315
0.434145 0.956256 1.071169
0.391278 0.965954 1.083194
0.401918 0.966613 1.090782
0.373833 1.013159 1.086491
0.313656 0.999905 1.083187
0.345855 1.032579 1.091535
0.267483 1.064451 1.067148
0.229137 1.055327 1.063141
0.252529 1.024178 1.089194
0.337960 1.011324 1.062934
0.318855 0.961273 1.067509
0.437880 0.947950 1.042914
0.380696 0.862147 1.059817
0.419378 0.894684 1.030535
0.347121 0.913100 1.044692
0.325709 0.878170 1.043850
0.383447 0.961644 1.030459
0.268000 0.957350 1.057315
0.205973 0.998562 1.058683
0.113937 1.041965 1.085310
0.123073 1.031332 1.082246
0.179936 1.013600 1.054850
0.197190 0.930894 1.084633
0.316517 0.934808 1.035351
0.360658 0.902003 1.054172
0.406160 0.911251 1.054416
0.387866 0.942466 1.006127
0.298126 0.939552 1.042228
0.339293 1.003939 1.012452
0.207543 0.984010 1.040793
0.217445 1.025002 1.027364
0.225586 1.018508 1.045508
0.224533 0.936158 1.045703
0.296580 0.966276 1.032726
0.284291 0.895533 1.045717
0.394297 0.889161 1.022306
0.362042 0.876812 1.029768
0.416563 0.873149 1.006198
0.419240 0.867770 1.000195
0.385360 0.859182 1.040959
0.385212 0.908633 0.995364
0.283177 0.908685 1.029997
0.291248 0.933271 1.000947
0.210288 0.918670 1.042982
0.213796 0.956069 1.013896
0.194660 0.920738 1.042535
0.207650 0.911865 1.045557
0.248927 0.934896 1.031265
0.206154 0.904535 1.064295
0.276288 0.926139 1.022495
0.248853 0.894962 1.026458
0.288831 0.909767 1.021417
0.272498 0.925552 1.006005
0.250948 0.922800 1.031153
0.301242 0.970898 1.023450
0.246894 0.932214 1.036896
0.252229 0.934248 1.031235
0.325110 0.971959 1.026558
0.272096 0.979930 1.060549
0.317443 1.012470 1.049532
0.240469 0.967715 1.073814
0.294837 1.027775 1.067028
0.297271 0.931857 1.048710
0.260016 0.941844 1.072350
0.312320 0.937551 1.044343
0.249877 0.875295 1.056307
0.316235 0.886298 1.018739
0.300649 0.887747 1.026991
0.319734 0.894302 1.005103
0.380365 0.900455 1.027067
0.302993 0.871816 1.034178
0.359688 0.909002 1.021216
0.309597 0.896968 1.049143
0.315766 0.925882 1.060297
0.315330 0.954291 1.043319
0.257701 0.919773 1.069375
0.352631 0.966553 1.027906
0.262246 0.974711 1.064145
0.332689 0.993813 1.058344
0.332689 0.993813 1.058344
0.334287 0.982059 1.028667
0.366496 0.967403 1.047377
0.290682 0.954328 1.072713
0.340266 0.977476 1.040741
0.334943 0.964348 1.042954
0.315657 0.940372 1.064687
0.366512 0.955757 1.033382
0.325925 0.907058 1.067129
0.336988 0.939223 1.046017
0.341080 0.910968 1.053067
0.309349 0.865776 1.045942
0.355175 0.888340 1.024025
0.290450 0.874004 1.052482
0.290450 0.874004 1.052482
0.361085 0.891639 1.040737
0.316862 0.854496 1.062912
0.322684 0.851245 1.067877
0.414079 0.888467 1.025854
0.343107 0.866217 1.075875
0.401258 0.919511 1.044830
0.354771 0.908160 1.071697
0.372385 0.922536 1.068819
0.372388 0.954596 1.072803
0.340342 0.929623 1.089983
0.308831 0.981809 1.092030
0.305048 1.011342 1.120292
0.328613 1.025522 1.087154
0.258844 1.009238 1.120021
0.336640 1.055400 1.075937
0.293597 1.018669 1.101773
0.352235 1.012491 1.064959
0.359262 0.995901 1.054231
0.359546 1.004611 1.061248
0.381677 1.029629 1.029867
0.317249 1.003900 1.047046
0.360278 1.035192 1.025183
0.264042 0.970037 1.027411
0.288039 0.971019 0.991590
0.254828 0.961716 1.005138
0.243822 0.961572 1.001572
0.276831 0.975174 0.988024
0.215612 0.919603 1.013747
0.309090 0.927818 0.986630
0.234012 0.904582 1.016416
0.202975 0.905437 1.038938
0.307944 0.885100 1.029701
0.300509 0.887511 1.039121
0.331440 0.929422 1.013196
0.254924 0.934749 1.035357
0.297774 0.994490 1.018007
0.236592 1.003240 1.028574
0.214216 1.018656 1.030089
0.236854 1.053303 1.049681
0.218006 1.053731 1.026742
0.233603 1.065511 1.033453
0.254459 1.082660 1.012027
0.250565 1.059910 0.984551
0.265584 1.044846 0.975290
0.203180 0.994462 0.983589
0.268080 1.024219 0.928398
0.211349 0.976830 0.939107
0.247906 0.988826 0.919818
0.217720 0.954100 0.920941
0.217720 0.954100 0.920941
0.270871 0.963716 0.921895
0.281055 0.969091 0.948132
0.223348 0.982318 0.955598
0.176551 0.975295 0.982900
0.189438 0.979638 0.969364
0.179070 0.941613 1.018574
0.176916 0.913776 1.017950
0.197835 0.885466 1.052234
0.162311 0.835011 1.066662
0.226621 0.804418 1.017449
0.180481 0.728598 1.038265
0.214871 0.708926 1.037867
0.251206 0.738409 1.014256
0.230597 0.793262 1.064788
0.263836 0.890572 1.053154
0.191603 0.905624 1.033822
0.127878 0.965845 1.062401
0.146888 1.044353 1.023435
0.138600 1.068638 1.044913
0.133176 1.116456 1.070056
0.186826 1.216702 1.043624
0.147712 1.220559 1.018980
0.093233 1.290609 1.005946
0.128241 1.376077 0.915702
0.241800 1.427681 0.951427
0.158683 1.613330 0.952005
0.112915 1.823885 0.907683
0.167835 1.973670 0.900524
0.073031 2.128567 0.858004
-0.013791 2.248794 0.737979
-0.172106 2.324756 0.669322
-0.234157 2.337592 0.610796
-0.416763 2.319125 0.597874
-0.576639 2.411922 0.605665
-0.671089 2.534537 0.561640
-0.797304 2.542742 0.642446
-0.831736 2.552948 0.632899
-0.916059 2.489674 0.679040
-0.766367 2.429771 0.677919
-0.431004 2.354636 0.700205
-0.195915 2.264245 0.731799
0.159842 2.178025 0.750076
0.320861 2.121703 0.951623
0.396484 2.238455 1.034337
0.192786 2.105696 1.162700
-0.047245 1.852421 1.136349
-0.049726 1.926730 1.200295
0.210349 1.950658 1.429211
0.205012 2.103197 1.453303
-0.216721 2.347435 1.426630
-0.282965 2.554203 1.415230
-0.367741 2.632746 1.441085
-0.394428 2.610869 1.457251
-0.414679 2.485594 1.348733
-0.477050 2.437328 1.343037
-0.496160 2.454649 1.302001
-0.600193 2.498113 1.307029
-0.401254 2.448688 1.193422
-0.251404 2.198685 1.100799
0.018252 2.082415 1.014874
0.091793 1.936035 0.958774
0.257451 1.969590 0.812379
0.331711 1.863336 0.733129
0.312634 1.630407 0.673818
0.216173 1.519706 0.661881
0.346570 1.411298 0.559094
0.928892 1.412258 0.687612
1.626301 1.559050 0.677851
2.068518 1.575752 0.701341
1.916444 1.527511 0.846386
1.436712 1.608469 0.774675
0.851885 1.588895 0.756192
0.735560 1.735962 0.761423
0.708045 1.714114 0.784660
0.641725 1.763275 0.812374
0.254483 1.448035 0.709156
-0.439885 1.457961 0.670382
-0.726424 1.639277 0.638887
-0.811633 1.518792 0.668768
-0.416410 1.578802 0.742385
-0.028863 1.705999 0.865063
0.086766 1.773046 0.878007
0.030135 1.786429 0.937450
-0.068259 1.810930 0.970182
-0.997000 0.945445 1.092030
-0.924579 0.619810 1.257368
-0.145712 0.730490 1.281400
0.366417 0.762473 1.326866
0.619050 0.929211 1.431653
0.594007 1.269999 1.540873
0.507205 1.269784 1.582836
0.392349 1.222172 1.782578
0.456247 0.873610 1.949007
0.364576 0.783924 2.183021
0.276100 0.657322 2.160300
0.536544 0.642810 2.110987
0.618009 0.530894 1.982570
0.184133 0.599276 2.111115
-0.138825 0.738261 2.276145
-0.452672 0.676807 2.498565
-0.434126 0.719383 2.616132
-0.306742 0.705250 2.952557
-0.007494 0.934673 3.074847
0.171335 1.045200 3.142955
-0.014026 0.942960 3.177787
-0.279611 0.673200 3.104224
0.025870 0.366848 2.903288
0.493529 0.294435 2.731542
0.240123 0.373314 2.575434
-0.059643 0.629039 2.324878
-0.262040 0.652529 2.106452
-0.290839 0.730362 1.898685
-0.219991 0.839348 1.923394
0.041482 1.090985 2.131235
0.032868 1.625267 2.575711
-0.449793 1.937000 2.881800
-0.615486 2.143988 2.877066
-0.645539 1.827227 2.480488
0.185379 1.461693 2.366644
0.744700 1.231418 2.456283
1.106926 1.354671 2.369595
0.747303 1.511484 2.230239
0.134098 1.610091 1.910173
-0.667079 1.270649 1.550907
-1.031991 1.022439 1.202501
-1.128636 0.842511 0.975063
-1.237250 0.765651 0.854749
-1.228669 0.802570 0.747520
-1.133368 0.696533 0.681012
-0.380997 0.713839 0.628114
-0.025943 0.486535 0.585200
0.318013 0.369640 0.263182
0.154021 0.379095 0.243166
0.265663 0.713855 0.139683
0.186456 1.011759 0.116241
0.203414 1.141197 0.111957
-0.056937 1.115622 0.080317
0.213159 0.857866 0.107212
1.170211 0.712566 -0.230908
1.536532 0.707003 -0.852757
1.750228 1.148282 -1.612595
1.480702 1.482232 -1.873817
1.515302 1.678301 -2.099765
1.490002 1.965196 -1.938621
1.424457 2.185723 -1.588219
1.348068 2.411395 -1.141106
0.819335 2.572921 -0.808212
0.230764 2.673959 -0.730570
-0.544619 2.470874 -0.456992
-1.088704 2.188442 -0.365815
-1.145008 1.761953 -0.197743
-0.439974 1.336222 -0.007904
0.420328 1.317988 0.121038
0.327802 1.598483 0.248894
-0.386206 1.887975 0.351918
-1.068984 1.389978 0.344907
-1.186483 0.771207 0.121226
-1.029953 0.334886 0.099710
-0.618253 0.050840 0.247796
-0.163198 0.084934 0.535969
-0.107840 0.482117 1.158617
-0.266300 0.985112 1.802299
-0.338523 1.007533 2.108216
0.047707 0.865134 2.268383
0.442560 0.603116 2.397316
0.505415 0.732473 2.674091
0.156013 1.003417 2.814095
-0.146113 1.081274 2.504715
0.015940 0.917764 1.956611
0.324527 0.404148 1.489049
0.391655 0.402231 1.209932
-0.185185 0.671011 1.231249
-0.567060 1.275804 1.323749
-0.714010 1.654830 1.496456
-0.720986 1.762998 1.502253
-0.736119 1.921815 1.509690
0.132534 1.765357 1.158954
0.745217 1.866936 1.068439
0.669215 1.879668 0.882886
0.464715 1.821320 0.815829
-0.124475 1.697142 0.856807
-0.221108 1.348984 0.832571
-0.134889 1.098670 0.581429
0.071739 0.859476 0.497617
0.285148 0.825426 0.651119
0.623871 0.721430 0.714482
0.524867 0.696803 0.826275
0.391399 0.777678 1.082744
0.494221 0.808084 1.439598
0.806340 0.818605 1.638525
0.611759 0.742043 1.681502
0.279023 0.733498 1.861884
-0.149436 0.604662 1.953986
-0.329093 0.559789 1.854750
-0.509466 0.517409 1.816740
-0.888942 0.214680 1.446901
-0.802216 0.051387 1.316938
-0.743894 -0.023582 1.315906
-0.743894 -0.023582 1.315906
-0.361014 -0.116001 1.105634
-0.218051 0.106391 0.983705
-0.518356 0.309412 1.212819
-0.759677 0.539354 1.412256
-0.850245 0.858693 1.626626
-0.833391 1.112209 1.814310
-0.635071 1.095062 1.920254
-0.406539 0.783944 1.798404
0.027118 0.408838 1.528530
0.526046 0.235197 1.310600
0.663750 0.245395 1.153581
0.523332 0.506013 1.324985
0.006591 0.783216 1.595896
-0.453243 0.980175 1.724779
-0.704988 0.992589 1.783453
-0.605815 0.964742 1.795994
-0.192541 0.688268 1.576147
0.156547 0.479422 1.442004
0.238692 0.442796 1.507207
-0.112905 0.492187 1.706940
-0.405070 0.553774 1.776142
-0.423098 0.571313 1.760827
-0.565389 0.567898 1.664130
-0.676417 0.482463 1.234894
-0.466627 0.348909 1.040575
-0.115698 0.216199 0.883192
0.255785 0.135035 0.786827
0.729654 0.226670 0.760677
0.493908 0.657908 1.181052
0.320383 0.843681 1.402308
0.175613 0.951874 1.580873
0.099238 0.920657 1.583688
-0.245940 0.678216 1.399816
-0.578633 0.386955 1.127267
-0.739465 0.175471 0.923345
-0.898756 -0.050133 0.653384
-0.816258 -0.119872 0.433333
-0.499968 -0.126464 0.377889
-0.305152 -0.159957 0.498558
-0.173062 -0.080568 0.680236
0.110293 -0.006394 0.789974
0.464702 0.165081 0.808464
0.776779 0.298110 0.815804
0.810059 0.442921 1.069840
0.408917 0.570547 1.494744
-0.109942 0.892932 2.000332
-0.407427 1.376947 2.520847
-0.499168 1.725989 2.870536
-0.587787 2.059355 3.294711
-0.396557 2.241433 3.486353
-0.310059 2.214055 3.446434
-0.282962 2.194029 3.207021
-0.898766 2.262141 2.885998
-1.715587 2.171050 2.530014
-1.949591 2.037161 2.244450
-1.505505 1.609797 1.749429
-0.368345 1.229457 1.200608
0.134543 1.051650 0.860788
0.022565 0.993583 0.876142
-0.260308 1.202889 1.273464
-0.678041 1.399724 1.511790
-0.613580 1.299920 1.368432
-0.177798 0.929739 1.009601
0.232286 0.519879 0.846812
0.440941 0.303504 0.894137
0.652070 0.255787 1.149592
0.952124 0.339922 1.625287
1.039207 0.450909 1.848207
1.101757 0.440519 1.860846
1.088375 0.364166 1.844340
0.869873 0.428334 1.927618
0.371116 0.869218 2.174898
-0.185277 1.299584 2.180590
-0.500218 2.092663 2.171993
-0.622017 2.460774 2.352957
-0.791052 2.548748 2.572238
-0.864300 2.628241 2.669935
-1.496611 2.686621 2.414535
-1.780476 2.645002 2.292003
-1.730003 2.581393 2.168788
-1.603451 2.505063 2.078703
-1.569733 2.391555 1.833509
-1.612510 2.284714 1.588909
-1.722625 2.067388 1.361770
-1.825164 1.499776 1.024359
-1.424758 1.293723 1.045678
-1.104407 1.184754 0.939349
-0.642668 1.043651 0.759672
-0.391906 0.757451 0.646451
-0.444639 0.533075 0.680297
-0.625802 0.337808 0.872207
-0.709162 0.197069 0.985582
-0.438940 0.214873 1.030147
-0.034336 0.331914 1.252125
0.358265 0.463935 1.652377
0.656629 0.589177 1.919687
0.870891 0.651764 2.054911
1.195089 0.831678 2.247239
1.438798 1.050681 2.420234
1.473522 1.083354 2.450272
1.384849 1.910114 2.883736
1.132368 2.186181 2.887305
0.794526 2.341626 2.770474
0.660307 2.393211 2.742115
0.591285 2.408209 2.726199
0.176471 2.565605 2.682457
-0.394364 2.791926 2.586666
-0.584275 2.759241 2.389186
-0.629043 2.736825 2.363299
-1.277368 2.600349 2.124372
-1.645214 2.430696 2.022276
-1.844118 2.163144 1.871938
-1.895506 1.888022 1.811135
-2.009570 1.653337 1.834674
-1.941740 1.476485 1.899770
-1.665554 1.279375 1.885365
-1.314572 1.039544 1.854019
-1.063752 0.739825 1.713853
-0.828913 0.428397 1.584764
-0.705734 0.182425 1.447593
-0.632742 0.065481 1.371507
-0.566709 -0.034124 1.338500
-0.593944 -0.099674 1.304214
-0.726726 -0.225700 1.348800
-0.766514 -0.240257 1.365331
-0.748909 -0.186039 1.351513
-0.693688 -0.098584 1.398638
-0.623692 0.123581 1.506708
-0.649550 0.475896 1.601608
-0.691766 0.680403 1.550289
-0.625377 0.852159 1.549568
-0.271359 1.070943 1.596939
-0.045491 1.397545 1.696098
0.144382 1.661217 1.873811
0.210398 1.998671 2.077805
0.086999 2.258175 2.168054
-0.225875 2.437005 2.240204
-0.566557 2.572889 2.235844
-0.793351 2.593795 2.184561
-0.849810 2.526518 2.073280
-0.840924 2.374028 1.852896
-0.828165 2.236930 1.698990
-0.738717 1.987304 1.510117
-0.667761 1.835781 1.391228
-0.671918 1.736613 1.332885
-0.671918 1.736613 1.332885
-0.677641 1.702029 1.343057
-0.680114 1.636428 1.304268
-0.630016 1.506717 1.312777
-0.303346 1.157133 1.335237
-0.203634 0.995088 1.412782
-0.127321 0.922417 1.537669
-0.185298 0.951600 1.742177
-0.202768 0.944189 1.766531
-0.255902 0.944293 1.807215
-0.667973 0.968542 2.275116
-1.014372 1.038230 2.520224
-1.145731 1.052148 2.634187
-1.168420 1.085503 2.698509
-1.161472 1.056907 2.698934
-1.123302 0.882949 2.653108
-1.058901 0.726182 2.561019
-0.982235 0.627123 2.511575
-0.960388 0.546896 2.443088
-0.822243 0.356302 2.243116
-0.752218 0.234723 2.165538
-0.776713 0.134549 2.110033
-0.781540 0.119498 2.086198
-0.850864 0.156605 2.075661
-0.920906 0.219685 2.177600
-0.923814 0.504701 2.366530
-0.902914 0.711954 2.525542
-0.901484 1.062952 2.660896
-0.899250 1.092230 2.649954
-0.962585 1.258801 2.656425
-1.051248 1.378486 2.597063
-1.087258 1.460979 2.602354
-1.270087 1.762506 2.624298
-1.520699 2.319466 2.656332
-1.583337 2.589783 2.637680
-1.650328 2.764460 2.718865
-1.635166 2.891615 2.628513
-1.696416 3.012350 2.588743
-1.746528 3.142816 2.605932
-1.837169 3.280638 2.620027
-1.841543 3.304615 2.606770
-1.900914 3.345060 2.527733
-1.952185 3.153918 2.428302
-1.989781 3.135431 2.368879
-1.988585 3.134757 2.340514
-1.998136 3.125642 2.334805
-1.995093 3.107140 2.329049
-1.969418 2.937711 2.296932
-1.951922 2.910849 2.303470
-1.913557 2.874020 2.306787
-1.698190 2.695291 2.390715
-1.844512 2.815570 2.579297
-1.884740 2.843057 2.595913
-2.258296 3.102892 2.866024
-2.265197 3.115389 2.914747
-2.411503 3.124741 2.998604
-2.393116 3.110534 3.018862
-2.475173 3.264880 3.128359
-2.487647 3.314766 3.166113
-2.793273 3.559263 3.423499
-2.791660 3.683048 3.536823
-2.720563 3.631470 3.548658
-2.658872 3.645360 3.577944
-2.516907 3.787780 3.627335
-2.392036 3.874311 3.655004
-2.294668 3.872771 3.672359
-2.283269 3.926802 3.676566
-2.074578 4.136802 3.677904
-1.997985 4.175060 3.636066
-1.985036 4.226110 3.604910
-1.981286 4.240147 3.586019
-1.826069 3.988913 3.276335
-1.889186 3.951827 3.180652
-2.298872 3.946324 3.182728
-2.959180 4.022555 3.335517
-3.113707 4.039193 3.338403
-3.430060 4.075752 3.505960
-3.671293 3.963549 3.609357
-3.852847 3.965802 3.773022
-3.990865 3.975537 3.902153
-4.078772 3.982699 4.055766
-4.084827 3.920952 4.211080
-4.144472 3.974302 4.155019
-4.118698 3.957907 4.157389
-3.950984 3.857180 4.202744
-3.874582 3.869171 4.190547
-3.242418 3.858345 4.195628
-2.877997 3.997471 4.086541
-2.645342 4.040416 3.927078
-2.581855 4.086206 3.827265
-2.521231 4.054662 3.765522
-2.403452 3.920727 3.512606
-2.207855 3.715520 3.235746
-2.140562 3.680649 3.166025
-1.639346 3.393206 2.555702
-1.669998 3.443469 2.476778
-1.839018 3.769828 2.571689
-2.031730 4.167766 2.704435
-2.135618 4.438776 2.809550
-2.223224 4.614724 2.878926
-2.295278 4.775777 3.012887
-2.318948 4.874631 3.103654
-2.316777 4.874820 3.153207
-2.274466 4.889980 3.307768
-2.263009 4.896630 3.345848
-2.239298 4.907252 3.364727
-2.218199 4.907288 3.402125
-1.999753 4.945969 3.511445
-1.883913 4.924847 3.472482
-1.877498 4.981126 3.424472
-1.879717 4.998471 3.410916
-1.836487 5.012687 3.246847
-1.786516 5.090322 3.165770
-1.694462 5.142454 2.958129
-1.648268 5.194841 2.895130
-1.619130 5.229028 2.796457
-1.594036 5.221930 2.759915
-1.616513 5.252314 2.719299
-1.580741 5.219083 2.690322
-1.559277 5.219203 2.707201
-1.489626 5.194827 2.792601
-1.339126 4.960994 2.781525
-1.203687 4.729650 2.742780
-0.934921 4.230102 2.638852
-0.791367 4.022970 2.599688
-0.564733 3.510317 2.512072
-0.584473 3.342359 2.541394
-0.650164 3.180028 2.598338
-0.748118 3.147493 2.753938
-0.915739 3.203272 2.935362
-0.986301 3.235976 3.115638
-0.974619 3.140502 3.251282
-0.940059 2.916795 3.332905
-0.858141 2.633122 3.320327
-0.731058 2.311398 3.271720
-0.641845 1.906964 3.263149
-0.519626 1.595171 3.247633
-0.431650 1.393008 3.129337
-0.447678 1.194531 3.061121
-0.523869 1.162563 3.062890
-0.644133 1.126526 3.018227
-0.664295 1.099046 3.018375
-0.827243 1.004627 2.852741
-0.924959 0.997474 2.769952
-1.039890 1.018209 2.731020
-1.230862 1.101019 2.566987
-1.666791 1.365369 2.312904
-1.970103 1.490213 2.247282
-2.051323 1.498998 2.235511
-2.356447 1.778866 2.133566
-2.507482 1.892336 2.079850
-2.641365 2.077585 2.047740
-2.656859 2.119918 2.059979
-2.676866 2.376484 1.995733
-2.679975 2.493543 2.005169
-2.665605 2.638957 2.031673
-2.599892 2.679158 2.062846
-2.570473 2.731925 2.133004
-2.383039 2.628266 2.130676
-2.175400 2.467836 2.138148
-1.813106 2.272863 2.070695
-1.486954 1.989744 1.936955
-1.172790 1.730783 1.781713
-1.009200 1.579451 1.754118
-0.858923 1.313150 1.785109
-0.754954 1.211357 1.864728
-0.684275 1.134870 2.121983
-0.722527 1.094629 2.337628
-0.829373 1.108146 2.778762
-0.859277 1.130766 2.949550
-1.031228 1.135912 3.714317
-1.119929 1.106703 4.123709
-1.234522 1.102268 4.420403
-1.312702 0.994209 4.737828
-1.431058 1.025909 4.947510
-1.567564 0.939526 5.050803
-1.707379 0.804038 5.048019
-1.817577 0.789532 4.990375
-1.961409 0.798764 4.816754
-2.124722 0.841176 4.598125
-2.431688 0.894402 4.360788
-2.755529 0.825965 4.173792
-3.132915 0.801664 3.854907
-3.173955 0.812562 3.823352
-3.804115 0.600061 3.515581
-3.974139 0.640374 3.503080
-4.220435 0.702870 3.537540
-4.527240 0.722340 3.570920
-4.720779 0.703013 3.575020
-4.945536 0.650565 3.610013
-5.064815 0.505941 3.668101
-5.244502 0.260628 3.718184
-5.312513 0.232005 3.722182
-5.427267 -0.015736 3.748691
-5.412665 -0.008572 3.743910
-5.378033 0.054098 3.713803
-5.323462 0.127510 3.560522
-5.174862 0.268441 3.438055
-5.048194 0.276159 3.336405
-4.785326 0.183504 2.963833
-4.566109 0.189206 2.595124
-4.453600 0.077287 2.345547
-4.372199 -0.096173 2.066498
-4.321196 -0.087477 1.908113
-4.392311 0.056086 1.475653
-4.375676 0.034894 1.293199
-4.228782 -0.069480 1.108924
-3.950259 -0.162577 0.932698
-3.404993 -0.261727 0.751235
-3.328091 -0.253981 0.747219
-2.288970 -0.417782 0.628769
-1.903159 -0.552312 0.642429
-1.609312 -0.522297 0.735379
-1.270421 -0.585461 0.767884
-1.114848 -0.594515 0.828279
-1.027367 -0.539493 0.912755
-0.947395 -0.477895 1.039775
-0.962297 -0.426968 1.227508
-0.971516 -0.258240 1.442123
-0.982619 -0.246348 1.510864
-0.956752 -0.170322 1.773065
-0.920361 -0.054785 1.843105
-0.898811 -0.027317 1.861731
-0.644030 0.092581 1.709826
-0.350709 0.001785 1.532045
0.055516 -0.191077 1.184618
0.481358 -0.261671 0.845155
0.624779 -0.257363 0.671230
0.588275 -0.162966 0.555709
0.382231 0.087207 0.517539
0.296120 0.222723 0.590757
0.265178 0.451123 0.738293
0.315861 0.597745 0.827896
0.320540 0.723703 0.943837
0.257754 0.927409 1.066894
0.366648 1.056855 1.155498
0.563227 0.983358 1.224958
0.527989 1.042161 1.267975
0.313604 1.291594 1.508539
-0.104167 1.601898 1.785032
-0.548205 1.986016 2.079081
-0.821208 2.144323 2.400381
-0.798104 2.228711 2.721620
-0.546469 2.213769 2.878855
0.073633 1.898578 2.932214
0.886187 1.360115 2.868103
1.270822 0.976967 2.873657
1.460307 0.794602 2.855284
2.180175 0.488655 2.796084
2.341207 0.571650 2.848880
2.514898 0.698696 2.827959
2.616715 0.739693 2.798066
2.615289 0.888454 2.831099
2.509169 1.104590 3.015252
2.417394 1.305206 3.057831
2.527957 1.181879 3.008353
2.667237 1.009552 2.871428
2.781511 0.923495 2.767512
2.843947 0.892580 2.763321
2.863578 0.939745 2.817276
2.842809 0.987564 2.817435
2.869019 1.052508 2.672565
2.851740 1.207458 2.601350
2.779075 1.425562 2.538848
2.686767 1.675132 2.598123
2.559081 1.974739 2.711807
2.474439 2.219168 2.743869
2.437676 2.367121 2.767186
2.430983 2.363234 2.849055
2.367209 2.468730 3.079054
2.268188 2.442631 3.353148
2.166357 2.503688 3.745231
2.070097 2.501939 4.042674
2.059539 2.440963 4.237503
2.085210 2.263472 4.228104
2.128751 1.896367 4.083291
2.119826 1.634054 3.943611
2.100237 1.231036 3.790867
2.192730 1.007257 3.707432
2.423348 0.709865 3.652468
2.650375 0.364681 3.595439
2.871295 0.048516 3.535388
3.025259 -0.231107 3.545976
3.128979 -0.297439 3.591263
3.152864 -0.295306 3.638366
3.122530 -0.156449 3.776866
3.071532 -0.020194 3.918490
3.002276 0.156230 4.100555
2.948994 0.476211 4.135669
2.910120 0.586439 4.152109
2.840931 0.942301 4.160775
2.749187 1.495256 4.154769
2.816347 1.610020 3.935939
2.881265 1.680812 3.740738
2.904079 1.667104 3.658311
2.987672 1.695971 3.418249
3.049355 1.946734 3.300558
3.198871 2.247022 2.988751
3.309454 2.342406 2.904267
3.401056 2.223131 2.823182
3.409922 2.176061 2.831666
3.413380 2.111398 3.062544
3.345109 2.042095 3.261548
3.374946 2.049228 3.547932
3.348552 1.959873 3.819279
3.352052 1.943641 4.067402
3.254746 1.923500 4.458256
3.203711 1.798480 4.710021
3.190420 1.801489 4.767092
3.160998 1.750663 4.818706
2.927879 1.529279 5.406489
2.887666 1.605007 5.706287
2.825842 1.554772 5.944976
2.795652 1.512355 5.974744
2.836989 1.417871 6.108942
2.865589 1.326648 6.200950
2.768679 1.367871 6.475070
2.705082 0.991815 6.309635
2.757292 0.579786 6.042299
2.803454 0.156266 5.721739
2.913478 -0.112360 5.476378
3.033156 -0.293410 5.071136
3.077357 -0.352685 4.944254
3.161337 -0.419410 4.709933
3.239407 -0.516267 4.552775
3.223284 -0.456086 4.650056
3.114800 -0.576333 4.936129
3.046825 -0.632951 5.096636
3.047585 -0.639036 5.138369
2.823232 -0.868789 5.774739
2.746095 -0.881752 5.982188
2.686719 -1.050619 6.156757
2.650309 -1.226715 6.126869
2.642576 -1.366282 6.059135
2.563870 -1.533174 5.958032
2.557300 -1.530683 5.934639
2.563462 -1.590506 5.717630
2.726591 -1.664879 5.199359
2.827063 -1.688562 4.878798
2.871553 -1.728701 4.783216
3.008583 -1.666775 4.570084
3.047912 -1.597064 4.573896
2.894122 -1.271014 4.578800
3.007862 -1.248233 4.515170
3.166930 -1.255396 4.461308
3.303278 -1.146214 4.392788
3.282653 -1.152856 4.471434
3.220765 -1.146177 4.659483
3.175355 -1.171448 4.724534
2.537573 -1.096986 4.930759
2.453204 -1.072085 4.977809
2.219590 -1.157025 5.143327
2.181527 -1.250465 5.336469
2.090605 -1.432001 5.409670
1.978040 -1.659418 5.494003
1.886009 -1.817227 5.427877
1.937603 -1.971039 5.389748
2.047330 -2.145012 5.365248
2.065850 -2.205539 5.356407
1.760945 -2.198441 5.243173
1.301355 -2.109328 5.082700
0.855839 -1.988063 4.803126
0.548929 -1.926156 4.692417
0.456258 -1.880637 4.646178
-0.245127 -1.660087 4.576431
-0.734021 -1.347320 4.435702
-1.104888 -1.134950 4.378747
-1.331970 -0.914590 4.440097
-1.491263 -0.553649 4.617996
-1.448777 -0.336066 4.870036
-1.238264 -0.148454 5.065837
-0.976667 -0.050453 5.319746
-0.942011 0.042064 5.487842
-0.871547 0.086574 5.484776
-0.951307 0.027794 5.348126
-1.119299 -0.105834 5.184659
-1.238424 -0.211837 5.066141
-1.465581 -0.285310 4.887282
-1.604430 -0.269912 4.762557
-1.753260 -0.385249 4.602231
-1.789120 -0.467503 4.589543
-1.623707 -0.649346 4.545423
-1.511005 -0.809253 4.547292
-1.388091 -0.912260 4.574697
-1.458690 -1.033684 4.566853
-1.319896 -1.076662 4.529991
-1.219675 -1.083496 4.643234
-0.996307 -1.078624 4.891026
-0.567472 -0.953070 5.276691
-0.250543 -0.818574 5.666877
0.121288 -0.464229 6.096615
0.294348 -0.213355 6.474429
0.462320 0.177648 6.722146
0.454171 0.498614 6.805518
0.298388 0.795083 6.807537
0.135376 0.850122 6.736547
-0.104046 0.637463 6.399841
-0.173441 0.533198 6.235535
-0.259374 0.501697 6.168841
-0.346839 0.508588 6.155733
-0.381064 0.633482 6.105369
-0.437324 0.910584 6.071425
-0.496482 1.335225 6.093060
-0.688415 1.815108 6.094517
-0.849938 2.263704 6.109971
-0.959037 2.495379 6.018534
-0.940876 2.580357 5.952899
-0.832113 2.664985 5.974013
-0.749409 2.757080 6.028320
-0.728215 2.906585 6.181272
-0.615846 3.099639 6.151532
-0.531967 3.291212 6.142464
-0.483249 3.603470 6.169503
-0.380845 3.783486 6.189298
-0.309770 3.878867 6.168279
-0.346568 3.910914 6.179281
-0.372144 3.800784 6.130231
-0.365218 3.791458 6.103826
-0.480474 3.812132 5.987708
-0.524485 3.710164 5.806836
-0.734098 3.747050 5.836450
-0.921823 3.943870 5.589495
-1.502843 4.551513 5.193160
-1.978067 4.865243 4.983104
-2.186996 5.072178 4.827641
-2.344526 5.325911 4.647700
-2.456099 5.447785 4.532248
-2.490337 5.638464 4.509850
-2.410925 5.780677 4.543929
-2.291007 5.958166 4.580673
-2.226567 6.095582 4.613307
-2.172707 6.224807 4.480641
-2.169991 6.336745 4.284137
-2.193584 6.528288 4.044787
-2.343516 6.691844 3.850425
-2.447392 6.779798 3.733854
-2.602010 6.794028 3.635347
-2.699618 6.797491 3.603847
-2.765870 6.783034 3.641514
-2.825700 6.807891 3.681075
-3.004621 6.776944 3.701813
-3.109014 6.774416 3.758779
-3.376926 6.452559 3.671505
-3.727524 6.011317 3.547081
-3.875844 5.823081 3.441574
-3.903235 5.694599 3.288673
-3.812109 5.673332 3.199121
-3.807190 5.641414 3.126313
-3.835229 5.564572 3.058774
-3.883329 5.537879 3.037406
-3.916162 5.572558 3.056313
-3.861622 5.596382 3.062832
-3.626716 5.604591 3.139589
-3.404439 5.747960 3.198760
-3.342412 5.901321 3.312711
-3.334098 6.057937 3.395149
-3.283295 6.108510 3.500017
-3.135670 6.084729 3.614459
-2.808247 6.027133 3.783153
-2.501124 5.996458 3.971701
-2.260725 5.999875 4.094483
-2.077471 5.992447 4.250001
-1.968691 5.972873 4.358840
-1.880257 5.893468 4.492205
-1.653137 5.729545 4.651951
-1.363216 5.575149 4.834262
-1.088991 5.368101 4.947982
-0.858548 5.259951 5.083386
-0.821884 5.222616 5.170535
-0.883554 5.182126 5.247662
-1.030698 5.217780 5.303252
-1.163733 5.279264 5.315590
-1.266959 5.333367 5.300111
-1.333432 5.327803 5.298503
-1.396438 5.368660 5.282681
-1.552420 5.423093 5.210733
-1.613173 5.441818 5.199397
-1.770669 5.434936 5.109492
-1.966159 5.566443 4.980910
-2.151344 5.684083 4.796722
-2.296702 5.740646 4.633713
-2.410810 5.835332 4.434100
-2.665092 5.936634 4.344774
-2.947272 6.082612 3.980314
-3.178904 6.194461 3.669243
-3.377090 6.270604 3.499730
-3.569965 6.306182 3.327183
-3.703332 6.307504 3.225377
-3.738710 6.321232 3.129701
-3.742143 6.321672 2.990617
-3.659949 6.226904 2.915765
-3.689998 6.153681 2.812308
-3.712788 5.978152 2.694275
-3.738015 5.818824 2.651291
-3.711630 5.491596 2.559523
-3.532161 5.270986 2.562431
-3.250242 5.062153 2.606080
-2.812436 4.906049 2.735202
-2.541748 4.827193 2.831083
-2.294338 4.739917 2.945158
-2.082462 4.768449 3.086600
-1.962956 4.602841 3.131964
-1.733193 4.443763 3.288523
-1.534635 4.362634 3.471205
-1.265058 4.324295 3.637111
-1.071555 4.264396 3.785865
-1.031989 4.276758 3.881445
-1.021740 4.241385 3.984971
-0.979291 4.227559 4.028893
-0.895997 4.251244 4.039445
-0.893137 4.035591 3.957143
-0.857022 3.890640 3.902807
-0.735133 3.780934 3.866394
-0.670879 3.798366 3.829534
-0.625612 3.777669 3.749597
-0.519885 3.731281 3.707899
-0.324052 3.610883 3.671897
-0.227894 3.451462 3.535815
-0.218979 3.389095 3.397131
-0.239158 3.291499 3.311329
-0.288552 3.254068 3.210183
-0.338488 3.373326 3.200531
-0.403925 3.388865 3.161105
-0.494556 3.449548 3.165390
-0.519938 3.541169 3.187841
-0.517986 3.561520 3.237830
-0.570873 3.648034 3.248765
-0.557221 3.646844 3.332970
-0.411408 3.632007 3.427479
-0.388969 3.599230 3.470148
-0.308212 3.553833 3.513193
-0.276513 3.574329 3.564683
-0.300133 3.465972 3.584757
-0.330028 3.404437 3.623754
-0.312810 3.273821 3.692957
-0.251767 3.168039 3.797914
-0.239788 3.087997 3.880490
-0.223716 2.997253 3.967663
-0.221162 2.920036 4.015420
-0.231306 2.877227 4.035038
-0.293407 2.895260 4.079345
-0.346317 2.906505 4.107051
-0.383569 2.866677 4.095014
-0.472217 2.908061 4.060818
-0.560790 2.976488 4.064340
-0.717541 3.093657 4.043717
-0.869318 3.254659 4.059382
-0.914902 3.393407 4.080747
-0.990017 3.623807 4.065433
-1.061309 3.778787 4.029338
-1.140234 3.870796 4.000712
-1.118984 3.863171 3.946755
-1.082150 3.857194 3.915913
-1.180548 3.886737 3.894892
-1.388778 3.949283 3.864706
-1.511935 3.906936 3.833382
-1.620421 3.880727 3.827548
-1.724761 3.937767 3.820088
-1.898650 3.844331 3.745254
-1.939508 3.746579 3.656235
-1.967842 3.673029 3.584721
-2.107608 3.698244 3.480645
-2.250719 3.685098 3.361690
-2.450790 3.749483 3.398682
-2.575561 3.812991 3.181162
-2.707151 3.885077 3.050143
-2.803758 3.833200 3.044932
-2.826196 3.792594 3.044418
-2.792053 3.772769 3.069083
-2.894123 3.838799 3.044007
-3.008208 3.815341 3.036177
-3.139259 3.811021 3.054556
-3.202286 3.811395 3.054755
-3.260036 3.869015 3.051758
-3.161305 3.781435 3.054876
-3.030425 3.829904 3.041531
-2.895496 3.847702 3.069149
-2.797379 3.921766 3.045265
-2.797809 3.971423 3.002263
-2.810432 3.912112 2.987748
-2.823554 3.826585 2.896895
-2.871727 3.660926 2.819507
-2.815803 3.551141 2.745986
-2.725346 3.551277 2.664336
-2.524364 3.545585 2.577162
-2.321320 3.543296 2.544189
-2.311809 3.614220 2.515373
-2.346641 3.692021 2.513968
-2.386632 3.809553 2.543612
-2.418481 3.855606 2.656697
-2.131900 3.888082 2.695537
-1.739459 3.684867 2.757296
-1.205205 3.491495 2.789443
-0.848891 3.427536 2.816247
-0.843208 3.518719 2.809881
-0.843706 3.539557 2.840556
-1.173504 3.864691 2.949678
-1.509707 4.066443 2.986069
-1.698327 4.256723 3.095470
-1.902788 4.409405 3.246283
-2.078045 4.484434 3.385926
-2.074870 4.528710 3.518806
-2.011967 4.555311 3.597961
-1.891239 4.514458 3.724489
-1.759660 4.466579 3.849261
-1.716170 4.395513 3.850410
-1.762355 4.389087 3.823484
-1.950987 4.348389 3.794389
-2.059719 4.436549 3.608790
-2.224970 4.426452 3.593406
-2.358386 4.464424 3.654677
-2.421849 4.456430 3.754859
-2.446207 4.444686 3.785228
-2.243257 4.401793 3.954092
-2.129856 4.360655 4.023682
-2.041876 4.357017 4.059776
-1.831205 4.292610 4.105139
-1.840726 4.287217 4.078844
-1.898224 4.288380 4.059040
-1.846463 4.308128 4.064408
-1.913488 4.310385 4.135320
-1.959411 4.365566 4.212708
-1.983162 4.331459 4.276649
-2.019337 4.188958 4.342973
-1.870840 4.173062 4.419038
-1.675090 4.195383 4.425110
-1.515383 4.191667 4.416317
-1.323851 4.248572 4.415499
-1.267562 4.271267 4.454876
-1.292917 4.315855 4.455449
-1.353483 4.317745 4.452883
-1.497085 4.289245 4.461230
-1.663008 4.274507 4.485380
-1.675079 4.416600 4.619064
-1.492697 4.202857 4.620850
-1.357145 4.101152 4.645331
-1.338505 4.106902 4.688542
-1.393658 4.160565 4.711813
-1.518220 4.143275 4.750477
-1.721994 4.177210 4.810439
-1.930345 4.139854 4.848698
-1.978806 4.115821 4.908099
-1.944832 4.185420 4.958286
-1.933782 4.115452 4.956190
-1.903580 4.110774 4.942157
-2.059169 4.145640 4.954561
-2.123370 4.125197 4.932129
-2.182040 4.142449 4.890750
-2.180602 4.135471 4.794605
-2.142177 4.136264 4.742910
-2.126128 4.108044 4.727814
-2.109579 4.204380 4.726347
-2.168949 4.367206 4.812225
-2.143401 4.154013 4.785367
-2.281640 3.942224 4.818562
-2.494584 3.961363 4.908385
-2.625420 3.992487 5.019280
-2.683689 3.991844 5.114981
-2.706503 4.011301 5.244315
-2.770256 3.960500 5.398344
-2.740715 3.994228 5.502988
-2.673376 3.933344 5.618218
-2.546833 3.945136 5.688621
-2.521422 3.929632 5.704060
-2.554302 3.916026 5.675231
-2.639156 3.943382 5.657391
-2.709512 3.894582 5.644003
-2.783681 3.956562 5.631313
-2.803844 3.936972 5.662865
-2.786134 3.932690 5.706476
-2.732001 3.916910 5.823022
-2.598686 3.905866 5.765800
-2.530597 3.974237 5.740578
-2.541707 3.978707 5.747293
-2.534136 3.942726 5.764301
-2.462850 3.980236 5.784273
-2.415765 3.979904 5.819933
-2.355505 3.999651 5.805567
-2.319956 4.007446 5.834961
-2.359953 4.158187 5.933357
-2.336297 4.307090 5.955605
-2.276868 4.233451 5.944642
-2.229069 3.879762 5.820842
-2.216856 3.819093 5.805042
-2.280571 3.871164 5.853122
-2.259544 3.941903 5.894402
-2.128945 3.927870 6.115194
-1.957447 3.966056 6.040541
-1.805528 4.076110 5.866012
-1.704801 4.099023 5.905394
-1.686986 4.064269 5.938472
-1.783170 4.113573 5.943698
-1.890583 4.091808 5.950356
-2.067828 4.113971 5.919198
-2.192926 4.117344 5.903536
-2.287681 4.111659 5.881713
-2.412363 4.168939 5.840746
-2.438637 4.158013 5.869048
-2.373008 4.315512 5.930924
-2.170533 4.082326 5.909466
-2.037380 4.025765 6.029576
-1.980283 4.131087 5.915848
-2.121290 4.151773 5.878504
-2.243154 4.187526 5.854158
-2.216188 4.224158 5.876059
-2.028268 4.267562 5.914955
-1.703539 4.242376 5.996802
-1.654241 4.162825 6.075912
-2.005390 4.203067 5.998389
-2.503653 4.250365 5.930164
-2.916924 4.236169 5.843764
-3.161329 4.365216 5.817062
-3.078305 4.209744 5.878840
-2.739363 4.133565 5.889521
-2.307179 4.146187 5.911796
-2.355124 4.147132 5.959841
-2.819710 4.229559 5.913945
-3.504214 4.273836 5.859470
-3.731409 4.248804 5.787880
-3.544412 4.271871 5.802074
-3.058950 4.229322 5.883987
-2.619484 4.285347 6.012852
-2.808682 4.319274 5.928542
-3.169247 4.316417 5.869995
-3.630053 4.359814 5.873247
-3.691361 4.329102 5.827733
-3.614321 4.346636 5.771180
-3.716742 4.335730 5.774862
-3.829889 4.334752 5.813339
-3.811020 4.383467 5.769063
-3.478133 4.412860 5.842977
-3.194567 4.284833 5.934313
-2.953881 4.248925 5.907552
-3.006472 4.268845 5.911832
-3.138913 4.368474 5.909554
-3.275611 4.476757 5.799043
-3.546980 4.493176 5.738295
-3.627157 4.531529 5.765322
-3.256878 4.517574 5.772390
-2.616799 4.544515 5.791737
-2.327196 4.516672 5.865273
-2.527905 4.506784 5.931744
-2.884438 4.441030 5.853689
-3.169027 4.344237 5.913189
-3.004225 4.321098 5.846778
-2.897457 4.388349 5.857659
-3.169460 4.314628 5.943552
-3.019456 4.453183 5.993471
-2.639719 4.274463 6.028703
-2.210451 4.187007 5.964798
-2.266158 4.209190 5.986200
-2.572188 4.192648 6.008865
-2.550330 4.243639 5.957329
-2.138921 4.180909 6.014854
-1.689662 4.210363 5.931898
-1.612899 4.257364 5.903591
-1.675931 4.215960 6.026232
-1.464633 4.540597 6.026791
-1.146132 4.290765 5.992556
-0.840249 4.135146 5.901273
-0.618083 4.224860 5.887881
-0.567000 4.158388 5.985956
-0.292996 4.219843 5.929702
-0.150165 4.137563 6.016534
-0.090955 4.114260 5.968303
-0.039301 4.152053 5.979957
-0.093795 4.103155 6.024471
-0.088284 4.137457 6.008878
-0.241152 4.178273 6.066456
-0.443499 4.100285 5.998480
-0.769559 4.097113 5.943127
-1.096206 4.117764 5.933841
-1.247144 4.184146 5.884586
-1.503340 4.204093 5.901168
-1.730403 4.249179 5.860274
-1.985622 4.283165 5.865991
-2.199799 4.272715 5.891416
-2.300925 4.304775 5.832321
-2.361330 4.429678 5.883245
-2.474587 4.290011 5.832292
-2.469621 4.184961 5.759634
-2.502101 4.187968 5.749663
-2.546479 4.264394 5.796984
-2.661894 4.316758 5.729976
-2.761261 4.394586 5.695240
-2.900640 4.416842 5.706252
-3.079537 4.422271 5.742193
-3.058454 4.446111 5.744946
-3.047036 4.457878 5.658781
-3.004137 4.442321 5.614951
-3.080770 4.508886 5.629685
-3.131092 4.527461 5.620539
-3.154303 4.535437 5.610298
-3.177511 4.490521 5.674863
-3.276601 4.441840 5.871956
-3.402585 4.461661 5.842412
-3.298929 4.424400 5.787900
-2.913357 4.440052 5.520765
-2.577086 4.405678 5.529511
-2.422410 4.400745 5.557523
-2.536763 4.446145 5.620714
-2.538461 4.460997 5.628206
-2.134110 4.448047 5.621075
-1.671755 4.440472 5.639400
-1.414039 4.424714 5.742499
-1.301045 4.445731 5.715932
-1.404366 4.447947 5.713599
-1.497957 4.396634 5.742875
-1.504401 4.397146 5.805915
-1.349794 4.406227 5.790375
-1.226776 4.401804 5.747384
-1.199290 4.431696 5.747165
-1.297300 4.410415 5.813730
-1.376886 4.405122 5.756207
-1.581843 4.269730 5.763594
-1.782810 4.147531 5.728507
-2.031115 3.900093 5.674086
-2.115327 3.848766 5.660144
-2.523292 3.585444 5.577604
-2.440099 3.300295 5.453702
-2.174241 3.202481 5.435861
-1.859091 3.219411 5.408969
-1.816588 3.320572 5.445589
-2.208764 3.313658 5.469973
-2.743747 3.224404 5.474958
-3.347875 3.080549 5.428651
-3.607226 2.998951 5.388015
-3.698208 2.955298 5.366382
-3.669637 2.990366 5.363376
-3.606068 3.129283 5.357370
-3.217028 3.570390 5.380282
-3.032921 3.760741 5.481516
-3.270262 3.681574 5.500120
-3.527138 3.354096 5.396402
-3.949431 2.742112 5.241687
-4.212970 2.279640 5.059646
-4.368571 2.062763 4.958186
-4.381776 1.932381 4.890969
-4.213416 2.080628 4.839331
-3.885705 2.447474 4.901375
-4.001308 2.506541 4.998081
-4.297615 2.117316 4.887283
-4.579787 1.644413 4.760648
-4.902338 1.019132 4.567604
-5.106399 0.673083 4.460906
-4.861617 1.056312 4.427045
-4.362716 1.965059 4.583903
-3.891442 2.983557 4.874281
-3.652384 3.585709 5.158878
-3.823496 3.387426 5.171382
-4.275537 2.579481 4.978281
-4.618359 1.974641 4.703632
-4.628123 1.934603 4.538814
-4.335941 2.501105 4.649728
-3.779504 3.482243 4.947315
-3.367131 4.110337 5.230819
-3.365664 4.234820 5.292574
-3.714308 3.940144 5.186408
-3.882092 3.706362 5.063832
-3.746301 3.828894 5.096132
-3.436578 4.185476 5.184741
-3.011161 4.774779 5.322782
-2.912323 5.028846 5.385184
-2.924180 5.110628 5.438548
-3.089616 4.982409 5.435692
-3.175062 4.756778 5.461450
-3.340130 4.583649 5.432791
-3.395016 4.430049 5.360052
-3.381860 4.388068 5.424796
-3.358247 4.441988 5.268172
-3.308790 4.441380 5.172137
-3.322352 4.441918 5.187600
-3.286572 4.452517 5.197366
-3.308022 4.412130 5.217708
-3.253475 4.459602 5.205395
-3.424113 4.246428 5.136693
-3.565242 3.877363 5.062220
-3.783771 3.519563 4.986650
-4.004984 3.168348 4.817554
-4.114697 3.150403 4.810223
-3.929434 3.212370 4.893849
-3.493755 3.161178 4.977302
-3.280460 2.943691 4.981495
-3.199752 2.685989 4.951778
-3.150228 2.477780 4.991596
-3.193466 2.346419 4.898004
-3.130596 2.122316 4.843364
-3.153440 1.952679 4.806813
-3.057056 1.842865 4.827071
-2.824047 1.753160 4.909264
-2.625061 1.550145 4.879217
-2.340561 1.359562 4.800471
-2.088072 1.190117 4.855420
-1.929225 1.103432 4.856640
-1.881444 1.005093 4.861063
-1.856707 1.035179 4.965895
-1.859432 1.193411 4.911984
-1.766888 1.307430 4.920375
-1.707592 1.421260 4.951088
-1.718090 1.651390 5.023408
-1.772947 1.937792 5.201036
-1.814077 2.323527 5.206621
-1.863201 2.562690 5.184568
-2.010505 2.886224 5.221791
-2.073567 3.182967 5.295762
-2.059615 3.265834 5.308336
-1.887635 3.257855 5.372477
-1.881722 3.197560 5.337911
-1.961838 3.221970 5.309699
-2.078125 3.199782 5.480755
-2.136869 3.176457 5.526713
-2.170005 3.115210 5.355503
-2.196476 3.075436 5.227473
-2.264144 2.954118 5.046997
-2.354041 2.747174 5.049206
-2.439569 2.655592 5.042689
-2.511458 2.573733 5.047347
-2.703224 2.602608 5.042551
-2.897140 2.570152 5.207150
-2.861933 2.504777 5.093625
-2.754970 2.376717 4.938246
-2.683157 2.166246 4.919465
-2.757608 2.053843 4.920881
-2.911089 2.020534 4.901786
-2.968151 2.024697 4.900055
-2.823811 1.891251 4.915273
-2.746241 1.808184 4.915324
-2.700507 1.873592 4.952343
-2.732787 1.949788 4.946458
-2.734531 2.032145 4.919835
-2.750099 2.045671 4.917402
-2.755149 2.018464 4.894847
-2.657662 1.897890 4.859392
-2.482551 1.804285 4.871636
-2.446261 1.860134 5.000476
-2.400586 1.963493 4.911347
-2.351342 2.039570 4.902907
-2.366798 2.015142 4.895306
-2.358294 1.940715 4.883884
-2.368473 1.912802 4.856470
-2.405884 1.848857 4.869312
-2.443290 1.766585 4.865145
-2.512372 1.772851 4.826494
-2.665729 1.788734 4.848591
-2.715686 1.866744 4.983832
-2.688906 1.951327 4.830810
-2.424018 1.863269 4.804091
-2.235944 1.763264 4.836276
-2.166068 1.640914 4.825907
-2.121124 1.545854 4.825789
-2.105037 1.470285 4.809920
-2.102888 1.432716 4.810135
-2.056567 1.454945 4.814505
-2.116033 1.483319 4.823352
-2.180166 1.579665 4.828527
-2.215237 1.613881 4.839189
-2.260729 1.649352 4.840354
-2.282256 1.653347 4.826108
-2.306200 1.648900 4.814800
-2.354566 1.668491 4.829348
-2.433463 1.700875 4.817569
-2.495637 1.772131 4.814466
-2.478573 1.820318 4.839606
-2.426043 1.867206 4.846386
-2.422106 1.850902 4.845153
-2.442300 1.823590 4.829019
-2.462539 1.729632 4.825046
-2.435406 1.588751 4.793560
-2.413828 1.445807 4.757130
-2.378535 1.333852 4.755209
-2.328299 1.245627 4.711214
-2.331775 1.268303 4.697373
-2.421579 1.366159 4.688730
-2.509542 1.435258 4.692634
-2.636337 1.456991 4.678254
-2.669898 1.469544 4.659948
-2.665801 1.483441 4.671236
-2.660337 1.476868 4.663028
-2.689679 1.535942 4.675652
-2.695136 1.623119 4.703538
-2.685075 1.684277 4.716879
-2.744169 1.741796 4.713876
-2.788730 1.792040 4.719740
-2.802678 1.804405 4.721092
-2.757880 1.699722 4.702797
-2.592796 1.602712 4.693659
-2.524548 1.525441 4.717122
-2.468187 1.513955 4.712350
-2.534849 1.550337 4.735617
-2.503224 1.682158 4.721486
-2.514958 1.843604 4.717408
-2.510019 1.941354 4.743797
-2.510161 2.030867 4.733895
-2.593833 2.043078 4.744234
-2.745836 2.143638 4.818005
-2.858733 2.187757 4.995382
-2.817438 2.179593 4.804278
-2.808490 2.087207 4.600860
-2.852683 2.108970 4.631835
-2.834074 2.096642 4.666432
-2.858524 2.076065 4.684468
-2.850986 2.079305 4.700571
-2.832675 2.083348 4.691460
-2.879668 2.001315 4.690200
-2.874960 1.900088 4.630038
-2.922504 1.740275 4.598718
-2.953405 1.557871 4.542380
-2.929656 1.520573 4.543785
-3.010831 1.376813 4.551863
-2.989136 1.352419 4.506332
-3.078612 1.266065 4.508872
-3.057893 1.200641 4.508801
-2.995535 1.216036 4.601816
-3.047706 1.181625 4.476536
-3.091812 1.194036 4.442132
-3.092225 1.205147 4.371031
-3.268497 1.154577 4.417437
-3.309943 1.162328 4.381142
-3.377157 1.228886 4.352263
-3.465638 1.279932 4.394088
-3.385027 1.412064 4.355004
-3.416286 1.505824 4.359380
-3.404420 1.508276 4.445558
-3.209992 1.514838 4.418431
-3.282881 1.542777 4.418902
-3.349652 1.562191 4.391114
-3.238894 1.598339 4.392984
-3.266237 1.591252 4.264328
-3.310705 1.624626 4.168222
-3.339057 1.653523 4.095914
-3.461498 1.565825 4.108115
-3.514342 1.451524 4.028385
-3.746169 1.424704 3.973882
-3.910067 1.412994 3.965644
-3.823837 1.475824 3.843281
-3.807273 1.530064 3.832222
-3.655116 1.603390 3.775773
-3.410061 1.638320 3.721354
-3.371435 1.624714 3.743898
-3.473150 1.658610 3.723494
-3.806208 1.614754 3.816776
-3.972553 1.550914 3.855286
-4.032011 1.484465 3.923344
-3.845494 1.363468 4.010462
-3.595389 1.342230 4.077463
-3.487635 1.326405 4.189907
-3.514998 1.397381 4.226215
-3.763387 1.392934 4.225127
-4.022571 1.378344 4.222417
-4.246136 1.347625 4.247352
-4.339145 1.356691 4.237157
-4.310699 1.442055 4.238925
-4.140670 1.373970 4.288068
-3.875029 1.252811 4.282597
-3.793567 1.120897 4.298709
-3.873392 1.004365 4.268021
-4.022549 0.933288 4.245040
-4.199099 0.852615 4.191838
-4.244720 0.834032 4.163467
-4.285094 0.803087 4.171851
-4.259586 0.831049 4.167701
-4.254799 0.834348 4.176590
-4.148128 0.796271 4.177899
-4.012285 0.747386 4.188708
-3.962469 0.712654 4.191784
-3.988594 0.670647 4.158620
-4.018556 0.648484 4.156743
-4.059466 0.572497 4.134751
-4.099659 0.421401 4.098516
-4.067958 0.391801 4.124307
-3.931602 0.426665 4.141183
-3.801274 0.414782 4.176022
-3.738722 0.376892 4.184292
-3.743177 0.363859 4.181510
-3.766427 0.369548 4.186565
-3.665625 0.327079 4.171492
-3.500151 0.308750 4.187765
-3.563431 0.362371 4.341817
-3.733899 0.518075 4.474557
-3.751760 0.547800 4.285395
-3.569959 0.476557 4.095372
-3.476058 0.457055 4.108792
-3.489764 0.559375 4.205931
-3.475192 0.671473 4.260087
-3.402345 0.700529 4.289970
-3.375502 0.746084 4.319162
-3.336251 0.823220 4.325087
-3.336933 0.843676 4.347842
-3.353155 0.914462 4.352882
-3.383125 0.935568 4.382669
-3.366420 0.940478 4.407331
-3.357038 0.960308 4.412074
-3.317038 1.009570 4.430581
-3.290205 0.987339 4.423040
-3.268637 1.006509 4.424949
-3.378647 0.992250 4.416681
-3.473003 0.941016 4.374430
-3.485228 0.933759 4.397463
-3.469665 0.917875 4.407389
-3.466695 0.935463 4.396445
-3.504286 0.978120 4.399560
-3.550058 0.998909 4.389935
-3.578424 0.996337 4.381960
-3.609189 0.945359 4.363942
-3.668236 0.886490 4.340944
-3.877312 0.869566 4.314283
-3.882434 0.679006 4.262108
-3.749979 0.457307 4.216314
-3.765042 0.355191 4.193781
-3.777006 0.331296 4.203955
-3.890420 0.354440 4.183081
-3.889752 0.411835 4.197920
-3.934607 0.536291 4.225659
-4.015826 0.596499 4.206063
-4.073575 0.619927 4.228030
-4.107099 0.643734 4.212713
-4.140756 0.559029 4.216611
-4.128555 0.450314 4.200329
-4.140787 0.395548 4.188162
-4.152756 0.436464 4.187672
-4.152756 0.436464 4.187672
-4.152643 0.431722 4.205971
-4.123552 0.468505 4.214870
-4.090214 0.460703 4.208159
-4.281222 0.525040 4.199860
-4.155508 0.325104 4.153553
-4.122708 0.219316 4.167720
-4.042590 0.179990 4.155887
-3.993420 0.133545 4.168342
-3.964101 0.176180 4.184854
-3.942572 0.159530 4.168922
-3.938884 0.157511 4.181426
-4.059159 0.161346 4.158067
-4.041520 0.254057 4.176981
-4.030483 0.264185 4.194926
-4.017889 0.242144 4.171106
-4.041802 0.226307 4.196811
-4.051443 0.133559 4.165980
-4.044064 0.050586 4.168644
-4.058987 0.045477 4.162746
-4.126020 0.037291 4.208735
-4.156821 0.075650 4.378874
-4.178466 0.112971 4.371971
-4.196670 0.134300 4.309530
-4.163206 0.159288 4.189194
-4.164481 0.164759 3.992774
-4.179904 0.177069 3.977125
-4.207334 0.222219 4.074647
-4.269915 0.229988 4.120332
-4.223698 0.246850 4.150634
-4.283198 0.288916 4.181513
-4.294739 0.302368 4.182554
-4.324129 0.273520 4.180176
-4.265291 0.241444 4.182612
-4.177569 0.252235 4.192729
-4.177147 0.208904 4.228039
-4.163852 0.231099 4.223518
-4.193413 0.240694 4.231119
-4.174036 0.295831 4.242316
-4.156756 0.337163 4.222341
-4.146439 0.346668 4.240519
-4.088737 0.376421 4.233042
-4.115177 0.366368 4.245958
-4.103737 0.355904 4.230944
-4.149181 0.354374 4.245757
-4.166577 0.371740 4.248963
-4.145085 0.394083 4.251179
-4.117441 0.438536 4.281623
-4.063725 0.466190 4.290458
-4.061417 0.430137 4.290364
-4.018544 0.428926 4.297836
-3.978108 0.400183 4.290710
-3.991014 0.391258 4.286800
-3.973738 0.422232 4.298614
-3.985614 0.469169 4.302943
-3.973954 0.438630 4.289773
-3.939366 0.438072 4.290964
-3.869036 0.370158 4.272655
-3.782716 0.329599 4.274636
-3.744830 0.310862 4.294056
-3.723443 0.354655 4.301022
-3.733643 0.398341 4.306544
-3.754603 0.427286 4.302750
-3.794775 0.469266 4.335901
-3.847073 0.496766 4.325123
-4.014566 0.616574 4.338748
-4.045636 0.693183 4.367341
-3.838184 0.513512 4.353909
-3.827888 0.554183 4.366168
-3.851998 0.601298 4.372221
-3.930023 0.661383 4.383319
-3.986300 0.715934 4.362238
-4.002277 0.684720 4.375949
-4.040347 0.674466 4.358096
-4.045325 0.672131 4.353267
-4.049652 0.690051 4.357285
-4.038689 0.634571 4.352632
-4.018291 0.587896 4.343002
-4.001326 0.592787 4.347014
-3.947781 0.540876 4.331756
-3.978753 0.583172 4.340601
-4.018626 0.607672 4.340131
-4.045175 0.643381 4.329762
-4.171202 0.689555 4.355850
-4.086580 0.714373 4.356757
-4.000588 0.788441 4.400666
-3.966723 0.788930 4.402564
-3.928538 0.911388 4.443403
-3.998980 0.892750 4.429945
-4.098210 0.859358 4.563732
-4.113035 0.740064 4.300687
-4.097951 0.675322 4.288000
-4.091034 0.608413 4.301397
-4.105864 0.599413 4.325650
-4.044467 0.616064 4.354203
-3.907798 0.690499 4.365361
-3.870851 0.700994 4.388817
-3.856094 0.732535 4.392116
-3.877207 0.765973 4.429636
-4.158743 0.984193 4.444790
-4.175236 0.961266 4.425536
-4.116010 0.834904 4.418538
-4.143713 0.754179 4.384541
-4.114908 0.662898 4.388452
-4.064469 0.614736 4.372416
-4.061151 0.600009 4.373433
-4.130794 0.648872 4.370700
-4.152644 0.747026 4.359779
-4.179707 0.780358 4.371526
-4.245398 0.840637 4.389830
-4.274199 0.842220 4.391820
-4.276293 0.815755 4.404094
-4.270656 0.783396 4.386210
-4.272441 0.754607 4.386914
-4.324200 0.686883 4.389772
-4.393438 0.687342 4.371820
-4.390964 0.695015 4.369457
-4.436321 0.670525 4.342078
-4.490224 0.618731 4.332136
-4.494622 0.550624 4.285654
-4.525876 0.450575 4.227864
-4.537253 0.400332 4.175703
-4.475115 0.349410 4.161080
-4.425725 0.369145 4.156331
-4.415527 0.368412 4.160736
-4.427874 0.356540 4.124403
-4.412639 0.346365 4.098671
-4.404560 0.272850 4.088238
-4.365002 0.256133 4.059925
-4.313009 0.297107 4.100065
-4.297781 0.227667 4.087003
-4.351756 0.138868 4.249144
-4.379036 0.081372 4.361505
-4.403797 0.120720 4.269815
-4.379308 0.169331 4.206447
-4.308478 0.230897 4.163436
-4.347478 0.233796 4.089757
-4.263795 0.276787 4.159135
-4.336296 0.280225 4.221965
-4.275291 0.283023 4.227693
-4.370731 0.317281 4.221782
-4.442816 0.401648 4.313404
-4.225335 0.282961 4.350733
-4.232249 0.288228 4.343725
-4.209346 0.327941 4.293281
-4.232027 0.334002 4.279625
-4.201217 0.358287 4.268001
-4.210741 0.354019 4.267192
-4.245627 0.420888 4.317113
-4.306209 0.458280 4.344114
-4.314685 0.448239 4.361263
-4.309243 0.457067 4.365067
-4.302419 0.470270 4.329981
-4.346491 0.493910 4.333475
-4.356584 0.539279 4.224940
-4.386844 0.498456 4.077024
-4.368738 0.449467 4.124680
-4.357999 0.430237 4.220130
-4.269920 0.420264 4.240320
-4.219564 0.378308 4.270066
-4.272852 0.341922 4.268885
-4.320891 0.236328 4.253951
-4.356469 0.204240 4.298572
-4.371561 0.176431 4.278089
-4.429322 0.187470 4.286840
-4.375939 0.221559 4.289450
-4.347239 0.224291 4.289453
-4.369690 0.236354 4.308064
-4.354620 0.255930 4.317924
-4.476402 0.278547 4.329024
-4.508844 0.399045 4.333978
-4.548875 0.426272 4.344333
-4.514953 0.407529 4.602016
-4.443985 0.320492 4.472056
-4.438429 0.305333 4.308689
-4.312826 0.200108 4.166292
-4.279188 0.131391 4.135233
-4.290431 0.155570 4.270250
-4.418573 0.189949 4.238520
-4.390710 0.148095 4.229953
-4.393583 0.100607 4.260218
-4.391523 0.028571 4.240598
-4.488471 -0.055598 4.245383
-4.593423 -0.105560 4.254128
-4.592531 -0.101953 4.268937
-4.587979 0.055640 4.382726
-4.637609 0.172772 4.346039
-4.677444 0.219791 4.264851
-4.701584 0.296513 4.293042
-4.716016 0.307013 4.246851
-4.714008 0.293855 4.262465
-4.729293 0.285603 4.271848
-4.775185 0.232996 4.272579
-4.851990 0.193914 4.287452
-4.855854 0.202475 4.276731
-4.885254 0.194032 4.290799
-4.829098 0.225565 4.308229
-4.803323 0.151475 4.288167
-4.822246 0.134432 4.311148
-4.903110 0.060802 4.286658
-4.918318 0.071784 4.269325
-4.909283 0.037371 4.285746
-4.847054 0.001556 4.268184
-4.796419 0.000707 4.270165
-4.749758 0.033566 4.279292
-4.724084 0.030239 4.286672
-4.720621 0.064534 4.305675
-4.766865 0.060847 4.288793
-4.768067 0.041658 4.278188
-4.770584 0.060136 4.279718
-4.743735 0.050541 4.286371
-4.739755 0.093155 4.287840
-4.716078 0.100072 4.265764
-4.746223 0.127648 4.278893
-4.789447 0.093276 4.294467
-4.771418 0.056207 4.297570
-4.728142 0.008235 4.271252
-4.708507 -0.000852 4.272918
-4.713618 -0.005182 4.276143
-4.684941 -0.111253 4.248771
-4.663901 -0.144452 4.251839
-4.675010 -0.118256 4.263246
-4.641088 -0.146936 4.214502
-4.593651 -0.130453 4.194474
-4.613022 -0.106515 4.201102
-4.613022 -0.106515 4.201102
-4.624326 -0.090338 4.197119
-4.631754 -0.055873 4.204446
-4.706152 0.009153 4.252348
-4.733863 0.055246 4.273845
-4.775019 0.059167 4.293435
-4.844945 0.044208 4.252822
-4.918260 0.071021 4.253025
-4.931415 0.032150 4.225299
-4.907952 0.040208 4.217298
-4.956157 -0.027979 4.209156
-4.954325 -0.016754 4.214198
-4.965985 -0.054361 4.217705
-4.949691 -0.108044 4.240361
-4.958964 -0.111459 4.267207
-4.875671 -0.119561 4.241047
-4.765596 -0.207636 4.245741
-4.667863 -0.201611 4.221743
-4.761942 -0.251170 4.263067
-4.805456 -0.269686 4.250930
-4.827395 -0.256494 4.227432
-4.953929 -0.218127 4.247076
-4.953674 -0.224937 4.236037
-4.931655 -0.214645 4.245752
-4.924579 -0.167302 4.228534
-4.938239 -0.143243 4.269538
-4.904892 -0.148315 4.244671
-4.913698 -0.148366 4.244193
-4.945757 -0.218133 4.268605
-4.871382 -0.241025 4.247839
-4.676667 -0.389664 4.221601
-4.642873 -0.435904 4.202364
-4.553380 -0.590284 4.193765
-4.451905 -0.694073 4.186927
-4.401155 -0.760453 4.166557
-4.401155 -0.760453 4.166557
-4.352228 -0.784432 4.160047
-4.272887 -0.753750 4.187893
-4.339580 -0.720703 4.179554
-4.474005 -0.637083 4.166532
-4.549352 -0.567597 4.204454
-4.629822 -0.460537 4.223228
-4.666602 -0.354996 4.280205
-4.607407 -0.295381 4.270620
-4.649800 -0.334114 4.299698
-4.641204 -0.343362 4.309847
-4.606205 -0.366069 4.242640
-4.650852 -0.504496 4.253844
-4.549684 -0.472294 4.207712
-4.450811 -0.536780 4.227526
-4.346218 -0.589887 4.231436
-4.311941 -0.655647 4.176619
-4.436969 -0.732559 4.214732
-4.395543 -0.768065 4.184332
-4.420008 -0.794629 4.133269
-4.530300 -0.827206 4.173580
-4.539008 -0.870008 4.167865
-4.522375 -0.785285 4.140719
-4.626878 -0.688920 4.170431
-4.629193 -0.659582 4.185343
-4.628968 -0.527503 4.172424
-4.874481 -0.339328 4.214443
-4.933152 -0.315901 4.248959
-4.696259 -0.453149 4.195165
-4.701698 -0.456143 4.179465
-4.840154 -0.488378 4.211702
-4.841789 -0.475833 4.205646
-4.857789 -0.469078 4.210441
-4.884685 -0.472932 4.206867
-4.973180 -0.506097 4.223986
-4.891314 -0.477104 4.198469
-4.864115 -0.545142 4.185947
-4.816090 -0.559823 4.175066
-4.596318 -0.476322 4.055437
-4.054736 -0.173429 3.881317
-4.072753 -0.279883 3.875897
-4.240162 -0.473090 3.872700
-4.347448 -0.580279 3.872029
-4.897791 -1.154022 3.828694
-4.863452 -1.256451 3.940059
-4.755254 -1.255756 3.997121
-4.642900 -1.031547 4.147109
-4.418720 -0.704938 4.278606
-4.240830 -0.359307 4.387571
-4.278079 -0.056895 4.514718
-4.345401 0.271841 4.501321
-4.518904 0.428575 4.494769
-4.593805 0.430252 4.444984
-4.591473 0.265725 4.383667
-4.658245 0.044986 4.324470
-4.624683 -0.124703 4.236803
-4.628102 -0.252165 4.236163
-4.635405 -0.299415 4.212013
-4.348362 -0.341989 4.078466
-4.201583 -0.336874 3.964367
-3.998117 -0.270041 3.786307
-3.988515 -0.267041 3.786973
-3.923126 -0.287649 3.745781
-4.098945 -0.547153 3.597821
-4.121156 -0.576715 3.576232
-4.207455 -0.628894 3.547902
-4.464492 -0.769132 3.392308
-4.586057 -1.015929 3.322091
-4.762572 -1.451041 3.334421
-4.985210 -1.933976 3.405573
-5.140076 -2.222810 3.498729
-5.086284 -2.229639 3.693461
-4.762649 -1.803051 3.928793
-4.500425 -1.253960 4.142980
-4.378875 -0.508996 4.365564
-4.474187 0.599816 4.674240
-4.609471 0.817555 4.716782
-4.667032 0.946944 4.677675
-4.825854 0.795435 4.460731
-4.863013 0.748500 4.421018
-5.026418 0.603122 4.374704
-5.207596 0.353968 4.254604
-5.386259 0.109219 4.160494
-5.586460 -0.111043 4.010039
-5.690485 -0.250013 3.924901
-5.671244 -0.339638 3.848455
-5.494819 -0.497722 3.660510
-5.313815 -0.638563 3.478606
-5.195436 -0.737569 3.440011
-5.143327 -0.853634 3.508284
-5.192347 -1.006617 3.594830
-5.205030 -1.077117 3.676483
-5.235681 -1.170701 3.784561
-5.217152 -1.230055 3.790773
-5.153228 -1.346682 3.818361
-5.115754 -1.407344 3.804890
-5.155515 -1.427562 3.814363
-5.163953 -1.405828 3.799024
-5.167061 -1.379397 3.838799
-5.156551 -1.348260 3.865131
-5.208052 -1.275200 3.871944
-5.237571 -1.282714 3.877884
-5.253349 -1.309312 3.857110
-5.314024 -1.302477 3.872907
-5.279703 -1.304673 3.862419
-5.252538 -1.285251 3.867851
-5.284737 -1.220127 3.904907
-5.320186 -1.106942 3.926746
-5.323261 -1.015955 3.967800
-5.323605 -0.963257 3.968584
-5.340224 -0.947588 3.983161
-5.342634 -0.922304 3.993398
-5.324665 -0.946295 3.993998
-5.247154 -1.057962 3.980492
-5.262842 -1.102877 3.961399
-5.259948 -1.092886 3.981446
-5.181486 -1.044074 3.930336
-4.975779 -0.831907 3.825958
-4.679090 -0.602701 3.690917
-4.612950 -0.605336 3.629525
-4.962598 -0.979896 3.606517
-5.340660 -1.555656 3.531630
-5.525265 -1.808433 3.541265
-5.493991 -2.034629 3.608867
-5.392669 -2.012227 3.722774
-5.339761 -1.719088 3.877778
-5.161251 -1.303177 4.067869
-4.878790 -0.853155 4.215624
-4.750435 -0.410255 4.344525
-4.696617 -0.102379 4.393495
-4.753398 0.055201 4.364591
-4.908479 -0.017389 4.320513
-4.878262 -0.255272 4.217046
-4.850170 -0.526293 4.132647
-4.792538 -0.738724 4.069888
-4.844098 -0.956125 4.013602
-4.803309 -1.090086 3.983379
-4.910985 -1.114163 3.980207
-4.799739 -1.029194 3.905840
-4.579282 -0.848114 3.744532
-4.366576 -0.692261 3.644420
-4.460399 -0.836436 3.595047
-4.909898 -1.354137 3.579684
-5.254731 -1.657904 3.614315
-5.350022 -1.933938 3.611213
-5.264727 -2.001917 3.726609
-5.255675 -1.827027 3.859068
-5.148286 -1.494459 3.997225
-4.918224 -1.067454 4.104286
-4.815610 -0.733721 4.266541
-4.769601 -0.300443 4.311487
-4.816255 -0.141482 4.288987
-4.711404 -0.102322 4.255999
-4.715600 -0.155016 4.238439
-4.738357 -0.226691 4.243996
-4.815794 -0.525475 4.096022
-4.915874 -0.778187 4.012823
-4.961834 -1.027697 3.966212
-4.746820 -1.160261 3.742824
-4.593628 -1.032304 3.600569
-4.549206 -1.084204 3.512259
-4.590331 -1.219542 3.410826
-4.903749 -1.611608 3.344501
-5.184710 -2.129465 3.351595
-5.336402 -2.390523 3.438970
-5.214730 -2.533566 3.572286
-4.976250 -2.513876 3.636936
-4.862336 -2.433238 3.696379
-4.524346 -1.614045 4.133889
-4.475097 -0.908215 4.297486
-4.609789 -0.335839 4.427383
-4.714834 -0.048088 4.441258
-4.749204 0.025075 4.443940
-5.009517 0.045641 4.268823
-5.018351 0.016248 4.250598
-5.373362 -0.482489 4.076559
-5.354364 -0.762023 3.958628
-5.228001 -1.042288 3.890122
-5.108448 -1.223289 3.840528
-5.002770 -1.269161 3.832579
-4.941829 -1.288195 3.840247
-4.900701 -1.275027 3.842292
-4.982996 -1.302028 3.833532
-4.951985 -1.387386 3.813555
-4.944103 -1.437992 3.803329
-4.924070 -1.657030 3.857444
-4.932357 -1.728996 3.852600
-4.958125 -1.737448 3.849897
-4.939868 -1.649832 3.870716
-4.760980 -1.377661 3.747126
-4.590550 -1.096732 3.631491
-4.506695 -0.967585 3.590237
-4.751136 -1.318393 3.571792
-5.019697 -1.762524 3.532610
-5.217928 -2.148081 3.507441
-5.160967 -2.220016 3.605126
-5.022862 -2.228477 3.700377
-4.939344 -1.903406 3.876187
-4.828956 -1.382625 4.055743
-4.653624 -1.015453 4.174521
-4.572507 -0.707925 4.298050
-4.561076 -0.425118 4.289701
-4.746858 -0.293537 4.282825
-4.826166 -0.375697 4.209632
-4.991771 -0.629236 4.107495
-5.186909 -0.796927 4.031670
-5.329173 -0.840459 3.946102
-5.305931 -1.012965 3.960883
-5.049130 -1.106618 3.827108
-4.703172 -1.035459 3.672780
-4.467770 -0.882384 3.620119
-4.398154 -0.962559 3.525749
-4.759518 -1.353301 3.501067
-5.205803 -1.884347 3.421219
-5.367201 -2.070415 3.423171
-5.410479 -2.162818 3.430836
-5.419358 -2.253882 3.477864
-4.796309 -2.167658 3.803859
-4.558522 -1.635556 4.058616
-4.397595 -1.166368 4.215762
-4.419858 -0.751261 4.303682
-4.665511 -0.335006 4.307315
-4.684292 -0.313297 4.304832
-5.044476 -0.448065 4.171053
-5.088601 -0.623546 4.055868
-5.246187 -0.863611 4.002555
-5.270583 -0.960304 3.950902
-5.179861 -1.374951 3.849613
-4.936333 -1.447078 3.809642
-4.792903 -1.447960 3.858674
-4.573995 -1.317738 3.829145
-4.343309 -1.082499 3.727548
-4.246296 -0.888011 3.661311
-4.448309 -1.050315 3.655386
-4.757026 -1.544449 3.620031
-4.912983 -1.914738 3.594163
-4.943671 -2.149243 3.617353
-4.798818 -2.311091 3.690495
-4.797951 -2.242170 3.770581
-4.844137 -1.915271 3.901354
-4.494119 -1.457481 4.018004
-4.342311 -1.212466 4.142664
-4.372505 -0.848616 4.216518
-4.562069 -0.670610 4.179808
-4.741382 -0.696387 4.166885
-4.686944 -0.784238 4.099651
-4.805095 -1.063328 3.982609
-4.878481 -1.168074 3.947361
-5.131050 -1.447141 3.798392
-5.138343 -1.636190 3.786439
-5.075038 -1.677378 3.779831
-4.631562 -1.615962 3.521087
-4.475578 -1.548108 3.486919
-4.357853 -1.473164 3.433920
-4.532875 -1.603829 3.422962
-4.532875 -1.603829 3.422962
-5.253871 -2.534995 3.412522
-5.090724 -2.469639 3.601601
-4.990007 -2.068987 3.828832
-4.769394 -1.689013 3.953585
-4.631534 -1.248629 4.133249
-4.568324 -0.823342 4.217616
-4.726788 -0.544529 4.234000
-4.866076 -0.459641 4.157761
-4.959281 -0.563233 4.129558
-5.032509 -0.781581 4.032692
-5.107864 -0.985740 3.913375
-5.192754 -1.253900 3.850147
-5.089860 -1.525919 3.775415
-5.006169 -1.691445 3.785007
-4.762922 -1.628025 3.731508
-4.399232 -1.412251 3.612465
-4.139670 -1.255022 3.555652
-4.264519 -1.450055 3.535252
-4.556838 -1.776199 3.544698
-4.839193 -2.013981 3.537124
-4.885802 -2.237383 3.579576
-4.717797 -2.369644 3.659145
-4.674323 -2.187327 3.784672
-4.617085 -1.863569 3.945249
-4.403828 -1.520269 4.038671
-4.304744 -1.032763 4.222685
-4.350437 -0.622647 4.293882
-4.461164 -0.289214 4.317229
-4.707430 -0.234266 4.286168
-4.663046 -0.374341 4.194781
-4.663990 -0.591894 4.139195
-4.592209 -0.869906 4.010383
-4.616190 -1.131713 3.966244
-4.551846 -1.319230 3.944925
-4.316437 -1.323491 3.807549
-4.072977 -1.215247 3.671096
-3.897712 -1.136339 3.584722
-4.108631 -1.407523 3.547831
-4.489563 -1.717104 3.570138
-4.827652 -1.915967 3.559569
-4.866148 -2.076930 3.597407
-4.588701 -2.091303 3.745358
-4.447390 -1.887162 3.897106
-4.356694 -1.612400 4.020777
-4.251050 -1.220637 4.190431
-4.175056 -0.793353 4.352296
-4.251381 -0.370373 4.384112
-4.383109 -0.061282 4.394613
-4.542707 -0.004629 4.369582
-4.460616 -0.208968 4.253357
-4.463125 -0.547755 4.188237
-4.413422 -0.848189 4.016100
-4.431025 -1.081267 3.987356
-4.374365 -1.251852 3.959385
-4.143055 -1.260735 3.857619
-3.935116 -1.168980 3.712443
-3.820613 -1.052400 3.619843
-4.058915 -1.203193 3.613347
-4.556523 -1.601072 3.565548
-4.953086 -1.892184 3.505896
-4.916091 -2.066109 3.550208
-4.586580 -1.924679 3.712458
-4.610387 -1.939491 3.862757
-4.569224 -1.843012 3.932365
-4.229964 -1.403427 4.040016
-4.088096 -0.884268 4.250197
-4.128289 -0.535352 4.291930
-4.434118 -0.208265 4.275580
-4.676715 -0.197166 4.224910
-4.749527 -0.415760 4.108729
-4.890885 -0.702033 4.061659
-4.916280 -0.897679 3.933676
-4.902435 -1.133179 3.893657
-4.770424 -1.368861 3.852295
-4.725917 -1.418518 3.816858
-4.824885 -1.488578 3.803540
-4.876899 -1.492409 3.761382
-4.972073 -1.553137 3.738117
-5.056975 -1.629455 3.735469
-4.998632 -1.669860 3.712493
-5.001873 -1.754144 3.752983
-4.888985 -1.827510 3.758286
-4.861958 -1.820413 3.764849
-4.843478 -1.740065 3.833548
-4.807571 -1.655935 3.842874
-4.859410 -1.551853 3.866371
-4.928669 -1.492178 3.847399
-4.993929 -1.502088 3.823090
-5.124431 -1.563133 3.808375
-5.076310 -1.655760 3.760143
-5.043243 -1.822143 3.762931
-4.787091 -1.820432 3.781080
-4.483758 -1.739709 3.854223
-4.087047 -1.469911 3.838491
-3.834892 -1.283595 3.882552
-3.689433 -1.235489 3.934533
-3.671375 -1.286435 3.933571
-3.934980 -1.485389 3.899892
-4.116227 -1.705669 3.782782
-4.234492 -1.903652 3.769476
-4.205058 -2.093718 3.786330
-4.079124 -2.128086 3.750593
-4.084375 -2.027934 3.829925
-3.972170 -1.811102 3.938975
-4.031005 -1.565116 3.974197
-4.039721 -1.434756 4.002288
-3.924845 -1.271739 3.999450
-3.974837 -1.274363 4.072215
-3.953830 -1.503839 3.917099
-3.752190 -1.620179 3.657839
-3.735043 -1.842909 3.418117
-3.856121 -1.881667 3.459996
-4.322971 -2.492321 3.213647
-4.653653 -2.979068 3.238202
-4.847687 -3.130444 3.398341
-4.620544 -3.035325 3.591034
-4.432686 -2.611492 3.846791
-4.246151 -2.223858 3.944034
-4.465944 -1.854124 4.023808
-4.557945 -1.981925 3.929753
-4.552184 -2.596965 3.661601
-4.146710 -3.178235 3.607168
-3.716849 -3.633887 3.146704
-3.475487 -3.956888 3.154769
-3.443724 -4.224623 3.205221
-3.396522 -4.435112 3.350200
-3.252741 -4.570317 3.377536
-3.044414 -4.771903 3.517124
-2.730117 -4.893257 3.409835
-2.536913 -5.052334 3.456936
-2.402946 -5.106597 3.446516
-2.318626 -5.173497 3.359406
-2.223722 -5.449276 3.146403
-1.825757 -5.421078 3.163720
-1.560578 -5.461319 3.290556
-1.430023 -5.522414 3.275058
-1.391478 -5.585768 3.399695
-1.325003 -5.612171 3.530614
-1.304770 -5.704770 3.467067
-1.147472 -5.807085 3.393012
-0.994424 -5.899970 3.467136
-0.970889 -6.037674 3.334542
-0.865165 -5.899586 3.391710
-0.923086 -5.867429 3.419253
-0.862703 -5.854602 3.405482
-0.792928 -5.946611 3.422825
-0.544206 -6.009038 3.490821
-0.444321 -6.071354 3.442629
-0.208778 -6.145742 3.402890
-0.175183 -6.176433 3.417902
-0.063452 -6.212559 3.437444
-0.067003 -6.170067 3.394356
-0.070535 -6.149840 3.368042
0.027021 -5.978867 3.285868
0.202234 -5.736176 3.200616
0.322274 -5.577055 3.213419
0.284730 -5.647862 3.149668
0.137826 -5.840005 3.202971
0.112406 -5.845032 3.231449
-0.058201 -6.069588 3.374244
-0.006099 -6.150459 3.452712
0.083088 -6.185908 3.475278
0.178324 -6.143783 3.496937
0.369478 -6.018390 3.496179
0.503826 -5.765844 3.574855
0.641491 -5.599954 3.654997
0.726327 -5.497184 3.673628
0.759925 -5.497446 3.764523
0.813560 -5.472982 3.742404
0.775197 -5.546632 3.536667
0.820813 -5.595021 3.341565
0.957582 -5.691395 3.238036
1.148312 -5.762871 3.088512
1.254304 -5.782526 3.023348
1.194444 -5.754422 3.002469
1.013199 -5.883639 3.052672
0.773813 -6.102265 3.360237
0.439530 -6.298392 3.492167
0.528172 -6.431467 3.504725
0.718199 -6.509574 3.595161
0.611213 -6.528846 3.692911
0.423944 -6.477921 3.726390
0.404841 -6.411790 3.663081
0.391187 -6.323690 3.611807
0.271199 -6.107688 3.462436
0.505792 -6.008800 3.352959
0.966887 -6.086165 3.299611
1.141991 -6.164141 3.271660
1.055234 -6.236578 3.355458
1.000419 -6.208677 3.420487
0.869506 -6.228876 3.460383
0.831818 -6.249555 3.489016
0.849061 -6.282550 3.508257
0.990055 -6.339289 3.518750
1.046341 -6.355145 3.521644
1.103644 -6.349253 3.518440
1.166883 -6.362228 3.511519
1.215112 -6.343460 3.439059
1.294033 -6.323003 3.384423
1.296181 -6.264344 3.436881
1.375066 -6.168897 3.437097
1.394096 -6.122495 3.408441
1.414257 -6.003809 3.329141
1.586963 -5.879832 3.226480
1.731319 -5.840911 3.166345
1.755841 -5.860404 3.195109
1.697650 -6.082527 3.319276
1.693761 -6.218305 3.390411
1.682435 -6.322436 3.410637
1.689775 -6.422011 3.474960
1.670745 -6.503927 3.537187
1.716378 -6.499864 3.572682
1.555421 -6.459186 3.657930
1.284244 -6.460678 3.717797
1.169128 -6.491520 3.695026
1.129994 -6.584143 3.659712
1.119510 -6.437827 3.668039
1.180051 -6.258751 3.655620
1.225333 -6.150802 3.583901
1.276533 -6.133249 3.511925
1.412781 -6.130507 3.473553
1.579619 -6.097001 3.423874
1.616204 -6.097027 3.423713
1.657801 -6.083513 3.397047
1.596047 -6.089107 3.396783
1.490337 -6.089731 3.461482
1.328872 -6.121779 3.454638
1.314808 -6.093683 3.430932
1.391426 -5.660204 3.316499
1.457819 -5.555113 3.268919
1.397376 -5.630951 3.349114
1.344999 -5.875124 3.445096
1.256004 -6.187499 3.515560
1.278818 -6.234124 3.622853
1.353494 -6.296677 3.681359
1.322131 -6.325750 3.784891
1.420533 -6.325859 3.752382
1.386644 -6.271753 3.748313
1.392726 -6.209827 3.795504
1.283581 -6.102331 3.644182
1.075644 -5.999098 3.481655
0.948504 -5.857187 3.442183
0.752892 -6.037073 3.416853
0.823716 -5.796572 3.458145
1.004602 -5.778297 3.512970
1.235568 -5.876401 3.757196
1.409322 -5.785642 3.648807
1.482072 -5.625556 3.486220
1.501531 -5.514900 3.352818
1.444832 -5.520460 3.232881
1.217482 -5.816578 3.157776
1.093013 -6.268732 3.312257
1.227498 -6.192966 3.531608
1.301470 -6.177543 3.621248
1.129341 -6.210106 3.743324
1.063453 -6.184313 3.726797
0.761359 -6.086761 3.712802
0.364625 -5.951951 3.862119
0.131530 -5.833147 3.548391
0.075964 -5.751298 3.434052
0.105664 -5.685096 3.444355
0.093156 -5.676875 3.483225
0.095785 -5.658122 3.527000
0.040862 -5.717435 3.576055
0.000638 -5.744709 3.586229
-0.166036 -5.788228 3.630350
-0.106715 -5.785817 3.614383
0.113035 -5.581262 3.477955
0.118855 -5.584852 3.465588
0.049815 -5.613630 3.523197
-0.301839 -5.692890 3.640853
-0.361915 -5.803542 3.637381
-0.504423 -5.808891 3.683963
-0.679711 -5.855551 3.802116
-0.734077 -5.784113 3.925848
-0.671912 -5.816703 3.827323
-0.520600 -5.763167 3.693364
-0.413898 -5.785290 3.679037
-0.194544 -5.758999 3.593203
-0.182092 -5.620533 3.551299
-0.006241 -5.420713 3.457953
0.105462 -5.557575 3.476532
0.250535 -5.617675 3.540775
0.173657 -5.812953 3.622841
0.370027 -5.936348 3.621399
0.535109 -5.990127 3.673321
0.470562 -6.040997 3.755011
0.473371 -6.024120 3.716699
0.360581 -6.000497 3.723344
0.275681 -5.968218 3.757489
0.245331 -5.929994 3.695710
0.307025 -5.855824 3.618575
0.367794 -5.803869 3.593510
0.612364 -5.572455 3.410230
0.669696 -5.512736 3.390827
0.730860 -5.642393 3.434031
0.766736 -5.702377 3.458061
0.760930 -5.718450 3.474309
0.853211 -5.654619 3.398611
0.876241 -5.603407 3.343265
0.858602 -5.484233 3.437921
0.511452 -5.662814 3.557171
0.198779 -5.733457 3.476913
-0.024428 -5.800325 3.533664
-0.236899 -5.928372 3.623479
-0.197917 -5.958608 3.664973
-0.139171 -5.981540 3.721067
-0.107017 -6.022937 3.802340
-0.048832 -6.022356 3.777239
-0.201006 -5.932841 3.738786
-0.427936 -5.867268 3.742933
-0.785390 -5.642221 3.697885
-1.028303 -5.789324 3.622804
-0.630278 -5.720682 3.546432
-0.427462 -5.539091 3.554723
-0.494224 -5.563644 3.563989
-0.494809 -5.566378 3.562602
-1.006034 -5.220586 3.507342
-1.360437 -4.946054 3.502440
-1.313446 -4.884052 3.406390
-1.409826 -4.827204 3.364203
-1.572739 -4.750040 3.355474
-1.598467 -4.710318 3.329247
-1.715050 -4.853420 3.424711
-1.892084 -5.191371 3.616007
-2.156925 -5.342966 3.819984
-2.485350 -5.368448 3.971690
-2.640367 -5.327897 4.038718
-2.850708 -5.225799 4.133272
-3.043045 -5.148782 4.214800
-3.249426 -5.097409 4.405870
-3.443191 -4.994263 4.281224
-3.586355 -4.909416 4.171679
-3.560898 -4.770567 4.119269
-3.494604 -4.673894 4.000807
-3.433732 -4.629670 3.988611
-3.319684 -4.635747 3.969060
-3.249108 -4.678274 4.048030
-3.283086 -4.657871 3.934754
-3.382203 -4.660956 3.944632
-3.533483 -4.700174 4.006939
-3.676172 -5.019822 4.002446
-3.600533 -4.932689 4.067783
-3.410943 -4.719470 4.242902
-3.337267 -4.808953 4.183437
-3.510481 -4.810391 4.180196
-3.675513 -4.772269 4.185036
-4.006439 -4.633481 4.219673
-4.136728 -4.536223 4.209073
-4.134453 -4.532062 4.254876
-4.068009 -4.540975 4.152923
-3.883212 -4.538132 4.100198
-3.815126 -4.554346 4.086517
-3.655118 -4.442309 3.966194
-3.538533 -4.229049 3.846503
-3.468134 -4.175396 3.764233
-3.465523 -4.112479 3.669180
-3.364911 -3.800158 3.681761
-3.275121 -3.773500 3.632391
-3.193650 -3.988708 3.659465
-3.240701 -4.290024 3.778985
-3.305407 -4.472207 3.932924
-3.427769 -4.594814 4.055486
-3.465855 -4.695975 4.135285
-3.465804 -4.758007 4.190166
-3.737241 -4.927400 4.237285
-3.907820 -4.591350 4.400007
-4.130415 -4.340447 4.530075
-4.374601 -4.363303 4.420384
-4.613518 -4.296008 4.349063
-4.666274 -3.965730 4.370660
-4.725745 -3.747550 4.260813
-4.594305 -3.697547 4.136351
-4.420754 -3.716764 4.073843
-4.258912 -3.751116 4.005640
-4.309311 -3.779369 4.016154
-4.499010 -3.780557 4.033255
-4.720392 -3.740725 4.120366
-4.985361 -3.679202 4.195565
-5.142043 -3.654236 4.236952
-5.087467 -3.716632 4.394827
-5.163770 -3.693338 4.417390
-5.321270 -3.633661 4.384993
-5.452559 -3.601364 4.415891
-5.567851 -3.461256 4.449674
-5.665870 -3.288760 4.395313
-5.508374 -3.016962 4.190323
-5.378034 -2.856435 4.034777
-5.192598 -2.773547 3.956739
-5.026776 -2.749123 3.900831
-4.822887 -2.824427 3.828750
-4.578855 -2.901725 3.726845
-4.583042 -3.167135 3.815720
-4.718237 -3.380434 3.985331
-4.983790 -3.487940 4.221101
-5.124124 -3.526088 4.309551
-5.170379 -3.538843 4.338183
-5.444020 -3.372820 4.506565
-5.609713 -3.430417 4.531037
-5.661227 -3.183617 4.584050
-5.741948 -3.063567 4.597655
-5.762173 -2.954265 4.543620
-5.872919 -2.809876 4.515876
-5.914730 -2.716214 4.414141
-5.883749 -2.599123 4.391957
-5.873520 -2.566169 4.380253
-5.779081 -2.487904 4.317920
-5.673014 -2.544605 4.253817
-5.576820 -2.584682 4.251717
-5.653617 -2.795023 4.213769
-5.424638 -2.665457 4.186101
-5.191117 -2.431073 4.056162
-5.090983 -2.300898 3.974336
-5.089922 -2.188395 3.948284
-5.396464 -2.239107 4.070076
-5.489193 -2.523845 4.142725
-5.638208 -2.661293 4.319506
-5.696395 -2.724378 4.434734
-5.739354 -2.805485 4.490801
-5.853645 -2.671205 4.615006
-5.891837 -2.629164 4.705194
-6.003332 -2.485148 4.720889
-6.182343 -2.345096 4.689542
-6.224137 -2.235111 4.697720
-6.289260 -2.271298 4.759054
-6.100689 -2.061980 4.495601
-5.803991 -1.896440 4.196877
-5.598604 -1.811987 4.078834
-5.578288 -1.645506 4.097973
-5.455445 -1.660545 4.017972
-5.295352 -1.708262 3.949751
-5.184310 -1.745453 3.870569
-5.084125 -1.775616 3.851504
-5.238379 -1.863498 3.960485
-5.447356 -2.044564 4.116816
-5.665272 -2.152120 4.374884
-5.822425 -2.067410 4.513313
-5.881542 -2.058366 4.577359
-6.029325 -1.917739 4.654771
-6.258012 -1.650527 4.821291
-6.419934 -1.481988 4.865938
-6.485061 -1.430625 4.888645
-6.657058 -1.357492 4.882389
-6.763101 -1.216212 4.925602
-6.645516 -1.290311 4.837194
-6.541412 -1.333218 4.793326
-6.368702 -1.446644 4.717743
-6.268035 -1.417940 4.662239
-6.252499 -1.315311 4.778231
-6.264014 -1.293133 4.581934
-6.198824 -1.393875 4.459641
-6.136245 -1.514808 4.479365
-6.072228 -1.687575 4.494281
-6.034043 -1.805167 4.531854
-6.000259 -1.866433 4.566231
-5.949181 -1.913753 4.581005
-6.057678 -1.786835 4.624925
-6.020883 -1.846753 4.630658
-5.845256 -1.813320 4.641058
-5.621652 -1.650256 4.335825
-5.382645 -1.544629 4.110715
-5.271561 -1.504921 4.066924
-5.164765 -1.480191 4.038460
-5.011022 -1.554241 3.936823
-4.776625 -1.716839 3.828467
-4.662424 -1.789548 3.796288
-4.806661 -1.987857 3.952283
-5.054668 -2.052580 4.155750
-5.278939 -2.079297 4.353003
-5.431182 -2.062116 4.496534
-5.516785 -2.006317 4.574259
-5.727227 -1.785910 4.675955
-5.889173 -1.569442 4.786026
-6.089500 -1.340635 4.861663
-6.253231 -1.181875 4.881518
-6.447590 -1.002855 5.038340
-6.617288 -0.909406 4.978994
-6.641857 -0.789882 4.894418
-6.612331 -0.744502 4.842371
-6.527183 -0.712287 4.783428
-6.437834 -0.735533 4.742672
-6.374393 -0.696578 4.655942
-6.372588 -0.750490 4.721142
-6.422842 -0.758033 4.644054
-6.399528 -0.760412 4.576893
-6.488105 -0.798114 4.600711
-6.594794 -0.769575 4.638994
-6.566707 -0.837110 4.710861
-6.582175 -0.881413 4.755821
-6.607382 -0.837381 4.733518
-6.647690 -0.807379 4.595789
-6.332937 -0.610056 4.413450
-6.136550 -0.464594 4.314296
-5.961763 -0.445770 4.204042
-5.932377 -0.418965 4.124988
-5.882419 -0.372251 4.132301
-5.887754 -0.318657 3.980983
-6.057450 -0.345425 4.012006
-6.434599 -0.401033 4.281476
-6.663633 -0.395595 4.484613
-6.847156 -0.379994 4.631428
-6.895074 -0.358665 4.751167
-6.953040 -0.280705 4.812278
-6.985012 -0.234709 4.956114
-7.111283 -0.245122 4.912180
-7.178978 -0.131778 4.899946
-7.042306 -0.310085 4.863462
-7.000779 -0.398995 4.812669
-6.967105 -0.430215 4.708757
-6.909283 -0.469941 4.670770
-6.780912 -0.520605 4.649853
-6.737384 -0.539253 4.548225
-6.736937 -0.560393 4.387254
-6.928460 -0.624554 4.309963
-6.673947 -0.556032 4.340219
-6.551552 -0.551537 4.337280
-6.642577 -0.558002 4.378999
-6.720576 -0.668016 4.411456
-6.764482 -0.736296 4.455389
-6.810973 -0.784443 4.535599
-6.776067 -0.853319 4.547454
-6.781188 -0.842796 4.589539
-6.520372 -0.841100 4.455665
-6.160478 -0.743421 4.417156
-5.891964 -0.751423 4.149644
-5.625461 -0.810169 3.869632
-5.497328 -0.872943 4.011610
-5.399248 -0.922077 3.920647
-5.355281 -1.200311 3.706295
-5.330151 -1.244476 3.802527
-5.429959 -1.304280 3.788112
-5.644371 -1.484691 3.879017
-5.748567 -1.538598 4.068411
-5.823070 -1.560698 4.199135
-5.946694 -1.390716 4.341911
-6.099113 -1.249272 4.451808
-6.236284 -1.104169 4.506671
-6.346859 -1.012649 4.531714
-6.509976 -0.862147 4.579828
-6.603452 -0.741314 4.579960
-6.701791 -0.580845 4.580153
-6.706254 -0.517749 4.541793
-6.641760 -0.529520 4.497216
-6.742364 -0.680563 4.364907
-6.583283 -0.716796 4.344313
-6.424274 -0.520567 4.376270
-6.316808 -0.635872 4.343563
-6.307151 -0.698923 4.304459
-6.359053 -0.785564 4.315733
-6.372421 -0.862854 4.364889
-6.412471 -0.933836 4.412081
-6.431660 -0.962826 4.462482
-6.429100 -1.011258 4.450679
-6.426770 -1.011729 4.479364
-6.280337 -0.897588 4.326212
-5.916651 -0.899634 4.113699
-5.635702 -0.894489 3.941815
-5.474436 -0.878588 3.862493
-5.366866 -0.856892 3.831227
-5.307365 -0.887844 3.743931
-5.101604 -1.035078 3.633169
-5.021663 -1.126231 3.579755
-5.254848 -1.425248 3.606185
-5.129296 -1.606574 3.807451
-5.294835 -1.644465 4.071427
-5.444817 -1.643892 4.227949
-5.489171 -1.745513 4.270905
-5.585125 -1.656198 4.312987
-5.726625 -1.478344 4.438321
-6.108234 -1.434199 4.443037
-6.070424 -1.135830 4.548184
-6.139719 -0.985327 4.594270
-6.409335 -0.715968 4.652034
-6.415051 -0.670900 4.613254
-6.396986 -0.663309 4.550976
-6.407404 -0.601298 4.498305
-6.413625 -0.515447 4.428684
-6.406628 -0.449467 4.430116
-6.373147 -0.448558 4.401322
-6.410199 -0.489949 4.425467
-6.420713 -0.513626 4.423600
-6.434798 -0.618286 4.410948
-6.431241 -0.720437 4.424248
-6.413632 -0.777269 4.453128
-6.472151 -0.795269 4.482262
-6.646791 -0.929919 4.450772
-6.586867 -0.803113 4.520549
-6.535134 -0.703919 4.594845
-6.581297 -0.718664 4.581406
-6.637432 -0.756743 4.575412
-6.657995 -0.750206 4.561093
-6.736328 -0.684222 4.565531
-6.731738 -0.642213 4.552654
-6.739231 -0.623559 4.515889
-6.669102 -0.677629 4.519120
-6.430446 -0.722408 4.351895
-6.164450 -0.648026 4.180201
-6.163265 -0.700230 4.002158
-5.839181 -0.511067 4.001209
-5.725888 -0.402194 3.992395
-5.856712 -0.569703 3.833680
-5.668356 -0.701315 3.723396
-5.256522 -0.607884 3.970551
-5.422351 -0.677702 3.928178
-5.727865 -0.859977 3.999982
-5.975267 -0.903599 4.256821
-6.125099 -0.925188 4.396985
-6.272450 -0.799717 4.507588
-6.442824 -0.540103 4.620236
-6.638705 -0.294956 4.753364
-6.796475 -0.344457 4.717353
-6.791842 -0.219251 4.765768
-6.854259 -0.104007 4.825039
-6.942070 -0.073596 4.830413
-6.941177 -0.054075 4.802739
