x y z
0.122345 -0.074923 0.139663
0.122345 -0.074923 0.139663
0.122345 -0.074923 0.139663
0.122345 -0.074923 0.139663
0.122345 -0.074923 0.139663
0.122345 -0.074923 0.139663
0.122343 -0.074930 0.139661
0.122343 -0.074930 0.139661
0.122343 -0.074936 0.139659
0.122343 -0.074930 0.139661
0.122342 -0.074932 0.139660
0.122342 -0.074932 0.139660
0.122343 -0.074930 0.139661
0.122343 -0.074930 0.139661
0.122343 -0.074930 0.139661
0.122343 -0.074928 0.139660
0.122343 -0.074929 0.139660
0.122343 -0.074933 0.139663
0.122343 -0.074942 0.139669
0.122342 -0.074949 0.139674
0.122341 -0.074954 0.139679
0.122340 -0.074967 0.139688
0.122339 -0.074980 0.139695
0.122338 -0.074994 0.139702
0.122336 -0.075010 0.139711
0.122337 -0.075027 0.139720
0.122338 -0.075041 0.139728
0.122339 -0.075059 0.139739
0.122341 -0.075076 0.139749
0.122342 -0.075100 0.139765
0.122341 -0.075115 0.139779
0.122342 -0.075131 0.139792
0.122349 -0.075139 0.139805
0.122359 -0.075150 0.139823
0.122365 -0.075161 0.139838
0.122379 -0.075175 0.139860
0.122395 -0.075196 0.139881
0.122409 -0.075216 0.139901
0.122415 -0.075227 0.139909
0.122436 -0.075268 0.139935
0.122443 -0.075283 0.139946
0.122456 -0.075313 0.139964
0.122462 -0.075327 0.139972
0.122480 -0.075362 0.139994
0.122497 -0.075382 0.140013
0.122508 -0.075392 0.140025
0.122534 -0.075407 0.140048
0.122557 -0.075420 0.140069
0.122574 -0.075428 0.140090
0.122587 -0.075435 0.140112
0.122597 -0.075439 0.140122
0.122609 -0.075445 0.140138
0.122623 -0.075458 0.140156
0.122639 -0.075470 0.140168
0.122653 -0.075485 0.140184
0.122662 -0.075495 0.140193
0.122670 -0.075498 0.140201
0.122682 -0.075511 0.140217
0.122699 -0.075520 0.140233
0.122718 -0.075529 0.140254
0.122726 -0.075530 0.140261
0.122735 -0.075534 0.140274
0.122749 -0.075541 0.140289
0.122762 -0.075552 0.140306
0.122779 -0.075561 0.140319
0.122796 -0.075569 0.140331
0.122819 -0.075578 0.140343
0.122845 -0.075583 0.140354
0.122870 -0.075593 0.140367
0.122895 -0.075602 0.140380
0.122917 -0.075607 0.140389
0.122930 -0.075607 0.140395
0.122969 -0.075611 0.140411
0.122983 -0.075612 0.140416
0.123006 -0.075615 0.140425
0.123030 -0.075617 0.140432
0.123061 -0.075619 0.140439
0.123089 -0.075621 0.140445
0.123116 -0.075626 0.140454
0.123149 -0.075628 0.140462
0.123163 -0.075626 0.140465
0.123187 -0.075627 0.140472
0.123206 -0.075625 0.140478
0.123224 -0.075627 0.140485
0.123245 -0.075627 0.140493
0.123266 -0.075626 0.140499
0.123286 -0.075626 0.140505
0.123313 -0.075629 0.140515
0.123341 -0.075632 0.140524
0.123354 -0.075633 0.140530
0.123383 -0.075632 0.140539
0.123406 -0.075635 0.140548
0.123431 -0.075635 0.140558
0.123442 -0.075634 0.140562
0.123462 -0.075639 0.140573
0.123485 -0.075637 0.140581
0.123506 -0.075641 0.140590
0.123520 -0.075643 0.140597
0.123545 -0.075646 0.140605
0.123566 -0.075654 0.140617
0.123573 -0.075651 0.140621
0.123585 -0.075649 0.140628
0.123597 -0.075643 0.140632
0.123610 -0.075630 0.140637
0.123623 -0.075623 0.140644
0.123641 -0.075610 0.140647
0.123658 -0.075605 0.140655
0.123676 -0.075602 0.140660
0.123691 -0.075598 0.140658
0.123703 -0.075594 0.140656
0.123705 -0.075594 0.140653
0.123701 -0.075590 0.140646
0.123696 -0.075585 0.140641
0.123692 -0.075566 0.140632
0.123681 -0.075531 0.140624
0.123676 -0.075488 0.140618
0.123685 -0.075446 0.140614
0.123703 -0.075405 0.140613
0.123723 -0.075366 0.140612
0.123733 -0.075340 0.140608
0.123745 -0.075305 0.140599
0.123745 -0.075292 0.140593
0.123736 -0.075278 0.140581
0.123719 -0.075271 0.140564
0.123715 -0.075255 0.140547
0.123705 -0.075230 0.140525
0.123705 -0.075198 0.140508
0.123712 -0.075165 0.140498
0.123730 -0.075098 0.140487
0.123752 -0.075030 0.140480
0.123769 -0.074983 0.140475
0.123799 -0.074901 0.140472
0.123809 -0.074847 0.140465
0.123804 -0.074774 0.140444
0.123786 -0.074716 0.140415
0.123781 -0.074638 0.140377
0.123792 -0.074552 0.140342
0.123804 -0.074467 0.140318
0.123811 -0.074389 0.140298
0.123814 -0.074316 0.140282
0.123807 -0.074246 0.140266
0.123794 -0.074185 0.140252
0.123773 -0.074102 0.140230
0.123758 -0.074028 0.140209
0.123739 -0.073942 0.140187
0.123722 -0.073842 0.140161
0.123709 -0.073746 0.140139
0.123693 -0.073620 0.140108
0.123684 -0.073530 0.140088
0.123665 -0.073434 0.140063
0.123637 -0.073328 0.140032
0.123615 -0.073255 0.140006
0.123589 -0.073180 0.139978
0.123548 -0.073084 0.139941
0.123512 -0.072999 0.139909
0.123472 -0.072900 0.139877
0.123443 -0.072791 0.139848
0.123430 -0.072686 0.139827
0.123413 -0.072586 0.139811
0.123360 -0.072470 0.139788
0.123307 -0.072350 0.139759
0.123255 -0.072251 0.139734
0.123196 -0.072154 0.139708
0.123156 -0.072091 0.139691
0.123090 -0.071994 0.139661
0.123033 -0.071908 0.139628
0.122970 -0.071803 0.139590
0.122911 -0.071720 0.139561
0.122847 -0.071646 0.139538
0.122756 -0.071531 0.139516
0.122620 -0.071395 0.139473
0.122514 -0.071276 0.139435
0.122387 -0.071145 0.139397
0.122256 -0.071017 0.139362
0.122146 -0.070926 0.139335
0.122008 -0.070835 0.139306
0.121875 -0.070770 0.139278
0.121724 -0.070697 0.139247
0.121587 -0.070648 0.139215
0.121442 -0.070593 0.139172
0.121291 -0.070541 0.139122
0.121156 -0.070502 0.139089
0.121031 -0.070477 0.139056
0.120889 -0.070442 0.139017
0.120759 -0.070417 0.138971
0.120595 -0.070393 0.138917
0.120505 -0.070395 0.138873
0.120361 -0.070390 0.138810
0.120254 -0.070405 0.138762
0.120150 -0.070427 0.138719
0.120044 -0.070444 0.138668
0.119955 -0.070454 0.138622
0.119865 -0.070466 0.138572
0.119779 -0.070472 0.138526
0.119694 -0.070481 0.138485
0.119639 -0.070478 0.138460
0.119564 -0.070479 0.138430
0.119493 -0.070476 0.138403
0.119422 -0.070469 0.138375
0.119320 -0.070482 0.138338
0.119255 -0.070477 0.138312
0.119183 -0.070471 0.138289
0.119118 -0.070456 0.138272
0.119094 -0.070449 0.138267
0.119061 -0.070413 0.138259
0.119025 -0.070394 0.138253
0.118954 -0.070400 0.138242
0.118913 -0.070386 0.138235
0.118845 -0.070364 0.138223
0.118787 -0.070343 0.138213
0.118720 -0.070312 0.138200
0.118662 -0.070285 0.138191
0.118592 -0.070253 0.138181
0.118531 -0.070222 0.138173
0.118450 -0.070181 0.138163
0.118394 -0.070151 0.138158
0.118318 -0.070119 0.138154
0.118251 -0.070097 0.138145
0.118182 -0.070058 0.138143
0.118111 -0.070027 0.138135
0.118061 -0.070000 0.138134
0.117993 -0.069964 0.138128
0.117902 -0.069914 0.138125
0.117792 -0.069864 0.138117
0.117723 -0.069838 0.138113
0.117691 -0.069829 0.138110
0.117654 -0.069817 0.138106
0.117561 -0.069782 0.138102
0.117411 -0.069715 0.138113
0.117309 -0.069677 0.138115
0.117251 -0.069654 0.138116
0.117137 -0.069607 0.138117
0.117017 -0.069561 0.138114
0.116910 -0.069522 0.138108
0.116798 -0.069485 0.138102
0.116680 -0.069450 0.138098
0.116579 -0.069413 0.138097
0.116484 -0.069373 0.138096
0.116379 -0.069327 0.138092
0.116278 -0.069280 0.138092
0.116170 -0.069235 0.138093
0.116104 -0.069206 0.138097
0.116045 -0.069173 0.138101
0.115917 -0.069120 0.138105
0.115751 -0.069063 0.138111
0.115634 -0.069014 0.138115
0.115531 -0.068968 0.138117
0.115422 -0.068925 0.138118
0.115302 -0.068889 0.138117
0.115217 -0.068861 0.138115
0.115101 -0.068825 0.138112
0.115021 -0.068791 0.138110
0.114914 -0.068739 0.138111
0.114816 -0.068681 0.138113
0.114692 -0.068598 0.138117
0.114578 -0.068527 0.138120
0.114503 -0.068479 0.138122
0.114291 -0.068361 0.138134
0.114117 -0.068257 0.138134
0.113942 -0.068150 0.138130
0.113774 -0.068044 0.138127
0.113678 -0.067982 0.138126
0.113551 -0.067915 0.138125
0.113404 -0.067832 0.138127
0.113228 -0.067729 0.138131
0.113131 -0.067664 0.138134
0.113040 -0.067596 0.138136
0.112903 -0.067492 0.138139
0.112765 -0.067385 0.138137
0.112646 -0.067304 0.138137
0.112517 -0.067234 0.138138
0.112390 -0.067174 0.138140
0.112285 -0.067130 0.138143
0.112121 -0.067063 0.138145
0.112005 -0.067013 0.138144
0.111873 -0.066957 0.138144
0.111773 -0.066912 0.138144
0.111600 -0.066835 0.138147
0.111491 -0.066786 0.138150
0.111377 -0.066730 0.138154
0.111267 -0.066670 0.138158
0.111101 -0.066587 0.138167
0.110976 -0.066516 0.138173
0.110826 -0.066433 0.138181
0.110678 -0.066344 0.138185
0.110547 -0.066270 0.138184
0.110420 -0.066203 0.138184
0.110299 -0.066138 0.138183
0.110152 -0.066080 0.138183
0.110003 -0.066032 0.138184
0.109853 -0.065991 0.138185
0.109688 -0.065962 0.138189
0.109534 -0.065937 0.138194
0.109356 -0.065909 0.138200
0.109197 -0.065883 0.138207
0.109001 -0.065854 0.138216
0.108847 -0.065824 0.138222
0.108733 -0.065800 0.138226
0.108568 -0.065776 0.138234
0.108390 -0.065763 0.138243
0.108245 -0.065757 0.138249
0.108086 -0.065764 0.138255
0.108001 -0.065766 0.138255
0.107816 -0.065784 0.138260
0.107635 -0.065805 0.138264
0.107457 -0.065826 0.138265
0.107345 -0.065840 0.138265
0.107071 -0.065865 0.138271
0.106905 -0.065873 0.138278
0.106729 -0.065879 0.138287
0.106566 -0.065882 0.138294
0.106438 -0.065881 0.138301
0.106324 -0.065889 0.138309
0.106041 -0.065902 0.138322
0.105860 -0.065911 0.138325
0.105705 -0.065917 0.138325
0.105541 -0.065942 0.138325
0.105323 -0.065953 0.138322
0.105131 -0.065968 0.138318
0.104947 -0.065980 0.138315
0.104753 -0.065990 0.138312
0.104607 -0.065988 0.138311
0.104431 -0.065990 0.138311
0.104204 -0.065983 0.138311
0.103939 -0.065987 0.138314
0.103760 -0.065984 0.138314
0.103575 -0.065980 0.138312
0.103437 -0.065973 0.138307
0.103285 -0.065979 0.138305
0.103011 -0.065991 0.138297
0.102863 -0.065985 0.138288
0.102676 -0.065991 0.138279
0.102492 -0.066000 0.138271
0.102216 -0.066024 0.138261
0.102035 -0.066033 0.138250
0.101906 -0.066027 0.138239
0.101703 -0.066037 0.138225
0.101539 -0.066047 0.138215
0.101389 -0.066058 0.138204
0.101167 -0.066066 0.138185
0.100952 -0.066081 0.138167
0.100767 -0.066091 0.138148
0.100596 -0.066096 0.138131
0.100401 -0.066104 0.138111
0.100288 -0.066103 0.138096
0.100121 -0.066106 0.138075
0.099961 -0.066111 0.138057
0.099806 -0.066120 0.138037
0.099651 -0.066127 0.138016
0.099564 -0.066122 0.137999
0.099332 -0.066136 0.137965
0.099193 -0.066144 0.137941
0.099036 -0.066156 0.137913
0.098905 -0.066169 0.137886
0.098765 -0.066183 0.137856
0.098626 -0.066202 0.137827
0.098492 -0.066224 0.137799
0.098368 -0.066247 0.137775
0.098230 -0.066279 0.137747
0.098115 -0.066304 0.137724
0.098016 -0.066330 0.137706
0.097872 -0.066364 0.137679
0.097783 -0.066394 0.137666
0.097669 -0.066436 0.137649
0.097529 -0.066480 0.137630
0.097420 -0.066522 0.137615
0.097286 -0.066569 0.137598
0.097231 -0.066603 0.137589
0.097077 -0.066663 0.137571
0.096957 -0.066725 0.137558
0.096850 -0.066783 0.137544
0.096782 -0.066830 0.137537
0.096640 -0.066913 0.137529
0.096534 -0.066989 0.137525
0.096435 -0.067072 0.137528
0.096391 -0.067114 0.137531
0.096241 -0.067244 0.137540
0.096130 -0.067353 0.137549
0.096027 -0.067457 0.137555
0.095934 -0.067556 0.137563
0.095832 -0.067672 0.137572
0.095776 -0.067748 0.137581
0.095655 -0.067913 0.137600
0.095567 -0.068047 0.137616
0.095479 -0.068196 0.137632
0.095412 -0.068300 0.137637
0.095334 -0.068443 0.137644
0.095259 -0.068596 0.137654
0.095170 -0.068787 0.137669
0.095117 -0.068926 0.137681
0.095055 -0.069082 0.137694
0.094996 -0.069243 0.137707
0.094935 -0.069421 0.137724
0.094877 -0.069609 0.137743
0.094829 -0.069776 0.137761
0.094772 -0.069999 0.137786
0.094731 -0.070161 0.137805
0.094709 -0.070306 0.137820
0.094657 -0.070542 0.137849
0.094614 -0.070743 0.137876
0.094571 -0.070936 0.137900
0.094532 -0.071151 0.137929
0.094502 -0.071351 0.137954
0.094490 -0.071476 0.137969
0.094452 -0.071740 0.138008
0.094426 -0.071896 0.138031
0.094387 -0.072130 0.138069
0.094355 -0.072314 0.138098
0.094311 -0.072599 0.138143
0.094289 -0.072763 0.138172
0.094266 -0.072909 0.138197
0.094244 -0.073118 0.138230
0.094220 -0.073320 0.138263
0.094209 -0.073435 0.138280
0.094165 -0.073792 0.138338
0.094144 -0.074022 0.138371
0.094126 -0.074251 0.138404
0.094102 -0.074528 0.138445
0.094086 -0.074772 0.138478
0.094074 -0.075014 0.138508
0.094070 -0.075232 0.138537
0.094070 -0.075503 0.138569
0.094073 -0.075729 0.138597
0.094083 -0.076049 0.138627
0.094086 -0.076195 0.138644
0.094097 -0.076447 0.138669
0.094115 -0.076706 0.138692
0.094142 -0.077035 0.138723
0.094165 -0.077291 0.138748
0.094183 -0.077467 0.138766
0.094214 -0.077707 0.138788
0.094251 -0.077958 0.138811
0.094295 -0.078225 0.138839
0.094348 -0.078471 0.138861
0.094403 -0.078718 0.138884
0.094461 -0.078942 0.138906
0.094531 -0.079183 0.138931
0.094602 -0.079380 0.138951
0.094693 -0.079617 0.138977
0.094773 -0.079802 0.138995
0.094861 -0.079973 0.139013
0.094989 -0.080228 0.139032
0.095096 -0.080381 0.139060
0.095238 -0.080610 0.139075
0.095366 -0.080786 0.139090
0.095507 -0.080947 0.139119
0.095637 -0.081089 0.139144
0.095757 -0.081205 0.139169
0.095972 -0.081429 0.139193
0.096132 -0.081568 0.139225
0.096274 -0.081686 0.139253
0.096430 -0.081798 0.139283
0.096620 -0.081921 0.139321
0.096786 -0.082021 0.139355
0.096950 -0.082112 0.139390
0.097135 -0.082202 0.139436
0.097294 -0.082263 0.139477
0.097476 -0.082348 0.139516
0.097679 -0.082414 0.139572
0.097870 -0.082472 0.139621
0.098086 -0.082531 0.139683
0.098268 -0.082574 0.139735
0.098473 -0.082616 0.139793
0.098680 -0.082654 0.139855
0.098877 -0.082689 0.139911
0.099040 -0.082716 0.139960
0.099292 -0.082744 0.140027
0.099443 -0.082766 0.140073
0.099746 -0.082792 0.140154
0.099983 -0.082812 0.140218
0.100138 -0.082825 0.140261
0.100361 -0.082834 0.140313
0.100627 -0.082844 0.140374
0.100821 -0.082854 0.140419
0.101083 -0.082865 0.140480
0.101294 -0.082874 0.140530
0.101408 -0.082876 0.140554
0.101704 -0.082878 0.140617
0.101978 -0.082885 0.140677
0.102206 -0.082885 0.140721
0.102393 -0.082887 0.140764
0.102589 -0.082883 0.140802
0.102789 -0.082885 0.140846
0.103020 -0.082896 0.140899
0.103205 -0.082907 0.140943
0.103424 -0.082924 0.140999
0.103608 -0.082939 0.141048
0.103832 -0.082964 0.141107
0.104005 -0.082990 0.141156
0.104198 -0.083021 0.141214
0.104386 -0.083052 0.141274
0.104624 -0.083100 0.141353
0.104782 -0.083131 0.141407
0.104940 -0.083169 0.141465
0.105104 -0.083210 0.141526
0.105280 -0.083265 0.141599
0.105409 -0.083310 0.141656
0.105541 -0.083367 0.141715
0.105720 -0.083451 0.141796
0.105863 -0.083526 0.141861
0.106040 -0.083642 0.141947
0.106171 -0.083728 0.142007
0.106302 -0.083808 0.142062
0.106447 -0.083915 0.142127
0.106604 -0.084041 0.142201
0.106742 -0.084136 0.142258
0.106860 -0.084228 0.142313
0.107008 -0.084345 0.142381
0.107146 -0.084457 0.142448
0.107282 -0.084564 0.142513
0.107420 -0.084669 0.142575
0.107566 -0.084780 0.142644
0.107736 -0.084905 0.142724
0.107855 -0.084995 0.142784
0.108013 -0.085093 0.142853
0.108148 -0.085174 0.142914
0.108297 -0.085249 0.142972
0.108464 -0.085345 0.143051
0.108631 -0.085431 0.143121
0.108784 -0.085514 0.143195
0.108945 -0.085598 0.143263
0.109103 -0.085683 0.143338
0.109265 -0.085765 0.143409
0.109419 -0.085843 0.143479
0.109599 -0.085929 0.143555
0.109786 -0.086017 0.143638
0.109948 -0.086091 0.143710
0.110130 -0.086165 0.143786
0.110340 -0.086247 0.143877
0.110518 -0.086309 0.143955
0.110659 -0.086359 0.144010
0.110835 -0.086416 0.144086
0.111110 -0.086486 0.144199
0.111302 -0.086534 0.144280
0.111503 -0.086575 0.144361
0.111708 -0.086610 0.144443
0.111912 -0.086642 0.144528
0.112131 -0.086667 0.144617
0.112338 -0.086682 0.144703
0.112546 -0.086692 0.144787
0.112756 -0.086700 0.144873
0.112934 -0.086703 0.144946
0.113137 -0.086706 0.145030
0.113362 -0.086697 0.145111
0.113554 -0.086696 0.145186
0.113738 -0.086692 0.145253
0.114018 -0.086677 0.145343
0.114203 -0.086674 0.145408
0.114408 -0.086667 0.145474
0.114611 -0.086656 0.145536
0.114780 -0.086651 0.145590
0.115049 -0.086629 0.145663
0.115301 -0.086606 0.145733
0.115440 -0.086592 0.145772
0.115730 -0.086557 0.145848
0.115939 -0.086528 0.145901
0.116154 -0.086497 0.145957
0.116385 -0.086460 0.146014
0.116555 -0.086433 0.146054
0.116829 -0.086384 0.146119
0.117065 -0.086345 0.146173
0.117214 -0.086318 0.146206
0.117369 -0.086289 0.146239
0.117628 -0.086248 0.146290
0.117835 -0.086216 0.146327
0.118060 -0.086182 0.146367
0.118188 -0.086159 0.146390
0.118446 -0.086124 0.146436
0.118642 -0.086095 0.146470
0.118814 -0.086067 0.146500
0.119003 -0.086032 0.146531
0.119202 -0.085992 0.146563
0.119369 -0.085961 0.146589
0.119570 -0.085928 0.146620
0.119714 -0.085917 0.146638
0.119831 -0.085926 0.146649
0.119896 -0.085933 0.146653
0.120122 -0.085888 0.146686
0.120250 -0.085909 0.146692
0.120427 -0.085893 0.146710
0.120649 -0.085860 0.146734
0.120882 -0.085859 0.146751
0.121157 -0.085830 0.146770
0.121346 -0.085830 0.146781
0.121521 -0.085826 0.146791
0.121721 -0.085806 0.146804
0.121915 -0.085820 0.146813
0.122073 -0.085808 0.146823
0.122292 -0.085825 0.146830
0.122458 -0.085834 0.146835
0.122626 -0.085836 0.146840
0.122775 -0.085834 0.146847
0.122942 -0.085839 0.146853
0.123130 -0.085861 0.146859
0.123344 -0.085879 0.146865
0.123507 -0.085893 0.146870
0.123674 -0.085900 0.146876
0.123847 -0.085914 0.146883
0.124016 -0.085923 0.146889
0.124188 -0.085944 0.146897
0.124362 -0.085970 0.146902
0.124515 -0.085992 0.146908
0.124756 -0.086043 0.146917
0.125074 -0.086118 0.146928
0.125290 -0.086164 0.146937
0.125522 -0.086210 0.146949
0.125700 -0.086240 0.146960
0.125804 -0.086255 0.146969
0.125940 -0.086276 0.146980
0.126079 -0.086291 0.146993
0.126149 -0.086299 0.147000
0.126300 -0.086316 0.147016
0.126410 -0.086331 0.147028
0.126509 -0.086345 0.147036
0.126593 -0.086363 0.147044
0.126670 -0.086378 0.147050
0.126789 -0.086411 0.147060
0.126888 -0.086444 0.147067
0.126982 -0.086478 0.147077
0.127070 -0.086510 0.147085
0.127147 -0.086541 0.147095
0.127219 -0.086568 0.147105
0.127277 -0.086586 0.147114
0.127311 -0.086601 0.147122
0.127392 -0.086620 0.147137
0.127429 -0.086634 0.147150
0.127471 -0.086644 0.147164
0.127523 -0.086653 0.147179
0.127556 -0.086660 0.147194
0.127600 -0.086665 0.147210
0.127626 -0.086668 0.147223
0.127646 -0.086668 0.147232
0.127658 -0.086669 0.147242
0.127665 -0.086671 0.147252
0.127657 -0.086667 0.147256
0.127649 -0.086662 0.147265
0.127630 -0.086654 0.147270
0.127601 -0.086641 0.147274
0.127570 -0.086628 0.147276
0.127537 -0.086615 0.147275
0.127505 -0.086602 0.147275
0.127467 -0.086585 0.147273
0.127449 -0.086579 0.147272
0.127348 -0.086543 0.147257
0.127282 -0.086519 0.147247
0.127234 -0.086506 0.147240
0.127174 -0.086490 0.147232
0.127137 -0.086482 0.147227
0.127060 -0.086462 0.147215
0.126879 -0.086405 0.147181
0.126790 -0.086381 0.147166
0.126698 -0.086353 0.147149
0.126570 -0.086323 0.147126
0.126428 -0.086287 0.147102
0.126334 -0.086265 0.147084
0.126141 -0.086219 0.147052
0.125985 -0.086182 0.147023
0.125811 -0.086136 0.146995
0.125691 -0.086115 0.146975
0.125468 -0.086051 0.146937
0.125322 -0.086019 0.146909
0.125123 -0.085966 0.146872
0.124890 -0.085904 0.146828
0.124692 -0.085855 0.146793
0.124466 -0.085799 0.146756
0.124329 -0.085766 0.146733
0.124015 -0.085678 0.146679
0.123808 -0.085622 0.146642
0.123591 -0.085565 0.146604
0.123362 -0.085511 0.146566
0.123089 -0.085446 0.146518
0.122928 -0.085407 0.146488
0.122641 -0.085336 0.146431
0.122406 -0.085274 0.146385
0.122196 -0.085223 0.146343
0.121958 -0.085163 0.146297
0.121677 -0.085094 0.146242
0.121470 -0.085045 0.146202
0.121238 -0.084991 0.146159
0.120914 -0.084914 0.146099
0.120754 -0.084875 0.146070
0.120433 -0.084803 0.146014
0.120289 -0.084766 0.145984
0.120109 -0.084726 0.145953
0.119951 -0.084696 0.145937
0.119902 -0.084688 0.145933
0.119599 -0.084633 0.145890
0.119389 -0.084589 0.145846
0.119029 -0.084519 0.145786
0.118835 -0.084487 0.145760
0.118585 -0.084441 0.145720
0.118441 -0.084415 0.145698
0.118224 -0.084374 0.145664
0.118046 -0.084349 0.145644
0.117924 -0.084340 0.145636
0.117704 -0.084302 0.145613
0.117634 -0.084289 0.145606
0.117441 -0.084261 0.145596
0.117340 -0.084237 0.145588
0.117162 -0.084211 0.145586
0.117020 -0.084189 0.145586
0.116858 -0.084169 0.145587
0.116765 -0.084157 0.145588
0.116621 -0.084137 0.145593
0.116540 -0.084129 0.145595
0.116424 -0.084114 0.145602
0.116355 -0.084106 0.145610
0.116271 -0.084099 0.145620
0.116191 -0.084092 0.145625
0.116128 -0.084084 0.145628
0.116061 -0.084083 0.145637
0.115985 -0.084087 0.145650
0.115917 -0.084096 0.145663
0.115826 -0.084109 0.145682
0.115775 -0.084118 0.145693
0.115745 -0.084122 0.145700
0.115715 -0.084129 0.145709
0.115663 -0.084138 0.145721
0.115612 -0.084149 0.145737
0.115572 -0.084159 0.145754
0.115524 -0.084175 0.145773
0.115505 -0.084180 0.145784
0.115472 -0.084198 0.145815
0.115461 -0.084204 0.145825
0.115440 -0.084213 0.145840
0.115433 -0.084217 0.145846
0.115414 -0.084226 0.145857
0.115397 -0.084237 0.145873
0.115383 -0.084251 0.145891
0.115383 -0.084267 0.145910
0.115390 -0.084285 0.145928
0.115397 -0.084294 0.145940
0.115405 -0.084308 0.145954
0.115426 -0.084337 0.145982
0.115441 -0.084355 0.146000
0.115453 -0.084370 0.146019
0.115473 -0.084389 0.146046
0.115498 -0.084403 0.146067
0.115532 -0.084420 0.146096
0.115571 -0.084434 0.146121
0.115615 -0.084448 0.146146
0.115659 -0.084461 0.146171
0.115694 -0.084469 0.146187
0.115735 -0.084479 0.146210
0.115769 -0.084485 0.146228
0.115792 -0.084488 0.146237
0.115851 -0.084500 0.146267
0.115880 -0.084506 0.146279
0.115923 -0.084515 0.146296
0.115964 -0.084523 0.146313
0.115995 -0.084530 0.146325
0.116034 -0.084539 0.146340
0.116085 -0.084549 0.146360
0.116152 -0.084561 0.146381
0.116199 -0.084573 0.146397
0.116246 -0.084585 0.146412
0.116300 -0.084598 0.146429
0.116338 -0.084607 0.146443
0.116424 -0.084626 0.146471
0.116472 -0.084634 0.146486
0.116510 -0.084640 0.146498
0.116538 -0.084646 0.146509
0.116602 -0.084656 0.146529
0.116663 -0.084666 0.146549
0.116749 -0.084682 0.146577
0.116810 -0.084694 0.146597
0.116878 -0.084708 0.146621
0.116921 -0.084718 0.146639
0.116985 -0.084736 0.146665
0.117019 -0.084746 0.146678
0.117094 -0.084767 0.146709
0.117157 -0.084788 0.146729
0.117219 -0.084807 0.146751
0.117278 -0.084829 0.146774
0.117338 -0.084853 0.146800
0.117361 -0.084864 0.146811
0.117424 -0.084889 0.146844
0.117468 -0.084905 0.146867
0.117516 -0.084925 0.146897
0.117555 -0.084940 0.146919
0.117595 -0.084957 0.146941
0.117608 -0.084970 0.146956
0.117641 -0.084991 0.146985
0.117655 -0.085011 0.147008
0.117674 -0.085027 0.147026
0.117690 -0.085041 0.147042
0.117712 -0.085067 0.147062
0.117712 -0.085082 0.147070
0.117727 -0.085115 0.147092
0.117728 -0.085143 0.147107
0.117718 -0.085167 0.147115
0.117711 -0.085197 0.147128
0.117706 -0.085239 0.147143
0.117695 -0.085269 0.147153
0.117678 -0.085309 0.147168
0.117649 -0.085339 0.147177
0.117619 -0.085360 0.147185
0.117584 -0.085382 0.147192
0.117542 -0.085416 0.147206
0.117505 -0.085436 0.147211
0.117466 -0.085459 0.147219
0.117438 -0.085470 0.147221
0.117361 -0.085496 0.147224
0.117298 -0.085519 0.147227
0.117239 -0.085549 0.147228
0.117191 -0.085573 0.147227
0.117139 -0.085598 0.147222
0.117084 -0.085629 0.147219
0.117010 -0.085661 0.147213
0.116936 -0.085692 0.147211
0.116864 -0.085715 0.147201
0.116784 -0.085743 0.147195
0.116702 -0.085771 0.147188
0.116629 -0.085791 0.147178
0.116543 -0.085834 0.147181
0.116459 -0.085844 0.147172
0.116342 -0.085866 0.147156
0.116240 -0.085888 0.147149
0.116146 -0.085901 0.147134
0.116031 -0.085929 0.147124
0.115937 -0.085943 0.147108
0.115803 -0.085974 0.147095
0.115691 -0.085990 0.147080
0.115569 -0.086002 0.147058
0.115476 -0.086007 0.147041
0.115321 -0.086032 0.147020
0.115189 -0.086045 0.146998
0.115054 -0.086062 0.146980
0.114889 -0.086078 0.146958
0.114717 -0.086091 0.146932
0.114587 -0.086098 0.146914
0.114399 -0.086109 0.146883
0.114239 -0.086121 0.146861
0.114105 -0.086126 0.146836
0.113913 -0.086141 0.146807
0.113797 -0.086148 0.146786
0.113577 -0.086164 0.146748
0.113456 -0.086173 0.146726
0.113275 -0.086181 0.146689
0.113106 -0.086196 0.146659
0.112963 -0.086202 0.146631
0.112745 -0.086216 0.146590
0.112585 -0.086220 0.146560
0.112371 -0.086229 0.146517
0.112230 -0.086232 0.146491
0.112051 -0.086236 0.146456
0.111950 -0.086240 0.146439
0.111787 -0.086244 0.146407
0.111546 -0.086254 0.146359
0.111435 -0.086259 0.146339
0.111243 -0.086266 0.146303
0.111024 -0.086276 0.146259
0.110845 -0.086285 0.146226
0.110635 -0.086291 0.146186
0.110437 -0.086298 0.146151
0.110280 -0.086299 0.146122
0.110135 -0.086301 0.146095
0.109959 -0.086298 0.146060
0.109825 -0.086297 0.146035
0.109637 -0.086293 0.146004
0.109490 -0.086285 0.145977
0.109366 -0.086279 0.145956
0.109230 -0.086267 0.145931
0.108981 -0.086253 0.145902
0.108802 -0.086242 0.145878
0.108701 -0.086228 0.145856
0.108634 -0.086220 0.145842
0.108432 -0.086210 0.145817
0.108338 -0.086195 0.145799
0.108154 -0.086180 0.145778
0.108021 -0.086164 0.145760
0.107957 -0.086152 0.145749
0.107774 -0.086128 0.145725
0.107641 -0.086113 0.145705
0.107534 -0.086095 0.145686
0.107459 -0.086076 0.145667
0.107355 -0.086059 0.145652
0.107303 -0.086046 0.145643
0.107170 -0.086011 0.145620
0.107097 -0.085989 0.145610
0.107019 -0.085955 0.145592
0.106958 -0.085931 0.145581
0.106893 -0.085899 0.145570
0.106829 -0.085864 0.145554
0.106788 -0.085839 0.145544
0.106719 -0.085787 0.145530
0.106697 -0.085761 0.145525
0.106674 -0.085737 0.145521
0.106653 -0.085709 0.145516
0.106612 -0.085658 0.145501
0.106586 -0.085634 0.145496
0.106576 -0.085594 0.145492
0.106578 -0.085562 0.145487
0.106582 -0.085525 0.145485
0.106586 -0.085496 0.145486
0.106587 -0.085466 0.145486
0.106586 -0.085427 0.145494
0.106590 -0.085401 0.145499
0.106592 -0.085366 0.145503
0.106608 -0.085323 0.145515
0.106641 -0.085295 0.145520
0.106656 -0.085278 0.145531
0.106671 -0.085251 0.145553
0.106694 -0.085219 0.145568
0.106712 -0.085184 0.145579
0.106730 -0.085161 0.145593
0.106779 -0.085136 0.145614
0.106804 -0.085114 0.145633
0.106811 -0.085099 0.145644
0.106834 -0.085071 0.145658
0.106851 -0.085054 0.145666
0.106873 -0.085026 0.145679
0.106898 -0.085004 0.145701
0.106919 -0.084989 0.145712
0.106937 -0.084968 0.145729
0.106961 -0.084940 0.145742
0.106991 -0.084929 0.145754
0.107016 -0.084921 0.145768
0.107034 -0.084916 0.145783
0.107047 -0.084904 0.145791
0.107053 -0.084896 0.145795
0.107063 -0.084891 0.145804
0.107075 -0.084894 0.145811
0.107094 -0.084901 0.145821
0.107114 -0.084909 0.145831
0.107125 -0.084917 0.145840
0.107134 -0.084930 0.145852
0.107138 -0.084941 0.145864
0.107136 -0.084955 0.145874
0.107130 -0.084967 0.145878
0.107131 -0.084979 0.145879
0.107128 -0.084991 0.145879
0.107118 -0.085011 0.145881
0.107118 -0.085028 0.145883
0.107103 -0.085037 0.145884
0.107060 -0.085047 0.145883
0.107044 -0.085053 0.145880
0.107027 -0.085063 0.145875
0.107006 -0.085077 0.145872
0.106992 -0.085098 0.145862
0.106961 -0.085107 0.145853
0.106927 -0.085114 0.145849
0.106884 -0.085122 0.145836
0.106821 -0.085133 0.145829
0.106775 -0.085145 0.145816
0.106732 -0.085153 0.145804
0.106695 -0.085161 0.145793
0.106655 -0.085175 0.145782
0.106576 -0.085181 0.145771
0.106506 -0.085178 0.145757
0.106440 -0.085187 0.145746
0.106380 -0.085186 0.145734
0.106315 -0.085192 0.145722
0.106253 -0.085192 0.145714
0.106167 -0.085191 0.145697
0.106072 -0.085186 0.145680
0.105961 -0.085179 0.145665
0.105855 -0.085168 0.145645
0.105751 -0.085156 0.145626
0.105622 -0.085141 0.145601
0.105499 -0.085124 0.145577
0.105427 -0.085114 0.145563
0.105264 -0.085096 0.145529
0.105130 -0.085065 0.145497
0.104977 -0.085038 0.145460
0.104881 -0.085017 0.145437
0.104691 -0.084991 0.145392
0.104624 -0.084978 0.145376
0.104376 -0.084939 0.145318
0.104160 -0.084899 0.145265
0.103948 -0.084867 0.145215
0.103761 -0.084831 0.145165
0.103588 -0.084807 0.145122
0.103492 -0.084785 0.145093
0.103280 -0.084743 0.145033
0.103106 -0.084707 0.144982
0.102975 -0.084676 0.144941
0.102768 -0.084632 0.144878
0.102662 -0.084604 0.144842
0.102519 -0.084568 0.144796
0.102379 -0.084535 0.144753
0.102236 -0.084500 0.144706
0.102049 -0.084456 0.144647
0.101944 -0.084426 0.144609
0.101721 -0.084367 0.144538
0.101582 -0.084324 0.144489
0.101419 -0.084272 0.144431
0.101171 -0.084201 0.144355
0.101049 -0.084151 0.144308
0.100831 -0.084074 0.144232
0.100668 -0.084004 0.144170
0.100504 -0.083932 0.144107
0.100340 -0.083860 0.144046
0.100193 -0.083783 0.143989
0.100063 -0.083716 0.143941
0.099891 -0.083623 0.143879
0.099738 -0.083533 0.143819
0.099567 -0.083427 0.143753
0.099389 -0.083321 0.143687
0.099192 -0.083190 0.143617
0.099072 -0.083115 0.143575
0.098908 -0.083001 0.143523
0.098772 -0.082901 0.143485
0.098677 -0.082824 0.143461
0.098471 -0.082680 0.143393
0.098312 -0.082559 0.143346
0.098214 -0.082473 0.143327
0.097953 -0.082288 0.143254
0.097804 -0.082174 0.143222
0.097646 -0.082049 0.143193
0.097525 -0.081949 0.143177
0.097328 -0.081795 0.143137
0.097242 -0.081718 0.143130
0.097060 -0.081571 0.143101
0.096920 -0.081456 0.143082
0.096741 -0.081309 0.143054
0.096555 -0.081150 0.143028
0.096445 -0.081056 0.143020
0.096283 -0.080918 0.143005
0.096191 -0.080838 0.143002
0.095989 -0.080664 0.142980
0.095875 -0.080570 0.142974
0.095677 -0.080397 0.142958
0.095517 -0.080258 0.142948
0.095330 -0.080091 0.142938
0.095191 -0.079967 0.142933
0.095060 -0.079851 0.142925
0.094911 -0.079714 0.142918
0.094748 -0.079553 0.142914
0.094594 -0.079408 0.142909
0.094501 -0.079322 0.142904
0.094344 -0.079171 0.142897
0.094220 -0.079043 0.142894
0.094023 -0.078821 0.142891
0.093902 -0.078678 0.142894
0.093783 -0.078543 0.142892
0.093675 -0.078418 0.142893
0.093597 -0.078334 0.142893
0.093441 -0.078106 0.142902
0.093369 -0.078015 0.142904
0.093239 -0.077794 0.142916
0.093165 -0.077686 0.142920
0.093025 -0.077422 0.142937
0.092937 -0.077241 0.142952
0.092889 -0.077147 0.142961
0.092798 -0.076909 0.142981
0.092713 -0.076663 0.143007
0.092660 -0.076520 0.143024
0.092595 -0.076323 0.143052
0.092553 -0.076151 0.143077
0.092508 -0.075956 0.143104
0.092466 -0.075743 0.143140
0.092446 -0.075589 0.143167
0.092421 -0.075460 0.143194
0.092411 -0.075232 0.143234
0.092403 -0.075041 0.143271
0.092400 -0.074838 0.143310
0.092418 -0.074593 0.143359
0.092435 -0.074411 0.143398
0.092457 -0.074214 0.143443
0.092491 -0.074025 0.143487
0.092507 -0.073894 0.143524
0.092550 -0.073712 0.143571
0.092622 -0.073536 0.143619
0.092662 -0.073388 0.143666
0.092725 -0.073238 0.143714
0.092831 -0.073053 0.143782
0.092939 -0.072872 0.143853
0.093022 -0.072789 0.143891
0.093142 -0.072638 0.143961
0.093237 -0.072559 0.144001
0.093354 -0.072472 0.144050
0.093486 -0.072373 0.144111
0.093622 -0.072289 0.144169
0.093764 -0.072215 0.144227
0.093917 -0.072141 0.144290
0.094093 -0.072065 0.144363
0.094231 -0.072029 0.144415
0.094406 -0.071984 0.144480
0.094589 -0.071944 0.144548
0.094773 -0.071903 0.144613
0.094922 -0.071896 0.144664
0.095161 -0.071890 0.144744
0.095355 -0.071888 0.144809
0.095573 -0.071895 0.144883
0.095776 -0.071902 0.144951
0.096046 -0.071926 0.145044
0.096222 -0.071952 0.145103
0.096464 -0.071985 0.145183
0.096752 -0.072032 0.145279
0.096855 -0.072050 0.145312
0.097159 -0.072111 0.145407
0.097376 -0.072160 0.145476
0.097681 -0.072228 0.145565
0.097931 -0.072285 0.145637
0.098205 -0.072357 0.145725
0.098419 -0.072415 0.145793
0.098666 -0.072479 0.145868
0.098967 -0.072555 0.145958
0.099184 -0.072615 0.146024
0.099383 -0.072671 0.146087
0.099692 -0.072760 0.146184
0.100001 -0.072845 0.146275
0.100179 -0.072900 0.146335
0.100492 -0.072991 0.146434
0.100699 -0.073047 0.146498
0.101064 -0.073146 0.146613
0.101298 -0.073210 0.146685
0.101575 -0.073281 0.146769
0.101773 -0.073331 0.146829
0.101987 -0.073386 0.146897
0.102154 -0.073427 0.146948
0.102545 -0.073534 0.147077
0.102797 -0.073604 0.147164
0.102935 -0.073639 0.147210
0.103036 -0.073664 0.147246
0.103433 -0.073764 0.147380
0.103636 -0.073816 0.147451
0.103805 -0.073860 0.147511
0.104106 -0.073937 0.147618
0.104212 -0.073963 0.147653
0.104438 -0.074019 0.147736
0.104653 -0.074076 0.147822
0.104798 -0.074113 0.147881
0.104925 -0.074146 0.147937
0.105105 -0.074190 0.148011
0.105343 -0.074247 0.148109
0.105549 -0.074295 0.148202
0.105673 -0.074323 0.148265
0.105754 -0.074338 0.148309
0.105898 -0.074366 0.148381
0.106047 -0.074390 0.148455
0.106168 -0.074410 0.148517
0.106356 -0.074440 0.148605
0.106441 -0.074453 0.148644
0.106581 -0.074467 0.148721
0.106668 -0.074474 0.148766
0.106733 -0.074482 0.148799
0.106828 -0.074490 0.148857
0.106912 -0.074492 0.148905
0.106970 -0.074496 0.148938
0.107039 -0.074497 0.148977
0.107105 -0.074496 0.149015
0.107183 -0.074489 0.149061
0.107240 -0.074483 0.149096
0.107311 -0.074471 0.149139
0.107363 -0.074461 0.149170
0.107420 -0.074445 0.149206
0.107466 -0.074430 0.149237
0.107524 -0.074407 0.149272
0.107576 -0.074382 0.149308
0.107637 -0.074342 0.149347
0.107675 -0.074312 0.149368
0.107715 -0.074275 0.149394
0.107748 -0.074244 0.149415
0.107784 -0.074198 0.149438
0.107806 -0.074162 0.149454
0.107824 -0.074125 0.149469
0.107848 -0.074073 0.149487
0.107865 -0.074025 0.149500
0.107881 -0.073977 0.149513
0.107894 -0.073928 0.149524
0.107908 -0.073865 0.149536
0.107918 -0.073812 0.149544
0.107924 -0.073768 0.149552
0.107931 -0.073720 0.149557
0.107934 -0.073655 0.149567
0.107937 -0.073611 0.149568
0.107941 -0.073561 0.149571
0.107942 -0.073508 0.149572
0.107942 -0.073454 0.149576
0.107946 -0.073386 0.149577
0.107946 -0.073350 0.149581
0.107944 -0.073301 0.149583
0.107943 -0.073242 0.149586
0.107942 -0.073216 0.149587
0.107941 -0.073161 0.149594
0.107939 -0.073116 0.149596
0.107938 -0.073070 0.149601
0.107938 -0.073032 0.149603
0.107940 -0.072985 0.149608
0.107941 -0.072946 0.149612
0.107945 -0.072904 0.149616
0.107949 -0.072876 0.149620
0.107954 -0.072840 0.149623
0.107967 -0.072797 0.149627
0.107977 -0.072764 0.149631
0.107989 -0.072734 0.149633
0.108003 -0.072703 0.149636
0.108013 -0.072680 0.149638
0.108030 -0.072651 0.149641
0.108051 -0.072619 0.149645
0.108064 -0.072598 0.149647
0.108088 -0.072568 0.149652
0.108106 -0.072546 0.149655
0.108125 -0.072524 0.149661
0.108143 -0.072503 0.149663
0.108167 -0.072479 0.149668
0.108188 -0.072456 0.149672
0.108209 -0.072439 0.149676
0.108233 -0.072417 0.149680
0.108252 -0.072401 0.149684
0.108272 -0.072384 0.149689
0.108293 -0.072367 0.149693
0.108309 -0.072351 0.149697
0.108328 -0.072335 0.149702
0.108347 -0.072317 0.149707
0.108358 -0.072310 0.149712
0.108376 -0.072296 0.149718
0.108396 -0.072278 0.149724
0.108417 -0.072261 0.149735
0.108436 -0.072246 0.149744
0.108452 -0.072234 0.149755
0.108464 -0.072224 0.149762
0.108485 -0.072209 0.149775
0.108504 -0.072196 0.149785
0.108523 -0.072184 0.149796
0.108542 -0.072174 0.149804
0.108568 -0.072161 0.149815
0.108594 -0.072145 0.149822
0.108624 -0.072134 0.149832
0.108651 -0.072120 0.149841
0.108682 -0.072104 0.149850
0.108704 -0.072092 0.149858
0.108740 -0.072067 0.149870
0.108772 -0.072050 0.149880
0.108791 -0.072037 0.149887
0.108849 -0.072002 0.149904
0.108891 -0.071977 0.149918
0.108928 -0.071953 0.149931
0.108972 -0.071926 0.149943
0.109027 -0.071891 0.149965
0.109073 -0.071860 0.149980
0.109110 -0.071832 0.149994
0.109177 -0.071784 0.150019
0.109228 -0.071745 0.150037
0.109287 -0.071702 0.150059
0.109356 -0.071651 0.150081
0.109417 -0.071608 0.150105
0.109463 -0.071573 0.150121
0.109579 -0.071497 0.150160
0.109659 -0.071442 0.150190
0.109748 -0.071381 0.150219
0.109811 -0.071337 0.150243
0.109943 -0.071254 0.150282
0.110032 -0.071202 0.150307
0.110156 -0.071122 0.150349
0.110256 -0.071067 0.150370
0.110366 -0.071003 0.150397
0.110492 -0.070922 0.150428
0.110628 -0.070839 0.150455
0.110777 -0.070746 0.150488
0.110913 -0.070665 0.150516
0.111051 -0.070586 0.150550
0.111211 -0.070504 0.150588
0.111374 -0.070415 0.150624
0.111491 -0.070346 0.150649
0.111701 -0.070223 0.150686
0.111855 -0.070116 0.150714
0.112000 -0.070014 0.150740
0.112135 -0.069924 0.150764
0.112321 -0.069830 0.150804
0.112435 -0.069767 0.150832
0.112681 -0.069627 0.150879
0.112811 -0.069530 0.150900
0.112967 -0.069387 0.150921
0.113143 -0.069236 0.150946
0.113314 -0.069136 0.150977
0.113487 -0.069056 0.151017
0.113626 -0.068987 0.151046
0.113838 -0.068855 0.151085
0.113992 -0.068741 0.151111
0.114127 -0.068616 0.151121
0.114263 -0.068506 0.151137
0.114457 -0.068403 0.151173
0.114625 -0.068322 0.151200
0.114800 -0.068229 0.151231
0.114941 -0.068123 0.151251
0.115050 -0.068018 0.151265
0.115194 -0.067899 0.151287
0.115331 -0.067814 0.151306
0.115485 -0.067732 0.151331
0.115637 -0.067647 0.151353
0.115750 -0.067569 0.151362
0.115875 -0.067478 0.151370
0.115977 -0.067384 0.151369
0.116065 -0.067304 0.151353
0.116206 -0.067184 0.151333
0.116322 -0.067108 0.151324
0.116433 -0.067057 0.151329
0.116540 -0.067004 0.151327
0.116616 -0.066913 0.151285
0.116688 -0.066803 0.151225
0.116781 -0.066705 0.151162
0.116859 -0.066640 0.151123
0.116955 -0.066590 0.151100
0.117020 -0.066552 0.151064
0.117098 -0.066447 0.150987
0.117164 -0.066349 0.150893
0.117222 -0.066266 0.150811
0.117267 -0.066224 0.150745
0.117352 -0.066135 0.150652
0.117408 -0.066067 0.150564
0.117451 -0.066009 0.150484
0.117516 -0.065918 0.150372
0.117562 -0.065842 0.150267
0.117583 -0.065786 0.150215
0.117607 -0.065725 0.150146
0.117632 -0.065586 0.149909
0.117648 -0.065501 0.149796
0.117666 -0.065441 0.149717
0.117696 -0.065356 0.149592
0.117723 -0.065213 0.149374
0.117734 -0.065141 0.149289
0.117747 -0.065021 0.149124
0.117759 -0.064918 0.148991
0.117768 -0.064849 0.148886
0.117797 -0.064686 0.148675
0.117806 -0.064606 0.148581
0.117832 -0.064451 0.148363
0.117845 -0.064376 0.148256
0.117880 -0.064184 0.148010
0.117899 -0.064082 0.147879
0.117908 -0.063963 0.147737
0.117911 -0.063862 0.147616
0.117927 -0.063697 0.147423
0.117931 -0.063504 0.147198
0.117932 -0.063362 0.147037
0.117928 -0.063240 0.146899
0.117921 -0.063088 0.146734
0.117913 -0.062960 0.146586
0.117900 -0.062838 0.146452
0.117894 -0.062737 0.146323
0.117880 -0.062619 0.146185
0.117860 -0.062448 0.145999
0.117843 -0.062342 0.145865
0.117829 -0.062285 0.145767
0.117802 -0.062201 0.145669
0.117771 -0.062096 0.145509
0.117742 -0.061984 0.145354
0.117717 -0.061902 0.145243
0.117691 -0.061849 0.145130
0.117665 -0.061798 0.145029
0.117642 -0.061766 0.144937
0.117627 -0.061768 0.144856
0.117601 -0.061730 0.144768
0.117583 -0.061729 0.144692
0.117569 -0.061725 0.144644
0.117545 -0.061768 0.144546
0.117536 -0.061787 0.144511
0.117509 -0.061857 0.144428
0.117489 -0.061912 0.144378
0.117465 -0.061992 0.144326
0.117442 -0.062071 0.144287
0.117415 -0.062178 0.144248
0.117388 -0.062292 0.144217
0.117361 -0.062418 0.144189
0.117334 -0.062576 0.144158
0.117314 -0.062700 0.144141
0.117296 -0.062816 0.144130
0.117267 -0.063037 0.144101
0.117243 -0.063269 0.144084
0.117228 -0.063415 0.144074
0.117210 -0.063628 0.144061
0.117195 -0.063820 0.144053
0.117181 -0.064044 0.144050
0.117169 -0.064245 0.144054
0.117155 -0.064471 0.144062
0.117142 -0.064659 0.144067
0.117133 -0.064816 0.144071
0.117103 -0.065128 0.144078
0.117086 -0.065428 0.144087
0.117085 -0.065698 0.144094
0.117080 -0.066047 0.144103
0.117077 -0.066301 0.144106
0.117065 -0.066598 0.144105
0.117053 -0.066855 0.144106
0.117041 -0.067114 0.144106
0.117033 -0.067298 0.144104
0.117029 -0.067551 0.144109
0.117029 -0.067775 0.144114
0.117025 -0.068013 0.144119
0.117019 -0.068197 0.144128
0.116999 -0.068570 0.144132
0.116978 -0.068844 0.144131
0.116960 -0.069057 0.144114
0.116947 -0.069228 0.144094
0.116930 -0.069605 0.144077
0.116923 -0.069724 0.144060
0.116924 -0.069973 0.144031
0.116913 -0.070330 0.143998
0.116899 -0.070456 0.143968
0.116875 -0.070781 0.143914
0.116865 -0.070919 0.143889
0.116856 -0.071127 0.143839
0.116858 -0.071254 0.143812
0.116847 -0.071394 0.143774
0.116835 -0.071543 0.143738
0.116794 -0.071742 0.143679
0.116748 -0.071942 0.143614
0.116712 -0.072075 0.143563
0.116677 -0.072212 0.143510
0.116629 -0.072380 0.143426
0.116600 -0.072499 0.143363
0.116581 -0.072607 0.143310
0.116530 -0.072727 0.143238
0.116493 -0.072804 0.143184
0.116443 -0.072927 0.143100
0.116369 -0.073079 0.142987
0.116321 -0.073163 0.142925
0.116256 -0.073288 0.142820
0.116195 -0.073383 0.142749
0.116149 -0.073454 0.142695
0.116051 -0.073601 0.142587
0.115978 -0.073692 0.142515
0.115880 -0.073797 0.142411
0.115798 -0.073887 0.142329
0.115696 -0.074004 0.142230
0.115619 -0.074104 0.142153
0.115547 -0.074197 0.142090
0.115450 -0.074321 0.142000
0.115346 -0.074433 0.141918
0.115216 -0.074576 0.141811
0.115110 -0.074709 0.141728
0.114997 -0.074856 0.141643
0.114903 -0.074973 0.141578
0.114790 -0.075131 0.141484
0.114671 -0.075273 0.141408
0.114516 -0.075430 0.141318
0.114419 -0.075530 0.141256
0.114265 -0.075689 0.141162
0.114109 -0.075843 0.141090
0.113972 -0.076002 0.141014
0.113824 -0.076157 0.140942
0.113677 -0.076306 0.140875
0.113481 -0.076481 0.140791
0.113274 -0.076685 0.140704
0.113079 -0.076868 0.140629
0.112952 -0.076994 0.140576
0.112724 -0.077211 0.140483
0.112562 -0.077352 0.140419
0.112347 -0.077528 0.140342
0.112231 -0.077625 0.140301
0.111958 -0.077831 0.140204
0.111766 -0.077984 0.140131
0.111520 -0.078153 0.140048
0.111363 -0.078257 0.139994
0.111181 -0.078386 0.139937
0.110914 -0.078557 0.139851
0.110682 -0.078699 0.139778
0.110475 -0.078816 0.139714
0.110224 -0.078952 0.139638
0.109903 -0.079124 0.139550
0.109693 -0.079228 0.139489
0.109417 -0.079349 0.139409
0.109257 -0.079419 0.139365
0.108920 -0.079546 0.139262
0.108695 -0.079627 0.139196
0.108493 -0.079700 0.139131
0.108278 -0.079777 0.139071
0.107947 -0.079888 0.138973
0.107703 -0.079960 0.138899
0.107393 -0.080047 0.138813
0.107170 -0.080109 0.138746
0.106898 -0.080179 0.138668
0.106588 -0.080254 0.138583
0.106383 -0.080301 0.138524
0.106120 -0.080358 0.138453
0.105793 -0.080423 0.138362
0.105587 -0.080466 0.138305
0.105281 -0.080523 0.138222
0.105028 -0.080570 0.138155
0.104873 -0.080597 0.138115
0.104505 -0.080656 0.138022
0.104237 -0.080698 0.137954
0.104045 -0.080723 0.137907
0.103724 -0.080761 0.137827
0.103534 -0.080779 0.137778
0.103285 -0.080801 0.137716
0.103049 -0.080824 0.137657
0.102772 -0.080840 0.137589
0.102538 -0.080854 0.137534
0.102284 -0.080866 0.137475
0.102030 -0.080877 0.137421
0.101767 -0.080884 0.137364
0.101579 -0.080888 0.137327
0.101273 -0.080894 0.137262
0.101043 -0.080896 0.137216
0.100741 -0.080903 0.137156
0.100551 -0.080905 0.137117
0.100258 -0.080908 0.137054
0.100096 -0.080907 0.137022
0.099861 -0.080907 0.136970
0.099634 -0.080905 0.136925
0.099382 -0.080906 0.136876
0.099147 -0.080899 0.136830
0.098981 -0.080892 0.136797
0.098723 -0.080879 0.136747
0.098546 -0.080869 0.136715
0.098351 -0.080854 0.136678
0.098155 -0.080842 0.136645
0.097955 -0.080826 0.136612
0.097807 -0.080819 0.136589
0.097560 -0.080792 0.136552
0.097374 -0.080771 0.136524
0.097204 -0.080751 0.136498
0.096996 -0.080728 0.136469
0.096814 -0.080699 0.136442
0.096720 -0.080680 0.136427
0.096621 -0.080653 0.136414
0.096369 -0.080607 0.136371
0.096236 -0.080566 0.136350
0.096129 -0.080533 0.136334
0.096024 -0.080498 0.136317
0.095959 -0.080468 0.136308
0.095905 -0.080431 0.136300
0.095837 -0.080389 0.136289
0.095721 -0.080331 0.136273
0.095619 -0.080263 0.136259
0.095548 -0.080207 0.136249
0.095457 -0.080126 0.136239
0.095402 -0.080067 0.136231
0.095388 -0.080019 0.136223
0.095330 -0.079930 0.136216
0.095310 -0.079864 0.136211
0.095295 -0.079784 0.136206
0.095292 -0.079725 0.136203
0.095296 -0.079654 0.136201
0.095300 -0.079574 0.136203
0.095315 -0.079497 0.136205
0.095334 -0.079441 0.136206
0.095360 -0.079344 0.136215
0.095379 -0.079285 0.136222
0.095427 -0.079186 0.136229
0.095453 -0.079132 0.136237
0.095502 -0.079052 0.136246
0.095569 -0.078953 0.136258
0.095617 -0.078884 0.136270
0.095662 -0.078826 0.136280
0.095719 -0.078754 0.136294
0.095784 -0.078684 0.136312
0.095820 -0.078646 0.136323
0.095900 -0.078562 0.136344
0.095963 -0.078502 0.136361
0.096006 -0.078465 0.136378
0.096105 -0.078375 0.136403
0.096175 -0.078314 0.136423
0.096211 -0.078284 0.136440
0.096275 -0.078222 0.136457
0.096337 -0.078168 0.136476
0.096411 -0.078108 0.136504
0.096442 -0.078086 0.136518
0.096511 -0.078026 0.136540
0.096557 -0.077989 0.136554
0.096590 -0.077969 0.136576
0.096657 -0.077922 0.136609
0.096696 -0.077892 0.136631
0.096714 -0.077882 0.136649
0.096756 -0.077846 0.136677
0.096776 -0.077827 0.136692
0.096801 -0.077806 0.136720
0.096808 -0.077800 0.136729
0.096827 -0.077778 0.136754
0.096848 -0.077759 0.136786
0.096860 -0.077745 0.136808
0.096866 -0.077737 0.136828
0.096862 -0.077734 0.136847
0.096852 -0.077735 0.136867
0.096837 -0.077737 0.136885
0.096822 -0.077736 0.136898
0.096798 -0.077734 0.136909
0.096773 -0.077728 0.136917
0.096743 -0.077722 0.136923
0.096719 -0.077717 0.136928
0.096686 -0.077710 0.136934
0.096653 -0.077697 0.136938
0.096610 -0.077677 0.136943
0.096570 -0.077653 0.136943
0.096529 -0.077623 0.136944
0.096485 -0.077591 0.136945
0.096447 -0.077562 0.136949
0.096411 -0.077530 0.136953
0.096388 -0.077504 0.136954
0.096320 -0.077438 0.136966
0.096263 -0.077380 0.136972
0.096214 -0.077327 0.136978
0.096156 -0.077267 0.136989
0.096096 -0.077201 0.137001
0.096040 -0.077142 0.137012
0.095991 -0.077087 0.137020
0.095949 -0.077037 0.137023
0.095897 -0.076983 0.137024
0.095848 -0.076933 0.137026
0.095780 -0.076873 0.137035
0.095714 -0.076815 0.137045
0.095633 -0.076747 0.137062
0.095551 -0.076678 0.137074
0.095452 -0.076600 0.137087
0.095354 -0.076529 0.137095
0.095278 -0.076480 0.137100
0.095194 -0.076432 0.137102
0.095115 -0.076395 0.137102
0.095064 -0.076373 0.137098
0.095030 -0.076357 0.137093
0.094976 -0.076337 0.137092
0.094911 -0.076310 0.137091
0.094806 -0.076264 0.137091
0.094640 -0.076181 0.137104
0.094526 -0.076121 0.137113
0.094407 -0.076057 0.137119
0.094294 -0.076010 0.137122
0.094181 -0.075971 0.137121
0.094064 -0.075941 0.137113
0.093914 -0.075905 0.137106
0.093806 -0.075874 0.137103
0.093710 -0.075842 0.137102
0.093639 -0.075809 0.137102
0.093555 -0.075774 0.137100
0.093435 -0.075724 0.137099
0.093390 -0.075707 0.137098
0.093320 -0.075680 0.137095
0.093263 -0.075658 0.137093
0.093167 -0.075608 0.137090
0.093080 -0.075563 0.137087
0.092988 -0.075514 0.137084
0.092892 -0.075464 0.137080
0.092835 -0.075437 0.137079
0.092706 -0.075365 0.137075
0.092658 -0.075345 0.137074
0.092536 -0.075280 0.137071
0.092445 -0.075233 0.137067
0.092392 -0.075212 0.137061
0.092289 -0.075156 0.137051
0.092234 -0.075125 0.137046
0.092145 -0.075086 0.137033
0.091988 -0.075011 0.137021
0.091915 -0.074974 0.137018
0.091796 -0.074915 0.137014
0.091767 -0.074900 0.137014
0.091597 -0.074812 0.137009
0.091478 -0.074750 0.137004
0.091409 -0.074720 0.137000
0.091268 -0.074644 0.136995
0.091205 -0.074608 0.136995
0.091105 -0.074564 0.136979
0.090968 -0.074495 0.136967
0.090855 -0.074440 0.136955
0.090827 -0.074425 0.136952
0.090648 -0.074335 0.136935
0.090538 -0.074276 0.136927
0.090417 -0.074212 0.136920
0.090386 -0.074196 0.136918
0.090195 -0.074094 0.136910
0.090065 -0.074024 0.136904
0.089984 -0.073990 0.136897
0.089827 -0.073905 0.136892
0.089691 -0.073841 0.136882
0.089589 -0.073777 0.136881
0.089460 -0.073712 0.136871
0.089337 -0.073649 0.136864
0.089200 -0.073579 0.136853
0.089096 -0.073522 0.136850
0.088974 -0.073456 0.136844
0.088824 -0.073376 0.136840
0.088685 -0.073300 0.136838
0.088583 -0.073242 0.136839
0.088412 -0.073149 0.136842
0.088292 -0.073084 0.136841
0.088184 -0.073026 0.136840
0.088033 -0.072944 0.136837
0.087870 -0.072858 0.136836
0.087736 -0.072788 0.136831
0.087601 -0.072718 0.136827
0.087546 -0.072691 0.136825
0.087360 -0.072587 0.136820
0.087141 -0.072467 0.136818
0.086987 -0.072387 0.136816
0.086825 -0.072300 0.136812
0.086660 -0.072211 0.136809
0.086519 -0.072137 0.136805
0.086401 -0.072075 0.136799
0.086221 -0.071979 0.136798
0.086077 -0.071904 0.136795
0.085864 -0.071798 0.136790
0.085743 -0.071734 0.136790
0.085575 -0.071650 0.136789
0.085391 -0.071562 0.136787
0.085225 -0.071480 0.136783
0.085053 -0.071400 0.136778
0.085006 -0.071378 0.136778
0.084712 -0.071244 0.136772
0.084541 -0.071165 0.136767
0.084328 -0.071065 0.136760
0.084171 -0.070994 0.136754
0.084002 -0.070915 0.136746
0.083822 -0.070831 0.136739
0.083639 -0.070744 0.136732
0.083514 -0.070687 0.136728
0.083349 -0.070609 0.136721
0.083156 -0.070520 0.136715
0.082954 -0.070430 0.136709
0.082815 -0.070368 0.136702
0.082657 -0.070301 0.136697
0.082485 -0.070228 0.136688
0.082272 -0.070139 0.136679
0.082102 -0.070070 0.136672
0.081994 -0.070024 0.136666
0.081823 -0.069956 0.136661
0.081608 -0.069868 0.136655
0.081438 -0.069799 0.136653
0.081332 -0.069760 0.136653
0.081077 -0.069654 0.136651
0.080862 -0.069562 0.136651
0.080676 -0.069486 0.136653
0.080530 -0.069423 0.136655
0.080388 -0.069359 0.136657
0.080169 -0.069269 0.136659
0.079993 -0.069196 0.136661
0.079831 -0.069129 0.136662
0.079665 -0.069060 0.136664
0.079517 -0.068996 0.136665
0.079361 -0.068924 0.136666
0.079192 -0.068840 0.136668
0.079019 -0.068753 0.136670
0.078869 -0.068672 0.136672
0.078696 -0.068582 0.136677
0.078568 -0.068510 0.136681
0.078390 -0.068418 0.136682
0.078179 -0.068296 0.136683
0.078022 -0.068206 0.136681
0.077857 -0.068113 0.136677
0.077709 -0.068028 0.136669
0.077542 -0.067932 0.136659
0.077387 -0.067840 0.136645
0.077239 -0.067744 0.136633
0.077083 -0.067644 0.136621
0.076967 -0.067564 0.136613
0.076768 -0.067434 0.136597
0.076624 -0.067331 0.136585
0.076490 -0.067233 0.136575
0.076342 -0.067117 0.136561
0.076243 -0.067034 0.136549
0.076086 -0.066894 0.136532
0.075957 -0.066773 0.136512
0.075846 -0.066662 0.136494
0.075756 -0.066569 0.136479
0.075631 -0.066421 0.136458
0.075570 -0.066346 0.136448
0.075441 -0.066176 0.136422
0.075391 -0.066105 0.136411
0.075309 -0.065966 0.136396
0.075242 -0.065853 0.136379
0.075147 -0.065692 0.136351
0.075079 -0.065558 0.136332
0.075026 -0.065444 0.136320
0.074966 -0.065318 0.136308
0.074903 -0.065181 0.136297
0.074843 -0.065037 0.136291
0.074788 -0.064898 0.136287
0.074706 -0.064688 0.136290
0.074657 -0.064551 0.136286
0.074612 -0.064421 0.136285
0.074573 -0.064270 0.136285
0.074530 -0.064043 0.136286
0.074518 -0.063923 0.136290
0.074505 -0.063771 0.136286
0.074501 -0.063681 0.136279
0.074506 -0.063551 0.136286
0.074505 -0.063454 0.136274
0.074519 -0.063297 0.136284
0.074531 -0.063148 0.136286
0.074546 -0.063031 0.136297
0.074565 -0.062917 0.136303
0.074587 -0.062797 0.136310
0.074608 -0.062675 0.136313
0.074632 -0.062528 0.136323
0.074643 -0.062409 0.136334
0.074658 -0.062308 0.136338
0.074675 -0.062176 0.136344
0.074691 -0.062066 0.136352
0.074710 -0.061950 0.136362
0.074721 -0.061889 0.136367
0.074752 -0.061701 0.136387
0.074765 -0.061623 0.136395
0.074800 -0.061481 0.136411
0.074829 -0.061371 0.136422
0.074849 -0.061315 0.136429
0.074890 -0.061186 0.136437
0.074932 -0.061082 0.136447
0.074955 -0.061026 0.136453
0.075012 -0.060916 0.136467
0.075039 -0.060866 0.136474
0.075103 -0.060752 0.136483
0.075157 -0.060662 0.136488
0.075234 -0.060546 0.136499
0.075252 -0.060518 0.136503
0.075342 -0.060407 0.136507
0.075426 -0.060304 0.136525
0.075483 -0.060229 0.136536
0.075540 -0.060158 0.136546
0.075575 -0.060107 0.136557
0.075666 -0.059973 0.136576
0.075739 -0.059855 0.136594
0.075802 -0.059756 0.136605
0.075861 -0.059668 0.136619
0.075936 -0.059570 0.136634
0.076003 -0.059493 0.136648
0.076079 -0.059399 0.136669
0.076162 -0.059289 0.136689
0.076208 -0.059226 0.136698
0.076299 -0.059103 0.136711
0.076375 -0.059016 0.136716
0.076474 -0.058894 0.136730
0.076551 -0.058791 0.136742
0.076619 -0.058702 0.136752
0.076721 -0.058570 0.136771
0.076775 -0.058500 0.136779
0.076870 -0.058364 0.136797
0.076923 -0.058283 0.136802
0.076995 -0.058162 0.136810
0.077052 -0.058070 0.136824
0.077146 -0.057922 0.136835
0.077215 -0.057815 0.136848
0.077280 -0.057716 0.136858
0.077362 -0.057588 0.136874
0.077435 -0.057472 0.136888
0.077495 -0.057387 0.136894
0.077555 -0.057300 0.136896
0.077611 -0.057228 0.136905
0.077710 -0.057093 0.136912
0.077787 -0.056998 0.136917
0.077849 -0.056919 0.136925
0.077893 -0.056863 0.136933
0.077989 -0.056743 0.136941
0.078058 -0.056650 0.136947
0.078139 -0.056540 0.136957
0.078162 -0.056507 0.136963
0.078253 -0.056371 0.136973
0.078311 -0.056285 0.136982
0.078362 -0.056210 0.136990
0.078445 -0.056091 0.137010
0.078471 -0.056061 0.137015
0.078552 -0.055953 0.137036
0.078602 -0.055884 0.137049
0.078643 -0.055829 0.137058
0.078673 -0.055789 0.137067
0.078760 -0.055691 0.137082
0.078830 -0.055609 0.137102
0.078885 -0.055550 0.137115
0.078934 -0.055493 0.137127
0.078987 -0.055433 0.137139
0.079045 -0.055369 0.137149
0.079095 -0.055307 0.137159
0.079130 -0.055260 0.137167
0.079185 -0.055185 0.137178
0.079210 -0.055151 0.137182
0.079244 -0.055105 0.137192
0.079305 -0.055027 0.137211
0.079350 -0.054965 0.137227
0.079390 -0.054917 0.137237
0.079419 -0.054877 0.137247
0.079452 -0.054833 0.137258
0.079502 -0.054765 0.137279
0.079520 -0.054741 0.137287
0.079558 -0.054693 0.137298
0.079592 -0.054650 0.137314
0.079634 -0.054598 0.137335
0.079666 -0.054560 0.137346
0.079700 -0.054520 0.137359
0.079735 -0.054475 0.137370
0.079757 -0.054449 0.137378
0.079805 -0.054393 0.137384
0.079853 -0.054336 0.137390
0.079883 -0.054301 0.137400
0.079913 -0.054265 0.137412
0.079937 -0.054240 0.137426
0.079977 -0.054200 0.137435
0.080011 -0.054158 0.137450
0.080043 -0.054114 0.137468
0.080067 -0.054085 0.137483
0.080102 -0.054023 0.137501
0.080133 -0.053985 0.137519
0.080171 -0.053947 0.137542
0.080212 -0.053911 0.137559
0.080271 -0.053858 0.137590
0.080303 -0.053828 0.137608
0.080338 -0.053794 0.137625
0.080377 -0.053749 0.137643
0.080407 -0.053713 0.137654
0.080455 -0.053653 0.137680
0.080480 -0.053625 0.137695
0.080536 -0.053555 0.137719
0.080581 -0.053500 0.137743
0.080607 -0.053472 0.137760
0.080664 -0.053415 0.137792
0.080703 -0.053373 0.137818
0.080752 -0.053319 0.137847
0.080777 -0.053292 0.137864
0.080830 -0.053228 0.137898
0.080887 -0.053172 0.137935
0.080914 -0.053142 0.137955
0.080944 -0.053114 0.137974
0.080979 -0.053072 0.138005
0.081020 -0.053024 0.138035
0.081055 -0.052981 0.138056
0.081083 -0.052953 0.138070
0.081139 -0.052885 0.138097
0.081200 -0.052801 0.138127
0.081230 -0.052761 0.138142
0.081263 -0.052714 0.138159
0.081313 -0.052650 0.138191
0.081338 -0.052616 0.138207
0.081365 -0.052563 0.138222
0.081397 -0.052514 0.138242
0.081427 -0.052465 0.138262
0.081469 -0.052409 0.138291
0.081508 -0.052365 0.138316
0.081528 -0.052345 0.138329
0.081573 -0.052291 0.138363
0.081603 -0.052251 0.138389
0.081637 -0.052206 0.138418
0.081653 -0.052179 0.138433
0.081687 -0.052123 0.138462
0.081705 -0.052094 0.138473
0.081736 -0.052046 0.138496
0.081787 -0.051979 0.138535
0.081805 -0.051961 0.138547
0.081859 -0.051902 0.138583
0.081895 -0.051869 0.138603
0.081929 -0.051829 0.138629
0.081984 -0.051769 0.138667
0.082026 -0.051722 0.138695
0.082062 -0.051680 0.138718
0.082113 -0.051622 0.138760
0.082161 -0.051577 0.138795
0.082218 -0.051529 0.138839
0.082274 -0.051483 0.138880
0.082309 -0.051453 0.138901
0.082370 -0.051402 0.138937
0.082413 -0.051362 0.138964
0.082463 -0.051304 0.139000
0.082516 -0.051249 0.139038
0.082545 -0.051204 0.139059
0.082593 -0.051133 0.139092
0.082635 -0.051079 0.139120
0.082681 -0.051030 0.139145
0.082751 -0.050967 0.139179
0.082799 -0.050930 0.139200
0.082846 -0.050892 0.139224
0.082970 -0.050756 0.139299
0.083015 -0.050711 0.139326
0.083056 -0.050674 0.139356
0.083109 -0.050645 0.139391
0.083176 -0.050634 0.139428
0.083200 -0.050618 0.139438
0.083276 -0.050571 0.139473
0.083307 -0.050553 0.139491
0.083352 -0.050523 0.139506
0.083406 -0.050500 0.139518
0.083481 -0.050484 0.139529
0.083527 -0.050466 0.139540
0.083560 -0.050451 0.139545
0.083609 -0.050436 0.139558
0.083658 -0.050425 0.139576
0.083697 -0.050413 0.139588
0.083742 -0.050395 0.139597
0.083781 -0.050383 0.139606
0.083827 -0.050369 0.139609
0.083888 -0.050348 0.139609
0.083933 -0.050334 0.139610
0.083980 -0.050325 0.139616
0.084037 -0.050322 0.139624
0.084095 -0.050310 0.139633
0.084136 -0.050296 0.139645
0.084187 -0.050276 0.139657
0.084238 -0.050258 0.139664
0.084285 -0.050237 0.139669
0.084354 -0.050206 0.139666
0.084421 -0.050184 0.139657
0.084485 -0.050159 0.139651
0.084520 -0.050144 0.139648
0.084590 -0.050117 0.139648
0.084628 -0.050104 0.139644
0.084696 -0.050071 0.139636
0.084765 -0.050061 0.139623
0.084818 -0.050054 0.139612
0.084862 -0.050026 0.139600
0.084893 -0.050003 0.139597
0.084951 -0.049986 0.139594
0.085011 -0.049994 0.139593
0.085074 -0.050002 0.139592
0.085123 -0.049997 0.139586
0.085155 -0.049984 0.139575
0.085173 -0.049968 0.139567
0.085203 -0.049957 0.139556
0.085261 -0.049955 0.139539
0.085306 -0.049960 0.139529
0.085357 -0.049966 0.139515
0.085437 -0.049959 0.139490
0.085482 -0.049935 0.139473
0.085509 -0.049925 0.139464
0.085582 -0.049920 0.139442
0.085652 -0.049934 0.139417
0.085717 -0.049933 0.139392
0.085749 -0.049932 0.139382
0.085798 -0.049921 0.139368
0.085849 -0.049919 0.139362
0.085881 -0.049927 0.139361
0.085964 -0.049935 0.139339
0.086003 -0.049941 0.139327
0.086041 -0.049929 0.139310
0.086080 -0.049917 0.139292
0.086134 -0.049903 0.139268
0.086198 -0.049897 0.139241
0.086265 -0.049904 0.139219
0.086327 -0.049897 0.139199
0.086366 -0.049880 0.139185
0.086411 -0.049856 0.139166
0.086469 -0.049840 0.139145
0.086512 -0.049834 0.139132
0.086565 -0.049840 0.139120
0.086622 -0.049835 0.139108
0.086671 -0.049803 0.139097
0.086703 -0.049780 0.139093
0.086766 -0.049771 0.139084
0.086822 -0.049772 0.139070
0.086867 -0.049765 0.139057
0.086909 -0.049751 0.139041
0.086969 -0.049723 0.139022
0.086999 -0.049700 0.139013
0.087031 -0.049683 0.139004
0.087067 -0.049671 0.138995
0.087122 -0.049648 0.138983
0.087174 -0.049625 0.138976
0.087211 -0.049607 0.138971
0.087229 -0.049598 0.138965
0.087245 -0.049588 0.138958
0.087275 -0.049576 0.138952
0.087326 -0.049558 0.138947
0.087370 -0.049542 0.138941
0.087420 -0.049517 0.138936
0.087450 -0.049503 0.138928
0.087485 -0.049483 0.138922
0.087513 -0.049470 0.138914
0.087544 -0.049461 0.138908
0.087571 -0.049449 0.138906
0.087590 -0.049436 0.138903
0.087615 -0.049421 0.138903
0.087627 -0.049415 0.138904
0.087643 -0.049405 0.138905
0.087665 -0.049394 0.138905
0.087690 -0.049373 0.138911
0.087700 -0.049368 0.138916
0.087721 -0.049360 0.138926
0.087737 -0.049350 0.138932
0.087749 -0.049340 0.138933
0.087761 -0.049336 0.138935
0.087791 -0.049327 0.138939
0.087805 -0.049336 0.138941
0.087816 -0.049330 0.138940
0.087834 -0.049334 0.138937
0.087840 -0.049329 0.138936
0.087855 -0.049333 0.138935
0.087862 -0.049331 0.138935
0.087866 -0.049336 0.138940
0.087867 -0.049333 0.138943
0.087869 -0.049337 0.138946
0.087869 -0.049341 0.138952
0.087870 -0.049343 0.138956
0.087869 -0.049344 0.138960
0.087869 -0.049347 0.138966
0.087867 -0.049345 0.138968
0.087861 -0.049351 0.138972
0.087859 -0.049349 0.138970
0.087855 -0.049350 0.138969
0.087852 -0.049352 0.138967
0.087848 -0.049357 0.138961
0.087844 -0.049358 0.138957
0.087836 -0.049362 0.138952
0.087827 -0.049369 0.138944
0.087825 -0.049382 0.138939
0.087824 -0.049394 0.138933
0.087819 -0.049401 0.138927
0.087818 -0.049406 0.138925
0.087808 -0.049419 0.138921
0.087802 -0.049416 0.138918
0.087791 -0.049413 0.138913
0.087791 -0.049420 0.138909
0.087793 -0.049421 0.138904
0.087794 -0.049429 0.138901
0.087792 -0.049436 0.138900
0.087792 -0.049432 0.138897
0.087787 -0.049426 0.138894
0.087776 -0.049418 0.138890
0.087773 -0.049412 0.138881
0.087773 -0.049404 0.138872
0.087773 -0.049402 0.138861
0.087774 -0.049399 0.138851
0.087773 -0.049392 0.138843
0.087770 -0.049388 0.138836
0.087766 -0.049379 0.138829
0.087765 -0.049367 0.138819
0.087764 -0.049359 0.138812
0.087765 -0.049349 0.138799
0.087768 -0.049337 0.138783
0.087769 -0.049322 0.138767
0.087769 -0.049310 0.138752
0.087771 -0.049290 0.138735
0.087775 -0.049279 0.138723
0.087781 -0.049267 0.138711
0.087786 -0.049255 0.138697
0.087789 -0.049245 0.138688
0.087790 -0.049234 0.138677
0.087791 -0.049224 0.138661
0.087793 -0.049218 0.138648
0.087800 -0.049215 0.138633
0.087815 -0.049223 0.138613
0.087824 -0.049231 0.138599
0.087829 -0.049239 0.138592
0.087827 -0.049244 0.138573
0.087828 -0.049248 0.138562
0.087833 -0.049252 0.138549
0.087843 -0.049255 0.138535
0.087850 -0.049256 0.138527
0.087852 -0.049255 0.138524
0.087848 -0.049249 0.138522
0.087845 -0.049244 0.138523
0.087853 -0.049240 0.138524
0.087867 -0.049242 0.138522
0.087879 -0.049243 0.138522
0.087888 -0.049240 0.138521
0.087892 -0.049235 0.138522
0.087897 -0.049222 0.138528
0.087899 -0.049213 0.138530
0.087905 -0.049203 0.138539
0.087913 -0.049196 0.138545
0.087925 -0.049183 0.138553
0.087936 -0.049168 0.138563
0.087940 -0.049155 0.138571
0.087939 -0.049146 0.138575
0.087940 -0.049118 0.138589
0.087946 -0.049084 0.138603
0.087950 -0.049058 0.138611
0.087956 -0.049034 0.138620
0.087968 -0.048991 0.138638
0.087979 -0.048960 0.138646
0.087992 -0.048941 0.138654
0.088005 -0.048900 0.138668
0.088018 -0.048869 0.138680
0.088031 -0.048838 0.138693
0.088044 -0.048788 0.138710
0.088068 -0.048742 0.138725
0.088081 -0.048717 0.138731
0.088101 -0.048684 0.138740
0.088126 -0.048651 0.138752
0.088160 -0.048620 0.138767
0.088181 -0.048596 0.138778
0.088199 -0.048561 0.138796
0.088209 -0.048535 0.138808
0.088232 -0.048511 0.138819
0.088263 -0.048494 0.138830
0.088288 -0.048480 0.138839
0.088303 -0.048461 0.138851
0.088309 -0.048455 0.138856
0.088326 -0.048442 0.138869
0.088343 -0.048431 0.138883
0.088361 -0.048422 0.138894
0.088383 -0.048414 0.138906
0.088411 -0.048410 0.138916
0.088446 -0.048409 0.138929
0.088460 -0.048411 0.138935
0.088492 -0.048411 0.138949
0.088522 -0.048404 0.138961
0.088550 -0.048399 0.138976
0.088570 -0.048396 0.138986
0.088601 -0.048397 0.139005
0.088625 -0.048399 0.139015
0.088655 -0.048400 0.139028
0.088678 -0.048398 0.139040
0.088710 -0.048393 0.139054
0.088727 -0.048391 0.139061
0.088747 -0.048387 0.139074
0.088791 -0.048354 0.139089
0.088815 -0.048339 0.139097
0.088846 -0.048315 0.139111
0.088871 -0.048295 0.139122
0.088889 -0.048284 0.139129
0.088916 -0.048273 0.139138
0.088956 -0.048259 0.139148
0.088993 -0.048245 0.139158
0.089015 -0.048233 0.139167
0.089046 -0.048217 0.139176
0.089080 -0.048198 0.139187
0.089110 -0.048181 0.139197
0.089145 -0.048167 0.139207
0.089200 -0.048138 0.139222
0.089225 -0.048128 0.139229
0.089259 -0.048115 0.139239
0.089342 -0.048077 0.139264
0.089365 -0.048067 0.139269
0.089408 -0.048041 0.139283
0.089441 -0.048023 0.139294
0.089489 -0.047996 0.139308
0.089530 -0.047977 0.139320
0.089538 -0.047975 0.139323
0.089577 -0.047962 0.139334
0.089622 -0.047947 0.139349
0.089641 -0.047943 0.139355
0.089665 -0.047936 0.139362
0.089755 -0.047917 0.139375
0.089770 -0.047915 0.139379
0.089878 -0.047885 0.139392
0.089927 -0.047866 0.139402
0.089999 -0.047845 0.139415
0.090082 -0.047840 0.139421
0.090136 -0.047830 0.139424
0.090160 -0.047829 0.139424
0.090201 -0.047841 0.139427
0.090238 -0.047857 0.139421
0.090266 -0.047870 0.139416
0.090295 -0.047897 0.139409
0.090303 -0.047899 0.139406
0.090316 -0.047922 0.139405
0.090324 -0.047946 0.139409
0.090344 -0.047983 0.139408
0.090353 -0.048013 0.139410
0.090369 -0.048063 0.139408
0.090390 -0.048126 0.139404
0.090392 -0.048136 0.139404
0.090404 -0.048197 0.139397
0.090418 -0.048306 0.139369
0.090428 -0.048378 0.139357
0.090441 -0.048459 0.139344
0.090449 -0.048552 0.139331
0.090453 -0.048622 0.139323
0.090442 -0.048726 0.139315
0.090427 -0.048803 0.139309
0.090408 -0.048881 0.139304
0.090390 -0.048973 0.139300
0.090363 -0.049053 0.139299
0.090338 -0.049095 0.139300
0.090292 -0.049195 0.139310
0.090243 -0.049269 0.139322
0.090187 -0.049349 0.139332
0.090110 -0.049446 0.139340
0.089985 -0.049598 0.139366
0.089884 -0.049700 0.139390
0.089798 -0.049776 0.139411
0.089752 -0.049813 0.139427
0.089674 -0.049883 0.139461
0.089635 -0.049918 0.139481
0.089585 -0.049971 0.139506
0.089529 -0.050021 0.139534
0.089458 -0.050087 0.139568
0.089405 -0.050126 0.139596
0.089335 -0.050165 0.139630
0.089283 -0.050202 0.139658
0.089235 -0.050236 0.139684
0.089185 -0.050272 0.139712
0.089137 -0.050294 0.139747
0.089083 -0.050312 0.139791
0.089022 -0.050319 0.139837
0.088967 -0.050314 0.139878
0.088923 -0.050329 0.139901
0.088845 -0.050303 0.139960
0.088786 -0.050279 0.140001
0.088717 -0.050243 0.140039
0.088671 -0.050210 0.140059
0.088652 -0.050181 0.140067
0.088611 -0.050149 0.140074
0.088568 -0.050141 0.140078
0.088534 -0.050136 0.140072
0.088508 -0.050120 0.140061
0.088475 -0.050127 0.140045
0.088442 -0.050146 0.140027
0.088410 -0.050175 0.140004
0.088376 -0.050219 0.139983
0.088346 -0.050279 0.139952
0.088337 -0.050336 0.139925
0.088315 -0.050423 0.139891
0.088268 -0.050578 0.139843
0.088243 -0.050728 0.139805
0.088211 -0.050888 0.139770
0.088195 -0.051042 0.139743
0.088162 -0.051225 0.139705
0.088126 -0.051429 0.139662
0.088091 -0.051639 0.139625
0.088019 -0.051935 0.139571
0.087963 -0.052155 0.139533
0.087910 -0.052381 0.139497
0.087843 -0.052646 0.139459
0.087783 -0.052893 0.139432
0.087725 -0.053118 0.139412
0.087658 -0.053355 0.139391
0.087581 -0.053596 0.139373
0.087516 -0.053774 0.139362
0.087450 -0.053934 0.139355
0.087353 -0.054122 0.139359
0.087267 -0.054279 0.139366
0.087196 -0.054411 0.139364
0.087120 -0.054523 0.139376
0.087033 -0.054631 0.139402
0.086954 -0.054711 0.139428
0.086881 -0.054767 0.139450
0.086790 -0.054823 0.139483
0.086726 -0.054850 0.139505
0.086676 -0.054857 0.139516
0.086589 -0.054885 0.139585
0.086525 -0.054882 0.139623
0.086460 -0.054869 0.139662
0.086388 -0.054845 0.139703
0.086333 -0.054822 0.139740
0.086300 -0.054802 0.139771
0.086272 -0.054774 0.139789
0.086238 -0.054739 0.139817
0.086207 -0.054696 0.139839
0.086171 -0.054645 0.139859
0.086151 -0.054609 0.139878
0.086136 -0.054587 0.139891
0.086126 -0.054564 0.139899
0.086118 -0.054535 0.139904
0.086113 -0.054511 0.139907
0.086103 -0.054478 0.139909
0.086095 -0.054446 0.139912
0.086093 -0.054429 0.139915
0.086105 -0.054418 0.139918
0.086120 -0.054409 0.139920
0.086132 -0.054404 0.139926
0.086136 -0.054396 0.139931
0.086135 -0.054392 0.139934
0.086135 -0.054387 0.139939
0.086140 -0.054391 0.139942
0.086150 -0.054404 0.139946
0.086162 -0.054423 0.139957
0.086168 -0.054439 0.139965
0.086170 -0.054453 0.139973
0.086166 -0.054467 0.139982
0.086164 -0.054484 0.139986
0.086151 -0.054500 0.139990
0.086141 -0.054512 0.139990
0.086123 -0.054536 0.139994
0.086107 -0.054562 0.139998
0.086094 -0.054591 0.140002
0.086080 -0.054620 0.140005
0.086056 -0.054642 0.140006
0.086025 -0.054670 0.140006
0.085981 -0.054723 0.140006
0.085945 -0.054766 0.140003
0.085903 -0.054816 0.140000
0.085874 -0.054856 0.139997
0.085818 -0.054942 0.140000
0.085747 -0.055018 0.140010
0.085703 -0.055069 0.140016
0.085641 -0.055161 0.140024
0.085586 -0.055270 0.140029
0.085528 -0.055368 0.140034
0.085473 -0.055465 0.140038
0.085441 -0.055534 0.140043
0.085386 -0.055645 0.140049
0.085297 -0.055839 0.140059
0.085268 -0.055911 0.140061
0.085208 -0.056062 0.140067
0.085161 -0.056187 0.140069
0.085104 -0.056332 0.140068
0.085035 -0.056509 0.140067
0.084987 -0.056638 0.140065
0.084926 -0.056794 0.140069
0.084876 -0.056920 0.140077
0.084809 -0.057101 0.140084
0.084738 -0.057293 0.140096
0.084681 -0.057443 0.140100
0.084617 -0.057606 0.140106
0.084576 -0.057706 0.140108
0.084461 -0.057959 0.140118
0.084387 -0.058147 0.140126
0.084315 -0.058336 0.140136
0.084253 -0.058510 0.140143
0.084205 -0.058666 0.140147
0.084147 -0.058813 0.140154
0.084078 -0.058986 0.140158
0.084013 -0.059172 0.140160
0.083937 -0.059379 0.140160
0.083887 -0.059555 0.140160
0.083803 -0.059811 0.140160
0.083778 -0.059904 0.140159
0.083755 -0.059997 0.140156
0.083661 -0.060287 0.140156
0.083596 -0.060495 0.140151
0.083540 -0.060700 0.140144
0.083507 -0.060812 0.140139
0.083468 -0.061013 0.140131
0.083431 -0.061148 0.140129
0.083375 -0.061398 0.140125
0.083356 -0.061521 0.140126
0.083323 -0.061719 0.140129
0.083300 -0.061933 0.140130
0.083286 -0.062034 0.140131
0.083270 -0.062199 0.140126
0.083264 -0.062338 0.140120
0.083268 -0.062519 0.140110
0.083273 -0.062700 0.140102
0.083288 -0.062834 0.140092
0.083302 -0.062936 0.140085
0.083340 -0.063108 0.140069
0.083381 -0.063248 0.140053
0.083412 -0.063334 0.140043
0.083437 -0.063421 0.140032
0.083477 -0.063538 0.140019
0.083536 -0.063672 0.140003
0.083575 -0.063772 0.139990
0.083631 -0.063875 0.139978
0.083696 -0.063988 0.139965
0.083762 -0.064104 0.139953
0.083812 -0.064184 0.139945
0.083869 -0.064278 0.139934
0.083967 -0.064412 0.139918
0.083986 -0.064442 0.139916
0.084020 -0.064493 0.139913
0.084162 -0.064645 0.139895
0.084242 -0.064745 0.139892
0.084325 -0.064819 0.139884
0.084422 -0.064913 0.139883
0.084479 -0.064973 0.139885
0.084574 -0.065058 0.139884
0.084675 -0.065150 0.139886
0.084775 -0.065214 0.139886
0.084855 -0.065282 0.139893
0.084968 -0.065367 0.139900
0.085103 -0.065454 0.139907
0.085186 -0.065508 0.139910
0.085328 -0.065613 0.139925
0.085420 -0.065666 0.139926
0.085545 -0.065742 0.139932
0.085650 -0.065807 0.139937
0.085832 -0.065912 0.139941
0.085963 -0.065999 0.139951
0.086048 -0.066052 0.139955
0.086189 -0.066136 0.139960
0.086299 -0.066205 0.139966
0.086420 -0.066276 0.139970
0.086531 -0.066358 0.139979
0.086634 -0.066428 0.139985
0.086665 -0.066450 0.139986
0.086802 -0.066544 0.139992
0.086909 -0.066617 0.139997
0.087132 -0.066770 0.140002
0.087247 -0.066861 0.140008
0.087343 -0.066942 0.140015
0.087480 -0.067059 0.140025
0.087620 -0.067186 0.140035
0.087705 -0.067271 0.140043
0.087773 -0.067340 0.140048
0.087904 -0.067469 0.140057
0.088123 -0.067693 0.140073
0.088256 -0.067844 0.140082
0.088341 -0.067949 0.140087
0.088476 -0.068116 0.140096
0.088602 -0.068281 0.140104
0.088754 -0.068494 0.140118
0.088878 -0.068675 0.140126
0.088967 -0.068814 0.140134
0.089081 -0.068996 0.140142
0.089203 -0.069196 0.140152
0.089263 -0.069305 0.140156
0.089386 -0.069515 0.140166
0.089564 -0.069824 0.140184
0.089645 -0.069988 0.140189
0.089806 -0.070285 0.140215
0.089932 -0.070538 0.140229
0.090068 -0.070818 0.140249
0.090177 -0.071041 0.140263
0.090262 -0.071224 0.140268
0.090345 -0.071411 0.140274
0.090504 -0.071753 0.140309
0.090618 -0.072008 0.140328
0.090736 -0.072274 0.140349
0.090805 -0.072442 0.140357
0.090983 -0.072844 0.140402
0.091098 -0.073118 0.140425
0.091199 -0.073354 0.140451
0.091360 -0.073747 0.140485
0.091439 -0.073934 0.140507
0.091483 -0.074045 0.140517
0.091633 -0.074386 0.140565
0.091782 -0.074749 0.140609
0.091861 -0.074924 0.140633
0.091922 -0.075078 0.140652
0.092060 -0.075405 0.140700
0.092209 -0.075728 0.140759
0.092272 -0.075877 0.140783
0.092387 -0.076131 0.140828
0.092477 -0.076320 0.140864
0.092599 -0.076546 0.140915
0.092749 -0.076891 0.140983
0.092779 -0.076953 0.140996
0.092943 -0.077265 0.141068
0.093093 -0.077526 0.141133
0.093238 -0.077771 0.141195
0.093336 -0.077929 0.141240
0.093388 -0.078028 0.141265
0.093473 -0.078181 0.141302
0.093562 -0.078300 0.141340
0.093720 -0.078552 0.141412
0.093873 -0.078756 0.141481
0.094002 -0.078963 0.141540
0.094167 -0.079150 0.141614
0.094373 -0.079396 0.141705
0.094536 -0.079597 0.141780
0.094725 -0.079807 0.141865
0.094909 -0.080004 0.141948
0.095045 -0.080138 0.142008
0.095261 -0.080350 0.142104
0.095468 -0.080537 0.142194
0.095657 -0.080693 0.142269
0.095959 -0.080924 0.142388
0.096159 -0.081067 0.142463
0.096261 -0.081137 0.142501
0.096552 -0.081329 0.142609
0.096784 -0.081464 0.142690
0.097040 -0.081603 0.142774
0.097290 -0.081729 0.142853
0.097532 -0.081848 0.142933
0.097720 -0.081936 0.142997
0.098036 -0.082074 0.143097
0.098282 -0.082174 0.143172
0.098478 -0.082249 0.143230
0.098705 -0.082334 0.143307
0.099073 -0.082467 0.143419
0.099355 -0.082560 0.143505
0.099656 -0.082655 0.143598
0.099853 -0.082712 0.143664
0.100206 -0.082818 0.143772
0.100574 -0.082923 0.143880
0.100691 -0.082954 0.143916
0.101049 -0.083049 0.144022
0.101331 -0.083119 0.144109
0.101675 -0.083200 0.144215
0.101784 -0.083225 0.144247
0.101910 -0.083252 0.144288
0.102300 -0.083350 0.144406
0.102446 -0.083384 0.144455
0.102693 -0.083445 0.144533
0.102964 -0.083511 0.144620
0.103267 -0.083583 0.144717
0.103546 -0.083655 0.144807
0.103784 -0.083719 0.144883
0.104081 -0.083799 0.144979
0.104268 -0.083855 0.145042
0.104692 -0.083993 0.145190
0.105031 -0.084103 0.145308
0.105139 -0.084136 0.145343
0.105411 -0.084227 0.145432
0.105714 -0.084323 0.145525
0.106042 -0.084430 0.145626
0.106337 -0.084537 0.145720
0.106612 -0.084637 0.145809
0.106767 -0.084696 0.145863
0.107065 -0.084814 0.145959
0.107283 -0.084909 0.146022
0.107566 -0.085022 0.146124
0.107808 -0.085129 0.146204
0.107946 -0.085186 0.146255
0.108324 -0.085359 0.146364
0.108560 -0.085467 0.146441
0.108780 -0.085568 0.146510
0.109001 -0.085672 0.146580
0.109330 -0.085833 0.146705
0.109528 -0.085934 0.146771
0.109890 -0.086122 0.146896
0.110017 -0.086188 0.146943
0.110255 -0.086315 0.147030
0.110510 -0.086451 0.147120
0.110861 -0.086641 0.147246
0.111087 -0.086765 0.147337
0.111337 -0.086897 0.147424
0.111600 -0.087046 0.147534
0.111792 -0.087160 0.147607
0.112038 -0.087307 0.147706
0.112363 -0.087500 0.147840
0.112570 -0.087621 0.147929
0.112789 -0.087747 0.148020
0.113043 -0.087898 0.148135
0.113237 -0.088016 0.148221
0.113425 -0.088134 0.148307
0.113617 -0.088259 0.148399
0.113847 -0.088421 0.148520
0.114105 -0.088592 0.148645
0.114195 -0.088656 0.148693
0.114357 -0.088772 0.148778
0.114519 -0.088892 0.148867
0.114660 -0.088995 0.148946
0.114901 -0.089186 0.149087
0.115051 -0.089318 0.149181
0.115252 -0.089496 0.149309
0.115396 -0.089635 0.149402
0.115510 -0.089754 0.149476
0.115635 -0.089893 0.149562
0.115789 -0.090045 0.149662
0.115910 -0.090207 0.149749
0.115981 -0.090305 0.149800
0.116100 -0.090495 0.149892
0.116151 -0.090607 0.149937
0.116244 -0.090793 0.150015
0.116283 -0.090888 0.150042
0.116321 -0.090990 0.150072
0.116372 -0.091170 0.150106
0.116398 -0.091268 0.150124
0.116401 -0.091362 0.150122
0.116415 -0.091492 0.150129
0.116419 -0.091587 0.150125
0.116403 -0.091673 0.150118
0.116384 -0.091759 0.150107
0.116356 -0.091873 0.150074
0.116315 -0.091957 0.150045
0.116263 -0.092032 0.150017
0.116208 -0.092083 0.149994
0.116159 -0.092160 0.149925
0.116094 -0.092208 0.149904
0.116017 -0.092269 0.149869
0.115962 -0.092292 0.149874
0.115799 -0.092419 0.149780
0.115667 -0.092485 0.149748
0.115564 -0.092529 0.149730
0.115443 -0.092585 0.149694
0.115322 -0.092629 0.149667
0.115235 -0.092646 0.149659
0.115154 -0.092651 0.149662
0.114953 -0.092713 0.149584
0.114843 -0.092720 0.149560
0.114727 -0.092723 0.149534
0.114599 -0.092709 0.149506
0.114495 -0.092686 0.149485
0.114371 -0.092653 0.149463
0.114270 -0.092612 0.149448
0.114184 -0.092574 0.149437
0.114030 -0.092498 0.149412
0.113950 -0.092447 0.149404
0.113843 -0.092371 0.149392
0.113755 -0.092302 0.149387
0.113636 -0.092201 0.149379
0.113547 -0.092111 0.149373
0.113427 -0.091993 0.149364
0.113372 -0.091926 0.149366
0.113262 -0.091808 0.149367
0.113162 -0.091706 0.149370
0.113100 -0.091611 0.149386
0.113011 -0.091497 0.149401
0.112911 -0.091373 0.149410
0.112849 -0.091267 0.149435
0.112760 -0.091122 0.149453
0.112719 -0.091049 0.149474
0.112639 -0.090921 0.149493
0.112589 -0.090833 0.149520
0.112503 -0.090682 0.149549
0.112462 -0.090601 0.149570
0.112413 -0.090494 0.149595
0.112357 -0.090360 0.149624
0.112319 -0.090253 0.149650
0.112276 -0.090137 0.149677
0.112241 -0.090038 0.149701
0.112191 -0.089886 0.149738
0.112167 -0.089787 0.149767
0.112154 -0.089700 0.149789
0.112131 -0.089586 0.149821
0.112108 -0.089481 0.149855
0.112074 -0.089340 0.149907
0.112067 -0.089267 0.149926
0.112055 -0.089175 0.149957
0.112052 -0.089121 0.149971
0.112048 -0.089041 0.149999
0.112045 -0.088946 0.150029
0.112045 -0.088807 0.150085
0.112047 -0.088728 0.150106
0.112054 -0.088658 0.150129
0.112060 -0.088599 0.150142
0.112076 -0.088508 0.150177
0.112085 -0.088463 0.150191
0.112102 -0.088401 0.150208
0.112123 -0.088334 0.150234
0.112137 -0.088300 0.150239
0.112162 -0.088246 0.150257
0.112176 -0.088221 0.150265
0.112206 -0.088179 0.150275
0.112226 -0.088150 0.150288
0.112252 -0.088117 0.150290
0.112288 -0.088087 0.150297
0.112314 -0.088067 0.150297
0.112358 -0.088046 0.150302
0.112398 -0.088024 0.150299
0.112426 -0.088010 0.150293
0.112452 -0.087995 0.150286
0.112497 -0.087982 0.150275
0.112546 -0.087954 0.150256
0.112606 -0.087926 0.150233
0.112665 -0.087901 0.150212
0.112718 -0.087878 0.150193
0.112769 -0.087858 0.150177
0.112825 -0.087834 0.150159
0.112885 -0.087807 0.150136
0.112942 -0.087782 0.150114
0.113005 -0.087752 0.150090
0.113065 -0.087727 0.150066
0.113119 -0.087705 0.150046
0.113189 -0.087674 0.150021
0.113287 -0.087633 0.149992
0.113361 -0.087606 0.149970
0.113444 -0.087576 0.149948
0.113508 -0.087555 0.149929
0.113600 -0.087520 0.149903
0.113661 -0.087499 0.149882
0.113785 -0.087450 0.149844
0.113860 -0.087424 0.149818
0.113964 -0.087379 0.149787
0.114035 -0.087350 0.149765
0.114105 -0.087318 0.149746
0.114219 -0.087265 0.149717
0.114273 -0.087239 0.149706
0.114367 -0.087195 0.149684
0.114421 -0.087167 0.149669
0.114507 -0.087124 0.149647
0.114592 -0.087079 0.149627
0.114679 -0.087039 0.149606
0.114733 -0.087014 0.149591
0.114851 -0.086960 0.149562
0.114952 -0.086916 0.149539
0.115013 -0.086893 0.149525
0.115116 -0.086854 0.149507
0.115228 -0.086807 0.149491
0.115330 -0.086769 0.149475
0.115457 -0.086722 0.149458
0.115549 -0.086688 0.149446
0.115641 -0.086651 0.149435
0.115757 -0.086606 0.149422
0.115842 -0.086569 0.149413
0.115973 -0.086516 0.149401
0.116080 -0.086469 0.149391
0.116155 -0.086438 0.149386
0.116272 -0.086385 0.149378
0.116363 -0.086346 0.149375
0.116441 -0.086311 0.149372
0.116496 -0.086287 0.149370
0.116568 -0.086255 0.149366
0.116648 -0.086222 0.149363
0.116753 -0.086180 0.149362
0.116837 -0.086150 0.149362
0.116907 -0.086125 0.149360
0.116968 -0.086106 0.149361
0.117037 -0.086084 0.149363
0.117114 -0.086061 0.149365
0.117143 -0.086054 0.149367
0.117215 -0.086036 0.149373
0.117284 -0.086022 0.149375
0.117329 -0.086011 0.149381
0.117375 -0.086004 0.149386
0.117419 -0.085997 0.149390
0.117464 -0.085991 0.149395
0.117504 -0.085988 0.149398
0.117547 -0.085985 0.149403
0.117581 -0.085984 0.149406
0.117624 -0.085984 0.149412
0.117641 -0.085989 0.149412
0.117665 -0.085992 0.149411
0.117689 -0.085998 0.149411
0.117708 -0.086003 0.149409
0.117743 -0.086018 0.149408
0.117762 -0.086031 0.149406
0.117775 -0.086046 0.149399
0.117780 -0.086062 0.149394
0.117790 -0.086080 0.149390
0.117800 -0.086109 0.149382
0.117805 -0.086136 0.149376
0.117812 -0.086166 0.149370
0.117811 -0.086204 0.149361
0.117795 -0.086253 0.149346
0.117787 -0.086291 0.149338
0.117773 -0.086326 0.149328
0.117767 -0.086353 0.149323
0.117754 -0.086387 0.149313
0.117736 -0.086426 0.149302
0.117720 -0.086469 0.149292
0.117690 -0.086523 0.149272
0.117682 -0.086539 0.149269
0.117653 -0.086579 0.149254
0.117623 -0.086627 0.149235
0.117595 -0.086665 0.149219
0.117537 -0.086726 0.149185
0.117507 -0.086771 0.149161
0.117488 -0.086804 0.149146
0.117445 -0.086853 0.149114
0.117397 -0.086900 0.149079
0.117359 -0.086942 0.149049
0.117322 -0.086976 0.149020
0.117304 -0.086996 0.149001
0.117272 -0.087026 0.148971
0.117246 -0.087053 0.148942
0.117215 -0.087081 0.148918
0.117179 -0.087110 0.148888
0.117142 -0.087133 0.148853
0.117119 -0.087153 0.148832
0.117073 -0.087165 0.148797
0.117047 -0.087187 0.148766
0.117004 -0.087185 0.148736
0.116984 -0.087193 0.148712
0.116958 -0.087193 0.148685
0.116926 -0.087189 0.148656
0.116884 -0.087176 0.148616
0.116862 -0.087169 0.148588
0.116825 -0.087139 0.148553
0.116794 -0.087110 0.148523
0.116778 -0.087103 0.148510
0.116741 -0.087049 0.148474
0.116703 -0.087000 0.148439
0.116662 -0.086934 0.148403
0.116641 -0.086906 0.148389
0.116625 -0.086862 0.148368
0.116605 -0.086818 0.148349
0.116582 -0.086763 0.148326
0.116562 -0.086702 0.148300
0.116534 -0.086625 0.148273
0.116507 -0.086540 0.148236
0.116481 -0.086450 0.148197
0.116455 -0.086361 0.148153
0.116419 -0.086268 0.148116
0.116378 -0.086142 0.148049
0.116344 -0.086042 0.147998
0.116314 -0.085954 0.147951
0.116272 -0.085806 0.147861
0.116239 -0.085694 0.147796
0.116204 -0.085573 0.147721
0.116175 -0.085460 0.147649
0.116135 -0.085317 0.147561
0.116102 -0.085178 0.147468
0.116068 -0.085031 0.147368
0.116045 -0.084933 0.147298
0.116007 -0.084805 0.147209
0.115969 -0.084626 0.147076
0.115936 -0.084484 0.146970
0.115900 -0.084299 0.146824
0.115871 -0.084130 0.146687
0.115849 -0.083976 0.146560
0.115830 -0.083822 0.146432
0.115814 -0.083667 0.146302
0.115803 -0.083466 0.146136
0.115799 -0.083319 0.146016
0.115792 -0.083102 0.145829
0.115791 -0.082932 0.145683
0.115792 -0.082784 0.145552
0.115797 -0.082608 0.145395
0.115802 -0.082417 0.145235
0.115811 -0.082247 0.145088
0.115823 -0.082090 0.144956
0.115843 -0.081845 0.144753
0.115860 -0.081662 0.144599
0.115881 -0.081511 0.144475
0.115909 -0.081357 0.144330
0.115953 -0.081167 0.144165
0.115991 -0.081032 0.144036
0.116029 -0.080912 0.143919
0.116063 -0.080789 0.143799
0.116111 -0.080646 0.143639
0.116147 -0.080544 0.143534
0.116214 -0.080418 0.143381
0.116261 -0.080334 0.143283
0.116316 -0.080268 0.143194
0.116373 -0.080177 0.143085
0.116438 -0.080114 0.142989
0.116497 -0.080067 0.142912
0.116566 -0.080030 0.142834
0.116623 -0.079993 0.142756
0.116693 -0.079972 0.142690
0.116744 -0.079969 0.142659
0.116821 -0.079944 0.142586
0.116895 -0.079978 0.142573
0.116961 -0.079983 0.142524
0.117071 -0.080038 0.142495
0.117122 -0.080065 0.142480
0.117187 -0.080113 0.142480
0.117320 -0.080214 0.142476
0.117401 -0.080276 0.142475
0.117488 -0.080352 0.142481
0.117547 -0.080408 0.142484
0.117634 -0.080497 0.142501
0.117737 -0.080600 0.142533
0.117836 -0.080704 0.142569
0.117927 -0.080802 0.142606
0.117994 -0.080874 0.142636
0.118091 -0.080986 0.142682
0.118156 -0.081069 0.142717
0.118221 -0.081144 0.142750
0.118321 -0.081276 0.142810
0.118413 -0.081393 0.142865
0.118481 -0.081478 0.142905
0.118594 -0.081626 0.142981
0.118639 -0.081695 0.143020
0.118778 -0.081881 0.143124
0.118833 -0.081953 0.143167
0.118947 -0.082098 0.143258
0.119002 -0.082169 0.143304
0.119090 -0.082291 0.143389
0.119168 -0.082401 0.143469
0.119243 -0.082525 0.143567
0.119308 -0.082623 0.143650
0.119379 -0.082728 0.143742
0.119443 -0.082822 0.143829
0.119510 -0.082914 0.143919
0.119557 -0.082989 0.143992
0.119606 -0.083078 0.144085
0.119622 -0.083119 0.144127
0.119705 -0.083267 0.144282
0.119757 -0.083352 0.144372
0.119798 -0.083419 0.144443
0.119875 -0.083539 0.144574
0.119914 -0.083607 0.144650
0.119961 -0.083715 0.144769
0.120017 -0.083820 0.144886
0.120061 -0.083902 0.144981
0.120078 -0.083934 0.145015
0.120157 -0.084072 0.145174
0.120219 -0.084181 0.145302
0.120260 -0.084266 0.145402
0.120305 -0.084357 0.145511
0.120343 -0.084430 0.145596
0.120410 -0.084548 0.145739
0.120454 -0.084620 0.145828
0.120493 -0.084691 0.145913
0.120529 -0.084764 0.146002
0.120570 -0.084841 0.146096
0.120614 -0.084918 0.146191
0.120690 -0.085043 0.146350
0.120740 -0.085123 0.146454
0.120769 -0.085172 0.146518
0.120795 -0.085217 0.146575
0.120846 -0.085305 0.146691
0.120906 -0.085403 0.146821
0.120941 -0.085467 0.146914
0.120996 -0.085566 0.147054
0.121038 -0.085653 0.147184
0.121073 -0.085724 0.147288
0.121124 -0.085801 0.147399
0.121178 -0.085876 0.147504
0.121222 -0.085946 0.147603
0.121273 -0.086026 0.147716
0.121304 -0.086096 0.147813
0.121336 -0.086166 0.147911
0.121380 -0.086235 0.148006
0.121424 -0.086304 0.148101
0.121464 -0.086374 0.148197
0.121497 -0.086433 0.148279
0.121534 -0.086498 0.148368
0.121571 -0.086562 0.148453
0.121604 -0.086625 0.148536
0.121629 -0.086676 0.148602
0.121660 -0.086741 0.148686
0.121680 -0.086795 0.148755
0.121696 -0.086857 0.148835
0.121706 -0.086928 0.148920
0.121710 -0.087003 0.149006
0.121713 -0.087066 0.149076
0.121715 -0.087149 0.149163
0.121715 -0.087222 0.149237
0.121708 -0.087306 0.149312
0.121698 -0.087393 0.149388
0.121689 -0.087482 0.149466
0.121678 -0.087578 0.149539
0.121663 -0.087678 0.149615
0.121651 -0.087769 0.149681
0.121632 -0.087881 0.149756
0.121614 -0.087988 0.149823
0.121606 -0.088096 0.149887
0.121598 -0.088199 0.149938
0.121594 -0.088304 0.149988
0.121597 -0.088424 0.150043
0.121600 -0.088537 0.150087
0.121599 -0.088642 0.150128
0.121600 -0.088744 0.150161
0.121612 -0.088839 0.150190
0.121627 -0.088927 0.150216
0.121654 -0.089019 0.150237
0.121685 -0.089103 0.150251
0.121718 -0.089184 0.150256
0.121758 -0.089262 0.150261
0.121800 -0.089331 0.150262
0.121843 -0.089399 0.150266
0.121898 -0.089469 0.150265
0.121953 -0.089523 0.150259
0.122021 -0.089582 0.150250
0.122099 -0.089634 0.150237
0.122164 -0.089675 0.150229
0.122245 -0.089712 0.150216
0.122329 -0.089747 0.150201
0.122437 -0.089779 0.150186
0.122518 -0.089795 0.150176
0.122624 -0.089809 0.150169
0.122728 -0.089821 0.150161
0.122878 -0.089827 0.150148
0.123002 -0.089814 0.150139
0.123143 -0.089792 0.150129
0.123265 -0.089775 0.150121
0.123392 -0.089738 0.150112
0.123576 -0.089694 0.150093
0.123737 -0.089639 0.150083
0.123875 -0.089585 0.150075
0.124012 -0.089527 0.150068
0.124170 -0.089451 0.150061
0.124343 -0.089362 0.150052
0.124490 -0.089282 0.150044
0.124643 -0.089193 0.150032
0.124778 -0.089107 0.150021
0.124905 -0.089023 0.150010
0.125075 -0.088907 0.149993
0.125218 -0.088801 0.149983
0.125376 -0.088683 0.149972
0.125500 -0.088587 0.149964
0.125649 -0.088468 0.149953
0.125732 -0.088402 0.149944
0.125830 -0.088328 0.149931
0.126061 -0.088145 0.149915
0.126205 -0.088042 0.149900
0.126341 -0.087945 0.149883
0.126487 -0.087842 0.149866
0.126629 -0.087749 0.149847
0.126782 -0.087652 0.149827
0.126941 -0.087554 0.149810
0.127073 -0.087474 0.149793
0.127244 -0.087371 0.149766
0.127396 -0.087283 0.149743
0.127537 -0.087204 0.149720
0.127712 -0.087105 0.149690
0.127832 -0.087047 0.149670
0.128054 -0.086925 0.149633
0.128243 -0.086823 0.149601
0.128408 -0.086748 0.149574
0.128542 -0.086694 0.149551
0.128739 -0.086609 0.149518
0.128921 -0.086534 0.149489
0.129124 -0.086454 0.149460
0.129311 -0.086382 0.149430
0.129502 -0.086312 0.149397
0.129695 -0.086244 0.149365
0.129934 -0.086161 0.149329
0.130153 -0.086093 0.149291
0.130424 -0.085995 0.149247
0.130619 -0.085933 0.149212
0.130819 -0.085873 0.149179
0.130987 -0.085829 0.149147
0.131169 -0.085773 0.149121
0.131492 -0.085677 0.149067
0.131696 -0.085626 0.149030
0.131822 -0.085604 0.149000
0.132044 -0.085552 0.148959
0.132246 -0.085509 0.148920
0.132447 -0.085476 0.148881
0.132646 -0.085446 0.148846
0.132859 -0.085414 0.148805
0.133086 -0.085389 0.148765
0.133257 -0.085376 0.148731
0.133451 -0.085366 0.148693
0.133616 -0.085360 0.148658
0.133809 -0.085347 0.148620
0.133975 -0.085340 0.148580
0.134127 -0.085335 0.148552
0.134271 -0.085330 0.148523
0.134440 -0.085330 0.148491
0.134578 -0.085338 0.148461
0.134697 -0.085345 0.148428
0.134865 -0.085361 0.148392
0.134961 -0.085372 0.148364
0.135068 -0.085388 0.148337
0.135147 -0.085403 0.148317
0.135227 -0.085415 0.148288
0.135288 -0.085425 0.148265
0.135348 -0.085442 0.148241
0.135381 -0.085456 0.148228
0.135428 -0.085477 0.148209
0.135454 -0.085496 0.148197
0.135474 -0.085513 0.148187
0.135483 -0.085532 0.148180
0.135469 -0.085550 0.148174
0.135463 -0.085575 0.148163
0.135442 -0.085601 0.148158
0.135412 -0.085623 0.148152
0.135373 -0.085647 0.148146
0.135325 -0.085673 0.148148
0.135268 -0.085690 0.148146
0.135197 -0.085715 0.148149
0.135105 -0.085733 0.148153
0.135019 -0.085750 0.148158
0.134931 -0.085764 0.148164
0.134819 -0.085775 0.148169
0.134755 -0.085783 0.148173
0.134666 -0.085791 0.148175
0.134502 -0.085803 0.148178
0.134259 -0.085820 0.148182
0.134063 -0.085830 0.148186
0.133892 -0.085840 0.148191
0.133725 -0.085846 0.148190
0.133615 -0.085851 0.148194
0.133443 -0.085853 0.148192
0.133335 -0.085855 0.148193
0.133199 -0.085858 0.148196
0.133042 -0.085857 0.148194
0.132887 -0.085861 0.148198
0.132735 -0.085862 0.148201
0.132592 -0.085865 0.148204
0.132442 -0.085871 0.148214
0.132390 -0.085869 0.148215
0.132233 -0.085875 0.148220
0.132133 -0.085875 0.148223
0.131968 -0.085876 0.148227
0.131885 -0.085881 0.148229
0.131771 -0.085882 0.148232
0.131637 -0.085884 0.148234
0.131515 -0.085888 0.148238
0.131421 -0.085894 0.148242
0.131355 -0.085893 0.148243
0.131246 -0.085897 0.148245
0.131158 -0.085904 0.148250
0.131002 -0.085919 0.148258
0.130929 -0.085922 0.148262
0.130762 -0.085936 0.148271
0.130662 -0.085942 0.148276
0.130560 -0.085949 0.148286
0.130464 -0.085954 0.148295
0.130380 -0.085958 0.148302
0.130258 -0.085964 0.148316
0.130201 -0.085967 0.148320
0.130115 -0.085970 0.148328
0.130043 -0.085973 0.148335
0.129984 -0.085978 0.148343
0.129904 -0.085982 0.148352
0.129837 -0.085987 0.148357
0.129787 -0.085991 0.148361
0.129743 -0.085995 0.148367
0.129692 -0.086001 0.148376
0.129661 -0.086003 0.148380
0.129626 -0.086006 0.148388
0.129602 -0.086010 0.148396
0.129577 -0.086010 0.148403
0.129567 -0.086011 0.148410
0.129563 -0.086008 0.148416
0.129556 -0.086003 0.148422
0.129559 -0.085997 0.148430
0.129567 -0.085990 0.148436
0.129580 -0.085982 0.148443
0.129595 -0.085976 0.148449
0.129629 -0.085961 0.148454
0.129656 -0.085953 0.148461
0.129688 -0.085947 0.148466
0.129742 -0.085933 0.148471
0.129784 -0.085926 0.148475
0.129830 -0.085919 0.148483
0.129870 -0.085915 0.148489
0.129939 -0.085904 0.148494
0.130006 -0.085896 0.148504
0.130052 -0.085892 0.148513
0.130101 -0.085886 0.148523
0.130164 -0.085881 0.148535
0.130220 -0.085877 0.148542
0.130310 -0.085866 0.148557
0.130393 -0.085861 0.148568
0.130452 -0.085853 0.148578
0.130539 -0.085849 0.148588
0.130598 -0.085844 0.148600
0.130693 -0.085838 0.148611
0.130748 -0.085834 0.148622
0.130842 -0.085828 0.148633
0.130914 -0.085826 0.148643
0.130953 -0.085824 0.148652
0.131064 -0.085822 0.148665
0.131139 -0.085822 0.148676
0.131215 -0.085820 0.148689
0.131300 -0.085821 0.148703
0.131356 -0.085822 0.148712
0.131437 -0.085828 0.148726
0.131491 -0.085834 0.148737
0.131572 -0.085841 0.148751
0.131636 -0.085851 0.148763
0.131699 -0.085864 0.148779
0.131736 -0.085869 0.148786
0.131798 -0.085882 0.148798
0.131828 -0.085889 0.148806
0.131887 -0.085907 0.148822
0.131917 -0.085918 0.148833
0.131940 -0.085930 0.148844
0.131987 -0.085946 0.148859
0.131997 -0.085952 0.148865
0.132028 -0.085962 0.148874
0.132037 -0.085985 0.148890
0.132048 -0.085998 0.148901
0.132045 -0.086010 0.148910
0.132057 -0.086018 0.148916
0.132047 -0.086036 0.148927
0.132047 -0.086055 0.148938
0.132019 -0.086076 0.148949
0.131999 -0.086095 0.148959
0.131985 -0.086116 0.148966
0.131960 -0.086135 0.148973
0.131903 -0.086159 0.148978
0.131864 -0.086176 0.148983
0.131835 -0.086193 0.148985
0.131802 -0.086213 0.148984
0.131749 -0.086231 0.148985
0.131641 -0.086258 0.148985
0.131573 -0.086280 0.148986
0.131502 -0.086298 0.148986
0.131403 -0.086323 0.148983
0.131333 -0.086342 0.148977
0.131275 -0.086359 0.148975
0.131227 -0.086375 0.148971
0.131156 -0.086393 0.148971
0.131059 -0.086423 0.148969
0.130913 -0.086457 0.148971
0.130864 -0.086473 0.148970
0.130772 -0.086498 0.148973
0.130758 -0.086501 0.148973
0.130566 -0.086552 0.148972
0.130501 -0.086567 0.148969
0.130410 -0.086591 0.148969
0.130317 -0.086613 0.148971
0.130216 -0.086640 0.148978
0.130119 -0.086665 0.148981
0.129983 -0.086697 0.148986
0.129907 -0.086716 0.148991
0.129828 -0.086734 0.148996
0.129745 -0.086758 0.149008
0.129659 -0.086779 0.149012
0.129580 -0.086797 0.149019
0.129494 -0.086821 0.149034
0.129430 -0.086837 0.149042
0.129331 -0.086862 0.149056
0.129282 -0.086877 0.149064
0.129208 -0.086895 0.149076
0.129158 -0.086907 0.149085
0.129081 -0.086932 0.149101
0.128988 -0.086969 0.149124
0.128909 -0.086994 0.149142
0.128845 -0.087015 0.149159
0.128794 -0.087035 0.149174
0.128728 -0.087059 0.149197
0.128671 -0.087082 0.149218
0.128619 -0.087101 0.149235
0.128560 -0.087125 0.149256
0.128505 -0.087147 0.149278
0.128449 -0.087175 0.149304
0.128415 -0.087192 0.149321
0.128368 -0.087217 0.149344
0.128352 -0.087227 0.149352
0.128340 -0.087232 0.149356
0.128301 -0.087257 0.149374
0.128282 -0.087269 0.149386
0.128253 -0.087291 0.149401
0.128207 -0.087332 0.149430
0.128175 -0.087359 0.149448
0.128143 -0.087386 0.149466
0.128117 -0.087409 0.149479
0.128100 -0.087427 0.149491
0.128057 -0.087468 0.149513
0.128032 -0.087492 0.149527
0.128009 -0.087513 0.149539
0.127981 -0.087541 0.149555
0.127969 -0.087557 0.149564
0.127924 -0.087601 0.149587
0.127895 -0.087627 0.149600
0.127864 -0.087655 0.149614
0.127836 -0.087681 0.149627
0.127822 -0.087693 0.149633
0.127779 -0.087738 0.149654
0.127741 -0.087771 0.149671
0.127693 -0.087813 0.149687
0.127654 -0.087846 0.149702
0.127613 -0.087876 0.149715
0.127565 -0.087912 0.149730
0.127496 -0.087960 0.149749
0.127429 -0.088002 0.149765
0.127345 -0.088054 0.149783
0.127262 -0.088108 0.149800
0.127173 -0.088165 0.149818
0.127074 -0.088228 0.149834
0.126975 -0.088289 0.149849
0.126862 -0.088355 0.149857
0.126754 -0.088420 0.149865
0.126629 -0.088483 0.149871
0.126494 -0.088553 0.149875
0.126411 -0.088601 0.149880
0.126268 -0.088668 0.149881
0.126133 -0.088724 0.149880
0.125937 -0.088793 0.149877
0.125814 -0.088863 0.149871
0.125656 -0.088913 0.149861
0.125496 -0.088968 0.149851
0.125325 -0.089014 0.149838
0.125110 -0.089062 0.149822
0.124927 -0.089101 0.149807
0.124755 -0.089137 0.149796
0.124564 -0.089174 0.149783
0.124379 -0.089208 0.149772
0.124193 -0.089240 0.149763
0.124023 -0.089272 0.149753
0.123815 -0.089306 0.149743
0.123688 -0.089323 0.149733
0.123541 -0.089344 0.149725
0.123381 -0.089364 0.149714
0.123259 -0.089379 0.149706
0.123113 -0.089394 0.149695
0.122979 -0.089407 0.149683
0.122847 -0.089416 0.149670
0.122711 -0.089425 0.149654
0.122572 -0.089431 0.149635
0.122455 -0.089435 0.149618
0.122332 -0.089439 0.149599
0.122182 -0.089445 0.149573
0.122098 -0.089447 0.149560
0.121955 -0.089451 0.149534
0.121884 -0.089451 0.149519
0.121778 -0.089454 0.149500
0.121674 -0.089449 0.149476
0.121550 -0.089446 0.149450
0.121466 -0.089437 0.149427
0.121405 -0.089428 0.149410
0.121316 -0.089414 0.149383
0.121234 -0.089397 0.149359
0.121159 -0.089381 0.149335
0.121122 -0.089373 0.149324
0.121045 -0.089341 0.149285
0.120986 -0.089307 0.149253
0.120943 -0.089280 0.149223
0.120907 -0.089248 0.149193
0.120874 -0.089215 0.149162
0.120841 -0.089176 0.149128
0.120818 -0.089139 0.149096
0.120796 -0.089100 0.149063
0.120784 -0.089067 0.149037
0.120769 -0.089023 0.149003
0.120751 -0.088975 0.148969
0.120745 -0.088931 0.148937
0.120743 -0.088881 0.148902
0.120749 -0.088847 0.148880
0.120755 -0.088787 0.148839
0.120773 -0.088728 0.148803
0.120792 -0.088678 0.148773
0.120813 -0.088622 0.148738
0.120836 -0.088569 0.148707
0.120868 -0.088498 0.148662
0.120900 -0.088441 0.148629
0.120946 -0.088366 0.148587
0.120986 -0.088306 0.148553
0.121028 -0.088246 0.148520
0.121081 -0.088169 0.148475
0.121140 -0.088086 0.148429
0.121197 -0.088002 0.148384
0.121252 -0.087925 0.148344
0.121320 -0.087833 0.148299
0.121350 -0.087791 0.148276
0.121441 -0.087665 0.148218
0.121510 -0.087564 0.148169
0.121549 -0.087505 0.148140
0.121646 -0.087374 0.148085
0.121675 -0.087329 0.148065
0.121798 -0.087163 0.148000
0.121872 -0.087058 0.147958
0.121906 -0.086998 0.147934
0.122016 -0.086861 0.147883
0.122124 -0.086713 0.147829
0.122215 -0.086597 0.147787
0.122294 -0.086497 0.147751
0.122367 -0.086409 0.147720
0.122462 -0.086282 0.147674
0.122527 -0.086197 0.147644
0.122633 -0.086071 0.147599
0.122719 -0.085967 0.147566
0.122808 -0.085863 0.147529
0.122905 -0.085760 0.147495
0.123001 -0.085656 0.147460
0.123094 -0.085563 0.147428
0.123194 -0.085464 0.147395
0.123297 -0.085373 0.147363
0.123391 -0.085286 0.147332
0.123474 -0.085224 0.147309
0.123584 -0.085125 0.147275
0.123662 -0.085070 0.147252
0.123782 -0.084968 0.147219
0.123852 -0.084925 0.147201
0.123953 -0.084854 0.147175
0.124035 -0.084798 0.147157
0.124137 -0.084744 0.147141
0.124234 -0.084688 0.147126
0.124328 -0.084639 0.147114
0.124474 -0.084555 0.147099
0.124592 -0.084516 0.147090
0.124673 -0.084482 0.147084
0.124794 -0.084452 0.147081
0.124882 -0.084438 0.147080
0.125008 -0.084434 0.147080
0.125090 -0.084439 0.147083
0.125175 -0.084445 0.147085
0.125266 -0.084460 0.147095
0.125317 -0.084480 0.147103
0.125390 -0.084507 0.147118
0.125451 -0.084535 0.147133
0.125511 -0.084571 0.147149
0.125547 -0.084592 0.147159
0.125578 -0.084617 0.147171
0.125625 -0.084658 0.147191
0.125679 -0.084702 0.147217
0.125705 -0.084731 0.147234
0.125719 -0.084754 0.147243
0.125742 -0.084801 0.147264
0.125759 -0.084829 0.147277
0.125774 -0.084867 0.147293
0.125788 -0.084899 0.147304
0.125801 -0.084940 0.147320
0.125808 -0.084968 0.147330
0.125817 -0.084997 0.147338
0.125833 -0.085018 0.147347
0.125836 -0.085045 0.147356
0.125821 -0.085080 0.147366
0.125806 -0.085116 0.147378
0.125804 -0.085144 0.147387
0.125810 -0.085171 0.147393
0.125811 -0.085178 0.147395
0.125782 -0.085232 0.147408
0.125767 -0.085245 0.147412
0.125737 -0.085270 0.147414
0.125715 -0.085292 0.147419
0.125695 -0.085315 0.147430
0.125685 -0.085327 0.147436
0.125672 -0.085335 0.147438
0.125617 -0.085358 0.147444
0.125572 -0.085376 0.147450
0.125536 -0.085396 0.147457
0.125490 -0.085417 0.147468
0.125456 -0.085425 0.147470
0.125412 -0.085432 0.147474
0.125364 -0.085440 0.147480
0.125335 -0.085450 0.147488
0.125294 -0.085456 0.147492
0.125244 -0.085464 0.147500
0.125206 -0.085468 0.147502
0.125171 -0.085471 0.147505
0.125093 -0.085480 0.147507
0.125068 -0.085483 0.147509
0.125009 -0.085489 0.147513
0.124946 -0.085487 0.147510
0.124917 -0.085488 0.147511
0.124873 -0.085491 0.147511
0.124818 -0.085495 0.147510
0.124791 -0.085497 0.147511
0.124703 -0.085500 0.147510
0.124668 -0.085502 0.147511
0.124618 -0.085507 0.147516
0.124545 -0.085515 0.147525
0.124481 -0.085519 0.147529
0.124410 -0.085520 0.147532
0.124358 -0.085528 0.147539
0.124287 -0.085536 0.147546
0.124243 -0.085541 0.147548
0.124154 -0.085554 0.147553
0.124111 -0.085564 0.147557
0.124051 -0.085573 0.147561
0.124002 -0.085584 0.147566
0.123964 -0.085591 0.147567
0.123902 -0.085615 0.147580
0.123859 -0.085626 0.147586
0.123802 -0.085649 0.147599
0.123750 -0.085677 0.147613
0.123705 -0.085705 0.147630
0.123681 -0.085718 0.147638
0.123649 -0.085738 0.147647
0.123638 -0.085744 0.147649
0.123575 -0.085785 0.147669
0.123535 -0.085816 0.147684
0.123496 -0.085850 0.147703
0.123462 -0.085880 0.147717
0.123434 -0.085918 0.147736
0.123404 -0.085962 0.147754
0.123371 -0.086009 0.147777
0.123344 -0.086052 0.147797
0.123319 -0.086115 0.147827
0.123298 -0.086167 0.147853
0.123276 -0.086220 0.147875
0.123252 -0.086283 0.147905
0.123230 -0.086338 0.147933
0.123208 -0.086392 0.147962
0.123187 -0.086444 0.147990
0.123180 -0.086496 0.148015
0.123170 -0.086546 0.148040
0.123163 -0.086600 0.148065
0.123150 -0.086641 0.148081
0.123139 -0.086690 0.148106
0.123124 -0.086744 0.148134
0.123114 -0.086786 0.148157
0.123101 -0.086829 0.148181
0.123096 -0.086864 0.148203
0.123087 -0.086899 0.148221
0.123083 -0.086929 0.148235
0.123073 -0.086956 0.148247
0.123067 -0.086986 0.148258
0.123062 -0.087005 0.148263
0.123062 -0.087028 0.148272
0.123061 -0.087050 0.148277
0.123061 -0.087065 0.148279
0.123062 -0.087072 0.148280
0.123058 -0.087087 0.148284
0.123056 -0.087098 0.148286
0.123056 -0.087105 0.148289
0.123061 -0.087109 0.148285
0.123065 -0.087115 0.148285
0.123074 -0.087117 0.148282
0.123078 -0.087117 0.148280
0.123082 -0.087113 0.148277
0.123085 -0.087109 0.148274
0.123090 -0.087104 0.148270
0.123094 -0.087097 0.148267
0.123100 -0.087089 0.148264
0.123102 -0.087083 0.148262
0.123105 -0.087076 0.148260
0.123105 -0.087072 0.148258
0.123105 -0.087066 0.148258
0.123106 -0.087061 0.148259
0.123104 -0.087057 0.148258
0.123104 -0.087054 0.148262
0.123105 -0.087056 0.148263
0.123105 -0.087056 0.148264
0.123104 -0.087056 0.148265
0.123103 -0.087060 0.148268
0.123104 -0.087061 0.148273
0.123105 -0.087063 0.148275
0.123106 -0.087066 0.148275
0.123107 -0.087067 0.148276
0.123106 -0.087073 0.148276
0.123107 -0.087077 0.148272
0.123110 -0.087080 0.148271
0.123113 -0.087082 0.148270
0.123114 -0.087084 0.148271
0.123113 -0.087084 0.148270
0.123114 -0.087085 0.148268
0.123111 -0.087084 0.148269
0.123111 -0.087083 0.148265
0.123110 -0.087085 0.148266
0.123111 -0.087088 0.148268
0.123112 -0.087088 0.148268
0.123113 -0.087087 0.148269
0.123114 -0.087084 0.148271
0.123113 -0.087083 0.148273
0.123111 -0.087079 0.148274
0.123111 -0.087079 0.148274
0.123111 -0.087075 0.148275
0.123111 -0.087071 0.148278
0.123112 -0.087068 0.148280
0.123113 -0.087064 0.148280
0.123113 -0.087058 0.148279
0.123113 -0.087054 0.148278
0.123115 -0.087050 0.148278
0.123116 -0.087045 0.148279
0.123116 -0.087039 0.148280
0.123116 -0.087036 0.148281
0.123117 -0.087029 0.148282
0.123116 -0.087021 0.148284
0.123117 -0.087013 0.148286
0.123116 -0.087004 0.148286
0.123116 -0.086995 0.148288
0.123115 -0.086985 0.148289
0.123113 -0.086977 0.148288
0.123113 -0.086972 0.148287
0.123111 -0.086969 0.148288
0.123115 -0.086956 0.148283
0.123117 -0.086944 0.148279
0.123117 -0.086941 0.148278
0.123119 -0.086935 0.148276
0.123121 -0.086928 0.148272
0.123122 -0.086922 0.148269
0.123125 -0.086916 0.148268
0.123129 -0.086910 0.148265
0.123131 -0.086906 0.148261
0.123134 -0.086904 0.148257
0.123136 -0.086904 0.148254
0.123137 -0.086904 0.148256
0.123141 -0.086903 0.148254
0.123141 -0.086900 0.148254
0.123145 -0.086899 0.148256
0.123146 -0.086898 0.148254
0.123151 -0.086896 0.148253
0.123158 -0.086893 0.148253
0.123167 -0.086893 0.148257
0.123176 -0.086894 0.148263
0.123186 -0.086895 0.148272
0.123197 -0.086899 0.148274
0.123205 -0.086903 0.148277
0.123218 -0.086905 0.148280
0.123227 -0.086908 0.148283
0.123249 -0.086914 0.148289
0.123268 -0.086917 0.148294
0.123292 -0.086922 0.148296
0.123320 -0.086928 0.148297
0.123358 -0.086935 0.148298
0.123390 -0.086940 0.148298
0.123424 -0.086944 0.148300
0.123444 -0.086948 0.148304
0.123466 -0.086950 0.148307
0.123495 -0.086951 0.148308
0.123524 -0.086951 0.148311
0.123549 -0.086950 0.148313
0.123578 -0.086950 0.148314
0.123611 -0.086948 0.148319
0.123641 -0.086946 0.148321
0.123656 -0.086944 0.148324
0.123685 -0.086937 0.148330
0.123712 -0.086932 0.148334
0.123740 -0.086926 0.148340
0.123774 -0.086920 0.148347
0.123802 -0.086912 0.148350
0.123831 -0.086901 0.148353
0.123860 -0.086889 0.148355
0.123886 -0.086878 0.148358
0.123904 -0.086871 0.148360
0.123920 -0.086863 0.148362
0.123948 -0.086851 0.148366
0.123965 -0.086844 0.148367
0.123981 -0.086836 0.148371
0.124043 -0.086811 0.148379
0.124068 -0.086800 0.148381
0.124097 -0.086787 0.148383
0.124127 -0.086774 0.148384
0.124148 -0.086763 0.148386
0.124173 -0.086748 0.148387
0.124204 -0.086727 0.148389
0.124222 -0.086714 0.148389
0.124238 -0.086703 0.148389
0.124261 -0.086689 0.148389
0.124277 -0.086680 0.148389
0.124311 -0.086658 0.148388
0.124342 -0.086641 0.148389
0.124370 -0.086624 0.148390
0.124389 -0.086610 0.148390
0.124413 -0.086594 0.148389
0.124428 -0.086580 0.148388
0.124444 -0.086566 0.148389
0.124461 -0.086555 0.148388
0.124478 -0.086536 0.148387
0.124491 -0.086520 0.148386
0.124505 -0.086507 0.148385
0.124516 -0.086489 0.148384
0.124525 -0.086473 0.148384
0.124533 -0.086457 0.148382
0.124541 -0.086443 0.148380
0.124545 -0.086430 0.148377
0.124547 -0.086415 0.148370
0.124548 -0.086404 0.148366
0.124548 -0.086390 0.148360
0.124546 -0.086379 0.148353
0.124542 -0.086370 0.148349
0.124538 -0.086359 0.148343
0.124531 -0.086347 0.148335
0.124527 -0.086338 0.148332
0.124515 -0.086328 0.148323
0.124504 -0.086319 0.148317
0.124485 -0.086309 0.148310
0.124471 -0.086302 0.148304
0.124452 -0.086290 0.148297
0.124436 -0.086285 0.148294
0.124410 -0.086273 0.148289
0.124390 -0.086267 0.148283
0.124362 -0.086260 0.148278
0.124337 -0.086253 0.148270
0.124311 -0.086250 0.148264
0.124287 -0.086247 0.148257
0.124270 -0.086242 0.148249
0.124238 -0.086236 0.148240
0.124215 -0.086235 0.148234
0.124198 -0.086234 0.148230
0.124165 -0.086230 0.148221
0.124135 -0.086229 0.148213
0.124097 -0.086227 0.148203
0.124065 -0.086226 0.148193
0.124037 -0.086226 0.148185
0.123999 -0.086226 0.148175
0.123968 -0.086226 0.148166
0.123939 -0.086225 0.148162
0.123912 -0.086227 0.148157
0.123886 -0.086229 0.148155
0.123852 -0.086230 0.148150
0.123820 -0.086230 0.148143
0.123789 -0.086228 0.148136
0.123756 -0.086228 0.148128
0.123726 -0.086228 0.148119
0.123692 -0.086226 0.148108
0.123663 -0.086225 0.148102
0.123638 -0.086225 0.148096
0.123614 -0.086223 0.148090
0.123584 -0.086221 0.148088
0.123562 -0.086218 0.148082
0.123533 -0.086213 0.148076
0.123508 -0.086209 0.148068
0.123464 -0.086202 0.148057
0.123446 -0.086201 0.148052
0.123423 -0.086195 0.148045
0.123388 -0.086187 0.148036
0.123367 -0.086183 0.148029
0.123338 -0.086175 0.148022
0.123319 -0.086168 0.148018
0.123299 -0.086159 0.148008
0.123280 -0.086149 0.148002
0.123260 -0.086139 0.147994
0.123247 -0.086132 0.147988
0.123228 -0.086121 0.147980
0.123213 -0.086111 0.147974
0.123200 -0.086102 0.147972
0.123188 -0.086092 0.147969
0.123183 -0.086083 0.147965
0.123169 -0.086073 0.147965
0.123164 -0.086066 0.147963
0.123163 -0.086059 0.147958
0.123162 -0.086051 0.147951
0.123167 -0.086045 0.147943
0.123170 -0.086044 0.147937
0.123178 -0.086041 0.147932
0.123192 -0.086037 0.147924
0.123201 -0.086032 0.147918
0.123213 -0.086029 0.147914
0.123225 -0.086025 0.147910
0.123240 -0.086019 0.147906
0.123245 -0.086017 0.147903
0.123271 -0.086004 0.147895
0.123284 -0.085995 0.147891
0.123296 -0.085989 0.147888
0.123305 -0.085985 0.147887
0.123317 -0.085977 0.147888
0.123331 -0.085968 0.147892
0.123342 -0.085960 0.147895
0.123357 -0.085945 0.147896
0.123368 -0.085935 0.147901
0.123376 -0.085925 0.147903
0.123380 -0.085919 0.147906
0.123387 -0.085905 0.147909
0.123397 -0.085884 0.147916
0.123405 -0.085864 0.147922
0.123415 -0.085842 0.147926
0.123421 -0.085827 0.147929
0.123428 -0.085811 0.147930
0.123431 -0.085804 0.147934
0.123436 -0.085790 0.147935
0.123438 -0.085784 0.147937
0.123441 -0.085775 0.147939
0.123445 -0.085760 0.147942
0.123448 -0.085752 0.147947
0.123449 -0.085748 0.147950
0.123451 -0.085739 0.147954
0.123459 -0.085724 0.147957
0.123463 -0.085715 0.147959
0.123467 -0.085706 0.147963
0.123470 -0.085692 0.147964
0.123473 -0.085683 0.147965
0.123474 -0.085668 0.147965
0.123473 -0.085656 0.147966
0.123477 -0.085637 0.147969
0.123477 -0.085609 0.147973
0.123481 -0.085589 0.147977
0.123481 -0.085574 0.147978
0.123482 -0.085553 0.147980
0.123481 -0.085544 0.147980
0.123484 -0.085523 0.147977
0.123488 -0.085509 0.147976
0.123493 -0.085486 0.147973
0.123494 -0.085463 0.147969
0.123496 -0.085450 0.147967
0.123495 -0.085434 0.147964
0.123497 -0.085415 0.147964
0.123500 -0.085398 0.147963
0.123504 -0.085384 0.147962
0.123506 -0.085378 0.147963
0.123508 -0.085375 0.147962
0.123519 -0.085346 0.147958
0.123523 -0.085346 0.147957
0.123531 -0.085337 0.147956
0.123545 -0.085324 0.147952
0.123552 -0.085319 0.147951
0.123556 -0.085316 0.147951
0.123556 -0.085317 0.147951
0.123555 -0.085318 0.147954
0.123556 -0.085319 0.147958
0.123557 -0.085318 0.147960
0.123555 -0.085322 0.147966
0.123554 -0.085329 0.147972
0.123555 -0.085333 0.147976
0.123554 -0.085338 0.147981
0.123552 -0.085346 0.147988
0.123548 -0.085351 0.147995
0.123547 -0.085359 0.148002
0.123545 -0.085366 0.148009
0.123543 -0.085373 0.148016
0.123543 -0.085380 0.148021
0.123538 -0.085387 0.148034
0.123535 -0.085393 0.148042
0.123529 -0.085399 0.148052
0.123524 -0.085402 0.148056
0.123521 -0.085403 0.148063
0.123516 -0.085405 0.148075
0.123512 -0.085406 0.148083
0.123510 -0.085403 0.148092
0.123510 -0.085403 0.148092
0.123511 -0.085401 0.148111
0.123505 -0.085397 0.148117
0.123498 -0.085391 0.148125
0.123500 -0.085391 0.148149
0.123501 -0.085393 0.148157
0.123501 -0.085392 0.148165
0.123500 -0.085392 0.148169
0.123499 -0.085391 0.148172
0.123501 -0.085393 0.148180
0.123503 -0.085395 0.148185
0.123506 -0.085394 0.148187
0.123513 -0.085401 0.148207
0.123514 -0.085405 0.148220
0.123516 -0.085408 0.148231
0.123516 -0.085405 0.148236
0.123518 -0.085408 0.148248
0.123521 -0.085402 0.148257
0.123525 -0.085410 0.148279
0.123532 -0.085408 0.148294
0.123535 -0.085406 0.148300
0.123541 -0.085406 0.148329
0.123543 -0.085406 0.148335
0.123546 -0.085404 0.148349
0.123554 -0.085398 0.148365
0.123556 -0.085397 0.148376
0.123559 -0.085396 0.148394
0.123566 -0.085391 0.148422
0.123570 -0.085388 0.148441
0.123572 -0.085387 0.148459
0.123577 -0.085387 0.148477
0.123583 -0.085388 0.148495
0.123586 -0.085391 0.148512
0.123589 -0.085393 0.148527
0.123590 -0.085397 0.148542
0.123588 -0.085403 0.148556
0.123588 -0.085410 0.148569
0.123584 -0.085423 0.148587
0.123584 -0.085437 0.148603
0.123583 -0.085454 0.148615
0.123584 -0.085464 0.148623
0.123585 -0.085478 0.148632
0.123588 -0.085490 0.148638
0.123592 -0.085508 0.148644
0.123596 -0.085523 0.148650
0.123600 -0.085536 0.148653
0.123603 -0.085553 0.148658
0.123604 -0.085568 0.148660
0.123605 -0.085584 0.148664
0.123606 -0.085604 0.148665
0.123606 -0.085618 0.148667
0.123606 -0.085627 0.148669
0.123608 -0.085649 0.148671
0.123608 -0.085655 0.148673
0.123607 -0.085669 0.148676
0.123606 -0.085684 0.148679
0.123602 -0.085700 0.148682
0.123600 -0.085728 0.148693
0.123599 -0.085740 0.148697
0.123600 -0.085750 0.148701
0.123597 -0.085764 0.148706
0.123599 -0.085785 0.148716
0.123599 -0.085795 0.148719
0.123599 -0.085814 0.148726
0.123600 -0.085828 0.148732
0.123605 -0.085848 0.148741
0.123605 -0.085858 0.148746
0.123604 -0.085874 0.148754
0.123604 -0.085879 0.148757
0.123606 -0.085886 0.148762
0.123604 -0.085902 0.148774
0.123597 -0.085922 0.148789
0.123595 -0.085929 0.148794
0.123590 -0.085945 0.148810
0.123588 -0.085953 0.148818
0.123587 -0.085960 0.148825
0.123585 -0.085968 0.148832
0.123583 -0.085982 0.148842
0.123583 -0.085984 0.148844
0.123582 -0.085989 0.148850
0.123582 -0.085997 0.148856
0.123581 -0.086011 0.148870
0.123582 -0.086013 0.148873
0.123584 -0.086016 0.148876
0.123588 -0.086018 0.148877
0.123591 -0.086016 0.148880
0.123597 -0.086015 0.148881
0.123605 -0.086012 0.148881
0.123609 -0.086009 0.148881
0.123616 -0.086005 0.148880
0.123625 -0.086003 0.148878
0.123633 -0.086000 0.148877
0.123642 -0.085998 0.148878
0.123651 -0.085994 0.148878
0.123670 -0.085994 0.148877
0.123672 -0.085994 0.148877
0.123675 -0.085990 0.148877
0.123689 -0.085994 0.148880
0.123692 -0.085996 0.148882
0.123697 -0.086000 0.148883
0.123700 -0.086002 0.148883
0.123703 -0.086005 0.148883
0.123704 -0.086004 0.148881
0.123706 -0.086007 0.148881
0.123712 -0.086010 0.148880
0.123717 -0.086010 0.148878
0.123717 -0.086010 0.148877
0.123720 -0.086009 0.148876
0.123722 -0.086003 0.148874
0.123724 -0.085996 0.148871
0.123721 -0.085993 0.148868
0.123718 -0.085987 0.148867
0.123714 -0.085970 0.148862
0.123709 -0.085961 0.148861
0.123699 -0.085945 0.148854
0.123694 -0.085930 0.148851
0.123687 -0.085920 0.148848
0.123683 -0.085899 0.148845
0.123677 -0.085888 0.148841
0.123673 -0.085868 0.148834
0.123671 -0.085849 0.148828
0.123668 -0.085845 0.148824
0.123660 -0.085828 0.148815
0.123652 -0.085815 0.148810
0.123651 -0.085807 0.148802
0.123648 -0.085801 0.148796
0.123643 -0.085792 0.148792
0.123631 -0.085775 0.148787
0.123622 -0.085761 0.148784
0.123621 -0.085759 0.148781
0.123607 -0.085742 0.148781
0.123605 -0.085739 0.148779
0.123598 -0.085724 0.148782
0.123597 -0.085721 0.148780
0.123595 -0.085704 0.148783
0.123595 -0.085699 0.148780
0.123592 -0.085682 0.148788
0.123589 -0.085677 0.148792
0.123585 -0.085670 0.148794
0.123582 -0.085667 0.148792
0.123578 -0.085658 0.148796
0.123576 -0.085654 0.148796
0.123573 -0.085648 0.148798
0.123569 -0.085636 0.148801
0.123569 -0.085631 0.148798
0.123566 -0.085621 0.148801
0.123563 -0.085607 0.148804
0.123562 -0.085596 0.148806
0.123562 -0.085581 0.148808
0.123563 -0.085573 0.148808
0.123562 -0.085568 0.148806
0.123560 -0.085558 0.148810
0.123558 -0.085551 0.148810
0.123560 -0.085545 0.148810
0.123562 -0.085539 0.148810
0.123562 -0.085534 0.148808
0.123562 -0.085528 0.148804
0.123565 -0.085522 0.148803
0.123566 -0.085516 0.148803
0.123566 -0.085513 0.148803
0.123566 -0.085510 0.148804
0.123566 -0.085507 0.148803
0.123567 -0.085499 0.148801
0.123569 -0.085494 0.148800
0.123570 -0.085488 0.148796
0.123571 -0.085480 0.148793
0.123571 -0.085475 0.148791
0.123572 -0.085471 0.148787
0.123571 -0.085471 0.148785
0.123575 -0.085464 0.148779
0.123577 -0.085462 0.148772
0.123577 -0.085462 0.148770
0.123577 -0.085463 0.148765
0.123581 -0.085464 0.148761
0.123584 -0.085464 0.148757
0.123586 -0.085467 0.148754
0.123588 -0.085469 0.148753
0.123592 -0.085474 0.148749
0.123593 -0.085478 0.148749
0.123595 -0.085485 0.148747
0.123596 -0.085490 0.148747
0.123599 -0.085496 0.148747
0.123600 -0.085501 0.148747
0.123601 -0.085504 0.148749
0.123603 -0.085510 0.148745
0.123607 -0.085518 0.148747
0.123611 -0.085525 0.148750
0.123614 -0.085531 0.148753
0.123616 -0.085541 0.148758
0.123620 -0.085554 0.148768
0.123626 -0.085568 0.148782
0.123629 -0.085575 0.148788
0.123633 -0.085590 0.148800
0.123635 -0.085601 0.148806
0.123638 -0.085615 0.148816
0.123645 -0.085624 0.148824
0.123646 -0.085637 0.148832
0.123645 -0.085659 0.148843
0.123646 -0.085667 0.148853
0.123648 -0.085679 0.148863
0.123648 -0.085691 0.148874
0.123647 -0.085692 0.148879
0.123651 -0.085710 0.148894
0.123659 -0.085728 0.148910
0.123664 -0.085737 0.148920
0.123669 -0.085750 0.148930
0.123674 -0.085762 0.148937
0.123682 -0.085772 0.148944
0.123693 -0.085786 0.148954
0.123703 -0.085804 0.148962
0.123712 -0.085812 0.148967
0.123720 -0.085830 0.148970
0.123728 -0.085853 0.148976
0.123729 -0.085879 0.148983
0.123744 -0.085910 0.148986
0.123748 -0.085925 0.148989
0.123754 -0.085949 0.148994
0.123760 -0.085978 0.149002
0.123767 -0.086000 0.149008
0.123772 -0.086019 0.149014
0.123774 -0.086037 0.149021
0.123774 -0.086059 0.149029
0.123775 -0.086074 0.149033
0.123777 -0.086090 0.149037
0.123779 -0.086100 0.149037
0.123781 -0.086122 0.149040
0.123781 -0.086139 0.149041
0.123783 -0.086151 0.149044
0.123782 -0.086164 0.149047
0.123775 -0.086190 0.149049
0.123768 -0.086216 0.149050
0.123764 -0.086238 0.149051
0.123760 -0.086254 0.149054
0.123755 -0.086284 0.149053
0.123754 -0.086298 0.149052
0.123745 -0.086323 0.149043
0.123738 -0.086344 0.149037
0.123732 -0.086360 0.149031
0.123725 -0.086376 0.149018
0.123721 -0.086390 0.149012
0.123716 -0.086401 0.149006
0.123709 -0.086410 0.148998
0.123706 -0.086419 0.148992
0.123700 -0.086427 0.148984
0.123699 -0.086429 0.148978
0.123695 -0.086440 0.148976
0.123689 -0.086442 0.148967
0.123689 -0.086443 0.148959
0.123687 -0.086445 0.148951
0.123684 -0.086446 0.148945
0.123682 -0.086447 0.148940
0.123678 -0.086446 0.148928
0.123675 -0.086445 0.148917
0.123671 -0.086440 0.148907
0.123674 -0.086436 0.148897
0.123675 -0.086431 0.148887
0.123673 -0.086422 0.148876
0.123673 -0.086412 0.148862
0.123670 -0.086403 0.148854
0.123665 -0.086392 0.148848
0.123665 -0.086380 0.148837
0.123665 -0.086378 0.148835
0.123665 -0.086369 0.148821
0.123663 -0.086367 0.148813
0.123658 -0.086366 0.148801
0.123659 -0.086369 0.148793
0.123661 -0.086375 0.148793
0.123652 -0.086379 0.148776
0.123653 -0.086384 0.148773
0.123651 -0.086387 0.148764
0.123651 -0.086390 0.148763
0.123648 -0.086389 0.148755
0.123644 -0.086391 0.148752
0.123640 -0.086395 0.148751
0.123635 -0.086399 0.148750
0.123632 -0.086400 0.148747
0.123628 -0.086404 0.148746
0.123626 -0.086406 0.148745
0.123624 -0.086405 0.148743
0.123620 -0.086408 0.148743
0.123619 -0.086409 0.148742
0.123618 -0.086413 0.148743
0.123619 -0.086418 0.148742
0.123620 -0.086423 0.148740
0.123623 -0.086429 0.148741
0.123623 -0.086430 0.148737
0.123622 -0.086432 0.148735
0.123620 -0.086434 0.148733
0.123619 -0.086432 0.148733
0.123617 -0.086431 0.148734
0.123610 -0.086427 0.148736
0.123608 -0.086419 0.148740
0.123604 -0.086417 0.148741
0.123604 -0.086416 0.148743
0.123606 -0.086411 0.148747
0.123607 -0.086405 0.148752
0.123610 -0.086406 0.148753
0.123615 -0.086404 0.148755
0.123618 -0.086406 0.148755
0.123627 -0.086407 0.148750
0.123633 -0.086406 0.148743
0.123640 -0.086401 0.148734
0.123644 -0.086393 0.148727
0.123650 -0.086381 0.148720
0.123654 -0.086373 0.148712
0.123660 -0.086359 0.148706
0.123662 -0.086347 0.148701
0.123666 -0.086331 0.148698
0.123666 -0.086320 0.148691
0.123665 -0.086310 0.148687
0.123668 -0.086300 0.148683
0.123671 -0.086294 0.148679
0.123676 -0.086288 0.148674
0.123679 -0.086286 0.148672
0.123681 -0.086283 0.148673
0.123682 -0.086281 0.148674
0.123685 -0.086278 0.148674
0.123683 -0.086280 0.148676
0.123682 -0.086280 0.148679
0.123682 -0.086280 0.148683
0.123675 -0.086284 0.148690
0.123671 -0.086280 0.148694
0.123668 -0.086280 0.148697
0.123666 -0.086275 0.148699
0.123663 -0.086272 0.148701
0.123653 -0.086252 0.148703
0.123651 -0.086250 0.148705
0.123644 -0.086229 0.148710
0.123645 -0.086225 0.148712
0.123643 -0.086204 0.148712
0.123647 -0.086195 0.148712
0.123652 -0.086182 0.148711
0.123657 -0.086176 0.148709
0.123659 -0.086175 0.148708
0.123664 -0.086167 0.148703
0.123665 -0.086166 0.148699
0.123658 -0.086176 0.148694
0.123656 -0.086182 0.148689
0.123655 -0.086185 0.148687
0.123652 -0.086198 0.148680
0.123654 -0.086206 0.148675
0.123641 -0.086217 0.148672
0.123638 -0.086233 0.148667
0.123640 -0.086244 0.148664
0.123624 -0.086254 0.148665
0.123622 -0.086271 0.148663
0.123620 -0.086282 0.148663
0.123612 -0.086289 0.148664
0.123603 -0.086312 0.148662
0.123596 -0.086316 0.148662
0.123591 -0.086341 0.148660
0.123583 -0.086358 0.148659
0.123583 -0.086376 0.148659
0.123565 -0.086393 0.148660
0.123557 -0.086399 0.148661
0.123552 -0.086427 0.148665
0.123532 -0.086446 0.148670
0.123523 -0.086464 0.148675
0.123495 -0.086473 0.148675
0.123475 -0.086501 0.148680
0.123445 -0.086504 0.148680
0.123414 -0.086530 0.148682
0.123405 -0.086534 0.148682
0.123375 -0.086556 0.148686
0.123349 -0.086570 0.148687
0.123332 -0.086578 0.148687
0.123314 -0.086587 0.148687
0.123290 -0.086595 0.148687
0.123281 -0.086597 0.148689
0.123248 -0.086608 0.148687
0.123221 -0.086617 0.148684
0.123205 -0.086622 0.148683
0.123164 -0.086641 0.148678
0.123142 -0.086645 0.148677
0.123113 -0.086654 0.148674
0.123094 -0.086658 0.148671
0.123058 -0.086666 0.148666
0.123033 -0.086670 0.148664
0.123006 -0.086675 0.148660
0.122982 -0.086681 0.148657
0.122964 -0.086686 0.148655
0.122947 -0.086693 0.148652
0.122933 -0.086699 0.148647
0.122920 -0.086707 0.148642
0.122908 -0.086713 0.148640
0.122897 -0.086721 0.148636
0.122887 -0.086728 0.148634
0.122879 -0.086737 0.148629
0.122870 -0.086746 0.148628
0.122858 -0.086759 0.148626
0.122857 -0.086761 0.148625
0.122849 -0.086781 0.148626
0.122844 -0.086785 0.148627
0.122841 -0.086803 0.148630
0.122840 -0.086814 0.148633
0.122839 -0.086816 0.148633
0.122836 -0.086837 0.148638
0.122836 -0.086847 0.148640
0.122834 -0.086860 0.148643
0.122836 -0.086876 0.148648
0.122836 -0.086893 0.148653
0.122837 -0.086904 0.148657
0.122842 -0.086920 0.148665
0.122845 -0.086931 0.148671
0.122850 -0.086941 0.148679
0.122853 -0.086954 0.148692
0.122858 -0.086967 0.148702
0.122860 -0.086980 0.148710
0.122868 -0.086990 0.148721
0.122877 -0.087012 0.148733
0.122884 -0.087031 0.148744
0.122887 -0.087039 0.148750
0.122899 -0.087066 0.148764
0.122907 -0.087089 0.148772
0.122914 -0.087107 0.148781
0.122922 -0.087127 0.148791
0.122927 -0.087144 0.148800
0.122930 -0.087159 0.148805
0.122939 -0.087178 0.148819
0.122944 -0.087199 0.148829
0.122944 -0.087209 0.148832
0.122950 -0.087236 0.148847
0.122951 -0.087244 0.148848
0.122956 -0.087275 0.148864
0.122955 -0.087293 0.148874
0.122956 -0.087306 0.148875
0.122959 -0.087325 0.148887
0.122961 -0.087343 0.148894
0.122964 -0.087355 0.148901
0.122966 -0.087366 0.148908
0.122969 -0.087376 0.148915
0.122970 -0.087386 0.148920
0.122970 -0.087395 0.148923
0.122968 -0.087403 0.148926
0.122966 -0.087412 0.148933
0.122963 -0.087429 0.148940
0.122961 -0.087439 0.148947
0.122961 -0.087449 0.148953
0.122958 -0.087462 0.148958
0.122955 -0.087471 0.148964
0.122953 -0.087484 0.148970
0.122950 -0.087499 0.148979
0.122947 -0.087507 0.148980
0.122941 -0.087523 0.148988
0.122939 -0.087531 0.148989
0.122934 -0.087547 0.148999
0.122927 -0.087563 0.149005
0.122920 -0.087581 0.149017
0.122913 -0.087592 0.149019
0.122907 -0.087604 0.149024
0.122898 -0.087626 0.149038
0.122893 -0.087636 0.149041
0.122888 -0.087649 0.149046
0.122878 -0.087669 0.149055
0.122871 -0.087683 0.149062
0.122866 -0.087697 0.149063
0.122859 -0.087712 0.149070
0.122853 -0.087729 0.149073
0.122846 -0.087741 0.149077
0.122841 -0.087752 0.149079
0.122834 -0.087767 0.149084
0.122831 -0.087778 0.149087
0.122828 -0.087790 0.149090
0.122824 -0.087798 0.149091
0.122823 -0.087807 0.149093
0.122822 -0.087818 0.149096
0.122817 -0.087826 0.149098
0.122813 -0.087834 0.149100
0.122805 -0.087840 0.149101
0.122800 -0.087843 0.149102
0.122796 -0.087848 0.149106
0.122790 -0.087851 0.149108
0.122785 -0.087854 0.149109
0.122779 -0.087855 0.149109
0.122775 -0.087857 0.149109
0.122771 -0.087857 0.149111
0.122768 -0.087856 0.149108
0.122764 -0.087853 0.149107
0.122758 -0.087850 0.149108
0.122752 -0.087843 0.149107
0.122746 -0.087839 0.149109
0.122745 -0.087834 0.149110
0.122742 -0.087828 0.149110
0.122742 -0.087823 0.149110
0.122740 -0.087819 0.149110
0.122738 -0.087810 0.149109
0.122738 -0.087806 0.149108
0.122736 -0.087801 0.149108
0.122736 -0.087795 0.149107
0.122735 -0.087791 0.149108
0.122734 -0.087788 0.149108
0.122734 -0.087786 0.149109
0.122732 -0.087785 0.149109
0.122732 -0.087784 0.149111
0.122731 -0.087786 0.149113
0.122731 -0.087786 0.149116
0.122732 -0.087785 0.149116
0.122730 -0.087786 0.149118
0.122729 -0.087787 0.149123
0.122729 -0.087787 0.149127
0.122728 -0.087789 0.149132
0.122729 -0.087789 0.149136
0.122729 -0.087790 0.149141
0.122728 -0.087794 0.149146
0.122728 -0.087794 0.149150
0.122727 -0.087798 0.149154
0.122725 -0.087800 0.149158
0.122724 -0.087802 0.149163
0.122723 -0.087807 0.149168
0.122722 -0.087811 0.149173
0.122724 -0.087818 0.149177
0.122723 -0.087825 0.149184
0.122723 -0.087830 0.149187
0.122722 -0.087837 0.149193
0.122722 -0.087841 0.149196
0.122720 -0.087848 0.149200
0.122720 -0.087854 0.149207
0.122719 -0.087860 0.149211
0.122716 -0.087867 0.149216
0.122713 -0.087875 0.149222
0.122711 -0.087880 0.149226
0.122708 -0.087887 0.149232
0.122708 -0.087893 0.149237
0.122705 -0.087896 0.149242
0.122703 -0.087902 0.149246
0.122701 -0.087907 0.149253
0.122700 -0.087908 0.149254
0.122699 -0.087910 0.149258
0.122697 -0.087912 0.149262
0.122697 -0.087914 0.149263
0.122694 -0.087917 0.149266
0.122694 -0.087917 0.149267
0.122690 -0.087918 0.149269
0.122687 -0.087921 0.149272
0.122686 -0.087922 0.149273
0.122683 -0.087922 0.149273
0.122680 -0.087925 0.149276
0.122678 -0.087927 0.149277
0.122673 -0.087930 0.149277
0.122670 -0.087932 0.149278
0.122665 -0.087933 0.149277
0.122662 -0.087936 0.149278
0.122659 -0.087939 0.149278
0.122654 -0.087940 0.149277
0.122651 -0.087942 0.149277
0.122648 -0.087943 0.149276
0.122645 -0.087942 0.149277
0.122643 -0.087942 0.149275
0.122640 -0.087944 0.149276
0.122640 -0.087942 0.149275
0.122638 -0.087943 0.149274
0.122635 -0.087942 0.149272
0.122636 -0.087942 0.149272
0.122630 -0.087940 0.149269
0.122629 -0.087940 0.149269
0.122625 -0.087940 0.149268
0.122620 -0.087939 0.149266
0.122617 -0.087936 0.149263
0.122615 -0.087932 0.149261
0.122612 -0.087929 0.149260
0.122608 -0.087925 0.149258
0.122605 -0.087920 0.149255
0.122603 -0.087916 0.149252
0.122599 -0.087911 0.149248
0.122596 -0.087906 0.149245
0.122592 -0.087903 0.149241
0.122590 -0.087898 0.149237
0.122585 -0.087895 0.149233
0.122580 -0.087891 0.149228
0.122576 -0.087887 0.149223
0.122572 -0.087881 0.149218
0.122569 -0.087876 0.149214
0.122566 -0.087872 0.149210
0.122563 -0.087870 0.149205
0.122560 -0.087864 0.149200
0.122555 -0.087858 0.149194
0.122552 -0.087855 0.149191
0.122546 -0.087853 0.149187
0.122540 -0.087850 0.149182
0.122534 -0.087848 0.149178
0.122530 -0.087846 0.149174
0.122525 -0.087843 0.149170
0.122520 -0.087842 0.149166
0.122516 -0.087839 0.149162
0.122515 -0.087837 0.149159
0.122508 -0.087835 0.149152
0.122508 -0.087835 0.149151
0.122502 -0.087836 0.149145
0.122499 -0.087836 0.149144
0.122492 -0.087836 0.149141
0.122488 -0.087837 0.149140
0.122480 -0.087837 0.149136
0.122473 -0.087837 0.149134
0.122467 -0.087837 0.149132
0.122461 -0.087837 0.149132
0.122452 -0.087835 0.149129
0.122444 -0.087836 0.149128
0.122431 -0.087833 0.149127
0.122422 -0.087831 0.149128
0.122420 -0.087829 0.149128
0.122413 -0.087827 0.149128
0.122406 -0.087824 0.149129
0.122399 -0.087819 0.149128
0.122387 -0.087814 0.149128
0.122381 -0.087809 0.149128
0.122374 -0.087804 0.149129
0.122368 -0.087800 0.149131
0.122360 -0.087795 0.149131
0.122354 -0.087790 0.149132
0.122346 -0.087786 0.149134
0.122340 -0.087782 0.149136
0.122334 -0.087779 0.149137
0.122329 -0.087776 0.149141
0.122325 -0.087774 0.149142
0.122321 -0.087771 0.149145
0.122318 -0.087768 0.149148
0.122316 -0.087768 0.149149
0.122315 -0.087766 0.149152
0.122314 -0.087765 0.149153
0.122312 -0.087762 0.149155
0.122311 -0.087759 0.149157
0.122310 -0.087758 0.149159
0.122309 -0.087756 0.149162
0.122309 -0.087755 0.149164
0.122308 -0.087753 0.149165
0.122308 -0.087750 0.149168
0.122308 -0.087748 0.149169
0.122306 -0.087745 0.149170
0.122306 -0.087744 0.149172
0.122305 -0.087746 0.149174
0.122306 -0.087744 0.149177
0.122306 -0.087743 0.149176
0.122306 -0.087743 0.149177
0.122307 -0.087743 0.149178
0.122308 -0.087743 0.149177
0.122308 -0.087744 0.149178
0.122308 -0.087743 0.149179
0.122308 -0.087747 0.149180
0.122309 -0.087749 0.149181
0.122308 -0.087752 0.149181
0.122308 -0.087754 0.149182
0.122308 -0.087760 0.149185
0.122307 -0.087764 0.149187
0.122308 -0.087768 0.149190
0.122310 -0.087772 0.149193
0.122309 -0.087775 0.149196
0.122310 -0.087780 0.149199
0.122311 -0.087783 0.149201
0.122310 -0.087786 0.149205
0.122308 -0.087790 0.149207
0.122305 -0.087793 0.149209
0.122305 -0.087792 0.149208
0.122304 -0.087793 0.149209
0.122299 -0.087796 0.149211
0.122296 -0.087800 0.149213
0.122295 -0.087805 0.149214
0.122295 -0.087809 0.149216
0.122293 -0.087813 0.149218
0.122293 -0.087816 0.149219
0.122290 -0.087819 0.149220
0.122289 -0.087821 0.149223
0.122289 -0.087823 0.149223
0.122288 -0.087827 0.149226
0.122287 -0.087831 0.149227
0.122289 -0.087833 0.149230
0.122289 -0.087835 0.149231
0.122292 -0.087840 0.149231
0.122293 -0.087844 0.149230
0.122294 -0.087847 0.149232
0.122295 -0.087852 0.149228
0.122293 -0.087854 0.149228
0.122292 -0.087857 0.149228
0.122291 -0.087859 0.149225
0.122287 -0.087862 0.149225
0.122287 -0.087863 0.149223
0.122285 -0.087865 0.149220
0.122284 -0.087866 0.149220
0.122281 -0.087868 0.149217
0.122278 -0.087868 0.149215
0.122279 -0.087870 0.149216
0.122273 -0.087874 0.149207
0.122272 -0.087874 0.149205
0.122267 -0.087876 0.149200
0.122264 -0.087879 0.149200
0.122260 -0.087881 0.149197
0.122255 -0.087881 0.149192
0.122251 -0.087880 0.149186
0.122245 -0.087885 0.149180
0.122235 -0.087889 0.149177
0.122227 -0.087890 0.149173
0.122222 -0.087892 0.149172
0.122218 -0.087892 0.149170
0.122211 -0.087894 0.149169
0.122206 -0.087895 0.149166
0.122193 -0.087898 0.149151
0.122183 -0.087901 0.149143
0.122174 -0.087903 0.149126
0.122168 -0.087906 0.149122
0.122150 -0.087909 0.149110
0.122137 -0.087908 0.149105
0.122108 -0.087905 0.149094
0.122099 -0.087902 0.149091
0.122056 -0.087902 0.149083
0.122046 -0.087900 0.149077
0.121992 -0.087893 0.149051
0.121969 -0.087889 0.149038
0.121930 -0.087881 0.149013
0.121915 -0.087879 0.149002
0.121845 -0.087867 0.148952
0.121817 -0.087865 0.148931
0.121742 -0.087854 0.148882
0.121703 -0.087849 0.148859
0.121659 -0.087843 0.148831
0.121632 -0.087842 0.148813
0.121517 -0.087826 0.148750
0.121495 -0.087825 0.148737
0.121381 -0.087801 0.148676
0.121337 -0.087803 0.148652
0.121203 -0.087770 0.148574
0.121118 -0.087750 0.148522
0.121088 -0.087745 0.148505
0.120934 -0.087700 0.148406
0.120818 -0.087668 0.148334
0.120780 -0.087658 0.148310
0.120625 -0.087604 0.148218
0.120504 -0.087563 0.148150
0.120409 -0.087525 0.148097
0.120359 -0.087508 0.148063
0.120166 -0.087433 0.147955
0.120128 -0.087415 0.147924
0.119921 -0.087333 0.147804
0.119873 -0.087309 0.147766
0.119671 -0.087216 0.147626
0.119548 -0.087153 0.147529
0.119410 -0.087078 0.147420
0.119383 -0.087059 0.147386
0.119167 -0.086941 0.147219
0.118977 -0.086823 0.147045
0.118848 -0.086741 0.146925
0.118802 -0.086690 0.146851
0.118652 -0.086589 0.146703
0.118627 -0.086555 0.146646
0.118398 -0.086413 0.146433
0.118353 -0.086358 0.146346
0.118147 -0.086210 0.146117
0.118034 -0.086106 0.145953
0.117901 -0.085997 0.145785
0.117892 -0.085959 0.145725
0.117697 -0.085761 0.145428
0.117703 -0.085704 0.145335
0.117507 -0.085517 0.145062
0.117382 -0.085397 0.144893
0.117318 -0.085282 0.144724
0.117333 -0.085188 0.144585
0.117278 -0.085074 0.144423
0.117091 -0.084904 0.144196
0.117116 -0.084824 0.144077
0.117006 -0.084640 0.143831
0.116987 -0.084480 0.143615
0.116908 -0.084305 0.143398
0.116882 -0.084193 0.143264
0.116891 -0.084074 0.143119
0.116924 -0.083937 0.142955
0.116951 -0.083829 0.142826
0.117042 -0.083701 0.142675
0.117083 -0.083631 0.142600
0.117177 -0.083474 0.142438
0.117248 -0.083375 0.142347
0.117352 -0.083272 0.142256
0.117375 -0.083198 0.142194
0.117476 -0.083110 0.142127
0.117599 -0.083011 0.142068
0.117708 -0.082923 0.142024
0.117839 -0.082839 0.141989
0.117963 -0.082763 0.141966
0.118083 -0.082702 0.141955
0.118239 -0.082637 0.141954
0.118379 -0.082589 0.141964
0.118530 -0.082536 0.141985
0.118750 -0.082493 0.142021
0.118864 -0.082461 0.142053
0.119019 -0.082430 0.142098
0.119187 -0.082407 0.142147
0.119370 -0.082384 0.142209
0.119580 -0.082366 0.142286
0.119777 -0.082358 0.142361
0.119974 -0.082346 0.142447
0.120181 -0.082343 0.142542
0.120370 -0.082340 0.142639
0.120594 -0.082348 0.142761
0.120804 -0.082363 0.142879
0.121027 -0.082381 0.143010
0.121242 -0.082401 0.143139
0.121440 -0.082426 0.143256
0.121665 -0.082445 0.143401
0.122010 -0.082501 0.143616
0.122230 -0.082536 0.143764
0.122467 -0.082578 0.143923
0.122716 -0.082627 0.144093
0.122919 -0.082669 0.144233
0.123110 -0.082715 0.144364
0.123372 -0.082776 0.144544
0.123589 -0.082835 0.144694
0.123775 -0.082887 0.144824
0.123964 -0.082944 0.144956
0.124239 -0.083039 0.145157
0.124398 -0.083092 0.145271
0.124593 -0.083161 0.145412
0.124809 -0.083241 0.145572
0.124945 -0.083295 0.145674
0.125194 -0.083400 0.145866
0.125287 -0.083443 0.145941
0.125547 -0.083561 0.146136
0.125739 -0.083654 0.146280
0.125801 -0.083689 0.146339
0.126046 -0.083811 0.146519
0.126215 -0.083902 0.146651
0.126274 -0.083940 0.146707
0.126506 -0.084072 0.146882
0.126551 -0.084104 0.146926
0.126765 -0.084240 0.147097
0.126906 -0.084329 0.147203
0.126936 -0.084359 0.147241
0.127151 -0.084507 0.147405
0.127271 -0.084602 0.147508
0.127281 -0.084627 0.147540
0.127475 -0.084773 0.147687
0.127576 -0.084861 0.147775
0.127601 -0.084882 0.147797
0.127740 -0.085011 0.147925
0.127725 -0.085024 0.147946
0.127893 -0.085159 0.148078
0.127974 -0.085237 0.148157
0.127938 -0.085247 0.148180
0.128096 -0.085380 0.148304
0.128215 -0.085463 0.148376
0.128224 -0.085510 0.148437
0.128296 -0.085585 0.148512
0.128371 -0.085655 0.148582
0.128339 -0.085662 0.148605
0.128521 -0.085792 0.148719
0.128623 -0.085869 0.148790
0.128765 -0.085964 0.148870
0.128858 -0.086036 0.148933
0.128946 -0.086114 0.148995
0.128997 -0.086159 0.149027
0.129090 -0.086240 0.149085
0.129234 -0.086327 0.149141
0.129350 -0.086391 0.149182
0.129413 -0.086449 0.149216
0.129553 -0.086521 0.149262
0.129661 -0.086575 0.149299
0.129754 -0.086619 0.149332
0.129820 -0.086648 0.149353
0.129942 -0.086685 0.149386
0.130047 -0.086710 0.149415
0.130167 -0.086721 0.149444
0.130218 -0.086719 0.149461
0.130307 -0.086708 0.149482
0.130388 -0.086695 0.149495
0.130453 -0.086674 0.149504
0.130504 -0.086649 0.149511
0.130570 -0.086629 0.149517
0.130619 -0.086603 0.149519
0.130615 -0.086584 0.149519
0.130656 -0.086561 0.149520
0.130684 -0.086532 0.149519
0.130716 -0.086496 0.149515
0.130744 -0.086451 0.149513
0.130820 -0.086396 0.149504
0.130853 -0.086351 0.149497
0.130886 -0.086301 0.149489
0.130918 -0.086266 0.149482
0.130951 -0.086211 0.149472
0.130984 -0.086161 0.149460
0.131004 -0.086117 0.149450
0.131039 -0.086077 0.149440
0.131059 -0.086038 0.149428
0.131082 -0.086006 0.149419
0.131099 -0.085961 0.149408
0.131119 -0.085929 0.149400
0.131131 -0.085883 0.149391
0.131151 -0.085859 0.149389
0.131158 -0.085819 0.149385
0.131166 -0.085787 0.149384
0.131174 -0.085760 0.149382
0.131174 -0.085730 0.149378
0.131173 -0.085707 0.149382
0.131174 -0.085684 0.149386
0.131173 -0.085669 0.149390
0.131172 -0.085655 0.149395
0.131163 -0.085644 0.149398
0.131160 -0.085633 0.149403
0.131150 -0.085623 0.149407
0.131141 -0.085615 0.149415
0.131121 -0.085601 0.149424
0.131107 -0.085595 0.149428
0.131094 -0.085591 0.149430
0.131078 -0.085588 0.149432
0.131060 -0.085584 0.149434
0.131044 -0.085584 0.149435
0.131028 -0.085586 0.149437
0.131006 -0.085586 0.149437
0.130983 -0.085577 0.149437
0.130956 -0.085581 0.149434
0.130943 -0.085580 0.149432
0.130927 -0.085585 0.149427
0.130890 -0.085582 0.149419
0.130884 -0.085581 0.149416
0.130861 -0.085580 0.149408
0.130841 -0.085578 0.149398
0.130817 -0.085577 0.149387
0.130783 -0.085573 0.149373
0.130759 -0.085570 0.149361
0.130721 -0.085567 0.149343
0.130686 -0.085563 0.149321
0.130659 -0.085559 0.149305
0.130627 -0.085554 0.149287
0.130591 -0.085545 0.149267
0.130553 -0.085535 0.149245
0.130508 -0.085524 0.149222
0.130465 -0.085510 0.149202
0.130423 -0.085498 0.149183
0.130376 -0.085479 0.149161
0.130338 -0.085466 0.149142
0.130297 -0.085448 0.149124
0.130254 -0.085426 0.149103
0.130212 -0.085407 0.149083
0.130173 -0.085385 0.149064
0.130129 -0.085362 0.149044
0.130084 -0.085338 0.149022
0.130039 -0.085313 0.149001
0.129986 -0.085284 0.148976
0.129942 -0.085258 0.148954
0.129904 -0.085232 0.148933
0.129841 -0.085193 0.148901
0.129797 -0.085164 0.148877
0.129744 -0.085132 0.148848
0.129680 -0.085090 0.148812
0.129634 -0.085059 0.148786
0.129574 -0.085019 0.148751
0.129516 -0.084981 0.148718
0.129452 -0.084941 0.148681
0.129372 -0.084894 0.148639
0.129304 -0.084847 0.148597
0.129231 -0.084804 0.148556
0.129153 -0.084749 0.148507
0.129077 -0.084703 0.148461
0.128978 -0.084644 0.148404
0.128890 -0.084588 0.148350
0.128798 -0.084529 0.148295
0.128719 -0.084480 0.148247
0.128623 -0.084415 0.148191
0.128502 -0.084357 0.148130
0.128394 -0.084304 0.148077
0.128287 -0.084219 0.148009
0.128175 -0.084146 0.147947
0.128038 -0.084074 0.147880
0.127919 -0.084002 0.147816
0.127796 -0.083923 0.147752
0.127668 -0.083844 0.147688
0.127517 -0.083759 0.147616
0.127389 -0.083679 0.147552
0.127278 -0.083603 0.147494
0.127144 -0.083533 0.147433
0.127101 -0.083498 0.147408
0.127012 -0.083420 0.147355
0.126804 -0.083314 0.147265
0.126617 -0.083230 0.147190
0.126501 -0.083152 0.147134
0.126334 -0.083060 0.147062
0.126216 -0.082973 0.147003
0.126070 -0.082900 0.146945
0.125926 -0.082814 0.146882
0.125805 -0.082747 0.146834
0.125664 -0.082649 0.146773
0.125543 -0.082580 0.146729
0.125397 -0.082503 0.146679
0.125273 -0.082432 0.146637
0.125225 -0.082388 0.146617
0.125104 -0.082314 0.146579
0.124980 -0.082252 0.146544
0.124760 -0.082127 0.146488
0.124637 -0.082055 0.146459
0.124490 -0.081980 0.146427
0.124342 -0.081896 0.146400
0.124221 -0.081817 0.146378
0.124173 -0.081789 0.146370
0.124127 -0.081746 0.146366
0.124008 -0.081677 0.146351
0.123754 -0.081535 0.146322
0.123616 -0.081454 0.146309
0.123458 -0.081360 0.146300
0.123261 -0.081243 0.146289
0.123197 -0.081199 0.146289
0.123073 -0.081125 0.146287
0.122930 -0.081038 0.146287
0.122835 -0.080972 0.146304
0.122698 -0.080883 0.146318
0.122588 -0.080807 0.146332
0.122481 -0.080727 0.146348
0.122375 -0.080647 0.146370
0.122275 -0.080568 0.146391
0.122179 -0.080493 0.146413
0.122038 -0.080378 0.146453
0.121947 -0.080301 0.146487
0.121863 -0.080228 0.146520
0.121779 -0.080156 0.146558
0.121691 -0.080072 0.146601
0.121627 -0.080015 0.146632
0.121548 -0.079929 0.146679
0.121513 -0.079893 0.146700
0.121438 -0.079816 0.146751
0.121383 -0.079764 0.146791
0.121293 -0.079675 0.146863
0.121253 -0.079636 0.146898
0.121197 -0.079583 0.146951
0.121123 -0.079507 0.147030
0.121074 -0.079455 0.147084
0.121030 -0.079406 0.147139
0.120982 -0.079351 0.147202
0.120947 -0.079314 0.147251
0.120908 -0.079274 0.147311
0.120867 -0.079229 0.147381
0.120831 -0.079194 0.147443
0.120800 -0.079163 0.147505
0.120773 -0.079133 0.147567
0.120748 -0.079107 0.147630
0.120734 -0.079093 0.147662
0.120709 -0.079071 0.147759
0.120693 -0.079057 0.147826
0.120682 -0.079050 0.147902
0.120676 -0.079048 0.147969
0.120673 -0.079052 0.148034
0.120675 -0.079059 0.148099
0.120681 -0.079076 0.148164
0.120690 -0.079101 0.148238
0.120704 -0.079129 0.148301
0.120716 -0.079157 0.148353
0.120738 -0.079211 0.148432
0.120759 -0.079255 0.148491
0.120775 -0.079289 0.148533
0.120810 -0.079367 0.148616
0.120847 -0.079448 0.148690
0.120875 -0.079514 0.148749
0.120908 -0.079587 0.148806
0.120939 -0.079664 0.148862
0.120978 -0.079758 0.148926
0.121015 -0.079847 0.148981
0.121040 -0.079908 0.149021
0.121098 -0.080043 0.149094
0.121144 -0.080153 0.149154
0.121192 -0.080255 0.149202
0.121236 -0.080360 0.149257
0.121293 -0.080485 0.149317
0.121347 -0.080597 0.149369
0.121407 -0.080729 0.149429
0.121462 -0.080848 0.149484
0.121525 -0.080986 0.149546
0.121582 -0.081108 0.149599
0.121641 -0.081235 0.149656
0.121709 -0.081376 0.149714
0.121743 -0.081451 0.149748
0.121840 -0.081646 0.149826
0.121903 -0.081777 0.149880
0.121980 -0.081918 0.149934
0.122046 -0.082035 0.149969
0.122128 -0.082189 0.150033
0.122200 -0.082314 0.150077
0.122283 -0.082452 0.150120
0.122357 -0.082562 0.150148
0.122448 -0.082706 0.150197
0.122528 -0.082829 0.150237
0.122612 -0.082945 0.150271
0.122706 -0.083071 0.150301
0.122758 -0.083150 0.150333
0.122877 -0.083284 0.150356
0.122979 -0.083392 0.150378
0.123066 -0.083484 0.150397
0.123166 -0.083565 0.150403
0.123260 -0.083660 0.150431
0.123367 -0.083747 0.150447
0.123459 -0.083811 0.150455
0.123566 -0.083877 0.150463
0.123662 -0.083926 0.150469
0.123759 -0.083979 0.150479
0.123871 -0.084021 0.150483
0.123965 -0.084057 0.150488
0.124076 -0.084084 0.150492
0.124169 -0.084101 0.150494
0.124278 -0.084114 0.150496
0.124373 -0.084119 0.150500
0.124464 -0.084117 0.150502
0.124572 -0.084109 0.150504
0.124664 -0.084097 0.150504
0.124771 -0.084081 0.150507
0.124824 -0.084069 0.150506
0.124894 -0.084053 0.150504
0.124989 -0.084027 0.150502
0.125138 -0.083986 0.150502
0.125257 -0.083949 0.150498
0.125346 -0.083918 0.150494
0.125432 -0.083887 0.150492
0.125536 -0.083848 0.150488
0.125636 -0.083813 0.150485
0.125731 -0.083777 0.150481
0.125823 -0.083741 0.150477
0.125923 -0.083703 0.150473
0.126025 -0.083663 0.150468
0.126117 -0.083626 0.150465
0.126200 -0.083598 0.150463
0.126263 -0.083568 0.150459
0.126401 -0.083522 0.150455
0.126450 -0.083501 0.150453
0.126587 -0.083458 0.150448
0.126682 -0.083431 0.150445
0.126775 -0.083402 0.150442
0.126868 -0.083375 0.150439
0.126960 -0.083352 0.150435
0.127023 -0.083327 0.150433
0.127157 -0.083290 0.150427
0.127255 -0.083262 0.150424
0.127339 -0.083240 0.150420
0.127422 -0.083227 0.150417
0.127516 -0.083204 0.150418
0.127593 -0.083192 0.150417
0.127683 -0.083180 0.150416
0.127767 -0.083172 0.150418
0.127850 -0.083172 0.150418
0.127940 -0.083172 0.150416
0.128017 -0.083175 0.150415
0.128102 -0.083179 0.150413
0.128154 -0.083183 0.150415
0.128252 -0.083193 0.150412
0.128295 -0.083199 0.150408
0.128376 -0.083211 0.150412
0.128451 -0.083225 0.150410
0.128545 -0.083245 0.150406
0.128617 -0.083261 0.150404
0.128698 -0.083280 0.150398
0.128764 -0.083295 0.150392
0.128802 -0.083304 0.150394
0.128902 -0.083328 0.150380
0.128963 -0.083342 0.150369
0.129034 -0.083356 0.150360
0.129096 -0.083367 0.150350
0.129161 -0.083379 0.150337
0.129225 -0.083387 0.150325
0.129289 -0.083393 0.150312
0.129354 -0.083397 0.150296
0.129415 -0.083396 0.150282
0.129485 -0.083395 0.150267
0.129544 -0.083392 0.150253
0.129612 -0.083391 0.150239
0.129674 -0.083381 0.150225
0.129734 -0.083372 0.150212
0.129796 -0.083358 0.150198
0.129864 -0.083344 0.150182
0.129902 -0.083325 0.150167
0.129998 -0.083288 0.150139
0.130054 -0.083271 0.150127
0.130119 -0.083244 0.150109
0.130175 -0.083226 0.150097
0.130244 -0.083173 0.150067
0.130298 -0.083149 0.150054
0.130365 -0.083102 0.150030
0.130422 -0.083064 0.150011
0.130485 -0.083026 0.149990
0.130538 -0.082990 0.149972
0.130601 -0.082947 0.149951
0.130655 -0.082909 0.149931
0.130706 -0.082872 0.149913
0.130774 -0.082824 0.149889
0.130817 -0.082790 0.149873
0.130874 -0.082748 0.149851
0.130909 -0.082716 0.149835
0.130982 -0.082662 0.149811
0.131017 -0.082628 0.149796
0.131084 -0.082578 0.149774
0.131131 -0.082537 0.149756
0.131168 -0.082505 0.149743
0.131211 -0.082467 0.149727
0.131260 -0.082427 0.149711
0.131316 -0.082385 0.149694
0.131353 -0.082356 0.149684
0.131397 -0.082321 0.149671
0.131433 -0.082296 0.149661
0.131468 -0.082273 0.149653
0.131502 -0.082246 0.149643
0.131534 -0.082226 0.149638
0.131562 -0.082210 0.149634
0.131588 -0.082196 0.149632
0.131610 -0.082189 0.149633
0.131626 -0.082181 0.149633
0.131649 -0.082178 0.149640
0.131665 -0.082180 0.149646
0.131678 -0.082184 0.149653
0.131687 -0.082188 0.149659
0.131693 -0.082197 0.149666
0.131701 -0.082210 0.149677
0.131707 -0.082221 0.149687
0.131710 -0.082237 0.149697
0.131707 -0.082257 0.149709
0.131704 -0.082274 0.149719
0.131700 -0.082301 0.149733
0.131695 -0.082322 0.149741
0.131692 -0.082335 0.149748
0.131678 -0.082366 0.149761
0.131667 -0.082390 0.149770
0.131654 -0.082412 0.149779
0.131638 -0.082432 0.149786
0.131621 -0.082454 0.149795
0.131596 -0.082475 0.149804
0.131578 -0.082491 0.149811
0.131551 -0.082512 0.149820
0.131528 -0.082527 0.149826
0.131510 -0.082540 0.149831
0.131482 -0.082555 0.149837
0.131455 -0.082565 0.149842
0.131442 -0.082571 0.149844
0.131404 -0.082585 0.149850
0.131378 -0.082593 0.149854
0.131351 -0.082601 0.149858
0.131325 -0.082606 0.149861
0.131293 -0.082610 0.149863
0.131261 -0.082610 0.149862
0.131230 -0.082611 0.149863
0.131192 -0.082611 0.149864
0.131154 -0.082607 0.149860
0.131114 -0.082603 0.149858
0.131068 -0.082597 0.149855
0.131023 -0.082592 0.149851
0.130978 -0.082586 0.149847
0.130918 -0.082579 0.149844
0.130869 -0.082570 0.149841
0.130815 -0.082563 0.149838
0.130750 -0.082558 0.149837
0.130692 -0.082550 0.149835
0.130628 -0.082544 0.149834
0.130552 -0.082534 0.149834
0.130483 -0.082525 0.149834
0.130443 -0.082516 0.149833
0.130322 -0.082508 0.149831
0.130300 -0.082501 0.149832
0.130300 -0.082497 0.149831
0.130240 -0.082491 0.149829
0.130242 -0.082488 0.149829
0.130068 -0.082479 0.149823
0.129891 -0.082468 0.149815
0.129659 -0.082458 0.149802
0.129585 -0.082454 0.149799
0.129364 -0.082447 0.149789
0.129301 -0.082444 0.149783
0.129185 -0.082441 0.149777
0.129049 -0.082439 0.149768
0.128906 -0.082438 0.149763
0.128777 -0.082438 0.149759
0.128624 -0.082437 0.149754
0.128465 -0.082443 0.149752
0.128319 -0.082449 0.149751
0.128298 -0.082448 0.149750
0.128170 -0.082454 0.149748
0.127906 -0.082470 0.149744
0.127863 -0.082471 0.149743
0.127589 -0.082489 0.149736
0.127425 -0.082501 0.149732
0.127258 -0.082513 0.149727
0.127110 -0.082524 0.149723
0.126935 -0.082538 0.149720
0.126757 -0.082555 0.149718
0.126519 -0.082576 0.149717
0.126359 -0.082592 0.149718
0.126166 -0.082609 0.149718
0.125944 -0.082629 0.149720
0.125918 -0.082630 0.149722
0.125573 -0.082659 0.149724
0.125516 -0.082662 0.149726
0.125339 -0.082676 0.149729
0.125160 -0.082687 0.149730
0.124952 -0.082699 0.149732
0.124525 -0.082717 0.149735
0.124372 -0.082720 0.149737
0.124343 -0.082720 0.149737
0.123997 -0.082725 0.149739
0.123748 -0.082723 0.149741
0.123556 -0.082720 0.149742
0.123366 -0.082713 0.149740
0.122952 -0.082689 0.149736
0.122890 -0.082681 0.149734
0.122827 -0.082669 0.149728
0.122439 -0.082635 0.149728
0.122374 -0.082623 0.149723
0.122082 -0.082587 0.149721
0.122019 -0.082572 0.149716
0.121858 -0.082541 0.149709
0.121663 -0.082501 0.149701
0.121342 -0.082435 0.149693
0.121277 -0.082412 0.149686
0.121117 -0.082369 0.149676
0.120926 -0.082315 0.149667
0.120609 -0.082228 0.149659
0.120576 -0.082205 0.149649
0.120228 -0.082091 0.149636
0.119974 -0.081991 0.149618
0.119662 -0.081869 0.149605
0.119597 -0.081821 0.149585
0.119532 -0.081781 0.149573
0.119345 -0.081693 0.149559
0.119158 -0.081600 0.149546
0.118971 -0.081495 0.149527
0.118790 -0.081401 0.149519
0.118607 -0.081289 0.149500
0.118431 -0.081177 0.149482
0.118057 -0.080939 0.149456
0.117831 -0.080782 0.149437
0.117662 -0.080656 0.149421
0.117495 -0.080528 0.149407
0.117359 -0.080423 0.149397
0.117201 -0.080295 0.149387
0.117038 -0.080150 0.149367
0.116890 -0.080026 0.149361
0.116705 -0.079867 0.149362
0.116560 -0.079724 0.149350
0.116386 -0.079540 0.149325
0.116260 -0.079414 0.149328
0.116145 -0.079290 0.149317
0.116016 -0.079149 0.149310
0.115852 -0.078969 0.149308
0.115727 -0.078827 0.149303
0.115539 -0.078608 0.149309
0.115469 -0.078514 0.149289
0.115327 -0.078332 0.149291
0.115195 -0.078151 0.149296
0.115079 -0.077988 0.149313
0.114966 -0.077828 0.149318
0.114856 -0.077680 0.149333
0.114748 -0.077528 0.149348
0.114622 -0.077348 0.149380
0.114515 -0.077187 0.149405
0.114437 -0.077069 0.149425
0.114335 -0.076905 0.149464
0.114276 -0.076816 0.149485
0.114255 -0.076782 0.149495
0.114145 -0.076586 0.149559
0.114080 -0.076467 0.149609
0.114028 -0.076355 0.149658
0.113980 -0.076249 0.149711
0.113948 -0.076176 0.149752
0.113913 -0.076092 0.149801
0.113884 -0.075998 0.149858
0.113873 -0.075977 0.149872
0.113853 -0.075904 0.149924
0.113835 -0.075843 0.149971
0.113823 -0.075780 0.150026
0.113820 -0.075782 0.150028
0.113814 -0.075676 0.150122
0.113813 -0.075646 0.150156
0.113819 -0.075566 0.150233
0.113825 -0.075530 0.150273
0.113839 -0.075481 0.150324
0.113839 -0.075485 0.150325
0.113860 -0.075429 0.150383
0.113886 -0.075384 0.150434
0.113890 -0.075388 0.150436
0.113938 -0.075315 0.150526
0.113976 -0.075273 0.150584
0.114004 -0.075250 0.150622
0.114040 -0.075221 0.150668
0.114071 -0.075201 0.150708
0.114104 -0.075184 0.150745
0.114136 -0.075167 0.150780
0.114192 -0.075147 0.150835
0.114216 -0.075141 0.150856
0.114246 -0.075138 0.150882
0.114288 -0.075134 0.150915
0.114363 -0.075136 0.150965
0.114414 -0.075145 0.150998
0.114440 -0.075151 0.151010
0.114494 -0.075167 0.151037
0.114532 -0.075180 0.151053
0.114597 -0.075215 0.151081
0.114628 -0.075236 0.151094
0.114688 -0.075273 0.151115
0.114700 -0.075284 0.151119
0.114775 -0.075343 0.151143
0.114839 -0.075407 0.151163
0.114872 -0.075441 0.151173
0.114923 -0.075500 0.151187
0.114957 -0.075549 0.151197
0.114992 -0.075598 0.151207
0.115002 -0.075605 0.151210
0.115039 -0.075660 0.151220
0.115080 -0.075726 0.151231
0.115116 -0.075787 0.151241
0.115122 -0.075788 0.151245
0.115162 -0.075860 0.151258
0.115229 -0.076004 0.151272
0.115249 -0.076039 0.151280
0.115310 -0.076168 0.151294
0.115351 -0.076261 0.151305
0.115388 -0.076347 0.151316
0.115426 -0.076433 0.151324
0.115458 -0.076513 0.151343
0.115488 -0.076594 0.151353
0.115529 -0.076710 0.151358
0.115556 -0.076792 0.151368
0.115589 -0.076897 0.151374
0.115625 -0.077030 0.151391
0.115636 -0.077081 0.151410
0.115693 -0.077282 0.151407
0.115718 -0.077385 0.151419
0.115744 -0.077481 0.151413
0.115761 -0.077547 0.151443
0.115792 -0.077660 0.151451
0.115834 -0.077834 0.151448
0.115841 -0.077862 0.151447
0.115887 -0.078057 0.151453
0.115894 -0.078095 0.151470
0.115934 -0.078266 0.151461
0.115957 -0.078378 0.151463
0.115969 -0.078430 0.151474
0.116010 -0.078621 0.151469
0.116035 -0.078726 0.151466
0.116058 -0.078825 0.151463
0.116081 -0.078925 0.151461
0.116103 -0.079007 0.151453
0.116131 -0.079110 0.151457
0.116155 -0.079199 0.151453
0.116187 -0.079301 0.151443
0.116201 -0.079350 0.151446
0.116226 -0.079419 0.151438
0.116253 -0.079486 0.151425
0.116285 -0.079555 0.151414
0.116315 -0.079609 0.151402
0.116347 -0.079660 0.151386
0.116378 -0.079700 0.151370
0.116413 -0.079740 0.151353
0.116454 -0.079776 0.151334
0.116499 -0.079807 0.151314
0.116545 -0.079831 0.151293
0.116597 -0.079854 0.151275
0.116650 -0.079871 0.151254
0.116707 -0.079886 0.151238
0.116770 -0.079892 0.151218
0.116826 -0.079893 0.151199
0.116883 -0.079891 0.151183
0.116962 -0.079890 0.151166
0.117037 -0.079886 0.151152
0.117118 -0.079869 0.151132
0.117201 -0.079852 0.151112
0.117265 -0.079833 0.151094
0.117351 -0.079813 0.151074
0.117450 -0.079795 0.151057
0.117552 -0.079745 0.151019
0.117641 -0.079719 0.150998
0.117762 -0.079680 0.150968
0.117858 -0.079632 0.150933
0.117982 -0.079604 0.150912
0.118101 -0.079560 0.150881
0.118225 -0.079526 0.150854
0.118352 -0.079484 0.150821
0.118465 -0.079445 0.150788
0.118598 -0.079401 0.150751
0.118731 -0.079357 0.150714
0.118868 -0.079317 0.150680
0.118995 -0.079291 0.150657
0.119137 -0.079250 0.150623
0.119280 -0.079205 0.150587
0.119415 -0.079179 0.150564
0.119579 -0.079129 0.150524
0.119735 -0.079094 0.150493
0.119873 -0.079067 0.150468
0.120035 -0.079041 0.150441
0.120199 -0.079017 0.150416
0.120342 -0.078998 0.150392
0.120534 -0.078979 0.150363
0.120705 -0.078965 0.150338
0.120860 -0.078960 0.150320
0.121032 -0.078956 0.150293
0.121209 -0.078958 0.150270
0.121387 -0.078965 0.150248
0.121543 -0.078977 0.150228
0.121703 -0.078993 0.150207
0.121899 -0.079020 0.150189
0.122082 -0.079052 0.150176
0.122264 -0.079095 0.150169
0.122431 -0.079137 0.150161
0.122629 -0.079193 0.150152
0.122802 -0.079241 0.150142
0.122977 -0.079289 0.150129
0.123181 -0.079344 0.150111
0.123352 -0.079397 0.150098
0.123557 -0.079470 0.150094
0.123764 -0.079546 0.150091
0.123943 -0.079619 0.150092
0.124151 -0.079703 0.150089
0.124335 -0.079779 0.150086
0.124551 -0.079867 0.150081
0.124804 -0.079973 0.150075
0.124930 -0.080023 0.150070
0.125154 -0.080119 0.150066
0.125355 -0.080222 0.150081
0.125585 -0.080332 0.150085
0.125779 -0.080420 0.150081
0.126013 -0.080532 0.150084
0.126223 -0.080645 0.150102
0.126456 -0.080746 0.150094
0.126664 -0.080842 0.150097
0.126904 -0.080944 0.150092
0.127110 -0.081038 0.150096
0.127355 -0.081154 0.150107
0.127568 -0.081257 0.150116
0.127818 -0.081366 0.150117
0.128061 -0.081466 0.150111
0.128295 -0.081566 0.150116
0.128626 -0.081696 0.150111
0.128759 -0.081753 0.150121
0.129029 -0.081854 0.150122
0.129288 -0.081945 0.150120
0.129509 -0.082020 0.150122
0.129781 -0.082104 0.150131
0.130063 -0.082182 0.150132
0.130202 -0.082218 0.150133
0.130447 -0.082279 0.150134
0.130664 -0.082328 0.150136
0.130924 -0.082387 0.150140
0.131193 -0.082447 0.150145
0.131385 -0.082491 0.150150
0.131594 -0.082537 0.150148
0.131806 -0.082585 0.150152
0.132003 -0.082630 0.150161
0.132153 -0.082657 0.150158
0.132320 -0.082686 0.150158
0.132505 -0.082713 0.150154
0.132669 -0.082737 0.150151
0.132769 -0.082752 0.150149
0.132932 -0.082777 0.150149
0.133050 -0.082793 0.150145
0.133168 -0.082807 0.150140
0.133240 -0.082823 0.150141
0.133341 -0.082839 0.150134
0.133418 -0.082851 0.150123
0.133483 -0.082870 0.150115
0.133552 -0.082885 0.150096
0.133575 -0.082891 0.150087
0.133611 -0.082907 0.150072
0.133630 -0.082920 0.150058
0.133638 -0.082932 0.150049
0.133638 -0.082945 0.150044
0.133634 -0.082961 0.150033
0.133615 -0.082975 0.150024
0.133588 -0.082991 0.150020
0.133551 -0.083002 0.150014
0.133503 -0.083013 0.150011
0.133444 -0.083021 0.150007
0.133392 -0.083026 0.150009
0.133309 -0.083016 0.150005
0.133227 -0.083013 0.150009
0.133126 -0.082998 0.150012
0.133025 -0.082988 0.150021
0.132904 -0.082966 0.150027
0.132795 -0.082945 0.150034
0.132671 -0.082925 0.150045
0.132543 -0.082898 0.150053
0.132432 -0.082879 0.150063
0.132291 -0.082849 0.150070
0.132170 -0.082826 0.150077
0.132044 -0.082797 0.150081
0.131899 -0.082768 0.150085
0.131767 -0.082741 0.150087
0.131642 -0.082715 0.150091
0.131491 -0.082686 0.150089
0.131350 -0.082654 0.150083
0.131197 -0.082621 0.150076
0.131079 -0.082596 0.150070
0.130924 -0.082559 0.150061
0.130776 -0.082528 0.150056
0.130664 -0.082498 0.150049
0.130501 -0.082451 0.150033
0.130358 -0.082408 0.150021
0.130219 -0.082360 0.150009
0.130069 -0.082311 0.149994
0.129953 -0.082269 0.149981
0.129758 -0.082198 0.149968
0.129653 -0.082162 0.149955
0.129513 -0.082109 0.149946
0.129371 -0.082059 0.149934
0.129186 -0.081989 0.149927
0.128953 -0.081899 0.149912
0.128774 -0.081823 0.149892
0.128606 -0.081748 0.149868
0.128492 -0.081694 0.149850
0.128425 -0.081664 0.149831
0.128314 -0.081614 0.149811
0.128179 -0.081556 0.149793
0.128066 -0.081511 0.149781
0.127894 -0.081435 0.149741
0.127835 -0.081411 0.149731
0.127693 -0.081347 0.149695
0.127589 -0.081300 0.149669
0.127465 -0.081255 0.149650
0.127322 -0.081194 0.149611
0.127197 -0.081142 0.149577
0.127063 -0.081099 0.149554
0.126942 -0.081054 0.149525
0.126803 -0.081008 0.149494
0.126663 -0.080971 0.149473
0.126556 -0.080926 0.149440
0.126411 -0.080893 0.149420
0.126286 -0.080837 0.149381
0.126137 -0.080804 0.149358
0.126007 -0.080767 0.149332
0.125852 -0.080740 0.149313
0.125698 -0.080693 0.149277
0.125577 -0.080676 0.149262
0.125420 -0.080636 0.149231
0.125280 -0.080610 0.149209
0.125116 -0.080585 0.149188
0.124966 -0.080571 0.149172
0.124828 -0.080544 0.149155
0.124640 -0.080533 0.149138
0.124489 -0.080517 0.149123
0.124321 -0.080495 0.149106
0.124168 -0.080482 0.149092
0.123985 -0.080471 0.149079
0.123795 -0.080463 0.149068
0.123665 -0.080457 0.149061
0.123362 -0.080448 0.149049
0.123355 -0.080444 0.149054
0.123048 -0.080437 0.149047
0.122881 -0.080431 0.149046
0.122652 -0.080424 0.149051
0.122476 -0.080418 0.149052
0.122294 -0.080414 0.149060
0.122099 -0.080408 0.149064
0.121900 -0.080400 0.149077
0.121729 -0.080393 0.149085
0.121638 -0.080390 0.149092
0.121335 -0.080373 0.149110
0.121191 -0.080370 0.149130
0.120984 -0.080356 0.149147
0.120828 -0.080349 0.149170
0.120628 -0.080328 0.149190
0.120533 -0.080315 0.149201
0.120329 -0.080287 0.149219
0.120213 -0.080271 0.149235
0.119958 -0.080228 0.149261
0.119788 -0.080197 0.149285
0.119608 -0.080160 0.149309
0.119444 -0.080117 0.149335
0.119278 -0.080065 0.149356
0.119126 -0.080007 0.149374
0.119038 -0.079974 0.149384
0.118830 -0.079885 0.149408
0.118705 -0.079834 0.149428
0.118604 -0.079789 0.149445
0.118427 -0.079702 0.149474
0.118298 -0.079626 0.149493
0.118211 -0.079565 0.149501
0.118051 -0.079451 0.149522
0.117930 -0.079368 0.149554
0.117875 -0.079329 0.149570
0.117787 -0.079263 0.149593
0.117759 -0.079239 0.149599
0.117591 -0.079079 0.149634
0.117566 -0.079053 0.149640
0.117420 -0.078892 0.149680
0.117396 -0.078866 0.149686
0.117327 -0.078779 0.149709
0.117205 -0.078617 0.149752
0.117188 -0.078590 0.149761
0.117096 -0.078431 0.149806
0.117049 -0.078333 0.149833
0.117026 -0.078276 0.149852
0.116988 -0.078174 0.149888
0.116980 -0.078152 0.149895
0.116958 -0.078076 0.149924
0.116932 -0.077927 0.149961
0.116927 -0.077905 0.149967
0.116918 -0.077756 0.150008
0.116922 -0.077687 0.150032
0.116928 -0.077623 0.150055
0.116947 -0.077545 0.150080
0.116977 -0.077459 0.150114
0.116985 -0.077442 0.150122
0.117044 -0.077350 0.150159
0.117073 -0.077316 0.150176
0.117099 -0.077293 0.150185
0.117147 -0.077256 0.150206
0.117157 -0.077250 0.150209
0.117255 -0.077190 0.150249
0.117338 -0.077159 0.150280
0.117375 -0.077147 0.150294
0.117438 -0.077133 0.150311
0.117503 -0.077124 0.150335
0.117581 -0.077117 0.150356
0.117690 -0.077119 0.150391
0.117770 -0.077121 0.150413
0.117881 -0.077128 0.150447
0.118019 -0.077138 0.150480
0.118166 -0.077159 0.150509
0.118286 -0.077192 0.150538
0.118407 -0.077223 0.150559
0.118547 -0.077264 0.150581
0.118717 -0.077317 0.150607
0.118846 -0.077377 0.150627
0.118986 -0.077435 0.150645
0.119121 -0.077494 0.150659
0.119282 -0.077573 0.150672
0.119432 -0.077648 0.150684
0.119558 -0.077712 0.150694
0.119686 -0.077787 0.150704
0.119822 -0.077873 0.150713
0.119940 -0.077952 0.150720
0.120093 -0.078061 0.150723
0.120212 -0.078154 0.150723
0.120296 -0.078229 0.150721
0.120414 -0.078341 0.150720
0.120558 -0.078484 0.150714
0.120590 -0.078537 0.150711
0.120721 -0.078691 0.150693
0.120774 -0.078780 0.150681
0.120825 -0.078876 0.150667
0.120893 -0.079021 0.150644
0.120913 -0.079101 0.150630
0.120932 -0.079208 0.150608
0.120942 -0.079323 0.150582
0.120926 -0.079428 0.150557
0.120898 -0.079549 0.150524
0.120852 -0.079632 0.150499
0.120819 -0.079731 0.150467
0.120752 -0.079826 0.150434
0.120685 -0.079931 0.150392
0.120576 -0.079996 0.150359
0.120388 -0.080102 0.150307
0.120263 -0.080182 0.150265
0.120120 -0.080257 0.150219
0.120059 -0.080309 0.150184
0.119969 -0.080344 0.150160
0.119865 -0.080370 0.150142
0.119748 -0.080432 0.150101
0.119625 -0.080481 0.150066
0.119479 -0.080518 0.150044
0.119365 -0.080580 0.149997
0.119253 -0.080609 0.149979
0.119137 -0.080652 0.149945
0.118993 -0.080696 0.149911
0.118846 -0.080739 0.149877
0.118672 -0.080789 0.149835
0.118543 -0.080826 0.149798
0.118365 -0.080871 0.149753
0.118205 -0.080911 0.149708
0.118035 -0.080953 0.149662
0.117860 -0.081008 0.149601
0.117702 -0.081040 0.149570
0.117529 -0.081090 0.149527
0.117371 -0.081138 0.149485
0.117216 -0.081188 0.149443
0.117079 -0.081237 0.149404
0.116936 -0.081288 0.149362
0.116774 -0.081342 0.149317
0.116710 -0.081372 0.149288
0.116426 -0.081463 0.149218
0.116314 -0.081521 0.149160
0.115990 -0.081641 0.149079
0.115721 -0.081753 0.149002
0.115560 -0.081831 0.148948
0.115340 -0.081928 0.148883
0.115151 -0.082016 0.148821
0.114934 -0.082118 0.148747
0.114718 -0.082221 0.148673
0.114506 -0.082333 0.148609
0.114145 -0.082534 0.148494
0.113891 -0.082678 0.148406
0.113575 -0.082855 0.148302
0.113322 -0.083001 0.148227
0.113110 -0.083121 0.148150
0.112952 -0.083215 0.148099
0.112861 -0.083266 0.148064
0.112689 -0.083367 0.148008
0.112544 -0.083459 0.147961
0.112464 -0.083503 0.147925
0.112307 -0.083597 0.147873
0.112070 -0.083747 0.147796
0.111952 -0.083819 0.147750
0.111844 -0.083881 0.147708
0.111689 -0.083976 0.147652
0.111530 -0.084078 0.147592
0.111459 -0.084115 0.147560
0.111312 -0.084210 0.147507
0.111155 -0.084311 0.147448
0.111062 -0.084376 0.147416
0.110871 -0.084488 0.147340
0.110725 -0.084582 0.147283
0.110641 -0.084621 0.147247
0.110554 -0.084682 0.147214
0.110429 -0.084738 0.147163
0.110297 -0.084820 0.147113
0.110165 -0.084898 0.147064
0.110049 -0.084970 0.147022
0.109912 -0.085048 0.146973
0.109802 -0.085111 0.146932
0.109661 -0.085185 0.146881
0.109564 -0.085231 0.146845
0.109479 -0.085266 0.146814
0.109377 -0.085318 0.146776
0.109255 -0.085368 0.146728
0.109100 -0.085426 0.146670
0.109040 -0.085460 0.146645
0.109027 -0.085462 0.146641
0.108827 -0.085540 0.146560
0.108733 -0.085570 0.146522
0.108659 -0.085582 0.146494
0.108527 -0.085625 0.146436
0.108421 -0.085637 0.146399
0.108346 -0.085654 0.146365
0.108248 -0.085667 0.146326
0.108169 -0.085673 0.146292
0.108106 -0.085678 0.146265
0.107980 -0.085673 0.146213
0.107893 -0.085663 0.146176
0.107810 -0.085637 0.146135
0.107736 -0.085613 0.146101
0.107670 -0.085574 0.146065
0.107611 -0.085532 0.146030
0.107567 -0.085486 0.146000
0.107522 -0.085420 0.145966
0.107475 -0.085370 0.145933
0.107451 -0.085288 0.145902
0.107421 -0.085235 0.145879
0.107395 -0.085169 0.145851
0.107379 -0.085073 0.145824
0.107363 -0.085006 0.145800
0.107379 -0.084904 0.145788
0.107373 -0.084832 0.145770
0.107380 -0.084749 0.145757
0.107412 -0.084634 0.145753
0.107429 -0.084556 0.145741
0.107475 -0.084437 0.145739
0.107505 -0.084343 0.145727
0.107567 -0.084214 0.145723
0.107610 -0.084127 0.145717
0.107677 -0.084010 0.145712
0.107726 -0.083923 0.145717
0.107837 -0.083742 0.145712
0.107900 -0.083639 0.145708
0.107995 -0.083486 0.145706
0.108079 -0.083354 0.145703
0.108134 -0.083266 0.145703
0.108223 -0.083135 0.145705
0.108318 -0.082990 0.145711
0.108455 -0.082841 0.145710
0.108532 -0.082718 0.145701
0.108694 -0.082523 0.145684
0.108776 -0.082408 0.145669
0.108964 -0.082238 0.145660
0.109085 -0.082138 0.145657
0.109242 -0.081987 0.145636
0.109398 -0.081823 0.145607
0.109562 -0.081674 0.145587
0.109717 -0.081566 0.145583
0.109813 -0.081459 0.145563
0.110037 -0.081276 0.145546
0.110162 -0.081163 0.145532
0.110373 -0.081027 0.145529
0.110540 -0.080905 0.145520
0.110653 -0.080807 0.145508
0.110830 -0.080703 0.145505
0.111000 -0.080603 0.145506
0.111177 -0.080505 0.145512
0.111376 -0.080412 0.145523
0.111628 -0.080308 0.145527
0.111716 -0.080277 0.145529
0.111945 -0.080215 0.145542
0.112023 -0.080192 0.145551
0.112222 -0.080163 0.145576
0.112456 -0.080146 0.145609
0.112566 -0.080144 0.145627
0.112716 -0.080134 0.145640
0.112891 -0.080132 0.145655
0.113036 -0.080131 0.145665
0.113186 -0.080137 0.145675
0.113295 -0.080143 0.145685
0.113476 -0.080173 0.145714
0.113722 -0.080203 0.145740
0.113819 -0.080220 0.145753
0.113950 -0.080241 0.145769
0.114065 -0.080259 0.145780
0.114267 -0.080300 0.145802
0.114438 -0.080345 0.145830
0.114615 -0.080397 0.145861
0.114717 -0.080428 0.145881
0.114945 -0.080498 0.145909
0.115065 -0.080536 0.145928
0.115141 -0.080563 0.145936
0.115308 -0.080622 0.145963
0.115505 -0.080704 0.145996
0.115686 -0.080784 0.146031
0.115823 -0.080841 0.146058
0.116032 -0.080947 0.146103
0.116192 -0.081025 0.146141
0.116351 -0.081101 0.146178
0.116511 -0.081186 0.146222
0.116624 -0.081238 0.146254
0.116763 -0.081320 0.146299
0.116931 -0.081427 0.146357
0.117051 -0.081513 0.146404
0.117193 -0.081614 0.146460
0.117326 -0.081705 0.146515
0.117455 -0.081785 0.146563
0.117697 -0.081927 0.146658
0.117808 -0.081994 0.146704
0.117953 -0.082086 0.146771
0.118087 -0.082175 0.146841
0.118224 -0.082258 0.146912
0.118351 -0.082342 0.146988
0.118482 -0.082428 0.147068
0.118696 -0.082525 0.147186
0.118760 -0.082588 0.147239
0.118873 -0.082656 0.147314
0.119056 -0.082732 0.147424
0.119173 -0.082785 0.147501
0.119211 -0.082822 0.147548
0.119397 -0.082886 0.147664
0.119490 -0.082936 0.147746
0.119516 -0.082955 0.147780
0.119696 -0.083000 0.147893
0.119717 -0.083017 0.147931
0.119808 -0.083038 0.148001
0.119970 -0.083064 0.148100
0.120054 -0.083076 0.148160
0.120144 -0.083080 0.148222
0.120145 -0.083077 0.148246
0.120287 -0.083064 0.148317
0.120286 -0.083053 0.148335
0.120365 -0.083036 0.148370
0.120516 -0.083000 0.148418
0.120579 -0.082975 0.148440
0.120671 -0.082942 0.148465
0.120668 -0.082926 0.148471
0.120736 -0.082898 0.148487
0.120879 -0.082856 0.148510
0.120874 -0.082841 0.148512
0.121006 -0.082798 0.148531
0.121074 -0.082770 0.148537
0.121065 -0.082755 0.148537
0.121204 -0.082707 0.148551
0.121313 -0.082672 0.148561
0.121350 -0.082660 0.148566
0.121406 -0.082644 0.148571
0.121452 -0.082626 0.148575
0.121493 -0.082610 0.148580
0.121573 -0.082583 0.148588
0.121616 -0.082565 0.148593
0.121658 -0.082551 0.148601
0.121700 -0.082541 0.148607
0.121769 -0.082522 0.148616
0.121832 -0.082506 0.148622
0.121876 -0.082494 0.148634
0.121920 -0.082484 0.148642
0.121984 -0.082465 0.148649
0.122003 -0.082469 0.148662
0.122080 -0.082451 0.148672
0.122125 -0.082448 0.148687
0.122185 -0.082438 0.148698
0.122219 -0.082446 0.148716
0.122266 -0.082440 0.148724
0.122293 -0.082444 0.148735
0.122359 -0.082457 0.148764
0.122401 -0.082457 0.148774
0.122427 -0.082471 0.148796
0.122488 -0.082472 0.148812
0.122532 -0.082483 0.148832
0.122577 -0.082509 0.148863
0.122612 -0.082517 0.148877
0.122654 -0.082546 0.148911
0.122678 -0.082555 0.148922
0.122726 -0.082590 0.148958
0.122756 -0.082611 0.148979
0.122805 -0.082650 0.149020
0.122841 -0.082671 0.149044
0.122863 -0.082682 0.149057
0.122910 -0.082713 0.149094
0.122951 -0.082754 0.149136
0.122983 -0.082771 0.149159
0.123024 -0.082805 0.149205
0.123049 -0.082817 0.149225
0.123093 -0.082853 0.149276
0.123116 -0.082864 0.149297
0.123139 -0.082883 0.149326
0.123188 -0.082921 0.149385
0.123206 -0.082932 0.149405
0.123233 -0.082950 0.149436
0.123289 -0.082984 0.149497
0.123308 -0.082992 0.149515
0.123360 -0.083016 0.149564
0.123385 -0.083023 0.149589
0.123416 -0.083032 0.149615
0.123453 -0.083041 0.149650
0.123509 -0.083054 0.149699
0.123528 -0.083055 0.149716
0.123563 -0.083060 0.149749
0.123597 -0.083061 0.149776
0.123669 -0.083060 0.149833
0.123723 -0.083055 0.149868
0.123743 -0.083053 0.149887
0.123791 -0.083045 0.149922
0.123847 -0.083034 0.149963
0.123902 -0.083021 0.149996
0.124008 -0.082986 0.150049
0.124030 -0.082976 0.150060
0.124092 -0.082950 0.150091
0.124168 -0.082913 0.150126
0.124242 -0.082874 0.150164
0.124317 -0.082836 0.150201
0.124391 -0.082793 0.150239
0.124557 -0.082702 0.150309
0.124657 -0.082642 0.150358
0.124735 -0.082591 0.150401
0.124856 -0.082512 0.150471
0.124969 -0.082444 0.150527
0.125044 -0.082393 0.150568
0.125150 -0.082331 0.150622
0.125280 -0.082252 0.150679
0.125483 -0.082151 0.150753
0.125524 -0.082112 0.150777
0.125689 -0.082025 0.150839
0.125714 -0.081978 0.150860
0.125977 -0.081843 0.150947
0.126016 -0.081796 0.150971
0.126249 -0.081676 0.151047
0.126367 -0.081619 0.151084
0.126516 -0.081529 0.151142
0.126724 -0.081432 0.151205
0.126870 -0.081359 0.151255
0.126860 -0.081321 0.151282
0.127146 -0.081202 0.151365
0.127337 -0.081123 0.151423
0.127488 -0.081051 0.151476
0.127753 -0.080952 0.151547
0.127815 -0.080912 0.151574
0.127991 -0.080844 0.151623
0.128142 -0.080783 0.151671
0.128258 -0.080735 0.151709
0.128456 -0.080661 0.151771
0.128582 -0.080612 0.151814
0.128822 -0.080561 0.151862
0.128954 -0.080523 0.151905
0.129133 -0.080481 0.151955
0.129315 -0.080443 0.152006
0.129472 -0.080414 0.152047
0.129632 -0.080385 0.152093
0.129819 -0.080361 0.152137
0.129989 -0.080343 0.152183
0.130188 -0.080325 0.152232
0.130348 -0.080324 0.152255
0.130541 -0.080313 0.152316
0.130744 -0.080312 0.152360
0.130925 -0.080316 0.152402
0.131131 -0.080322 0.152443
0.131313 -0.080332 0.152482
0.131600 -0.080355 0.152530
0.131776 -0.080373 0.152562
0.131958 -0.080394 0.152598
0.132078 -0.080412 0.152629
0.132152 -0.080424 0.152654
0.132328 -0.080451 0.152688
0.132624 -0.080495 0.152733
0.132668 -0.080502 0.152739
0.132981 -0.080558 0.152799
0.133219 -0.080605 0.152837
0.133303 -0.080626 0.152859
0.133467 -0.080662 0.152890
0.133556 -0.080690 0.152920
0.133799 -0.080738 0.152958
0.133972 -0.080775 0.152989
0.134031 -0.080796 0.153009
0.134265 -0.080851 0.153051
0.134426 -0.080892 0.153080
0.134568 -0.080929 0.153106
0.134649 -0.080957 0.153126
0.134850 -0.081002 0.153156
0.134937 -0.081029 0.153176
0.135146 -0.081079 0.153210
0.135266 -0.081112 0.153234
0.135420 -0.081159 0.153262
0.135577 -0.081206 0.153291
0.135692 -0.081246 0.153314
0.135782 -0.081277 0.153331
0.135894 -0.081314 0.153352
0.136020 -0.081354 0.153371
0.136124 -0.081389 0.153390
0.136198 -0.081418 0.153403
0.136325 -0.081468 0.153424
0.136424 -0.081515 0.153441
0.136523 -0.081560 0.153458
0.136593 -0.081593 0.153468
0.136690 -0.081641 0.153483
0.136770 -0.081684 0.153494
0.136853 -0.081730 0.153506
0.136912 -0.081763 0.153513
0.136980 -0.081804 0.153522
0.137031 -0.081836 0.153530
0.137082 -0.081873 0.153538
0.137126 -0.081908 0.153544
0.137161 -0.081945 0.153553
0.137197 -0.081983 0.153559
0.137222 -0.082011 0.153562
0.137259 -0.082056 0.153567
0.137281 -0.082089 0.153570
0.137302 -0.082118 0.153571
0.137335 -0.082173 0.153571
0.137352 -0.082209 0.153571
0.137364 -0.082245 0.153568
0.137364 -0.082261 0.153567
0.137359 -0.082299 0.153560
0.137346 -0.082313 0.153557
0.137346 -0.082356 0.153545
0.137327 -0.082404 0.153529
0.137310 -0.082428 0.153518
0.137290 -0.082453 0.153507
0.137267 -0.082476 0.153494
0.137244 -0.082492 0.153481
0.137225 -0.082507 0.153469
0.137192 -0.082524 0.153454
0.137155 -0.082550 0.153431
0.137122 -0.082562 0.153413
0.137092 -0.082579 0.153394
0.137055 -0.082591 0.153371
0.137020 -0.082610 0.153348
0.136987 -0.082625 0.153324
0.136948 -0.082647 0.153295
0.136918 -0.082661 0.153276
0.136886 -0.082673 0.153254
0.136852 -0.082683 0.153231
0.136809 -0.082693 0.153205
0.136771 -0.082702 0.153180
0.136740 -0.082708 0.153164
0.136692 -0.082713 0.153135
0.136648 -0.082716 0.153113
0.136603 -0.082719 0.153089
0.136581 -0.082722 0.153075
0.136527 -0.082725 0.153053
0.136489 -0.082725 0.153033
0.136452 -0.082727 0.153017
0.136401 -0.082731 0.152998
0.136371 -0.082736 0.152988
0.136330 -0.082742 0.152975
0.136289 -0.082747 0.152966
0.136246 -0.082753 0.152955
0.136208 -0.082758 0.152948
0.136159 -0.082763 0.152940
0.136098 -0.082769 0.152934
0.136047 -0.082774 0.152928
0.135980 -0.082781 0.152925
0.135915 -0.082791 0.152922
0.135835 -0.082798 0.152917
0.135759 -0.082805 0.152911
0.135674 -0.082811 0.152900
0.135539 -0.082822 0.152886
0.135448 -0.082827 0.152877
0.135365 -0.082835 0.152869
0.135304 -0.082841 0.152865
0.135195 -0.082847 0.152857
0.135075 -0.082853 0.152849
0.134945 -0.082857 0.152842
0.134898 -0.082863 0.152841
0.134607 -0.082868 0.152831
0.134449 -0.082871 0.152828
0.134303 -0.082874 0.152824
0.134172 -0.082876 0.152823
0.134054 -0.082879 0.152819
0.133897 -0.082878 0.152817
0.133733 -0.082881 0.152814
0.133678 -0.082884 0.152811
0.133370 -0.082884 0.152807
0.133169 -0.082888 0.152803
0.133113 -0.082894 0.152798
0.132803 -0.082899 0.152794
0.132746 -0.082906 0.152789
0.132396 -0.082913 0.152783
0.132173 -0.082921 0.152776
0.132117 -0.082926 0.152769
0.131775 -0.082927 0.152758
0.131717 -0.082928 0.152750
0.131337 -0.082929 0.152733
0.131095 -0.082931 0.152720
0.131037 -0.082931 0.152710
0.130638 -0.082937 0.152696
0.130387 -0.082938 0.152686
0.130327 -0.082936 0.152675
0.129939 -0.082938 0.152660
0.129879 -0.082936 0.152651
0.129447 -0.082946 0.152640
0.129181 -0.082950 0.152629
0.129120 -0.082949 0.152622
0.128710 -0.082957 0.152608
0.128650 -0.082956 0.152598
0.128204 -0.082963 0.152582
0.128143 -0.082960 0.152573
0.127695 -0.082970 0.152561
0.127634 -0.082967 0.152554
