x y z
-0.203497 -0.054878 0.164478
-0.203497 -0.054879 0.164477
-0.203497 -0.054878 0.164478
-0.203500 -0.054876 0.164477
-0.203500 -0.054875 0.164477
-0.203501 -0.054875 0.164477
-0.203501 -0.054875 0.164478
-0.203501 -0.054874 0.164479
-0.203500 -0.054873 0.164479
-0.203499 -0.054875 0.164479
-0.203496 -0.054872 0.164480
-0.203495 -0.054874 0.164480
-0.203494 -0.054873 0.164481
-0.203499 -0.054875 0.164479
-0.203499 -0.054875 0.164479
-0.203498 -0.054875 0.164479
-0.203493 -0.054869 0.164484
-0.203489 -0.054864 0.164487
-0.203486 -0.054861 0.164492
-0.203485 -0.054860 0.164495
-0.203483 -0.054854 0.164500
-0.203480 -0.054848 0.164504
-0.203479 -0.054843 0.164512
-0.203479 -0.054837 0.164517
-0.203482 -0.054830 0.164519
-0.203480 -0.054823 0.164522
-0.203477 -0.054814 0.164527
-0.203472 -0.054800 0.164533
-0.203468 -0.054788 0.164538
-0.203458 -0.054772 0.164545
-0.203447 -0.054755 0.164553
-0.203433 -0.054738 0.164564
-0.203418 -0.054719 0.164575
-0.203403 -0.054699 0.164586
-0.203396 -0.054682 0.164594
-0.203395 -0.054667 0.164602
-0.203395 -0.054651 0.164610
-0.203395 -0.054634 0.164617
-0.203393 -0.054621 0.164624
-0.203392 -0.054606 0.164631
-0.203390 -0.054592 0.164639
-0.203384 -0.054570 0.164650
-0.203370 -0.054551 0.164663
-0.203358 -0.054527 0.164676
-0.203353 -0.054505 0.164687
-0.203351 -0.054488 0.164693
-0.203345 -0.054462 0.164706
-0.203339 -0.054447 0.164715
-0.203330 -0.054426 0.164726
-0.203318 -0.054400 0.164741
-0.203307 -0.054382 0.164755
-0.203296 -0.054365 0.164773
-0.203291 -0.054340 0.164792
-0.203288 -0.054324 0.164802
-0.203286 -0.054301 0.164812
-0.203283 -0.054283 0.164823
-0.203281 -0.054267 0.164829
-0.203279 -0.054253 0.164836
-0.203274 -0.054235 0.164844
-0.203267 -0.054217 0.164853
-0.203259 -0.054200 0.164862
-0.203248 -0.054181 0.164874
-0.203241 -0.054162 0.164885
-0.203238 -0.054147 0.164894
-0.203234 -0.054131 0.164906
-0.203230 -0.054113 0.164917
-0.203226 -0.054099 0.164928
-0.203222 -0.054083 0.164939
-0.203218 -0.054066 0.164951
-0.203215 -0.054051 0.164961
-0.203207 -0.054026 0.164978
-0.203204 -0.054010 0.164986
-0.203200 -0.053990 0.164996
-0.203197 -0.053972 0.165005
-0.203194 -0.053958 0.165010
-0.203192 -0.053945 0.165016
-0.203186 -0.053919 0.165030
-0.203183 -0.053906 0.165037
-0.203178 -0.053892 0.165049
-0.203174 -0.053875 0.165062
-0.203171 -0.053862 0.165073
-0.203171 -0.053848 0.165086
-0.203170 -0.053838 0.165096
-0.203168 -0.053827 0.165107
-0.203168 -0.053817 0.165118
-0.203168 -0.053806 0.165127
-0.203165 -0.053796 0.165134
-0.203165 -0.053784 0.165140
-0.203162 -0.053770 0.165146
-0.203159 -0.053758 0.165152
-0.203157 -0.053747 0.165157
-0.203153 -0.053731 0.165164
-0.203149 -0.053718 0.165171
-0.203145 -0.053701 0.165179
-0.203141 -0.053687 0.165186
-0.203133 -0.053667 0.165194
-0.203126 -0.053648 0.165201
-0.203117 -0.053630 0.165209
-0.203113 -0.053619 0.165214
-0.203107 -0.053602 0.165221
-0.203107 -0.053589 0.165227
-0.203108 -0.053575 0.165232
-0.203109 -0.053565 0.165237
-0.203110 -0.053555 0.165239
-0.203109 -0.053547 0.165244
-0.203099 -0.053539 0.165248
-0.203092 -0.053532 0.165251
-0.203086 -0.053526 0.165254
-0.203086 -0.053522 0.165254
-0.203084 -0.053518 0.165255
-0.203083 -0.053515 0.165256
-0.203082 -0.053511 0.165256
-0.203085 -0.053507 0.165257
-0.203087 -0.053504 0.165257
-0.203089 -0.053502 0.165257
-0.203087 -0.053499 0.165258
-0.203087 -0.053496 0.165259
-0.203085 -0.053490 0.165262
-0.203079 -0.053486 0.165263
-0.203069 -0.053481 0.165266
-0.203063 -0.053476 0.165269
-0.203052 -0.053468 0.165273
-0.203046 -0.053466 0.165273
-0.203042 -0.053463 0.165274
-0.203036 -0.053460 0.165274
-0.203025 -0.053458 0.165275
-0.203016 -0.053456 0.165277
-0.203005 -0.053452 0.165280
-0.202995 -0.053448 0.165285
-0.202986 -0.053447 0.165287
-0.202982 -0.053448 0.165288
-0.202984 -0.053456 0.165286
-0.202992 -0.053465 0.165282
-0.203002 -0.053479 0.165276
-0.202998 -0.053489 0.165272
-0.202980 -0.053492 0.165274
-0.202958 -0.053490 0.165278
-0.202939 -0.053486 0.165282
-0.202924 -0.053484 0.165286
-0.202918 -0.053481 0.165285
-0.202915 -0.053483 0.165281
-0.202918 -0.053487 0.165276
-0.202922 -0.053492 0.165270
-0.202923 -0.053493 0.165267
-0.202926 -0.053495 0.165263
-0.202923 -0.053501 0.165257
-0.202918 -0.053503 0.165254
-0.202911 -0.053506 0.165251
-0.202904 -0.053509 0.165247
-0.202895 -0.053515 0.165240
-0.202885 -0.053523 0.165232
-0.202867 -0.053534 0.165224
-0.202848 -0.053539 0.165216
-0.202829 -0.053548 0.165211
-0.202814 -0.053556 0.165206
-0.202788 -0.053568 0.165198
-0.202765 -0.053574 0.165194
-0.202745 -0.053578 0.165192
-0.202729 -0.053585 0.165188
-0.202718 -0.053592 0.165183
-0.202705 -0.053599 0.165178
-0.202689 -0.053603 0.165175
-0.202671 -0.053604 0.165174
-0.202653 -0.053606 0.165169
-0.202643 -0.053618 0.165158
-0.202637 -0.053632 0.165145
-0.202631 -0.053648 0.165132
-0.202615 -0.053664 0.165123
-0.202591 -0.053688 0.165113
-0.202549 -0.053717 0.165104
-0.202490 -0.053744 0.165101
-0.202447 -0.053774 0.165095
-0.202425 -0.053817 0.165080
-0.202418 -0.053868 0.165060
-0.202421 -0.053925 0.165039
-0.202420 -0.053976 0.165023
-0.202403 -0.054022 0.165010
-0.202379 -0.054056 0.165002
-0.202344 -0.054097 0.164991
-0.202317 -0.054126 0.164982
-0.202267 -0.054159 0.164973
-0.202223 -0.054182 0.164967
-0.202183 -0.054200 0.164964
-0.202134 -0.054216 0.164964
-0.202092 -0.054231 0.164965
-0.202070 -0.054253 0.164962
-0.202060 -0.054284 0.164955
-0.202056 -0.054316 0.164948
-0.202045 -0.054350 0.164939
-0.202026 -0.054387 0.164930
-0.201996 -0.054423 0.164919
-0.201965 -0.054451 0.164911
-0.201930 -0.054481 0.164903
-0.201897 -0.054504 0.164899
-0.201868 -0.054520 0.164896
-0.201840 -0.054532 0.164894
-0.201817 -0.054538 0.164895
-0.201797 -0.054541 0.164897
-0.201787 -0.054548 0.164895
-0.201783 -0.054555 0.164892
-0.201777 -0.054562 0.164889
-0.201767 -0.054572 0.164885
-0.201754 -0.054581 0.164881
-0.201739 -0.054587 0.164879
-0.201717 -0.054594 0.164877
-0.201698 -0.054601 0.164875
-0.201695 -0.054601 0.164875
-0.201655 -0.054610 0.164872
-0.201630 -0.054615 0.164871
-0.201609 -0.054622 0.164869
-0.201592 -0.054626 0.164868
-0.201575 -0.054629 0.164866
-0.201560 -0.054631 0.164865
-0.201547 -0.054630 0.164866
-0.201537 -0.054629 0.164866
-0.201531 -0.054629 0.164865
-0.201525 -0.054626 0.164866
-0.201520 -0.054623 0.164867
-0.201516 -0.054620 0.164869
-0.201511 -0.054616 0.164868
-0.201507 -0.054612 0.164870
-0.201499 -0.054606 0.164871
-0.201486 -0.054600 0.164871
-0.201474 -0.054597 0.164873
-0.201465 -0.054594 0.164873
-0.201457 -0.054592 0.164874
-0.201453 -0.054591 0.164875
-0.201440 -0.054590 0.164875
-0.201439 -0.054590 0.164875
-0.201427 -0.054592 0.164875
-0.201422 -0.054592 0.164876
-0.201411 -0.054591 0.164877
-0.201400 -0.054591 0.164879
-0.201382 -0.054591 0.164880
-0.201372 -0.054589 0.164882
-0.201364 -0.054587 0.164884
-0.201362 -0.054590 0.164883
-0.201364 -0.054592 0.164883
-0.201367 -0.054596 0.164881
-0.201370 -0.054598 0.164880
-0.201371 -0.054599 0.164881
-0.201372 -0.054602 0.164880
-0.201367 -0.054600 0.164882
-0.201360 -0.054597 0.164883
-0.201355 -0.054595 0.164884
-0.201348 -0.054593 0.164885
-0.201341 -0.054586 0.164887
-0.201338 -0.054580 0.164891
-0.201333 -0.054574 0.164893
-0.201332 -0.054571 0.164894
-0.201332 -0.054568 0.164896
-0.201332 -0.054566 0.164898
-0.201332 -0.054561 0.164900
-0.201333 -0.054558 0.164901
-0.201332 -0.054556 0.164903
-0.201330 -0.054553 0.164904
-0.201326 -0.054551 0.164907
-0.201327 -0.054554 0.164908
-0.201328 -0.054554 0.164908
-0.201324 -0.054554 0.164908
-0.201322 -0.054555 0.164907
-0.201322 -0.054553 0.164908
-0.201320 -0.054551 0.164910
-0.201319 -0.054548 0.164911
-0.201318 -0.054541 0.164912
-0.201317 -0.054533 0.164915
-0.201318 -0.054523 0.164918
-0.201319 -0.054518 0.164920
-0.201321 -0.054513 0.164922
-0.201322 -0.054510 0.164923
-0.201324 -0.054505 0.164924
-0.201324 -0.054503 0.164925
-0.201323 -0.054500 0.164926
-0.201324 -0.054499 0.164927
-0.201323 -0.054497 0.164927
-0.201320 -0.054496 0.164927
-0.201316 -0.054496 0.164927
-0.201315 -0.054496 0.164927
-0.201315 -0.054497 0.164927
-0.201314 -0.054498 0.164925
-0.201314 -0.054498 0.164925
-0.201312 -0.054500 0.164923
-0.201311 -0.054500 0.164924
-0.201311 -0.054500 0.164924
-0.201310 -0.054500 0.164924
-0.201311 -0.054500 0.164924
-0.201311 -0.054501 0.164923
-0.201312 -0.054500 0.164923
-0.201314 -0.054498 0.164924
-0.201315 -0.054496 0.164925
-0.201315 -0.054493 0.164926
-0.201315 -0.054489 0.164927
-0.201315 -0.054489 0.164927
-0.201314 -0.054487 0.164928
-0.201315 -0.054486 0.164928
-0.201316 -0.054487 0.164929
-0.201320 -0.054488 0.164929
-0.201325 -0.054489 0.164929
-0.201326 -0.054491 0.164929
-0.201329 -0.054493 0.164928
-0.201329 -0.054493 0.164928
-0.201329 -0.054494 0.164928
-0.201328 -0.054495 0.164929
-0.201326 -0.054497 0.164929
-0.201326 -0.054499 0.164930
-0.201326 -0.054498 0.164930
-0.201325 -0.054498 0.164930
-0.201322 -0.054500 0.164930
-0.201321 -0.054500 0.164930
-0.201322 -0.054499 0.164930
-0.201322 -0.054499 0.164930
-0.201322 -0.054496 0.164931
-0.201322 -0.054492 0.164932
-0.201322 -0.054490 0.164933
-0.201322 -0.054489 0.164933
-0.201322 -0.054487 0.164934
-0.201322 -0.054484 0.164935
-0.201321 -0.054481 0.164937
-0.201321 -0.054481 0.164936
-0.201319 -0.054479 0.164937
-0.201321 -0.054481 0.164938
-0.201323 -0.054481 0.164938
-0.201328 -0.054482 0.164938
-0.201332 -0.054483 0.164939
-0.201335 -0.054485 0.164938
-0.201337 -0.054487 0.164939
-0.201339 -0.054487 0.164939
-0.201343 -0.054488 0.164938
-0.201347 -0.054489 0.164938
-0.201348 -0.054490 0.164939
-0.201348 -0.054490 0.164939
-0.201348 -0.054490 0.164939
-0.201343 -0.054488 0.164941
-0.201335 -0.054484 0.164944
-0.201331 -0.054482 0.164945
-0.201326 -0.054481 0.164947
-0.201323 -0.054481 0.164948
-0.201322 -0.054481 0.164948
-0.201322 -0.054479 0.164949
-0.201321 -0.054479 0.164949
-0.201321 -0.054478 0.164951
-0.201324 -0.054477 0.164951
-0.201327 -0.054475 0.164952
-0.201332 -0.054476 0.164951
-0.201340 -0.054478 0.164950
-0.201347 -0.054482 0.164948
-0.201348 -0.054482 0.164948
-0.201356 -0.054487 0.164946
-0.201353 -0.054489 0.164945
-0.201348 -0.054489 0.164945
-0.201341 -0.054490 0.164943
-0.201336 -0.054490 0.164943
-0.201330 -0.054487 0.164944
-0.201327 -0.054484 0.164946
-0.201324 -0.054479 0.164948
-0.201326 -0.054475 0.164948
-0.201326 -0.054474 0.164948
-0.201343 -0.054469 0.164950
-0.201351 -0.054466 0.164950
-0.201355 -0.054465 0.164951
-0.201366 -0.054462 0.164952
-0.201373 -0.054461 0.164952
-0.201374 -0.054461 0.164952
-0.201375 -0.054460 0.164952
-0.201372 -0.054462 0.164952
-0.201371 -0.054462 0.164952
-0.201369 -0.054463 0.164951
-0.201359 -0.054466 0.164950
-0.201356 -0.054466 0.164950
-0.201356 -0.054466 0.164950
-0.201357 -0.054466 0.164949
-0.201360 -0.054466 0.164949
-0.201365 -0.054466 0.164949
-0.201371 -0.054465 0.164949
-0.201381 -0.054468 0.164948
-0.201400 -0.054468 0.164948
-0.201403 -0.054467 0.164948
-0.201418 -0.054468 0.164948
-0.201425 -0.054466 0.164949
-0.201431 -0.054465 0.164949
-0.201430 -0.054464 0.164950
-0.201432 -0.054461 0.164950
-0.201431 -0.054460 0.164952
-0.201427 -0.054458 0.164952
-0.201423 -0.054455 0.164953
-0.201422 -0.054454 0.164953
-0.201420 -0.054453 0.164954
-0.201418 -0.054451 0.164955
-0.201412 -0.054444 0.164957
-0.201410 -0.054441 0.164959
-0.201412 -0.054438 0.164960
-0.201419 -0.054438 0.164961
-0.201425 -0.054437 0.164961
-0.201432 -0.054437 0.164961
-0.201433 -0.054439 0.164961
-0.201438 -0.054439 0.164961
-0.201442 -0.054441 0.164960
-0.201442 -0.054444 0.164958
-0.201442 -0.054445 0.164958
-0.201446 -0.054449 0.164956
-0.201448 -0.054451 0.164955
-0.201445 -0.054450 0.164955
-0.201442 -0.054448 0.164956
-0.201439 -0.054443 0.164958
-0.201435 -0.054437 0.164960
-0.201433 -0.054435 0.164961
-0.201434 -0.054435 0.164961
-0.201433 -0.054430 0.164963
-0.201432 -0.054422 0.164967
-0.201435 -0.054420 0.164968
-0.201443 -0.054418 0.164968
-0.201450 -0.054419 0.164968
-0.201458 -0.054421 0.164967
-0.201462 -0.054423 0.164966
-0.201464 -0.054425 0.164965
-0.201472 -0.054427 0.164965
-0.201476 -0.054432 0.164963
-0.201473 -0.054435 0.164963
-0.201467 -0.054437 0.164964
-0.201460 -0.054439 0.164965
-0.201452 -0.054440 0.164964
-0.201446 -0.054440 0.164965
-0.201438 -0.054438 0.164965
-0.201433 -0.054437 0.164966
-0.201427 -0.054432 0.164968
-0.201425 -0.054430 0.164969
-0.201429 -0.054428 0.164970
-0.201429 -0.054428 0.164970
-0.201442 -0.054426 0.164970
-0.201455 -0.054424 0.164970
-0.201461 -0.054423 0.164970
-0.201464 -0.054422 0.164970
-0.201474 -0.054421 0.164970
-0.201479 -0.054422 0.164968
-0.201483 -0.054426 0.164966
-0.201483 -0.054430 0.164966
-0.201480 -0.054432 0.164966
-0.201473 -0.054431 0.164966
-0.201468 -0.054432 0.164967
-0.201468 -0.054432 0.164967
-0.201464 -0.054430 0.164968
-0.201461 -0.054431 0.164968
-0.201462 -0.054431 0.164969
-0.201464 -0.054428 0.164970
-0.201464 -0.054427 0.164971
-0.201468 -0.054422 0.164973
-0.201475 -0.054421 0.164974
-0.201476 -0.054419 0.164974
-0.201478 -0.054420 0.164974
-0.201486 -0.054423 0.164974
-0.201489 -0.054425 0.164973
-0.201490 -0.054426 0.164972
-0.201490 -0.054428 0.164971
-0.201480 -0.054427 0.164972
-0.201469 -0.054426 0.164972
-0.201464 -0.054426 0.164972
-0.201462 -0.054427 0.164971
-0.201461 -0.054427 0.164971
-0.201459 -0.054427 0.164970
-0.201458 -0.054425 0.164971
-0.201462 -0.054422 0.164972
-0.201465 -0.054419 0.164973
-0.201467 -0.054418 0.164974
-0.201470 -0.054417 0.164975
-0.201475 -0.054417 0.164973
-0.201480 -0.054416 0.164974
-0.201489 -0.054417 0.164973
-0.201494 -0.054418 0.164973
-0.201495 -0.054418 0.164972
-0.201496 -0.054418 0.164972
-0.201495 -0.054418 0.164972
-0.201490 -0.054417 0.164973
-0.201484 -0.054416 0.164974
-0.201477 -0.054413 0.164975
-0.201470 -0.054410 0.164977
-0.201466 -0.054407 0.164978
-0.201465 -0.054405 0.164979
-0.201468 -0.054403 0.164980
-0.201471 -0.054404 0.164979
-0.201476 -0.054404 0.164977
-0.201479 -0.054404 0.164977
-0.201482 -0.054404 0.164977
-0.201486 -0.054403 0.164978
-0.201487 -0.054404 0.164977
-0.201488 -0.054406 0.164977
-0.201488 -0.054406 0.164977
-0.201483 -0.054406 0.164978
-0.201478 -0.054405 0.164979
-0.201473 -0.054405 0.164979
-0.201467 -0.054406 0.164979
-0.201460 -0.054406 0.164979
-0.201456 -0.054407 0.164979
-0.201454 -0.054409 0.164979
-0.201455 -0.054408 0.164979
-0.201458 -0.054408 0.164979
-0.201462 -0.054411 0.164977
-0.201464 -0.054412 0.164977
-0.201466 -0.054411 0.164977
-0.201468 -0.054409 0.164978
-0.201468 -0.054407 0.164978
-0.201470 -0.054403 0.164980
-0.201471 -0.054404 0.164981
-0.201472 -0.054403 0.164981
-0.201469 -0.054402 0.164981
-0.201468 -0.054401 0.164982
-0.201466 -0.054400 0.164982
-0.201464 -0.054400 0.164982
-0.201461 -0.054400 0.164982
-0.201455 -0.054401 0.164983
-0.201453 -0.054400 0.164984
-0.201452 -0.054400 0.164985
-0.201457 -0.054401 0.164986
-0.201457 -0.054400 0.164986
-0.201457 -0.054400 0.164986
-0.201460 -0.054397 0.164988
-0.201464 -0.054395 0.164989
-0.201470 -0.054393 0.164988
-0.201472 -0.054392 0.164988
-0.201477 -0.054392 0.164988
-0.201482 -0.054394 0.164987
-0.201491 -0.054396 0.164984
-0.201497 -0.054397 0.164983
-0.201500 -0.054397 0.164983
-0.201498 -0.054397 0.164983
-0.201497 -0.054396 0.164983
-0.201493 -0.054393 0.164984
-0.201493 -0.054393 0.164985
-0.201491 -0.054392 0.164985
-0.201490 -0.054390 0.164986
-0.201490 -0.054389 0.164986
-0.201492 -0.054388 0.164986
-0.201493 -0.054386 0.164987
-0.201496 -0.054386 0.164987
-0.201500 -0.054385 0.164988
-0.201505 -0.054384 0.164988
-0.201508 -0.054385 0.164987
-0.201511 -0.054386 0.164986
-0.201517 -0.054387 0.164985
-0.201521 -0.054388 0.164984
-0.201521 -0.054391 0.164982
-0.201520 -0.054392 0.164983
-0.201516 -0.054392 0.164983
-0.201512 -0.054394 0.164984
-0.201506 -0.054395 0.164983
-0.201505 -0.054397 0.164984
-0.201504 -0.054396 0.164984
-0.201503 -0.054396 0.164984
-0.201502 -0.054397 0.164986
-0.201505 -0.054396 0.164987
-0.201506 -0.054394 0.164987
-0.201508 -0.054393 0.164986
-0.201510 -0.054390 0.164987
-0.201514 -0.054390 0.164987
-0.201516 -0.054390 0.164987
-0.201517 -0.054390 0.164989
-0.201518 -0.054388 0.164989
-0.201515 -0.054386 0.164990
-0.201513 -0.054384 0.164991
-0.201509 -0.054383 0.164991
-0.201505 -0.054382 0.164991
-0.201498 -0.054381 0.164992
-0.201493 -0.054378 0.164993
-0.201490 -0.054375 0.164995
-0.201489 -0.054373 0.164995
-0.201491 -0.054371 0.164996
-0.201498 -0.054372 0.164996
-0.201503 -0.054372 0.164996
-0.201512 -0.054373 0.164995
-0.201520 -0.054375 0.164994
-0.201525 -0.054377 0.164994
-0.201526 -0.054377 0.164994
-0.201527 -0.054377 0.164994
-0.201528 -0.054376 0.164994
-0.201525 -0.054379 0.164995
-0.201524 -0.054382 0.164996
-0.201527 -0.054383 0.164995
-0.201527 -0.054388 0.164995
-0.201526 -0.054390 0.164994
-0.201523 -0.054391 0.164993
-0.201523 -0.054390 0.164993
-0.201523 -0.054388 0.164994
-0.201523 -0.054385 0.164995
-0.201520 -0.054382 0.164996
-0.201522 -0.054380 0.164997
-0.201523 -0.054377 0.164998
-0.201524 -0.054376 0.164998
-0.201525 -0.054374 0.164999
-0.201526 -0.054372 0.164999
-0.201526 -0.054369 0.165000
-0.201524 -0.054367 0.165001
-0.201522 -0.054365 0.165003
-0.201522 -0.054361 0.165004
-0.201520 -0.054360 0.165005
-0.201519 -0.054357 0.165005
-0.201520 -0.054355 0.165006
-0.201519 -0.054355 0.165008
-0.201521 -0.054354 0.165008
-0.201522 -0.054353 0.165009
-0.201526 -0.054351 0.165011
-0.201528 -0.054350 0.165012
-0.201532 -0.054350 0.165011
-0.201539 -0.054352 0.165010
-0.201547 -0.054352 0.165010
-0.201549 -0.054350 0.165012
-0.201549 -0.054348 0.165012
-0.201548 -0.054349 0.165012
-0.201548 -0.054350 0.165012
-0.201549 -0.054350 0.165012
-0.201549 -0.054350 0.165013
-0.201548 -0.054349 0.165015
-0.201549 -0.054349 0.165016
-0.201550 -0.054347 0.165018
-0.201551 -0.054348 0.165019
-0.201550 -0.054346 0.165019
-0.201550 -0.054344 0.165020
-0.201550 -0.054343 0.165022
-0.201551 -0.054340 0.165022
-0.201554 -0.054340 0.165022
-0.201559 -0.054341 0.165021
-0.201559 -0.054341 0.165021
-0.201559 -0.054341 0.165021
-0.201569 -0.054345 0.165021
-0.201574 -0.054346 0.165021
-0.201577 -0.054345 0.165022
-0.201580 -0.054345 0.165024
-0.201584 -0.054345 0.165025
-0.201587 -0.054345 0.165026
-0.201588 -0.054344 0.165026
-0.201591 -0.054342 0.165027
-0.201593 -0.054341 0.165027
-0.201594 -0.054338 0.165029
-0.201594 -0.054335 0.165030
-0.201597 -0.054329 0.165031
-0.201603 -0.054328 0.165032
-0.201605 -0.054329 0.165031
-0.201607 -0.054327 0.165032
-0.201607 -0.054324 0.165034
-0.201606 -0.054321 0.165035
-0.201605 -0.054319 0.165035
-0.201603 -0.054313 0.165038
-0.201603 -0.054307 0.165039
-0.201604 -0.054304 0.165041
-0.201604 -0.054302 0.165042
-0.201605 -0.054300 0.165042
-0.201607 -0.054297 0.165042
-0.201608 -0.054295 0.165042
-0.201610 -0.054295 0.165042
-0.201610 -0.054295 0.165042
-0.201611 -0.054291 0.165044
-0.201611 -0.054290 0.165044
-0.201610 -0.054286 0.165045
-0.201608 -0.054284 0.165044
-0.201604 -0.054282 0.165045
-0.201600 -0.054280 0.165046
-0.201596 -0.054277 0.165047
-0.201596 -0.054274 0.165048
-0.201597 -0.054272 0.165049
-0.201599 -0.054270 0.165049
-0.201603 -0.054268 0.165049
-0.201608 -0.054269 0.165049
-0.201615 -0.054268 0.165048
-0.201617 -0.054267 0.165049
-0.201621 -0.054266 0.165049
-0.201622 -0.054266 0.165049
-0.201623 -0.054264 0.165048
-0.201619 -0.054263 0.165048
-0.201616 -0.054263 0.165049
-0.201608 -0.054259 0.165050
-0.201595 -0.054256 0.165052
-0.201583 -0.054254 0.165055
-0.201573 -0.054251 0.165057
-0.201568 -0.054250 0.165057
-0.201566 -0.054250 0.165058
-0.201566 -0.054250 0.165057
-0.201569 -0.054249 0.165058
-0.201570 -0.054249 0.165058
-0.201574 -0.054249 0.165058
-0.201578 -0.054248 0.165058
-0.201579 -0.054248 0.165058
-0.201579 -0.054248 0.165059
-0.201577 -0.054248 0.165059
-0.201575 -0.054248 0.165059
-0.201570 -0.054248 0.165060
-0.201564 -0.054248 0.165061
-0.201556 -0.054248 0.165061
-0.201548 -0.054250 0.165063
-0.201545 -0.054250 0.165065
-0.201545 -0.054251 0.165066
-0.201545 -0.054251 0.165067
-0.201545 -0.054253 0.165068
-0.201549 -0.054253 0.165069
-0.201552 -0.054251 0.165070
-0.201552 -0.054247 0.165072
-0.201549 -0.054243 0.165074
-0.201546 -0.054238 0.165078
-0.201539 -0.054234 0.165080
-0.201539 -0.054233 0.165082
-0.201536 -0.054233 0.165082
-0.201535 -0.054234 0.165082
-0.201532 -0.054235 0.165082
-0.201528 -0.054234 0.165082
-0.201525 -0.054234 0.165082
-0.201523 -0.054234 0.165082
-0.201519 -0.054235 0.165083
-0.201516 -0.054234 0.165084
-0.201510 -0.054231 0.165085
-0.201507 -0.054230 0.165088
-0.201504 -0.054227 0.165089
-0.201503 -0.054227 0.165089
-0.201503 -0.054225 0.165091
-0.201507 -0.054222 0.165092
-0.201510 -0.054221 0.165093
-0.201512 -0.054218 0.165093
-0.201512 -0.054218 0.165093
-0.201514 -0.054213 0.165095
-0.201515 -0.054211 0.165096
-0.201515 -0.054210 0.165096
-0.201513 -0.054207 0.165097
-0.201509 -0.054204 0.165098
-0.201509 -0.054203 0.165099
-0.201506 -0.054198 0.165100
-0.201503 -0.054195 0.165101
-0.201500 -0.054192 0.165102
-0.201497 -0.054190 0.165103
-0.201496 -0.054187 0.165104
-0.201496 -0.054185 0.165104
-0.201491 -0.054181 0.165105
-0.201490 -0.054178 0.165106
-0.201486 -0.054173 0.165110
-0.201480 -0.054168 0.165112
-0.201478 -0.054165 0.165115
-0.201478 -0.054161 0.165117
-0.201479 -0.054160 0.165117
-0.201481 -0.054159 0.165117
-0.201482 -0.054157 0.165118
-0.201484 -0.054157 0.165118
-0.201484 -0.054155 0.165119
-0.201485 -0.054155 0.165119
-0.201484 -0.054154 0.165119
-0.201484 -0.054153 0.165121
-0.201480 -0.054151 0.165122
-0.201475 -0.054148 0.165123
-0.201473 -0.054145 0.165125
-0.201470 -0.054143 0.165125
-0.201470 -0.054142 0.165126
-0.201470 -0.054140 0.165126
-0.201470 -0.054139 0.165127
-0.201470 -0.054139 0.165127
-0.201470 -0.054139 0.165127
-0.201470 -0.054138 0.165127
-0.201468 -0.054135 0.165128
-0.201468 -0.054133 0.165130
-0.201468 -0.054132 0.165130
-0.201470 -0.054133 0.165131
-0.201471 -0.054132 0.165132
-0.201471 -0.054132 0.165133
-0.201472 -0.054132 0.165133
-0.201472 -0.054132 0.165133
-0.201472 -0.054132 0.165133
-0.201472 -0.054132 0.165134
-0.201473 -0.054131 0.165134
-0.201472 -0.054131 0.165134
-0.201471 -0.054131 0.165134
-0.201469 -0.054131 0.165134
-0.201467 -0.054130 0.165135
-0.201460 -0.054131 0.165136
-0.201459 -0.054129 0.165136
-0.201457 -0.054128 0.165138
-0.201456 -0.054127 0.165139
-0.201457 -0.054124 0.165141
-0.201456 -0.054122 0.165141
-0.201460 -0.054120 0.165143
-0.201464 -0.054119 0.165144
-0.201468 -0.054118 0.165145
-0.201470 -0.054116 0.165145
-0.201471 -0.054114 0.165146
-0.201473 -0.054114 0.165145
-0.201478 -0.054115 0.165145
-0.201481 -0.054117 0.165145
-0.201484 -0.054119 0.165144
-0.201487 -0.054121 0.165144
-0.201491 -0.054125 0.165144
-0.201490 -0.054126 0.165144
-0.201486 -0.054128 0.165148
-0.201484 -0.054126 0.165148
-0.201483 -0.054129 0.165148
-0.201482 -0.054131 0.165149
-0.201484 -0.054133 0.165149
-0.201488 -0.054135 0.165148
-0.201493 -0.054138 0.165146
-0.201498 -0.054139 0.165145
-0.201506 -0.054143 0.165143
-0.201509 -0.054143 0.165144
-0.201508 -0.054142 0.165144
-0.201502 -0.054138 0.165145
-0.201497 -0.054136 0.165146
-0.201492 -0.054132 0.165148
-0.201487 -0.054128 0.165149
-0.201482 -0.054125 0.165152
-0.201478 -0.054122 0.165153
-0.201478 -0.054119 0.165154
-0.201477 -0.054115 0.165155
-0.201477 -0.054112 0.165156
-0.201475 -0.054111 0.165156
-0.201476 -0.054109 0.165157
-0.201478 -0.054108 0.165156
-0.201482 -0.054107 0.165156
-0.201484 -0.054107 0.165158
-0.201488 -0.054108 0.165159
-0.201490 -0.054109 0.165159
-0.201492 -0.054108 0.165159
-0.201492 -0.054108 0.165159
-0.201491 -0.054107 0.165160
-0.201491 -0.054108 0.165160
-0.201489 -0.054106 0.165160
-0.201489 -0.054106 0.165160
-0.201489 -0.054103 0.165161
-0.201489 -0.054101 0.165162
-0.201489 -0.054098 0.165163
-0.201487 -0.054094 0.165164
-0.201486 -0.054092 0.165165
-0.201483 -0.054086 0.165167
-0.201481 -0.054082 0.165169
-0.201479 -0.054079 0.165172
-0.201479 -0.054077 0.165172
-0.201478 -0.054075 0.165173
-0.201478 -0.054074 0.165173
-0.201476 -0.054073 0.165174
-0.201476 -0.054072 0.165174
-0.201476 -0.054072 0.165174
-0.201477 -0.054071 0.165174
-0.201477 -0.054069 0.165175
-0.201479 -0.054071 0.165174
-0.201478 -0.054071 0.165175
-0.201478 -0.054071 0.165175
-0.201477 -0.054071 0.165176
-0.201476 -0.054070 0.165176
-0.201475 -0.054069 0.165176
-0.201475 -0.054068 0.165178
-0.201475 -0.054065 0.165179
-0.201475 -0.054063 0.165180
-0.201473 -0.054061 0.165180
-0.201477 -0.054060 0.165181
-0.201480 -0.054057 0.165181
-0.201482 -0.054053 0.165183
-0.201483 -0.054051 0.165185
-0.201487 -0.054046 0.165187
-0.201488 -0.054044 0.165187
-0.201487 -0.054042 0.165188
-0.201484 -0.054039 0.165191
-0.201483 -0.054038 0.165193
-0.201483 -0.054038 0.165193
-0.201480 -0.054036 0.165193
-0.201478 -0.054038 0.165194
-0.201475 -0.054038 0.165194
-0.201474 -0.054038 0.165194
-0.201475 -0.054039 0.165195
-0.201473 -0.054037 0.165196
-0.201470 -0.054037 0.165196
-0.201468 -0.054036 0.165197
-0.201470 -0.054035 0.165197
-0.201471 -0.054036 0.165197
-0.201472 -0.054035 0.165197
-0.201475 -0.054036 0.165197
-0.201481 -0.054035 0.165197
-0.201484 -0.054034 0.165198
-0.201486 -0.054034 0.165196
-0.201487 -0.054030 0.165197
-0.201486 -0.054028 0.165198
-0.201483 -0.054024 0.165199
-0.201480 -0.054021 0.165200
-0.201478 -0.054020 0.165201
-0.201476 -0.054018 0.165202
-0.201476 -0.054016 0.165202
-0.201476 -0.054016 0.165202
-0.201478 -0.054014 0.165202
-0.201479 -0.054014 0.165202
-0.201481 -0.054012 0.165203
-0.201482 -0.054010 0.165204
-0.201480 -0.054008 0.165205
-0.201476 -0.054005 0.165207
-0.201472 -0.054002 0.165208
-0.201472 -0.054002 0.165209
-0.201471 -0.054000 0.165209
-0.201472 -0.054001 0.165209
-0.201474 -0.054001 0.165209
-0.201470 -0.054003 0.165210
-0.201468 -0.054001 0.165212
-0.201468 -0.054001 0.165212
-0.201467 -0.054001 0.165213
-0.201466 -0.054001 0.165213
-0.201463 -0.053997 0.165213
-0.201458 -0.053992 0.165215
-0.201452 -0.053989 0.165218
-0.201451 -0.053986 0.165220
-0.201452 -0.053986 0.165220
-0.201454 -0.053986 0.165220
-0.201452 -0.053985 0.165219
-0.201456 -0.053985 0.165219
-0.201460 -0.053984 0.165219
-0.201460 -0.053983 0.165219
-0.201459 -0.053983 0.165219
-0.201457 -0.053984 0.165220
-0.201458 -0.053983 0.165221
-0.201456 -0.053984 0.165222
-0.201451 -0.053983 0.165222
-0.201446 -0.053982 0.165223
-0.201443 -0.053981 0.165225
-0.201440 -0.053982 0.165225
-0.201440 -0.053983 0.165225
-0.201440 -0.053983 0.165226
-0.201440 -0.053982 0.165226
-0.201439 -0.053979 0.165227
-0.201439 -0.053978 0.165228
-0.201440 -0.053977 0.165228
-0.201440 -0.053974 0.165229
-0.201440 -0.053971 0.165230
-0.201440 -0.053969 0.165231
-0.201440 -0.053968 0.165231
-0.201438 -0.053965 0.165232
-0.201434 -0.053963 0.165233
-0.201430 -0.053959 0.165235
-0.201428 -0.053957 0.165236
-0.201425 -0.053955 0.165236
-0.201424 -0.053954 0.165238
-0.201422 -0.053953 0.165239
-0.201421 -0.053953 0.165239
-0.201423 -0.053954 0.165240
-0.201425 -0.053954 0.165240
-0.201427 -0.053954 0.165241
-0.201428 -0.053953 0.165241
-0.201429 -0.053953 0.165241
-0.201433 -0.053953 0.165241
-0.201433 -0.053953 0.165241
-0.201435 -0.053953 0.165241
-0.201433 -0.053953 0.165241
-0.201432 -0.053953 0.165241
-0.201428 -0.053953 0.165241
-0.201427 -0.053953 0.165241
-0.201424 -0.053952 0.165242
-0.201422 -0.053952 0.165242
-0.201420 -0.053951 0.165242
-0.201417 -0.053950 0.165243
-0.201417 -0.053948 0.165243
-0.201417 -0.053949 0.165243
-0.201417 -0.053949 0.165243
-0.201418 -0.053948 0.165243
-0.201413 -0.053947 0.165244
-0.201416 -0.053946 0.165245
-0.201417 -0.053945 0.165245
-0.201416 -0.053946 0.165244
-0.201413 -0.053946 0.165244
-0.201411 -0.053946 0.165245
-0.201412 -0.053947 0.165244
-0.201412 -0.053947 0.165244
-0.201410 -0.053948 0.165244
-0.201409 -0.053948 0.165244
-0.201409 -0.053948 0.165244
-0.201410 -0.053948 0.165244
-0.201412 -0.053948 0.165244
-0.201410 -0.053947 0.165246
-0.201412 -0.053947 0.165246
-0.201412 -0.053947 0.165246
-0.201413 -0.053943 0.165247
-0.201413 -0.053942 0.165248
-0.201413 -0.053939 0.165249
-0.201413 -0.053938 0.165249
-0.201413 -0.053938 0.165250
-0.201414 -0.053935 0.165251
-0.201411 -0.053933 0.165252
-0.201411 -0.053933 0.165252
-0.201411 -0.053933 0.165252
-0.201410 -0.053932 0.165252
-0.201409 -0.053931 0.165254
-0.201409 -0.053931 0.165254
-0.201407 -0.053933 0.165253
-0.201407 -0.053933 0.165253
-0.201407 -0.053933 0.165254
-0.201407 -0.053934 0.165253
-0.201406 -0.053934 0.165253
-0.201406 -0.053935 0.165253
-0.201406 -0.053935 0.165253
-0.201406 -0.053936 0.165252
-0.201405 -0.053936 0.165253
-0.201404 -0.053936 0.165253
-0.201404 -0.053936 0.165253
-0.201403 -0.053933 0.165254
-0.201405 -0.053931 0.165254
-0.201407 -0.053930 0.165254
-0.201407 -0.053928 0.165255
-0.201407 -0.053925 0.165256
-0.201408 -0.053920 0.165258
-0.201408 -0.053918 0.165259
-0.201408 -0.053918 0.165259
-0.201409 -0.053915 0.165259
-0.201409 -0.053914 0.165260
-0.201408 -0.053914 0.165260
-0.201409 -0.053914 0.165260
-0.201409 -0.053912 0.165260
-0.201408 -0.053912 0.165260
-0.201409 -0.053914 0.165260
-0.201409 -0.053915 0.165259
-0.201409 -0.053917 0.165259
-0.201408 -0.053916 0.165260
-0.201408 -0.053918 0.165260
-0.201407 -0.053917 0.165260
-0.201406 -0.053918 0.165261
-0.201406 -0.053918 0.165262
-0.201406 -0.053917 0.165262
-0.201406 -0.053916 0.165262
-0.201406 -0.053914 0.165263
-0.201406 -0.053914 0.165263
-0.201407 -0.053913 0.165264
-0.201408 -0.053910 0.165265
-0.201410 -0.053909 0.165265
-0.201410 -0.053907 0.165266
-0.201413 -0.053908 0.165267
-0.201414 -0.053907 0.165266
-0.201415 -0.053907 0.165268
-0.201415 -0.053907 0.165269
-0.201415 -0.053906 0.165270
-0.201416 -0.053906 0.165271
-0.201415 -0.053906 0.165271
-0.201413 -0.053906 0.165271
-0.201413 -0.053907 0.165270
-0.201412 -0.053909 0.165271
-0.201412 -0.053910 0.165271
-0.201412 -0.053909 0.165271
-0.201411 -0.053909 0.165273
-0.201411 -0.053909 0.165274
-0.201412 -0.053909 0.165274
-0.201412 -0.053909 0.165276
-0.201412 -0.053910 0.165275
-0.201412 -0.053909 0.165277
-0.201411 -0.053907 0.165278
-0.201411 -0.053907 0.165278
-0.201409 -0.053904 0.165279
-0.201407 -0.053904 0.165279
-0.201406 -0.053901 0.165280
-0.201408 -0.053899 0.165281
-0.201407 -0.053897 0.165281
-0.201408 -0.053897 0.165283
-0.201409 -0.053897 0.165283
-0.201412 -0.053897 0.165283
-0.201414 -0.053898 0.165282
-0.201416 -0.053899 0.165282
-0.201418 -0.053899 0.165281
-0.201419 -0.053900 0.165281
-0.201422 -0.053900 0.165280
-0.201421 -0.053900 0.165279
-0.201422 -0.053902 0.165278
-0.201426 -0.053905 0.165277
-0.201430 -0.053907 0.165276
-0.201431 -0.053906 0.165276
-0.201432 -0.053904 0.165276
-0.201430 -0.053902 0.165277
-0.201430 -0.053900 0.165278
-0.201429 -0.053897 0.165279
-0.201427 -0.053895 0.165279
-0.201426 -0.053891 0.165280
-0.201424 -0.053890 0.165282
-0.201424 -0.053889 0.165282
-0.201424 -0.053889 0.165281
-0.201425 -0.053888 0.165282
-0.201424 -0.053888 0.165282
-0.201424 -0.053889 0.165281
-0.201424 -0.053891 0.165282
-0.201424 -0.053892 0.165281
-0.201424 -0.053894 0.165282
-0.201424 -0.053893 0.165283
-0.201426 -0.053893 0.165284
-0.201427 -0.053893 0.165284
-0.201429 -0.053894 0.165285
-0.201430 -0.053895 0.165286
-0.201431 -0.053895 0.165287
-0.201431 -0.053896 0.165288
-0.201430 -0.053896 0.165290
-0.201428 -0.053892 0.165293
-0.201428 -0.053890 0.165295
-0.201425 -0.053888 0.165297
-0.201423 -0.053886 0.165299
-0.201423 -0.053883 0.165303
-0.201422 -0.053880 0.165307
-0.201422 -0.053879 0.165308
-0.201422 -0.053879 0.165310
-0.201423 -0.053877 0.165312
-0.201423 -0.053874 0.165314
-0.201423 -0.053874 0.165314
-0.201423 -0.053874 0.165314
-0.201422 -0.053874 0.165316
-0.201424 -0.053874 0.165316
-0.201424 -0.053874 0.165316
-0.201423 -0.053874 0.165315
-0.201422 -0.053874 0.165315
-0.201422 -0.053874 0.165315
-0.201422 -0.053875 0.165316
-0.201422 -0.053875 0.165316
-0.201422 -0.053875 0.165318
-0.201420 -0.053876 0.165317
-0.201419 -0.053877 0.165319
-0.201419 -0.053879 0.165320
-0.201421 -0.053880 0.165320
-0.201424 -0.053879 0.165320
-0.201425 -0.053879 0.165322
-0.201426 -0.053880 0.165321
-0.201429 -0.053877 0.165322
-0.201429 -0.053876 0.165324
-0.201430 -0.053874 0.165323
-0.201430 -0.053873 0.165323
-0.201430 -0.053874 0.165323
-0.201428 -0.053871 0.165323
-0.201428 -0.053871 0.165325
-0.201426 -0.053867 0.165328
-0.201421 -0.053862 0.165330
-0.201421 -0.053862 0.165330
-0.201423 -0.053860 0.165331
-0.201424 -0.053862 0.165330
-0.201424 -0.053862 0.165330
-0.201424 -0.053862 0.165331
-0.201427 -0.053862 0.165333
-0.201427 -0.053861 0.165333
-0.201429 -0.053862 0.165333
-0.201428 -0.053864 0.165333
-0.201427 -0.053865 0.165335
-0.201430 -0.053867 0.165336
-0.201431 -0.053868 0.165337
-0.201432 -0.053868 0.165337
-0.201433 -0.053868 0.165337
-0.201435 -0.053868 0.165336
-0.201435 -0.053868 0.165336
-0.201439 -0.053869 0.165335
-0.201439 -0.053869 0.165335
-0.201439 -0.053869 0.165335
-0.201439 -0.053869 0.165335
-0.201440 -0.053868 0.165336
-0.201440 -0.053868 0.165336
-0.201440 -0.053867 0.165336
-0.201441 -0.053867 0.165336
-0.201440 -0.053867 0.165336
-0.201439 -0.053867 0.165336
-0.201439 -0.053867 0.165336
-0.201439 -0.053866 0.165337
-0.201439 -0.053866 0.165338
-0.201437 -0.053866 0.165338
-0.201438 -0.053864 0.165338
-0.201438 -0.053865 0.165338
-0.201439 -0.053865 0.165338
-0.201440 -0.053865 0.165338
-0.201440 -0.053865 0.165338
-0.201442 -0.053864 0.165339
-0.201442 -0.053864 0.165339
-0.201443 -0.053862 0.165339
-0.201443 -0.053862 0.165339
-0.201442 -0.053862 0.165339
-0.201442 -0.053862 0.165339
-0.201442 -0.053862 0.165338
-0.201443 -0.053862 0.165338
-0.201438 -0.053863 0.165338
-0.201436 -0.053862 0.165338
-0.201436 -0.053862 0.165338
-0.201435 -0.053860 0.165339
-0.201436 -0.053861 0.165339
-0.201437 -0.053861 0.165339
-0.201436 -0.053860 0.165339
-0.201436 -0.053860 0.165339
-0.201436 -0.053860 0.165339
-0.201436 -0.053860 0.165339
-0.201436 -0.053859 0.165340
-0.201437 -0.053858 0.165339
-0.201437 -0.053859 0.165338
-0.201436 -0.053859 0.165338
-0.201433 -0.053857 0.165339
-0.201433 -0.053857 0.165339
-0.201433 -0.053856 0.165339
-0.201436 -0.053857 0.165340
-0.201438 -0.053858 0.165340
-0.201441 -0.053858 0.165340
-0.201442 -0.053858 0.165339
-0.201444 -0.053858 0.165339
-0.201444 -0.053858 0.165340
-0.201444 -0.053857 0.165341
-0.201438 -0.053855 0.165344
-0.201435 -0.053855 0.165344
-0.201435 -0.053855 0.165344
-0.201434 -0.053856 0.165345
-0.201433 -0.053856 0.165345
-0.201435 -0.053858 0.165344
-0.201438 -0.053860 0.165343
-0.201445 -0.053863 0.165342
-0.201449 -0.053865 0.165341
-0.201452 -0.053865 0.165340
-0.201453 -0.053865 0.165340
-0.201455 -0.053866 0.165340
-0.201458 -0.053867 0.165340
-0.201456 -0.053866 0.165340
-0.201454 -0.053866 0.165340
-0.201453 -0.053866 0.165341
-0.201451 -0.053865 0.165343
-0.201450 -0.053864 0.165343
-0.201449 -0.053861 0.165344
-0.201449 -0.053860 0.165345
-0.201449 -0.053859 0.165345
-0.201449 -0.053857 0.165344
-0.201449 -0.053852 0.165346
-0.201450 -0.053851 0.165346
-0.201451 -0.053850 0.165348
-0.201453 -0.053848 0.165349
-0.201454 -0.053848 0.165349
-0.201454 -0.053847 0.165349
-0.201458 -0.053848 0.165348
-0.201457 -0.053848 0.165348
-0.201458 -0.053850 0.165348
-0.201458 -0.053850 0.165347
-0.201456 -0.053850 0.165347
-0.201456 -0.053851 0.165347
-0.201456 -0.053851 0.165347
-0.201456 -0.053850 0.165347
-0.201456 -0.053850 0.165346
-0.201459 -0.053850 0.165346
-0.201458 -0.053849 0.165346
-0.201460 -0.053850 0.165346
-0.201461 -0.053852 0.165345
-0.201464 -0.053853 0.165344
-0.201465 -0.053853 0.165344
-0.201466 -0.053853 0.165344
-0.201466 -0.053852 0.165344
-0.201464 -0.053851 0.165345
-0.201462 -0.053849 0.165345
-0.201461 -0.053848 0.165346
-0.201460 -0.053848 0.165346
-0.201459 -0.053846 0.165346
-0.201459 -0.053846 0.165347
-0.201457 -0.053845 0.165347
-0.201459 -0.053845 0.165347
-0.201459 -0.053845 0.165347
-0.201460 -0.053845 0.165347
-0.201460 -0.053845 0.165347
-0.201460 -0.053845 0.165347
-0.201460 -0.053845 0.165347
-0.201461 -0.053844 0.165347
-0.201461 -0.053844 0.165347
-0.201462 -0.053844 0.165348
-0.201461 -0.053844 0.165349
-0.201459 -0.053842 0.165349
-0.201456 -0.053841 0.165350
-0.201455 -0.053842 0.165350
-0.201456 -0.053842 0.165350
-0.201461 -0.053842 0.165350
-0.201465 -0.053844 0.165349
-0.201468 -0.053843 0.165349
-0.201469 -0.053843 0.165349
-0.201470 -0.053842 0.165349
-0.201470 -0.053842 0.165349
-0.201470 -0.053840 0.165350
-0.201472 -0.053840 0.165350
-0.201470 -0.053840 0.165350
-0.201468 -0.053839 0.165350
-0.201466 -0.053839 0.165350
-0.201466 -0.053839 0.165350
-0.201465 -0.053838 0.165352
-0.201466 -0.053838 0.165352
-0.201466 -0.053838 0.165352
-0.201465 -0.053839 0.165351
-0.201465 -0.053839 0.165351
-0.201466 -0.053837 0.165353
-0.201468 -0.053838 0.165355
-0.201466 -0.053840 0.165355
-0.201464 -0.053839 0.165359
-0.201464 -0.053839 0.165360
-0.201464 -0.053837 0.165360
-0.201464 -0.053837 0.165360
-0.201463 -0.053838 0.165360
-0.201463 -0.053838 0.165360
-0.201465 -0.053838 0.165361
-0.201463 -0.053839 0.165366
-0.201462 -0.053840 0.165368
-0.201462 -0.053839 0.165369
-0.201466 -0.053840 0.165368
-0.201467 -0.053839 0.165370
-0.201468 -0.053839 0.165374
-0.201468 -0.053839 0.165376
-0.201467 -0.053838 0.165376
-0.201468 -0.053840 0.165375
-0.201467 -0.053842 0.165376
-0.201462 -0.053840 0.165380
-0.201462 -0.053842 0.165383
-0.201468 -0.053841 0.165384
-0.201469 -0.053845 0.165384
-0.201465 -0.053843 0.165387
-0.201466 -0.053844 0.165388
-0.201469 -0.053844 0.165391
-0.201473 -0.053845 0.165389
-0.201473 -0.053844 0.165391
-0.201469 -0.053842 0.165394
-0.201467 -0.053838 0.165399
-0.201469 -0.053839 0.165403
-0.201469 -0.053839 0.165403
-0.201472 -0.053840 0.165404
-0.201470 -0.053833 0.165407
-0.201467 -0.053829 0.165409
-0.201472 -0.053827 0.165411
-0.201474 -0.053828 0.165412
-0.201475 -0.053823 0.165412
-0.201471 -0.053818 0.165414
-0.201472 -0.053814 0.165416
-0.201471 -0.053813 0.165417
-0.201473 -0.053812 0.165417
-0.201473 -0.053814 0.165418
-0.201472 -0.053812 0.165423
-0.201470 -0.053809 0.165427
-0.201470 -0.053806 0.165432
-0.201475 -0.053805 0.165435
-0.201477 -0.053806 0.165435
-0.201477 -0.053807 0.165433
-0.201475 -0.053803 0.165437
-0.201474 -0.053802 0.165439
-0.201476 -0.053801 0.165445
-0.201476 -0.053801 0.165445
-0.201477 -0.053803 0.165444
-0.201474 -0.053802 0.165447
-0.201470 -0.053801 0.165455
-0.201468 -0.053800 0.165462
-0.201468 -0.053799 0.165463
-0.201468 -0.053798 0.165464
-0.201466 -0.053799 0.165465
-0.201468 -0.053800 0.165469
-0.201471 -0.053799 0.165475
-0.201477 -0.053801 0.165478
-0.201484 -0.053801 0.165478
-0.201486 -0.053801 0.165481
-0.201488 -0.053799 0.165487
-0.201488 -0.053797 0.165492
-0.201488 -0.053796 0.165496
-0.201487 -0.053795 0.165496
-0.201485 -0.053797 0.165497
-0.201484 -0.053799 0.165498
-0.201479 -0.053802 0.165506
-0.201477 -0.053805 0.165510
-0.201475 -0.053807 0.165514
-0.201475 -0.053807 0.165514
-0.201469 -0.053807 0.165518
-0.201467 -0.053808 0.165520
-0.201467 -0.053809 0.165523
-0.201473 -0.053809 0.165528
-0.201475 -0.053810 0.165528
-0.201479 -0.053810 0.165530
-0.201481 -0.053812 0.165530
-0.201484 -0.053811 0.165535
-0.201485 -0.053810 0.165538
-0.201480 -0.053807 0.165540
-0.201474 -0.053804 0.165544
-0.201470 -0.053801 0.165547
-0.201465 -0.053800 0.165550
-0.201458 -0.053798 0.165552
-0.201452 -0.053794 0.165553
-0.201449 -0.053792 0.165555
-0.201449 -0.053791 0.165556
-0.201448 -0.053791 0.165557
-0.201450 -0.053788 0.165561
-0.201453 -0.053787 0.165562
-0.201460 -0.053787 0.165563
-0.201466 -0.053787 0.165565
-0.201473 -0.053788 0.165567
-0.201477 -0.053789 0.165568
-0.201478 -0.053789 0.165569
-0.201478 -0.053788 0.165570
-0.201480 -0.053788 0.165570
-0.201478 -0.053788 0.165570
-0.201477 -0.053790 0.165569
-0.201464 -0.053793 0.165570
-0.201462 -0.053793 0.165570
-0.201445 -0.053792 0.165572
-0.201438 -0.053792 0.165573
-0.201434 -0.053791 0.165574
-0.201431 -0.053790 0.165574
-0.201433 -0.053789 0.165576
-0.201435 -0.053788 0.165577
-0.201439 -0.053786 0.165577
-0.201443 -0.053785 0.165577
-0.201443 -0.053785 0.165577
-0.201448 -0.053783 0.165578
-0.201460 -0.053781 0.165580
-0.201468 -0.053780 0.165579
-0.201471 -0.053782 0.165577
-0.201473 -0.053784 0.165576
-0.201477 -0.053787 0.165574
-0.201473 -0.053789 0.165573
-0.201466 -0.053789 0.165573
-0.201457 -0.053788 0.165575
-0.201453 -0.053789 0.165575
-0.201452 -0.053790 0.165574
-0.201451 -0.053790 0.165574
-0.201450 -0.053790 0.165575
-0.201451 -0.053790 0.165575
-0.201454 -0.053789 0.165576
-0.201458 -0.053789 0.165576
-0.201462 -0.053789 0.165577
-0.201465 -0.053789 0.165577
-0.201469 -0.053788 0.165577
-0.201469 -0.053788 0.165577
-0.201477 -0.053789 0.165578
-0.201478 -0.053790 0.165578
-0.201479 -0.053790 0.165577
-0.201479 -0.053790 0.165577
-0.201478 -0.053792 0.165578
-0.201477 -0.053793 0.165577
-0.201476 -0.053794 0.165578
-0.201469 -0.053796 0.165581
-0.201460 -0.053797 0.165582
-0.201458 -0.053798 0.165583
-0.201456 -0.053799 0.165582
-0.201458 -0.053800 0.165582
-0.201459 -0.053800 0.165582
-0.201460 -0.053800 0.165582
-0.201467 -0.053801 0.165582
-0.201471 -0.053802 0.165581
-0.201476 -0.053803 0.165580
-0.201480 -0.053805 0.165578
-0.201481 -0.053806 0.165578
-0.201483 -0.053805 0.165578
-0.201484 -0.053805 0.165579
-0.201483 -0.053805 0.165580
-0.201483 -0.053805 0.165580
-0.201480 -0.053806 0.165581
-0.201476 -0.053804 0.165582
-0.201475 -0.053804 0.165582
-0.201472 -0.053802 0.165583
-0.201470 -0.053801 0.165583
-0.201467 -0.053799 0.165583
-0.201465 -0.053797 0.165584
-0.201467 -0.053796 0.165586
-0.201467 -0.053796 0.165587
-0.201468 -0.053796 0.165589
-0.201468 -0.053795 0.165590
-0.201469 -0.053797 0.165591
-0.201473 -0.053798 0.165591
-0.201475 -0.053798 0.165590
-0.201480 -0.053801 0.165589
-0.201483 -0.053804 0.165588
-0.201486 -0.053807 0.165586
-0.201485 -0.053807 0.165586
-0.201481 -0.053808 0.165586
-0.201477 -0.053809 0.165584
-0.201475 -0.053810 0.165584
-0.201475 -0.053810 0.165584
-0.201476 -0.053810 0.165584
-0.201473 -0.053810 0.165584
-0.201472 -0.053811 0.165585
-0.201472 -0.053811 0.165585
-0.201475 -0.053810 0.165586
-0.201475 -0.053808 0.165586
-0.201476 -0.053808 0.165586
-0.201479 -0.053808 0.165586
-0.201480 -0.053808 0.165586
-0.201483 -0.053806 0.165587
-0.201486 -0.053805 0.165586
-0.201486 -0.053805 0.165586
-0.201484 -0.053805 0.165586
-0.201484 -0.053804 0.165586
-0.201479 -0.053805 0.165587
-0.201477 -0.053805 0.165587
-0.201475 -0.053808 0.165586
-0.201475 -0.053808 0.165586
-0.201474 -0.053811 0.165585
-0.201472 -0.053812 0.165585
-0.201474 -0.053812 0.165585
-0.201479 -0.053813 0.165585
-0.201483 -0.053812 0.165586
-0.201490 -0.053812 0.165586
-0.201496 -0.053810 0.165586
-0.201502 -0.053809 0.165586
-0.201503 -0.053809 0.165586
-0.201503 -0.053808 0.165587
-0.201502 -0.053807 0.165587
-0.201499 -0.053807 0.165587
-0.201498 -0.053807 0.165587
-0.201491 -0.053808 0.165587
-0.201488 -0.053808 0.165586
-0.201486 -0.053806 0.165586
-0.201486 -0.053807 0.165586
-0.201485 -0.053808 0.165587
-0.201487 -0.053808 0.165587
-0.201489 -0.053809 0.165586
-0.201491 -0.053810 0.165586
-0.201495 -0.053810 0.165586
-0.201498 -0.053811 0.165586
-0.201503 -0.053814 0.165586
-0.201504 -0.053815 0.165588
-0.201507 -0.053815 0.165589
-0.201504 -0.053815 0.165589
-0.201501 -0.053815 0.165589
-0.201498 -0.053818 0.165590
-0.201496 -0.053819 0.165589
-0.201494 -0.053820 0.165588
-0.201491 -0.053820 0.165588
-0.201491 -0.053820 0.165589
-0.201491 -0.053820 0.165589
-0.201491 -0.053819 0.165590
-0.201490 -0.053819 0.165590
-0.201495 -0.053820 0.165589
-0.201497 -0.053820 0.165589
-0.201499 -0.053818 0.165590
-0.201500 -0.053819 0.165591
-0.201504 -0.053821 0.165590
-0.201510 -0.053824 0.165588
-0.201516 -0.053829 0.165586
-0.201517 -0.053831 0.165585
-0.201518 -0.053832 0.165585
-0.201517 -0.053833 0.165587
-0.201515 -0.053834 0.165586
-0.201514 -0.053833 0.165587
-0.201513 -0.053831 0.165588
-0.201513 -0.053830 0.165589
-0.201512 -0.053828 0.165589
-0.201516 -0.053826 0.165590
-0.201516 -0.053824 0.165591
-0.201517 -0.053822 0.165591
-0.201518 -0.053821 0.165592
-0.201522 -0.053821 0.165591
-0.201522 -0.053820 0.165592
-0.201523 -0.053820 0.165593
-0.201523 -0.053820 0.165593
-0.201528 -0.053823 0.165594
-0.201528 -0.053822 0.165592
-0.201527 -0.053823 0.165592
-0.201526 -0.053823 0.165592
-0.201526 -0.053825 0.165592
-0.201526 -0.053826 0.165591
-0.201526 -0.053828 0.165591
-0.201523 -0.053830 0.165590
-0.201523 -0.053833 0.165591
-0.201524 -0.053833 0.165590
-0.201524 -0.053834 0.165591
-0.201525 -0.053835 0.165591
-0.201526 -0.053835 0.165591
-0.201526 -0.053837 0.165590
-0.201525 -0.053835 0.165591
-0.201525 -0.053834 0.165591
-0.201527 -0.053834 0.165591
-0.201529 -0.053833 0.165591
-0.201529 -0.053831 0.165592
-0.201530 -0.053831 0.165592
-0.201530 -0.053831 0.165592
-0.201530 -0.053830 0.165592
-0.201531 -0.053829 0.165593
-0.201529 -0.053829 0.165593
-0.201527 -0.053829 0.165593
-0.201527 -0.053829 0.165593
-0.201527 -0.053829 0.165593
-0.201528 -0.053830 0.165594
-0.201527 -0.053829 0.165594
-0.201527 -0.053828 0.165594
-0.201527 -0.053828 0.165594
-0.201533 -0.053828 0.165596
-0.201536 -0.053829 0.165595
-0.201540 -0.053830 0.165595
-0.201543 -0.053830 0.165595
-0.201545 -0.053831 0.165594
-0.201545 -0.053831 0.165596
-0.201547 -0.053832 0.165595
-0.201545 -0.053832 0.165595
-0.201541 -0.053834 0.165595
-0.201539 -0.053834 0.165595
-0.201535 -0.053834 0.165596
-0.201532 -0.053834 0.165596
-0.201531 -0.053834 0.165596
-0.201532 -0.053834 0.165596
-0.201537 -0.053835 0.165597
-0.201539 -0.053834 0.165597
-0.201541 -0.053834 0.165597
-0.201542 -0.053834 0.165597
-0.201544 -0.053832 0.165598
-0.201541 -0.053831 0.165598
-0.201540 -0.053831 0.165598
-0.201536 -0.053831 0.165599
-0.201534 -0.053831 0.165597
-0.201535 -0.053833 0.165597
-0.201538 -0.053833 0.165598
-0.201542 -0.053833 0.165598
-0.201543 -0.053832 0.165598
-0.201548 -0.053834 0.165596
-0.201548 -0.053834 0.165596
-0.201551 -0.053834 0.165596
-0.201550 -0.053834 0.165595
-0.201547 -0.053835 0.165597
-0.201546 -0.053835 0.165596
-0.201546 -0.053835 0.165596
-0.201546 -0.053836 0.165596
-0.201547 -0.053836 0.165596
-0.201548 -0.053834 0.165597
-0.201550 -0.053834 0.165597
-0.201550 -0.053834 0.165597
-0.201550 -0.053834 0.165597
-0.201551 -0.053834 0.165597
-0.201549 -0.053833 0.165597
-0.201548 -0.053834 0.165597
-0.201545 -0.053834 0.165597
-0.201547 -0.053833 0.165597
-0.201548 -0.053832 0.165597
-0.201549 -0.053834 0.165597
-0.201551 -0.053835 0.165596
-0.201551 -0.053835 0.165598
-0.201551 -0.053836 0.165597
-0.201551 -0.053836 0.165597
-0.201551 -0.053838 0.165597
-0.201552 -0.053838 0.165597
-0.201552 -0.053839 0.165597
-0.201551 -0.053838 0.165597
-0.201550 -0.053835 0.165598
-0.201548 -0.053834 0.165598
-0.201547 -0.053831 0.165599
-0.201546 -0.053829 0.165600
-0.201544 -0.053828 0.165602
-0.201544 -0.053827 0.165602
-0.201546 -0.053827 0.165602
-0.201549 -0.053829 0.165601
-0.201555 -0.053832 0.165600
-0.201562 -0.053834 0.165598
-0.201567 -0.053836 0.165597
-0.201569 -0.053838 0.165596
-0.201569 -0.053838 0.165596
-0.201570 -0.053838 0.165596
-0.201565 -0.053838 0.165597
-0.201564 -0.053839 0.165596
-0.201559 -0.053839 0.165598
-0.201557 -0.053839 0.165598
-0.201556 -0.053838 0.165598
-0.201554 -0.053838 0.165598
-0.201554 -0.053838 0.165598
-0.201556 -0.053836 0.165599
-0.201561 -0.053835 0.165599
-0.201562 -0.053835 0.165599
-0.201568 -0.053834 0.165600
-0.201573 -0.053834 0.165600
-0.201573 -0.053834 0.165600
-0.201574 -0.053835 0.165600
-0.201573 -0.053835 0.165600
-0.201572 -0.053837 0.165600
-0.201569 -0.053837 0.165600
-0.201565 -0.053837 0.165600
-0.201557 -0.053837 0.165600
-0.201552 -0.053837 0.165601
-0.201550 -0.053838 0.165601
-0.201549 -0.053839 0.165602
-0.201550 -0.053837 0.165602
-0.201553 -0.053836 0.165603
-0.201554 -0.053836 0.165603
-0.201560 -0.053834 0.165602
-0.201567 -0.053831 0.165603
-0.201574 -0.053830 0.165603
-0.201579 -0.053830 0.165603
-0.201579 -0.053830 0.165603
-0.201580 -0.053830 0.165603
-0.201582 -0.053829 0.165603
-0.201582 -0.053829 0.165603
-0.201576 -0.053832 0.165603
-0.201571 -0.053834 0.165602
-0.201571 -0.053835 0.165601
-0.201567 -0.053836 0.165601
-0.201561 -0.053837 0.165602
-0.201560 -0.053837 0.165604
-0.201563 -0.053838 0.165603
-0.201564 -0.053838 0.165603
-0.201567 -0.053838 0.165603
-0.201572 -0.053835 0.165604
-0.201574 -0.053835 0.165604
-0.201582 -0.053834 0.165606
-0.201584 -0.053834 0.165606
-0.201585 -0.053834 0.165606
-0.201584 -0.053833 0.165606
-0.201581 -0.053833 0.165605
-0.201581 -0.053833 0.165605
-0.201576 -0.053833 0.165606
-0.201572 -0.053833 0.165606
-0.201569 -0.053831 0.165607
-0.201567 -0.053831 0.165607
-0.201567 -0.053831 0.165607
-0.201567 -0.053832 0.165607
-0.201570 -0.053833 0.165606
-0.201571 -0.053833 0.165606
-0.201575 -0.053834 0.165606
-0.201578 -0.053835 0.165606
-0.201579 -0.053835 0.165606
-0.201583 -0.053834 0.165606
-0.201582 -0.053832 0.165608
-0.201582 -0.053832 0.165608
-0.201583 -0.053833 0.165608
-0.201584 -0.053833 0.165609
-0.201585 -0.053833 0.165609
-0.201587 -0.053835 0.165609
-0.201589 -0.053836 0.165608
-0.201589 -0.053834 0.165609
-0.201590 -0.053835 0.165608
-0.201590 -0.053835 0.165608
-0.201590 -0.053834 0.165608
-0.201590 -0.053833 0.165609
-0.201591 -0.053832 0.165612
-0.201590 -0.053833 0.165613
-0.201589 -0.053832 0.165614
-0.201589 -0.053832 0.165614
-0.201588 -0.053833 0.165614
-0.201588 -0.053834 0.165613
-0.201586 -0.053834 0.165613
-0.201586 -0.053836 0.165613
-0.201584 -0.053837 0.165613
-0.201584 -0.053838 0.165612
-0.201583 -0.053837 0.165612
-0.201584 -0.053837 0.165612
-0.201585 -0.053837 0.165612
-0.201588 -0.053837 0.165614
-0.201588 -0.053837 0.165614
-0.201588 -0.053836 0.165616
-0.201588 -0.053834 0.165616
-0.201589 -0.053834 0.165616
-0.201588 -0.053834 0.165616
-0.201587 -0.053833 0.165617
-0.201586 -0.053833 0.165617
-0.201584 -0.053832 0.165617
-0.201584 -0.053832 0.165617
-0.201583 -0.053830 0.165617
-0.201584 -0.053832 0.165618
-0.201583 -0.053833 0.165618
-0.201585 -0.053834 0.165619
-0.201587 -0.053834 0.165619
-0.201589 -0.053835 0.165619
-0.201589 -0.053835 0.165619
-0.201592 -0.053835 0.165618
-0.201592 -0.053834 0.165619
-0.201592 -0.053834 0.165619
-0.201591 -0.053833 0.165619
-0.201589 -0.053833 0.165619
-0.201588 -0.053833 0.165619
-0.201587 -0.053833 0.165621
-0.201586 -0.053834 0.165620
-0.201584 -0.053833 0.165621
-0.201583 -0.053833 0.165621
-0.201585 -0.053832 0.165621
-0.201582 -0.053831 0.165622
-0.201582 -0.053828 0.165623
-0.201581 -0.053827 0.165624
-0.201580 -0.053825 0.165624
-0.201580 -0.053824 0.165625
-0.201582 -0.053824 0.165625
-0.201582 -0.053825 0.165626
-0.201582 -0.053827 0.165625
-0.201582 -0.053826 0.165624
-0.201582 -0.053828 0.165624
-0.201582 -0.053829 0.165623
-0.201582 -0.053830 0.165623
-0.201582 -0.053830 0.165623
-0.201580 -0.053830 0.165623
-0.201580 -0.053831 0.165623
-0.201582 -0.053831 0.165622
-0.201583 -0.053832 0.165622
-0.201585 -0.053832 0.165622
-0.201585 -0.053830 0.165622
-0.201587 -0.053830 0.165622
-0.201588 -0.053828 0.165622
-0.201588 -0.053827 0.165623
-0.201589 -0.053827 0.165623
-0.201588 -0.053826 0.165623
-0.201588 -0.053826 0.165623
-0.201586 -0.053822 0.165624
-0.201585 -0.053820 0.165627
-0.201585 -0.053820 0.165627
-0.201582 -0.053818 0.165627
-0.201582 -0.053819 0.165627
-0.201584 -0.053821 0.165626
-0.201585 -0.053821 0.165626
-0.201586 -0.053823 0.165626
-0.201588 -0.053823 0.165627
-0.201589 -0.053823 0.165627
-0.201590 -0.053825 0.165626
-0.201590 -0.053826 0.165626
-0.201592 -0.053827 0.165626
-0.201593 -0.053826 0.165626
-0.201593 -0.053826 0.165626
-0.201589 -0.053825 0.165626
-0.201588 -0.053823 0.165627
-0.201586 -0.053822 0.165627
-0.201586 -0.053821 0.165628
-0.201584 -0.053819 0.165628
-0.201584 -0.053819 0.165630
-0.201583 -0.053817 0.165631
-0.201584 -0.053814 0.165632
-0.201585 -0.053812 0.165633
-0.201588 -0.053812 0.165633
-0.201591 -0.053812 0.165634
-0.201592 -0.053811 0.165635
-0.201596 -0.053813 0.165635
-0.201597 -0.053814 0.165635
-0.201598 -0.053818 0.165634
-0.201597 -0.053821 0.165635
-0.201596 -0.053821 0.165634
-0.201593 -0.053822 0.165636
-0.201589 -0.053822 0.165637
-0.201586 -0.053824 0.165636
-0.201586 -0.053824 0.165636
-0.201587 -0.053822 0.165637
-0.201585 -0.053821 0.165637
-0.201588 -0.053822 0.165637
-0.201590 -0.053820 0.165637
-0.201593 -0.053818 0.165638
-0.201595 -0.053817 0.165640
-0.201597 -0.053816 0.165640
-0.201596 -0.053815 0.165641
-0.201595 -0.053814 0.165641
-0.201595 -0.053814 0.165641
-0.201595 -0.053813 0.165643
-0.201592 -0.053813 0.165643
-0.201589 -0.053815 0.165643
-0.201588 -0.053816 0.165643
-0.201588 -0.053818 0.165643
-0.201587 -0.053818 0.165643
-0.201587 -0.053818 0.165644
-0.201588 -0.053818 0.165644
-0.201589 -0.053818 0.165644
-0.201591 -0.053818 0.165644
-0.201596 -0.053819 0.165644
-0.201597 -0.053819 0.165644
-0.201599 -0.053818 0.165644
-0.201599 -0.053817 0.165645
-0.201600 -0.053816 0.165646
-0.201597 -0.053816 0.165646
-0.201596 -0.053816 0.165646
-0.201595 -0.053816 0.165646
-0.201592 -0.053814 0.165647
-0.201591 -0.053813 0.165648
-0.201591 -0.053813 0.165648
-0.201588 -0.053813 0.165649
-0.201591 -0.053813 0.165649
-0.201593 -0.053814 0.165648
-0.201595 -0.053814 0.165648
-0.201597 -0.053812 0.165649
-0.201597 -0.053812 0.165649
-0.201598 -0.053813 0.165649
-0.201596 -0.053813 0.165649
-0.201595 -0.053813 0.165649
-0.201594 -0.053813 0.165649
-0.201591 -0.053813 0.165649
-0.201587 -0.053812 0.165649
-0.201584 -0.053812 0.165649
-0.201581 -0.053813 0.165649
-0.201580 -0.053812 0.165651
-0.201582 -0.053812 0.165651
-0.201584 -0.053812 0.165651
-0.201585 -0.053810 0.165651
-0.201587 -0.053810 0.165651
-0.201593 -0.053809 0.165652
-0.201596 -0.053809 0.165652
-0.201596 -0.053809 0.165652
-0.201597 -0.053809 0.165652
-0.201595 -0.053809 0.165652
-0.201592 -0.053808 0.165652
-0.201591 -0.053808 0.165653
-0.201587 -0.053808 0.165653
-0.201585 -0.053810 0.165653
-0.201584 -0.053810 0.165653
-0.201583 -0.053810 0.165653
-0.201583 -0.053809 0.165653
-0.201583 -0.053808 0.165654
-0.201583 -0.053807 0.165654
-0.201586 -0.053805 0.165655
-0.201592 -0.053805 0.165655
-0.201594 -0.053805 0.165655
-0.201597 -0.053805 0.165655
-0.201601 -0.053806 0.165655
-0.201606 -0.053806 0.165654
-0.201608 -0.053807 0.165654
-0.201606 -0.053807 0.165653
-0.201604 -0.053809 0.165653
-0.201602 -0.053809 0.165652
-0.201601 -0.053809 0.165653
-0.201599 -0.053809 0.165653
-0.201598 -0.053809 0.165654
-0.201596 -0.053809 0.165654
-0.201594 -0.053809 0.165655
-0.201597 -0.053809 0.165655
-0.201600 -0.053810 0.165654
-0.201601 -0.053810 0.165654
-0.201602 -0.053810 0.165654
-0.201603 -0.053810 0.165654
-0.201607 -0.053811 0.165655
-0.201609 -0.053811 0.165655
-0.201606 -0.053811 0.165655
-0.201606 -0.053811 0.165655
-0.201602 -0.053808 0.165656
-0.201601 -0.053808 0.165656
-0.201597 -0.053810 0.165656
-0.201594 -0.053810 0.165657
-0.201595 -0.053810 0.165656
-0.201594 -0.053811 0.165657
-0.201596 -0.053811 0.165658
-0.201596 -0.053811 0.165658
-0.201597 -0.053811 0.165658
-0.201601 -0.053810 0.165658
-0.201601 -0.053811 0.165657
-0.201603 -0.053811 0.165658
-0.201603 -0.053811 0.165658
-0.201603 -0.053811 0.165658
-0.201603 -0.053811 0.165659
-0.201600 -0.053811 0.165659
-0.201599 -0.053809 0.165660
-0.201598 -0.053809 0.165660
-0.201598 -0.053809 0.165660
-0.201596 -0.053809 0.165660
-0.201596 -0.053809 0.165660
-0.201598 -0.053809 0.165660
-0.201599 -0.053810 0.165661
-0.201600 -0.053809 0.165661
-0.201602 -0.053809 0.165661
-0.201602 -0.053809 0.165661
-0.201602 -0.053809 0.165661
-0.201603 -0.053810 0.165661
-0.201604 -0.053811 0.165660
-0.201601 -0.053812 0.165661
-0.201599 -0.053812 0.165662
-0.201596 -0.053810 0.165662
-0.201595 -0.053810 0.165662
-0.201593 -0.053811 0.165662
-0.201591 -0.053809 0.165662
-0.201592 -0.053810 0.165663
-0.201592 -0.053811 0.165663
-0.201597 -0.053811 0.165664
-0.201599 -0.053812 0.165663
-0.201600 -0.053810 0.165664
-0.201604 -0.053811 0.165666
-0.201604 -0.053811 0.165666
-0.201604 -0.053811 0.165666
-0.201606 -0.053811 0.165666
-0.201603 -0.053811 0.165666
-0.201601 -0.053810 0.165665
-0.201600 -0.053812 0.165665
-0.201599 -0.053811 0.165665
-0.201599 -0.053813 0.165666
-0.201599 -0.053813 0.165666
-0.201599 -0.053812 0.165668
-0.201599 -0.053812 0.165668
-0.201597 -0.053811 0.165668
-0.201598 -0.053810 0.165669
-0.201597 -0.053809 0.165669
-0.201595 -0.053806 0.165672
-0.201592 -0.053804 0.165674
-0.201591 -0.053803 0.165675
-0.201591 -0.053805 0.165675
-0.201592 -0.053805 0.165675
-0.201592 -0.053806 0.165675
-0.201592 -0.053806 0.165676
-0.201592 -0.053809 0.165675
-0.201594 -0.053810 0.165675
-0.201592 -0.053812 0.165677
-0.201591 -0.053812 0.165681
-0.201591 -0.053812 0.165682
-0.201592 -0.053812 0.165682
-0.201592 -0.053810 0.165683
-0.201590 -0.053808 0.165684
-0.201588 -0.053804 0.165684
-0.201587 -0.053802 0.165686
-0.201584 -0.053800 0.165689
-0.201584 -0.053800 0.165689
-0.201585 -0.053798 0.165689
-0.201583 -0.053797 0.165688
-0.201585 -0.053799 0.165689
-0.201586 -0.053799 0.165692
-0.201588 -0.053800 0.165693
-0.201588 -0.053800 0.165693
-0.201590 -0.053800 0.165693
-0.201591 -0.053798 0.165694
-0.201592 -0.053798 0.165694
-0.201592 -0.053798 0.165694
-0.201591 -0.053800 0.165693
-0.201590 -0.053800 0.165693
-0.201588 -0.053801 0.165693
-0.201588 -0.053802 0.165694
-0.201587 -0.053805 0.165696
-0.201583 -0.053805 0.165698
-0.201583 -0.053804 0.165700
-0.201583 -0.053803 0.165700
-0.201582 -0.053803 0.165702
-0.201582 -0.053801 0.165701
-0.201580 -0.053799 0.165702
-0.201578 -0.053800 0.165705
-0.201580 -0.053801 0.165707
-0.201585 -0.053801 0.165708
-0.201585 -0.053800 0.165709
-0.201585 -0.053800 0.165709
-0.201585 -0.053799 0.165710
-0.201592 -0.053800 0.165709
-0.201596 -0.053802 0.165708
-0.201594 -0.053803 0.165710
-0.201594 -0.053805 0.165712
-0.201597 -0.053805 0.165711
-0.201595 -0.053807 0.165712
-0.201597 -0.053809 0.165711
-0.201598 -0.053810 0.165711
-0.201595 -0.053809 0.165711
-0.201593 -0.053807 0.165711
-0.201589 -0.053806 0.165716
-0.201589 -0.053806 0.165718
-0.201597 -0.053805 0.165719
-0.201599 -0.053805 0.165719
-0.201598 -0.053807 0.165719
-0.201597 -0.053802 0.165719
-0.201601 -0.053802 0.165720
-0.201606 -0.053799 0.165722
-0.201610 -0.053802 0.165722
-0.201612 -0.053801 0.165720
-0.201607 -0.053802 0.165720
-0.201605 -0.053801 0.165723
-0.201605 -0.053801 0.165723
-0.201603 -0.053802 0.165724
-0.201601 -0.053803 0.165723
-0.201594 -0.053806 0.165725
-0.201593 -0.053806 0.165734
-0.201594 -0.053809 0.165740
-0.201594 -0.053809 0.165741
-0.201599 -0.053808 0.165740
-0.201603 -0.053810 0.165739
-0.201603 -0.053811 0.165739
-0.201606 -0.053810 0.165742
-0.201613 -0.053810 0.165744
-0.201621 -0.053811 0.165746
-0.201622 -0.053813 0.165745
-0.201623 -0.053812 0.165744
-0.201619 -0.053813 0.165746
-0.201616 -0.053813 0.165751
-0.201615 -0.053812 0.165753
-0.201609 -0.053814 0.165753
-0.201600 -0.053813 0.165752
-0.201591 -0.053814 0.165755
-0.201589 -0.053816 0.165759
-0.201589 -0.053819 0.165764
-0.201592 -0.053818 0.165764
-0.201592 -0.053818 0.165764
-0.201595 -0.053818 0.165765
-0.201601 -0.053818 0.165771
-0.201609 -0.053817 0.165775
-0.201619 -0.053815 0.165781
-0.201626 -0.053814 0.165782
-0.201629 -0.053813 0.165783
-0.201630 -0.053813 0.165781
-0.201635 -0.053816 0.165783
-0.201635 -0.053818 0.165788
-0.201635 -0.053820 0.165793
-0.201630 -0.053819 0.165797
-0.201620 -0.053821 0.165796
-0.201612 -0.053822 0.165797
-0.201605 -0.053822 0.165799
-0.201600 -0.053822 0.165800
-0.201599 -0.053822 0.165800
-0.201597 -0.053821 0.165801
-0.201600 -0.053821 0.165801
-0.201605 -0.053821 0.165800
-0.201608 -0.053823 0.165801
-0.201616 -0.053824 0.165802
-0.201626 -0.053824 0.165802
-0.201634 -0.053824 0.165802
-0.201639 -0.053825 0.165801
-0.201639 -0.053824 0.165802
-0.201639 -0.053825 0.165803
-0.201636 -0.053826 0.165804
-0.201633 -0.053825 0.165804
-0.201630 -0.053825 0.165804
-0.201626 -0.053824 0.165805
-0.201618 -0.053824 0.165804
-0.201610 -0.053824 0.165806
-0.201607 -0.053825 0.165807
-0.201606 -0.053823 0.165809
-0.201606 -0.053821 0.165809
-0.201605 -0.053820 0.165810
-0.201605 -0.053818 0.165812
-0.201609 -0.053817 0.165812
-0.201614 -0.053815 0.165812
-0.201619 -0.053815 0.165813
-0.201625 -0.053814 0.165813
-0.201629 -0.053814 0.165813
-0.201631 -0.053814 0.165813
-0.201634 -0.053814 0.165813
-0.201635 -0.053814 0.165813
-0.201635 -0.053812 0.165813
-0.201634 -0.053812 0.165813
-0.201632 -0.053813 0.165813
-0.201630 -0.053813 0.165813
-0.201627 -0.053812 0.165812
-0.201627 -0.053812 0.165812
-0.201626 -0.053812 0.165812
-0.201624 -0.053812 0.165812
-0.201624 -0.053814 0.165811
-0.201624 -0.053812 0.165812
-0.201628 -0.053811 0.165812
-0.201630 -0.053810 0.165813
-0.201630 -0.053808 0.165815
-0.201630 -0.053806 0.165815
-0.201631 -0.053806 0.165815
-0.201632 -0.053805 0.165815
-0.201632 -0.053805 0.165815
-0.201634 -0.053804 0.165817
-0.201631 -0.053805 0.165818
-0.201628 -0.053805 0.165820
-0.201627 -0.053805 0.165820
-0.201627 -0.053805 0.165820
-0.201627 -0.053805 0.165820
-0.201626 -0.053804 0.165820
-0.201626 -0.053805 0.165820
-0.201624 -0.053805 0.165820
-0.201627 -0.053805 0.165820
-0.201628 -0.053805 0.165821
-0.201630 -0.053807 0.165820
-0.201630 -0.053807 0.165820
-0.201632 -0.053808 0.165820
-0.201632 -0.053808 0.165820
-0.201632 -0.053808 0.165820
-0.201632 -0.053810 0.165819
-0.201633 -0.053810 0.165821
-0.201631 -0.053810 0.165819
-0.201627 -0.053810 0.165819
-0.201624 -0.053811 0.165820
-0.201622 -0.053810 0.165821
-0.201620 -0.053809 0.165821
-0.201618 -0.053808 0.165821
-0.201622 -0.053805 0.165823
-0.201625 -0.053804 0.165824
-0.201628 -0.053803 0.165824
-0.201632 -0.053800 0.165824
-0.201637 -0.053797 0.165825
-0.201641 -0.053796 0.165825
-0.201641 -0.053796 0.165825
-0.201641 -0.053796 0.165825
-0.201640 -0.053795 0.165825
-0.201640 -0.053795 0.165825
-0.201635 -0.053796 0.165826
-0.201632 -0.053797 0.165828
-0.201629 -0.053797 0.165829
-0.201629 -0.053797 0.165829
-0.201628 -0.053798 0.165830
-0.201627 -0.053798 0.165830
-0.201629 -0.053799 0.165830
-0.201629 -0.053799 0.165830
-0.201632 -0.053798 0.165831
-0.201637 -0.053797 0.165832
-0.201641 -0.053797 0.165833
-0.201641 -0.053797 0.165833
-0.201647 -0.053797 0.165833
-0.201649 -0.053797 0.165832
-0.201648 -0.053795 0.165832
-0.201646 -0.053796 0.165832
-0.201646 -0.053798 0.165832
-0.201646 -0.053801 0.165832
-0.201647 -0.053805 0.165832
-0.201645 -0.053808 0.165830
-0.201643 -0.053809 0.165830
-0.201641 -0.053809 0.165830
-0.201640 -0.053810 0.165829
-0.201641 -0.053810 0.165829
-0.201643 -0.053810 0.165829
-0.201645 -0.053809 0.165830
-0.201648 -0.053809 0.165829
-0.201651 -0.053808 0.165830
-0.201653 -0.053806 0.165830
-0.201653 -0.053805 0.165831
-0.201653 -0.053805 0.165831
-0.201653 -0.053804 0.165831
-0.201651 -0.053803 0.165833
-0.201649 -0.053802 0.165833
-0.201647 -0.053802 0.165833
-0.201645 -0.053800 0.165834
-0.201641 -0.053800 0.165834
-0.201641 -0.053800 0.165834
-0.201636 -0.053799 0.165834
-0.201635 -0.053800 0.165835
-0.201635 -0.053800 0.165835
-0.201639 -0.053800 0.165835
-0.201641 -0.053800 0.165837
-0.201644 -0.053800 0.165836
-0.201648 -0.053801 0.165837
-0.201654 -0.053800 0.165839
-0.201659 -0.053800 0.165839
-0.201661 -0.053801 0.165840
-0.201663 -0.053802 0.165841
-0.201660 -0.053804 0.165843
-0.201659 -0.053805 0.165844
-0.201659 -0.053804 0.165844
-0.201655 -0.053804 0.165844
-0.201650 -0.053804 0.165844
-0.201646 -0.053804 0.165844
-0.201646 -0.053804 0.165844
-0.201644 -0.053804 0.165845
-0.201644 -0.053804 0.165845
-0.201643 -0.053806 0.165846
-0.201647 -0.053805 0.165847
-0.201649 -0.053805 0.165846
-0.201652 -0.053805 0.165846
-0.201656 -0.053807 0.165846
-0.201660 -0.053807 0.165846
-0.201664 -0.053805 0.165846
-0.201664 -0.053805 0.165846
-0.201666 -0.053807 0.165846
-0.201664 -0.053807 0.165845
-0.201662 -0.053807 0.165847
-0.201662 -0.053808 0.165846
-0.201660 -0.053809 0.165846
-0.201659 -0.053810 0.165845
-0.201657 -0.053811 0.165845
-0.201657 -0.053811 0.165844
-0.201655 -0.053813 0.165844
-0.201653 -0.053812 0.165845
-0.201653 -0.053811 0.165846
-0.201651 -0.053811 0.165846
-0.201654 -0.053809 0.165846
-0.201655 -0.053808 0.165847
-0.201655 -0.053808 0.165847
-0.201657 -0.053806 0.165848
-0.201660 -0.053802 0.165850
-0.201663 -0.053801 0.165850
-0.201663 -0.053800 0.165851
-0.201664 -0.053798 0.165851
-0.201664 -0.053798 0.165851
-0.201666 -0.053800 0.165852
-0.201663 -0.053799 0.165854
-0.201664 -0.053798 0.165854
-0.201664 -0.053798 0.165854
-0.201663 -0.053797 0.165854
-0.201663 -0.053797 0.165854
-0.201663 -0.053800 0.165853
-0.201663 -0.053799 0.165855
-0.201662 -0.053798 0.165858
-0.201663 -0.053797 0.165858
-0.201666 -0.053796 0.165859
-0.201667 -0.053797 0.165858
-0.201668 -0.053797 0.165858
-0.201667 -0.053798 0.165858
-0.201667 -0.053797 0.165858
-0.201666 -0.053798 0.165858
-0.201663 -0.053800 0.165857
-0.201662 -0.053800 0.165857
-0.201662 -0.053800 0.165859
-0.201660 -0.053800 0.165860
-0.201660 -0.053802 0.165861
-0.201660 -0.053802 0.165861
-0.201662 -0.053801 0.165861
-0.201664 -0.053802 0.165861
-0.201666 -0.053800 0.165860
-0.201667 -0.053798 0.165861
-0.201668 -0.053798 0.165861
-0.201664 -0.053797 0.165862
-0.201662 -0.053793 0.165865
-0.201659 -0.053794 0.165866
-0.201656 -0.053793 0.165867
-0.201655 -0.053793 0.165867
-0.201658 -0.053794 0.165866
-0.201662 -0.053793 0.165867
-0.201664 -0.053793 0.165867
-0.201668 -0.053795 0.165867
-0.201672 -0.053796 0.165868
-0.201675 -0.053796 0.165868
-0.201676 -0.053798 0.165869
-0.201673 -0.053799 0.165868
-0.201671 -0.053800 0.165868
-0.201668 -0.053802 0.165869
-0.201663 -0.053802 0.165870
-0.201658 -0.053801 0.165871
-0.201652 -0.053800 0.165871
-0.201651 -0.053799 0.165873
-0.201650 -0.053798 0.165873
-0.201648 -0.053796 0.165874
-0.201650 -0.053796 0.165874
-0.201651 -0.053795 0.165873
-0.201656 -0.053791 0.165874
-0.201668 -0.053786 0.165876
-0.201673 -0.053784 0.165876
-0.201680 -0.053784 0.165876
-0.201681 -0.053783 0.165876
-0.201684 -0.053780 0.165878
-0.201685 -0.053780 0.165877
-0.201684 -0.053780 0.165877
-0.201682 -0.053780 0.165877
-0.201676 -0.053781 0.165875
-0.201670 -0.053783 0.165876
-0.201665 -0.053782 0.165876
-0.201664 -0.053781 0.165877
-0.201664 -0.053781 0.165877
-0.201662 -0.053780 0.165877
-0.201664 -0.053780 0.165877
-0.201669 -0.053780 0.165879
-0.201670 -0.053780 0.165879
-0.201673 -0.053780 0.165879
-0.201681 -0.053781 0.165879
-0.201686 -0.053782 0.165878
-0.201689 -0.053783 0.165878
-0.201689 -0.053783 0.165878
-0.201685 -0.053784 0.165878
-0.201681 -0.053784 0.165878
-0.201678 -0.053784 0.165878
-0.201676 -0.053784 0.165879
-0.201674 -0.053784 0.165879
-0.201670 -0.053785 0.165879
-0.201664 -0.053784 0.165880
-0.201662 -0.053782 0.165885
-0.201662 -0.053782 0.165885
-0.201665 -0.053783 0.165886
-0.201668 -0.053781 0.165888
-0.201672 -0.053776 0.165889
-0.201672 -0.053771 0.165891
-0.201672 -0.053769 0.165891
-0.201674 -0.053769 0.165891
-0.201671 -0.053771 0.165891
-0.201667 -0.053775 0.165892
-0.201666 -0.053775 0.165892
-0.201663 -0.053776 0.165895
-0.201658 -0.053780 0.165898
-0.201659 -0.053787 0.165903
-0.201660 -0.053789 0.165905
-0.201660 -0.053792 0.165907
-0.201665 -0.053793 0.165908
-0.201670 -0.053793 0.165908
-0.201676 -0.053795 0.165906
-0.201678 -0.053797 0.165906
-0.201678 -0.053796 0.165905
-0.201678 -0.053797 0.165904
-0.201677 -0.053796 0.165907
-0.201676 -0.053794 0.165908
-0.201674 -0.053794 0.165908
-0.201670 -0.053793 0.165908
-0.201659 -0.053793 0.165911
-0.201652 -0.053789 0.165917
-0.201651 -0.053787 0.165919
-0.201651 -0.053785 0.165918
-0.201652 -0.053784 0.165918
-0.201653 -0.053785 0.165918
-0.201656 -0.053785 0.165918
-0.201662 -0.053785 0.165918
-0.201676 -0.053787 0.165916
-0.201682 -0.053789 0.165916
-0.201683 -0.053791 0.165917
-0.201683 -0.053790 0.165919
-0.201686 -0.053791 0.165918
-0.201686 -0.053790 0.165918
-0.201686 -0.053790 0.165918
-0.201683 -0.053787 0.165919
-0.201676 -0.053786 0.165920
-0.201674 -0.053782 0.165922
-0.201674 -0.053777 0.165924
-0.201674 -0.053773 0.165925
-0.201676 -0.053772 0.165926
-0.201676 -0.053772 0.165926
-0.201679 -0.053771 0.165927
-0.201686 -0.053772 0.165928
-0.201691 -0.053771 0.165930
-0.201691 -0.053772 0.165930
-0.201690 -0.053773 0.165929
-0.201690 -0.053780 0.165927
-0.201687 -0.053789 0.165925
-0.201683 -0.053801 0.165923
-0.201681 -0.053805 0.165921
-0.201670 -0.053816 0.165921
-0.201668 -0.053820 0.165921
-0.201669 -0.053826 0.165918
-0.201667 -0.053828 0.165918
-0.201668 -0.053827 0.165920
-0.201671 -0.053823 0.165921
-0.201672 -0.053823 0.165921
-0.201674 -0.053818 0.165923
-0.201677 -0.053810 0.165926
-0.201676 -0.053802 0.165928
-0.201676 -0.053796 0.165932
-0.201676 -0.053792 0.165933
-0.201679 -0.053777 0.165937
-0.201679 -0.053768 0.165942
-0.201680 -0.053760 0.165944
-0.201682 -0.053756 0.165945
-0.201683 -0.053751 0.165947
-0.201685 -0.053745 0.165948
-0.201687 -0.053743 0.165949
-0.201692 -0.053743 0.165950
-0.201695 -0.053742 0.165952
-0.201696 -0.053744 0.165953
-0.201696 -0.053744 0.165953
-0.201696 -0.053744 0.165954
-0.201698 -0.053747 0.165955
-0.201699 -0.053753 0.165954
-0.201700 -0.053757 0.165953
-0.201696 -0.053760 0.165952
-0.201696 -0.053760 0.165952
-0.201694 -0.053762 0.165951
-0.201694 -0.053765 0.165949
-0.201694 -0.053767 0.165949
-0.201693 -0.053767 0.165949
-0.201693 -0.053768 0.165948
-0.201695 -0.053768 0.165948
-0.201699 -0.053765 0.165949
-0.201701 -0.053763 0.165949
-0.201703 -0.053758 0.165952
-0.201703 -0.053756 0.165953
-0.201701 -0.053753 0.165954
-0.201698 -0.053747 0.165956
-0.201694 -0.053741 0.165957
-0.201691 -0.053739 0.165958
-0.201689 -0.053737 0.165956
-0.201690 -0.053736 0.165958
-0.201691 -0.053736 0.165960
-0.201691 -0.053736 0.165960
-0.201693 -0.053735 0.165962
-0.201706 -0.053735 0.165964
-0.201714 -0.053736 0.165965
-0.201721 -0.053735 0.165967
-0.201727 -0.053737 0.165967
-0.201730 -0.053739 0.165968
-0.201733 -0.053740 0.165968
-0.201733 -0.053740 0.165968
-0.201733 -0.053740 0.165969
-0.201734 -0.053741 0.165971
-0.201732 -0.053741 0.165973
-0.201731 -0.053743 0.165972
-0.201727 -0.053743 0.165974
-0.201720 -0.053745 0.165974
-0.201719 -0.053745 0.165974
-0.201716 -0.053745 0.165974
-0.201715 -0.053744 0.165976
-0.201713 -0.053743 0.165978
-0.201715 -0.053743 0.165978
-0.201719 -0.053744 0.165977
-0.201721 -0.053745 0.165976
-0.201726 -0.053744 0.165976
-0.201728 -0.053744 0.165976
-0.201737 -0.053746 0.165975
-0.201740 -0.053748 0.165974
-0.201743 -0.053751 0.165973
-0.201744 -0.053751 0.165972
-0.201745 -0.053754 0.165971
-0.201744 -0.053755 0.165971
-0.201741 -0.053756 0.165971
-0.201738 -0.053756 0.165971
-0.201734 -0.053756 0.165969
-0.201729 -0.053755 0.165970
-0.201723 -0.053755 0.165970
-0.201719 -0.053753 0.165971
-0.201717 -0.053751 0.165972
-0.201717 -0.053748 0.165973
-0.201716 -0.053748 0.165973
-0.201720 -0.053746 0.165975
-0.201721 -0.053744 0.165975
-0.201721 -0.053744 0.165975
-0.201724 -0.053742 0.165977
-0.201724 -0.053742 0.165977
-0.201731 -0.053741 0.165979
-0.201735 -0.053740 0.165980
-0.201737 -0.053741 0.165980
-0.201737 -0.053741 0.165980
-0.201739 -0.053743 0.165981
-0.201741 -0.053747 0.165981
-0.201741 -0.053747 0.165981
-0.201741 -0.053748 0.165981
-0.201742 -0.053749 0.165981
-0.201739 -0.053752 0.165980
-0.201738 -0.053755 0.165980
-0.201736 -0.053757 0.165979
-0.201736 -0.053760 0.165981
-0.201735 -0.053761 0.165982
-0.201732 -0.053761 0.165982
-0.201731 -0.053761 0.165983
-0.201730 -0.053762 0.165984
-0.201730 -0.053762 0.165984
-0.201729 -0.053761 0.165986
-0.201729 -0.053760 0.165987
-0.201729 -0.053758 0.165988
-0.201730 -0.053757 0.165988
-0.201732 -0.053756 0.165990
-0.201732 -0.053753 0.165991
-0.201734 -0.053749 0.165992
-0.201734 -0.053749 0.165992
-0.201734 -0.053749 0.165992
-0.201733 -0.053749 0.165992
-0.201732 -0.053749 0.165992
-0.201729 -0.053749 0.165992
-0.201729 -0.053749 0.165993
-0.201728 -0.053750 0.165993
-0.201725 -0.053754 0.165995
-0.201726 -0.053756 0.165994
-0.201725 -0.053757 0.165995
-0.201723 -0.053761 0.165995
-0.201725 -0.053763 0.165994
-0.201726 -0.053764 0.165994
-0.201727 -0.053765 0.165994
-0.201734 -0.053767 0.165994
-0.201735 -0.053767 0.165994
-0.201739 -0.053767 0.165994
-0.201743 -0.053768 0.165994
-0.201750 -0.053769 0.165995
-0.201751 -0.053767 0.165995
-0.201751 -0.053766 0.165996
-0.201751 -0.053766 0.165996
-0.201752 -0.053765 0.165997
-0.201750 -0.053764 0.165999
-0.201747 -0.053763 0.166000
-0.201744 -0.053762 0.166001
-0.201738 -0.053759 0.166004
-0.201732 -0.053758 0.166004
-0.201730 -0.053756 0.166006
-0.201728 -0.053754 0.166008
-0.201728 -0.053753 0.166009
-0.201725 -0.053752 0.166010
-0.201723 -0.053751 0.166011
-0.201723 -0.053751 0.166011
-0.201725 -0.053751 0.166012
-0.201729 -0.053750 0.166015
-0.201730 -0.053751 0.166016
-0.201733 -0.053753 0.166017
-0.201734 -0.053755 0.166018
-0.201734 -0.053755 0.166018
-0.201736 -0.053756 0.166019
-0.201733 -0.053756 0.166019
-0.201732 -0.053758 0.166019
-0.201729 -0.053758 0.166019
-0.201729 -0.053758 0.166019
-0.201728 -0.053759 0.166021
-0.201724 -0.053760 0.166020
-0.201721 -0.053760 0.166022
-0.201720 -0.053759 0.166022
-0.201723 -0.053759 0.166022
-0.201723 -0.053759 0.166022
-0.201728 -0.053758 0.166024
-0.201731 -0.053758 0.166024
-0.201733 -0.053758 0.166024
-0.201735 -0.053758 0.166024
-0.201735 -0.053758 0.166024
-0.201733 -0.053757 0.166025
-0.201732 -0.053758 0.166025
-0.201729 -0.053759 0.166026
-0.201728 -0.053760 0.166026
-0.201723 -0.053760 0.166027
-0.201722 -0.053761 0.166028
-0.201719 -0.053761 0.166031
-0.201718 -0.053763 0.166032
-0.201718 -0.053763 0.166032
-0.201718 -0.053764 0.166033
-0.201718 -0.053762 0.166036
-0.201716 -0.053762 0.166038
-0.201716 -0.053761 0.166039
-0.201718 -0.053760 0.166041
-0.201719 -0.053761 0.166042
-0.201720 -0.053760 0.166044
-0.201720 -0.053759 0.166044
-0.201720 -0.053756 0.166046
-0.201722 -0.053756 0.166048
-0.201722 -0.053756 0.166048
-0.201721 -0.053755 0.166049
-0.201722 -0.053756 0.166051
-0.201722 -0.053756 0.166052
-0.201722 -0.053757 0.166053
-0.201722 -0.053757 0.166056
-0.201722 -0.053758 0.166055
-0.201722 -0.053760 0.166056
-0.201722 -0.053763 0.166058
-0.201723 -0.053763 0.166058
-0.201723 -0.053765 0.166060
-0.201723 -0.053767 0.166061
-0.201722 -0.053767 0.166061
-0.201722 -0.053771 0.166062
-0.201722 -0.053773 0.166061
-0.201720 -0.053776 0.166063
-0.201719 -0.053777 0.166065
-0.201718 -0.053777 0.166067
-0.201719 -0.053779 0.166070
-0.201718 -0.053780 0.166074
-0.201718 -0.053780 0.166074
-0.201717 -0.053783 0.166078
-0.201717 -0.053785 0.166082
-0.201717 -0.053784 0.166083
-0.201717 -0.053783 0.166086
-0.201717 -0.053781 0.166090
-0.201717 -0.053781 0.166091
-0.201718 -0.053779 0.166093
-0.201716 -0.053780 0.166098
-0.201718 -0.053777 0.166103
-0.201716 -0.053777 0.166103
-0.201716 -0.053776 0.166109
-0.201715 -0.053776 0.166112
-0.201714 -0.053778 0.166118
-0.201712 -0.053778 0.166123
-0.201710 -0.053779 0.166131
-0.201710 -0.053781 0.166136
-0.201710 -0.053781 0.166140
-0.201708 -0.053781 0.166142
-0.201708 -0.053782 0.166144
-0.201710 -0.053783 0.166148
-0.201711 -0.053785 0.166150
-0.201712 -0.053787 0.166153
-0.201714 -0.053790 0.166155
-0.201716 -0.053791 0.166156
-0.201718 -0.053792 0.166158
-0.201718 -0.053794 0.166163
-0.201719 -0.053794 0.166165
-0.201719 -0.053796 0.166167
-0.201719 -0.053799 0.166170
-0.201715 -0.053803 0.166177
-0.201711 -0.053803 0.166183
-0.201708 -0.053804 0.166189
-0.201705 -0.053804 0.166193
-0.201703 -0.053804 0.166193
-0.201701 -0.053803 0.166196
-0.201698 -0.053803 0.166204
-0.201697 -0.053803 0.166208
-0.201697 -0.053801 0.166209
-0.201697 -0.053801 0.166211
-0.201697 -0.053801 0.166217
-0.201698 -0.053802 0.166218
-0.201698 -0.053802 0.166220
-0.201699 -0.053803 0.166227
-0.201698 -0.053804 0.166231
-0.201698 -0.053804 0.166235
-0.201698 -0.053807 0.166241
-0.201695 -0.053811 0.166248
-0.201695 -0.053811 0.166249
-0.201693 -0.053813 0.166254
-0.201693 -0.053816 0.166265
-0.201692 -0.053817 0.166269
-0.201692 -0.053819 0.166274
-0.201692 -0.053822 0.166281
-0.201692 -0.053823 0.166285
-0.201695 -0.053823 0.166289
-0.201697 -0.053824 0.166294
-0.201698 -0.053824 0.166298
-0.201698 -0.053824 0.166300
-0.201699 -0.053825 0.166302
-0.201698 -0.053826 0.166310
-0.201698 -0.053827 0.166314
-0.201695 -0.053828 0.166318
-0.201693 -0.053829 0.166327
-0.201691 -0.053832 0.166331
-0.201690 -0.053832 0.166334
-0.201689 -0.053834 0.166336
-0.201686 -0.053840 0.166340
-0.201686 -0.053842 0.166343
-0.201686 -0.053844 0.166349
-0.201686 -0.053847 0.166357
-0.201686 -0.053847 0.166358
-0.201688 -0.053849 0.166363
-0.201689 -0.053854 0.166374
-0.201692 -0.053853 0.166381
-0.201692 -0.053852 0.166384
-0.201692 -0.053851 0.166385
-0.201693 -0.053851 0.166385
-0.201696 -0.053849 0.166387
-0.201696 -0.053844 0.166390
-0.201696 -0.053841 0.166394
-0.201696 -0.053840 0.166398
-0.201696 -0.053839 0.166405
-0.201696 -0.053840 0.166407
-0.201696 -0.053839 0.166414
-0.201696 -0.053840 0.166426
-0.201698 -0.053842 0.166432
-0.201699 -0.053843 0.166434
-0.201699 -0.053843 0.166434
-0.201700 -0.053842 0.166436
-0.201703 -0.053845 0.166439
-0.201706 -0.053848 0.166442
-0.201706 -0.053850 0.166447
-0.201706 -0.053854 0.166456
-0.201707 -0.053856 0.166463
-0.201707 -0.053857 0.166468
-0.201708 -0.053858 0.166471
-0.201708 -0.053859 0.166474
-0.201708 -0.053860 0.166476
-0.201706 -0.053864 0.166482
-0.201703 -0.053863 0.166485
-0.201702 -0.053862 0.166487
-0.201700 -0.053861 0.166491
-0.201701 -0.053862 0.166494
-0.201703 -0.053862 0.166497
-0.201707 -0.053862 0.166505
-0.201709 -0.053861 0.166508
-0.201710 -0.053859 0.166512
-0.201713 -0.053859 0.166519
-0.201714 -0.053859 0.166523
-0.201715 -0.053860 0.166526
-0.201717 -0.053864 0.166531
-0.201717 -0.053868 0.166535
-0.201719 -0.053872 0.166539
-0.201718 -0.053878 0.166552
-0.201717 -0.053884 0.166560
-0.201715 -0.053890 0.166567
-0.201715 -0.053894 0.166577
-0.201715 -0.053898 0.166585
-0.201714 -0.053901 0.166596
-0.201714 -0.053902 0.166597
-0.201715 -0.053904 0.166604
-0.201719 -0.053907 0.166609
-0.201722 -0.053909 0.166618
-0.201722 -0.053908 0.166619
-0.201723 -0.053909 0.166625
-0.201724 -0.053911 0.166635
-0.201724 -0.053912 0.166640
-0.201725 -0.053912 0.166645
-0.201723 -0.053912 0.166657
-0.201721 -0.053913 0.166664
-0.201720 -0.053912 0.166670
-0.201715 -0.053917 0.166689
-0.201713 -0.053919 0.166696
-0.201711 -0.053920 0.166704
-0.201711 -0.053924 0.166712
-0.201712 -0.053926 0.166721
-0.201714 -0.053929 0.166726
-0.201717 -0.053936 0.166744
-0.201718 -0.053941 0.166753
-0.201722 -0.053946 0.166764
-0.201723 -0.053948 0.166771
-0.201723 -0.053952 0.166778
-0.201723 -0.053953 0.166780
-0.201724 -0.053955 0.166784
-0.201727 -0.053959 0.166793
-0.201728 -0.053962 0.166799
-0.201727 -0.053964 0.166805
-0.201727 -0.053968 0.166817
-0.201727 -0.053971 0.166823
-0.201726 -0.053972 0.166832
-0.201726 -0.053976 0.166847
-0.201724 -0.053979 0.166861
-0.201724 -0.053979 0.166861
-0.201724 -0.053980 0.166865
-0.201726 -0.053982 0.166871
-0.201727 -0.053984 0.166879
-0.201727 -0.053986 0.166884
-0.201729 -0.053988 0.166890
-0.201729 -0.053989 0.166896
-0.201729 -0.053991 0.166903
-0.201731 -0.054001 0.166922
-0.201730 -0.054004 0.166934
-0.201730 -0.054006 0.166934
-0.201729 -0.054012 0.166949
-0.201728 -0.054016 0.166960
-0.201728 -0.054017 0.166964
-0.201726 -0.054020 0.166969
-0.201728 -0.054027 0.166981
-0.201728 -0.054031 0.166994
-0.201727 -0.054034 0.167004
-0.201727 -0.054035 0.167005
-0.201729 -0.054041 0.167025
-0.201731 -0.054045 0.167032
-0.201733 -0.054048 0.167040
-0.201733 -0.054049 0.167043
-0.201734 -0.054052 0.167051
-0.201737 -0.054054 0.167058
-0.201739 -0.054057 0.167067
-0.201742 -0.054059 0.167074
-0.201744 -0.054064 0.167085
-0.201744 -0.054064 0.167086
-0.201745 -0.054067 0.167092
-0.201745 -0.054070 0.167097
-0.201745 -0.054074 0.167106
-0.201747 -0.054081 0.167120
-0.201747 -0.054089 0.167134
-0.201746 -0.054093 0.167142
-0.201746 -0.054095 0.167146
-0.201743 -0.054098 0.167155
-0.201742 -0.054098 0.167158
-0.201742 -0.054102 0.167165
-0.201742 -0.054106 0.167172
-0.201742 -0.054110 0.167177
-0.201743 -0.054113 0.167178
-0.201744 -0.054119 0.167186
-0.201745 -0.054125 0.167195
-0.201745 -0.054126 0.167200
-0.201745 -0.054127 0.167201
-0.201745 -0.054130 0.167213
-0.201745 -0.054131 0.167216
-0.201744 -0.054133 0.167222
-0.201744 -0.054134 0.167223
-0.201745 -0.054136 0.167229
-0.201746 -0.054140 0.167236
-0.201746 -0.054142 0.167249
-0.201746 -0.054143 0.167258
-0.201745 -0.054145 0.167267
-0.201747 -0.054145 0.167274
-0.201747 -0.054148 0.167283
-0.201744 -0.054149 0.167291
-0.201743 -0.054150 0.167299
-0.201743 -0.054151 0.167303
-0.201741 -0.054153 0.167311
-0.201741 -0.054155 0.167316
-0.201740 -0.054156 0.167325
-0.201740 -0.054158 0.167331
-0.201738 -0.054164 0.167346
-0.201739 -0.054166 0.167354
-0.201740 -0.054169 0.167359
-0.201742 -0.054172 0.167365
-0.201744 -0.054175 0.167376
-0.201743 -0.054175 0.167377
-0.201744 -0.054177 0.167382
-0.201748 -0.054180 0.167385
-0.201751 -0.054181 0.167389
-0.201751 -0.054183 0.167391
-0.201751 -0.054186 0.167398
-0.201752 -0.054188 0.167403
-0.201752 -0.054188 0.167408
-0.201750 -0.054189 0.167414
-0.201746 -0.054189 0.167421
-0.201742 -0.054188 0.167425
-0.201742 -0.054188 0.167428
-0.201741 -0.054188 0.167428
-0.201737 -0.054187 0.167434
-0.201735 -0.054186 0.167436
-0.201735 -0.054186 0.167436
-0.201735 -0.054187 0.167437
-0.201737 -0.054188 0.167438
-0.201740 -0.054189 0.167440
-0.201742 -0.054189 0.167442
-0.201745 -0.054190 0.167445
-0.201747 -0.054192 0.167445
-0.201747 -0.054192 0.167445
-0.201749 -0.054195 0.167450
-0.201749 -0.054198 0.167452
-0.201749 -0.054198 0.167452
-0.201750 -0.054199 0.167451
-0.201749 -0.054200 0.167452
-0.201749 -0.054200 0.167452
-0.201746 -0.054201 0.167452
-0.201745 -0.054201 0.167453
-0.201743 -0.054201 0.167453
-0.201742 -0.054203 0.167453
-0.201741 -0.054201 0.167452
-0.201739 -0.054198 0.167453
-0.201739 -0.054197 0.167453
-0.201739 -0.054197 0.167452
-0.201738 -0.054195 0.167451
-0.201738 -0.054195 0.167450
-0.201738 -0.054195 0.167450
-0.201739 -0.054194 0.167449
-0.201739 -0.054194 0.167449
-0.201739 -0.054196 0.167448
-0.201740 -0.054198 0.167445
-0.201739 -0.054199 0.167443
-0.201736 -0.054203 0.167437
-0.201735 -0.054205 0.167437
-0.201732 -0.054210 0.167435
-0.201727 -0.054218 0.167430
-0.201724 -0.054221 0.167427
-0.201722 -0.054221 0.167427
-0.201708 -0.054229 0.167421
-0.201700 -0.054231 0.167418
-0.201688 -0.054233 0.167417
-0.201681 -0.054235 0.167415
-0.201671 -0.054241 0.167412
-0.201666 -0.054244 0.167407
-0.201660 -0.054244 0.167402
-0.201654 -0.054243 0.167394
-0.201649 -0.054245 0.167383
-0.201645 -0.054248 0.167372
-0.201645 -0.054249 0.167370
-0.201643 -0.054253 0.167360
-0.201638 -0.054259 0.167343
-0.201624 -0.054262 0.167329
-0.201613 -0.054265 0.167320
-0.201601 -0.054268 0.167310
-0.201585 -0.054273 0.167294
-0.201570 -0.054275 0.167280
-0.201551 -0.054280 0.167266
-0.201531 -0.054285 0.167254
-0.201508 -0.054291 0.167238
-0.201488 -0.054297 0.167227
-0.201466 -0.054304 0.167216
-0.201437 -0.054314 0.167205
-0.201416 -0.054324 0.167199
-0.201391 -0.054341 0.167194
-0.201373 -0.054351 0.167189
-0.201350 -0.054368 0.167181
-0.201332 -0.054383 0.167175
-0.201312 -0.054402 0.167167
-0.201290 -0.054427 0.167158
-0.201271 -0.054448 0.167152
-0.201255 -0.054466 0.167148
-0.201229 -0.054491 0.167142
-0.201203 -0.054513 0.167137
-0.201175 -0.054535 0.167131
-0.201147 -0.054560 0.167126
-0.201119 -0.054583 0.167121
-0.201088 -0.054609 0.167117
-0.201057 -0.054633 0.167113
-0.201020 -0.054662 0.167109
-0.200995 -0.054683 0.167105
-0.200957 -0.054710 0.167100
-0.200929 -0.054729 0.167097
-0.200899 -0.054751 0.167094
-0.200866 -0.054777 0.167089
-0.200846 -0.054796 0.167087
-0.200815 -0.054820 0.167083
-0.200797 -0.054837 0.167080
-0.200768 -0.054862 0.167078
-0.200743 -0.054881 0.167076
-0.200720 -0.054900 0.167073
-0.200692 -0.054917 0.167072
-0.200657 -0.054937 0.167068
-0.200629 -0.054952 0.167065
-0.200587 -0.054971 0.167061
-0.200555 -0.054984 0.167060
-0.200507 -0.055000 0.167058
-0.200473 -0.055010 0.167057
-0.200427 -0.055025 0.167057
-0.200395 -0.055032 0.167058
-0.200352 -0.055042 0.167059
-0.200322 -0.055048 0.167060
-0.200287 -0.055057 0.167058
-0.200260 -0.055062 0.167056
-0.200238 -0.055067 0.167056
-0.200216 -0.055069 0.167056
-0.200192 -0.055072 0.167055
-0.200177 -0.055074 0.167054
-0.200156 -0.055075 0.167056
-0.200129 -0.055076 0.167056
-0.200103 -0.055078 0.167058
-0.200079 -0.055077 0.167060
-0.200074 -0.055078 0.167060
-0.200021 -0.055078 0.167061
-0.199988 -0.055079 0.167063
-0.199947 -0.055078 0.167066
-0.199919 -0.055077 0.167066
-0.199908 -0.055078 0.167066
-0.199892 -0.055077 0.167068
-0.199858 -0.055076 0.167068
-0.199807 -0.055075 0.167072
-0.199791 -0.055074 0.167075
-0.199789 -0.055072 0.167076
-0.199771 -0.055068 0.167077
-0.199760 -0.055066 0.167077
-0.199745 -0.055060 0.167079
-0.199730 -0.055055 0.167081
-0.199716 -0.055051 0.167082
-0.199699 -0.055048 0.167083
-0.199679 -0.055043 0.167085
-0.199658 -0.055039 0.167086
-0.199637 -0.055036 0.167088
-0.199616 -0.055034 0.167088
-0.199597 -0.055030 0.167090
-0.199579 -0.055026 0.167091
-0.199561 -0.055022 0.167094
-0.199544 -0.055018 0.167095
-0.199532 -0.055016 0.167097
-0.199526 -0.055013 0.167098
-0.199526 -0.055013 0.167097
-0.199526 -0.055012 0.167097
-0.199529 -0.055012 0.167095
-0.199532 -0.055010 0.167097
-0.199532 -0.055009 0.167097
-0.199536 -0.055010 0.167096
-0.199533 -0.055010 0.167095
-0.199526 -0.055008 0.167095
-0.199519 -0.055006 0.167098
-0.199514 -0.055007 0.167098
-0.199508 -0.055006 0.167098
-0.199500 -0.055006 0.167098
-0.199491 -0.055004 0.167099
-0.199486 -0.055000 0.167101
-0.199484 -0.054998 0.167102
-0.199483 -0.054996 0.167103
-0.199485 -0.054995 0.167104
-0.199488 -0.054991 0.167106
-0.199494 -0.054988 0.167108
-0.199502 -0.054986 0.167109
-0.199510 -0.054986 0.167109
-0.199520 -0.054983 0.167110
-0.199524 -0.054982 0.167110
-0.199528 -0.054981 0.167111
-0.199532 -0.054979 0.167111
-0.199533 -0.054980 0.167112
-0.199533 -0.054979 0.167112
-0.199531 -0.054980 0.167112
-0.199531 -0.054980 0.167112
-0.199529 -0.054979 0.167113
-0.199528 -0.054981 0.167114
-0.199526 -0.054981 0.167114
-0.199529 -0.054982 0.167114
-0.199529 -0.054982 0.167114
-0.199538 -0.054981 0.167115
-0.199540 -0.054981 0.167115
-0.199544 -0.054979 0.167116
-0.199546 -0.054978 0.167116
-0.199556 -0.054972 0.167118
-0.199560 -0.054970 0.167119
-0.199563 -0.054968 0.167119
-0.199565 -0.054963 0.167121
-0.199569 -0.054957 0.167123
-0.199569 -0.054953 0.167125
-0.199571 -0.054952 0.167125
-0.199569 -0.054950 0.167125
-0.199568 -0.054946 0.167127
-0.199567 -0.054946 0.167125
-0.199565 -0.054944 0.167125
-0.199565 -0.054943 0.167125
-0.199566 -0.054943 0.167125
-0.199564 -0.054941 0.167126
-0.199566 -0.054941 0.167126
-0.199567 -0.054941 0.167126
-0.199567 -0.054941 0.167126
-0.199567 -0.054941 0.167126
-0.199569 -0.054942 0.167125
-0.199575 -0.054942 0.167127
-0.199578 -0.054943 0.167127
-0.199581 -0.054942 0.167127
-0.199585 -0.054941 0.167127
-0.199587 -0.054939 0.167128
-0.199588 -0.054937 0.167129
-0.199589 -0.054934 0.167130
-0.199588 -0.054931 0.167131
-0.199588 -0.054929 0.167131
-0.199586 -0.054928 0.167132
-0.199584 -0.054926 0.167132
-0.199582 -0.054926 0.167132
-0.199580 -0.054924 0.167133
-0.199578 -0.054924 0.167133
-0.199578 -0.054923 0.167133
-0.199580 -0.054924 0.167133
-0.199581 -0.054926 0.167133
-0.199587 -0.054927 0.167132
-0.199588 -0.054926 0.167132
-0.199591 -0.054928 0.167133
-0.199594 -0.054928 0.167133
-0.199598 -0.054929 0.167133
-0.199598 -0.054929 0.167133
-0.199599 -0.054930 0.167132
-0.199596 -0.054930 0.167132
-0.199595 -0.054929 0.167133
-0.199593 -0.054927 0.167134
-0.199589 -0.054925 0.167134
-0.199584 -0.054923 0.167135
-0.199582 -0.054922 0.167137
-0.199581 -0.054919 0.167137
-0.199584 -0.054915 0.167138
-0.199584 -0.054909 0.167140
-0.199585 -0.054908 0.167140
-0.199589 -0.054908 0.167140
-0.199593 -0.054906 0.167141
-0.199599 -0.054905 0.167141
-0.199601 -0.054905 0.167141
-0.199603 -0.054904 0.167143
-0.199604 -0.054905 0.167142
-0.199605 -0.054905 0.167142
-0.199605 -0.054906 0.167144
-0.199603 -0.054907 0.167143
-0.199601 -0.054907 0.167144
-0.199601 -0.054909 0.167145
-0.199600 -0.054909 0.167145
-0.199596 -0.054909 0.167145
-0.199595 -0.054909 0.167145
-0.199594 -0.054907 0.167146
-0.199595 -0.054907 0.167147
-0.199595 -0.054906 0.167148
-0.199595 -0.054906 0.167148
-0.199595 -0.054906 0.167149
-0.199595 -0.054906 0.167149
-0.199598 -0.054905 0.167149
-0.199604 -0.054902 0.167152
-0.199605 -0.054902 0.167152
-0.199606 -0.054901 0.167151
-0.199606 -0.054901 0.167151
-0.199604 -0.054901 0.167151
-0.199601 -0.054902 0.167150
-0.199600 -0.054902 0.167150
-0.199598 -0.054903 0.167150
-0.199594 -0.054903 0.167150
-0.199589 -0.054904 0.167151
-0.199587 -0.054906 0.167152
-0.199585 -0.054904 0.167152
-0.199587 -0.054905 0.167154
-0.199588 -0.054903 0.167154
-0.199589 -0.054901 0.167155
-0.199591 -0.054899 0.167155
-0.199593 -0.054898 0.167156
-0.199595 -0.054898 0.167156
-0.199596 -0.054896 0.167155
-0.199595 -0.054894 0.167157
-0.199595 -0.054895 0.167158
-0.199593 -0.054892 0.167160
-0.199592 -0.054892 0.167160
-0.199591 -0.054892 0.167160
-0.199588 -0.054892 0.167160
-0.199586 -0.054891 0.167161
-0.199586 -0.054891 0.167161
-0.199585 -0.054890 0.167163
-0.199584 -0.054890 0.167163
-0.199587 -0.054890 0.167163
-0.199587 -0.054890 0.167163
-0.199588 -0.054890 0.167163
-0.199591 -0.054891 0.167164
-0.199595 -0.054892 0.167165
-0.199595 -0.054893 0.167166
-0.199596 -0.054893 0.167166
-0.199593 -0.054893 0.167166
-0.199592 -0.054893 0.167166
-0.199591 -0.054893 0.167167
-0.199589 -0.054894 0.167167
-0.199589 -0.054894 0.167167
-0.199587 -0.054893 0.167167
-0.199585 -0.054892 0.167167
-0.199585 -0.054889 0.167168
-0.199584 -0.054887 0.167170
-0.199586 -0.054886 0.167171
-0.199586 -0.054886 0.167171
-0.199588 -0.054884 0.167171
-0.199588 -0.054883 0.167172
-0.199590 -0.054882 0.167172
-0.199590 -0.054882 0.167172
-0.199590 -0.054882 0.167172
-0.199588 -0.054882 0.167172
-0.199588 -0.054882 0.167172
-0.199588 -0.054880 0.167173
-0.199588 -0.054881 0.167173
-0.199587 -0.054881 0.167173
-0.199587 -0.054881 0.167174
-0.199588 -0.054882 0.167173
-0.199588 -0.054882 0.167173
-0.199589 -0.054882 0.167173
-0.199589 -0.054882 0.167173
-0.199589 -0.054882 0.167173
-0.199591 -0.054881 0.167174
-0.199591 -0.054881 0.167174
-0.199591 -0.054880 0.167174
-0.199591 -0.054880 0.167174
-0.199592 -0.054880 0.167174
-0.199592 -0.054879 0.167175
-0.199591 -0.054879 0.167175
-0.199591 -0.054877 0.167175
-0.199591 -0.054876 0.167175
-0.199591 -0.054875 0.167176
-0.199589 -0.054873 0.167176
-0.199589 -0.054874 0.167178
-0.199589 -0.054874 0.167178
-0.199588 -0.054874 0.167178
-0.199587 -0.054874 0.167178
-0.199587 -0.054874 0.167178
-0.199587 -0.054872 0.167178
-0.199587 -0.054872 0.167178
-0.199587 -0.054872 0.167178
-0.199587 -0.054872 0.167178
-0.199587 -0.054872 0.167178
-0.199587 -0.054872 0.167178
-0.199585 -0.054872 0.167178
-0.199585 -0.054872 0.167178
-0.199587 -0.054874 0.167178
-0.199588 -0.054874 0.167178
-0.199588 -0.054872 0.167178
-0.199588 -0.054872 0.167178
-0.199588 -0.054871 0.167178
-0.199588 -0.054871 0.167178
-0.199591 -0.054870 0.167179
-0.199591 -0.054868 0.167179
-0.199591 -0.054867 0.167180
-0.199590 -0.054867 0.167180
-0.199590 -0.054866 0.167180
-0.199591 -0.054866 0.167180
-0.199592 -0.054866 0.167180
-0.199592 -0.054866 0.167180
-0.199592 -0.054867 0.167180
-0.199592 -0.054867 0.167180
-0.199592 -0.054868 0.167179
-0.199592 -0.054868 0.167179
-0.199591 -0.054868 0.167179
-0.199591 -0.054868 0.167179
-0.199591 -0.054868 0.167179
-0.199590 -0.054868 0.167179
-0.199588 -0.054868 0.167179
-0.199587 -0.054870 0.167179
-0.199587 -0.054869 0.167178
-0.199587 -0.054869 0.167178
-0.199587 -0.054868 0.167178
-0.199586 -0.054868 0.167178
-0.199586 -0.054868 0.167178
-0.199586 -0.054868 0.167178
-0.199587 -0.054868 0.167178
-0.199588 -0.054868 0.167178
-0.199588 -0.054868 0.167178
-0.199588 -0.054868 0.167178
-0.199588 -0.054868 0.167178
-0.199588 -0.054868 0.167178
-0.199588 -0.054867 0.167178
-0.199588 -0.054867 0.167178
-0.199588 -0.054867 0.167178
-0.199588 -0.054867 0.167180
-0.199588 -0.054867 0.167180
-0.199588 -0.054867 0.167180
-0.199588 -0.054867 0.167180
-0.199588 -0.054867 0.167180
-0.199588 -0.054867 0.167180
-0.199588 -0.054867 0.167180
-0.199588 -0.054868 0.167179
-0.199588 -0.054868 0.167179
-0.199588 -0.054868 0.167179
-0.199588 -0.054868 0.167179
-0.199588 -0.054867 0.167181
-0.199588 -0.054867 0.167181
-0.199590 -0.054867 0.167181
-0.199590 -0.054867 0.167181
-0.199588 -0.054867 0.167181
-0.199587 -0.054867 0.167181
-0.199586 -0.054867 0.167181
-0.199586 -0.054867 0.167181
-0.199584 -0.054867 0.167181
-0.199584 -0.054866 0.167181
-0.199584 -0.054866 0.167181
-0.199583 -0.054866 0.167181
-0.199583 -0.054867 0.167181
-0.199583 -0.054867 0.167181
-0.199584 -0.054868 0.167182
-0.199586 -0.054868 0.167182
-0.199587 -0.054868 0.167182
-0.199588 -0.054868 0.167182
-0.199590 -0.054868 0.167182
-0.199590 -0.054868 0.167182
-0.199591 -0.054869 0.167182
-0.199591 -0.054869 0.167182
-0.199592 -0.054869 0.167182
-0.199592 -0.054869 0.167182
-0.199592 -0.054869 0.167182
-0.199591 -0.054868 0.167182
-0.199591 -0.054868 0.167182
-0.199588 -0.054868 0.167182
-0.199588 -0.054868 0.167182
-0.199587 -0.054868 0.167182
-0.199587 -0.054868 0.167182
-0.199587 -0.054867 0.167183
-0.199586 -0.054867 0.167183
-0.199587 -0.054867 0.167183
-0.199588 -0.054867 0.167183
-0.199589 -0.054867 0.167183
-0.199589 -0.054867 0.167183
-0.199591 -0.054867 0.167183
-0.199591 -0.054866 0.167183
-0.199591 -0.054866 0.167183
-0.199591 -0.054866 0.167183
-0.199592 -0.054865 0.167183
-0.199591 -0.054867 0.167183
-0.199590 -0.054867 0.167183
-0.199588 -0.054867 0.167183
-0.199587 -0.054867 0.167183
-0.199587 -0.054867 0.167183
-0.199587 -0.054867 0.167183
-0.199587 -0.054866 0.167183
-0.199586 -0.054866 0.167183
-0.199588 -0.054866 0.167183
-0.199591 -0.054868 0.167182
-0.199594 -0.054868 0.167182
-0.199596 -0.054868 0.167182
-0.199600 -0.054868 0.167182
-0.199600 -0.054868 0.167182
-0.199603 -0.054867 0.167182
-0.199603 -0.054867 0.167182
-0.199602 -0.054866 0.167182
-0.199602 -0.054866 0.167182
-0.199599 -0.054866 0.167182
-0.199595 -0.054865 0.167182
-0.199595 -0.054865 0.167182
-0.199594 -0.054865 0.167182
-0.199593 -0.054865 0.167182
-0.199589 -0.054867 0.167181
-0.199587 -0.054867 0.167181
-0.199589 -0.054867 0.167181
-0.199589 -0.054867 0.167181
-0.199593 -0.054867 0.167181
-0.199594 -0.054867 0.167181
-0.199595 -0.054866 0.167182
-0.199597 -0.054867 0.167183
-0.199598 -0.054867 0.167183
-0.199598 -0.054867 0.167183
-0.199598 -0.054867 0.167183
-0.199598 -0.054865 0.167183
-0.199597 -0.054866 0.167184
-0.199594 -0.054866 0.167184
-0.199592 -0.054866 0.167184
-0.199592 -0.054867 0.167184
-0.199590 -0.054868 0.167184
-0.199590 -0.054868 0.167184
-0.199589 -0.054868 0.167184
-0.199592 -0.054867 0.167184
-0.199594 -0.054867 0.167184
-0.199597 -0.054866 0.167184
-0.199598 -0.054866 0.167184
-0.199604 -0.054865 0.167185
-0.199604 -0.054865 0.167185
-0.199602 -0.054864 0.167184
-0.199601 -0.054865 0.167183
-0.199596 -0.054866 0.167183
-0.199593 -0.054866 0.167183
-0.199591 -0.054866 0.167184
-0.199589 -0.054866 0.167184
-0.199589 -0.054866 0.167184
-0.199592 -0.054868 0.167185
-0.199596 -0.054866 0.167186
-0.199598 -0.054864 0.167186
-0.199599 -0.054864 0.167187
-0.199602 -0.054863 0.167187
-0.199599 -0.054863 0.167187
-0.199596 -0.054862 0.167187
-0.199594 -0.054862 0.167187
-0.199593 -0.054861 0.167189
-0.199592 -0.054861 0.167189
-0.199592 -0.054863 0.167190
-0.199594 -0.054864 0.167189
-0.199597 -0.054864 0.167189
-0.199600 -0.054864 0.167189
-0.199604 -0.054864 0.167189
-0.199604 -0.054864 0.167189
-0.199605 -0.054864 0.167188
-0.199604 -0.054864 0.167188
-0.199602 -0.054864 0.167188
-0.199601 -0.054864 0.167188
-0.199600 -0.054864 0.167188
-0.199600 -0.054864 0.167188
-0.199600 -0.054864 0.167188
-0.199600 -0.054864 0.167188
-0.199600 -0.054864 0.167188
-0.199598 -0.054862 0.167189
-0.199600 -0.054862 0.167189
-0.199601 -0.054862 0.167189
-0.199601 -0.054862 0.167189
-0.199601 -0.054862 0.167189
-0.199601 -0.054862 0.167189
-0.199601 -0.054862 0.167189
-0.199601 -0.054863 0.167188
-0.199603 -0.054863 0.167188
-0.199603 -0.054862 0.167189
-0.199601 -0.054860 0.167189
-0.199601 -0.054860 0.167189
-0.199601 -0.054860 0.167189
-0.199599 -0.054859 0.167190
-0.199599 -0.054859 0.167190
-0.199600 -0.054858 0.167192
-0.199602 -0.054858 0.167192
-0.199602 -0.054858 0.167192
-0.199603 -0.054858 0.167192
-0.199604 -0.054858 0.167192
-0.199604 -0.054858 0.167192
-0.199604 -0.054856 0.167192
-0.199604 -0.054856 0.167192
-0.199603 -0.054858 0.167192
-0.199603 -0.054859 0.167191
-0.199603 -0.054859 0.167191
-0.199602 -0.054860 0.167191
-0.199600 -0.054860 0.167191
-0.199600 -0.054860 0.167191
-0.199600 -0.054860 0.167191
-0.199602 -0.054860 0.167191
-0.199602 -0.054861 0.167191
-0.199602 -0.054861 0.167191
-0.199602 -0.054861 0.167191
-0.199602 -0.054860 0.167191
-0.199603 -0.054860 0.167191
-0.199602 -0.054859 0.167193
-0.199601 -0.054859 0.167193
-0.199601 -0.054857 0.167193
-0.199601 -0.054857 0.167193
-0.199601 -0.054857 0.167193
-0.199601 -0.054856 0.167194
-0.199600 -0.054854 0.167194
-0.199601 -0.054854 0.167194
-0.199602 -0.054853 0.167195
-0.199602 -0.054853 0.167195
-0.199604 -0.054852 0.167195
-0.199604 -0.054852 0.167195
-0.199604 -0.054852 0.167195
-0.199604 -0.054852 0.167195
-0.199605 -0.054852 0.167195
-0.199604 -0.054853 0.167195
-0.199602 -0.054853 0.167193
-0.199602 -0.054854 0.167193
-0.199602 -0.054855 0.167193
-0.199601 -0.054855 0.167192
-0.199601 -0.054857 0.167193
-0.199600 -0.054856 0.167194
-0.199599 -0.054856 0.167194
-0.199599 -0.054856 0.167194
-0.199600 -0.054856 0.167194
-0.199600 -0.054856 0.167194
-0.199602 -0.054856 0.167194
-0.199602 -0.054856 0.167194
-0.199602 -0.054856 0.167194
-0.199602 -0.054857 0.167194
-0.199600 -0.054855 0.167194
-0.199599 -0.054856 0.167195
-0.199598 -0.054856 0.167195
-0.199598 -0.054854 0.167196
-0.199597 -0.054853 0.167196
-0.199597 -0.054853 0.167196
-0.199595 -0.054853 0.167196
-0.199595 -0.054852 0.167197
-0.199597 -0.054852 0.167197
-0.199598 -0.054852 0.167197
-0.199599 -0.054852 0.167197
-0.199601 -0.054852 0.167197
-0.199601 -0.054850 0.167197
-0.199601 -0.054852 0.167197
-0.199602 -0.054852 0.167198
-0.199599 -0.054852 0.167198
-0.199599 -0.054854 0.167199
-0.199598 -0.054853 0.167199
-0.199598 -0.054855 0.167198
-0.199597 -0.054855 0.167200
-0.199596 -0.054855 0.167200
-0.199596 -0.054855 0.167201
-0.199596 -0.054855 0.167201
-0.199596 -0.054855 0.167201
-0.199596 -0.054856 0.167201
-0.199596 -0.054856 0.167202
-0.199597 -0.054856 0.167202
-0.199595 -0.054854 0.167203
-0.199594 -0.054854 0.167203
-0.199594 -0.054854 0.167203
-0.199592 -0.054854 0.167203
-0.199591 -0.054854 0.167203
-0.199591 -0.054854 0.167203
-0.199591 -0.054854 0.167203
-0.199590 -0.054854 0.167204
-0.199591 -0.054853 0.167205
-0.199591 -0.054851 0.167205
-0.199591 -0.054852 0.167207
-0.199591 -0.054851 0.167207
-0.199593 -0.054850 0.167209
-0.199594 -0.054848 0.167209
-0.199595 -0.054847 0.167211
-0.199598 -0.054848 0.167212
-0.199595 -0.054845 0.167214
-0.199593 -0.054845 0.167217
-0.199593 -0.054842 0.167218
-0.199593 -0.054842 0.167218
-0.199592 -0.054842 0.167219
-0.199592 -0.054841 0.167220
-0.199592 -0.054841 0.167220
-0.199588 -0.054843 0.167222
-0.199582 -0.054844 0.167224
-0.199578 -0.054848 0.167225
-0.199571 -0.054850 0.167225
-0.199558 -0.054852 0.167224
-0.199546 -0.054857 0.167222
-0.199535 -0.054865 0.167220
-0.199522 -0.054873 0.167215
-0.199505 -0.054883 0.167210
-0.199487 -0.054893 0.167207
-0.199460 -0.054902 0.167202
-0.199427 -0.054909 0.167199
-0.199398 -0.054915 0.167195
-0.199360 -0.054924 0.167188
-0.199306 -0.054938 0.167183
-0.199262 -0.054949 0.167178
-0.199213 -0.054959 0.167173
-0.199152 -0.054970 0.167167
-0.199095 -0.054986 0.167161
-0.199045 -0.055009 0.167148
-0.199007 -0.055030 0.167137
-0.198957 -0.055063 0.167123
-0.198913 -0.055091 0.167107
-0.198853 -0.055126 0.167087
-0.198791 -0.055156 0.167074
-0.198673 -0.055202 0.167057
-0.198550 -0.055259 0.167036
-0.198436 -0.055328 0.167011
-0.198315 -0.055396 0.166984
-0.198191 -0.055459 0.166956
-0.198043 -0.055534 0.166919
-0.197901 -0.055603 0.166882
-0.197735 -0.055680 0.166845
-0.197560 -0.055757 0.166807
-0.197377 -0.055835 0.166766
-0.197186 -0.055913 0.166722
-0.197011 -0.055988 0.166678
-0.196840 -0.056069 0.166633
-0.196660 -0.056163 0.166587
-0.196494 -0.056250 0.166547
-0.196255 -0.056391 0.166493
-0.196150 -0.056451 0.166471
-0.196097 -0.056482 0.166460
-0.195895 -0.056593 0.166419
-0.195713 -0.056700 0.166379
-0.195529 -0.056812 0.166341
-0.195324 -0.056953 0.166289
-0.195162 -0.057105 0.166233
-0.195013 -0.057255 0.166179
-0.194830 -0.057414 0.166124
-0.194645 -0.057550 0.166078
-0.194437 -0.057700 0.166027
-0.194233 -0.057855 0.165969
-0.194028 -0.058015 0.165908
-0.193822 -0.058173 0.165846
-0.193621 -0.058320 0.165789
-0.193396 -0.058477 0.165727
-0.193189 -0.058613 0.165674
-0.192957 -0.058753 0.165613
-0.192747 -0.058891 0.165552
-0.192549 -0.059037 0.165484
-0.192372 -0.059168 0.165421
-0.192179 -0.059286 0.165362
-0.191958 -0.059397 0.165304
-0.191733 -0.059493 0.165251
-0.191502 -0.059598 0.165186
-0.191331 -0.059696 0.165125
-0.191214 -0.059767 0.165077
-0.190978 -0.059912 0.164977
-0.190865 -0.059980 0.164928
-0.190683 -0.060079 0.164847
-0.190441 -0.060183 0.164741
-0.190301 -0.060230 0.164680
-0.190057 -0.060295 0.164568
-0.189941 -0.060321 0.164504
-0.189738 -0.060372 0.164371
-0.189646 -0.060399 0.164306
-0.189426 -0.060434 0.164144
-0.189270 -0.060421 0.164034
-0.189088 -0.060376 0.163902
-0.188920 -0.060308 0.163768
-0.188754 -0.060219 0.163601
-0.188623 -0.060122 0.163423
-0.188512 -0.060015 0.163234
-0.188405 -0.059891 0.163058
-0.188272 -0.059731 0.162866
-0.188154 -0.059561 0.162682
-0.188064 -0.059399 0.162507
-0.187960 -0.059197 0.162307
-0.187862 -0.058999 0.162124
-0.187764 -0.058775 0.161921
-0.187679 -0.058553 0.161726
-0.187592 -0.058291 0.161500
-0.187503 -0.057993 0.161241
-0.187425 -0.057723 0.161020
-0.187327 -0.057399 0.160766
-0.187249 -0.057128 0.160550
-0.187200 -0.056916 0.160382
-0.187145 -0.056459 0.160028
-0.187130 -0.056095 0.159744
-0.187119 -0.055787 0.159508
-0.187083 -0.055464 0.159265
-0.187027 -0.055134 0.159038
-0.186950 -0.054751 0.158795
-0.186862 -0.054321 0.158531
-0.186795 -0.053960 0.158307
-0.186734 -0.053562 0.158064
-0.186687 -0.053205 0.157852
-0.186643 -0.052815 0.157620
-0.186612 -0.052468 0.157410
-0.186586 -0.052095 0.157192
-0.186557 -0.051764 0.157006
-0.186515 -0.051381 0.156797
-0.186477 -0.051083 0.156641
-0.186443 -0.050833 0.156513
-0.186407 -0.050616 0.156408
-0.186312 -0.050216 0.156231
-0.186261 -0.050013 0.156145
-0.186225 -0.049772 0.156036
-0.186205 -0.049582 0.155935
-0.186185 -0.049440 0.155856
-0.186152 -0.049296 0.155775
-0.186121 -0.049201 0.155717
-0.186041 -0.049008 0.155591
-0.185990 -0.048884 0.155501
-0.185948 -0.048783 0.155414
-0.185902 -0.048685 0.155323
-0.185844 -0.048599 0.155248
-0.185755 -0.048493 0.155169
-0.185653 -0.048392 0.155103
-0.185569 -0.048312 0.155056
-0.185487 -0.048222 0.155000
-0.185463 -0.048167 0.154946
-0.185438 -0.048107 0.154878
-0.185376 -0.048031 0.154818
-0.185290 -0.047944 0.154779
-0.185209 -0.047864 0.154758
-0.185120 -0.047779 0.154741
-0.185049 -0.047695 0.154725
-0.185014 -0.047630 0.154710
-0.184985 -0.047568 0.154685
-0.184938 -0.047505 0.154658
-0.184881 -0.047451 0.154638
-0.184812 -0.047390 0.154621
-0.184763 -0.047342 0.154617
-0.184714 -0.047296 0.154615
-0.184648 -0.047248 0.154618
-0.184585 -0.047210 0.154624
-0.184525 -0.047176 0.154630
-0.184476 -0.047148 0.154640
-0.184428 -0.047123 0.154653
-0.184339 -0.047084 0.154682
-0.184253 -0.047053 0.154708
-0.184144 -0.047024 0.154728
-0.184063 -0.047005 0.154738
-0.183968 -0.046980 0.154744
-0.183914 -0.046971 0.154745
-0.183860 -0.046969 0.154744
-0.183805 -0.046970 0.154750
-0.183728 -0.046966 0.154770
-0.183627 -0.046957 0.154798
-0.183520 -0.046944 0.154823
-0.183435 -0.046934 0.154840
-0.183357 -0.046931 0.154852
-0.183312 -0.046925 0.154857
-0.183264 -0.046916 0.154862
-0.183217 -0.046900 0.154870
-0.183140 -0.046879 0.154881
-0.183057 -0.046856 0.154885
-0.182999 -0.046837 0.154883
-0.182938 -0.046814 0.154881
-0.182866 -0.046785 0.154884
-0.182818 -0.046769 0.154890
-0.182767 -0.046753 0.154899
-0.182702 -0.046732 0.154915
-0.182644 -0.046714 0.154933
-0.182587 -0.046697 0.154949
-0.182532 -0.046679 0.154970
-0.182512 -0.046672 0.154979
-0.182492 -0.046664 0.154988
-0.182457 -0.046651 0.155004
-0.182405 -0.046631 0.155025
-0.182364 -0.046616 0.155037
-0.182261 -0.046589 0.155061
-0.182220 -0.046580 0.155069
-0.182160 -0.046557 0.155085
-0.182113 -0.046532 0.155104
-0.182085 -0.046506 0.155124
-0.182070 -0.046486 0.155144
-0.182058 -0.046471 0.155167
-0.182035 -0.046458 0.155187
-0.181991 -0.046443 0.155211
-0.181931 -0.046427 0.155235
-0.181865 -0.046408 0.155261
-0.181809 -0.046385 0.155283
-0.181762 -0.046353 0.155306
-0.181731 -0.046325 0.155325
-0.181699 -0.046297 0.155343
-0.181659 -0.046271 0.155364
-0.181616 -0.046246 0.155389
-0.181572 -0.046221 0.155414
-0.181532 -0.046194 0.155442
-0.181497 -0.046164 0.155469
-0.181475 -0.046134 0.155494
-0.181455 -0.046108 0.155516
-0.181430 -0.046084 0.155537
-0.181389 -0.046054 0.155565
-0.181356 -0.046034 0.155586
-0.181327 -0.046015 0.155604
-0.181311 -0.046002 0.155615
-0.181282 -0.045974 0.155643
-0.181254 -0.045952 0.155665
-0.181199 -0.045918 0.155698
-0.181135 -0.045885 0.155731
-0.181075 -0.045845 0.155773
-0.181042 -0.045816 0.155812
-0.181020 -0.045787 0.155856
-0.181000 -0.045760 0.155890
-0.180983 -0.045729 0.155925
-0.180976 -0.045701 0.155955
-0.180971 -0.045671 0.155987
-0.180972 -0.045667 0.155991
-0.180959 -0.045614 0.156040
-0.180928 -0.045577 0.156068
-0.180889 -0.045543 0.156091
-0.180842 -0.045508 0.156114
-0.180795 -0.045473 0.156135
-0.180760 -0.045445 0.156152
-0.180736 -0.045420 0.156168
-0.180718 -0.045396 0.156184
-0.180696 -0.045367 0.156205
-0.180647 -0.045340 0.156227
-0.180567 -0.045308 0.156255
-0.180486 -0.045275 0.156292
-0.180442 -0.045245 0.156332
-0.180441 -0.045229 0.156374
-0.180439 -0.045218 0.156402
-0.180421 -0.045209 0.156424
-0.180373 -0.045186 0.156452
-0.180323 -0.045163 0.156474
-0.180281 -0.045137 0.156497
-0.180247 -0.045108 0.156515
-0.180236 -0.045084 0.156522
-0.180234 -0.045064 0.156529
-0.180235 -0.045054 0.156532
-0.180234 -0.045030 0.156538
-0.180226 -0.045015 0.156543
-0.180219 -0.045001 0.156547
-0.180217 -0.044988 0.156550
-0.180215 -0.044981 0.156552
-0.180201 -0.044976 0.156553
-0.180174 -0.044971 0.156553
-0.180153 -0.044967 0.156555
-0.180097 -0.044954 0.156557
-0.180065 -0.044948 0.156559
-0.180039 -0.044944 0.156561
-0.179999 -0.044936 0.156561
-0.179960 -0.044926 0.156561
-0.179916 -0.044914 0.156564
-0.179863 -0.044900 0.156564
-0.179815 -0.044886 0.156564
-0.179780 -0.044875 0.156565
-0.179745 -0.044863 0.156566
-0.179712 -0.044851 0.156567
-0.179688 -0.044843 0.156568
-0.179652 -0.044829 0.156567
-0.179598 -0.044809 0.156569
-0.179561 -0.044795 0.156570
-0.179523 -0.044783 0.156570
-0.179478 -0.044772 0.156569
-0.179437 -0.044761 0.156569
-0.179404 -0.044752 0.156567
-0.179381 -0.044747 0.156567
-0.179363 -0.044745 0.156567
-0.179351 -0.044744 0.156569
-0.179339 -0.044744 0.156570
-0.179316 -0.044744 0.156574
-0.179293 -0.044745 0.156577
-0.179267 -0.044749 0.156581
-0.179255 -0.044750 0.156584
-0.179219 -0.044755 0.156599
-0.179191 -0.044761 0.156613
-0.179162 -0.044765 0.156623
-0.179117 -0.044769 0.156639
-0.179070 -0.044774 0.156657
-0.179021 -0.044775 0.156676
-0.178979 -0.044775 0.156688
-0.178919 -0.044773 0.156701
-0.178859 -0.044766 0.156711
-0.178810 -0.044757 0.156719
-0.178782 -0.044751 0.156725
-0.178708 -0.044735 0.156734
-0.178653 -0.044721 0.156738
-0.178615 -0.044709 0.156740
-0.178584 -0.044702 0.156741
-0.178538 -0.044693 0.156745
-0.178484 -0.044679 0.156752
-0.178444 -0.044670 0.156756
-0.178411 -0.044665 0.156762
-0.178392 -0.044663 0.156763
-0.178337 -0.044666 0.156768
-0.178290 -0.044670 0.156774
-0.178252 -0.044671 0.156780
-0.178217 -0.044675 0.156784
-0.178164 -0.044684 0.156789
-0.178099 -0.044700 0.156793
-0.178048 -0.044721 0.156796
-0.178006 -0.044742 0.156799
-0.177960 -0.044770 0.156801
-0.177891 -0.044814 0.156801
-0.177826 -0.044884 0.156796
-0.177784 -0.044951 0.156786
-0.177751 -0.045006 0.156775
-0.177716 -0.045058 0.156762
-0.177669 -0.045116 0.156747
-0.177623 -0.045160 0.156736
-0.177579 -0.045199 0.156725
-0.177534 -0.045239 0.156716
-0.177469 -0.045298 0.156706
-0.177402 -0.045359 0.156699
-0.177351 -0.045408 0.156697
-0.177285 -0.045473 0.156696
-0.177224 -0.045531 0.156693
-0.177163 -0.045592 0.156688
-0.177095 -0.045663 0.156682
-0.177046 -0.045717 0.156678
-0.177007 -0.045763 0.156673
-0.176963 -0.045822 0.156666
-0.176918 -0.045880 0.156657
-0.176876 -0.045939 0.156649
-0.176826 -0.046006 0.156637
-0.176771 -0.046069 0.156624
-0.176712 -0.046133 0.156609
-0.176645 -0.046198 0.156593
-0.176585 -0.046255 0.156578
-0.176537 -0.046304 0.156564
-0.176478 -0.046361 0.156548
-0.176403 -0.046437 0.156528
-0.176341 -0.046505 0.156511
-0.176287 -0.046561 0.156497
-0.176246 -0.046609 0.156486
-0.176196 -0.046668 0.156474
-0.176149 -0.046731 0.156463
-0.176140 -0.046741 0.156462
-0.176048 -0.046861 0.156440
-0.175997 -0.046925 0.156427
-0.175988 -0.046934 0.156426
-0.175887 -0.047053 0.156394
-0.175820 -0.047130 0.156370
-0.175765 -0.047199 0.156346
-0.175701 -0.047282 0.156315
-0.175634 -0.047368 0.156283
-0.175587 -0.047433 0.156258
-0.175488 -0.047563 0.156205
-0.175426 -0.047641 0.156171
-0.175361 -0.047721 0.156140
-0.175309 -0.047788 0.156112
-0.175232 -0.047885 0.156070
-0.175153 -0.047986 0.156027
-0.175074 -0.048089 0.155982
-0.175026 -0.048146 0.155955
-0.174921 -0.048281 0.155895
-0.174847 -0.048373 0.155854
-0.174801 -0.048435 0.155824
-0.174730 -0.048527 0.155781
-0.174644 -0.048632 0.155732
-0.174570 -0.048723 0.155687
-0.174520 -0.048785 0.155656
-0.174507 -0.048801 0.155648
-0.174349 -0.048990 0.155553
-0.174336 -0.049004 0.155545
-0.174242 -0.049111 0.155487
-0.174189 -0.049174 0.155452
-0.174089 -0.049282 0.155390
-0.173952 -0.049424 0.155306
-0.173854 -0.049516 0.155248
-0.173769 -0.049593 0.155198
-0.173647 -0.049702 0.155126
-0.173541 -0.049796 0.155062
-0.173523 -0.049811 0.155051
-0.173397 -0.049919 0.154973
-0.173221 -0.050058 0.154864
-0.173117 -0.050134 0.154802
-0.172992 -0.050226 0.154725
-0.172971 -0.050241 0.154712
-0.172823 -0.050351 0.154616
-0.172610 -0.050511 0.154472
-0.172589 -0.050528 0.154458
-0.172438 -0.050639 0.154353
-0.172221 -0.050799 0.154199
-0.172087 -0.050899 0.154101
-0.171971 -0.050985 0.154017
-0.171826 -0.051085 0.153914
-0.171802 -0.051102 0.153896
-0.171492 -0.051294 0.153685
-0.171324 -0.051389 0.153576
-0.171147 -0.051484 0.153462
-0.170962 -0.051575 0.153347
-0.170767 -0.051664 0.153227
-0.170634 -0.051719 0.153144
-0.170397 -0.051811 0.152993
-0.170130 -0.051911 0.152815
-0.169890 -0.051998 0.152647
-0.169617 -0.052093 0.152446
-0.169337 -0.052177 0.152228
-0.169081 -0.052244 0.152025
-0.168830 -0.052307 0.151827
-0.168496 -0.052385 0.151567
-0.168194 -0.052446 0.151331
-0.167856 -0.052510 0.151066
-0.167595 -0.052560 0.150854
-0.167372 -0.052602 0.150673
-0.167034 -0.052661 0.150403
-0.166725 -0.052709 0.150158
-0.166448 -0.052748 0.149941
-0.166368 -0.052758 0.149878
-0.165924 -0.052819 0.149534
-0.165476 -0.052881 0.149191
-0.165119 -0.052930 0.148914
-0.164833 -0.052966 0.148697
-0.164499 -0.053003 0.148436
-0.164164 -0.053037 0.148164
-0.163834 -0.053070 0.147899
-0.163506 -0.053099 0.147629
-0.163215 -0.053122 0.147385
-0.163051 -0.053132 0.147244
-0.162828 -0.053144 0.147052
-0.162571 -0.053153 0.146821
-0.162365 -0.053160 0.146636
-0.162119 -0.053166 0.146411
-0.161917 -0.053171 0.146225
-0.161600 -0.053178 0.145930
-0.161365 -0.053183 0.145710
-0.161128 -0.053187 0.145492
-0.160931 -0.053190 0.145312
-0.160659 -0.053193 0.145065
-0.160464 -0.053195 0.144890
-0.160193 -0.053195 0.144648
-0.160154 -0.053196 0.144613
-0.159732 -0.053198 0.144246
-0.159507 -0.053201 0.144056
-0.159281 -0.053201 0.143867
-0.159093 -0.053198 0.143709
-0.158867 -0.053195 0.143514
-0.158867 -0.053195 0.143514
-0.158829 -0.053194 0.143482
-0.158539 -0.053183 0.143220
-0.158119 -0.053161 0.142837
-0.158119 -0.053161 0.142837
-0.157909 -0.053147 0.142649
-0.157696 -0.053132 0.142460
-0.157489 -0.053114 0.142272
-0.156985 -0.053061 0.141810
-0.156794 -0.053040 0.141632
-0.156602 -0.053019 0.141456
-0.156416 -0.052996 0.141283
-0.156353 -0.052987 0.141225
-0.156322 -0.052984 0.141197
-0.156141 -0.052957 0.141027
-0.155965 -0.052930 0.140862
-0.155824 -0.052908 0.140727
-0.155657 -0.052884 0.140571
-0.155486 -0.052860 0.140415
-0.155311 -0.052833 0.140262
-0.155164 -0.052809 0.140138
-0.154989 -0.052783 0.139996
-0.154810 -0.052759 0.139860
-0.154630 -0.052740 0.139731
-0.154444 -0.052722 0.139609
-0.154257 -0.052705 0.139489
-0.154071 -0.052686 0.139370
-0.153918 -0.052672 0.139273
-0.153537 -0.052641 0.139039
-0.153366 -0.052633 0.138938
-0.153192 -0.052624 0.138837
-0.153049 -0.052615 0.138753
-0.153049 -0.052615 0.138753
-0.152732 -0.052594 0.138568
-0.152561 -0.052585 0.138469
-0.152335 -0.052575 0.138343
-0.152142 -0.052566 0.138235
-0.151982 -0.052559 0.138147
-0.151776 -0.052553 0.138038
-0.151751 -0.052552 0.138024
-0.151552 -0.052549 0.137929
-0.151432 -0.052550 0.137877
-0.151292 -0.052552 0.137822
-0.151153 -0.052553 0.137771
-0.150886 -0.052556 0.137678
-0.150761 -0.052559 0.137636
-0.150618 -0.052561 0.137588
-0.150387 -0.052559 0.137523
-0.150344 -0.052559 0.137511
-0.150114 -0.052551 0.137457
-0.150075 -0.052548 0.137449
-0.149961 -0.052545 0.137424
-0.149850 -0.052542 0.137402
-0.149760 -0.052538 0.137388
-0.149582 -0.052529 0.137369
-0.149462 -0.052524 0.137368
-0.149383 -0.052522 0.137374
-0.149289 -0.052521 0.137385
-0.149194 -0.052520 0.137402
-0.149118 -0.052521 0.137422
-0.148945 -0.052523 0.137477
-0.148764 -0.052526 0.137551
-0.148751 -0.052527 0.137557
-0.148671 -0.052530 0.137595
-0.148597 -0.052534 0.137630
-0.148531 -0.052537 0.137659
-0.148400 -0.052534 0.137701
-0.148343 -0.052532 0.137713
-0.148292 -0.052528 0.137725
-0.148226 -0.052524 0.137738
-0.148171 -0.052521 0.137749
-0.148107 -0.052518 0.137760
-0.148064 -0.052518 0.137768
-0.148025 -0.052519 0.137777
-0.148000 -0.052522 0.137783
-0.147973 -0.052533 0.137796
-0.147958 -0.052548 0.137815
-0.147946 -0.052563 0.137834
-0.147942 -0.052584 0.137860
-0.147936 -0.052604 0.137884
-0.147931 -0.052623 0.137908
-0.147928 -0.052652 0.137943
-0.147922 -0.052679 0.137979
-0.147912 -0.052703 0.138014
-0.147910 -0.052706 0.138018
-0.147901 -0.052727 0.138047
-0.147897 -0.052747 0.138072
-0.147908 -0.052778 0.138107
-0.147928 -0.052805 0.138132
-0.148000 -0.052868 0.138180
-0.148049 -0.052907 0.138204
-0.148095 -0.052943 0.138225
-0.148184 -0.053017 0.138264
-0.148193 -0.053025 0.138268
-0.148239 -0.053065 0.138286
-0.148283 -0.053104 0.138303
-0.148367 -0.053181 0.138328
-0.148440 -0.053248 0.138341
-0.148457 -0.053263 0.138344
-0.148512 -0.053304 0.138349
-0.148607 -0.053379 0.138360
-0.148617 -0.053390 0.138363
-0.148690 -0.053458 0.138380
-0.148750 -0.053520 0.138399
-0.148814 -0.053581 0.138425
-0.148963 -0.053712 0.138496
-0.149038 -0.053782 0.138537
-0.149119 -0.053867 0.138586
-0.149196 -0.053967 0.138643
-0.149319 -0.054134 0.138734
-0.149412 -0.054244 0.138790
-0.149517 -0.054359 0.138840
-0.149567 -0.054411 0.138861
-0.149694 -0.054535 0.138907
-0.149789 -0.054623 0.138940
-0.150026 -0.054828 0.139018
-0.150048 -0.054847 0.139027
-0.150176 -0.054954 0.139065
-0.150422 -0.055172 0.139139
-0.150648 -0.055384 0.139208
-0.150805 -0.055518 0.139245
-0.150962 -0.055639 0.139273
-0.151140 -0.055758 0.139298
-0.151421 -0.055922 0.139334
-0.151665 -0.056049 0.139367
-0.151930 -0.056178 0.139402
-0.152294 -0.056346 0.139455
-0.152587 -0.056474 0.139497
-0.152636 -0.056495 0.139504
-0.152872 -0.056597 0.139541
-0.153394 -0.056813 0.139622
-0.153615 -0.056902 0.139659
-0.153888 -0.057010 0.139702
-0.154401 -0.057206 0.139783
-0.154942 -0.057399 0.139870
-0.155305 -0.057519 0.139929
-0.155775 -0.057669 0.140009
-0.156169 -0.057792 0.140078
-0.156501 -0.057889 0.140137
-0.156889 -0.057996 0.140209
-0.157245 -0.058091 0.140272
-0.157670 -0.058200 0.140347
-0.158050 -0.058294 0.140413
-0.158432 -0.058381 0.140478
-0.158868 -0.058477 0.140553
-0.159144 -0.058533 0.140600
-0.159654 -0.058635 0.140689
-0.160052 -0.058708 0.140762
-0.160381 -0.058765 0.140825
-0.160857 -0.058839 0.140914
-0.160907 -0.058847 0.140923
-0.161307 -0.058900 0.140996
-0.161643 -0.058936 0.141060
-0.162009 -0.058973 0.141129
-0.162662 -0.059031 0.141260
-0.163058 -0.059060 0.141343
-0.163412 -0.059078 0.141423
-0.163739 -0.059093 0.141502
-0.164190 -0.059116 0.141607
-0.164618 -0.059138 0.141707
-0.165089 -0.059155 0.141818
-0.165552 -0.059168 0.141926
-0.166071 -0.059180 0.142041
-0.166489 -0.059191 0.142132
-0.166988 -0.059206 0.142235
-0.167479 -0.059219 0.142335
-0.168047 -0.059233 0.142445
-0.168479 -0.059246 0.142529
-0.168974 -0.059264 0.142626
-0.169539 -0.059285 0.142741
-0.170045 -0.059304 0.142845
-0.170489 -0.059319 0.142936
-0.171081 -0.059342 0.143051
-0.171589 -0.059363 0.143150
-0.172174 -0.059389 0.143261
-0.172705 -0.059415 0.143357
-0.173263 -0.059438 0.143455
-0.173894 -0.059464 0.143563
-0.174457 -0.059489 0.143657
-0.175005 -0.059510 0.143747
-0.175559 -0.059525 0.143841
-0.176189 -0.059536 0.143949
-0.176719 -0.059543 0.144036
-0.177306 -0.059544 0.144132
-0.177886 -0.059541 0.144229
-0.178533 -0.059531 0.144334
-0.179011 -0.059520 0.144414
-0.179619 -0.059500 0.144520
-0.180144 -0.059479 0.144613
-0.180790 -0.059445 0.144733
-0.181260 -0.059417 0.144824
-0.181825 -0.059378 0.144936
-0.182446 -0.059334 0.145064
-0.182902 -0.059299 0.145161
-0.183464 -0.059254 0.145285
-0.184063 -0.059197 0.145425
-0.184564 -0.059146 0.145547
-0.185060 -0.059094 0.145673
-0.185545 -0.059041 0.145804
-0.186097 -0.058979 0.145960
-0.186598 -0.058921 0.146106
-0.187163 -0.058860 0.146278
-0.187672 -0.058806 0.146437
-0.188159 -0.058751 0.146584
-0.188651 -0.058690 0.146729
-0.189256 -0.058610 0.146894
-0.189626 -0.058559 0.146989
-0.190182 -0.058482 0.147128
-0.190811 -0.058386 0.147274
-0.191365 -0.058293 0.147392
-0.191783 -0.058218 0.147478
-0.192346 -0.058118 0.147594
-0.192831 -0.058037 0.147696
-0.193380 -0.057944 0.147815
-0.193521 -0.057920 0.147847
-0.194469 -0.057762 0.148059
-0.194979 -0.057687 0.148180
-0.195489 -0.057616 0.148304
-0.195956 -0.057553 0.148420
-0.196502 -0.057486 0.148552
-0.196975 -0.057431 0.148666
-0.197524 -0.057373 0.148799
-0.198070 -0.057320 0.148927
-0.198621 -0.057268 0.149051
-0.199091 -0.057224 0.149157
-0.199552 -0.057184 0.149259
-0.200057 -0.057136 0.149372
-0.200549 -0.057082 0.149481
-0.200970 -0.057032 0.149578
-0.201436 -0.056978 0.149684
-0.201901 -0.056929 0.149785
-0.202312 -0.056892 0.149872
-0.202778 -0.056850 0.149968
-0.203170 -0.056814 0.150049
-0.203610 -0.056774 0.150145
-0.203990 -0.056742 0.150231
-0.204373 -0.056716 0.150318
-0.204808 -0.056694 0.150421
-0.205222 -0.056677 0.150524
-0.205553 -0.056663 0.150616
-0.205908 -0.056648 0.150722
-0.206206 -0.056635 0.150815
-0.206493 -0.056624 0.150909
-0.206806 -0.056613 0.151015
-0.207098 -0.056603 0.151120
-0.207333 -0.056593 0.151204
-0.207560 -0.056583 0.151283
-0.207811 -0.056575 0.151363
-0.208064 -0.056573 0.151443
-0.208289 -0.056579 0.151511
-0.208544 -0.056589 0.151584
-0.208791 -0.056603 0.151654
-0.208969 -0.056616 0.151704
-0.209188 -0.056631 0.151770
-0.209388 -0.056647 0.151836
-0.209577 -0.056660 0.151906
-0.209729 -0.056667 0.151964
-0.209884 -0.056675 0.152027
-0.210021 -0.056686 0.152087
-0.210112 -0.056695 0.152132
-0.210240 -0.056712 0.152200
-0.210342 -0.056726 0.152252
-0.210455 -0.056747 0.152310
-0.210532 -0.056765 0.152354
-0.210627 -0.056796 0.152421
-0.210700 -0.056825 0.152478
-0.210759 -0.056850 0.152527
-0.210827 -0.056883 0.152577
-0.210889 -0.056920 0.152617
-0.210952 -0.056968 0.152655
-0.211025 -0.057031 0.152693
-0.211096 -0.057100 0.152724
-0.211156 -0.057173 0.152750
-0.211193 -0.057230 0.152768
-0.211227 -0.057310 0.152793
-0.211244 -0.057392 0.152822
-0.211248 -0.057465 0.152850
-0.211245 -0.057509 0.152865
-0.211245 -0.057509 0.152865
-0.211238 -0.057554 0.152882
-0.211200 -0.057710 0.152934
-0.211145 -0.057915 0.152992
-0.211102 -0.058024 0.153014
-0.211052 -0.058123 0.153026
-0.210985 -0.058231 0.153035
-0.210921 -0.058318 0.153041
-0.210856 -0.058400 0.153042
-0.210788 -0.058481 0.153039
-0.210766 -0.058503 0.153038
-0.210622 -0.058673 0.153022
-0.210600 -0.058696 0.153019
-0.210449 -0.058858 0.152995
-0.210358 -0.058949 0.152978
-0.210345 -0.058962 0.152975
-0.210131 -0.059180 0.152943
-0.210048 -0.059261 0.152932
-0.209910 -0.059384 0.152921
-0.209809 -0.059470 0.152912
-0.209681 -0.059566 0.152901
-0.209532 -0.059675 0.152889
-0.209374 -0.059784 0.152873
-0.209222 -0.059878 0.152858
-0.209003 -0.059989 0.152841
-0.208817 -0.060068 0.152826
-0.208632 -0.060139 0.152814
-0.208444 -0.060203 0.152803
-0.208221 -0.060267 0.152788
-0.208013 -0.060319 0.152776
-0.207772 -0.060377 0.152759
-0.207563 -0.060427 0.152741
-0.207357 -0.060478 0.152724
-0.207146 -0.060527 0.152707
-0.206863 -0.060589 0.152686
-0.206633 -0.060632 0.152668
-0.206364 -0.060675 0.152649
-0.206082 -0.060712 0.152628
-0.205871 -0.060735 0.152614
-0.205580 -0.060763 0.152594
-0.205300 -0.060788 0.152572
-0.204967 -0.060811 0.152545
-0.204723 -0.060822 0.152524
-0.204360 -0.060829 0.152498
-0.204098 -0.060828 0.152483
-0.203744 -0.060823 0.152469
-0.203369 -0.060818 0.152460
-0.203128 -0.060821 0.152456
-0.202812 -0.060822 0.152454
-0.202497 -0.060820 0.152455
-0.202256 -0.060813 0.152457
-0.201931 -0.060802 0.152455
-0.201633 -0.060792 0.152454
-0.201350 -0.060782 0.152455
-0.201032 -0.060774 0.152458
-0.200757 -0.060767 0.152459
-0.200474 -0.060759 0.152458
-0.200140 -0.060745 0.152458
-0.199904 -0.060735 0.152460
-0.199575 -0.060723 0.152464
-0.199348 -0.060716 0.152467
-0.199036 -0.060705 0.152470
-0.198810 -0.060694 0.152473
-0.198493 -0.060681 0.152478
-0.198213 -0.060666 0.152482
-0.198122 -0.060661 0.152485
-0.197584 -0.060631 0.152496
-0.197372 -0.060621 0.152501
-0.197077 -0.060607 0.152511
-0.196862 -0.060593 0.152518
-0.196549 -0.060570 0.152530
-0.196273 -0.060544 0.152540
-0.195994 -0.060512 0.152553
-0.195661 -0.060472 0.152569
-0.195423 -0.060443 0.152580
-0.195083 -0.060402 0.152594
-0.194836 -0.060372 0.152607
-0.194488 -0.060324 0.152624
-0.194180 -0.060277 0.152641
-0.193866 -0.060227 0.152660
-0.193556 -0.060181 0.152676
-0.193248 -0.060137 0.152694
-0.193095 -0.060117 0.152704
-0.192785 -0.060075 0.152723
-0.192574 -0.060046 0.152736
-0.192305 -0.060005 0.152753
-0.192023 -0.059957 0.152771
-0.191755 -0.059906 0.152786
-0.191399 -0.059834 0.152807
-0.191131 -0.059780 0.152821
-0.190783 -0.059711 0.152836
-0.190484 -0.059653 0.152846
-0.190143 -0.059584 0.152854
-0.189846 -0.059520 0.152861
-0.189456 -0.059430 0.152870
-0.189157 -0.059358 0.152877
-0.188824 -0.059278 0.152886
-0.188534 -0.059210 0.152894
-0.188168 -0.059128 0.152900
-0.187888 -0.059069 0.152903
-0.187574 -0.059005 0.152904
-0.187302 -0.058950 0.152906
-0.186984 -0.058886 0.152906
-0.186627 -0.058814 0.152906
-0.186315 -0.058754 0.152904
-0.186046 -0.058705 0.152901
-0.185741 -0.058648 0.152896
-0.185427 -0.058590 0.152890
-0.185146 -0.058536 0.152886
-0.184822 -0.058474 0.152879
-0.184503 -0.058411 0.152873
-0.184225 -0.058358 0.152869
-0.183905 -0.058295 0.152864
-0.183584 -0.058234 0.152857
-0.183255 -0.058172 0.152850
-0.182970 -0.058120 0.152844
-0.182642 -0.058059 0.152837
-0.182319 -0.057998 0.152829
-0.181999 -0.057942 0.152822
-0.181718 -0.057895 0.152813
-0.181392 -0.057841 0.152805
-0.181064 -0.057782 0.152797
-0.180737 -0.057727 0.152789
-0.180449 -0.057678 0.152778
-0.180118 -0.057624 0.152764
-0.179784 -0.057568 0.152747
-0.179459 -0.057514 0.152729
-0.179140 -0.057464 0.152710
-0.178828 -0.057412 0.152689
-0.178559 -0.057371 0.152671
-0.178260 -0.057325 0.152648
-0.177965 -0.057281 0.152626
-0.177668 -0.057238 0.152603
-0.177476 -0.057208 0.152587
-0.177223 -0.057169 0.152565
-0.177041 -0.057142 0.152550
-0.176822 -0.057108 0.152531
-0.176620 -0.057077 0.152512
-0.176403 -0.057047 0.152493
-0.176177 -0.057017 0.152473
-0.175995 -0.056991 0.152457
-0.175733 -0.056953 0.152431
-0.175526 -0.056921 0.152411
-0.175221 -0.056877 0.152384
-0.174983 -0.056844 0.152360
-0.174744 -0.056810 0.152339
-0.174474 -0.056774 0.152315
-0.174307 -0.056752 0.152300
-0.174079 -0.056724 0.152279
-0.173887 -0.056705 0.152259
-0.173665 -0.056682 0.152233
-0.173446 -0.056659 0.152207
-0.173294 -0.056643 0.152188
-0.172994 -0.056615 0.152147
-0.172762 -0.056596 0.152114
-0.172555 -0.056577 0.152083
-0.172346 -0.056556 0.152052
-0.172111 -0.056532 0.152016
-0.171881 -0.056511 0.151980
-0.171655 -0.056491 0.151944
-0.171460 -0.056474 0.151912
-0.171267 -0.056459 0.151881
-0.171080 -0.056445 0.151849
-0.170845 -0.056428 0.151808
-0.170666 -0.056413 0.151777
-0.170486 -0.056399 0.151745
-0.170305 -0.056386 0.151713
-0.170170 -0.056373 0.151690
-0.170015 -0.056361 0.151660
-0.169746 -0.056339 0.151607
-0.169589 -0.056325 0.151578
-0.169450 -0.056314 0.151549
-0.169244 -0.056293 0.151507
-0.169099 -0.056276 0.151478
-0.168909 -0.056252 0.151440
-0.168728 -0.056230 0.151401
-0.168568 -0.056212 0.151367
-0.168404 -0.056196 0.151330
-0.168228 -0.056182 0.151291
-0.168128 -0.056173 0.151271
-0.167996 -0.056162 0.151243
-0.167871 -0.056152 0.151218
-0.167762 -0.056142 0.151195
-0.167742 -0.056140 0.151190
-0.167523 -0.056123 0.151145
-0.167410 -0.056118 0.151122
-0.167300 -0.056113 0.151100
-0.167192 -0.056109 0.151079
-0.167082 -0.056103 0.151057
-0.167010 -0.056098 0.151043
-0.166895 -0.056089 0.151018
-0.166775 -0.056079 0.150990
-0.166694 -0.056076 0.150972
-0.166684 -0.056076 0.150970
-0.166587 -0.056099 0.150939
-0.166553 -0.056120 0.150926
-0.166518 -0.056134 0.150912
-0.166471 -0.056142 0.150901
-0.166411 -0.056139 0.150888
-0.166341 -0.056132 0.150875
-0.166243 -0.056120 0.150857
-0.166172 -0.056111 0.150845
-0.166112 -0.056107 0.150832
-0.166097 -0.056106 0.150830
-0.166018 -0.056108 0.150812
-0.165990 -0.056112 0.150805
-0.165956 -0.056120 0.150796
-0.165928 -0.056126 0.150790
-0.165896 -0.056130 0.150785
-0.165862 -0.056129 0.150780
-0.165817 -0.056120 0.150777
-0.165779 -0.056111 0.150775
-0.165744 -0.056102 0.150775
-0.165714 -0.056090 0.150775
-0.165694 -0.056079 0.150778
-0.165684 -0.056073 0.150781
-0.165682 -0.056068 0.150784
-0.165687 -0.056065 0.150789
-0.165691 -0.056062 0.150794
-0.165695 -0.056051 0.150805
-0.165696 -0.056040 0.150815
-0.165699 -0.056029 0.150825
-0.165706 -0.056018 0.150837
-0.165714 -0.056010 0.150848
-0.165717 -0.056007 0.150853
-0.165748 -0.055991 0.150877
-0.165769 -0.055984 0.150893
-0.165796 -0.055981 0.150908
-0.165802 -0.055981 0.150912
-0.165828 -0.055979 0.150927
-0.165882 -0.055977 0.150955
-0.165911 -0.055976 0.150970
-0.165935 -0.055974 0.150986
-0.165976 -0.055963 0.151016
-0.166018 -0.055949 0.151049
-0.166046 -0.055940 0.151066
-0.166081 -0.055934 0.151083
-0.166134 -0.055928 0.151102
-0.166175 -0.055923 0.151115
-0.166180 -0.055921 0.151116
-0.166213 -0.055916 0.151126
-0.166263 -0.055903 0.151145
-0.166289 -0.055894 0.151154
-0.166310 -0.055887 0.151162
-0.166338 -0.055881 0.151172
-0.166375 -0.055877 0.151181
-0.166405 -0.055873 0.151189
-0.166425 -0.055867 0.151195
-0.166495 -0.055846 0.151214
-0.166535 -0.055840 0.151222
-0.166568 -0.055841 0.151224
-0.166610 -0.055843 0.151227
-0.166653 -0.055845 0.151228
-0.166690 -0.055848 0.151229
-0.166704 -0.055850 0.151230
-0.166796 -0.055859 0.151227
-0.166834 -0.055861 0.151223
-0.166886 -0.055866 0.151214
-0.166936 -0.055874 0.151203
-0.166981 -0.055882 0.151191
-0.167034 -0.055888 0.151170
-0.167084 -0.055894 0.151145
-0.167132 -0.055901 0.151122
-0.167184 -0.055910 0.151096
-0.167241 -0.055922 0.151071
-0.167307 -0.055940 0.151042
-0.167371 -0.055961 0.151016
-0.167417 -0.055979 0.150996
-0.167476 -0.056005 0.150972
-0.167526 -0.056029 0.150951
-0.167590 -0.056061 0.150923
-0.167650 -0.056094 0.150893
-0.167695 -0.056122 0.150867
-0.167761 -0.056166 0.150822
-0.167801 -0.056195 0.150790
-0.167855 -0.056239 0.150743
-0.167908 -0.056288 0.150693
-0.167950 -0.056330 0.150651
-0.168011 -0.056394 0.150584
-0.168048 -0.056436 0.150537
-0.168102 -0.056506 0.150462
-0.168141 -0.056566 0.150401
-0.168181 -0.056629 0.150339
-0.168226 -0.056705 0.150264
-0.168268 -0.056785 0.150187
-0.168302 -0.056856 0.150116
-0.168332 -0.056927 0.150046
-0.168370 -0.057011 0.149957
-0.168406 -0.057088 0.149877
-0.168447 -0.057181 0.149782
-0.168487 -0.057279 0.149685
-0.168523 -0.057364 0.149598
-0.168556 -0.057452 0.149516
-0.168589 -0.057555 0.149418
-0.168615 -0.057653 0.149314
-0.168634 -0.057749 0.149206
-0.168643 -0.057821 0.149125
-0.168653 -0.057916 0.149019
-0.168662 -0.058002 0.148926
-0.168673 -0.058099 0.148821
-0.168686 -0.058196 0.148716
-0.168701 -0.058285 0.148624
-0.168725 -0.058388 0.148521
-0.168746 -0.058480 0.148434
-0.168761 -0.058569 0.148351
-0.168776 -0.058669 0.148259
-0.168792 -0.058760 0.148180
-0.168826 -0.058869 0.148088
-0.168876 -0.058977 0.147994
-0.168913 -0.059067 0.147912
-0.168932 -0.059151 0.147831
-0.168940 -0.059239 0.147740
-0.168938 -0.059319 0.147652
-0.168938 -0.059389 0.147578
-0.168957 -0.059462 0.147504
-0.169004 -0.059549 0.147421
-0.169055 -0.059629 0.147346
-0.169098 -0.059714 0.147260
-0.169108 -0.059788 0.147180
-0.169104 -0.059843 0.147115
-0.169109 -0.059899 0.147054
-0.169149 -0.059970 0.146982
-0.169203 -0.060038 0.146918
-0.169261 -0.060115 0.146844
-0.169287 -0.060174 0.146782
-0.169295 -0.060230 0.146725
-0.169310 -0.060297 0.146668
-0.169342 -0.060369 0.146617
-0.169379 -0.060442 0.146570
-0.169401 -0.060510 0.146522
-0.169409 -0.060551 0.146491
-0.169428 -0.060631 0.146435
-0.169458 -0.060686 0.146411
-0.169524 -0.060732 0.146400
-0.169558 -0.060746 0.146401
-0.169595 -0.060764 0.146405
-0.169628 -0.060815 0.146410
-0.169648 -0.060863 0.146429
-0.169647 -0.060881 0.146471
-0.169655 -0.060893 0.146547
-0.169698 -0.060917 0.146610
-0.169774 -0.060954 0.146689
-0.169852 -0.060962 0.146772
-0.169896 -0.060933 0.146842
-0.169934 -0.060899 0.146912
-0.169991 -0.060873 0.146983
-0.170072 -0.060839 0.147067
-0.170134 -0.060792 0.147137
-0.170185 -0.060732 0.147201
-0.170253 -0.060675 0.147260
-0.170350 -0.060635 0.147334
-0.170451 -0.060608 0.147427
-0.170543 -0.060575 0.147552
-0.170604 -0.060548 0.147669
-0.170680 -0.060534 0.147792
-0.170776 -0.060534 0.147919
-0.170868 -0.060537 0.148044
-0.170959 -0.060539 0.148190
-0.171018 -0.060538 0.148292
-0.171114 -0.060552 0.148428
-0.171214 -0.060578 0.148536
-0.171319 -0.060612 0.148639
-0.171418 -0.060645 0.148736
-0.171513 -0.060676 0.148834
-0.171615 -0.060714 0.148931
-0.171730 -0.060764 0.149030
-0.171836 -0.060816 0.149125
-0.171936 -0.060868 0.149219
-0.172027 -0.060928 0.149313
-0.172119 -0.060993 0.149409
-0.172215 -0.061061 0.149502
-0.172298 -0.061130 0.149596
-0.172380 -0.061218 0.149712
-0.172442 -0.061297 0.149809
-0.172492 -0.061365 0.149886
-0.172560 -0.061459 0.149995
-0.172609 -0.061537 0.150089
-0.172652 -0.061613 0.150177
-0.172704 -0.061703 0.150279
-0.172746 -0.061765 0.150354
-0.172817 -0.061848 0.150463
-0.172871 -0.061905 0.150542
-0.172949 -0.061981 0.150658
-0.173022 -0.062043 0.150763
-0.173087 -0.062090 0.150854
-0.173102 -0.062099 0.150873
-0.173169 -0.062143 0.150969
-0.173247 -0.062192 0.151089
-0.173301 -0.062223 0.151168
-0.173512 -0.062298 0.151435
-0.173629 -0.062316 0.151571
-0.173731 -0.062320 0.151690
-0.173830 -0.062317 0.151807
-0.173932 -0.062310 0.151922
-0.174063 -0.062288 0.152056
-0.174184 -0.062262 0.152175
-0.174304 -0.062224 0.152303
-0.174398 -0.062185 0.152413
-0.174541 -0.062128 0.152569
-0.174685 -0.062086 0.152700
-0.174840 -0.062043 0.152829
-0.175011 -0.061982 0.152977
-0.175154 -0.061918 0.153106
-0.175278 -0.061863 0.153210
-0.175477 -0.061790 0.153346
-0.175627 -0.061739 0.153434
-0.175832 -0.061664 0.153550
-0.175976 -0.061605 0.153633
-0.176142 -0.061529 0.153731
-0.176343 -0.061438 0.153840
-0.176518 -0.061358 0.153930
-0.176692 -0.061285 0.154016
-0.176885 -0.061207 0.154106
-0.177045 -0.061143 0.154178
-0.177229 -0.061070 0.154259
-0.177391 -0.061009 0.154327
-0.177553 -0.060945 0.154395
-0.177730 -0.060875 0.154461
-0.177880 -0.060813 0.154513
-0.178055 -0.060743 0.154571
-0.178231 -0.060678 0.154624
-0.178391 -0.060630 0.154669
-0.178579 -0.060592 0.154713
-0.178754 -0.060567 0.154747
-0.178932 -0.060542 0.154776
-0.179125 -0.060507 0.154812
-0.179279 -0.060468 0.154846
-0.179444 -0.060421 0.154887
-0.179591 -0.060383 0.154915
-0.179767 -0.060350 0.154939
-0.179931 -0.060331 0.154954
-0.180101 -0.060323 0.154963
-0.180303 -0.060324 0.154968
-0.180513 -0.060324 0.154973
-0.180685 -0.060312 0.154984
-0.180858 -0.060275 0.155006
-0.181010 -0.060233 0.155027
-0.181182 -0.060187 0.155039
-0.181343 -0.060148 0.155046
-0.181521 -0.060120 0.155046
-0.181744 -0.060099 0.155033
-0.181972 -0.060081 0.155014
-0.182167 -0.060050 0.155007
-0.182343 -0.059985 0.155014
-0.182505 -0.059897 0.155025
-0.182677 -0.059789 0.155042
-0.182864 -0.059691 0.155048
-0.183059 -0.059634 0.155037
-0.183310 -0.059610 0.155007
-0.183534 -0.059603 0.154978
-0.183758 -0.059567 0.154967
-0.183919 -0.059502 0.154985
-0.184077 -0.059410 0.155028
-0.184215 -0.059340 0.155065
-0.184393 -0.059287 0.155088
-0.184575 -0.059269 0.155094
-0.184782 -0.059266 0.155093
-0.184951 -0.059258 0.155098
-0.185105 -0.059235 0.155122
-0.185275 -0.059199 0.155162
-0.185453 -0.059177 0.155197
-0.185600 -0.059177 0.155210
-0.185675 -0.059182 0.155216
-0.185836 -0.059200 0.155224
-0.186152 -0.059238 0.155241
-0.186383 -0.059249 0.155266
-0.186523 -0.059253 0.155289
-0.186679 -0.059252 0.155313
-0.186798 -0.059249 0.155331
-0.186991 -0.059248 0.155360
-0.187159 -0.059257 0.155387
-0.187306 -0.059274 0.155413
-0.187454 -0.059294 0.155445
-0.187476 -0.059297 0.155449
-0.187719 -0.059330 0.155497
-0.187937 -0.059349 0.155532
-0.188129 -0.059361 0.155559
-0.188277 -0.059369 0.155586
-0.188423 -0.059375 0.155624
-0.188584 -0.059381 0.155678
-0.188735 -0.059389 0.155729
-0.188862 -0.059398 0.155766
-0.189014 -0.059414 0.155800
-0.189169 -0.059433 0.155838
-0.189305 -0.059452 0.155879
-0.189456 -0.059478 0.155929
-0.189586 -0.059504 0.155975
-0.189711 -0.059531 0.156023
-0.189847 -0.059561 0.156082
-0.189974 -0.059591 0.156140
-0.190082 -0.059620 0.156188
-0.190191 -0.059649 0.156234
-0.190318 -0.059683 0.156289
-0.190463 -0.059723 0.156347
-0.190608 -0.059765 0.156404
-0.190751 -0.059806 0.156462
-0.190871 -0.059840 0.156516
-0.190994 -0.059883 0.156577
-0.191108 -0.059928 0.156638
-0.191196 -0.059963 0.156684
-0.191306 -0.060006 0.156739
-0.191398 -0.060043 0.156785
-0.191503 -0.060088 0.156838
-0.191579 -0.060125 0.156875
-0.191656 -0.060168 0.156917
-0.191708 -0.060204 0.156952
-0.191769 -0.060247 0.156997
-0.191832 -0.060287 0.157037
-0.191920 -0.060344 0.157092
-0.191981 -0.060383 0.157134
-0.192036 -0.060420 0.157182
-0.192071 -0.060446 0.157214
-0.192103 -0.060471 0.157250
-0.192129 -0.060486 0.157284
-0.192147 -0.060496 0.157309
-0.192162 -0.060503 0.157336
-0.192175 -0.060510 0.157359
-0.192189 -0.060516 0.157384
-0.192198 -0.060519 0.157407
-0.192204 -0.060518 0.157429
-0.192207 -0.060515 0.157449
-0.192211 -0.060511 0.157475
-0.192216 -0.060508 0.157494
-0.192220 -0.060499 0.157521
-0.192222 -0.060492 0.157539
-0.192224 -0.060482 0.157559
-0.192226 -0.060475 0.157577
-0.192229 -0.060467 0.157595
-0.192229 -0.060459 0.157613
-0.192228 -0.060454 0.157623
-0.192222 -0.060447 0.157635
-0.192215 -0.060441 0.157642
-0.192207 -0.060432 0.157652
-0.192199 -0.060424 0.157657
-0.192193 -0.060416 0.157663
-0.192188 -0.060412 0.157666
-0.192177 -0.060407 0.157669
-0.192165 -0.060403 0.157672
-0.192153 -0.060400 0.157672
-0.192141 -0.060396 0.157673
-0.192126 -0.060391 0.157674
-0.192118 -0.060388 0.157676
-0.192094 -0.060377 0.157681
-0.192076 -0.060369 0.157684
-0.192050 -0.060356 0.157688
-0.192028 -0.060343 0.157692
-0.192001 -0.060330 0.157697
-0.191980 -0.060320 0.157701
-0.191963 -0.060310 0.157703
-0.191952 -0.060300 0.157706
-0.191940 -0.060287 0.157709
-0.191936 -0.060282 0.157711
-0.191925 -0.060268 0.157713
-0.191920 -0.060262 0.157714
-0.191910 -0.060255 0.157714
-0.191900 -0.060249 0.157716
-0.191889 -0.060240 0.157717
-0.191882 -0.060235 0.157717
-0.191875 -0.060228 0.157718
-0.191862 -0.060217 0.157720
-0.191854 -0.060211 0.157721
-0.191845 -0.060203 0.157722
-0.191837 -0.060198 0.157723
-0.191827 -0.060193 0.157722
-0.191821 -0.060190 0.157723
-0.191812 -0.060184 0.157722
-0.191804 -0.060176 0.157723
-0.191794 -0.060168 0.157724
-0.191787 -0.060160 0.157725
-0.191783 -0.060151 0.157727
-0.191783 -0.060139 0.157728
-0.191784 -0.060127 0.157731
-0.191784 -0.060114 0.157734
-0.191784 -0.060103 0.157737
-0.191783 -0.060093 0.157740
-0.191785 -0.060081 0.157743
-0.191787 -0.060072 0.157746
-0.191788 -0.060057 0.157751
-0.191791 -0.060045 0.157755
-0.191791 -0.060035 0.157759
-0.191792 -0.060024 0.157763
-0.191793 -0.060021 0.157764
-0.191791 -0.060001 0.157771
-0.191791 -0.059992 0.157775
-0.191793 -0.059982 0.157779
-0.191795 -0.059974 0.157783
-0.191801 -0.059966 0.157785
-0.191810 -0.059957 0.157789
-0.191819 -0.059950 0.157794
-0.191827 -0.059942 0.157797
-0.191837 -0.059936 0.157801
-0.191851 -0.059932 0.157804
-0.191862 -0.059928 0.157807
-0.191871 -0.059924 0.157808
-0.191880 -0.059919 0.157812
-0.191886 -0.059916 0.157816
-0.191888 -0.059909 0.157820
-0.191888 -0.059904 0.157823
-0.191889 -0.059895 0.157829
-0.191888 -0.059889 0.157833
-0.191887 -0.059882 0.157837
-0.191885 -0.059874 0.157841
-0.191885 -0.059867 0.157848
-0.191883 -0.059859 0.157853
-0.191883 -0.059853 0.157858
-0.191883 -0.059844 0.157864
-0.191882 -0.059836 0.157871
-0.191882 -0.059827 0.157878
-0.191882 -0.059819 0.157884
-0.191883 -0.059810 0.157888
-0.191884 -0.059805 0.157893
-0.191886 -0.059797 0.157900
-0.191888 -0.059793 0.157904
-0.191891 -0.059789 0.157908
-0.191893 -0.059790 0.157911
-0.191893 -0.059787 0.157912
-0.191894 -0.059787 0.157914
-0.191896 -0.059784 0.157920
-0.191895 -0.059783 0.157925
-0.191893 -0.059779 0.157939
-0.191891 -0.059776 0.157946
-0.191891 -0.059775 0.157950
-0.191892 -0.059772 0.157955
-0.191893 -0.059771 0.157957
-0.191899 -0.059769 0.157958
-0.191904 -0.059769 0.157958
-0.191910 -0.059769 0.157958
-0.191916 -0.059768 0.157958
-0.191920 -0.059767 0.157957
-0.191920 -0.059763 0.157957
-0.191919 -0.059760 0.157958
-0.191920 -0.059754 0.157959
-0.191917 -0.059746 0.157961
-0.191914 -0.059739 0.157964
-0.191906 -0.059725 0.157970
-0.191901 -0.059715 0.157971
-0.191896 -0.059705 0.157972
-0.191898 -0.059699 0.157971
-0.191905 -0.059694 0.157969
-0.191908 -0.059688 0.157967
-0.191915 -0.059681 0.157964
-0.191920 -0.059666 0.157966
-0.191922 -0.059651 0.157968
-0.191922 -0.059634 0.157970
-0.191924 -0.059616 0.157972
-0.191926 -0.059602 0.157972
-0.191933 -0.059589 0.157968
-0.191940 -0.059575 0.157965
-0.191945 -0.059554 0.157966
-0.191948 -0.059535 0.157970
-0.191948 -0.059515 0.157975
-0.191950 -0.059488 0.157981
-0.191951 -0.059466 0.157985
-0.191952 -0.059445 0.157988
-0.191959 -0.059424 0.157989
-0.191968 -0.059400 0.157990
-0.191977 -0.059373 0.157995
-0.191980 -0.059350 0.158001
-0.191986 -0.059318 0.158010
-0.191992 -0.059294 0.158015
-0.191999 -0.059269 0.158021
-0.192007 -0.059241 0.158029
-0.192014 -0.059221 0.158032
-0.192024 -0.059193 0.158035
-0.192028 -0.059185 0.158037
-0.192044 -0.059147 0.158041
-0.192059 -0.059112 0.158050
-0.192069 -0.059092 0.158054
-0.192080 -0.059065 0.158062
-0.192092 -0.059042 0.158068
-0.192104 -0.059019 0.158073
-0.192114 -0.059002 0.158077
-0.192128 -0.058985 0.158080
-0.192139 -0.058968 0.158085
-0.192142 -0.058965 0.158086
-0.192171 -0.058940 0.158095
-0.192189 -0.058932 0.158099
-0.192213 -0.058925 0.158101
-0.192233 -0.058920 0.158104
-0.192245 -0.058917 0.158107
-0.192258 -0.058911 0.158111
-0.192261 -0.058912 0.158111
-0.192285 -0.058910 0.158114
-0.192296 -0.058910 0.158116
-0.192309 -0.058914 0.158116
-0.192320 -0.058917 0.158116
-0.192335 -0.058922 0.158117
-0.192349 -0.058929 0.158118
-0.192363 -0.058938 0.158118
-0.192375 -0.058947 0.158118
-0.192388 -0.058956 0.158119
-0.192402 -0.058967 0.158121
-0.192413 -0.058975 0.158121
-0.192432 -0.058990 0.158122
-0.192445 -0.059000 0.158123
-0.192456 -0.059011 0.158125
-0.192466 -0.059020 0.158127
-0.192476 -0.059031 0.158130
-0.192483 -0.059039 0.158133
-0.192491 -0.059049 0.158134
-0.192497 -0.059058 0.158136
-0.192503 -0.059068 0.158139
-0.192506 -0.059076 0.158143
-0.192511 -0.059085 0.158146
-0.192513 -0.059090 0.158150
-0.192516 -0.059095 0.158155
-0.192521 -0.059100 0.158165
-0.192524 -0.059103 0.158173
-0.192530 -0.059107 0.158182
-0.192535 -0.059110 0.158190
-0.192542 -0.059114 0.158200
-0.192549 -0.059118 0.158207
-0.192553 -0.059120 0.158216
-0.192558 -0.059122 0.158225
-0.192560 -0.059123 0.158232
-0.192561 -0.059125 0.158240
-0.192562 -0.059125 0.158245
-0.192563 -0.059126 0.158250
-0.192560 -0.059125 0.158259
-0.192557 -0.059125 0.158266
-0.192556 -0.059125 0.158274
-0.192553 -0.059125 0.158280
-0.192552 -0.059124 0.158287
-0.192549 -0.059124 0.158294
-0.192546 -0.059123 0.158304
-0.192543 -0.059123 0.158312
-0.192542 -0.059123 0.158322
-0.192543 -0.059123 0.158332
-0.192544 -0.059124 0.158339
-0.192545 -0.059128 0.158347
-0.192545 -0.059127 0.158354
-0.192544 -0.059127 0.158364
-0.192543 -0.059130 0.158370
-0.192540 -0.059130 0.158378
-0.192537 -0.059132 0.158386
-0.192534 -0.059135 0.158391
-0.192530 -0.059137 0.158399
-0.192528 -0.059139 0.158406
-0.192528 -0.059140 0.158415
-0.192527 -0.059143 0.158422
-0.192525 -0.059147 0.158433
-0.192525 -0.059150 0.158445
-0.192524 -0.059153 0.158454
-0.192523 -0.059157 0.158467
-0.192524 -0.059160 0.158474
-0.192523 -0.059163 0.158485
-0.192522 -0.059168 0.158495
-0.192519 -0.059172 0.158505
-0.192517 -0.059174 0.158515
-0.192518 -0.059177 0.158522
-0.192516 -0.059180 0.158531
-0.192513 -0.059183 0.158541
-0.192511 -0.059187 0.158549
-0.192509 -0.059192 0.158559
-0.192509 -0.059197 0.158565
-0.192509 -0.059200 0.158573
-0.192510 -0.059205 0.158580
-0.192510 -0.059207 0.158585
-0.192511 -0.059209 0.158590
-0.192511 -0.059211 0.158595
-0.192512 -0.059211 0.158600
-0.192513 -0.059213 0.158603
-0.192514 -0.059215 0.158606
-0.192513 -0.059217 0.158609
-0.192514 -0.059219 0.158614
-0.192515 -0.059218 0.158619
-0.192516 -0.059219 0.158623
-0.192518 -0.059218 0.158626
-0.192520 -0.059220 0.158628
-0.192520 -0.059222 0.158629
-0.192523 -0.059223 0.158632
-0.192524 -0.059224 0.158634
-0.192525 -0.059225 0.158635
-0.192527 -0.059225 0.158634
-0.192528 -0.059225 0.158636
-0.192532 -0.059225 0.158636
-0.192536 -0.059225 0.158636
-0.192539 -0.059225 0.158637
-0.192548 -0.059227 0.158636
-0.192555 -0.059228 0.158635
-0.192566 -0.059230 0.158634
-0.192577 -0.059232 0.158634
-0.192585 -0.059231 0.158634
-0.192592 -0.059233 0.158633
-0.192604 -0.059236 0.158632
-0.192613 -0.059238 0.158631
-0.192616 -0.059239 0.158631
-0.192620 -0.059241 0.158630
-0.192626 -0.059242 0.158629
-0.192631 -0.059243 0.158627
-0.192637 -0.059245 0.158627
-0.192643 -0.059247 0.158625
-0.192648 -0.059248 0.158625
-0.192648 -0.059248 0.158625
-0.192653 -0.059249 0.158625
-0.192666 -0.059250 0.158625
-0.192672 -0.059249 0.158625
-0.192681 -0.059248 0.158626
-0.192690 -0.059248 0.158626
-0.192701 -0.059248 0.158626
-0.192709 -0.059248 0.158624
-0.192718 -0.059247 0.158625
-0.192724 -0.059245 0.158625
-0.192734 -0.059244 0.158625
-0.192743 -0.059246 0.158624
-0.192752 -0.059249 0.158622
-0.192760 -0.059252 0.158620
-0.192769 -0.059253 0.158619
-0.192773 -0.059254 0.158619
-0.192775 -0.059253 0.158620
-0.192779 -0.059253 0.158620
-0.192795 -0.059249 0.158622
-0.192805 -0.059249 0.158622
-0.192807 -0.059249 0.158622
-0.192814 -0.059248 0.158623
-0.192817 -0.059249 0.158622
-0.192838 -0.059248 0.158622
-0.192849 -0.059248 0.158622
-0.192872 -0.059247 0.158621
-0.192883 -0.059247 0.158621
-0.192890 -0.059246 0.158622
-0.192899 -0.059244 0.158622
-0.192904 -0.059243 0.158623
-0.192912 -0.059239 0.158625
-0.192917 -0.059237 0.158626
-0.192926 -0.059235 0.158627
-0.192933 -0.059231 0.158627
-0.192940 -0.059228 0.158629
-0.192948 -0.059225 0.158630
-0.192954 -0.059224 0.158631
-0.192963 -0.059221 0.158632
-0.192972 -0.059218 0.158634
-0.192979 -0.059215 0.158635
-0.192989 -0.059212 0.158637
-0.192997 -0.059208 0.158638
-0.193007 -0.059203 0.158641
-0.193016 -0.059200 0.158642
-0.193026 -0.059197 0.158643
-0.193034 -0.059193 0.158645
-0.193040 -0.059188 0.158647
-0.193047 -0.059184 0.158649
-0.193055 -0.059179 0.158651
-0.193065 -0.059175 0.158653
-0.193075 -0.059172 0.158654
-0.193087 -0.059167 0.158657
-0.193100 -0.059162 0.158658
-0.193109 -0.059159 0.158659
-0.193122 -0.059156 0.158661
-0.193138 -0.059152 0.158663
-0.193153 -0.059150 0.158663
-0.193166 -0.059148 0.158664
-0.193183 -0.059146 0.158665
-0.193198 -0.059143 0.158666
-0.193211 -0.059143 0.158667
-0.193211 -0.059143 0.158667
-0.193245 -0.059140 0.158668
-0.193259 -0.059140 0.158668
-0.193278 -0.059139 0.158669
-0.193290 -0.059139 0.158669
-0.193307 -0.059139 0.158670
-0.193324 -0.059139 0.158671
-0.193337 -0.059139 0.158672
-0.193354 -0.059138 0.158674
-0.193368 -0.059137 0.158675
-0.193381 -0.059137 0.158676
-0.193401 -0.059136 0.158677
-0.193417 -0.059137 0.158677
-0.193434 -0.059137 0.158678
-0.193448 -0.059135 0.158679
-0.193465 -0.059134 0.158679
-0.193478 -0.059132 0.158681
-0.193491 -0.059129 0.158682
-0.193501 -0.059128 0.158684
-0.193514 -0.059127 0.158684
-0.193524 -0.059126 0.158685
-0.193535 -0.059123 0.158687
-0.193546 -0.059120 0.158688
-0.193557 -0.059116 0.158689
-0.193562 -0.059116 0.158689
-0.193586 -0.059115 0.158689
-0.193599 -0.059112 0.158689
-0.193610 -0.059110 0.158692
-0.193622 -0.059104 0.158694
-0.193632 -0.059099 0.158696
-0.193646 -0.059092 0.158698
-0.193657 -0.059086 0.158699
-0.193670 -0.059080 0.158702
-0.193680 -0.059075 0.158704
-0.193692 -0.059069 0.158707
-0.193702 -0.059063 0.158708
-0.193711 -0.059057 0.158711
-0.193719 -0.059049 0.158714
-0.193728 -0.059041 0.158716
-0.193735 -0.059036 0.158718
-0.193736 -0.059035 0.158719
-0.193748 -0.059025 0.158723
-0.193762 -0.059018 0.158726
-0.193770 -0.059012 0.158729
-0.193779 -0.059007 0.158731
-0.193782 -0.059005 0.158732
-0.193798 -0.058995 0.158736
-0.193810 -0.058988 0.158738
-0.193813 -0.058987 0.158738
-0.193829 -0.058980 0.158742
-0.193842 -0.058974 0.158745
-0.193853 -0.058967 0.158747
-0.193861 -0.058961 0.158751
-0.193866 -0.058958 0.158752
-0.193870 -0.058953 0.158754
-0.193874 -0.058951 0.158755
-0.193876 -0.058951 0.158756
-0.193878 -0.058948 0.158757
-0.193880 -0.058947 0.158758
-0.193880 -0.058943 0.158759
-0.193880 -0.058939 0.158761
-0.193881 -0.058936 0.158762
-0.193883 -0.058932 0.158764
-0.193884 -0.058929 0.158765
-0.193887 -0.058927 0.158766
-0.193888 -0.058923 0.158768
-0.193889 -0.058918 0.158771
-0.193889 -0.058913 0.158775
-0.193890 -0.058908 0.158777
-0.193890 -0.058904 0.158779
-0.193891 -0.058901 0.158780
-0.193891 -0.058899 0.158781
-0.193892 -0.058894 0.158783
-0.193894 -0.058892 0.158784
-0.193893 -0.058890 0.158785
-0.193895 -0.058888 0.158785
-0.193895 -0.058886 0.158785
-0.193897 -0.058884 0.158784
-0.193897 -0.058884 0.158785
-0.193898 -0.058883 0.158785
-0.193898 -0.058881 0.158787
-0.193898 -0.058877 0.158788
-0.193898 -0.058876 0.158788
-0.193901 -0.058875 0.158789
-0.193905 -0.058873 0.158790
-0.193908 -0.058872 0.158790
-0.193909 -0.058871 0.158791
-0.193913 -0.058868 0.158792
-0.193914 -0.058868 0.158792
-0.193917 -0.058868 0.158792
-0.193918 -0.058868 0.158792
-0.193919 -0.058868 0.158792
-0.193919 -0.058868 0.158792
-0.193920 -0.058869 0.158792
-0.193920 -0.058869 0.158792
-0.193919 -0.058869 0.158793
-0.193918 -0.058867 0.158793
-0.193912 -0.058866 0.158794
-0.193912 -0.058867 0.158792
-0.193912 -0.058867 0.158792
-0.193911 -0.058866 0.158790
-0.193911 -0.058864 0.158789
-0.193912 -0.058863 0.158789
-0.193912 -0.058862 0.158790
-0.193913 -0.058859 0.158789
-0.193915 -0.058858 0.158790
-0.193917 -0.058856 0.158789
-0.193922 -0.058854 0.158789
-0.193928 -0.058849 0.158788
-0.193930 -0.058848 0.158789
-0.193933 -0.058846 0.158790
-0.193937 -0.058841 0.158791
-0.193937 -0.058840 0.158791
-0.193939 -0.058837 0.158792
-0.193938 -0.058833 0.158792
-0.193940 -0.058830 0.158791
-0.193941 -0.058825 0.158791
-0.193939 -0.058823 0.158792
-0.193937 -0.058820 0.158793
-0.193937 -0.058817 0.158794
-0.193942 -0.058813 0.158794
-0.193942 -0.058813 0.158795
-0.193943 -0.058811 0.158794
-0.193948 -0.058811 0.158794
-0.193956 -0.058808 0.158794
-0.193966 -0.058806 0.158794
-0.193977 -0.058809 0.158793
-0.193987 -0.058810 0.158791
-0.194010 -0.058812 0.158789
-0.194033 -0.058816 0.158788
-0.194034 -0.058816 0.158788
-0.194049 -0.058818 0.158788
-0.194058 -0.058821 0.158788
-0.194061 -0.058823 0.158788
-0.194063 -0.058827 0.158788
-0.194065 -0.058833 0.158785
-0.194069 -0.058836 0.158784
-0.194075 -0.058841 0.158782
-0.194082 -0.058844 0.158782
-0.194083 -0.058845 0.158782
-0.194088 -0.058848 0.158781
-0.194105 -0.058853 0.158777
-0.194134 -0.058860 0.158773
-0.194149 -0.058863 0.158774
-0.194160 -0.058864 0.158774
-0.194163 -0.058864 0.158774
-0.194172 -0.058865 0.158774
-0.194200 -0.058867 0.158773
-0.194201 -0.058867 0.158773
-0.194210 -0.058868 0.158773
-0.194217 -0.058869 0.158773
-0.194224 -0.058869 0.158772
-0.194229 -0.058870 0.158771
-0.194233 -0.058872 0.158771
-0.194237 -0.058873 0.158771
-0.194240 -0.058874 0.158770
-0.194243 -0.058872 0.158771
-0.194246 -0.058872 0.158771
-0.194246 -0.058872 0.158771
-0.194250 -0.058872 0.158771
-0.194251 -0.058872 0.158771
-0.194255 -0.058871 0.158770
-0.194258 -0.058871 0.158770
-0.194264 -0.058871 0.158770
-0.194270 -0.058871 0.158769
-0.194276 -0.058871 0.158769
-0.194282 -0.058871 0.158769
-0.194288 -0.058872 0.158769
-0.194299 -0.058870 0.158769
-0.194307 -0.058866 0.158769
-0.194310 -0.058866 0.158770
-0.194312 -0.058864 0.158769
-0.194316 -0.058863 0.158766
-0.194316 -0.058863 0.158764
-0.194317 -0.058864 0.158764
-0.194319 -0.058867 0.158759
-0.194323 -0.058869 0.158757
-0.194325 -0.058869 0.158757
-0.194325 -0.058869 0.158755
-0.194325 -0.058870 0.158754
-0.194325 -0.058868 0.158755
-0.194326 -0.058863 0.158757
-0.194326 -0.058859 0.158758
-0.194325 -0.058855 0.158760
-0.194326 -0.058853 0.158761
-0.194326 -0.058851 0.158761
-0.194330 -0.058849 0.158762
-0.194333 -0.058845 0.158764
-0.194336 -0.058841 0.158764
-0.194337 -0.058837 0.158766
-0.194336 -0.058833 0.158768
-0.194334 -0.058829 0.158771
-0.194331 -0.058822 0.158774
-0.194331 -0.058819 0.158776
-0.194330 -0.058815 0.158777
-0.194329 -0.058811 0.158779
-0.194328 -0.058807 0.158780
-0.194326 -0.058805 0.158780
-0.194325 -0.058806 0.158780
-0.194325 -0.058806 0.158779
-0.194329 -0.058808 0.158776
-0.194331 -0.058812 0.158771
-0.194330 -0.058819 0.158765
-0.194324 -0.058822 0.158764
-0.194321 -0.058820 0.158766
-0.194314 -0.058813 0.158771
-0.194306 -0.058806 0.158776
-0.194295 -0.058796 0.158783
-0.194285 -0.058785 0.158790
-0.194284 -0.058783 0.158791
-0.194279 -0.058774 0.158797
-0.194267 -0.058752 0.158811
-0.194261 -0.058742 0.158817
-0.194257 -0.058733 0.158823
-0.194249 -0.058717 0.158835
-0.194246 -0.058711 0.158839
-0.194245 -0.058709 0.158840
-0.194243 -0.058704 0.158842
-0.194241 -0.058686 0.158854
-0.194241 -0.058679 0.158858
-0.194242 -0.058671 0.158861
-0.194243 -0.058662 0.158866
-0.194244 -0.058652 0.158869
-0.194244 -0.058644 0.158872
-0.194244 -0.058636 0.158875
-0.194245 -0.058627 0.158879
-0.194245 -0.058619 0.158881
-0.194246 -0.058611 0.158886
-0.194245 -0.058604 0.158890
-0.194242 -0.058597 0.158895
-0.194240 -0.058590 0.158898
-0.194237 -0.058585 0.158900
-0.194234 -0.058581 0.158903
-0.194230 -0.058579 0.158904
-0.194226 -0.058577 0.158906
-0.194221 -0.058576 0.158905
-0.194219 -0.058575 0.158906
-0.194214 -0.058576 0.158907
-0.194210 -0.058577 0.158906
-0.194205 -0.058578 0.158907
-0.194202 -0.058579 0.158908
-0.194199 -0.058579 0.158909
-0.194197 -0.058580 0.158909
-0.194194 -0.058581 0.158908
-0.194191 -0.058581 0.158909
-0.194190 -0.058582 0.158908
-0.194191 -0.058581 0.158909
-0.194191 -0.058579 0.158910
-0.194190 -0.058580 0.158909
-0.194190 -0.058577 0.158912
-0.194189 -0.058577 0.158912
-0.194185 -0.058577 0.158911
-0.194185 -0.058579 0.158910
-0.194184 -0.058580 0.158910
-0.194187 -0.058583 0.158908
-0.194191 -0.058588 0.158906
-0.194199 -0.058595 0.158902
-0.194208 -0.058600 0.158899
-0.194215 -0.058602 0.158898
-0.194218 -0.058601 0.158897
-0.194222 -0.058602 0.158897
-0.194223 -0.058601 0.158897
-0.194226 -0.058601 0.158897
-0.194233 -0.058602 0.158898
-0.194234 -0.058599 0.158900
-0.194238 -0.058599 0.158899
-0.194245 -0.058600 0.158898
-0.194251 -0.058598 0.158898
-0.194253 -0.058597 0.158898
-0.194253 -0.058597 0.158898
-0.194253 -0.058596 0.158896
-0.194253 -0.058594 0.158896
-0.194252 -0.058593 0.158896
-0.194251 -0.058592 0.158895
-0.194248 -0.058593 0.158893
-0.194245 -0.058594 0.158893
-0.194247 -0.058599 0.158889
-0.194248 -0.058603 0.158886
-0.194252 -0.058610 0.158883
-0.194258 -0.058619 0.158878
-0.194262 -0.058624 0.158875
-0.194264 -0.058625 0.158874
-0.194267 -0.058627 0.158873
-0.194266 -0.058626 0.158875
-0.194265 -0.058624 0.158877
-0.194261 -0.058621 0.158878
-0.194256 -0.058616 0.158882
-0.194253 -0.058611 0.158885
-0.194252 -0.058607 0.158886
-0.194250 -0.058606 0.158887
-0.194250 -0.058604 0.158886
-0.194249 -0.058601 0.158888
-0.194249 -0.058601 0.158888
-0.194252 -0.058605 0.158885
-0.194259 -0.058610 0.158881
-0.194261 -0.058616 0.158877
-0.194266 -0.058624 0.158872
-0.194267 -0.058633 0.158869
-0.194267 -0.058640 0.158867
-0.194266 -0.058646 0.158864
-0.194264 -0.058652 0.158863
-0.194259 -0.058653 0.158865
-0.194245 -0.058649 0.158869
-0.194234 -0.058643 0.158874
-0.194224 -0.058636 0.158880
-0.194217 -0.058631 0.158884
-0.194215 -0.058628 0.158886
-0.194216 -0.058627 0.158886
-0.194216 -0.058625 0.158887
-0.194217 -0.058622 0.158890
-0.194217 -0.058619 0.158891
-0.194217 -0.058615 0.158894
-0.194218 -0.058611 0.158896
-0.194218 -0.058608 0.158898
-0.194217 -0.058601 0.158900
-0.194217 -0.058595 0.158903
-0.194215 -0.058589 0.158906
-0.194212 -0.058588 0.158906
-0.194210 -0.058586 0.158908
-0.194209 -0.058588 0.158909
-0.194207 -0.058588 0.158911
-0.194207 -0.058589 0.158910
-0.194207 -0.058590 0.158910
-0.194207 -0.058591 0.158909
-0.194205 -0.058593 0.158910
-0.194203 -0.058597 0.158908
-0.194205 -0.058603 0.158906
-0.194207 -0.058606 0.158903
-0.194210 -0.058610 0.158901
-0.194212 -0.058615 0.158899
-0.194210 -0.058617 0.158900
-0.194208 -0.058614 0.158902
-0.194201 -0.058611 0.158904
-0.194191 -0.058607 0.158907
-0.194177 -0.058597 0.158912
-0.194169 -0.058590 0.158917
-0.194164 -0.058585 0.158919
-0.194163 -0.058582 0.158922
-0.194161 -0.058578 0.158923
-0.194162 -0.058575 0.158926
-0.194161 -0.058571 0.158929
-0.194161 -0.058567 0.158931
-0.194160 -0.058565 0.158933
-0.194159 -0.058566 0.158931
-0.194160 -0.058569 0.158929
-0.194163 -0.058573 0.158926
-0.194163 -0.058576 0.158923
-0.194163 -0.058580 0.158921
-0.194161 -0.058580 0.158921
-0.194155 -0.058585 0.158918
-0.194151 -0.058584 0.158917
-0.194149 -0.058583 0.158919
-0.194145 -0.058576 0.158923
-0.194136 -0.058567 0.158930
-0.194129 -0.058560 0.158936
-0.194125 -0.058553 0.158941
-0.194126 -0.058552 0.158941
-0.194128 -0.058551 0.158942
-0.194129 -0.058549 0.158941
-0.194132 -0.058549 0.158941
-0.194130 -0.058548 0.158941
-0.194132 -0.058550 0.158940
-0.194132 -0.058551 0.158939
-0.194131 -0.058551 0.158939
-0.194131 -0.058551 0.158937
-0.194129 -0.058553 0.158936
-0.194125 -0.058555 0.158934
-0.194126 -0.058556 0.158933
-0.194131 -0.058567 0.158927
-0.194140 -0.058575 0.158922
-0.194145 -0.058585 0.158918
-0.194147 -0.058590 0.158916
-0.194148 -0.058593 0.158913
-0.194145 -0.058592 0.158915
-0.194141 -0.058590 0.158916
-0.194134 -0.058586 0.158919
-0.194131 -0.058585 0.158920
-0.194126 -0.058582 0.158922
-0.194126 -0.058580 0.158923
-0.194125 -0.058579 0.158923
-0.194127 -0.058578 0.158924
-0.194131 -0.058577 0.158925
-0.194133 -0.058578 0.158924
-0.194135 -0.058576 0.158925
-0.194140 -0.058577 0.158925
-0.194141 -0.058579 0.158924
-0.194144 -0.058586 0.158921
-0.194147 -0.058596 0.158918
-0.194154 -0.058606 0.158911
-0.194158 -0.058617 0.158906
-0.194164 -0.058628 0.158902
-0.194162 -0.058635 0.158901
-0.194161 -0.058638 0.158901
-0.194157 -0.058640 0.158903
-0.194151 -0.058639 0.158906
-0.194145 -0.058636 0.158909
-0.194140 -0.058635 0.158912
-0.194143 -0.058636 0.158912
-0.194144 -0.058637 0.158913
-0.194148 -0.058637 0.158915
-0.194152 -0.058638 0.158915
-0.194155 -0.058640 0.158914
-0.194160 -0.058642 0.158915
-0.194164 -0.058646 0.158912
-0.194166 -0.058646 0.158911
-0.194164 -0.058645 0.158912
-0.194160 -0.058649 0.158910
-0.194158 -0.058652 0.158909
-0.194158 -0.058658 0.158907
-0.194159 -0.058666 0.158902
-0.194157 -0.058674 0.158899
-0.194156 -0.058681 0.158897
-0.194151 -0.058685 0.158896
-0.194146 -0.058687 0.158896
-0.194142 -0.058688 0.158896
-0.194139 -0.058687 0.158896
-0.194136 -0.058687 0.158897
-0.194134 -0.058684 0.158900
-0.194132 -0.058682 0.158900
-0.194134 -0.058681 0.158900
-0.194136 -0.058679 0.158900
-0.194135 -0.058677 0.158901
-0.194137 -0.058675 0.158900
-0.194135 -0.058674 0.158899
-0.194134 -0.058675 0.158896
-0.194133 -0.058678 0.158893
-0.194134 -0.058680 0.158890
-0.194132 -0.058685 0.158884
-0.194133 -0.058687 0.158883
-0.194130 -0.058692 0.158880
-0.194124 -0.058700 0.158876
-0.194119 -0.058707 0.158873
-0.194117 -0.058712 0.158871
-0.194116 -0.058715 0.158870
-0.194114 -0.058717 0.158869
-0.194115 -0.058720 0.158868
-0.194115 -0.058721 0.158867
-0.194115 -0.058723 0.158867
-0.194118 -0.058724 0.158866
-0.194117 -0.058723 0.158866
-0.194118 -0.058722 0.158866
-0.194118 -0.058724 0.158867
-0.194116 -0.058723 0.158869
-0.194116 -0.058726 0.158868
-0.194114 -0.058730 0.158868
-0.194112 -0.058735 0.158868
-0.194112 -0.058739 0.158871
-0.194115 -0.058747 0.158872
-0.194116 -0.058750 0.158874
-0.194120 -0.058760 0.158875
-0.194120 -0.058760 0.158875
-0.194120 -0.058766 0.158877
-0.194113 -0.058782 0.158893
-0.194109 -0.058786 0.158904
-0.194105 -0.058788 0.158913
-0.194104 -0.058789 0.158915
-0.194096 -0.058795 0.158929
-0.194094 -0.058799 0.158938
-0.194092 -0.058806 0.158950
-0.194091 -0.058812 0.158960
-0.194088 -0.058818 0.158975
-0.194087 -0.058824 0.158991
-0.194088 -0.058829 0.159005
-0.194086 -0.058830 0.159016
-0.194084 -0.058832 0.159026
-0.194082 -0.058833 0.159034
-0.194081 -0.058835 0.159043
-0.194080 -0.058837 0.159052
-0.194078 -0.058841 0.159061
-0.194078 -0.058842 0.159070
-0.194077 -0.058845 0.159076
-0.194074 -0.058847 0.159084
-0.194073 -0.058849 0.159091
-0.194071 -0.058852 0.159101
-0.194071 -0.058857 0.159107
-0.194073 -0.058861 0.159108
-0.194077 -0.058870 0.159104
-0.194081 -0.058879 0.159102
-0.194086 -0.058891 0.159099
-0.194094 -0.058906 0.159095
-0.194105 -0.058927 0.159091
-0.194110 -0.058941 0.159091
-0.194112 -0.058945 0.159092
-0.194115 -0.058954 0.159093
-0.194124 -0.058969 0.159095
-0.194131 -0.058987 0.159096
-0.194134 -0.058996 0.159094
-0.194137 -0.059007 0.159092
-0.194139 -0.059018 0.159089
-0.194139 -0.059020 0.159088
-0.194143 -0.059031 0.159084
-0.194154 -0.059058 0.159076
-0.194159 -0.059064 0.159074
-0.194164 -0.059073 0.159072
-0.194172 -0.059083 0.159069
-0.194180 -0.059097 0.159065
-0.194189 -0.059108 0.159061
-0.194195 -0.059121 0.159057
-0.194195 -0.059137 0.159051
-0.194195 -0.059154 0.159043
-0.194196 -0.059178 0.159038
-0.194195 -0.059199 0.159032
-0.194189 -0.059216 0.159032
-0.194188 -0.059226 0.159034
-0.194187 -0.059236 0.159034
-0.194187 -0.059253 0.159033
-0.194192 -0.059280 0.159032
-0.194197 -0.059306 0.159036
-0.194200 -0.059320 0.159042
-0.194201 -0.059328 0.159056
-0.194189 -0.059340 0.159069
-0.194175 -0.059356 0.159080
-0.194162 -0.059386 0.159091
-0.194151 -0.059419 0.159098
-0.194129 -0.059475 0.159112
-0.194112 -0.059530 0.159130
-0.194087 -0.059602 0.159154
-0.194064 -0.059671 0.159176
-0.194029 -0.059760 0.159210
-0.193990 -0.059852 0.159251
-0.193947 -0.059959 0.159294
-0.193899 -0.060069 0.159333
-0.193846 -0.060179 0.159369
-0.193796 -0.060272 0.159397
-0.193721 -0.060397 0.159433
-0.193651 -0.060503 0.159464
-0.193565 -0.060617 0.159505
-0.193479 -0.060728 0.159551
-0.193379 -0.060850 0.159599
-0.193271 -0.060984 0.159650
-0.193143 -0.061132 0.159714
-0.193042 -0.061249 0.159765
-0.192909 -0.061408 0.159829
-0.192796 -0.061544 0.159880
-0.192676 -0.061684 0.159933
-0.192576 -0.061797 0.159974
-0.192471 -0.061904 0.160011
-0.192402 -0.061970 0.160036
-0.192301 -0.062060 0.160069
-0.192183 -0.062164 0.160107
-0.192077 -0.062253 0.160140
-0.191969 -0.062339 0.160175
-0.191877 -0.062409 0.160204
-0.191779 -0.062477 0.160235
-0.191667 -0.062555 0.160266
-0.191539 -0.062641 0.160298
-0.191430 -0.062713 0.160320
-0.191319 -0.062776 0.160341
-0.191192 -0.062843 0.160362
-0.191080 -0.062895 0.160383
-0.190970 -0.062939 0.160398
-0.190842 -0.062980 0.160413
-0.190725 -0.063009 0.160424
-0.190593 -0.063036 0.160436
-0.190495 -0.063052 0.160444
-0.190402 -0.063066 0.160449
-0.190309 -0.063077 0.160453
-0.190197 -0.063085 0.160454
-0.190099 -0.063089 0.160454
-0.189953 -0.063081 0.160455
-0.189807 -0.063069 0.160457
-0.189658 -0.063047 0.160457
-0.189510 -0.063019 0.160457
-0.189347 -0.062985 0.160458
-0.189180 -0.062948 0.160461
-0.189031 -0.062905 0.160466
-0.188869 -0.062855 0.160471
-0.188724 -0.062808 0.160477
-0.188557 -0.062754 0.160483
-0.188390 -0.062696 0.160489
-0.188217 -0.062632 0.160490
-0.187975 -0.062541 0.160484
-0.187765 -0.062460 0.160476
-0.187634 -0.062409 0.160470
-0.187484 -0.062349 0.160457
-0.187347 -0.062297 0.160437
-0.187229 -0.062250 0.160414
-0.187125 -0.062209 0.160390
-0.187020 -0.062165 0.160363
-0.186934 -0.062127 0.160335
-0.186808 -0.062074 0.160294
-0.186701 -0.062029 0.160257
-0.186614 -0.061992 0.160225
-0.186492 -0.061942 0.160177
-0.186388 -0.061902 0.160137
-0.186300 -0.061869 0.160103
-0.186193 -0.061830 0.160063
-0.186088 -0.061790 0.160025
-0.185982 -0.061751 0.159987
-0.185897 -0.061721 0.159958
-0.185795 -0.061686 0.159922
-0.185710 -0.061657 0.159890
-0.185591 -0.061621 0.159840
-0.185504 -0.061594 0.159804
-0.185395 -0.061560 0.159762
-0.185282 -0.061526 0.159722
-0.185206 -0.061504 0.159696
-0.185093 -0.061473 0.159656
-0.185018 -0.061451 0.159631
-0.184885 -0.061413 0.159586
-0.184773 -0.061380 0.159546
-0.184665 -0.061346 0.159506
-0.184577 -0.061321 0.159472
-0.184472 -0.061291 0.159434
-0.184372 -0.061264 0.159394
-0.184257 -0.061231 0.159347
-0.184145 -0.061196 0.159299
-0.184061 -0.061170 0.159265
-0.184010 -0.061152 0.159244
-0.183875 -0.061108 0.159191
-0.183753 -0.061065 0.159147
-0.183632 -0.061021 0.159108
-0.183495 -0.060966 0.159064
-0.183393 -0.060925 0.159033
-0.183274 -0.060877 0.158995
-0.183255 -0.060870 0.158989
-0.183082 -0.060797 0.158938
-0.182969 -0.060747 0.158906
-0.182820 -0.060677 0.158864
-0.182713 -0.060629 0.158831
-0.182611 -0.060584 0.158801
-0.182495 -0.060530 0.158770
-0.182376 -0.060472 0.158743
-0.182376 -0.060472 0.158743
-0.182112 -0.060358 0.158703
-0.182009 -0.060318 0.158691
-0.181906 -0.060280 0.158679
-0.181777 -0.060229 0.158662
-0.181678 -0.060188 0.158642
-0.181587 -0.060147 0.158616
-0.181513 -0.060113 0.158590
-0.181425 -0.060072 0.158558
-0.181337 -0.060035 0.158530
-0.181252 -0.060003 0.158508
-0.181171 -0.059973 0.158492
-0.181104 -0.059949 0.158479
-0.181019 -0.059921 0.158464
-0.180959 -0.059905 0.158449
-0.180891 -0.059893 0.158434
-0.180815 -0.059885 0.158412
-0.180751 -0.059877 0.158393
-0.180692 -0.059868 0.158382
-0.180614 -0.059856 0.158369
-0.180549 -0.059850 0.158359
-0.180479 -0.059849 0.158347
-0.180415 -0.059850 0.158334
-0.180365 -0.059853 0.158322
-0.180319 -0.059857 0.158309
-0.180276 -0.059864 0.158295
-0.180241 -0.059870 0.158283
-0.180204 -0.059875 0.158271
-0.180178 -0.059880 0.158262
-0.180137 -0.059886 0.158253
-0.180106 -0.059889 0.158247
-0.180070 -0.059890 0.158239
-0.180038 -0.059893 0.158231
-0.180007 -0.059897 0.158226
-0.179977 -0.059899 0.158223
-0.179940 -0.059897 0.158220
-0.179912 -0.059896 0.158221
-0.179893 -0.059897 0.158220
-0.179885 -0.059898 0.158217
-0.179880 -0.059899 0.158213
-0.179873 -0.059899 0.158212
-0.179870 -0.059900 0.158212
-0.179873 -0.059899 0.158214
-0.179879 -0.059899 0.158215
-0.179881 -0.059897 0.158216
-0.179885 -0.059895 0.158217
-0.179895 -0.059897 0.158218
-0.179906 -0.059896 0.158220
-0.179911 -0.059896 0.158219
-0.179911 -0.059894 0.158220
-0.179913 -0.059892 0.158220
-0.179918 -0.059890 0.158220
-0.179923 -0.059887 0.158221
-0.179926 -0.059883 0.158222
-0.179929 -0.059879 0.158223
-0.179932 -0.059876 0.158225
-0.179939 -0.059874 0.158226
-0.179949 -0.059872 0.158228
-0.179963 -0.059869 0.158230
-0.179973 -0.059863 0.158232
-0.179978 -0.059857 0.158233
-0.179980 -0.059853 0.158234
-0.179981 -0.059852 0.158234
-0.179979 -0.059842 0.158236
-0.179975 -0.059837 0.158237
-0.179971 -0.059832 0.158241
-0.179971 -0.059831 0.158243
-0.179978 -0.059833 0.158241
-0.179990 -0.059837 0.158236
-0.180002 -0.059844 0.158229
-0.180004 -0.059846 0.158227
-0.179997 -0.059851 0.158226
-0.179988 -0.059852 0.158230
-0.179987 -0.059856 0.158233
-0.180016 -0.059869 0.158227
-0.180059 -0.059890 0.158213
-0.180091 -0.059901 0.158204
-0.180098 -0.059906 0.158203
-0.180092 -0.059902 0.158205
-0.180086 -0.059897 0.158210
-0.180095 -0.059896 0.158214
-0.180116 -0.059898 0.158218
-0.180132 -0.059896 0.158222
-0.180146 -0.059894 0.158227
-0.180166 -0.059893 0.158231
-0.180192 -0.059896 0.158236
-0.180220 -0.059896 0.158240
-0.180239 -0.059895 0.158244
-0.180263 -0.059892 0.158246
-0.180283 -0.059891 0.158249
-0.180306 -0.059890 0.158253
-0.180326 -0.059886 0.158260
-0.180345 -0.059878 0.158270
-0.180376 -0.059869 0.158279
-0.180414 -0.059865 0.158285
-0.180473 -0.059862 0.158294
-0.180525 -0.059862 0.158302
-0.180582 -0.059860 0.158309
-0.180635 -0.059855 0.158315
-0.180693 -0.059846 0.158323
-0.180751 -0.059833 0.158334
-0.180792 -0.059821 0.158343
-0.180844 -0.059805 0.158357
-0.180883 -0.059793 0.158364
-0.180941 -0.059781 0.158371
-0.181005 -0.059775 0.158376
-0.181066 -0.059773 0.158380
-0.181119 -0.059769 0.158385
-0.181165 -0.059761 0.158392
-0.181209 -0.059756 0.158401
-0.181254 -0.059751 0.158407
-0.181316 -0.059752 0.158412
-0.181367 -0.059752 0.158418
-0.181423 -0.059751 0.158422
-0.181472 -0.059753 0.158426
-0.181539 -0.059753 0.158429
-0.181592 -0.059755 0.158433
-0.181652 -0.059756 0.158435
-0.181709 -0.059756 0.158439
-0.181764 -0.059760 0.158440
-0.181813 -0.059770 0.158439
-0.181870 -0.059781 0.158431
-0.181918 -0.059789 0.158425
-0.181964 -0.059797 0.158417
-0.182002 -0.059804 0.158409
-0.182042 -0.059813 0.158401
-0.182082 -0.059822 0.158394
-0.182129 -0.059835 0.158381
-0.182183 -0.059852 0.158371
-0.182223 -0.059862 0.158364
-0.182276 -0.059873 0.158357
-0.182310 -0.059882 0.158354
-0.182385 -0.059900 0.158347
-0.182452 -0.059921 0.158335
-0.182505 -0.059936 0.158321
-0.182550 -0.059949 0.158310
-0.182650 -0.059963 0.158296
-0.182712 -0.059964 0.158294
-0.182744 -0.059966 0.158293
-0.182827 -0.059967 0.158288
-0.182881 -0.059967 0.158280
-0.182922 -0.059965 0.158276
-0.182957 -0.059962 0.158272
-0.183032 -0.059957 0.158265
-0.183072 -0.059955 0.158260
-0.183106 -0.059955 0.158253
-0.183184 -0.059957 0.158237
-0.183236 -0.059958 0.158229
-0.183286 -0.059957 0.158225
-0.183340 -0.059958 0.158222
-0.183398 -0.059961 0.158221
-0.183450 -0.059966 0.158220
-0.183480 -0.059971 0.158216
-0.183563 -0.059984 0.158206
-0.183615 -0.059988 0.158195
-0.183652 -0.059989 0.158190
-0.183699 -0.059990 0.158182
-0.183742 -0.059992 0.158174
-0.183775 -0.059996 0.158167
-0.183795 -0.059998 0.158163
-0.183853 -0.060004 0.158155
-0.183894 -0.060007 0.158154
-0.183938 -0.060010 0.158152
-0.183989 -0.060015 0.158150
-0.184040 -0.060019 0.158151
-0.184085 -0.060017 0.158153
-0.184111 -0.060015 0.158155
-0.184182 -0.060008 0.158160
-0.184231 -0.060005 0.158163
-0.184280 -0.060001 0.158166
-0.184339 -0.059992 0.158173
-0.184400 -0.059978 0.158180
-0.184452 -0.059961 0.158188
-0.184485 -0.059950 0.158192
-0.184568 -0.059916 0.158200
-0.184620 -0.059892 0.158207
-0.184679 -0.059862 0.158214
-0.184729 -0.059833 0.158222
-0.184795 -0.059792 0.158233
-0.184840 -0.059763 0.158241
-0.184880 -0.059739 0.158247
-0.184971 -0.059688 0.158258
-0.185040 -0.059648 0.158263
-0.185090 -0.059617 0.158270
-0.185160 -0.059571 0.158281
-0.185235 -0.059520 0.158297
-0.185303 -0.059476 0.158309
-0.185372 -0.059431 0.158321
-0.185442 -0.059383 0.158332
-0.185492 -0.059350 0.158341
-0.185559 -0.059303 0.158351
-0.185670 -0.059226 0.158365
-0.185738 -0.059173 0.158373
-0.185815 -0.059112 0.158380
-0.185887 -0.059051 0.158390
-0.185940 -0.059004 0.158396
-0.186012 -0.058944 0.158407
-0.186081 -0.058887 0.158417
-0.186139 -0.058838 0.158425
-0.186205 -0.058783 0.158435
-0.186255 -0.058745 0.158443
-0.186296 -0.058712 0.158450
-0.186366 -0.058660 0.158468
-0.186450 -0.058600 0.158490
-0.186519 -0.058559 0.158504
-0.186564 -0.058532 0.158514
-0.186643 -0.058487 0.158533
-0.186718 -0.058445 0.158549
-0.186782 -0.058409 0.158563
-0.186795 -0.058401 0.158566
-0.186863 -0.058366 0.158581
-0.187009 -0.058281 0.158616
-0.187096 -0.058230 0.158640
-0.187178 -0.058180 0.158660
-0.187246 -0.058140 0.158678
-0.187312 -0.058102 0.158693
-0.187340 -0.058086 0.158699
-0.187460 -0.058026 0.158724
-0.187514 -0.058004 0.158732
-0.187578 -0.057978 0.158743
-0.187592 -0.057972 0.158746
-0.187696 -0.057930 0.158765
-0.187802 -0.057896 0.158782
-0.187851 -0.057887 0.158791
-0.187909 -0.057878 0.158798
-0.187971 -0.057871 0.158804
-0.188002 -0.057869 0.158805
-0.188089 -0.057868 0.158810
-0.188136 -0.057873 0.158809
-0.188182 -0.057881 0.158803
-0.188231 -0.057895 0.158794
-0.188271 -0.057911 0.158787
-0.188277 -0.057913 0.158786
-0.188347 -0.057957 0.158768
-0.188378 -0.057980 0.158760
-0.188407 -0.057998 0.158757
-0.188438 -0.058017 0.158753
-0.188468 -0.058031 0.158749
-0.188508 -0.058051 0.158742
-0.188535 -0.058064 0.158738
-0.188569 -0.058078 0.158736
-0.188600 -0.058084 0.158736
-0.188629 -0.058089 0.158737
-0.188665 -0.058092 0.158739
-0.188703 -0.058090 0.158743
-0.188733 -0.058085 0.158747
-0.188773 -0.058077 0.158754
-0.188797 -0.058071 0.158759
-0.188829 -0.058061 0.158767
-0.188857 -0.058051 0.158774
-0.188885 -0.058040 0.158781
-0.188915 -0.058025 0.158791
-0.188942 -0.058007 0.158803
-0.188963 -0.057990 0.158815
-0.188994 -0.057964 0.158834
-0.189013 -0.057949 0.158845
-0.189042 -0.057929 0.158860
-0.189073 -0.057913 0.158873
-0.189107 -0.057897 0.158883
-0.189119 -0.057893 0.158885
-0.189172 -0.057870 0.158901
-0.189211 -0.057853 0.158913
-0.189241 -0.057839 0.158925
-0.189276 -0.057821 0.158939
-0.189306 -0.057808 0.158950
-0.189346 -0.057792 0.158962
-0.189378 -0.057780 0.158971
-0.189421 -0.057764 0.158981
-0.189473 -0.057747 0.158993
-0.189523 -0.057735 0.158999
-0.189572 -0.057723 0.159005
-0.189619 -0.057712 0.159013
-0.189669 -0.057699 0.159020
-0.189719 -0.057685 0.159029
-0.189777 -0.057670 0.159037
-0.189837 -0.057650 0.159049
-0.189879 -0.057631 0.159061
-0.189887 -0.057627 0.159063
-0.189988 -0.057580 0.159098
-0.190045 -0.057549 0.159118
-0.190092 -0.057527 0.159134
-0.190101 -0.057523 0.159137
-0.190142 -0.057507 0.159148
-0.190199 -0.057490 0.159160
-0.190199 -0.057490 0.159160
-0.190255 -0.057477 0.159168
-0.190345 -0.057454 0.159183
-0.190459 -0.057422 0.159203
-0.190544 -0.057401 0.159216
-0.190588 -0.057391 0.159223
-0.190642 -0.057383 0.159227
-0.190705 -0.057381 0.159232
-0.190746 -0.057380 0.159235
-0.190787 -0.057377 0.159239
-0.190796 -0.057378 0.159239
-0.190864 -0.057385 0.159243
-0.190901 -0.057393 0.159242
-0.190935 -0.057398 0.159241
-0.190989 -0.057410 0.159240
-0.191024 -0.057417 0.159241
-0.191071 -0.057426 0.159242
-0.191112 -0.057434 0.159242
-0.191154 -0.057445 0.159241
-0.191200 -0.057457 0.159239
-0.191245 -0.057468 0.159237
-0.191289 -0.057477 0.159236
-0.191340 -0.057485 0.159235
-0.191376 -0.057488 0.159235
-0.191420 -0.057492 0.159236
-0.191469 -0.057495 0.159238
-0.191511 -0.057497 0.159242
-0.191551 -0.057494 0.159246
-0.191597 -0.057491 0.159251
-0.191629 -0.057489 0.159254
-0.191674 -0.057488 0.159258
-0.191708 -0.057487 0.159260
-0.191755 -0.057484 0.159264
-0.191796 -0.057480 0.159269
-0.191842 -0.057474 0.159276
-0.191878 -0.057472 0.159280
-0.191914 -0.057470 0.159284
-0.191947 -0.057470 0.159284
-0.191975 -0.057475 0.159284
-0.192003 -0.057479 0.159284
-0.192028 -0.057484 0.159284
-0.192055 -0.057491 0.159281
-0.192074 -0.057499 0.159279
-0.192092 -0.057510 0.159275
-0.192106 -0.057523 0.159271
-0.192121 -0.057535 0.159266
-0.192136 -0.057545 0.159263
-0.192153 -0.057552 0.159261
-0.192170 -0.057559 0.159258
-0.192177 -0.057562 0.159257
-0.192200 -0.057581 0.159249
-0.192212 -0.057590 0.159245
-0.192223 -0.057599 0.159242
-0.192224 -0.057599 0.159242
-0.192232 -0.057604 0.159240
-0.192249 -0.057606 0.159236
-0.192266 -0.057601 0.159234
-0.192275 -0.057597 0.159232
-0.192283 -0.057589 0.159231
-0.192284 -0.057585 0.159231
-0.192291 -0.057576 0.159229
-0.192302 -0.057556 0.159230
-0.192307 -0.057546 0.159229
-0.192311 -0.057533 0.159229
-0.192321 -0.057505 0.159228
-0.192335 -0.057470 0.159229
-0.192339 -0.057450 0.159233
-0.192342 -0.057425 0.159240
-0.192343 -0.057408 0.159244
-0.192342 -0.057385 0.159251
-0.192343 -0.057363 0.159259
-0.192347 -0.057344 0.159265
-0.192350 -0.057325 0.159273
-0.192353 -0.057300 0.159284
-0.192355 -0.057278 0.159292
-0.192355 -0.057255 0.159301
-0.192355 -0.057235 0.159308
-0.192356 -0.057211 0.159317
-0.192356 -0.057193 0.159324
-0.192352 -0.057173 0.159331
-0.192347 -0.057150 0.159340
-0.192341 -0.057126 0.159350
-0.192338 -0.057109 0.159356
-0.192329 -0.057091 0.159363
-0.192318 -0.057076 0.159369
-0.192306 -0.057063 0.159374
-0.192297 -0.057049 0.159381
-0.192292 -0.057034 0.159387
-0.192289 -0.057018 0.159395
-0.192285 -0.057000 0.159405
-0.192284 -0.056984 0.159414
-0.192283 -0.056972 0.159421
-0.192286 -0.056959 0.159428
-0.192289 -0.056943 0.159439
