x y z
-0.203502 -0.054876 0.164477
-0.203502 -0.054875 0.164476
-0.203501 -0.054877 0.164481
-0.203501 -0.054877 0.164481
-0.203501 -0.054878 0.164483
-0.203501 -0.054879 0.164484
-0.203501 -0.054879 0.164482
-0.203503 -0.054880 0.164479
-0.203501 -0.054878 0.164480
-0.203502 -0.054877 0.164476
-0.203501 -0.054880 0.164479
-0.203502 -0.054876 0.164475
-0.203502 -0.054876 0.164474
-0.203502 -0.054879 0.164477
-0.203502 -0.054878 0.164477
-0.203502 -0.054880 0.164477
-0.203502 -0.054879 0.164477
-0.203500 -0.054876 0.164478
-0.203498 -0.054873 0.164480
-0.203494 -0.054867 0.164483
-0.203491 -0.054863 0.164485
-0.203489 -0.054854 0.164489
-0.203489 -0.054851 0.164491
-0.203484 -0.054840 0.164498
-0.203482 -0.054829 0.164504
-0.203482 -0.054821 0.164510
-0.203479 -0.054813 0.164516
-0.203478 -0.054805 0.164520
-0.203476 -0.054794 0.164527
-0.203474 -0.054785 0.164533
-0.203473 -0.054772 0.164539
-0.203471 -0.054762 0.164545
-0.203470 -0.054750 0.164552
-0.203465 -0.054738 0.164562
-0.203457 -0.054728 0.164573
-0.203450 -0.054717 0.164582
-0.203442 -0.054698 0.164593
-0.203438 -0.054683 0.164602
-0.203433 -0.054666 0.164612
-0.203429 -0.054651 0.164623
-0.203425 -0.054637 0.164632
-0.203421 -0.054617 0.164643
-0.203416 -0.054595 0.164654
-0.203411 -0.054579 0.164663
-0.203400 -0.054557 0.164676
-0.203390 -0.054539 0.164690
-0.203383 -0.054519 0.164701
-0.203377 -0.054503 0.164710
-0.203373 -0.054485 0.164717
-0.203368 -0.054458 0.164729
-0.203363 -0.054440 0.164739
-0.203354 -0.054419 0.164748
-0.203347 -0.054396 0.164758
-0.203337 -0.054373 0.164768
-0.203327 -0.054353 0.164779
-0.203319 -0.054332 0.164792
-0.203311 -0.054312 0.164805
-0.203305 -0.054292 0.164817
-0.203301 -0.054270 0.164828
-0.203296 -0.054251 0.164838
-0.203292 -0.054232 0.164850
-0.203287 -0.054215 0.164862
-0.203279 -0.054198 0.164873
-0.203272 -0.054180 0.164884
-0.203262 -0.054161 0.164895
-0.203255 -0.054144 0.164903
-0.203250 -0.054129 0.164912
-0.203247 -0.054111 0.164922
-0.203246 -0.054096 0.164932
-0.203245 -0.054084 0.164938
-0.203244 -0.054065 0.164948
-0.203239 -0.054052 0.164959
-0.203234 -0.054038 0.164969
-0.203228 -0.054022 0.164981
-0.203223 -0.054009 0.164993
-0.203216 -0.053996 0.165006
-0.203214 -0.053981 0.165016
-0.203211 -0.053966 0.165025
-0.203210 -0.053945 0.165035
-0.203207 -0.053931 0.165043
-0.203204 -0.053912 0.165054
-0.203200 -0.053901 0.165061
-0.203194 -0.053880 0.165073
-0.203190 -0.053863 0.165080
-0.203184 -0.053846 0.165089
-0.203181 -0.053829 0.165097
-0.203178 -0.053811 0.165106
-0.203177 -0.053793 0.165115
-0.203177 -0.053779 0.165124
-0.203178 -0.053764 0.165132
-0.203177 -0.053753 0.165139
-0.203175 -0.053736 0.165147
-0.203172 -0.053722 0.165154
-0.203168 -0.053707 0.165159
-0.203164 -0.053696 0.165163
-0.203161 -0.053683 0.165169
-0.203159 -0.053671 0.165174
-0.203157 -0.053660 0.165179
-0.203154 -0.053649 0.165187
-0.203147 -0.053635 0.165192
-0.203140 -0.053622 0.165196
-0.203133 -0.053609 0.165198
-0.203127 -0.053594 0.165202
-0.203123 -0.053584 0.165204
-0.203116 -0.053567 0.165208
-0.203112 -0.053554 0.165210
-0.203107 -0.053543 0.165214
-0.203100 -0.053534 0.165217
-0.203093 -0.053526 0.165220
-0.203085 -0.053514 0.165223
-0.203079 -0.053506 0.165225
-0.203073 -0.053502 0.165226
-0.203066 -0.053494 0.165227
-0.203062 -0.053485 0.165229
-0.203058 -0.053479 0.165230
-0.203058 -0.053472 0.165231
-0.203058 -0.053471 0.165230
-0.203059 -0.053468 0.165229
-0.203058 -0.053468 0.165228
-0.203058 -0.053468 0.165226
-0.203058 -0.053468 0.165224
-0.203052 -0.053463 0.165220
-0.203048 -0.053464 0.165219
-0.203045 -0.053461 0.165217
-0.203042 -0.053462 0.165218
-0.203036 -0.053465 0.165221
-0.203034 -0.053467 0.165223
-0.203028 -0.053468 0.165223
-0.203018 -0.053470 0.165224
-0.203003 -0.053473 0.165228
-0.202992 -0.053473 0.165231
-0.202982 -0.053476 0.165233
-0.202968 -0.053478 0.165235
-0.202958 -0.053478 0.165237
-0.202945 -0.053479 0.165236
-0.202941 -0.053480 0.165235
-0.202937 -0.053479 0.165229
-0.202930 -0.053478 0.165215
-0.202926 -0.053478 0.165211
-0.202913 -0.053478 0.165201
-0.202908 -0.053480 0.165197
-0.202890 -0.053479 0.165184
-0.202878 -0.053477 0.165175
-0.202870 -0.053483 0.165168
-0.202863 -0.053485 0.165163
-0.202859 -0.053487 0.165159
-0.202853 -0.053488 0.165153
-0.202845 -0.053490 0.165146
-0.202842 -0.053490 0.165142
-0.202833 -0.053490 0.165132
-0.202824 -0.053490 0.165121
-0.202823 -0.053491 0.165118
-0.202809 -0.053498 0.165103
-0.202798 -0.053501 0.165093
-0.202782 -0.053509 0.165085
-0.202763 -0.053507 0.165078
-0.202742 -0.053519 0.165072
-0.202734 -0.053522 0.165069
-0.202701 -0.053531 0.165057
-0.202683 -0.053538 0.165051
-0.202668 -0.053546 0.165044
-0.202642 -0.053549 0.165035
-0.202618 -0.053564 0.165022
-0.202600 -0.053569 0.165012
-0.202571 -0.053575 0.165007
-0.202555 -0.053584 0.165003
-0.202530 -0.053597 0.164997
-0.202508 -0.053607 0.164992
-0.202478 -0.053617 0.164983
-0.202461 -0.053627 0.164978
-0.202425 -0.053651 0.164967
-0.202388 -0.053674 0.164959
-0.202342 -0.053704 0.164956
-0.202309 -0.053730 0.164956
-0.202272 -0.053763 0.164954
-0.202262 -0.053782 0.164955
-0.202244 -0.053813 0.164946
-0.202236 -0.053837 0.164939
-0.202228 -0.053880 0.164929
-0.202211 -0.053918 0.164918
-0.202202 -0.053965 0.164913
-0.202177 -0.054021 0.164902
-0.202166 -0.054046 0.164896
-0.202126 -0.054121 0.164887
-0.202102 -0.054161 0.164885
-0.202074 -0.054191 0.164885
-0.202028 -0.054238 0.164890
-0.201991 -0.054272 0.164891
-0.201969 -0.054291 0.164889
-0.201942 -0.054319 0.164885
-0.201930 -0.054330 0.164882
-0.201906 -0.054350 0.164882
-0.201880 -0.054367 0.164884
-0.201850 -0.054389 0.164887
-0.201821 -0.054409 0.164887
-0.201795 -0.054430 0.164882
-0.201772 -0.054450 0.164873
-0.201743 -0.054475 0.164862
-0.201720 -0.054490 0.164855
-0.201700 -0.054503 0.164851
-0.201680 -0.054514 0.164848
-0.201666 -0.054524 0.164843
-0.201659 -0.054530 0.164838
-0.201656 -0.054533 0.164834
-0.201650 -0.054537 0.164830
-0.201643 -0.054539 0.164828
-0.201639 -0.054541 0.164827
-0.201628 -0.054543 0.164826
-0.201609 -0.054548 0.164827
-0.201595 -0.054552 0.164829
-0.201584 -0.054553 0.164830
-0.201563 -0.054555 0.164830
-0.201548 -0.054555 0.164830
-0.201533 -0.054560 0.164829
-0.201519 -0.054559 0.164826
-0.201506 -0.054560 0.164823
-0.201499 -0.054559 0.164822
-0.201490 -0.054558 0.164820
-0.201478 -0.054557 0.164818
-0.201462 -0.054557 0.164818
-0.201457 -0.054557 0.164818
-0.201443 -0.054557 0.164819
-0.201435 -0.054558 0.164819
-0.201426 -0.054555 0.164820
-0.201418 -0.054550 0.164820
-0.201410 -0.054547 0.164820
-0.201404 -0.054545 0.164820
-0.201399 -0.054544 0.164821
-0.201394 -0.054541 0.164823
-0.201387 -0.054536 0.164823
-0.201378 -0.054532 0.164825
-0.201370 -0.054529 0.164826
-0.201365 -0.054524 0.164827
-0.201361 -0.054520 0.164827
-0.201354 -0.054516 0.164828
-0.201344 -0.054514 0.164829
-0.201334 -0.054512 0.164832
-0.201326 -0.054510 0.164834
-0.201318 -0.054508 0.164836
-0.201312 -0.054509 0.164839
-0.201310 -0.054511 0.164841
-0.201308 -0.054513 0.164842
-0.201308 -0.054513 0.164845
-0.201308 -0.054512 0.164844
-0.201308 -0.054516 0.164846
-0.201311 -0.054518 0.164847
-0.201312 -0.054521 0.164850
-0.201309 -0.054525 0.164853
-0.201308 -0.054527 0.164856
-0.201309 -0.054528 0.164859
-0.201306 -0.054530 0.164862
-0.201306 -0.054530 0.164864
-0.201307 -0.054529 0.164866
-0.201307 -0.054529 0.164869
-0.201306 -0.054527 0.164871
-0.201306 -0.054525 0.164873
-0.201303 -0.054520 0.164875
-0.201295 -0.054512 0.164879
-0.201291 -0.054505 0.164881
-0.201288 -0.054500 0.164882
-0.201290 -0.054500 0.164884
-0.201290 -0.054496 0.164884
-0.201290 -0.054496 0.164885
-0.201290 -0.054493 0.164885
-0.201288 -0.054492 0.164885
-0.201286 -0.054489 0.164885
-0.201286 -0.054489 0.164885
-0.201284 -0.054487 0.164887
-0.201285 -0.054485 0.164888
-0.201287 -0.054481 0.164889
-0.201291 -0.054478 0.164891
-0.201291 -0.054474 0.164892
-0.201294 -0.054472 0.164893
-0.201297 -0.054465 0.164894
-0.201297 -0.054461 0.164894
-0.201297 -0.054454 0.164894
-0.201297 -0.054450 0.164894
-0.201297 -0.054449 0.164894
-0.201297 -0.054446 0.164895
-0.201298 -0.054443 0.164894
-0.201298 -0.054443 0.164896
-0.201297 -0.054442 0.164897
-0.201297 -0.054442 0.164897
-0.201296 -0.054442 0.164897
-0.201294 -0.054443 0.164899
-0.201293 -0.054444 0.164899
-0.201291 -0.054445 0.164901
-0.201291 -0.054445 0.164900
-0.201290 -0.054447 0.164899
-0.201290 -0.054448 0.164899
-0.201289 -0.054454 0.164899
-0.201289 -0.054458 0.164899
-0.201289 -0.054459 0.164899
-0.201289 -0.054461 0.164899
-0.201289 -0.054463 0.164901
-0.201290 -0.054465 0.164901
-0.201290 -0.054467 0.164902
-0.201292 -0.054468 0.164905
-0.201294 -0.054466 0.164908
-0.201296 -0.054467 0.164909
-0.201299 -0.054464 0.164910
-0.201300 -0.054463 0.164909
-0.201301 -0.054461 0.164909
-0.201303 -0.054457 0.164908
-0.201303 -0.054458 0.164910
-0.201304 -0.054455 0.164910
-0.201305 -0.054456 0.164911
-0.201305 -0.054454 0.164912
-0.201307 -0.054454 0.164914
-0.201308 -0.054452 0.164913
-0.201309 -0.054451 0.164913
-0.201308 -0.054450 0.164913
-0.201307 -0.054450 0.164912
-0.201306 -0.054452 0.164911
-0.201304 -0.054453 0.164911
-0.201304 -0.054454 0.164911
-0.201301 -0.054457 0.164915
-0.201300 -0.054459 0.164917
-0.201299 -0.054462 0.164920
-0.201298 -0.054461 0.164920
-0.201298 -0.054463 0.164922
-0.201298 -0.054462 0.164922
-0.201298 -0.054462 0.164922
-0.201297 -0.054462 0.164922
-0.201297 -0.054463 0.164922
-0.201299 -0.054463 0.164925
-0.201300 -0.054465 0.164928
-0.201301 -0.054464 0.164930
-0.201304 -0.054465 0.164931
-0.201308 -0.054466 0.164933
-0.201314 -0.054465 0.164934
-0.201317 -0.054464 0.164935
-0.201319 -0.054463 0.164934
-0.201323 -0.054466 0.164934
-0.201324 -0.054465 0.164934
-0.201324 -0.054464 0.164933
-0.201326 -0.054464 0.164932
-0.201323 -0.054464 0.164932
-0.201319 -0.054465 0.164932
-0.201318 -0.054465 0.164933
-0.201316 -0.054464 0.164934
-0.201316 -0.054462 0.164934
-0.201314 -0.054461 0.164934
-0.201313 -0.054460 0.164934
-0.201312 -0.054457 0.164933
-0.201312 -0.054452 0.164932
-0.201311 -0.054450 0.164931
-0.201313 -0.054450 0.164929
-0.201318 -0.054448 0.164926
-0.201324 -0.054447 0.164925
-0.201327 -0.054446 0.164924
-0.201329 -0.054447 0.164924
-0.201330 -0.054449 0.164923
-0.201332 -0.054450 0.164923
-0.201331 -0.054449 0.164923
-0.201332 -0.054451 0.164923
-0.201333 -0.054451 0.164922
-0.201332 -0.054450 0.164920
-0.201334 -0.054449 0.164918
-0.201336 -0.054450 0.164918
-0.201339 -0.054448 0.164916
-0.201345 -0.054446 0.164916
-0.201351 -0.054446 0.164916
-0.201352 -0.054443 0.164916
-0.201356 -0.054441 0.164918
-0.201364 -0.054434 0.164921
-0.201367 -0.054431 0.164925
-0.201372 -0.054429 0.164927
-0.201375 -0.054428 0.164928
-0.201375 -0.054427 0.164928
-0.201376 -0.054426 0.164927
-0.201375 -0.054426 0.164927
-0.201376 -0.054425 0.164928
-0.201377 -0.054423 0.164930
-0.201381 -0.054424 0.164931
-0.201383 -0.054424 0.164933
-0.201383 -0.054423 0.164933
-0.201390 -0.054422 0.164936
-0.201394 -0.054422 0.164935
-0.201403 -0.054422 0.164935
-0.201412 -0.054423 0.164934
-0.201417 -0.054424 0.164934
-0.201424 -0.054424 0.164933
-0.201429 -0.054425 0.164932
-0.201434 -0.054427 0.164932
-0.201438 -0.054430 0.164933
-0.201442 -0.054431 0.164933
-0.201444 -0.054434 0.164935
-0.201445 -0.054435 0.164935
-0.201448 -0.054434 0.164935
-0.201451 -0.054436 0.164934
-0.201452 -0.054434 0.164934
-0.201450 -0.054430 0.164936
-0.201448 -0.054427 0.164936
-0.201448 -0.054423 0.164936
-0.201449 -0.054418 0.164936
-0.201449 -0.054415 0.164938
-0.201450 -0.054412 0.164939
-0.201450 -0.054409 0.164940
-0.201451 -0.054406 0.164941
-0.201452 -0.054405 0.164941
-0.201452 -0.054405 0.164943
-0.201452 -0.054406 0.164945
-0.201452 -0.054408 0.164946
-0.201452 -0.054409 0.164947
-0.201452 -0.054408 0.164947
-0.201450 -0.054408 0.164947
-0.201448 -0.054410 0.164946
-0.201448 -0.054411 0.164947
-0.201448 -0.054412 0.164946
-0.201446 -0.054413 0.164946
-0.201445 -0.054414 0.164946
-0.201444 -0.054414 0.164948
-0.201444 -0.054414 0.164948
-0.201443 -0.054413 0.164950
-0.201445 -0.054413 0.164951
-0.201449 -0.054411 0.164951
-0.201452 -0.054411 0.164951
-0.201458 -0.054409 0.164952
-0.201463 -0.054407 0.164952
-0.201465 -0.054408 0.164952
-0.201464 -0.054409 0.164952
-0.201461 -0.054409 0.164953
-0.201459 -0.054409 0.164953
-0.201457 -0.054410 0.164953
-0.201455 -0.054413 0.164953
-0.201453 -0.054413 0.164953
-0.201451 -0.054416 0.164953
-0.201447 -0.054416 0.164952
-0.201445 -0.054418 0.164952
-0.201443 -0.054418 0.164952
-0.201443 -0.054418 0.164953
-0.201443 -0.054415 0.164954
-0.201443 -0.054415 0.164954
-0.201444 -0.054412 0.164957
-0.201450 -0.054411 0.164958
-0.201454 -0.054412 0.164958
-0.201461 -0.054411 0.164958
-0.201464 -0.054412 0.164959
-0.201466 -0.054413 0.164961
-0.201466 -0.054412 0.164961
-0.201466 -0.054413 0.164963
-0.201466 -0.054412 0.164961
-0.201466 -0.054412 0.164959
-0.201467 -0.054410 0.164958
-0.201468 -0.054410 0.164957
-0.201470 -0.054410 0.164956
-0.201471 -0.054408 0.164955
-0.201471 -0.054405 0.164954
-0.201474 -0.054404 0.164953
-0.201476 -0.054402 0.164953
-0.201478 -0.054400 0.164952
-0.201480 -0.054398 0.164952
-0.201485 -0.054397 0.164953
-0.201490 -0.054396 0.164952
-0.201496 -0.054395 0.164952
-0.201497 -0.054395 0.164952
-0.201497 -0.054394 0.164952
-0.201495 -0.054393 0.164951
-0.201493 -0.054393 0.164952
-0.201493 -0.054391 0.164950
-0.201494 -0.054391 0.164950
-0.201493 -0.054391 0.164948
-0.201493 -0.054391 0.164948
-0.201496 -0.054390 0.164947
-0.201497 -0.054392 0.164948
-0.201496 -0.054392 0.164948
-0.201497 -0.054390 0.164946
-0.201498 -0.054391 0.164947
-0.201499 -0.054390 0.164947
-0.201499 -0.054391 0.164947
-0.201499 -0.054390 0.164948
-0.201499 -0.054390 0.164948
-0.201499 -0.054390 0.164948
-0.201501 -0.054389 0.164949
-0.201499 -0.054389 0.164949
-0.201493 -0.054390 0.164950
-0.201491 -0.054388 0.164951
-0.201486 -0.054388 0.164952
-0.201483 -0.054386 0.164951
-0.201480 -0.054385 0.164952
-0.201478 -0.054383 0.164952
-0.201476 -0.054380 0.164952
-0.201476 -0.054377 0.164954
-0.201475 -0.054376 0.164955
-0.201475 -0.054376 0.164957
-0.201473 -0.054375 0.164958
-0.201470 -0.054376 0.164960
-0.201469 -0.054375 0.164961
-0.201468 -0.054375 0.164962
-0.201466 -0.054374 0.164962
-0.201465 -0.054373 0.164963
-0.201465 -0.054375 0.164964
-0.201463 -0.054376 0.164964
-0.201461 -0.054377 0.164965
-0.201460 -0.054377 0.164965
-0.201461 -0.054379 0.164966
-0.201461 -0.054379 0.164966
-0.201461 -0.054381 0.164965
-0.201462 -0.054382 0.164964
-0.201464 -0.054383 0.164965
-0.201464 -0.054383 0.164965
-0.201466 -0.054383 0.164965
-0.201466 -0.054383 0.164965
-0.201467 -0.054384 0.164964
-0.201467 -0.054386 0.164964
-0.201468 -0.054385 0.164964
-0.201469 -0.054384 0.164963
-0.201472 -0.054383 0.164965
-0.201474 -0.054381 0.164964
-0.201474 -0.054379 0.164963
-0.201475 -0.054377 0.164963
-0.201474 -0.054376 0.164961
-0.201474 -0.054372 0.164961
-0.201473 -0.054370 0.164960
-0.201474 -0.054367 0.164959
-0.201475 -0.054363 0.164957
-0.201476 -0.054362 0.164956
-0.201478 -0.054360 0.164956
-0.201481 -0.054358 0.164954
-0.201485 -0.054356 0.164954
-0.201488 -0.054354 0.164954
-0.201490 -0.054355 0.164953
-0.201497 -0.054353 0.164953
-0.201500 -0.054354 0.164954
-0.201505 -0.054353 0.164955
-0.201509 -0.054355 0.164957
-0.201512 -0.054353 0.164958
-0.201517 -0.054352 0.164958
-0.201518 -0.054352 0.164958
-0.201520 -0.054353 0.164959
-0.201520 -0.054352 0.164959
-0.201521 -0.054351 0.164959
-0.201523 -0.054350 0.164958
-0.201524 -0.054350 0.164958
-0.201526 -0.054349 0.164960
-0.201526 -0.054349 0.164962
-0.201528 -0.054347 0.164964
-0.201529 -0.054348 0.164966
-0.201530 -0.054346 0.164966
-0.201532 -0.054347 0.164967
-0.201535 -0.054347 0.164968
-0.201537 -0.054347 0.164968
-0.201537 -0.054351 0.164969
-0.201539 -0.054353 0.164970
-0.201537 -0.054356 0.164971
-0.201535 -0.054356 0.164971
-0.201532 -0.054358 0.164971
-0.201532 -0.054360 0.164972
-0.201531 -0.054362 0.164973
-0.201531 -0.054363 0.164974
-0.201531 -0.054365 0.164974
-0.201531 -0.054367 0.164975
-0.201530 -0.054368 0.164976
-0.201530 -0.054368 0.164976
-0.201531 -0.054369 0.164976
-0.201533 -0.054369 0.164976
-0.201533 -0.054370 0.164978
-0.201533 -0.054370 0.164978
-0.201533 -0.054370 0.164978
-0.201533 -0.054369 0.164978
-0.201533 -0.054368 0.164980
-0.201532 -0.054368 0.164980
-0.201533 -0.054367 0.164980
-0.201526 -0.054365 0.164982
-0.201523 -0.054365 0.164982
-0.201517 -0.054362 0.164985
-0.201517 -0.054361 0.164987
-0.201517 -0.054362 0.164988
-0.201516 -0.054359 0.164988
-0.201517 -0.054358 0.164989
-0.201520 -0.054359 0.164989
-0.201521 -0.054359 0.164989
-0.201523 -0.054357 0.164990
-0.201526 -0.054356 0.164991
-0.201527 -0.054357 0.164991
-0.201526 -0.054356 0.164991
-0.201526 -0.054356 0.164990
-0.201529 -0.054354 0.164989
-0.201530 -0.054354 0.164989
-0.201534 -0.054354 0.164988
-0.201537 -0.054354 0.164987
-0.201537 -0.054356 0.164986
-0.201538 -0.054357 0.164987
-0.201538 -0.054358 0.164987
-0.201539 -0.054360 0.164988
-0.201540 -0.054361 0.164988
-0.201541 -0.054361 0.164989
-0.201543 -0.054362 0.164988
-0.201544 -0.054363 0.164988
-0.201545 -0.054363 0.164990
-0.201545 -0.054361 0.164990
-0.201547 -0.054359 0.164992
-0.201547 -0.054357 0.164995
-0.201545 -0.054355 0.164996
-0.201544 -0.054352 0.164996
-0.201543 -0.054349 0.164996
-0.201542 -0.054348 0.164997
-0.201542 -0.054344 0.164997
-0.201541 -0.054341 0.164999
-0.201541 -0.054338 0.164999
-0.201541 -0.054335 0.165001
-0.201540 -0.054329 0.165003
-0.201545 -0.054325 0.165005
-0.201550 -0.054325 0.165006
-0.201554 -0.054325 0.165006
-0.201558 -0.054323 0.165007
-0.201561 -0.054323 0.165008
-0.201563 -0.054325 0.165008
-0.201564 -0.054324 0.165010
-0.201567 -0.054326 0.165011
-0.201568 -0.054326 0.165012
-0.201569 -0.054325 0.165013
-0.201570 -0.054324 0.165012
-0.201570 -0.054324 0.165012
-0.201572 -0.054324 0.165012
-0.201574 -0.054324 0.165013
-0.201576 -0.054326 0.165014
-0.201578 -0.054327 0.165014
-0.201580 -0.054326 0.165017
-0.201580 -0.054325 0.165017
-0.201580 -0.054325 0.165018
-0.201582 -0.054325 0.165018
-0.201586 -0.054324 0.165018
-0.201590 -0.054324 0.165019
-0.201593 -0.054323 0.165020
-0.201597 -0.054321 0.165021
-0.201599 -0.054320 0.165020
-0.201600 -0.054320 0.165020
-0.201604 -0.054318 0.165020
-0.201607 -0.054317 0.165021
-0.201610 -0.054315 0.165020
-0.201612 -0.054313 0.165019
-0.201615 -0.054311 0.165020
-0.201618 -0.054308 0.165018
-0.201620 -0.054304 0.165017
-0.201625 -0.054301 0.165016
-0.201630 -0.054296 0.165015
-0.201631 -0.054291 0.165014
-0.201632 -0.054287 0.165014
-0.201634 -0.054280 0.165013
-0.201634 -0.054277 0.165012
-0.201635 -0.054272 0.165011
-0.201635 -0.054266 0.165010
-0.201635 -0.054261 0.165010
-0.201635 -0.054258 0.165009
-0.201635 -0.054256 0.165009
-0.201635 -0.054252 0.165009
-0.201636 -0.054249 0.165010
-0.201636 -0.054246 0.165011
-0.201635 -0.054246 0.165013
-0.201634 -0.054244 0.165015
-0.201632 -0.054242 0.165016
-0.201630 -0.054240 0.165017
-0.201628 -0.054235 0.165017
-0.201626 -0.054233 0.165017
-0.201622 -0.054230 0.165017
-0.201620 -0.054228 0.165017
-0.201618 -0.054226 0.165018
-0.201616 -0.054223 0.165019
-0.201615 -0.054221 0.165020
-0.201615 -0.054220 0.165021
-0.201614 -0.054219 0.165022
-0.201614 -0.054219 0.165023
-0.201615 -0.054218 0.165023
-0.201615 -0.054216 0.165025
-0.201616 -0.054216 0.165025
-0.201619 -0.054215 0.165026
-0.201621 -0.054215 0.165028
-0.201622 -0.054213 0.165027
-0.201621 -0.054211 0.165028
-0.201619 -0.054210 0.165029
-0.201608 -0.054208 0.165029
-0.201606 -0.054208 0.165030
-0.201600 -0.054206 0.165031
-0.201596 -0.054209 0.165032
-0.201593 -0.054211 0.165033
-0.201593 -0.054212 0.165036
-0.201589 -0.054213 0.165038
-0.201588 -0.054213 0.165040
-0.201585 -0.054213 0.165042
-0.201583 -0.054213 0.165044
-0.201583 -0.054215 0.165047
-0.201581 -0.054216 0.165049
-0.201579 -0.054217 0.165053
-0.201577 -0.054216 0.165053
-0.201576 -0.054217 0.165055
-0.201573 -0.054220 0.165057
-0.201567 -0.054221 0.165057
-0.201565 -0.054222 0.165058
-0.201561 -0.054225 0.165059
-0.201557 -0.054227 0.165060
-0.201555 -0.054229 0.165060
-0.201555 -0.054227 0.165061
-0.201554 -0.054227 0.165061
-0.201553 -0.054227 0.165063
-0.201552 -0.054226 0.165064
-0.201555 -0.054225 0.165066
-0.201554 -0.054222 0.165069
-0.201553 -0.054218 0.165070
-0.201551 -0.054218 0.165070
-0.201552 -0.054216 0.165071
-0.201549 -0.054212 0.165071
-0.201547 -0.054208 0.165071
-0.201544 -0.054206 0.165071
-0.201541 -0.054202 0.165073
-0.201540 -0.054200 0.165073
-0.201536 -0.054198 0.165074
-0.201534 -0.054195 0.165074
-0.201532 -0.054194 0.165077
-0.201527 -0.054192 0.165078
-0.201522 -0.054190 0.165079
-0.201520 -0.054189 0.165080
-0.201518 -0.054186 0.165080
-0.201516 -0.054186 0.165081
-0.201514 -0.054186 0.165083
-0.201514 -0.054184 0.165084
-0.201514 -0.054183 0.165085
-0.201514 -0.054181 0.165085
-0.201512 -0.054179 0.165088
-0.201513 -0.054177 0.165088
-0.201513 -0.054175 0.165090
-0.201511 -0.054172 0.165092
-0.201509 -0.054171 0.165093
-0.201511 -0.054168 0.165096
-0.201511 -0.054167 0.165097
-0.201511 -0.054163 0.165097
-0.201511 -0.054160 0.165097
-0.201511 -0.054156 0.165098
-0.201511 -0.054155 0.165098
-0.201509 -0.054152 0.165099
-0.201509 -0.054150 0.165099
-0.201506 -0.054146 0.165101
-0.201502 -0.054143 0.165101
-0.201499 -0.054139 0.165102
-0.201497 -0.054135 0.165104
-0.201494 -0.054131 0.165105
-0.201493 -0.054127 0.165106
-0.201491 -0.054122 0.165106
-0.201491 -0.054119 0.165107
-0.201490 -0.054118 0.165108
-0.201489 -0.054117 0.165108
-0.201486 -0.054116 0.165111
-0.201483 -0.054116 0.165113
-0.201482 -0.054117 0.165114
-0.201481 -0.054117 0.165115
-0.201480 -0.054118 0.165116
-0.201480 -0.054118 0.165116
-0.201478 -0.054118 0.165117
-0.201477 -0.054119 0.165119
-0.201476 -0.054119 0.165120
-0.201475 -0.054119 0.165122
-0.201475 -0.054120 0.165124
-0.201475 -0.054120 0.165125
-0.201475 -0.054120 0.165126
-0.201475 -0.054120 0.165126
-0.201473 -0.054118 0.165129
-0.201473 -0.054119 0.165130
-0.201473 -0.054118 0.165130
-0.201474 -0.054118 0.165131
-0.201474 -0.054118 0.165132
-0.201475 -0.054118 0.165133
-0.201475 -0.054118 0.165133
-0.201475 -0.054118 0.165134
-0.201476 -0.054117 0.165134
-0.201476 -0.054118 0.165135
-0.201477 -0.054118 0.165136
-0.201478 -0.054117 0.165136
-0.201477 -0.054117 0.165136
-0.201475 -0.054117 0.165136
-0.201474 -0.054119 0.165137
-0.201473 -0.054119 0.165137
-0.201471 -0.054119 0.165137
-0.201471 -0.054118 0.165136
-0.201472 -0.054117 0.165136
-0.201472 -0.054117 0.165136
-0.201473 -0.054116 0.165137
-0.201472 -0.054116 0.165137
-0.201475 -0.054114 0.165138
-0.201476 -0.054113 0.165138
-0.201478 -0.054113 0.165139
-0.201481 -0.054110 0.165138
-0.201486 -0.054109 0.165138
-0.201490 -0.054107 0.165138
-0.201493 -0.054107 0.165139
-0.201496 -0.054107 0.165138
-0.201497 -0.054107 0.165137
-0.201498 -0.054106 0.165136
-0.201499 -0.054104 0.165136
-0.201500 -0.054106 0.165136
-0.201503 -0.054105 0.165135
-0.201507 -0.054108 0.165134
-0.201511 -0.054110 0.165134
-0.201517 -0.054110 0.165133
-0.201521 -0.054112 0.165133
-0.201527 -0.054113 0.165132
-0.201528 -0.054113 0.165132
-0.201530 -0.054114 0.165132
-0.201528 -0.054114 0.165132
-0.201526 -0.054115 0.165133
-0.201526 -0.054115 0.165133
-0.201526 -0.054114 0.165134
-0.201525 -0.054114 0.165136
-0.201523 -0.054113 0.165137
-0.201522 -0.054109 0.165138
-0.201521 -0.054108 0.165138
-0.201519 -0.054103 0.165140
-0.201514 -0.054100 0.165143
-0.201512 -0.054095 0.165142
-0.201511 -0.054092 0.165143
-0.201509 -0.054085 0.165142
-0.201510 -0.054081 0.165142
-0.201510 -0.054080 0.165143
-0.201509 -0.054076 0.165144
-0.201511 -0.054074 0.165144
-0.201510 -0.054072 0.165146
-0.201510 -0.054070 0.165147
-0.201509 -0.054069 0.165148
-0.201509 -0.054067 0.165149
-0.201509 -0.054066 0.165149
-0.201511 -0.054067 0.165150
-0.201513 -0.054067 0.165150
-0.201515 -0.054065 0.165150
-0.201517 -0.054065 0.165151
-0.201518 -0.054063 0.165153
-0.201519 -0.054063 0.165154
-0.201517 -0.054061 0.165154
-0.201516 -0.054059 0.165157
-0.201515 -0.054054 0.165157
-0.201514 -0.054053 0.165159
-0.201513 -0.054052 0.165161
-0.201513 -0.054050 0.165163
-0.201513 -0.054048 0.165164
-0.201512 -0.054046 0.165166
-0.201512 -0.054045 0.165167
-0.201510 -0.054043 0.165168
-0.201509 -0.054042 0.165168
-0.201506 -0.054041 0.165169
-0.201507 -0.054041 0.165169
-0.201506 -0.054042 0.165171
-0.201505 -0.054043 0.165171
-0.201506 -0.054043 0.165171
-0.201507 -0.054043 0.165171
-0.201508 -0.054043 0.165171
-0.201509 -0.054043 0.165173
-0.201509 -0.054043 0.165173
-0.201507 -0.054044 0.165176
-0.201506 -0.054044 0.165177
-0.201506 -0.054043 0.165178
-0.201508 -0.054040 0.165178
-0.201509 -0.054038 0.165179
-0.201511 -0.054036 0.165180
-0.201511 -0.054033 0.165181
-0.201511 -0.054032 0.165184
-0.201511 -0.054029 0.165185
-0.201513 -0.054026 0.165186
-0.201513 -0.054023 0.165186
-0.201511 -0.054021 0.165187
-0.201509 -0.054019 0.165188
-0.201509 -0.054016 0.165187
-0.201509 -0.054014 0.165187
-0.201509 -0.054012 0.165188
-0.201509 -0.054010 0.165190
-0.201507 -0.054009 0.165191
-0.201506 -0.054009 0.165192
-0.201503 -0.054006 0.165192
-0.201502 -0.054005 0.165191
-0.201501 -0.054004 0.165191
-0.201502 -0.054004 0.165191
-0.201503 -0.054004 0.165191
-0.201505 -0.054004 0.165191
-0.201506 -0.054004 0.165191
-0.201505 -0.054005 0.165192
-0.201506 -0.054005 0.165192
-0.201507 -0.054003 0.165192
-0.201505 -0.054003 0.165192
-0.201504 -0.054001 0.165191
-0.201502 -0.053999 0.165190
-0.201503 -0.053996 0.165190
-0.201504 -0.053994 0.165190
-0.201504 -0.053994 0.165190
-0.201505 -0.053992 0.165190
-0.201506 -0.053989 0.165191
-0.201504 -0.053985 0.165191
-0.201501 -0.053983 0.165192
-0.201498 -0.053981 0.165193
-0.201494 -0.053980 0.165193
-0.201492 -0.053977 0.165194
-0.201491 -0.053976 0.165195
-0.201490 -0.053973 0.165195
-0.201490 -0.053973 0.165194
-0.201488 -0.053973 0.165194
-0.201487 -0.053973 0.165195
-0.201485 -0.053974 0.165198
-0.201481 -0.053975 0.165200
-0.201477 -0.053976 0.165202
-0.201474 -0.053971 0.165205
-0.201473 -0.053970 0.165205
-0.201471 -0.053970 0.165207
-0.201471 -0.053971 0.165209
-0.201470 -0.053972 0.165213
-0.201469 -0.053972 0.165214
-0.201467 -0.053970 0.165216
-0.201468 -0.053968 0.165216
-0.201467 -0.053967 0.165218
-0.201466 -0.053966 0.165218
-0.201465 -0.053968 0.165221
-0.201466 -0.053965 0.165220
-0.201466 -0.053965 0.165220
-0.201466 -0.053962 0.165219
-0.201465 -0.053962 0.165219
-0.201465 -0.053963 0.165220
-0.201464 -0.053961 0.165219
-0.201462 -0.053960 0.165219
-0.201460 -0.053961 0.165219
-0.201459 -0.053960 0.165219
-0.201459 -0.053960 0.165220
-0.201459 -0.053958 0.165220
-0.201459 -0.053957 0.165220
-0.201458 -0.053958 0.165222
-0.201458 -0.053957 0.165223
-0.201458 -0.053958 0.165225
-0.201457 -0.053958 0.165226
-0.201457 -0.053956 0.165226
-0.201459 -0.053956 0.165227
-0.201454 -0.053954 0.165227
-0.201451 -0.053953 0.165228
-0.201448 -0.053952 0.165227
-0.201446 -0.053951 0.165228
-0.201442 -0.053949 0.165228
-0.201442 -0.053949 0.165228
-0.201439 -0.053946 0.165229
-0.201438 -0.053945 0.165230
-0.201437 -0.053942 0.165231
-0.201436 -0.053939 0.165231
-0.201437 -0.053938 0.165232
-0.201438 -0.053936 0.165232
-0.201438 -0.053935 0.165233
-0.201439 -0.053933 0.165233
-0.201440 -0.053932 0.165233
-0.201441 -0.053931 0.165232
-0.201441 -0.053931 0.165232
-0.201440 -0.053931 0.165232
-0.201439 -0.053934 0.165233
-0.201438 -0.053934 0.165233
-0.201436 -0.053934 0.165232
-0.201435 -0.053936 0.165233
-0.201434 -0.053937 0.165233
-0.201433 -0.053936 0.165231
-0.201431 -0.053936 0.165232
-0.201430 -0.053937 0.165233
-0.201429 -0.053935 0.165232
-0.201428 -0.053937 0.165234
-0.201426 -0.053938 0.165234
-0.201424 -0.053940 0.165235
-0.201423 -0.053941 0.165235
-0.201422 -0.053938 0.165235
-0.201419 -0.053938 0.165236
-0.201418 -0.053937 0.165236
-0.201418 -0.053939 0.165237
-0.201416 -0.053938 0.165236
-0.201415 -0.053936 0.165236
-0.201414 -0.053936 0.165237
-0.201414 -0.053936 0.165237
-0.201414 -0.053936 0.165237
-0.201413 -0.053934 0.165237
-0.201412 -0.053934 0.165237
-0.201411 -0.053934 0.165237
-0.201412 -0.053932 0.165237
-0.201412 -0.053932 0.165237
-0.201413 -0.053932 0.165237
-0.201413 -0.053931 0.165237
-0.201415 -0.053929 0.165237
-0.201415 -0.053928 0.165236
-0.201416 -0.053925 0.165238
-0.201416 -0.053923 0.165237
-0.201416 -0.053922 0.165237
-0.201416 -0.053920 0.165239
-0.201417 -0.053918 0.165238
-0.201417 -0.053917 0.165238
-0.201417 -0.053915 0.165238
-0.201417 -0.053914 0.165238
-0.201417 -0.053912 0.165238
-0.201418 -0.053911 0.165238
-0.201418 -0.053908 0.165238
-0.201418 -0.053907 0.165238
-0.201416 -0.053907 0.165239
-0.201415 -0.053907 0.165239
-0.201415 -0.053908 0.165240
-0.201416 -0.053908 0.165240
-0.201416 -0.053909 0.165240
-0.201417 -0.053909 0.165240
-0.201417 -0.053909 0.165239
-0.201417 -0.053909 0.165239
-0.201416 -0.053909 0.165239
-0.201418 -0.053908 0.165240
-0.201418 -0.053907 0.165241
-0.201418 -0.053907 0.165242
-0.201418 -0.053907 0.165242
-0.201417 -0.053906 0.165243
-0.201417 -0.053906 0.165244
-0.201417 -0.053904 0.165245
-0.201417 -0.053903 0.165246
-0.201418 -0.053901 0.165247
-0.201418 -0.053898 0.165247
-0.201418 -0.053898 0.165247
-0.201419 -0.053897 0.165248
-0.201420 -0.053897 0.165248
-0.201419 -0.053896 0.165249
-0.201419 -0.053897 0.165249
-0.201418 -0.053896 0.165251
-0.201418 -0.053895 0.165252
-0.201418 -0.053896 0.165252
-0.201417 -0.053895 0.165252
-0.201417 -0.053895 0.165253
-0.201417 -0.053895 0.165253
-0.201417 -0.053896 0.165255
-0.201417 -0.053897 0.165256
-0.201417 -0.053897 0.165257
-0.201418 -0.053899 0.165257
-0.201419 -0.053900 0.165257
-0.201421 -0.053899 0.165259
-0.201421 -0.053899 0.165260
-0.201423 -0.053898 0.165261
-0.201423 -0.053898 0.165262
-0.201423 -0.053898 0.165263
-0.201424 -0.053896 0.165264
-0.201425 -0.053896 0.165265
-0.201424 -0.053896 0.165266
-0.201425 -0.053895 0.165267
-0.201426 -0.053893 0.165266
-0.201428 -0.053891 0.165266
-0.201429 -0.053890 0.165265
-0.201429 -0.053888 0.165265
-0.201429 -0.053887 0.165263
-0.201427 -0.053885 0.165263
-0.201426 -0.053886 0.165263
-0.201425 -0.053885 0.165262
-0.201426 -0.053884 0.165262
-0.201426 -0.053883 0.165262
-0.201426 -0.053883 0.165261
-0.201426 -0.053881 0.165261
-0.201426 -0.053882 0.165262
-0.201427 -0.053879 0.165261
-0.201429 -0.053877 0.165261
-0.201429 -0.053875 0.165261
-0.201429 -0.053872 0.165261
-0.201430 -0.053872 0.165261
-0.201433 -0.053872 0.165262
-0.201436 -0.053872 0.165262
-0.201439 -0.053869 0.165261
-0.201443 -0.053869 0.165261
-0.201445 -0.053870 0.165261
-0.201448 -0.053867 0.165261
-0.201450 -0.053866 0.165261
-0.201454 -0.053864 0.165261
-0.201456 -0.053864 0.165260
-0.201460 -0.053867 0.165259
-0.201461 -0.053867 0.165259
-0.201463 -0.053869 0.165259
-0.201464 -0.053871 0.165260
-0.201465 -0.053873 0.165261
-0.201465 -0.053875 0.165261
-0.201467 -0.053877 0.165263
-0.201465 -0.053878 0.165266
-0.201463 -0.053879 0.165269
-0.201463 -0.053880 0.165270
-0.201461 -0.053881 0.165273
-0.201461 -0.053880 0.165275
-0.201460 -0.053879 0.165276
-0.201460 -0.053880 0.165278
-0.201460 -0.053881 0.165279
-0.201459 -0.053881 0.165281
-0.201458 -0.053881 0.165282
-0.201457 -0.053882 0.165284
-0.201457 -0.053883 0.165285
-0.201457 -0.053886 0.165287
-0.201459 -0.053888 0.165289
-0.201460 -0.053888 0.165290
-0.201462 -0.053891 0.165292
-0.201463 -0.053889 0.165292
-0.201463 -0.053889 0.165293
-0.201463 -0.053889 0.165293
-0.201463 -0.053889 0.165295
-0.201462 -0.053889 0.165296
-0.201461 -0.053888 0.165296
-0.201459 -0.053888 0.165298
-0.201458 -0.053887 0.165298
-0.201456 -0.053885 0.165299
-0.201457 -0.053882 0.165301
-0.201456 -0.053880 0.165302
-0.201454 -0.053877 0.165304
-0.201452 -0.053876 0.165305
-0.201450 -0.053874 0.165309
-0.201449 -0.053872 0.165310
-0.201448 -0.053869 0.165310
-0.201446 -0.053867 0.165311
-0.201445 -0.053866 0.165312
-0.201445 -0.053865 0.165312
-0.201446 -0.053864 0.165313
-0.201445 -0.053863 0.165312
-0.201445 -0.053863 0.165312
-0.201445 -0.053861 0.165313
-0.201444 -0.053862 0.165315
-0.201443 -0.053863 0.165316
-0.201443 -0.053865 0.165316
-0.201446 -0.053865 0.165316
-0.201447 -0.053865 0.165316
-0.201449 -0.053867 0.165316
-0.201452 -0.053866 0.165315
-0.201453 -0.053868 0.165315
-0.201454 -0.053869 0.165316
-0.201454 -0.053872 0.165316
-0.201455 -0.053873 0.165317
-0.201455 -0.053873 0.165318
-0.201457 -0.053873 0.165318
-0.201457 -0.053874 0.165318
-0.201457 -0.053872 0.165319
-0.201459 -0.053871 0.165321
-0.201459 -0.053869 0.165322
-0.201460 -0.053867 0.165323
-0.201458 -0.053866 0.165324
-0.201457 -0.053865 0.165324
-0.201456 -0.053861 0.165325
-0.201455 -0.053859 0.165324
-0.201454 -0.053856 0.165324
-0.201453 -0.053855 0.165324
-0.201451 -0.053855 0.165324
-0.201451 -0.053853 0.165325
-0.201452 -0.053853 0.165327
-0.201451 -0.053853 0.165328
-0.201452 -0.053854 0.165329
-0.201454 -0.053853 0.165329
-0.201458 -0.053853 0.165328
-0.201459 -0.053852 0.165327
-0.201460 -0.053851 0.165326
-0.201462 -0.053851 0.165324
-0.201463 -0.053854 0.165325
-0.201464 -0.053854 0.165324
-0.201465 -0.053854 0.165323
-0.201466 -0.053853 0.165321
-0.201469 -0.053852 0.165321
-0.201470 -0.053851 0.165320
-0.201471 -0.053852 0.165320
-0.201471 -0.053852 0.165320
-0.201472 -0.053853 0.165320
-0.201473 -0.053854 0.165320
-0.201475 -0.053852 0.165318
-0.201476 -0.053851 0.165318
-0.201476 -0.053850 0.165318
-0.201476 -0.053848 0.165316
-0.201478 -0.053846 0.165315
-0.201478 -0.053845 0.165314
-0.201478 -0.053844 0.165314
-0.201478 -0.053842 0.165315
-0.201478 -0.053842 0.165316
-0.201478 -0.053841 0.165316
-0.201479 -0.053837 0.165317
-0.201479 -0.053837 0.165318
-0.201479 -0.053836 0.165320
-0.201478 -0.053837 0.165320
-0.201477 -0.053837 0.165321
-0.201476 -0.053838 0.165322
-0.201471 -0.053837 0.165322
-0.201470 -0.053837 0.165322
-0.201468 -0.053839 0.165324
-0.201468 -0.053839 0.165324
-0.201468 -0.053841 0.165324
-0.201467 -0.053842 0.165325
-0.201467 -0.053843 0.165326
-0.201466 -0.053844 0.165328
-0.201467 -0.053844 0.165328
-0.201467 -0.053844 0.165329
-0.201467 -0.053845 0.165330
-0.201467 -0.053847 0.165330
-0.201467 -0.053849 0.165331
-0.201467 -0.053848 0.165331
-0.201466 -0.053849 0.165331
-0.201467 -0.053850 0.165331
-0.201469 -0.053851 0.165332
-0.201470 -0.053852 0.165333
-0.201470 -0.053853 0.165333
-0.201470 -0.053854 0.165333
-0.201471 -0.053854 0.165334
-0.201470 -0.053853 0.165334
-0.201469 -0.053852 0.165334
-0.201468 -0.053851 0.165334
-0.201468 -0.053851 0.165334
-0.201469 -0.053850 0.165334
-0.201468 -0.053850 0.165334
-0.201467 -0.053850 0.165334
-0.201468 -0.053850 0.165334
-0.201470 -0.053849 0.165334
-0.201472 -0.053850 0.165335
-0.201472 -0.053850 0.165335
-0.201476 -0.053849 0.165334
-0.201477 -0.053850 0.165334
-0.201477 -0.053849 0.165334
-0.201476 -0.053850 0.165334
-0.201477 -0.053852 0.165334
-0.201478 -0.053852 0.165333
-0.201482 -0.053852 0.165331
-0.201482 -0.053852 0.165330
-0.201482 -0.053852 0.165330
-0.201483 -0.053852 0.165329
-0.201483 -0.053851 0.165330
-0.201484 -0.053850 0.165329
-0.201483 -0.053849 0.165330
-0.201482 -0.053846 0.165331
-0.201482 -0.053845 0.165332
-0.201481 -0.053843 0.165334
-0.201482 -0.053842 0.165335
-0.201482 -0.053841 0.165336
-0.201484 -0.053840 0.165337
-0.201484 -0.053837 0.165336
-0.201484 -0.053837 0.165337
-0.201485 -0.053836 0.165337
-0.201484 -0.053837 0.165338
-0.201484 -0.053837 0.165338
-0.201484 -0.053835 0.165339
-0.201483 -0.053835 0.165339
-0.201484 -0.053836 0.165338
-0.201484 -0.053836 0.165338
-0.201486 -0.053837 0.165339
-0.201487 -0.053838 0.165339
-0.201487 -0.053837 0.165338
-0.201489 -0.053838 0.165338
-0.201490 -0.053839 0.165337
-0.201491 -0.053839 0.165336
-0.201493 -0.053840 0.165336
-0.201493 -0.053840 0.165336
-0.201493 -0.053841 0.165335
-0.201493 -0.053841 0.165336
-0.201493 -0.053841 0.165336
-0.201494 -0.053841 0.165335
-0.201493 -0.053841 0.165335
-0.201493 -0.053842 0.165336
-0.201492 -0.053840 0.165336
-0.201492 -0.053838 0.165337
-0.201492 -0.053838 0.165338
-0.201492 -0.053836 0.165339
-0.201491 -0.053834 0.165339
-0.201492 -0.053833 0.165339
-0.201494 -0.053831 0.165339
-0.201495 -0.053831 0.165339
-0.201494 -0.053831 0.165340
-0.201495 -0.053831 0.165341
-0.201495 -0.053830 0.165340
-0.201495 -0.053828 0.165340
-0.201495 -0.053829 0.165341
-0.201493 -0.053829 0.165341
-0.201494 -0.053828 0.165341
-0.201494 -0.053828 0.165342
-0.201497 -0.053828 0.165342
-0.201498 -0.053828 0.165342
-0.201498 -0.053827 0.165341
-0.201500 -0.053828 0.165342
-0.201501 -0.053829 0.165342
-0.201502 -0.053830 0.165342
-0.201503 -0.053832 0.165344
-0.201502 -0.053832 0.165344
-0.201502 -0.053835 0.165345
-0.201502 -0.053834 0.165344
-0.201500 -0.053837 0.165345
-0.201499 -0.053838 0.165347
-0.201498 -0.053839 0.165348
-0.201499 -0.053839 0.165349
-0.201499 -0.053840 0.165349
-0.201498 -0.053837 0.165348
-0.201495 -0.053833 0.165349
-0.201492 -0.053834 0.165353
-0.201490 -0.053835 0.165355
-0.201489 -0.053835 0.165358
-0.201490 -0.053835 0.165359
-0.201491 -0.053834 0.165359
-0.201491 -0.053833 0.165360
-0.201491 -0.053832 0.165362
-0.201489 -0.053833 0.165363
-0.201489 -0.053833 0.165366
-0.201489 -0.053834 0.165367
-0.201487 -0.053833 0.165368
-0.201488 -0.053834 0.165370
-0.201489 -0.053835 0.165371
-0.201490 -0.053837 0.165375
-0.201490 -0.053837 0.165376
-0.201494 -0.053837 0.165378
-0.201495 -0.053834 0.165379
-0.201496 -0.053835 0.165382
-0.201493 -0.053836 0.165385
-0.201495 -0.053834 0.165387
-0.201494 -0.053834 0.165388
-0.201497 -0.053832 0.165388
-0.201498 -0.053831 0.165388
-0.201498 -0.053831 0.165387
-0.201500 -0.053831 0.165388
-0.201501 -0.053832 0.165390
-0.201503 -0.053829 0.165391
-0.201503 -0.053826 0.165390
-0.201502 -0.053826 0.165393
-0.201502 -0.053826 0.165396
-0.201502 -0.053825 0.165397
-0.201502 -0.053824 0.165397
-0.201502 -0.053820 0.165398
-0.201501 -0.053819 0.165398
-0.201503 -0.053820 0.165400
-0.201504 -0.053817 0.165401
-0.201504 -0.053813 0.165404
-0.201503 -0.053811 0.165405
-0.201502 -0.053807 0.165408
-0.201500 -0.053807 0.165412
-0.201499 -0.053804 0.165414
-0.201501 -0.053803 0.165417
-0.201499 -0.053802 0.165421
-0.201500 -0.053799 0.165423
-0.201499 -0.053799 0.165427
-0.201499 -0.053796 0.165428
-0.201499 -0.053793 0.165431
-0.201500 -0.053791 0.165435
-0.201498 -0.053791 0.165438
-0.201495 -0.053789 0.165442
-0.201495 -0.053788 0.165444
-0.201495 -0.053788 0.165446
-0.201496 -0.053786 0.165449
-0.201497 -0.053790 0.165454
-0.201498 -0.053791 0.165459
-0.201498 -0.053789 0.165462
-0.201498 -0.053787 0.165464
-0.201498 -0.053787 0.165467
-0.201498 -0.053789 0.165469
-0.201498 -0.053792 0.165475
-0.201498 -0.053793 0.165479
-0.201498 -0.053793 0.165480
-0.201504 -0.053793 0.165484
-0.201507 -0.053793 0.165488
-0.201509 -0.053798 0.165495
-0.201512 -0.053799 0.165499
-0.201514 -0.053798 0.165505
-0.201516 -0.053798 0.165508
-0.201516 -0.053798 0.165510
-0.201515 -0.053799 0.165513
-0.201514 -0.053803 0.165518
-0.201514 -0.053804 0.165519
-0.201514 -0.053804 0.165520
-0.201513 -0.053805 0.165523
-0.201513 -0.053806 0.165525
-0.201513 -0.053807 0.165527
-0.201513 -0.053807 0.165528
-0.201511 -0.053808 0.165532
-0.201510 -0.053808 0.165533
-0.201510 -0.053810 0.165536
-0.201511 -0.053809 0.165537
-0.201511 -0.053810 0.165538
-0.201511 -0.053812 0.165539
-0.201511 -0.053814 0.165541
-0.201509 -0.053816 0.165544
-0.201504 -0.053815 0.165544
-0.201497 -0.053814 0.165545
-0.201494 -0.053814 0.165546
-0.201492 -0.053813 0.165546
-0.201490 -0.053812 0.165549
-0.201487 -0.053809 0.165550
-0.201485 -0.053807 0.165553
-0.201484 -0.053803 0.165554
-0.201484 -0.053801 0.165554
-0.201486 -0.053796 0.165554
-0.201491 -0.053793 0.165554
-0.201492 -0.053791 0.165556
-0.201493 -0.053790 0.165558
-0.201494 -0.053787 0.165558
-0.201495 -0.053786 0.165559
-0.201498 -0.053785 0.165560
-0.201499 -0.053783 0.165560
-0.201501 -0.053783 0.165560
-0.201498 -0.053781 0.165561
-0.201492 -0.053781 0.165561
-0.201491 -0.053781 0.165561
-0.201490 -0.053780 0.165559
-0.201489 -0.053778 0.165558
-0.201488 -0.053776 0.165556
-0.201488 -0.053777 0.165555
-0.201488 -0.053776 0.165553
-0.201487 -0.053776 0.165552
-0.201487 -0.053776 0.165552
-0.201486 -0.053775 0.165552
-0.201488 -0.053775 0.165551
-0.201488 -0.053776 0.165551
-0.201493 -0.053778 0.165551
-0.201497 -0.053780 0.165553
-0.201498 -0.053780 0.165554
-0.201500 -0.053779 0.165554
-0.201497 -0.053781 0.165555
-0.201495 -0.053780 0.165554
-0.201496 -0.053783 0.165552
-0.201497 -0.053783 0.165551
-0.201497 -0.053782 0.165550
-0.201497 -0.053783 0.165550
-0.201495 -0.053782 0.165548
-0.201494 -0.053780 0.165548
-0.201494 -0.053779 0.165550
-0.201495 -0.053779 0.165552
-0.201497 -0.053779 0.165553
-0.201501 -0.053777 0.165555
-0.201502 -0.053777 0.165555
-0.201503 -0.053779 0.165555
-0.201503 -0.053778 0.165554
-0.201504 -0.053777 0.165554
-0.201505 -0.053777 0.165553
-0.201508 -0.053777 0.165552
-0.201509 -0.053777 0.165551
-0.201507 -0.053777 0.165551
-0.201507 -0.053780 0.165550
-0.201500 -0.053781 0.165553
-0.201497 -0.053782 0.165556
-0.201500 -0.053781 0.165557
-0.201501 -0.053780 0.165558
-0.201500 -0.053781 0.165558
-0.201500 -0.053780 0.165559
-0.201497 -0.053782 0.165559
-0.201497 -0.053785 0.165556
-0.201497 -0.053784 0.165554
-0.201500 -0.053784 0.165553
-0.201500 -0.053785 0.165553
-0.201501 -0.053785 0.165552
-0.201502 -0.053789 0.165553
-0.201503 -0.053790 0.165553
-0.201507 -0.053792 0.165555
-0.201507 -0.053794 0.165556
-0.201508 -0.053794 0.165556
-0.201508 -0.053795 0.165557
-0.201507 -0.053798 0.165557
-0.201506 -0.053796 0.165557
-0.201504 -0.053795 0.165555
-0.201503 -0.053795 0.165554
-0.201502 -0.053792 0.165552
-0.201499 -0.053793 0.165551
-0.201497 -0.053792 0.165551
-0.201495 -0.053790 0.165553
-0.201494 -0.053787 0.165555
-0.201493 -0.053784 0.165558
-0.201491 -0.053783 0.165560
-0.201491 -0.053781 0.165561
-0.201494 -0.053781 0.165563
-0.201496 -0.053782 0.165563
-0.201499 -0.053781 0.165563
-0.201501 -0.053781 0.165562
-0.201501 -0.053781 0.165561
-0.201501 -0.053782 0.165561
-0.201501 -0.053784 0.165560
-0.201502 -0.053784 0.165559
-0.201502 -0.053786 0.165559
-0.201502 -0.053788 0.165559
-0.201503 -0.053789 0.165559
-0.201503 -0.053791 0.165560
-0.201506 -0.053791 0.165560
-0.201509 -0.053791 0.165561
-0.201511 -0.053791 0.165559
-0.201513 -0.053791 0.165558
-0.201514 -0.053791 0.165557
-0.201515 -0.053791 0.165555
-0.201515 -0.053792 0.165555
-0.201515 -0.053792 0.165555
-0.201515 -0.053792 0.165555
-0.201516 -0.053792 0.165554
-0.201517 -0.053789 0.165555
-0.201518 -0.053791 0.165557
-0.201517 -0.053790 0.165559
-0.201517 -0.053789 0.165560
-0.201514 -0.053788 0.165560
-0.201513 -0.053788 0.165561
-0.201511 -0.053789 0.165560
-0.201509 -0.053789 0.165560
-0.201509 -0.053789 0.165558
-0.201509 -0.053789 0.165557
-0.201514 -0.053788 0.165557
-0.201516 -0.053789 0.165557
-0.201519 -0.053791 0.165558
-0.201519 -0.053794 0.165560
-0.201520 -0.053794 0.165561
-0.201521 -0.053796 0.165562
-0.201521 -0.053797 0.165563
-0.201520 -0.053797 0.165563
-0.201518 -0.053797 0.165563
-0.201517 -0.053797 0.165564
-0.201517 -0.053796 0.165562
-0.201516 -0.053796 0.165562
-0.201517 -0.053796 0.165562
-0.201517 -0.053797 0.165561
-0.201518 -0.053797 0.165562
-0.201518 -0.053798 0.165564
-0.201519 -0.053797 0.165565
-0.201521 -0.053798 0.165566
-0.201524 -0.053798 0.165566
-0.201525 -0.053799 0.165568
-0.201526 -0.053799 0.165569
-0.201528 -0.053800 0.165569
-0.201528 -0.053802 0.165569
-0.201527 -0.053804 0.165569
-0.201525 -0.053807 0.165569
-0.201524 -0.053807 0.165569
-0.201523 -0.053810 0.165570
-0.201523 -0.053811 0.165570
-0.201524 -0.053812 0.165570
-0.201523 -0.053813 0.165571
-0.201526 -0.053812 0.165571
-0.201528 -0.053814 0.165572
-0.201529 -0.053815 0.165572
-0.201531 -0.053815 0.165573
-0.201534 -0.053814 0.165573
-0.201536 -0.053813 0.165571
-0.201540 -0.053814 0.165570
-0.201542 -0.053815 0.165570
-0.201543 -0.053814 0.165569
-0.201545 -0.053814 0.165569
-0.201546 -0.053814 0.165569
-0.201547 -0.053814 0.165569
-0.201548 -0.053815 0.165569
-0.201551 -0.053814 0.165568
-0.201551 -0.053815 0.165570
-0.201552 -0.053814 0.165570
-0.201554 -0.053814 0.165570
-0.201556 -0.053814 0.165569
-0.201557 -0.053813 0.165569
-0.201557 -0.053813 0.165571
-0.201558 -0.053813 0.165571
-0.201557 -0.053814 0.165572
-0.201556 -0.053813 0.165572
-0.201557 -0.053812 0.165572
-0.201557 -0.053811 0.165572
-0.201558 -0.053811 0.165572
-0.201560 -0.053812 0.165573
-0.201561 -0.053812 0.165575
-0.201561 -0.053812 0.165575
-0.201561 -0.053813 0.165576
-0.201562 -0.053811 0.165576
-0.201562 -0.053811 0.165576
-0.201562 -0.053813 0.165577
-0.201563 -0.053816 0.165575
-0.201563 -0.053817 0.165574
-0.201564 -0.053819 0.165573
-0.201564 -0.053820 0.165573
-0.201565 -0.053821 0.165572
-0.201566 -0.053820 0.165571
-0.201566 -0.053821 0.165570
-0.201567 -0.053822 0.165570
-0.201568 -0.053822 0.165571
-0.201569 -0.053823 0.165573
-0.201571 -0.053824 0.165574
-0.201571 -0.053824 0.165575
-0.201572 -0.053822 0.165574
-0.201572 -0.053821 0.165575
-0.201573 -0.053822 0.165576
-0.201573 -0.053822 0.165577
-0.201572 -0.053819 0.165578
-0.201570 -0.053818 0.165579
-0.201569 -0.053818 0.165579
-0.201568 -0.053816 0.165578
-0.201568 -0.053816 0.165579
-0.201568 -0.053816 0.165579
-0.201566 -0.053816 0.165580
-0.201568 -0.053816 0.165580
-0.201568 -0.053816 0.165580
-0.201570 -0.053815 0.165580
-0.201571 -0.053815 0.165580
-0.201571 -0.053815 0.165580
-0.201571 -0.053816 0.165580
-0.201572 -0.053818 0.165579
-0.201573 -0.053821 0.165578
-0.201571 -0.053820 0.165578
-0.201571 -0.053820 0.165579
-0.201572 -0.053821 0.165580
-0.201571 -0.053822 0.165580
-0.201572 -0.053821 0.165580
-0.201572 -0.053820 0.165580
-0.201572 -0.053820 0.165579
-0.201571 -0.053821 0.165577
-0.201572 -0.053821 0.165579
-0.201572 -0.053821 0.165579
-0.201570 -0.053821 0.165581
-0.201569 -0.053820 0.165581
-0.201568 -0.053820 0.165581
-0.201569 -0.053819 0.165581
-0.201568 -0.053819 0.165581
-0.201569 -0.053818 0.165581
-0.201572 -0.053818 0.165581
-0.201574 -0.053818 0.165580
-0.201575 -0.053817 0.165581
-0.201575 -0.053817 0.165581
-0.201576 -0.053818 0.165580
-0.201576 -0.053819 0.165580
-0.201576 -0.053821 0.165579
-0.201577 -0.053821 0.165579
-0.201577 -0.053820 0.165579
-0.201577 -0.053820 0.165579
-0.201576 -0.053821 0.165578
-0.201577 -0.053821 0.165577
-0.201575 -0.053822 0.165578
-0.201575 -0.053822 0.165577
-0.201574 -0.053821 0.165576
-0.201573 -0.053820 0.165577
-0.201570 -0.053820 0.165578
-0.201569 -0.053819 0.165578
-0.201568 -0.053821 0.165579
-0.201567 -0.053820 0.165579
-0.201568 -0.053820 0.165579
-0.201568 -0.053822 0.165578
-0.201571 -0.053821 0.165579
-0.201574 -0.053820 0.165579
-0.201575 -0.053820 0.165580
-0.201576 -0.053820 0.165582
-0.201576 -0.053823 0.165582
-0.201575 -0.053823 0.165582
-0.201576 -0.053823 0.165581
-0.201576 -0.053822 0.165581
-0.201577 -0.053822 0.165581
-0.201577 -0.053822 0.165581
-0.201575 -0.053822 0.165582
-0.201575 -0.053822 0.165582
-0.201574 -0.053821 0.165582
-0.201574 -0.053820 0.165582
-0.201573 -0.053820 0.165584
-0.201574 -0.053820 0.165584
-0.201574 -0.053821 0.165586
-0.201578 -0.053820 0.165587
-0.201580 -0.053820 0.165587
-0.201583 -0.053818 0.165587
-0.201583 -0.053821 0.165587
-0.201584 -0.053823 0.165586
-0.201585 -0.053826 0.165585
-0.201584 -0.053828 0.165584
-0.201583 -0.053828 0.165583
-0.201582 -0.053828 0.165583
-0.201581 -0.053830 0.165582
-0.201581 -0.053830 0.165583
-0.201581 -0.053829 0.165584
-0.201584 -0.053829 0.165584
-0.201589 -0.053831 0.165585
-0.201592 -0.053830 0.165584
-0.201594 -0.053828 0.165584
-0.201596 -0.053827 0.165585
-0.201597 -0.053827 0.165585
-0.201597 -0.053827 0.165584
-0.201597 -0.053827 0.165584
-0.201597 -0.053826 0.165583
-0.201595 -0.053826 0.165584
-0.201590 -0.053826 0.165586
-0.201589 -0.053826 0.165587
-0.201590 -0.053825 0.165588
-0.201590 -0.053826 0.165589
-0.201590 -0.053823 0.165589
-0.201589 -0.053824 0.165587
-0.201589 -0.053823 0.165586
-0.201591 -0.053822 0.165584
-0.201592 -0.053821 0.165583
-0.201594 -0.053821 0.165583
-0.201596 -0.053822 0.165582
-0.201598 -0.053821 0.165583
-0.201598 -0.053819 0.165586
-0.201599 -0.053820 0.165587
-0.201600 -0.053820 0.165589
-0.201602 -0.053820 0.165589
-0.201603 -0.053819 0.165589
-0.201602 -0.053821 0.165590
-0.201602 -0.053820 0.165587
-0.201601 -0.053820 0.165586
-0.201600 -0.053819 0.165583
-0.201599 -0.053819 0.165583
-0.201598 -0.053820 0.165581
-0.201600 -0.053820 0.165583
-0.201602 -0.053819 0.165584
-0.201605 -0.053821 0.165587
-0.201608 -0.053822 0.165588
-0.201613 -0.053822 0.165590
-0.201614 -0.053822 0.165590
-0.201615 -0.053821 0.165590
-0.201615 -0.053822 0.165591
-0.201614 -0.053822 0.165590
-0.201613 -0.053822 0.165590
-0.201612 -0.053822 0.165591
-0.201610 -0.053821 0.165591
-0.201610 -0.053821 0.165591
-0.201610 -0.053821 0.165594
-0.201609 -0.053821 0.165596
-0.201608 -0.053821 0.165598
-0.201609 -0.053821 0.165599
-0.201609 -0.053820 0.165599
-0.201609 -0.053820 0.165600
-0.201609 -0.053821 0.165600
-0.201609 -0.053822 0.165600
-0.201608 -0.053823 0.165600
-0.201610 -0.053824 0.165600
-0.201610 -0.053824 0.165599
-0.201610 -0.053824 0.165599
-0.201611 -0.053826 0.165599
-0.201610 -0.053827 0.165601
-0.201610 -0.053828 0.165601
-0.201611 -0.053829 0.165602
-0.201614 -0.053829 0.165602
-0.201614 -0.053829 0.165602
-0.201615 -0.053829 0.165602
-0.201617 -0.053828 0.165602
-0.201617 -0.053829 0.165601
-0.201618 -0.053828 0.165602
-0.201618 -0.053827 0.165602
-0.201619 -0.053826 0.165603
-0.201618 -0.053827 0.165604
-0.201617 -0.053827 0.165606
-0.201616 -0.053825 0.165606
-0.201615 -0.053824 0.165608
-0.201614 -0.053823 0.165608
-0.201615 -0.053823 0.165609
-0.201614 -0.053823 0.165609
-0.201613 -0.053822 0.165609
-0.201614 -0.053823 0.165610
-0.201614 -0.053822 0.165609
-0.201614 -0.053822 0.165609
-0.201614 -0.053824 0.165610
-0.201615 -0.053824 0.165611
-0.201614 -0.053827 0.165612
-0.201615 -0.053828 0.165614
-0.201615 -0.053828 0.165614
-0.201615 -0.053828 0.165613
-0.201615 -0.053828 0.165614
-0.201615 -0.053828 0.165613
-0.201616 -0.053831 0.165613
-0.201616 -0.053831 0.165612
-0.201616 -0.053831 0.165612
-0.201617 -0.053830 0.165612
-0.201617 -0.053831 0.165613
-0.201617 -0.053831 0.165613
-0.201617 -0.053832 0.165613
-0.201616 -0.053832 0.165613
-0.201616 -0.053831 0.165613
-0.201617 -0.053832 0.165614
-0.201618 -0.053833 0.165614
-0.201618 -0.053832 0.165615
-0.201617 -0.053830 0.165614
-0.201618 -0.053829 0.165613
-0.201618 -0.053828 0.165611
-0.201618 -0.053827 0.165611
-0.201617 -0.053825 0.165611
-0.201616 -0.053824 0.165610
-0.201615 -0.053825 0.165611
-0.201614 -0.053826 0.165610
-0.201613 -0.053824 0.165611
-0.201612 -0.053824 0.165611
-0.201612 -0.053824 0.165611
-0.201611 -0.053824 0.165613
-0.201611 -0.053822 0.165612
-0.201610 -0.053821 0.165613
-0.201610 -0.053821 0.165612
-0.201610 -0.053820 0.165611
-0.201609 -0.053821 0.165611
-0.201609 -0.053821 0.165612
-0.201609 -0.053821 0.165611
-0.201608 -0.053820 0.165611
-0.201607 -0.053819 0.165611
-0.201606 -0.053820 0.165611
-0.201608 -0.053822 0.165614
-0.201609 -0.053822 0.165615
-0.201610 -0.053821 0.165614
-0.201612 -0.053822 0.165613
-0.201613 -0.053822 0.165612
-0.201613 -0.053821 0.165612
-0.201614 -0.053821 0.165611
-0.201613 -0.053822 0.165611
-0.201613 -0.053824 0.165611
-0.201613 -0.053824 0.165612
-0.201611 -0.053823 0.165614
-0.201611 -0.053823 0.165615
-0.201611 -0.053822 0.165616
-0.201611 -0.053821 0.165616
-0.201611 -0.053820 0.165617
-0.201611 -0.053820 0.165617
-0.201611 -0.053819 0.165617
-0.201610 -0.053819 0.165617
-0.201609 -0.053819 0.165618
-0.201609 -0.053820 0.165619
-0.201609 -0.053819 0.165619
-0.201610 -0.053822 0.165621
-0.201610 -0.053822 0.165622
-0.201610 -0.053822 0.165623
-0.201610 -0.053823 0.165624
-0.201610 -0.053824 0.165625
-0.201608 -0.053824 0.165624
-0.201608 -0.053826 0.165624
-0.201607 -0.053826 0.165624
-0.201605 -0.053826 0.165623
-0.201604 -0.053827 0.165623
-0.201604 -0.053827 0.165624
-0.201605 -0.053829 0.165625
-0.201605 -0.053827 0.165627
-0.201608 -0.053827 0.165628
-0.201609 -0.053825 0.165630
-0.201610 -0.053826 0.165632
-0.201612 -0.053826 0.165633
-0.201614 -0.053826 0.165634
-0.201614 -0.053826 0.165634
-0.201615 -0.053826 0.165634
-0.201615 -0.053827 0.165634
-0.201614 -0.053828 0.165636
-0.201612 -0.053828 0.165636
-0.201611 -0.053828 0.165637
-0.201611 -0.053828 0.165637
-0.201611 -0.053829 0.165638
-0.201611 -0.053829 0.165638
-0.201610 -0.053830 0.165640
-0.201611 -0.053830 0.165640
-0.201611 -0.053829 0.165639
-0.201611 -0.053830 0.165640
-0.201610 -0.053830 0.165640
-0.201609 -0.053830 0.165640
-0.201609 -0.053830 0.165640
-0.201609 -0.053830 0.165640
-0.201609 -0.053829 0.165640
-0.201607 -0.053828 0.165640
-0.201607 -0.053827 0.165642
-0.201606 -0.053827 0.165643
-0.201606 -0.053827 0.165642
-0.201606 -0.053827 0.165643
-0.201606 -0.053826 0.165643
-0.201606 -0.053826 0.165643
-0.201605 -0.053824 0.165643
-0.201605 -0.053823 0.165643
-0.201605 -0.053822 0.165643
-0.201605 -0.053821 0.165643
-0.201606 -0.053820 0.165644
-0.201608 -0.053821 0.165644
-0.201609 -0.053820 0.165646
-0.201609 -0.053820 0.165646
-0.201611 -0.053821 0.165645
-0.201610 -0.053820 0.165645
-0.201609 -0.053821 0.165644
-0.201607 -0.053821 0.165644
-0.201607 -0.053823 0.165644
-0.201606 -0.053821 0.165645
-0.201607 -0.053820 0.165646
-0.201610 -0.053820 0.165648
-0.201612 -0.053819 0.165648
-0.201613 -0.053818 0.165648
-0.201614 -0.053820 0.165649
-0.201615 -0.053820 0.165650
-0.201614 -0.053819 0.165651
-0.201614 -0.053819 0.165652
-0.201613 -0.053819 0.165652
-0.201610 -0.053818 0.165652
-0.201609 -0.053818 0.165652
-0.201608 -0.053818 0.165652
-0.201608 -0.053818 0.165652
-0.201608 -0.053819 0.165653
-0.201607 -0.053819 0.165653
-0.201608 -0.053821 0.165653
-0.201608 -0.053821 0.165652
-0.201612 -0.053821 0.165652
-0.201614 -0.053822 0.165652
-0.201616 -0.053821 0.165652
-0.201617 -0.053821 0.165651
-0.201617 -0.053821 0.165651
-0.201617 -0.053821 0.165651
-0.201619 -0.053821 0.165651
-0.201617 -0.053821 0.165650
-0.201615 -0.053821 0.165650
-0.201614 -0.053821 0.165650
-0.201614 -0.053820 0.165650
-0.201614 -0.053819 0.165650
-0.201614 -0.053819 0.165649
-0.201614 -0.053817 0.165647
-0.201612 -0.053817 0.165647
-0.201614 -0.053816 0.165647
-0.201615 -0.053816 0.165647
-0.201617 -0.053814 0.165647
-0.201617 -0.053814 0.165647
-0.201619 -0.053813 0.165648
-0.201620 -0.053813 0.165648
-0.201621 -0.053814 0.165648
-0.201621 -0.053814 0.165650
-0.201622 -0.053815 0.165651
-0.201622 -0.053815 0.165651
-0.201622 -0.053817 0.165652
-0.201621 -0.053816 0.165652
-0.201621 -0.053816 0.165652
-0.201621 -0.053816 0.165652
-0.201621 -0.053816 0.165652
-0.201621 -0.053816 0.165652
-0.201621 -0.053816 0.165652
-0.201621 -0.053817 0.165653
-0.201621 -0.053817 0.165653
-0.201622 -0.053819 0.165653
-0.201622 -0.053820 0.165654
-0.201623 -0.053820 0.165654
-0.201623 -0.053820 0.165655
-0.201625 -0.053820 0.165655
-0.201623 -0.053821 0.165655
-0.201621 -0.053820 0.165655
-0.201619 -0.053819 0.165655
-0.201617 -0.053820 0.165655
-0.201617 -0.053821 0.165656
-0.201617 -0.053823 0.165656
-0.201616 -0.053823 0.165657
-0.201616 -0.053823 0.165657
-0.201617 -0.053823 0.165657
-0.201619 -0.053823 0.165658
-0.201618 -0.053823 0.165658
-0.201618 -0.053822 0.165659
-0.201618 -0.053823 0.165659
-0.201618 -0.053824 0.165659
-0.201619 -0.053824 0.165659
-0.201618 -0.053825 0.165659
-0.201618 -0.053824 0.165658
-0.201616 -0.053825 0.165658
-0.201616 -0.053825 0.165658
-0.201615 -0.053825 0.165659
-0.201614 -0.053825 0.165659
-0.201614 -0.053825 0.165660
-0.201616 -0.053825 0.165661
-0.201616 -0.053826 0.165661
-0.201618 -0.053826 0.165660
-0.201618 -0.053827 0.165659
-0.201619 -0.053825 0.165659
-0.201620 -0.053825 0.165660
-0.201621 -0.053824 0.165660
-0.201620 -0.053825 0.165661
-0.201620 -0.053825 0.165661
-0.201619 -0.053825 0.165661
-0.201618 -0.053825 0.165662
-0.201616 -0.053825 0.165663
-0.201616 -0.053824 0.165664
-0.201615 -0.053825 0.165664
-0.201615 -0.053824 0.165664
-0.201615 -0.053825 0.165664
-0.201615 -0.053825 0.165664
-0.201615 -0.053824 0.165663
-0.201615 -0.053823 0.165664
-0.201616 -0.053824 0.165664
-0.201616 -0.053825 0.165666
-0.201617 -0.053826 0.165667
-0.201616 -0.053827 0.165668
-0.201616 -0.053828 0.165667
-0.201615 -0.053829 0.165668
-0.201614 -0.053829 0.165668
-0.201613 -0.053829 0.165668
-0.201613 -0.053829 0.165667
-0.201613 -0.053829 0.165667
-0.201613 -0.053830 0.165666
-0.201613 -0.053830 0.165668
-0.201612 -0.053829 0.165669
-0.201611 -0.053829 0.165669
-0.201608 -0.053829 0.165670
-0.201607 -0.053830 0.165671
-0.201606 -0.053828 0.165671
-0.201604 -0.053825 0.165671
-0.201603 -0.053825 0.165674
-0.201602 -0.053824 0.165675
-0.201602 -0.053824 0.165676
-0.201601 -0.053822 0.165676
-0.201601 -0.053822 0.165677
-0.201600 -0.053823 0.165678
-0.201600 -0.053824 0.165677
-0.201600 -0.053825 0.165677
-0.201600 -0.053824 0.165676
-0.201600 -0.053826 0.165678
-0.201600 -0.053827 0.165680
-0.201599 -0.053826 0.165682
-0.201600 -0.053826 0.165683
-0.201599 -0.053825 0.165683
-0.201598 -0.053824 0.165683
-0.201598 -0.053823 0.165684
-0.201598 -0.053824 0.165685
-0.201599 -0.053822 0.165685
-0.201599 -0.053823 0.165686
-0.201599 -0.053822 0.165687
-0.201598 -0.053823 0.165688
-0.201598 -0.053821 0.165690
-0.201598 -0.053821 0.165693
-0.201600 -0.053821 0.165696
-0.201600 -0.053823 0.165697
-0.201601 -0.053822 0.165698
-0.201602 -0.053821 0.165698
-0.201602 -0.053820 0.165696
-0.201603 -0.053819 0.165696
-0.201604 -0.053819 0.165696
-0.201603 -0.053823 0.165697
-0.201602 -0.053821 0.165698
-0.201602 -0.053821 0.165699
-0.201602 -0.053820 0.165700
-0.201601 -0.053820 0.165700
-0.201600 -0.053819 0.165700
-0.201600 -0.053819 0.165702
-0.201600 -0.053819 0.165701
-0.201599 -0.053818 0.165701
-0.201599 -0.053817 0.165703
-0.201601 -0.053816 0.165703
-0.201602 -0.053815 0.165704
-0.201602 -0.053814 0.165704
-0.201603 -0.053815 0.165706
-0.201605 -0.053817 0.165707
-0.201606 -0.053816 0.165707
-0.201608 -0.053816 0.165708
-0.201610 -0.053815 0.165709
-0.201611 -0.053816 0.165709
-0.201609 -0.053816 0.165709
-0.201606 -0.053817 0.165711
-0.201610 -0.053820 0.165712
-0.201614 -0.053818 0.165712
-0.201614 -0.053818 0.165712
-0.201614 -0.053819 0.165712
-0.201612 -0.053821 0.165716
-0.201611 -0.053822 0.165718
-0.201614 -0.053819 0.165719
-0.201617 -0.053818 0.165718
-0.201617 -0.053818 0.165718
-0.201616 -0.053820 0.165721
-0.201614 -0.053821 0.165724
-0.201613 -0.053819 0.165724
-0.201615 -0.053819 0.165723
-0.201615 -0.053818 0.165724
-0.201615 -0.053820 0.165726
-0.201611 -0.053826 0.165731
-0.201610 -0.053828 0.165732
-0.201610 -0.053827 0.165733
-0.201610 -0.053825 0.165732
-0.201614 -0.053826 0.165734
-0.201615 -0.053831 0.165739
-0.201615 -0.053834 0.165745
-0.201616 -0.053834 0.165747
-0.201618 -0.053832 0.165748
-0.201624 -0.053831 0.165749
-0.201627 -0.053832 0.165749
-0.201628 -0.053835 0.165752
-0.201629 -0.053841 0.165755
-0.201630 -0.053841 0.165757
-0.201630 -0.053843 0.165760
-0.201629 -0.053843 0.165761
-0.201625 -0.053841 0.165761
-0.201624 -0.053842 0.165763
-0.201621 -0.053845 0.165766
-0.201614 -0.053847 0.165769
-0.201611 -0.053845 0.165768
-0.201610 -0.053843 0.165768
-0.201612 -0.053843 0.165770
-0.201615 -0.053844 0.165771
-0.201614 -0.053850 0.165775
-0.201618 -0.053848 0.165779
-0.201619 -0.053845 0.165780
-0.201622 -0.053843 0.165781
-0.201628 -0.053840 0.165783
-0.201630 -0.053842 0.165786
-0.201630 -0.053847 0.165791
-0.201630 -0.053848 0.165792
-0.201631 -0.053847 0.165794
-0.201629 -0.053843 0.165795
-0.201627 -0.053842 0.165795
-0.201623 -0.053841 0.165796
-0.201621 -0.053844 0.165802
-0.201620 -0.053844 0.165804
-0.201621 -0.053842 0.165805
-0.201622 -0.053840 0.165805
-0.201620 -0.053840 0.165805
-0.201625 -0.053839 0.165805
-0.201626 -0.053839 0.165806
-0.201629 -0.053838 0.165805
-0.201634 -0.053838 0.165806
-0.201639 -0.053835 0.165808
-0.201642 -0.053835 0.165808
-0.201644 -0.053834 0.165807
-0.201645 -0.053835 0.165807
-0.201648 -0.053837 0.165807
-0.201648 -0.053836 0.165806
-0.201648 -0.053835 0.165807
-0.201645 -0.053835 0.165806
-0.201644 -0.053837 0.165806
-0.201641 -0.053837 0.165804
-0.201642 -0.053837 0.165803
-0.201643 -0.053838 0.165802
-0.201645 -0.053838 0.165802
-0.201645 -0.053838 0.165803
-0.201647 -0.053838 0.165803
-0.201649 -0.053837 0.165804
-0.201651 -0.053838 0.165804
-0.201653 -0.053838 0.165805
-0.201654 -0.053835 0.165805
-0.201658 -0.053834 0.165804
-0.201658 -0.053833 0.165805
-0.201660 -0.053833 0.165805
-0.201660 -0.053832 0.165806
-0.201660 -0.053831 0.165807
-0.201660 -0.053832 0.165808
-0.201660 -0.053833 0.165810
-0.201658 -0.053833 0.165812
-0.201657 -0.053834 0.165813
-0.201657 -0.053835 0.165814
-0.201657 -0.053835 0.165814
-0.201658 -0.053834 0.165814
-0.201658 -0.053833 0.165814
-0.201658 -0.053833 0.165814
-0.201656 -0.053833 0.165813
-0.201657 -0.053833 0.165813
-0.201660 -0.053834 0.165813
-0.201660 -0.053832 0.165813
-0.201661 -0.053830 0.165813
-0.201662 -0.053831 0.165814
-0.201661 -0.053830 0.165815
-0.201659 -0.053832 0.165816
-0.201660 -0.053832 0.165817
-0.201658 -0.053832 0.165817
-0.201659 -0.053832 0.165817
-0.201659 -0.053831 0.165818
-0.201659 -0.053830 0.165817
-0.201659 -0.053830 0.165817
-0.201659 -0.053830 0.165817
-0.201659 -0.053830 0.165817
-0.201659 -0.053828 0.165817
-0.201660 -0.053828 0.165818
-0.201659 -0.053827 0.165819
-0.201660 -0.053827 0.165818
-0.201661 -0.053827 0.165818
-0.201661 -0.053828 0.165817
-0.201661 -0.053828 0.165817
-0.201662 -0.053827 0.165817
-0.201663 -0.053827 0.165816
-0.201662 -0.053829 0.165818
-0.201659 -0.053830 0.165818
-0.201657 -0.053831 0.165819
-0.201656 -0.053831 0.165820
-0.201655 -0.053830 0.165818
-0.201655 -0.053830 0.165818
-0.201654 -0.053830 0.165817
-0.201656 -0.053831 0.165818
-0.201658 -0.053830 0.165817
-0.201661 -0.053829 0.165817
-0.201662 -0.053829 0.165818
-0.201662 -0.053828 0.165818
-0.201663 -0.053827 0.165822
-0.201664 -0.053825 0.165825
-0.201664 -0.053825 0.165826
-0.201664 -0.053826 0.165827
-0.201664 -0.053824 0.165827
-0.201664 -0.053824 0.165827
-0.201664 -0.053824 0.165827
-0.201662 -0.053822 0.165828
-0.201659 -0.053824 0.165828
-0.201658 -0.053821 0.165827
-0.201657 -0.053819 0.165826
-0.201657 -0.053817 0.165826
-0.201657 -0.053817 0.165826
-0.201658 -0.053816 0.165826
-0.201661 -0.053814 0.165828
-0.201661 -0.053814 0.165828
-0.201663 -0.053815 0.165830
-0.201664 -0.053814 0.165830
-0.201667 -0.053811 0.165831
-0.201667 -0.053811 0.165830
-0.201670 -0.053814 0.165829
-0.201670 -0.053815 0.165829
-0.201670 -0.053816 0.165829
-0.201670 -0.053819 0.165828
-0.201669 -0.053821 0.165827
-0.201668 -0.053823 0.165829
-0.201667 -0.053823 0.165828
-0.201666 -0.053825 0.165828
-0.201668 -0.053826 0.165828
-0.201671 -0.053827 0.165828
-0.201676 -0.053829 0.165829
-0.201676 -0.053829 0.165829
-0.201677 -0.053830 0.165830
-0.201677 -0.053831 0.165831
-0.201677 -0.053831 0.165831
-0.201678 -0.053832 0.165831
-0.201678 -0.053834 0.165832
-0.201678 -0.053832 0.165833
-0.201676 -0.053833 0.165834
-0.201671 -0.053832 0.165833
-0.201669 -0.053831 0.165834
-0.201668 -0.053831 0.165836
-0.201666 -0.053830 0.165839
-0.201666 -0.053828 0.165839
-0.201666 -0.053826 0.165839
-0.201666 -0.053825 0.165840
-0.201669 -0.053825 0.165842
-0.201671 -0.053825 0.165843
-0.201673 -0.053824 0.165843
-0.201674 -0.053823 0.165843
-0.201677 -0.053823 0.165844
-0.201677 -0.053821 0.165842
-0.201677 -0.053821 0.165844
-0.201678 -0.053823 0.165845
-0.201679 -0.053822 0.165845
-0.201680 -0.053821 0.165845
-0.201679 -0.053821 0.165845
-0.201679 -0.053821 0.165846
-0.201679 -0.053822 0.165845
-0.201679 -0.053821 0.165845
-0.201677 -0.053822 0.165844
-0.201678 -0.053821 0.165844
-0.201677 -0.053820 0.165843
-0.201679 -0.053821 0.165842
-0.201680 -0.053822 0.165843
-0.201682 -0.053822 0.165844
-0.201682 -0.053823 0.165845
-0.201683 -0.053823 0.165845
-0.201686 -0.053823 0.165845
-0.201686 -0.053823 0.165845
-0.201687 -0.053823 0.165845
-0.201687 -0.053824 0.165844
-0.201689 -0.053824 0.165844
-0.201688 -0.053825 0.165844
-0.201688 -0.053824 0.165844
-0.201687 -0.053824 0.165845
-0.201686 -0.053826 0.165846
-0.201687 -0.053827 0.165847
-0.201687 -0.053828 0.165846
-0.201688 -0.053828 0.165846
-0.201687 -0.053829 0.165847
-0.201688 -0.053829 0.165847
-0.201688 -0.053830 0.165846
-0.201688 -0.053832 0.165846
-0.201688 -0.053831 0.165846
-0.201688 -0.053832 0.165845
-0.201688 -0.053832 0.165846
-0.201689 -0.053832 0.165847
-0.201689 -0.053830 0.165848
-0.201690 -0.053828 0.165848
-0.201690 -0.053827 0.165849
-0.201689 -0.053826 0.165849
-0.201689 -0.053825 0.165850
-0.201690 -0.053824 0.165851
-0.201689 -0.053825 0.165852
-0.201691 -0.053823 0.165853
-0.201690 -0.053823 0.165853
-0.201690 -0.053823 0.165852
-0.201691 -0.053819 0.165853
-0.201691 -0.053817 0.165853
-0.201691 -0.053817 0.165855
-0.201692 -0.053816 0.165857
-0.201692 -0.053816 0.165857
-0.201692 -0.053816 0.165857
-0.201692 -0.053816 0.165858
-0.201692 -0.053814 0.165857
-0.201692 -0.053816 0.165856
-0.201693 -0.053816 0.165856
-0.201693 -0.053814 0.165855
-0.201689 -0.053819 0.165858
-0.201689 -0.053820 0.165861
-0.201687 -0.053821 0.165862
-0.201688 -0.053823 0.165863
-0.201689 -0.053821 0.165863
-0.201691 -0.053824 0.165861
-0.201690 -0.053824 0.165861
-0.201688 -0.053828 0.165864
-0.201687 -0.053829 0.165864
-0.201686 -0.053829 0.165865
-0.201685 -0.053829 0.165867
-0.201685 -0.053828 0.165868
-0.201685 -0.053827 0.165868
-0.201685 -0.053827 0.165868
-0.201687 -0.053829 0.165868
-0.201689 -0.053826 0.165868
-0.201692 -0.053821 0.165865
-0.201693 -0.053820 0.165863
-0.201694 -0.053818 0.165864
-0.201696 -0.053819 0.165864
-0.201697 -0.053821 0.165864
-0.201698 -0.053819 0.165864
-0.201696 -0.053818 0.165863
-0.201694 -0.053818 0.165864
-0.201692 -0.053817 0.165864
-0.201692 -0.053817 0.165864
-0.201691 -0.053816 0.165862
-0.201689 -0.053814 0.165861
-0.201689 -0.053813 0.165860
-0.201686 -0.053810 0.165859
-0.201685 -0.053810 0.165858
-0.201687 -0.053810 0.165857
-0.201687 -0.053810 0.165857
-0.201689 -0.053808 0.165858
-0.201693 -0.053805 0.165859
-0.201694 -0.053802 0.165860
-0.201695 -0.053803 0.165865
-0.201696 -0.053802 0.165868
-0.201697 -0.053802 0.165869
-0.201699 -0.053802 0.165870
-0.201698 -0.053802 0.165870
-0.201696 -0.053801 0.165869
-0.201694 -0.053800 0.165869
-0.201692 -0.053799 0.165868
-0.201693 -0.053799 0.165868
-0.201694 -0.053795 0.165867
-0.201693 -0.053795 0.165868
-0.201693 -0.053795 0.165868
-0.201694 -0.053796 0.165869
-0.201695 -0.053796 0.165869
-0.201694 -0.053796 0.165871
-0.201696 -0.053796 0.165872
-0.201697 -0.053797 0.165873
-0.201700 -0.053798 0.165874
-0.201698 -0.053798 0.165874
-0.201698 -0.053801 0.165876
-0.201697 -0.053802 0.165877
-0.201696 -0.053803 0.165877
-0.201694 -0.053805 0.165876
-0.201691 -0.053805 0.165876
-0.201689 -0.053806 0.165876
-0.201687 -0.053807 0.165876
-0.201687 -0.053808 0.165877
-0.201686 -0.053805 0.165879
-0.201686 -0.053805 0.165882
-0.201686 -0.053803 0.165885
-0.201687 -0.053805 0.165889
-0.201685 -0.053804 0.165890
-0.201683 -0.053803 0.165890
-0.201683 -0.053801 0.165891
-0.201679 -0.053802 0.165892
-0.201675 -0.053799 0.165892
-0.201672 -0.053799 0.165894
-0.201671 -0.053800 0.165897
-0.201670 -0.053800 0.165899
-0.201670 -0.053801 0.165901
-0.201672 -0.053801 0.165903
-0.201674 -0.053803 0.165904
-0.201677 -0.053802 0.165904
-0.201679 -0.053805 0.165905
-0.201681 -0.053805 0.165905
-0.201683 -0.053807 0.165905
-0.201683 -0.053808 0.165903
-0.201687 -0.053810 0.165902
-0.201689 -0.053811 0.165900
-0.201687 -0.053811 0.165899
-0.201685 -0.053813 0.165900
-0.201683 -0.053815 0.165900
-0.201682 -0.053815 0.165901
-0.201684 -0.053814 0.165902
-0.201685 -0.053812 0.165902
-0.201687 -0.053810 0.165902
-0.201690 -0.053807 0.165905
-0.201690 -0.053805 0.165906
-0.201694 -0.053804 0.165907
-0.201696 -0.053802 0.165907
-0.201699 -0.053800 0.165908
-0.201701 -0.053799 0.165908
-0.201700 -0.053799 0.165908
-0.201701 -0.053799 0.165910
-0.201699 -0.053798 0.165911
-0.201697 -0.053799 0.165913
-0.201697 -0.053802 0.165915
-0.201696 -0.053804 0.165919
-0.201696 -0.053806 0.165920
-0.201696 -0.053805 0.165921
-0.201696 -0.053805 0.165921
-0.201695 -0.053806 0.165922
-0.201696 -0.053804 0.165923
-0.201697 -0.053804 0.165926
-0.201699 -0.053803 0.165927
-0.201699 -0.053802 0.165929
-0.201699 -0.053802 0.165931
-0.201702 -0.053804 0.165932
-0.201703 -0.053805 0.165933
-0.201704 -0.053807 0.165933
-0.201702 -0.053810 0.165931
-0.201700 -0.053813 0.165930
-0.201698 -0.053817 0.165929
-0.201698 -0.053822 0.165926
-0.201698 -0.053825 0.165923
-0.201696 -0.053829 0.165921
-0.201698 -0.053832 0.165919
-0.201702 -0.053834 0.165917
-0.201704 -0.053837 0.165916
-0.201706 -0.053836 0.165915
-0.201706 -0.053834 0.165914
-0.201707 -0.053834 0.165914
-0.201708 -0.053834 0.165914
-0.201706 -0.053830 0.165916
-0.201705 -0.053824 0.165918
-0.201705 -0.053818 0.165923
-0.201707 -0.053811 0.165924
-0.201708 -0.053803 0.165926
-0.201709 -0.053793 0.165928
-0.201712 -0.053782 0.165931
-0.201713 -0.053773 0.165932
-0.201714 -0.053769 0.165932
-0.201713 -0.053761 0.165936
-0.201716 -0.053753 0.165939
-0.201717 -0.053747 0.165939
-0.201717 -0.053740 0.165941
-0.201718 -0.053732 0.165942
-0.201719 -0.053730 0.165943
-0.201722 -0.053731 0.165945
-0.201724 -0.053733 0.165948
-0.201725 -0.053735 0.165949
-0.201725 -0.053736 0.165950
-0.201724 -0.053739 0.165950
-0.201725 -0.053743 0.165948
-0.201725 -0.053745 0.165948
-0.201724 -0.053751 0.165947
-0.201724 -0.053754 0.165946
-0.201727 -0.053765 0.165945
-0.201730 -0.053773 0.165946
-0.201735 -0.053781 0.165947
-0.201735 -0.053787 0.165950
-0.201736 -0.053789 0.165951
-0.201737 -0.053792 0.165951
-0.201736 -0.053796 0.165954
-0.201734 -0.053797 0.165954
-0.201732 -0.053799 0.165955
-0.201729 -0.053799 0.165955
-0.201729 -0.053799 0.165956
-0.201729 -0.053795 0.165957
-0.201728 -0.053792 0.165957
-0.201731 -0.053788 0.165958
-0.201732 -0.053785 0.165960
-0.201736 -0.053778 0.165962
-0.201739 -0.053775 0.165963
-0.201743 -0.053769 0.165964
-0.201745 -0.053768 0.165966
-0.201748 -0.053764 0.165967
-0.201750 -0.053762 0.165967
-0.201752 -0.053759 0.165967
-0.201754 -0.053758 0.165967
-0.201754 -0.053754 0.165965
-0.201756 -0.053753 0.165964
-0.201755 -0.053753 0.165963
-0.201756 -0.053752 0.165962
-0.201755 -0.053752 0.165962
-0.201754 -0.053751 0.165962
-0.201754 -0.053751 0.165962
-0.201753 -0.053750 0.165961
-0.201753 -0.053752 0.165961
-0.201753 -0.053752 0.165962
-0.201755 -0.053753 0.165963
-0.201756 -0.053753 0.165964
-0.201759 -0.053756 0.165964
-0.201760 -0.053757 0.165964
-0.201762 -0.053762 0.165964
-0.201762 -0.053766 0.165965
-0.201764 -0.053769 0.165964
-0.201765 -0.053774 0.165965
-0.201764 -0.053777 0.165964
-0.201763 -0.053781 0.165964
-0.201762 -0.053782 0.165965
-0.201760 -0.053785 0.165965
-0.201758 -0.053787 0.165966
-0.201757 -0.053789 0.165966
-0.201755 -0.053789 0.165966
-0.201754 -0.053792 0.165966
-0.201754 -0.053793 0.165966
-0.201752 -0.053792 0.165966
-0.201752 -0.053792 0.165967
-0.201752 -0.053792 0.165966
-0.201752 -0.053792 0.165966
-0.201750 -0.053792 0.165967
-0.201750 -0.053788 0.165968
-0.201750 -0.053787 0.165968
-0.201750 -0.053784 0.165970
-0.201749 -0.053781 0.165970
-0.201749 -0.053778 0.165972
-0.201748 -0.053777 0.165974
-0.201749 -0.053775 0.165974
-0.201750 -0.053775 0.165975
-0.201751 -0.053773 0.165978
-0.201752 -0.053772 0.165978
-0.201752 -0.053772 0.165978
-0.201752 -0.053772 0.165978
-0.201753 -0.053772 0.165979
-0.201753 -0.053772 0.165979
-0.201752 -0.053772 0.165979
-0.201752 -0.053771 0.165977
-0.201751 -0.053771 0.165976
-0.201751 -0.053773 0.165977
-0.201752 -0.053776 0.165978
-0.201752 -0.053776 0.165978
-0.201752 -0.053778 0.165978
-0.201753 -0.053779 0.165979
-0.201753 -0.053780 0.165980
-0.201754 -0.053782 0.165980
-0.201754 -0.053782 0.165983
-0.201754 -0.053783 0.165983
-0.201755 -0.053782 0.165984
-0.201755 -0.053782 0.165985
-0.201755 -0.053781 0.165987
-0.201756 -0.053781 0.165988
-0.201756 -0.053781 0.165988
-0.201753 -0.053780 0.165989
-0.201751 -0.053779 0.165990
-0.201751 -0.053780 0.165990
-0.201752 -0.053778 0.165991
-0.201751 -0.053779 0.165992
-0.201751 -0.053780 0.165993
-0.201751 -0.053780 0.165993
-0.201751 -0.053781 0.165994
-0.201749 -0.053782 0.165996
-0.201750 -0.053783 0.165995
-0.201752 -0.053783 0.165996
-0.201756 -0.053784 0.165995
-0.201758 -0.053783 0.165995
-0.201760 -0.053786 0.165996
-0.201761 -0.053788 0.165996
-0.201763 -0.053788 0.165995
-0.201764 -0.053790 0.165997
-0.201764 -0.053792 0.165996
-0.201765 -0.053793 0.165997
-0.201765 -0.053793 0.165997
-0.201766 -0.053794 0.165998
-0.201766 -0.053794 0.165998
-0.201764 -0.053796 0.165998
-0.201762 -0.053797 0.165998
-0.201761 -0.053797 0.166000
-0.201759 -0.053793 0.166002
-0.201761 -0.053792 0.166004
-0.201759 -0.053789 0.166007
-0.201758 -0.053789 0.166009
-0.201756 -0.053785 0.166011
-0.201754 -0.053785 0.166013
-0.201753 -0.053783 0.166015
-0.201753 -0.053781 0.166016
-0.201752 -0.053780 0.166017
-0.201749 -0.053779 0.166019
-0.201747 -0.053779 0.166019
-0.201745 -0.053777 0.166020
-0.201744 -0.053778 0.166020
-0.201742 -0.053779 0.166021
-0.201740 -0.053778 0.166022
-0.201739 -0.053780 0.166023
-0.201739 -0.053781 0.166023
-0.201739 -0.053783 0.166023
-0.201738 -0.053784 0.166022
-0.201738 -0.053786 0.166022
-0.201738 -0.053789 0.166024
-0.201738 -0.053790 0.166025
-0.201741 -0.053792 0.166025
-0.201744 -0.053793 0.166026
-0.201745 -0.053793 0.166026
-0.201745 -0.053793 0.166027
-0.201745 -0.053795 0.166027
-0.201745 -0.053795 0.166027
-0.201745 -0.053797 0.166029
-0.201745 -0.053797 0.166029
-0.201745 -0.053797 0.166030
-0.201745 -0.053797 0.166030
-0.201743 -0.053799 0.166030
-0.201742 -0.053799 0.166032
-0.201740 -0.053798 0.166033
-0.201738 -0.053797 0.166034
-0.201738 -0.053797 0.166036
-0.201736 -0.053797 0.166037
-0.201735 -0.053795 0.166038
-0.201734 -0.053794 0.166040
-0.201733 -0.053793 0.166041
-0.201733 -0.053793 0.166043
-0.201732 -0.053792 0.166045
-0.201733 -0.053791 0.166049
-0.201733 -0.053791 0.166051
-0.201733 -0.053790 0.166052
-0.201732 -0.053790 0.166054
-0.201732 -0.053790 0.166057
-0.201731 -0.053790 0.166059
-0.201731 -0.053790 0.166060
-0.201730 -0.053790 0.166062
-0.201730 -0.053789 0.166064
-0.201730 -0.053789 0.166065
-0.201730 -0.053790 0.166066
-0.201730 -0.053789 0.166068
-0.201730 -0.053789 0.166068
-0.201731 -0.053791 0.166070
-0.201732 -0.053793 0.166073
-0.201732 -0.053794 0.166074
-0.201733 -0.053794 0.166076
-0.201733 -0.053794 0.166077
-0.201735 -0.053795 0.166078
-0.201735 -0.053798 0.166080
-0.201735 -0.053800 0.166082
-0.201736 -0.053804 0.166084
-0.201736 -0.053805 0.166085
-0.201736 -0.053809 0.166088
-0.201737 -0.053813 0.166089
-0.201737 -0.053815 0.166093
-0.201737 -0.053817 0.166096
-0.201737 -0.053817 0.166099
-0.201737 -0.053819 0.166102
-0.201737 -0.053819 0.166105
-0.201735 -0.053821 0.166110
-0.201734 -0.053821 0.166114
-0.201733 -0.053820 0.166119
-0.201731 -0.053820 0.166124
-0.201730 -0.053820 0.166129
-0.201729 -0.053819 0.166131
-0.201729 -0.053819 0.166137
-0.201728 -0.053819 0.166141
-0.201726 -0.053818 0.166146
-0.201726 -0.053818 0.166152
-0.201725 -0.053818 0.166153
-0.201725 -0.053817 0.166157
-0.201725 -0.053815 0.166163
-0.201724 -0.053816 0.166168
-0.201724 -0.053817 0.166174
-0.201723 -0.053815 0.166176
-0.201723 -0.053815 0.166180
-0.201723 -0.053817 0.166184
-0.201723 -0.053819 0.166188
-0.201723 -0.053821 0.166191
-0.201724 -0.053823 0.166195
-0.201725 -0.053826 0.166199
-0.201726 -0.053828 0.166202
-0.201727 -0.053829 0.166204
-0.201726 -0.053832 0.166209
-0.201722 -0.053835 0.166216
-0.201720 -0.053838 0.166220
-0.201720 -0.053838 0.166222
-0.201719 -0.053840 0.166225
-0.201720 -0.053840 0.166229
-0.201719 -0.053841 0.166233
-0.201719 -0.053841 0.166237
-0.201719 -0.053842 0.166242
-0.201718 -0.053842 0.166246
-0.201717 -0.053843 0.166250
-0.201716 -0.053842 0.166252
-0.201715 -0.053843 0.166258
-0.201715 -0.053844 0.166263
-0.201715 -0.053845 0.166268
-0.201714 -0.053847 0.166272
-0.201714 -0.053847 0.166275
-0.201713 -0.053849 0.166283
-0.201711 -0.053850 0.166288
-0.201710 -0.053850 0.166292
-0.201708 -0.053851 0.166296
-0.201707 -0.053853 0.166301
-0.201708 -0.053854 0.166305
-0.201709 -0.053854 0.166309
-0.201709 -0.053856 0.166313
-0.201710 -0.053856 0.166319
-0.201710 -0.053857 0.166322
-0.201711 -0.053858 0.166327
-0.201713 -0.053860 0.166333
-0.201713 -0.053862 0.166338
-0.201715 -0.053861 0.166342
-0.201716 -0.053861 0.166345
-0.201716 -0.053860 0.166348
-0.201718 -0.053860 0.166351
-0.201720 -0.053862 0.166354
-0.201721 -0.053862 0.166358
-0.201723 -0.053862 0.166362
-0.201723 -0.053863 0.166367
-0.201723 -0.053865 0.166371
-0.201726 -0.053865 0.166377
-0.201727 -0.053867 0.166381
-0.201728 -0.053869 0.166385
-0.201731 -0.053869 0.166390
-0.201731 -0.053871 0.166391
-0.201735 -0.053872 0.166395
-0.201736 -0.053873 0.166398
-0.201738 -0.053874 0.166400
-0.201738 -0.053875 0.166406
-0.201740 -0.053875 0.166411
-0.201740 -0.053877 0.166415
-0.201740 -0.053876 0.166421
-0.201739 -0.053877 0.166425
-0.201741 -0.053876 0.166430
-0.201740 -0.053876 0.166434
-0.201740 -0.053875 0.166437
-0.201740 -0.053874 0.166442
-0.201739 -0.053873 0.166444
-0.201739 -0.053873 0.166447
-0.201739 -0.053873 0.166450
-0.201739 -0.053874 0.166454
-0.201740 -0.053875 0.166457
-0.201741 -0.053877 0.166462
-0.201742 -0.053878 0.166468
-0.201743 -0.053879 0.166471
-0.201745 -0.053881 0.166477
-0.201744 -0.053885 0.166481
-0.201745 -0.053887 0.166486
-0.201745 -0.053888 0.166490
-0.201745 -0.053891 0.166496
-0.201744 -0.053894 0.166502
-0.201744 -0.053898 0.166507
-0.201746 -0.053899 0.166511
-0.201749 -0.053901 0.166516
-0.201750 -0.053902 0.166521
-0.201751 -0.053903 0.166527
-0.201753 -0.053906 0.166532
-0.201754 -0.053908 0.166540
-0.201755 -0.053910 0.166544
-0.201756 -0.053913 0.166554
-0.201756 -0.053916 0.166560
-0.201756 -0.053918 0.166567
-0.201757 -0.053920 0.166574
-0.201757 -0.053923 0.166580
-0.201757 -0.053926 0.166586
-0.201757 -0.053929 0.166593
-0.201756 -0.053935 0.166604
-0.201757 -0.053935 0.166607
-0.201756 -0.053937 0.166611
-0.201755 -0.053940 0.166621
-0.201755 -0.053942 0.166624
-0.201754 -0.053947 0.166634
-0.201754 -0.053952 0.166645
-0.201755 -0.053956 0.166652
-0.201757 -0.053959 0.166658
-0.201757 -0.053963 0.166667
-0.201757 -0.053967 0.166674
-0.201758 -0.053970 0.166681
-0.201757 -0.053974 0.166690
-0.201756 -0.053978 0.166699
-0.201755 -0.053980 0.166708
-0.201755 -0.053982 0.166714
-0.201755 -0.053984 0.166723
-0.201755 -0.053985 0.166731
-0.201755 -0.053986 0.166740
-0.201755 -0.053987 0.166750
-0.201756 -0.053988 0.166758
-0.201756 -0.053991 0.166767
-0.201757 -0.053995 0.166774
-0.201757 -0.053996 0.166783
-0.201758 -0.054000 0.166794
-0.201758 -0.054003 0.166804
-0.201760 -0.054005 0.166809
-0.201761 -0.054009 0.166816
-0.201762 -0.054014 0.166826
-0.201763 -0.054019 0.166833
-0.201764 -0.054022 0.166841
-0.201764 -0.054026 0.166847
-0.201764 -0.054027 0.166850
-0.201764 -0.054033 0.166858
-0.201765 -0.054036 0.166864
-0.201764 -0.054039 0.166871
-0.201764 -0.054042 0.166879
-0.201765 -0.054045 0.166886
-0.201766 -0.054049 0.166892
-0.201766 -0.054053 0.166902
-0.201767 -0.054057 0.166912
-0.201768 -0.054061 0.166920
-0.201768 -0.054065 0.166927
-0.201768 -0.054067 0.166936
-0.201769 -0.054069 0.166943
-0.201768 -0.054073 0.166951
-0.201768 -0.054077 0.166960
-0.201767 -0.054079 0.166968
-0.201765 -0.054083 0.166976
-0.201764 -0.054087 0.166986
-0.201764 -0.054089 0.166992
-0.201763 -0.054095 0.167004
-0.201761 -0.054097 0.167011
-0.201760 -0.054100 0.167018
-0.201759 -0.054102 0.167024
-0.201758 -0.054103 0.167029
-0.201757 -0.054108 0.167039
-0.201757 -0.054109 0.167045
-0.201755 -0.054112 0.167052
-0.201756 -0.054117 0.167062
-0.201755 -0.054118 0.167067
-0.201757 -0.054123 0.167079
-0.201759 -0.054126 0.167087
-0.201758 -0.054128 0.167093
-0.201757 -0.054129 0.167101
-0.201757 -0.054135 0.167108
-0.201758 -0.054137 0.167116
-0.201758 -0.054139 0.167121
-0.201758 -0.054141 0.167128
-0.201758 -0.054144 0.167137
-0.201758 -0.054146 0.167144
-0.201758 -0.054147 0.167146
-0.201759 -0.054149 0.167155
-0.201759 -0.054150 0.167157
-0.201760 -0.054154 0.167169
-0.201759 -0.054154 0.167172
-0.201759 -0.054158 0.167181
-0.201758 -0.054161 0.167191
-0.201759 -0.054166 0.167203
-0.201758 -0.054168 0.167210
-0.201758 -0.054170 0.167216
-0.201758 -0.054171 0.167220
-0.201758 -0.054172 0.167227
-0.201758 -0.054176 0.167234
-0.201757 -0.054180 0.167247
-0.201756 -0.054182 0.167252
-0.201756 -0.054185 0.167263
-0.201756 -0.054187 0.167269
-0.201756 -0.054189 0.167274
-0.201757 -0.054191 0.167280
-0.201756 -0.054194 0.167286
-0.201755 -0.054195 0.167292
-0.201755 -0.054198 0.167300
-0.201756 -0.054201 0.167309
-0.201757 -0.054204 0.167318
-0.201759 -0.054204 0.167324
-0.201758 -0.054207 0.167331
-0.201759 -0.054208 0.167335
-0.201760 -0.054208 0.167338
-0.201758 -0.054208 0.167347
-0.201759 -0.054208 0.167352
-0.201758 -0.054209 0.167360
-0.201759 -0.054210 0.167367
-0.201759 -0.054209 0.167371
-0.201760 -0.054209 0.167379
-0.201760 -0.054211 0.167385
-0.201761 -0.054210 0.167386
-0.201763 -0.054209 0.167391
-0.201764 -0.054210 0.167394
-0.201765 -0.054209 0.167397
-0.201767 -0.054212 0.167402
-0.201767 -0.054213 0.167404
-0.201766 -0.054213 0.167407
-0.201766 -0.054213 0.167409
-0.201765 -0.054214 0.167414
-0.201764 -0.054213 0.167415
-0.201764 -0.054213 0.167417
-0.201763 -0.054214 0.167418
-0.201763 -0.054213 0.167420
-0.201761 -0.054212 0.167422
-0.201761 -0.054212 0.167422
-0.201762 -0.054212 0.167425
-0.201761 -0.054212 0.167425
-0.201761 -0.054212 0.167425
-0.201761 -0.054212 0.167425
-0.201761 -0.054212 0.167424
-0.201761 -0.054211 0.167423
-0.201761 -0.054212 0.167423
-0.201762 -0.054211 0.167422
-0.201763 -0.054212 0.167423
-0.201763 -0.054211 0.167421
-0.201763 -0.054210 0.167419
-0.201763 -0.054207 0.167418
-0.201761 -0.054208 0.167416
-0.201760 -0.054207 0.167411
-0.201758 -0.054205 0.167407
-0.201757 -0.054205 0.167404
-0.201756 -0.054203 0.167399
-0.201753 -0.054200 0.167396
-0.201750 -0.054198 0.167391
-0.201748 -0.054196 0.167386
-0.201744 -0.054193 0.167383
-0.201741 -0.054192 0.167380
-0.201738 -0.054187 0.167375
-0.201733 -0.054186 0.167370
-0.201729 -0.054183 0.167365
-0.201727 -0.054183 0.167363
-0.201723 -0.054181 0.167360
-0.201716 -0.054181 0.167354
-0.201711 -0.054180 0.167349
-0.201705 -0.054179 0.167345
-0.201698 -0.054182 0.167340
-0.201689 -0.054185 0.167334
-0.201681 -0.054190 0.167331
-0.201666 -0.054192 0.167320
-0.201654 -0.054190 0.167310
-0.201641 -0.054182 0.167297
-0.201627 -0.054178 0.167284
-0.201617 -0.054178 0.167275
-0.201602 -0.054171 0.167260
-0.201592 -0.054168 0.167248
-0.201583 -0.054159 0.167235
-0.201573 -0.054157 0.167223
-0.201559 -0.054157 0.167206
-0.201547 -0.054153 0.167192
-0.201541 -0.054151 0.167183
-0.201529 -0.054151 0.167170
-0.201519 -0.054154 0.167159
-0.201511 -0.054151 0.167151
-0.201490 -0.054156 0.167132
-0.201472 -0.054159 0.167118
-0.201461 -0.054162 0.167108
-0.201439 -0.054168 0.167094
-0.201415 -0.054174 0.167079
-0.201396 -0.054185 0.167068
-0.201375 -0.054193 0.167057
-0.201363 -0.054198 0.167054
-0.201334 -0.054215 0.167043
-0.201309 -0.054230 0.167037
-0.201285 -0.054247 0.167033
-0.201261 -0.054265 0.167032
-0.201236 -0.054278 0.167026
-0.201226 -0.054290 0.167031
-0.201186 -0.054321 0.167027
-0.201162 -0.054342 0.167027
-0.201135 -0.054366 0.167028
-0.201110 -0.054385 0.167026
-0.201085 -0.054405 0.167026
-0.201060 -0.054428 0.167029
-0.201038 -0.054456 0.167034
-0.201004 -0.054478 0.167032
-0.200977 -0.054504 0.167032
-0.200947 -0.054530 0.167032
-0.200919 -0.054555 0.167034
-0.200889 -0.054581 0.167035
-0.200869 -0.054607 0.167042
-0.200829 -0.054641 0.167043
-0.200803 -0.054665 0.167047
-0.200771 -0.054694 0.167049
-0.200742 -0.054715 0.167051
-0.200712 -0.054746 0.167054
-0.200699 -0.054761 0.167056
-0.200658 -0.054797 0.167054
-0.200643 -0.054814 0.167054
-0.200614 -0.054838 0.167054
-0.200588 -0.054860 0.167055
-0.200562 -0.054886 0.167054
-0.200537 -0.054902 0.167054
-0.200508 -0.054927 0.167055
-0.200491 -0.054939 0.167054
-0.200449 -0.054959 0.167052
-0.200419 -0.054975 0.167050
-0.200384 -0.054989 0.167047
-0.200352 -0.055003 0.167046
-0.200318 -0.055014 0.167044
-0.200304 -0.055020 0.167044
-0.200257 -0.055033 0.167044
-0.200226 -0.055040 0.167044
-0.200194 -0.055049 0.167044
-0.200168 -0.055055 0.167044
-0.200140 -0.055059 0.167042
-0.200110 -0.055062 0.167040
-0.200087 -0.055063 0.167039
-0.200066 -0.055064 0.167040
-0.200046 -0.055064 0.167041
-0.200021 -0.055066 0.167043
-0.199994 -0.055066 0.167046
-0.199984 -0.055067 0.167048
-0.199950 -0.055065 0.167052
-0.199922 -0.055062 0.167054
-0.199898 -0.055058 0.167055
-0.199866 -0.055052 0.167056
-0.199847 -0.055050 0.167058
-0.199825 -0.055047 0.167059
-0.199798 -0.055041 0.167060
-0.199776 -0.055036 0.167062
-0.199762 -0.055032 0.167063
-0.199741 -0.055028 0.167064
-0.199728 -0.055022 0.167065
-0.199720 -0.055022 0.167065
-0.199701 -0.055014 0.167067
-0.199688 -0.055011 0.167069
-0.199679 -0.055009 0.167072
-0.199665 -0.055008 0.167075
-0.199655 -0.055007 0.167077
-0.199645 -0.055005 0.167078
-0.199624 -0.055001 0.167080
-0.199612 -0.054998 0.167079
-0.199599 -0.054993 0.167079
-0.199589 -0.054990 0.167080
-0.199575 -0.054986 0.167080
-0.199565 -0.054984 0.167082
-0.199556 -0.054982 0.167084
-0.199551 -0.054980 0.167085
-0.199548 -0.054976 0.167086
-0.199545 -0.054976 0.167087
-0.199541 -0.054974 0.167088
-0.199542 -0.054976 0.167090
-0.199543 -0.054975 0.167091
-0.199545 -0.054978 0.167092
-0.199550 -0.054979 0.167093
-0.199551 -0.054980 0.167094
-0.199549 -0.054984 0.167095
-0.199546 -0.054986 0.167095
-0.199547 -0.054986 0.167095
-0.199548 -0.054988 0.167095
-0.199546 -0.054989 0.167094
-0.199546 -0.054989 0.167093
-0.199548 -0.054988 0.167093
-0.199549 -0.054988 0.167093
-0.199550 -0.054986 0.167093
-0.199552 -0.054984 0.167094
-0.199555 -0.054986 0.167095
-0.199559 -0.054984 0.167096
-0.199566 -0.054984 0.167098
-0.199569 -0.054981 0.167100
-0.199574 -0.054978 0.167102
-0.199578 -0.054976 0.167102
-0.199581 -0.054976 0.167103
-0.199584 -0.054974 0.167106
-0.199587 -0.054973 0.167107
-0.199589 -0.054972 0.167108
-0.199591 -0.054970 0.167108
-0.199591 -0.054968 0.167107
-0.199591 -0.054964 0.167105
-0.199592 -0.054963 0.167106
-0.199593 -0.054962 0.167107
-0.199593 -0.054961 0.167106
-0.199596 -0.054961 0.167106
-0.199599 -0.054961 0.167106
-0.199605 -0.054960 0.167105
-0.199606 -0.054960 0.167106
-0.199608 -0.054960 0.167105
-0.199610 -0.054958 0.167104
-0.199613 -0.054958 0.167104
-0.199615 -0.054958 0.167106
-0.199616 -0.054958 0.167107
-0.199616 -0.054958 0.167108
-0.199617 -0.054956 0.167110
-0.199617 -0.054956 0.167111
-0.199619 -0.054954 0.167112
-0.199620 -0.054953 0.167112
-0.199619 -0.054953 0.167113
-0.199618 -0.054952 0.167114
-0.199617 -0.054951 0.167116
-0.199616 -0.054949 0.167116
-0.199615 -0.054949 0.167116
-0.199615 -0.054946 0.167116
-0.199614 -0.054945 0.167116
-0.199611 -0.054944 0.167117
-0.199609 -0.054943 0.167117
-0.199609 -0.054942 0.167117
-0.199607 -0.054940 0.167118
-0.199608 -0.054939 0.167117
-0.199609 -0.054940 0.167118
-0.199608 -0.054940 0.167119
-0.199610 -0.054941 0.167119
-0.199611 -0.054941 0.167118
-0.199612 -0.054941 0.167118
-0.199612 -0.054941 0.167118
-0.199613 -0.054941 0.167117
-0.199614 -0.054942 0.167116
-0.199615 -0.054941 0.167117
-0.199614 -0.054942 0.167117
-0.199614 -0.054941 0.167118
-0.199615 -0.054940 0.167121
-0.199616 -0.054938 0.167121
-0.199617 -0.054938 0.167121
-0.199619 -0.054935 0.167121
-0.199620 -0.054935 0.167121
-0.199623 -0.054934 0.167120
-0.199623 -0.054935 0.167119
-0.199625 -0.054933 0.167119
-0.199628 -0.054932 0.167119
-0.199629 -0.054931 0.167119
-0.199628 -0.054930 0.167119
-0.199628 -0.054932 0.167121
-0.199626 -0.054933 0.167121
-0.199625 -0.054933 0.167122
-0.199623 -0.054933 0.167122
-0.199619 -0.054932 0.167122
-0.199617 -0.054933 0.167121
-0.199615 -0.054934 0.167120
-0.199615 -0.054934 0.167121
-0.199614 -0.054931 0.167123
-0.199614 -0.054929 0.167125
-0.199613 -0.054927 0.167127
-0.199612 -0.054927 0.167129
-0.199615 -0.054926 0.167132
-0.199617 -0.054925 0.167134
-0.199617 -0.054924 0.167135
-0.199618 -0.054923 0.167135
-0.199618 -0.054919 0.167135
-0.199617 -0.054918 0.167136
-0.199617 -0.054917 0.167138
-0.199616 -0.054917 0.167138
-0.199615 -0.054916 0.167139
-0.199615 -0.054916 0.167139
-0.199615 -0.054918 0.167139
-0.199615 -0.054917 0.167138
-0.199614 -0.054917 0.167140
-0.199614 -0.054917 0.167140
-0.199615 -0.054917 0.167138
-0.199615 -0.054916 0.167139
-0.199615 -0.054918 0.167140
-0.199615 -0.054916 0.167141
-0.199615 -0.054916 0.167141
-0.199616 -0.054917 0.167142
-0.199616 -0.054918 0.167142
-0.199616 -0.054918 0.167142
-0.199616 -0.054917 0.167142
-0.199615 -0.054916 0.167142
-0.199612 -0.054916 0.167143
-0.199611 -0.054916 0.167144
-0.199609 -0.054914 0.167145
-0.199606 -0.054914 0.167145
-0.199604 -0.054913 0.167146
-0.199602 -0.054914 0.167148
-0.199600 -0.054915 0.167148
-0.199598 -0.054915 0.167149
-0.199598 -0.054916 0.167150
-0.199599 -0.054914 0.167151
-0.199598 -0.054913 0.167151
-0.199599 -0.054914 0.167152
-0.199599 -0.054914 0.167152
-0.199598 -0.054914 0.167152
-0.199597 -0.054914 0.167152
-0.199595 -0.054913 0.167152
-0.199595 -0.054913 0.167155
-0.199595 -0.054912 0.167156
-0.199596 -0.054913 0.167158
-0.199596 -0.054913 0.167160
-0.199596 -0.054913 0.167161
-0.199595 -0.054911 0.167162
-0.199594 -0.054911 0.167162
-0.199594 -0.054912 0.167164
-0.199595 -0.054912 0.167164
-0.199596 -0.054909 0.167163
-0.199597 -0.054907 0.167164
-0.199598 -0.054907 0.167165
-0.199601 -0.054906 0.167165
-0.199603 -0.054906 0.167165
-0.199603 -0.054908 0.167165
-0.199602 -0.054908 0.167166
-0.199600 -0.054907 0.167166
-0.199600 -0.054906 0.167166
-0.199601 -0.054907 0.167166
-0.199600 -0.054906 0.167166
-0.199600 -0.054906 0.167166
-0.199599 -0.054905 0.167163
-0.199598 -0.054906 0.167163
-0.199597 -0.054906 0.167163
-0.199597 -0.054905 0.167162
-0.199597 -0.054905 0.167162
-0.199596 -0.054907 0.167162
-0.199597 -0.054906 0.167163
-0.199597 -0.054905 0.167163
-0.199597 -0.054902 0.167165
-0.199597 -0.054901 0.167164
-0.199597 -0.054900 0.167166
-0.199599 -0.054899 0.167166
-0.199599 -0.054896 0.167166
-0.199599 -0.054895 0.167165
-0.199599 -0.054894 0.167164
-0.199599 -0.054892 0.167164
-0.199600 -0.054890 0.167163
-0.199600 -0.054889 0.167163
-0.199599 -0.054889 0.167163
-0.199600 -0.054889 0.167163
-0.199601 -0.054888 0.167163
-0.199602 -0.054885 0.167163
-0.199603 -0.054885 0.167163
-0.199604 -0.054884 0.167164
-0.199605 -0.054882 0.167165
-0.199606 -0.054882 0.167163
-0.199607 -0.054882 0.167163
-0.199608 -0.054879 0.167162
-0.199608 -0.054880 0.167162
-0.199609 -0.054880 0.167162
-0.199609 -0.054880 0.167162
-0.199609 -0.054881 0.167164
-0.199609 -0.054881 0.167164
-0.199609 -0.054881 0.167164
-0.199609 -0.054881 0.167164
-0.199609 -0.054881 0.167164
-0.199608 -0.054881 0.167164
-0.199608 -0.054881 0.167164
-0.199607 -0.054882 0.167164
-0.199607 -0.054882 0.167164
-0.199607 -0.054880 0.167165
-0.199606 -0.054880 0.167165
-0.199605 -0.054882 0.167165
-0.199605 -0.054881 0.167164
-0.199604 -0.054881 0.167163
-0.199604 -0.054880 0.167163
-0.199604 -0.054881 0.167163
-0.199604 -0.054880 0.167163
-0.199603 -0.054881 0.167163
-0.199604 -0.054881 0.167163
-0.199604 -0.054881 0.167163
-0.199604 -0.054881 0.167164
-0.199604 -0.054881 0.167164
-0.199604 -0.054881 0.167164
-0.199605 -0.054882 0.167165
-0.199605 -0.054881 0.167164
-0.199605 -0.054882 0.167164
-0.199607 -0.054882 0.167163
-0.199608 -0.054881 0.167164
-0.199608 -0.054881 0.167164
-0.199609 -0.054881 0.167165
-0.199609 -0.054880 0.167166
-0.199609 -0.054879 0.167165
-0.199610 -0.054879 0.167166
-0.199611 -0.054880 0.167166
-0.199610 -0.054879 0.167166
-0.199610 -0.054880 0.167167
-0.199610 -0.054879 0.167167
-0.199609 -0.054878 0.167167
-0.199609 -0.054879 0.167168
-0.199608 -0.054877 0.167167
-0.199607 -0.054876 0.167168
-0.199606 -0.054878 0.167169
-0.199605 -0.054878 0.167169
-0.199604 -0.054879 0.167170
-0.199603 -0.054879 0.167169
-0.199603 -0.054879 0.167169
-0.199602 -0.054880 0.167170
-0.199602 -0.054882 0.167170
-0.199602 -0.054882 0.167170
-0.199602 -0.054882 0.167171
-0.199603 -0.054884 0.167171
-0.199602 -0.054885 0.167171
-0.199602 -0.054885 0.167171
-0.199602 -0.054886 0.167170
-0.199602 -0.054886 0.167171
-0.199602 -0.054886 0.167171
-0.199602 -0.054887 0.167171
-0.199603 -0.054887 0.167171
-0.199603 -0.054888 0.167171
-0.199603 -0.054889 0.167172
-0.199603 -0.054889 0.167172
-0.199603 -0.054889 0.167172
-0.199603 -0.054888 0.167171
-0.199603 -0.054888 0.167170
-0.199603 -0.054887 0.167171
-0.199603 -0.054886 0.167170
-0.199603 -0.054886 0.167169
-0.199603 -0.054885 0.167169
-0.199603 -0.054885 0.167169
-0.199603 -0.054883 0.167168
-0.199604 -0.054882 0.167168
-0.199604 -0.054881 0.167169
-0.199605 -0.054881 0.167169
-0.199605 -0.054880 0.167169
-0.199605 -0.054879 0.167169
-0.199603 -0.054878 0.167168
-0.199603 -0.054875 0.167168
-0.199603 -0.054876 0.167168
-0.199604 -0.054876 0.167168
-0.199605 -0.054877 0.167168
-0.199605 -0.054876 0.167169
-0.199605 -0.054877 0.167168
-0.199607 -0.054877 0.167169
-0.199607 -0.054877 0.167169
-0.199608 -0.054877 0.167169
-0.199609 -0.054877 0.167170
-0.199609 -0.054877 0.167169
-0.199610 -0.054877 0.167169
-0.199611 -0.054877 0.167169
-0.199611 -0.054878 0.167169
-0.199611 -0.054878 0.167169
-0.199612 -0.054878 0.167169
-0.199612 -0.054880 0.167169
-0.199612 -0.054880 0.167169
-0.199612 -0.054880 0.167169
-0.199612 -0.054880 0.167169
-0.199612 -0.054880 0.167169
-0.199612 -0.054880 0.167169
-0.199612 -0.054879 0.167168
-0.199612 -0.054879 0.167170
-0.199612 -0.054880 0.167169
-0.199612 -0.054879 0.167170
-0.199612 -0.054878 0.167170
-0.199612 -0.054877 0.167170
-0.199612 -0.054877 0.167170
-0.199611 -0.054877 0.167169
-0.199612 -0.054877 0.167170
-0.199612 -0.054877 0.167170
-0.199611 -0.054878 0.167170
-0.199610 -0.054878 0.167170
-0.199608 -0.054879 0.167170
-0.199608 -0.054878 0.167170
-0.199607 -0.054878 0.167170
-0.199606 -0.054879 0.167170
-0.199604 -0.054880 0.167171
-0.199605 -0.054881 0.167172
-0.199606 -0.054883 0.167172
-0.199608 -0.054882 0.167172
-0.199610 -0.054882 0.167171
-0.199611 -0.054882 0.167171
-0.199611 -0.054883 0.167171
-0.199612 -0.054883 0.167171
-0.199612 -0.054884 0.167171
-0.199612 -0.054884 0.167171
-0.199613 -0.054885 0.167172
-0.199614 -0.054885 0.167172
-0.199614 -0.054885 0.167172
-0.199614 -0.054885 0.167172
-0.199613 -0.054887 0.167173
-0.199613 -0.054886 0.167172
-0.199612 -0.054888 0.167172
-0.199612 -0.054886 0.167171
-0.199612 -0.054884 0.167171
-0.199611 -0.054883 0.167172
-0.199611 -0.054883 0.167171
-0.199610 -0.054882 0.167172
-0.199610 -0.054882 0.167172
-0.199610 -0.054883 0.167172
-0.199610 -0.054883 0.167172
-0.199610 -0.054882 0.167171
-0.199611 -0.054882 0.167171
-0.199610 -0.054882 0.167171
-0.199609 -0.054883 0.167172
-0.199606 -0.054882 0.167172
-0.199605 -0.054882 0.167172
-0.199605 -0.054883 0.167172
-0.199605 -0.054885 0.167172
-0.199605 -0.054884 0.167172
-0.199608 -0.054885 0.167172
-0.199609 -0.054886 0.167173
-0.199609 -0.054886 0.167173
-0.199611 -0.054885 0.167174
-0.199612 -0.054886 0.167174
-0.199613 -0.054886 0.167174
-0.199614 -0.054885 0.167175
-0.199613 -0.054886 0.167175
-0.199614 -0.054885 0.167176
-0.199613 -0.054885 0.167177
-0.199612 -0.054885 0.167176
-0.199610 -0.054885 0.167176
-0.199610 -0.054884 0.167177
-0.199610 -0.054883 0.167176
-0.199610 -0.054883 0.167176
-0.199611 -0.054881 0.167176
-0.199611 -0.054881 0.167176
-0.199611 -0.054881 0.167176
-0.199610 -0.054882 0.167176
-0.199610 -0.054882 0.167176
-0.199610 -0.054883 0.167177
-0.199610 -0.054883 0.167177
-0.199609 -0.054883 0.167177
-0.199610 -0.054883 0.167177
-0.199610 -0.054883 0.167177
-0.199611 -0.054883 0.167177
-0.199614 -0.054883 0.167177
-0.199615 -0.054883 0.167177
-0.199616 -0.054883 0.167177
-0.199616 -0.054883 0.167177
-0.199617 -0.054882 0.167177
-0.199617 -0.054883 0.167177
-0.199617 -0.054882 0.167177
-0.199617 -0.054882 0.167177
-0.199617 -0.054882 0.167177
-0.199617 -0.054882 0.167177
-0.199617 -0.054882 0.167178
-0.199617 -0.054882 0.167178
-0.199616 -0.054882 0.167178
-0.199616 -0.054881 0.167178
-0.199617 -0.054881 0.167178
-0.199617 -0.054880 0.167179
-0.199616 -0.054880 0.167179
-0.199617 -0.054880 0.167180
-0.199617 -0.054880 0.167180
-0.199617 -0.054880 0.167180
-0.199617 -0.054879 0.167179
-0.199616 -0.054879 0.167179
-0.199616 -0.054879 0.167179
-0.199615 -0.054878 0.167180
-0.199615 -0.054878 0.167180
-0.199615 -0.054877 0.167180
-0.199615 -0.054876 0.167180
-0.199615 -0.054877 0.167180
-0.199615 -0.054876 0.167180
-0.199614 -0.054876 0.167180
-0.199614 -0.054877 0.167179
-0.199615 -0.054878 0.167179
-0.199616 -0.054878 0.167179
-0.199616 -0.054878 0.167179
-0.199617 -0.054877 0.167179
-0.199617 -0.054876 0.167179
-0.199617 -0.054876 0.167179
-0.199617 -0.054875 0.167178
-0.199617 -0.054874 0.167178
-0.199617 -0.054873 0.167177
-0.199617 -0.054873 0.167177
-0.199617 -0.054872 0.167176
-0.199617 -0.054872 0.167176
-0.199617 -0.054872 0.167177
-0.199617 -0.054871 0.167178
-0.199617 -0.054871 0.167178
-0.199616 -0.054871 0.167178
-0.199616 -0.054871 0.167178
-0.199616 -0.054871 0.167177
-0.199616 -0.054871 0.167178
-0.199616 -0.054872 0.167177
-0.199615 -0.054871 0.167177
-0.199615 -0.054871 0.167177
-0.199615 -0.054872 0.167177
-0.199613 -0.054871 0.167178
-0.199613 -0.054871 0.167178
-0.199612 -0.054872 0.167179
-0.199610 -0.054872 0.167179
-0.199610 -0.054873 0.167179
-0.199611 -0.054872 0.167181
-0.199611 -0.054874 0.167182
-0.199611 -0.054874 0.167182
-0.199612 -0.054874 0.167183
-0.199613 -0.054873 0.167184
-0.199612 -0.054874 0.167184
-0.199612 -0.054873 0.167185
-0.199611 -0.054872 0.167185
-0.199611 -0.054873 0.167186
-0.199612 -0.054874 0.167185
-0.199611 -0.054873 0.167185
-0.199612 -0.054872 0.167184
-0.199611 -0.054872 0.167184
-0.199610 -0.054874 0.167184
-0.199610 -0.054873 0.167184
-0.199609 -0.054874 0.167183
-0.199609 -0.054874 0.167184
-0.199609 -0.054875 0.167183
-0.199609 -0.054877 0.167184
-0.199609 -0.054878 0.167184
-0.199607 -0.054878 0.167184
-0.199607 -0.054878 0.167184
-0.199607 -0.054879 0.167185
-0.199606 -0.054879 0.167185
-0.199604 -0.054879 0.167185
-0.199603 -0.054879 0.167185
-0.199602 -0.054879 0.167186
-0.199601 -0.054878 0.167186
-0.199601 -0.054880 0.167188
-0.199601 -0.054880 0.167190
-0.199600 -0.054879 0.167191
-0.199601 -0.054878 0.167193
-0.199601 -0.054878 0.167194
-0.199601 -0.054878 0.167194
-0.199601 -0.054877 0.167194
-0.199600 -0.054877 0.167194
-0.199600 -0.054877 0.167194
-0.199599 -0.054877 0.167194
-0.199599 -0.054878 0.167195
-0.199600 -0.054877 0.167195
-0.199599 -0.054877 0.167195
-0.199599 -0.054875 0.167195
-0.199600 -0.054876 0.167196
-0.199600 -0.054876 0.167197
-0.199599 -0.054877 0.167199
-0.199600 -0.054878 0.167199
-0.199600 -0.054878 0.167201
-0.199600 -0.054878 0.167202
-0.199600 -0.054877 0.167203
-0.199600 -0.054878 0.167205
-0.199598 -0.054877 0.167206
-0.199597 -0.054878 0.167208
-0.199597 -0.054876 0.167209
-0.199597 -0.054877 0.167210
-0.199597 -0.054876 0.167210
-0.199597 -0.054876 0.167211
-0.199596 -0.054876 0.167211
-0.199596 -0.054875 0.167211
-0.199595 -0.054875 0.167213
-0.199596 -0.054874 0.167213
-0.199594 -0.054874 0.167213
-0.199591 -0.054873 0.167214
-0.199587 -0.054875 0.167214
-0.199582 -0.054877 0.167213
-0.199575 -0.054877 0.167210
-0.199569 -0.054876 0.167207
-0.199559 -0.054878 0.167203
-0.199555 -0.054879 0.167201
-0.199540 -0.054880 0.167196
-0.199529 -0.054884 0.167191
-0.199515 -0.054888 0.167184
-0.199498 -0.054887 0.167177
-0.199470 -0.054894 0.167162
-0.199446 -0.054903 0.167155
-0.199423 -0.054911 0.167146
-0.199403 -0.054916 0.167138
-0.199374 -0.054929 0.167131
-0.199325 -0.054937 0.167111
-0.199279 -0.054956 0.167100
-0.199253 -0.054969 0.167095
-0.199199 -0.054984 0.167081
-0.199148 -0.054991 0.167067
-0.199079 -0.055015 0.167053
-0.199049 -0.055031 0.167050
-0.198920 -0.055056 0.167019
-0.198850 -0.055076 0.167004
-0.198775 -0.055103 0.166990
-0.198720 -0.055126 0.166980
-0.198636 -0.055157 0.166962
-0.198530 -0.055195 0.166940
-0.198452 -0.055233 0.166927
-0.198327 -0.055291 0.166907
-0.198186 -0.055348 0.166876
-0.198016 -0.055390 0.166822
-0.197878 -0.055442 0.166786
-0.197745 -0.055497 0.166749
-0.197601 -0.055555 0.166707
-0.197451 -0.055617 0.166663
-0.197308 -0.055679 0.166621
-0.197140 -0.055753 0.166576
-0.197032 -0.055804 0.166547
-0.196810 -0.055903 0.166488
-0.196620 -0.055994 0.166440
-0.196495 -0.056058 0.166405
-0.196328 -0.056145 0.166363
-0.196128 -0.056258 0.166317
-0.196042 -0.056296 0.166294
-0.195804 -0.056446 0.166250
-0.195715 -0.056492 0.166229
-0.195542 -0.056598 0.166198
-0.195335 -0.056731 0.166160
-0.195116 -0.056862 0.166116
-0.194909 -0.056993 0.166074
-0.194716 -0.057126 0.166036
-0.194525 -0.057264 0.165991
-0.194380 -0.057372 0.165961
-0.194164 -0.057534 0.165909
-0.193978 -0.057674 0.165859
-0.193803 -0.057804 0.165814
-0.193607 -0.057950 0.165760
-0.193459 -0.058058 0.165719
-0.193327 -0.058156 0.165680
-0.193153 -0.058283 0.165622
-0.192915 -0.058468 0.165539
-0.192722 -0.058610 0.165476
-0.192494 -0.058765 0.165406
-0.192284 -0.058907 0.165342
-0.192142 -0.058998 0.165294
-0.191908 -0.059158 0.165215
-0.191776 -0.059238 0.165163
-0.191675 -0.059289 0.165121
-0.191529 -0.059372 0.165076
-0.191186 -0.059542 0.164970
-0.190920 -0.059660 0.164882
-0.190693 -0.059751 0.164799
-0.190504 -0.059822 0.164723
-0.190333 -0.059878 0.164644
-0.190161 -0.059922 0.164557
-0.190047 -0.059935 0.164484
-0.189808 -0.059966 0.164358
-0.189650 -0.059966 0.164257
-0.189496 -0.059950 0.164145
-0.189366 -0.059927 0.164035
-0.189229 -0.059878 0.163892
-0.189111 -0.059828 0.163769
-0.188966 -0.059743 0.163610
-0.188834 -0.059642 0.163465
-0.188692 -0.059522 0.163299
-0.188571 -0.059403 0.163142
-0.188473 -0.059275 0.162983
-0.188349 -0.059091 0.162760
-0.188252 -0.058917 0.162559
-0.188142 -0.058708 0.162337
-0.188042 -0.058482 0.162110
-0.187956 -0.058251 0.161886
-0.187884 -0.058024 0.161673
-0.187813 -0.057777 0.161452
-0.187747 -0.057533 0.161235
-0.187680 -0.057256 0.160999
-0.187599 -0.056911 0.160719
-0.187557 -0.056721 0.160563
-0.187465 -0.056294 0.160243
-0.187393 -0.055948 0.159985
-0.187327 -0.055618 0.159744
-0.187266 -0.055264 0.159478
-0.187213 -0.054956 0.159250
-0.187172 -0.054528 0.158936
-0.187142 -0.054201 0.158703
-0.187115 -0.053869 0.158471
-0.187076 -0.053494 0.158213
-0.187032 -0.053135 0.157971
-0.186978 -0.052758 0.157722
-0.186920 -0.052364 0.157464
-0.186871 -0.052041 0.157258
-0.186816 -0.051678 0.157032
-0.186765 -0.051314 0.156806
-0.186721 -0.051030 0.156632
-0.186676 -0.050703 0.156434
-0.186628 -0.050410 0.156261
-0.186591 -0.050193 0.156133
-0.186539 -0.049879 0.155963
-0.186490 -0.049668 0.155850
-0.186431 -0.049429 0.155727
-0.186363 -0.049240 0.155636
-0.186288 -0.049058 0.155552
-0.186230 -0.048887 0.155473
-0.186184 -0.048696 0.155383
-0.186153 -0.048544 0.155315
-0.186115 -0.048407 0.155255
-0.186077 -0.048275 0.155195
-0.186044 -0.048175 0.155149
-0.185979 -0.048070 0.155092
-0.185930 -0.047996 0.155044
-0.185882 -0.047936 0.155002
-0.185845 -0.047897 0.154973
-0.185786 -0.047860 0.154938
-0.185714 -0.047820 0.154900
-0.185635 -0.047790 0.154868
-0.185560 -0.047758 0.154834
-0.185512 -0.047735 0.154804
-0.185467 -0.047715 0.154772
-0.185403 -0.047683 0.154736
-0.185327 -0.047645 0.154704
-0.185239 -0.047593 0.154670
-0.185150 -0.047537 0.154644
-0.185069 -0.047486 0.154626
-0.185006 -0.047438 0.154612
-0.184943 -0.047396 0.154606
-0.184878 -0.047360 0.154607
-0.184810 -0.047319 0.154610
-0.184737 -0.047280 0.154615
-0.184670 -0.047240 0.154625
-0.184606 -0.047197 0.154644
-0.184548 -0.047158 0.154663
-0.184489 -0.047105 0.154675
-0.184435 -0.047061 0.154683
-0.184382 -0.047023 0.154690
-0.184318 -0.046974 0.154700
-0.184247 -0.046936 0.154722
-0.184180 -0.046903 0.154744
-0.184108 -0.046871 0.154765
-0.184055 -0.046867 0.154781
-0.183998 -0.046860 0.154797
-0.183915 -0.046823 0.154808
-0.183808 -0.046761 0.154818
-0.183748 -0.046744 0.154832
-0.183679 -0.046740 0.154853
-0.183602 -0.046741 0.154877
-0.183530 -0.046739 0.154895
-0.183458 -0.046741 0.154912
-0.183379 -0.046734 0.154925
-0.183304 -0.046730 0.154937
-0.183245 -0.046726 0.154946
-0.183181 -0.046720 0.154957
-0.183109 -0.046712 0.154970
-0.183055 -0.046703 0.154979
-0.182992 -0.046693 0.154986
-0.182936 -0.046689 0.154992
-0.182890 -0.046689 0.155000
-0.182857 -0.046686 0.155006
-0.182809 -0.046679 0.155009
-0.182766 -0.046674 0.155015
-0.182712 -0.046669 0.155025
-0.182639 -0.046652 0.155039
-0.182604 -0.046648 0.155046
-0.182565 -0.046641 0.155053
-0.182523 -0.046630 0.155064
-0.182466 -0.046609 0.155082
-0.182420 -0.046594 0.155100
-0.182365 -0.046574 0.155120
-0.182303 -0.046551 0.155139
-0.182247 -0.046531 0.155155
-0.182188 -0.046508 0.155171
-0.182134 -0.046484 0.155187
-0.182086 -0.046454 0.155201
-0.182045 -0.046423 0.155218
-0.182013 -0.046402 0.155237
-0.181984 -0.046384 0.155256
-0.181930 -0.046356 0.155287
-0.181894 -0.046337 0.155305
-0.181822 -0.046295 0.155338
-0.181779 -0.046270 0.155356
-0.181718 -0.046230 0.155385
-0.181674 -0.046197 0.155407
-0.181638 -0.046168 0.155431
-0.181605 -0.046147 0.155454
-0.181570 -0.046122 0.155479
-0.181542 -0.046096 0.155498
-0.181519 -0.046076 0.155513
-0.181496 -0.046059 0.155530
-0.181451 -0.046026 0.155556
-0.181380 -0.045973 0.155599
-0.181352 -0.045947 0.155621
-0.181329 -0.045924 0.155641
-0.181275 -0.045871 0.155689
-0.181252 -0.045848 0.155716
-0.181224 -0.045819 0.155745
-0.181204 -0.045789 0.155768
-0.181175 -0.045759 0.155799
-0.181132 -0.045729 0.155828
-0.181100 -0.045705 0.155848
-0.181051 -0.045677 0.155882
-0.181016 -0.045655 0.155914
-0.180996 -0.045641 0.155941
-0.180962 -0.045636 0.155971
-0.180931 -0.045614 0.156016
-0.180909 -0.045597 0.156042
-0.180891 -0.045576 0.156065
-0.180872 -0.045550 0.156085
-0.180853 -0.045525 0.156108
-0.180833 -0.045505 0.156131
-0.180809 -0.045478 0.156155
-0.180779 -0.045446 0.156180
-0.180761 -0.045431 0.156194
-0.180731 -0.045405 0.156220
-0.180700 -0.045381 0.156246
-0.180675 -0.045357 0.156273
-0.180650 -0.045335 0.156293
-0.180623 -0.045312 0.156310
-0.180580 -0.045294 0.156331
-0.180526 -0.045267 0.156357
-0.180480 -0.045254 0.156381
-0.180450 -0.045231 0.156404
-0.180427 -0.045225 0.156426
-0.180408 -0.045215 0.156443
-0.180373 -0.045215 0.156465
-0.180306 -0.045196 0.156492
-0.180275 -0.045184 0.156500
-0.180232 -0.045170 0.156507
-0.180203 -0.045156 0.156510
-0.180184 -0.045141 0.156509
-0.180167 -0.045139 0.156514
-0.180141 -0.045120 0.156519
-0.180126 -0.045118 0.156523
-0.180105 -0.045107 0.156527
-0.180089 -0.045095 0.156529
-0.180084 -0.045085 0.156528
-0.180082 -0.045061 0.156527
-0.180072 -0.045030 0.156520
-0.180059 -0.045001 0.156516
-0.180032 -0.044948 0.156518
-0.180019 -0.044932 0.156520
-0.179994 -0.044907 0.156520
-0.179972 -0.044882 0.156516
-0.179943 -0.044855 0.156512
-0.179904 -0.044839 0.156511
-0.179860 -0.044821 0.156511
-0.179815 -0.044809 0.156507
-0.179780 -0.044796 0.156506
-0.179757 -0.044790 0.156507
-0.179732 -0.044782 0.156509
-0.179663 -0.044805 0.156507
-0.179608 -0.044798 0.156510
-0.179558 -0.044796 0.156511
-0.179504 -0.044798 0.156513
-0.179452 -0.044806 0.156519
-0.179407 -0.044814 0.156524
-0.179351 -0.044818 0.156530
-0.179314 -0.044817 0.156534
-0.179264 -0.044812 0.156544
-0.179222 -0.044814 0.156556
-0.179179 -0.044812 0.156568
-0.179161 -0.044809 0.156573
-0.179137 -0.044805 0.156578
-0.179090 -0.044790 0.156598
-0.179062 -0.044782 0.156605
-0.179024 -0.044768 0.156618
-0.178984 -0.044732 0.156638
-0.178963 -0.044714 0.156651
-0.178948 -0.044706 0.156659
-0.178933 -0.044700 0.156667
-0.178913 -0.044689 0.156680
-0.178899 -0.044678 0.156691
-0.178858 -0.044662 0.156713
-0.178845 -0.044660 0.156720
-0.178809 -0.044656 0.156736
-0.178766 -0.044658 0.156746
-0.178723 -0.044664 0.156755
-0.178694 -0.044666 0.156762
-0.178657 -0.044675 0.156765
-0.178612 -0.044684 0.156768
-0.178565 -0.044698 0.156769
-0.178508 -0.044715 0.156769
-0.178469 -0.044731 0.156768
-0.178420 -0.044752 0.156768
-0.178383 -0.044769 0.156767
-0.178326 -0.044798 0.156764
-0.178296 -0.044814 0.156762
-0.178242 -0.044839 0.156759
-0.178189 -0.044863 0.156756
-0.178139 -0.044883 0.156754
-0.178086 -0.044901 0.156751
-0.178024 -0.044923 0.156747
-0.177975 -0.044939 0.156742
-0.177866 -0.044977 0.156733
-0.177781 -0.045022 0.156722
-0.177720 -0.045052 0.156717
-0.177640 -0.045099 0.156708
-0.177595 -0.045143 0.156699
-0.177553 -0.045185 0.156693
-0.177517 -0.045229 0.156689
-0.177483 -0.045272 0.156684
-0.177446 -0.045317 0.156678
-0.177404 -0.045367 0.156672
-0.177356 -0.045422 0.156665
-0.177305 -0.045475 0.156657
-0.177255 -0.045531 0.156648
-0.177204 -0.045587 0.156642
-0.177155 -0.045643 0.156635
-0.177076 -0.045736 0.156629
-0.177020 -0.045804 0.156623
-0.176983 -0.045841 0.156617
-0.176967 -0.045860 0.156614
-0.176913 -0.045925 0.156609
-0.176862 -0.045990 0.156602
-0.176811 -0.046054 0.156594
-0.176708 -0.046201 0.156574
-0.176657 -0.046272 0.156562
-0.176627 -0.046314 0.156556
-0.176564 -0.046400 0.156535
-0.176529 -0.046444 0.156521
-0.176489 -0.046499 0.156515
-0.176431 -0.046577 0.156503
-0.176326 -0.046708 0.156470
-0.176260 -0.046784 0.156449
-0.176232 -0.046822 0.156442
-0.176171 -0.046892 0.156420
-0.176130 -0.046938 0.156402
-0.176074 -0.047003 0.156381
-0.176028 -0.047056 0.156362
-0.175965 -0.047134 0.156335
-0.175880 -0.047230 0.156296
-0.175850 -0.047269 0.156283
-0.175803 -0.047324 0.156260
-0.175702 -0.047444 0.156209
-0.175651 -0.047506 0.156181
-0.175588 -0.047578 0.156148
-0.175539 -0.047630 0.156125
-0.175439 -0.047747 0.156064
-0.175368 -0.047831 0.156019
-0.175354 -0.047846 0.156011
-0.175284 -0.047925 0.155964
-0.175221 -0.047997 0.155920
-0.175130 -0.048099 0.155858
-0.175032 -0.048202 0.155791
-0.174945 -0.048294 0.155731
-0.174868 -0.048378 0.155677
-0.174824 -0.048425 0.155648
-0.174758 -0.048499 0.155604
-0.174692 -0.048571 0.155557
-0.174616 -0.048655 0.155503
-0.174554 -0.048722 0.155458
-0.174493 -0.048786 0.155414
-0.174391 -0.048901 0.155340
-0.174309 -0.048987 0.155280
-0.174220 -0.049081 0.155216
-0.174138 -0.049170 0.155158
-0.174073 -0.049232 0.155111
-0.173977 -0.049331 0.155043
-0.173861 -0.049448 0.154968
-0.173784 -0.049518 0.154913
-0.173644 -0.049655 0.154823
-0.173528 -0.049762 0.154749
-0.173352 -0.049907 0.154627
-0.173312 -0.049940 0.154603
-0.173150 -0.050078 0.154503
-0.172996 -0.050200 0.154407
-0.172879 -0.050285 0.154331
-0.172750 -0.050378 0.154247
-0.172716 -0.050406 0.154226
-0.172563 -0.050510 0.154127
-0.172392 -0.050624 0.154019
-0.172158 -0.050768 0.153862
-0.171982 -0.050875 0.153745
-0.171941 -0.050902 0.153718
-0.171774 -0.051002 0.153604
-0.171638 -0.051081 0.153509
-0.171377 -0.051225 0.153325
-0.171356 -0.051239 0.153310
-0.171026 -0.051420 0.153077
-0.170851 -0.051510 0.152953
-0.170721 -0.051567 0.152859
-0.170534 -0.051651 0.152722
-0.170426 -0.051714 0.152641
-0.170243 -0.051791 0.152506
-0.170053 -0.051865 0.152368
-0.169728 -0.051978 0.152135
-0.169599 -0.052015 0.152040
-0.169290 -0.052129 0.151826
-0.168860 -0.052266 0.151512
-0.168632 -0.052331 0.151341
-0.168295 -0.052420 0.151088
-0.168003 -0.052492 0.150862
-0.167713 -0.052556 0.150638
-0.167496 -0.052599 0.150471
-0.167207 -0.052654 0.150248
-0.166860 -0.052715 0.149979
-0.166478 -0.052776 0.149685
-0.166154 -0.052821 0.149432
-0.165832 -0.052863 0.149175
-0.165524 -0.052901 0.148932
-0.165297 -0.052930 0.148746
-0.164927 -0.052974 0.148447
-0.164544 -0.053013 0.148135
-0.164298 -0.053040 0.147930
-0.163903 -0.053077 0.147606
-0.163557 -0.053112 0.147322
-0.163300 -0.053141 0.147106
-0.162985 -0.053170 0.146840
-0.162674 -0.053192 0.146574
-0.162536 -0.053200 0.146455
-0.162242 -0.053217 0.146205
-0.162073 -0.053229 0.146054
-0.161880 -0.053244 0.145878
-0.161627 -0.053253 0.145654
-0.161387 -0.053259 0.145440
-0.161201 -0.053265 0.145267
-0.161066 -0.053269 0.145135
-0.160830 -0.053270 0.144921
-0.160491 -0.053268 0.144626
-0.160298 -0.053267 0.144445
-0.160085 -0.053263 0.144249
-0.159969 -0.053261 0.144137
-0.159654 -0.053253 0.143862
-0.159363 -0.053244 0.143605
-0.159051 -0.053232 0.143321
-0.158980 -0.053230 0.143259
-0.158788 -0.053224 0.143087
-0.158559 -0.053217 0.142884
-0.158346 -0.053212 0.142702
-0.158154 -0.053203 0.142535
-0.157864 -0.053198 0.142290
-0.157531 -0.053175 0.141992
-0.157461 -0.053176 0.141930
-0.157336 -0.053163 0.141815
-0.157068 -0.053158 0.141575
-0.156858 -0.053149 0.141384
-0.156702 -0.053135 0.141240
-0.156510 -0.053123 0.141065
-0.156305 -0.053108 0.140880
-0.156046 -0.053092 0.140642
-0.155836 -0.053057 0.140457
-0.155677 -0.053051 0.140309
-0.155545 -0.053035 0.140188
-0.155367 -0.053015 0.140027
-0.155181 -0.052994 0.139859
-0.155039 -0.052977 0.139732
-0.154888 -0.052957 0.139599
-0.154714 -0.052936 0.139440
-0.154557 -0.052915 0.139294
-0.154402 -0.052893 0.139156
-0.154273 -0.052870 0.139049
-0.154120 -0.052844 0.138916
-0.153993 -0.052821 0.138817
-0.153835 -0.052790 0.138682
-0.153708 -0.052767 0.138591
-0.153556 -0.052736 0.138484
-0.153406 -0.052706 0.138378
-0.153245 -0.052673 0.138272
-0.153094 -0.052646 0.138182
-0.152959 -0.052623 0.138101
-0.152836 -0.052608 0.138039
-0.152688 -0.052584 0.137957
-0.152550 -0.052566 0.137891
-0.152344 -0.052533 0.137784
-0.152150 -0.052518 0.137717
-0.151978 -0.052500 0.137647
-0.151822 -0.052486 0.137592
-0.151655 -0.052474 0.137536
-0.151453 -0.052461 0.137471
-0.151290 -0.052457 0.137429
-0.151137 -0.052453 0.137372
-0.150902 -0.052452 0.137337
-0.150794 -0.052454 0.137312
-0.150613 -0.052457 0.137306
-0.150457 -0.052464 0.137293
-0.150366 -0.052472 0.137282
-0.150164 -0.052479 0.137285
-0.150099 -0.052487 0.137280
-0.149887 -0.052497 0.137292
-0.149743 -0.052503 0.137307
-0.149650 -0.052518 0.137316
-0.149492 -0.052523 0.137339
-0.149419 -0.052533 0.137349
-0.149275 -0.052538 0.137373
-0.149194 -0.052544 0.137388
-0.149037 -0.052556 0.137420
-0.148939 -0.052565 0.137444
-0.148901 -0.052569 0.137454
-0.148826 -0.052574 0.137473
-0.148723 -0.052584 0.137501
-0.148646 -0.052592 0.137526
-0.148558 -0.052604 0.137561
-0.148518 -0.052608 0.137574
-0.148455 -0.052620 0.137603
-0.148430 -0.052630 0.137623
-0.148387 -0.052641 0.137646
-0.148357 -0.052649 0.137665
-0.148315 -0.052659 0.137689
-0.148289 -0.052665 0.137703
-0.148254 -0.052679 0.137731
-0.148218 -0.052690 0.137758
-0.148186 -0.052702 0.137784
-0.148162 -0.052714 0.137803
-0.148138 -0.052723 0.137825
-0.148119 -0.052735 0.137845
-0.148101 -0.052746 0.137866
-0.148090 -0.052760 0.137882
-0.148076 -0.052773 0.137896
-0.148070 -0.052787 0.137911
-0.148060 -0.052801 0.137919
-0.148051 -0.052836 0.137951
-0.148051 -0.052857 0.137970
-0.148045 -0.052864 0.137972
-0.148045 -0.052885 0.137987
-0.148047 -0.052903 0.138001
-0.148037 -0.052934 0.138021
-0.148030 -0.052958 0.138042
-0.148024 -0.052962 0.138043
-0.148035 -0.053012 0.138080
-0.148033 -0.053012 0.138080
-0.148071 -0.053071 0.138110
-0.148100 -0.053101 0.138125
-0.148140 -0.053133 0.138138
-0.148175 -0.053156 0.138146
-0.148231 -0.053190 0.138160
-0.148281 -0.053225 0.138174
-0.148363 -0.053300 0.138208
-0.148391 -0.053328 0.138223
-0.148444 -0.053384 0.138253
-0.148498 -0.053448 0.138280
-0.148567 -0.053517 0.138311
-0.148692 -0.053638 0.138356
-0.148722 -0.053662 0.138369
-0.148888 -0.053821 0.138426
-0.148973 -0.053910 0.138454
-0.149026 -0.053951 0.138475
-0.149139 -0.054059 0.138517
-0.149312 -0.054226 0.138584
-0.149463 -0.054370 0.138651
-0.149617 -0.054516 0.138721
-0.149744 -0.054629 0.138767
-0.149830 -0.054711 0.138818
-0.149968 -0.054830 0.138870
-0.150198 -0.055015 0.138939
-0.150492 -0.055238 0.139029
-0.150686 -0.055375 0.139081
-0.150827 -0.055471 0.139117
-0.151119 -0.055659 0.139173
-0.151344 -0.055800 0.139220
-0.151609 -0.055973 0.139286
-0.151850 -0.056137 0.139354
-0.152072 -0.056277 0.139393
-0.152306 -0.056435 0.139459
-0.152524 -0.056568 0.139503
-0.152876 -0.056756 0.139544
-0.153086 -0.056860 0.139562
-0.153475 -0.057068 0.139615
-0.153693 -0.057166 0.139628
-0.153888 -0.057266 0.139670
-0.154282 -0.057446 0.139730
-0.154628 -0.057572 0.139746
-0.154962 -0.057698 0.139803
-0.155125 -0.057759 0.139844
-0.155276 -0.057808 0.139864
-0.155452 -0.057864 0.139907
-0.155908 -0.057996 0.139945
-0.156279 -0.058093 0.139988
-0.156856 -0.058228 0.140043
-0.157178 -0.058295 0.140085
-0.157743 -0.058397 0.140142
-0.158164 -0.058465 0.140200
-0.158507 -0.058514 0.140252
-0.158776 -0.058552 0.140297
-0.159326 -0.058625 0.140379
-0.159604 -0.058663 0.140427
-0.159928 -0.058708 0.140484
-0.160507 -0.058774 0.140579
-0.160919 -0.058822 0.140649
-0.161545 -0.058893 0.140761
-0.162092 -0.058963 0.140862
-0.162342 -0.059000 0.140908
-0.162965 -0.059075 0.141022
-0.163346 -0.059118 0.141090
-0.163743 -0.059176 0.141159
-0.164223 -0.059237 0.141241
-0.164488 -0.059278 0.141286
-0.165155 -0.059353 0.141413
-0.165601 -0.059414 0.141493
-0.166067 -0.059458 0.141577
-0.166535 -0.059508 0.141662
-0.167016 -0.059552 0.141749
-0.167586 -0.059598 0.141855
-0.168038 -0.059628 0.141939
-0.168554 -0.059655 0.142035
-0.168888 -0.059674 0.142100
-0.169503 -0.059695 0.142221
-0.170000 -0.059706 0.142322
-0.170479 -0.059715 0.142419
-0.170994 -0.059714 0.142525
-0.171367 -0.059724 0.142600
-0.171667 -0.059737 0.142658
-0.172496 -0.059707 0.142832
-0.173019 -0.059699 0.142936
-0.173516 -0.059692 0.143033
-0.173940 -0.059691 0.143119
-0.174239 -0.059692 0.143181
-0.174991 -0.059664 0.143319
-0.175372 -0.059657 0.143396
-0.176017 -0.059633 0.143510
-0.176559 -0.059621 0.143618
-0.177200 -0.059609 0.143745
-0.177696 -0.059601 0.143847
-0.178362 -0.059595 0.143987
-0.178929 -0.059584 0.144107
-0.179381 -0.059580 0.144208
-0.180061 -0.059566 0.144359
-0.180498 -0.059559 0.144456
-0.181113 -0.059545 0.144593
-0.181481 -0.059534 0.144675
-0.181884 -0.059515 0.144763
-0.182412 -0.059502 0.144883
-0.182861 -0.059493 0.144984
-0.183777 -0.059465 0.145185
-0.184052 -0.059449 0.145247
-0.184707 -0.059415 0.145392
-0.185238 -0.059391 0.145507
-0.185698 -0.059375 0.145603
-0.186376 -0.059332 0.145755
-0.186874 -0.059304 0.145864
-0.187694 -0.059265 0.146033
-0.188224 -0.059220 0.146151
-0.188867 -0.059146 0.146299
-0.189338 -0.059101 0.146408
-0.189815 -0.059052 0.146522
-0.190245 -0.058983 0.146635
-0.190800 -0.058910 0.146768
-0.191571 -0.058833 0.146939
-0.192083 -0.058761 0.147060
-0.192612 -0.058672 0.147189
-0.192980 -0.058606 0.147281
-0.193733 -0.058516 0.147431
-0.194344 -0.058415 0.147568
-0.194943 -0.058323 0.147691
-0.195416 -0.058257 0.147785
-0.196018 -0.058160 0.147919
-0.196408 -0.058095 0.148010
-0.196616 -0.058060 0.148065
-0.197504 -0.057924 0.148248
-0.197968 -0.057854 0.148353
-0.198333 -0.057796 0.148434
-0.198894 -0.057713 0.148558
-0.199274 -0.057654 0.148670
-0.199715 -0.057588 0.148774
-0.200352 -0.057494 0.148902
-0.200888 -0.057415 0.149042
-0.201344 -0.057349 0.149151
-0.201852 -0.057286 0.149265
-0.202334 -0.057224 0.149396
-0.202628 -0.057185 0.149479
-0.203110 -0.057132 0.149590
-0.203428 -0.057083 0.149693
-0.203860 -0.057037 0.149803
-0.204357 -0.056989 0.149928
-0.204698 -0.056958 0.150019
-0.205011 -0.056927 0.150109
-0.205426 -0.056899 0.150215
-0.205682 -0.056884 0.150283
-0.205948 -0.056864 0.150372
-0.206296 -0.056852 0.150473
-0.206726 -0.056851 0.150593
-0.206932 -0.056848 0.150670
-0.207206 -0.056841 0.150762
-0.207538 -0.056837 0.150864
-0.207674 -0.056821 0.150921
-0.207978 -0.056815 0.151027
-0.208280 -0.056810 0.151135
-0.208451 -0.056799 0.151208
-0.208639 -0.056786 0.151287
-0.208917 -0.056783 0.151395
-0.209042 -0.056765 0.151450
-0.209265 -0.056765 0.151541
-0.209466 -0.056765 0.151626
-0.209632 -0.056770 0.151700
-0.209785 -0.056773 0.151768
-0.209936 -0.056786 0.151841
-0.210062 -0.056805 0.151908
-0.210156 -0.056817 0.151963
-0.210266 -0.056842 0.152027
-0.210358 -0.056872 0.152085
-0.210448 -0.056911 0.152144
-0.210524 -0.056950 0.152201
-0.210593 -0.056993 0.152254
-0.210649 -0.057030 0.152300
-0.210699 -0.057072 0.152346
-0.210747 -0.057121 0.152396
-0.210786 -0.057169 0.152442
-0.210805 -0.057197 0.152467
-0.210838 -0.057250 0.152518
-0.210857 -0.057289 0.152555
-0.210873 -0.057343 0.152598
-0.210884 -0.057388 0.152632
-0.210895 -0.057455 0.152676
-0.210901 -0.057510 0.152709
-0.210901 -0.057565 0.152738
-0.210896 -0.057632 0.152766
-0.210878 -0.057698 0.152788
-0.210855 -0.057767 0.152810
-0.210827 -0.057836 0.152829
-0.210788 -0.057921 0.152851
-0.210749 -0.057994 0.152867
-0.210700 -0.058074 0.152884
-0.210648 -0.058155 0.152899
-0.210586 -0.058243 0.152910
-0.210526 -0.058312 0.152914
-0.210450 -0.058399 0.152920
-0.210360 -0.058491 0.152921
-0.210282 -0.058566 0.152920
-0.210208 -0.058636 0.152919
-0.210070 -0.058742 0.152911
-0.209960 -0.058828 0.152905
-0.209866 -0.058903 0.152897
-0.209779 -0.058974 0.152890
-0.209616 -0.059080 0.152872
-0.209482 -0.059164 0.152855
-0.209379 -0.059228 0.152837
-0.209261 -0.059296 0.152816
-0.209105 -0.059381 0.152783
-0.208926 -0.059457 0.152756
-0.208833 -0.059507 0.152732
-0.208602 -0.059606 0.152691
-0.208500 -0.059663 0.152664
-0.208360 -0.059711 0.152646
-0.208098 -0.059849 0.152603
-0.207917 -0.059907 0.152586
-0.207731 -0.059985 0.152566
-0.207493 -0.060056 0.152542
-0.207325 -0.060101 0.152526
-0.207022 -0.060171 0.152501
-0.206856 -0.060208 0.152486
-0.206711 -0.060236 0.152472
-0.206306 -0.060311 0.152439
-0.206127 -0.060343 0.152427
-0.205817 -0.060383 0.152396
-0.205583 -0.060413 0.152376
-0.205346 -0.060442 0.152356
-0.205126 -0.060466 0.152340
-0.204787 -0.060501 0.152313
-0.204548 -0.060522 0.152296
-0.204281 -0.060548 0.152279
-0.203981 -0.060573 0.152261
-0.203680 -0.060597 0.152247
-0.203443 -0.060612 0.152237
-0.203169 -0.060632 0.152226
-0.202875 -0.060651 0.152218
-0.202574 -0.060666 0.152211
-0.202352 -0.060677 0.152205
-0.201988 -0.060685 0.152203
-0.201656 -0.060691 0.152203
-0.201284 -0.060695 0.152202
-0.200973 -0.060689 0.152205
-0.200636 -0.060681 0.152211
-0.200312 -0.060668 0.152216
-0.200000 -0.060653 0.152224
-0.199688 -0.060635 0.152235
-0.199463 -0.060622 0.152244
-0.199126 -0.060597 0.152261
-0.198834 -0.060574 0.152277
-0.198504 -0.060552 0.152294
-0.198216 -0.060528 0.152311
-0.197896 -0.060508 0.152326
-0.197581 -0.060481 0.152345
-0.197251 -0.060449 0.152368
-0.196956 -0.060420 0.152388
-0.196638 -0.060389 0.152411
-0.196253 -0.060342 0.152442
-0.196046 -0.060317 0.152457
-0.195719 -0.060279 0.152480
-0.195440 -0.060247 0.152501
-0.195147 -0.060210 0.152521
-0.194775 -0.060163 0.152545
-0.194507 -0.060127 0.152562
-0.194263 -0.060093 0.152578
-0.193979 -0.060055 0.152596
-0.193671 -0.060012 0.152617
-0.193361 -0.059968 0.152636
-0.193062 -0.059922 0.152654
-0.192748 -0.059872 0.152671
-0.192413 -0.059817 0.152688
-0.192265 -0.059790 0.152696
-0.192070 -0.059758 0.152705
-0.191853 -0.059722 0.152718
-0.191605 -0.059678 0.152731
-0.191413 -0.059645 0.152741
-0.191098 -0.059584 0.152759
-0.190801 -0.059533 0.152773
-0.190524 -0.059483 0.152785
-0.190253 -0.059433 0.152795
-0.189963 -0.059379 0.152805
-0.189695 -0.059326 0.152816
-0.189342 -0.059259 0.152822
-0.189020 -0.059200 0.152830
-0.188665 -0.059132 0.152833
-0.188372 -0.059078 0.152836
-0.188057 -0.059018 0.152839
-0.187743 -0.058954 0.152843
-0.187392 -0.058883 0.152845
-0.187046 -0.058812 0.152848
-0.186668 -0.058736 0.152849
-0.186349 -0.058671 0.152850
-0.186067 -0.058612 0.152853
-0.185769 -0.058549 0.152854
-0.185450 -0.058481 0.152853
-0.185052 -0.058395 0.152854
-0.184808 -0.058342 0.152855
-0.184500 -0.058276 0.152852
-0.184194 -0.058213 0.152853
-0.183809 -0.058132 0.152850
-0.183499 -0.058066 0.152847
-0.183250 -0.058015 0.152845
-0.182894 -0.057940 0.152839
-0.182575 -0.057872 0.152833
-0.182333 -0.057823 0.152828
-0.182103 -0.057777 0.152825
-0.181788 -0.057713 0.152817
-0.181467 -0.057649 0.152809
-0.181132 -0.057584 0.152799
-0.180846 -0.057529 0.152791
-0.180552 -0.057476 0.152780
-0.180192 -0.057409 0.152765
-0.179897 -0.057358 0.152754
-0.179608 -0.057309 0.152741
-0.179381 -0.057274 0.152732
-0.179028 -0.057215 0.152717
-0.178739 -0.057170 0.152703
-0.178514 -0.057137 0.152691
-0.178230 -0.057093 0.152676
-0.177921 -0.057042 0.152659
-0.177715 -0.057015 0.152647
-0.177357 -0.056966 0.152622
-0.177145 -0.056942 0.152606
-0.176973 -0.056920 0.152594
-0.176769 -0.056896 0.152579
-0.176594 -0.056879 0.152566
-0.176393 -0.056857 0.152552
-0.176196 -0.056838 0.152536
-0.176005 -0.056818 0.152521
-0.175803 -0.056799 0.152503
-0.175570 -0.056780 0.152480
-0.175335 -0.056760 0.152458
-0.175010 -0.056732 0.152426
-0.174857 -0.056719 0.152412
-0.174605 -0.056696 0.152384
-0.174403 -0.056680 0.152358
-0.174202 -0.056663 0.152334
-0.173971 -0.056643 0.152309
-0.173812 -0.056629 0.152288
-0.173586 -0.056609 0.152262
-0.173370 -0.056587 0.152232
-0.173148 -0.056563 0.152201
-0.172862 -0.056531 0.152160
-0.172695 -0.056511 0.152133
-0.172484 -0.056486 0.152097
-0.172291 -0.056465 0.152064
-0.172083 -0.056442 0.152027
-0.171876 -0.056422 0.151993
-0.171685 -0.056402 0.151961
-0.171450 -0.056381 0.151921
-0.171269 -0.056360 0.151886
-0.171089 -0.056344 0.151852
-0.170914 -0.056327 0.151817
-0.170686 -0.056307 0.151771
-0.170506 -0.056290 0.151732
-0.170341 -0.056274 0.151696
-0.170178 -0.056256 0.151659
-0.169976 -0.056234 0.151613
-0.169802 -0.056218 0.151575
-0.169654 -0.056201 0.151543
-0.169505 -0.056186 0.151509
-0.169399 -0.056176 0.151484
-0.169234 -0.056158 0.151446
-0.169128 -0.056147 0.151421
-0.169005 -0.056135 0.151394
-0.168810 -0.056111 0.151350
-0.168525 -0.056081 0.151285
-0.168343 -0.056061 0.151247
-0.168234 -0.056049 0.151225
-0.168124 -0.056039 0.151201
-0.168068 -0.056033 0.151190
-0.167909 -0.056021 0.151158
-0.167751 -0.056009 0.151126
-0.167640 -0.055998 0.151102
-0.167507 -0.055985 0.151071
-0.167412 -0.055972 0.151046
-0.167309 -0.055962 0.151023
-0.167195 -0.055950 0.150997
-0.167078 -0.055940 0.150974
-0.167000 -0.055931 0.150957
-0.166894 -0.055921 0.150936
-0.166800 -0.055910 0.150917
-0.166719 -0.055903 0.150901
-0.166624 -0.055896 0.150884
-0.166570 -0.055891 0.150871
-0.166488 -0.055893 0.150854
-0.166442 -0.055900 0.150840
-0.166396 -0.055911 0.150829
-0.166371 -0.055915 0.150826
-0.166307 -0.055921 0.150818
-0.166245 -0.055926 0.150811
-0.166193 -0.055925 0.150809
-0.166150 -0.055925 0.150807
-0.166115 -0.055923 0.150806
-0.166052 -0.055926 0.150809
-0.166020 -0.055932 0.150812
-0.165994 -0.055939 0.150816
-0.165964 -0.055944 0.150825
-0.165941 -0.055953 0.150838
-0.165931 -0.055961 0.150842
-0.165913 -0.055967 0.150852
-0.165896 -0.055973 0.150859
-0.165886 -0.055977 0.150863
-0.165862 -0.055983 0.150876
-0.165853 -0.055987 0.150886
-0.165846 -0.055992 0.150891
-0.165841 -0.055995 0.150903
-0.165842 -0.055997 0.150915
-0.165846 -0.055998 0.150923
-0.165852 -0.056003 0.150937
-0.165858 -0.056002 0.150947
-0.165866 -0.055999 0.150959
-0.165880 -0.055997 0.150976
-0.165892 -0.055996 0.150988
-0.165906 -0.055993 0.151001
-0.165925 -0.055992 0.151017
-0.165940 -0.055989 0.151031
-0.165953 -0.055986 0.151042
-0.165976 -0.055982 0.151057
-0.166007 -0.055980 0.151073
-0.166033 -0.055978 0.151085
-0.166070 -0.055976 0.151101
-0.166098 -0.055973 0.151110
-0.166136 -0.055968 0.151126
-0.166165 -0.055961 0.151138
-0.166209 -0.055955 0.151160
-0.166241 -0.055948 0.151173
-0.166278 -0.055938 0.151186
-0.166306 -0.055925 0.151196
-0.166345 -0.055916 0.151205
-0.166375 -0.055910 0.151208
-0.166432 -0.055903 0.151223
-0.166474 -0.055899 0.151229
-0.166508 -0.055891 0.151233
-0.166564 -0.055880 0.151240
-0.166599 -0.055870 0.151239
-0.166644 -0.055863 0.151238
-0.166695 -0.055854 0.151241
-0.166735 -0.055843 0.151239
-0.166772 -0.055831 0.151238
-0.166815 -0.055821 0.151234
-0.166851 -0.055814 0.151232
-0.166910 -0.055810 0.151218
-0.166952 -0.055810 0.151209
-0.166988 -0.055812 0.151191
-0.167045 -0.055814 0.151186
-0.167097 -0.055819 0.151164
-0.167133 -0.055824 0.151142
-0.167181 -0.055833 0.151122
-0.167233 -0.055846 0.151102
-0.167284 -0.055864 0.151073
-0.167325 -0.055878 0.151048
-0.167375 -0.055896 0.151016
-0.167411 -0.055912 0.150992
-0.167463 -0.055936 0.150957
-0.167507 -0.055959 0.150924
-0.167561 -0.055991 0.150878
-0.167608 -0.056015 0.150844
-0.167656 -0.056048 0.150798
-0.167679 -0.056076 0.150760
-0.167723 -0.056114 0.150710
-0.167785 -0.056154 0.150660
-0.167825 -0.056199 0.150606
-0.167846 -0.056244 0.150555
-0.167889 -0.056272 0.150521
-0.167951 -0.056324 0.150466
-0.167988 -0.056377 0.150408
-0.168027 -0.056433 0.150346
-0.168056 -0.056483 0.150290
-0.168126 -0.056569 0.150195
-0.168154 -0.056601 0.150158
-0.168197 -0.056687 0.150063
-0.168231 -0.056745 0.150000
-0.168254 -0.056801 0.149935
-0.168303 -0.056871 0.149859
-0.168343 -0.056941 0.149785
-0.168376 -0.057005 0.149718
-0.168398 -0.057072 0.149642
-0.168444 -0.057144 0.149575
-0.168477 -0.057209 0.149507
-0.168504 -0.057279 0.149427
-0.168551 -0.057357 0.149359
-0.168586 -0.057437 0.149281
-0.168625 -0.057521 0.149204
-0.168648 -0.057590 0.149134
-0.168692 -0.057677 0.149058
-0.168723 -0.057751 0.148991
-0.168745 -0.057826 0.148913
-0.168779 -0.057904 0.148852
-0.168807 -0.057986 0.148779
-0.168823 -0.058054 0.148714
-0.168854 -0.058115 0.148676
-0.168876 -0.058203 0.148593
-0.168908 -0.058286 0.148519
-0.168934 -0.058370 0.148446
-0.168952 -0.058423 0.148401
-0.168985 -0.058528 0.148309
-0.169019 -0.058608 0.148250
-0.169051 -0.058693 0.148174
-0.169090 -0.058773 0.148110
-0.169116 -0.058852 0.148025
-0.169171 -0.058943 0.147978
-0.169197 -0.059029 0.147908
-0.169206 -0.059106 0.147830
-0.169237 -0.059191 0.147791
-0.169261 -0.059278 0.147724
-0.169279 -0.059348 0.147657
-0.169327 -0.059438 0.147612
-0.169365 -0.059529 0.147553
-0.169392 -0.059614 0.147490
-0.169416 -0.059689 0.147441
-0.169423 -0.059762 0.147366
-0.169467 -0.059830 0.147375
-0.169487 -0.059925 0.147277
-0.169537 -0.060022 0.147250
-0.169562 -0.060108 0.147197
-0.169585 -0.060172 0.147184
-0.169592 -0.060262 0.147093
-0.169629 -0.060369 0.147054
-0.169670 -0.060444 0.147038
-0.169713 -0.060449 0.147059
-0.169637 -0.060432 0.147101
-0.169598 -0.060415 0.147116
-0.169627 -0.060451 0.147168
-0.169685 -0.060489 0.147210
-0.169730 -0.060496 0.147273
-0.169756 -0.060499 0.147318
-0.169830 -0.060526 0.147388
-0.169882 -0.060555 0.147437
-0.169942 -0.060568 0.147498
-0.169986 -0.060589 0.147560
-0.170042 -0.060601 0.147590
-0.170104 -0.060649 0.147654
-0.170199 -0.060667 0.147671
-0.170259 -0.060717 0.147740
-0.170297 -0.060734 0.147769
-0.170341 -0.060780 0.147835
-0.170390 -0.060834 0.147910
-0.170444 -0.060877 0.147975
-0.170484 -0.060915 0.148038
-0.170522 -0.060945 0.148090
-0.170572 -0.061019 0.148184
-0.170625 -0.061074 0.148253
-0.170677 -0.061107 0.148300
-0.170718 -0.061175 0.148387
-0.170758 -0.061231 0.148459
-0.170809 -0.061286 0.148531
-0.170856 -0.061335 0.148594
-0.170904 -0.061395 0.148671
-0.170952 -0.061456 0.148764
-0.170997 -0.061498 0.148833
-0.171060 -0.061572 0.148935
-0.171130 -0.061633 0.149021
-0.171174 -0.061686 0.149083
-0.171264 -0.061737 0.149184
-0.171344 -0.061821 0.149290
-0.171424 -0.061882 0.149374
-0.171489 -0.061944 0.149444
-0.171586 -0.062001 0.149541
-0.171671 -0.062063 0.149632
-0.171758 -0.062126 0.149726
-0.171838 -0.062165 0.149802
-0.171944 -0.062244 0.149914
-0.172037 -0.062303 0.150016
-0.172134 -0.062352 0.150128
-0.172208 -0.062405 0.150215
-0.172308 -0.062450 0.150331
-0.172403 -0.062489 0.150453
-0.172481 -0.062517 0.150558
-0.172550 -0.062560 0.150653
-0.172655 -0.062583 0.150792
-0.172748 -0.062609 0.150907
-0.172821 -0.062635 0.150994
-0.172917 -0.062654 0.151108
-0.173038 -0.062654 0.151244
-0.173152 -0.062658 0.151365
-0.173260 -0.062665 0.151475
-0.173363 -0.062662 0.151579
-0.173472 -0.062661 0.151686
-0.173581 -0.062658 0.151794
-0.173694 -0.062652 0.151901
-0.173803 -0.062640 0.152004
-0.173917 -0.062626 0.152106
-0.174019 -0.062584 0.152222
-0.174108 -0.062547 0.152323
-0.174228 -0.062521 0.152421
-0.174345 -0.062507 0.152496
-0.174486 -0.062464 0.152590
-0.174607 -0.062425 0.152671
-0.174721 -0.062381 0.152751
-0.174803 -0.062362 0.152781
-0.174950 -0.062282 0.152907
-0.175115 -0.062241 0.152964
-0.175249 -0.062196 0.153034
-0.175404 -0.062140 0.153086
-0.175552 -0.062076 0.153165
-0.175681 -0.062021 0.153228
-0.175837 -0.061964 0.153276
-0.175957 -0.061918 0.153323
-0.176128 -0.061855 0.153359
-0.176291 -0.061786 0.153423
-0.176480 -0.061706 0.153444
-0.176646 -0.061637 0.153493
-0.176795 -0.061578 0.153512
-0.176966 -0.061512 0.153561
-0.177140 -0.061444 0.153584
-0.177275 -0.061387 0.153638
-0.177499 -0.061293 0.153666
-0.177656 -0.061225 0.153699
-0.177791 -0.061170 0.153749
-0.177987 -0.061086 0.153777
-0.178123 -0.061021 0.153762
-0.178384 -0.060901 0.153797
-0.178562 -0.060823 0.153821
-0.178739 -0.060749 0.153864
-0.178972 -0.060650 0.153875
-0.179164 -0.060566 0.153892
-0.179332 -0.060491 0.153940
-0.179506 -0.060407 0.153963
-0.179725 -0.060299 0.153960
-0.179845 -0.060248 0.154000
-0.180084 -0.060148 0.154046
-0.180203 -0.060107 0.154107
-0.180557 -0.059960 0.154059
-0.180761 -0.059890 0.154072
-0.180891 -0.059846 0.154073
-0.181151 -0.059760 0.154110
-0.181304 -0.059705 0.154112
-0.181547 -0.059626 0.154142
-0.181724 -0.059568 0.154133
-0.181910 -0.059514 0.154151
-0.182153 -0.059459 0.154199
-0.182329 -0.059413 0.154187
-0.182583 -0.059371 0.154230
-0.182728 -0.059341 0.154240
-0.182947 -0.059303 0.154277
-0.183109 -0.059260 0.154277
-0.183314 -0.059220 0.154307
-0.183522 -0.059183 0.154331
-0.183731 -0.059160 0.154364
-0.183963 -0.059145 0.154406
-0.184169 -0.059130 0.154440
-0.184357 -0.059114 0.154470
-0.184532 -0.059098 0.154511
-0.184721 -0.059076 0.154550
-0.184912 -0.059065 0.154598
-0.185109 -0.059061 0.154646
-0.185288 -0.059064 0.154692
-0.185481 -0.059068 0.154745
-0.185656 -0.059067 0.154796
-0.185838 -0.059065 0.154851
-0.185993 -0.059067 0.154900
-0.186173 -0.059071 0.154956
-0.186320 -0.059072 0.154990
-0.186527 -0.059092 0.155056
-0.186710 -0.059110 0.155112
-0.186872 -0.059126 0.155165
-0.187006 -0.059137 0.155206
-0.187188 -0.059161 0.155270
-0.187351 -0.059183 0.155322
-0.187504 -0.059207 0.155370
-0.187650 -0.059235 0.155421
-0.187803 -0.059266 0.155475
-0.187946 -0.059295 0.155523
-0.188097 -0.059332 0.155577
-0.188245 -0.059368 0.155630
-0.188380 -0.059403 0.155678
-0.188516 -0.059441 0.155727
-0.188646 -0.059475 0.155774
-0.188785 -0.059515 0.155829
-0.188898 -0.059546 0.155875
-0.189015 -0.059582 0.155927
-0.189131 -0.059618 0.155982
-0.189209 -0.059643 0.156022
-0.189356 -0.059692 0.156087
-0.189444 -0.059721 0.156131
-0.189585 -0.059769 0.156198
-0.189696 -0.059807 0.156252
-0.189765 -0.059833 0.156292
-0.189903 -0.059883 0.156359
-0.190000 -0.059919 0.156413
-0.190112 -0.059963 0.156473
-0.190216 -0.060005 0.156534
-0.190326 -0.060048 0.156594
-0.190421 -0.060088 0.156652
-0.190557 -0.060142 0.156731
-0.190656 -0.060180 0.156784
-0.190754 -0.060217 0.156833
-0.190814 -0.060238 0.156874
-0.190956 -0.060289 0.156943
-0.191015 -0.060311 0.156987
-0.191148 -0.060361 0.157053
-0.191262 -0.060401 0.157121
-0.191353 -0.060433 0.157173
-0.191445 -0.060465 0.157221
-0.191519 -0.060493 0.157258
-0.191577 -0.060511 0.157293
-0.191689 -0.060549 0.157357
-0.191791 -0.060584 0.157410
-0.191851 -0.060605 0.157442
-0.191920 -0.060633 0.157474
-0.191982 -0.060654 0.157506
-0.192017 -0.060668 0.157523
-0.192044 -0.060671 0.157534
-0.192075 -0.060680 0.157549
-0.192100 -0.060691 0.157565
-0.192122 -0.060699 0.157577
-0.192132 -0.060696 0.157582
-0.192155 -0.060702 0.157595
-0.192170 -0.060707 0.157608
-0.192194 -0.060709 0.157632
-0.192201 -0.060705 0.157645
-0.192206 -0.060695 0.157651
-0.192208 -0.060689 0.157655
-0.192211 -0.060678 0.157675
-0.192213 -0.060666 0.157673
-0.192210 -0.060653 0.157683
-0.192200 -0.060644 0.157700
-0.192193 -0.060624 0.157715
-0.192190 -0.060618 0.157717
-0.192184 -0.060584 0.157709
-0.192175 -0.060571 0.157724
-0.192167 -0.060556 0.157731
-0.192158 -0.060530 0.157722
-0.192144 -0.060513 0.157731
-0.192134 -0.060504 0.157737
-0.192120 -0.060477 0.157731
-0.192108 -0.060457 0.157731
-0.192096 -0.060443 0.157732
-0.192082 -0.060429 0.157733
-0.192069 -0.060414 0.157731
-0.192055 -0.060397 0.157726
-0.192042 -0.060385 0.157724
-0.192032 -0.060378 0.157723
-0.192014 -0.060364 0.157720
-0.191996 -0.060346 0.157718
-0.191970 -0.060321 0.157713
-0.191957 -0.060302 0.157709
-0.191931 -0.060290 0.157713
-0.191912 -0.060285 0.157716
-0.191899 -0.060266 0.157714
-0.191886 -0.060264 0.157718
-0.191874 -0.060253 0.157717
-0.191865 -0.060240 0.157717
-0.191854 -0.060230 0.157717
-0.191844 -0.060219 0.157717
-0.191835 -0.060213 0.157719
-0.191830 -0.060203 0.157718
-0.191823 -0.060194 0.157721
-0.191820 -0.060187 0.157721
-0.191815 -0.060179 0.157724
-0.191810 -0.060176 0.157725
-0.191808 -0.060167 0.157725
-0.191805 -0.060159 0.157727
-0.191802 -0.060155 0.157728
-0.191796 -0.060148 0.157735
-0.191795 -0.060138 0.157737
-0.191792 -0.060134 0.157738
-0.191791 -0.060128 0.157740
-0.191789 -0.060124 0.157744
-0.191787 -0.060119 0.157747
-0.191787 -0.060116 0.157751
-0.191787 -0.060113 0.157753
-0.191789 -0.060109 0.157757
-0.191794 -0.060103 0.157762
-0.191799 -0.060098 0.157766
-0.191804 -0.060094 0.157771
-0.191808 -0.060086 0.157778
-0.191811 -0.060082 0.157782
-0.191817 -0.060076 0.157790
-0.191819 -0.060070 0.157796
-0.191824 -0.060062 0.157804
-0.191827 -0.060057 0.157810
-0.191833 -0.060047 0.157822
-0.191836 -0.060043 0.157826
-0.191839 -0.060039 0.157832
-0.191842 -0.060031 0.157843
-0.191844 -0.060025 0.157854
-0.191845 -0.060021 0.157860
-0.191852 -0.060016 0.157868
-0.191858 -0.060012 0.157878
-0.191865 -0.060007 0.157887
-0.191871 -0.060005 0.157894
-0.191881 -0.059998 0.157897
-0.191892 -0.059994 0.157906
-0.191899 -0.059990 0.157913
-0.191910 -0.059986 0.157920
-0.191917 -0.059979 0.157926
-0.191920 -0.059970 0.157925
-0.191922 -0.059971 0.157936
-0.191928 -0.059964 0.157943
-0.191928 -0.059962 0.157950
-0.191930 -0.059956 0.157950
-0.191932 -0.059950 0.157963
-0.191932 -0.059944 0.157968
-0.191932 -0.059943 0.157976
-0.191932 -0.059934 0.157973
-0.191929 -0.059932 0.157983
-0.191927 -0.059927 0.157988
-0.191924 -0.059915 0.157987
-0.191922 -0.059914 0.157992
-0.191923 -0.059902 0.157986
-0.191923 -0.059904 0.157995
-0.191924 -0.059899 0.157998
-0.191923 -0.059895 0.158001
-0.191924 -0.059884 0.157994
-0.191924 -0.059883 0.157997
-0.191923 -0.059876 0.157995
-0.191925 -0.059870 0.157993
-0.191925 -0.059860 0.157992
-0.191926 -0.059857 0.157993
-0.191927 -0.059844 0.157990
-0.191929 -0.059833 0.157988
-0.191930 -0.059829 0.157990
-0.191932 -0.059818 0.157989
-0.191933 -0.059806 0.157986
-0.191936 -0.059793 0.157980
-0.191939 -0.059787 0.157979
-0.191943 -0.059767 0.157969
-0.191944 -0.059759 0.157965
-0.191948 -0.059748 0.157960
-0.191949 -0.059732 0.157953
-0.191949 -0.059726 0.157950
-0.191950 -0.059717 0.157946
-0.191950 -0.059705 0.157942
-0.191951 -0.059689 0.157938
-0.191949 -0.059677 0.157936
-0.191949 -0.059663 0.157933
-0.191950 -0.059655 0.157932
-0.191950 -0.059641 0.157929
-0.191951 -0.059620 0.157925
-0.191958 -0.059601 0.157922
-0.191961 -0.059588 0.157920
-0.191964 -0.059578 0.157920
-0.191965 -0.059562 0.157921
-0.191965 -0.059542 0.157921
-0.191965 -0.059530 0.157923
-0.191965 -0.059517 0.157926
-0.191971 -0.059500 0.157926
-0.191976 -0.059483 0.157928
-0.191978 -0.059476 0.157933
-0.191986 -0.059448 0.157936
-0.191993 -0.059429 0.157940
-0.191996 -0.059423 0.157946
-0.192004 -0.059393 0.157951
-0.192008 -0.059371 0.157955
-0.192005 -0.059366 0.157964
-0.192015 -0.059335 0.157969
-0.192022 -0.059314 0.157975
-0.192027 -0.059293 0.157982
-0.192034 -0.059271 0.157988
-0.192039 -0.059253 0.157996
-0.192050 -0.059229 0.158004
-0.192057 -0.059212 0.158011
-0.192065 -0.059192 0.158015
-0.192072 -0.059176 0.158017
-0.192081 -0.059152 0.158031
-0.192090 -0.059137 0.158041
-0.192099 -0.059117 0.158050
-0.192109 -0.059103 0.158055
-0.192118 -0.059087 0.158065
-0.192129 -0.059073 0.158074
-0.192137 -0.059061 0.158077
-0.192149 -0.059049 0.158091
-0.192163 -0.059039 0.158102
-0.192174 -0.059031 0.158110
-0.192185 -0.059025 0.158113
-0.192197 -0.059021 0.158129
-0.192210 -0.059019 0.158139
-0.192226 -0.059019 0.158146
-0.192248 -0.059019 0.158153
-0.192259 -0.059019 0.158158
-0.192274 -0.059022 0.158165
-0.192283 -0.059027 0.158173
-0.192305 -0.059038 0.158185
-0.192318 -0.059046 0.158191
-0.192335 -0.059059 0.158200
-0.192350 -0.059071 0.158209
-0.192362 -0.059082 0.158215
-0.192374 -0.059092 0.158219
-0.192394 -0.059109 0.158227
-0.192405 -0.059119 0.158231
-0.192427 -0.059140 0.158240
-0.192440 -0.059152 0.158245
-0.192449 -0.059162 0.158249
-0.192462 -0.059176 0.158255
-0.192474 -0.059191 0.158262
-0.192488 -0.059204 0.158266
-0.192499 -0.059222 0.158272
-0.192506 -0.059235 0.158278
-0.192513 -0.059246 0.158281
-0.192521 -0.059253 0.158283
-0.192527 -0.059268 0.158290
-0.192530 -0.059272 0.158292
-0.192537 -0.059288 0.158299
-0.192540 -0.059294 0.158302
-0.192542 -0.059301 0.158308
-0.192546 -0.059306 0.158309
-0.192549 -0.059312 0.158316
-0.192551 -0.059317 0.158321
-0.192554 -0.059318 0.158322
-0.192558 -0.059321 0.158330
-0.192561 -0.059323 0.158332
-0.192565 -0.059323 0.158343
-0.192567 -0.059323 0.158349
-0.192571 -0.059322 0.158351
-0.192573 -0.059321 0.158363
-0.192574 -0.059321 0.158366
-0.192573 -0.059320 0.158377
-0.192569 -0.059319 0.158380
-0.192567 -0.059317 0.158392
-0.192566 -0.059315 0.158400
-0.192563 -0.059313 0.158404
-0.192563 -0.059312 0.158415
-0.192562 -0.059311 0.158418
-0.192560 -0.059309 0.158430
-0.192561 -0.059309 0.158431
-0.192552 -0.059302 0.158447
-0.192549 -0.059300 0.158456
-0.192542 -0.059296 0.158467
-0.192541 -0.059295 0.158470
-0.192538 -0.059295 0.158482
-0.192534 -0.059292 0.158493
-0.192531 -0.059293 0.158496
-0.192529 -0.059293 0.158509
-0.192526 -0.059292 0.158515
-0.192522 -0.059295 0.158528
-0.192518 -0.059298 0.158536
-0.192513 -0.059298 0.158542
-0.192509 -0.059304 0.158552
-0.192504 -0.059308 0.158562
-0.192502 -0.059309 0.158568
-0.192500 -0.059316 0.158578
-0.192499 -0.059320 0.158587
-0.192498 -0.059320 0.158592
-0.192496 -0.059324 0.158603
-0.192496 -0.059323 0.158607
-0.192495 -0.059328 0.158619
-0.192496 -0.059335 0.158630
-0.192495 -0.059340 0.158638
-0.192495 -0.059344 0.158647
-0.192495 -0.059346 0.158656
-0.192495 -0.059349 0.158661
-0.192495 -0.059351 0.158670
-0.192495 -0.059353 0.158675
-0.192496 -0.059355 0.158681
-0.192496 -0.059357 0.158686
-0.192499 -0.059359 0.158691
-0.192501 -0.059362 0.158696
-0.192503 -0.059364 0.158701
-0.192506 -0.059366 0.158705
-0.192509 -0.059367 0.158707
-0.192511 -0.059368 0.158711
-0.192516 -0.059368 0.158714
-0.192520 -0.059369 0.158718
-0.192524 -0.059369 0.158718
-0.192526 -0.059369 0.158719
-0.192531 -0.059369 0.158720
-0.192536 -0.059369 0.158720
-0.192542 -0.059368 0.158720
-0.192548 -0.059368 0.158719
-0.192554 -0.059368 0.158719
-0.192558 -0.059368 0.158718
-0.192563 -0.059367 0.158717
-0.192569 -0.059368 0.158715
-0.192573 -0.059367 0.158713
-0.192578 -0.059367 0.158712
-0.192584 -0.059366 0.158709
-0.192589 -0.059366 0.158707
-0.192596 -0.059367 0.158705
-0.192605 -0.059368 0.158702
-0.192611 -0.059368 0.158701
-0.192617 -0.059368 0.158699
-0.192627 -0.059369 0.158696
-0.192638 -0.059368 0.158693
-0.192647 -0.059368 0.158690
-0.192656 -0.059367 0.158689
-0.192664 -0.059368 0.158687
-0.192676 -0.059369 0.158684
-0.192682 -0.059368 0.158683
-0.192692 -0.059370 0.158681
-0.192700 -0.059369 0.158679
-0.192709 -0.059370 0.158678
-0.192715 -0.059370 0.158676
-0.192724 -0.059370 0.158674
-0.192732 -0.059368 0.158673
-0.192740 -0.059367 0.158671
-0.192748 -0.059366 0.158669
-0.192753 -0.059364 0.158669
-0.192760 -0.059363 0.158668
-0.192770 -0.059363 0.158667
-0.192775 -0.059362 0.158667
-0.192784 -0.059361 0.158666
-0.192799 -0.059359 0.158663
-0.192804 -0.059357 0.158664
-0.192814 -0.059356 0.158665
-0.192822 -0.059354 0.158663
-0.192829 -0.059351 0.158662
-0.192844 -0.059347 0.158660
-0.192847 -0.059347 0.158660
-0.192854 -0.059346 0.158660
-0.192860 -0.059346 0.158659
-0.192871 -0.059340 0.158654
-0.192880 -0.059336 0.158652
-0.192887 -0.059333 0.158650
-0.192894 -0.059329 0.158650
-0.192902 -0.059324 0.158649
-0.192912 -0.059319 0.158650
-0.192921 -0.059314 0.158650
-0.192931 -0.059307 0.158649
-0.192938 -0.059303 0.158650
-0.192948 -0.059299 0.158649
-0.192957 -0.059294 0.158648
-0.192963 -0.059289 0.158648
-0.192968 -0.059287 0.158648
-0.192977 -0.059282 0.158647
-0.192990 -0.059275 0.158645
-0.192993 -0.059273 0.158645
-0.193005 -0.059267 0.158646
-0.193013 -0.059263 0.158647
-0.193029 -0.059253 0.158645
-0.193036 -0.059252 0.158648
-0.193045 -0.059247 0.158647
-0.193054 -0.059243 0.158647
-0.193069 -0.059234 0.158644
-0.193074 -0.059233 0.158646
-0.193081 -0.059228 0.158645
-0.193093 -0.059223 0.158646
-0.193105 -0.059214 0.158643
-0.193117 -0.059208 0.158643
-0.193127 -0.059201 0.158641
-0.193137 -0.059198 0.158642
-0.193146 -0.059192 0.158640
-0.193154 -0.059186 0.158640
-0.193164 -0.059180 0.158639
-0.193172 -0.059174 0.158639
-0.193185 -0.059166 0.158638
-0.193194 -0.059162 0.158639
-0.193202 -0.059158 0.158639
-0.193215 -0.059152 0.158640
-0.193229 -0.059147 0.158639
-0.193237 -0.059145 0.158640
-0.193249 -0.059141 0.158640
-0.193263 -0.059137 0.158640
-0.193276 -0.059134 0.158640
-0.193291 -0.059129 0.158639
-0.193299 -0.059129 0.158641
-0.193316 -0.059125 0.158643
-0.193329 -0.059124 0.158645
-0.193343 -0.059124 0.158648
-0.193355 -0.059124 0.158650
-0.193371 -0.059123 0.158654
-0.193384 -0.059122 0.158656
-0.193398 -0.059120 0.158659
-0.193409 -0.059119 0.158662
-0.193428 -0.059117 0.158664
-0.193440 -0.059114 0.158666
-0.193451 -0.059113 0.158668
-0.193471 -0.059113 0.158673
-0.193482 -0.059111 0.158675
-0.193498 -0.059110 0.158678
-0.193515 -0.059109 0.158681
-0.193533 -0.059106 0.158684
-0.193544 -0.059104 0.158686
-0.193558 -0.059101 0.158686
-0.193566 -0.059099 0.158687
-0.193586 -0.059095 0.158689
-0.193597 -0.059092 0.158690
-0.193613 -0.059090 0.158692
-0.193624 -0.059088 0.158693
-0.193637 -0.059084 0.158694
-0.193651 -0.059080 0.158694
-0.193662 -0.059076 0.158695
-0.193675 -0.059073 0.158695
-0.193687 -0.059068 0.158694
-0.193697 -0.059064 0.158695
-0.193710 -0.059058 0.158695
-0.193721 -0.059054 0.158696
-0.193731 -0.059049 0.158696
-0.193742 -0.059043 0.158698
-0.193752 -0.059036 0.158699
-0.193763 -0.059031 0.158700
-0.193771 -0.059025 0.158702
-0.193781 -0.059017 0.158704
-0.193789 -0.059010 0.158707
-0.193796 -0.059000 0.158706
-0.193802 -0.058995 0.158709
-0.193811 -0.058985 0.158712
-0.193816 -0.058981 0.158714
-0.193828 -0.058974 0.158718
-0.193835 -0.058969 0.158723
-0.193843 -0.058962 0.158726
-0.193847 -0.058959 0.158729
-0.193854 -0.058954 0.158733
-0.193863 -0.058949 0.158735
-0.193869 -0.058946 0.158738
-0.193877 -0.058939 0.158742
-0.193881 -0.058937 0.158745
-0.193886 -0.058934 0.158748
-0.193895 -0.058927 0.158752
-0.193899 -0.058924 0.158754
-0.193903 -0.058922 0.158758
-0.193905 -0.058918 0.158762
-0.193908 -0.058917 0.158763
-0.193910 -0.058913 0.158766
-0.193911 -0.058911 0.158768
-0.193914 -0.058908 0.158772
-0.193913 -0.058905 0.158773
-0.193913 -0.058904 0.158775
-0.193917 -0.058902 0.158778
-0.193918 -0.058898 0.158779
-0.193920 -0.058896 0.158780
-0.193919 -0.058891 0.158781
-0.193918 -0.058889 0.158782
-0.193920 -0.058887 0.158783
-0.193918 -0.058885 0.158785
-0.193918 -0.058883 0.158786
-0.193917 -0.058881 0.158788
-0.193917 -0.058879 0.158789
-0.193916 -0.058877 0.158790
-0.193915 -0.058875 0.158791
-0.193916 -0.058872 0.158793
-0.193916 -0.058871 0.158793
-0.193916 -0.058870 0.158793
-0.193918 -0.058868 0.158793
-0.193918 -0.058866 0.158792
-0.193918 -0.058861 0.158791
-0.193917 -0.058858 0.158791
-0.193916 -0.058855 0.158790
-0.193916 -0.058853 0.158790
-0.193917 -0.058850 0.158789
-0.193918 -0.058849 0.158788
-0.193920 -0.058845 0.158787
-0.193921 -0.058841 0.158786
-0.193923 -0.058839 0.158786
-0.193925 -0.058835 0.158783
-0.193929 -0.058825 0.158780
-0.193931 -0.058822 0.158779
-0.193934 -0.058819 0.158777
-0.193938 -0.058817 0.158776
-0.193940 -0.058812 0.158774
-0.193941 -0.058810 0.158772
-0.193944 -0.058806 0.158770
-0.193946 -0.058802 0.158768
-0.193949 -0.058799 0.158766
-0.193950 -0.058794 0.158764
-0.193951 -0.058791 0.158762
-0.193953 -0.058787 0.158761
-0.193954 -0.058784 0.158759
-0.193955 -0.058782 0.158759
-0.193956 -0.058781 0.158759
-0.193958 -0.058779 0.158758
-0.193960 -0.058774 0.158757
-0.193963 -0.058773 0.158757
-0.193966 -0.058771 0.158756
-0.193968 -0.058768 0.158755
-0.193972 -0.058766 0.158754
-0.193977 -0.058765 0.158755
-0.193980 -0.058764 0.158754
-0.193984 -0.058765 0.158755
-0.193989 -0.058764 0.158754
-0.193993 -0.058764 0.158754
-0.193996 -0.058764 0.158753
-0.193999 -0.058765 0.158754
-0.194000 -0.058765 0.158755
-0.194002 -0.058766 0.158757
-0.194005 -0.058767 0.158757
-0.194005 -0.058769 0.158757
-0.194008 -0.058769 0.158758
-0.194012 -0.058772 0.158760
-0.194015 -0.058773 0.158760
-0.194023 -0.058775 0.158760
-0.194029 -0.058776 0.158762
-0.194034 -0.058778 0.158763
-0.194043 -0.058782 0.158763
-0.194060 -0.058785 0.158763
-0.194071 -0.058790 0.158763
-0.194083 -0.058795 0.158766
-0.194093 -0.058800 0.158766
-0.194102 -0.058805 0.158768
-0.194109 -0.058810 0.158770
-0.194118 -0.058816 0.158771
-0.194124 -0.058820 0.158770
-0.194130 -0.058825 0.158769
-0.194139 -0.058829 0.158768
-0.194143 -0.058832 0.158767
-0.194155 -0.058836 0.158764
-0.194166 -0.058838 0.158761
-0.194175 -0.058842 0.158757
-0.194179 -0.058845 0.158758
-0.194194 -0.058847 0.158755
-0.194204 -0.058851 0.158754
-0.194212 -0.058850 0.158752
-0.194221 -0.058850 0.158751
-0.194226 -0.058851 0.158751
-0.194237 -0.058851 0.158749
-0.194246 -0.058854 0.158749
-0.194252 -0.058853 0.158748
-0.194259 -0.058854 0.158746
-0.194266 -0.058852 0.158746
-0.194270 -0.058851 0.158745
-0.194279 -0.058849 0.158746
-0.194287 -0.058844 0.158745
-0.194291 -0.058841 0.158744
-0.194298 -0.058839 0.158743
-0.194303 -0.058836 0.158742
-0.194306 -0.058831 0.158741
-0.194308 -0.058829 0.158740
-0.194311 -0.058825 0.158740
-0.194316 -0.058822 0.158740
-0.194320 -0.058818 0.158740
-0.194325 -0.058813 0.158738
-0.194332 -0.058809 0.158736
-0.194335 -0.058806 0.158735
-0.194338 -0.058820 0.158735
-0.194339 -0.058821 0.158735
-0.194341 -0.058829 0.158735
-0.194338 -0.058826 0.158734
-0.194337 -0.058820 0.158734
-0.194340 -0.058813 0.158737
-0.194343 -0.058805 0.158741
-0.194350 -0.058790 0.158747
-0.194353 -0.058785 0.158749
-0.194360 -0.058778 0.158754
-0.194366 -0.058775 0.158759
-0.194371 -0.058771 0.158759
-0.194374 -0.058769 0.158760
-0.194377 -0.058768 0.158760
-0.194377 -0.058764 0.158761
-0.194375 -0.058762 0.158761
-0.194372 -0.058762 0.158761
-0.194372 -0.058762 0.158761
-0.194370 -0.058761 0.158764
-0.194368 -0.058759 0.158766
-0.194367 -0.058759 0.158765
-0.194368 -0.058763 0.158763
-0.194365 -0.058773 0.158765
-0.194364 -0.058778 0.158767
-0.194361 -0.058778 0.158769
-0.194350 -0.058781 0.158767
-0.194340 -0.058784 0.158767
-0.194331 -0.058791 0.158769
-0.194321 -0.058800 0.158773
-0.194314 -0.058803 0.158778
-0.194306 -0.058801 0.158782
-0.194300 -0.058779 0.158793
-0.194302 -0.058768 0.158807
-0.194311 -0.058758 0.158818
-0.194322 -0.058736 0.158830
-0.194330 -0.058725 0.158838
-0.194334 -0.058717 0.158843
-0.194336 -0.058712 0.158845
-0.194340 -0.058700 0.158848
-0.194342 -0.058698 0.158852
-0.194342 -0.058698 0.158853
-0.194338 -0.058697 0.158858
-0.194335 -0.058695 0.158864
-0.194329 -0.058693 0.158870
-0.194322 -0.058687 0.158872
-0.194313 -0.058678 0.158871
-0.194303 -0.058666 0.158876
-0.194292 -0.058656 0.158879
-0.194281 -0.058650 0.158883
-0.194270 -0.058644 0.158887
-0.194258 -0.058636 0.158891
-0.194252 -0.058630 0.158895
-0.194237 -0.058625 0.158901
-0.194230 -0.058619 0.158905
-0.194222 -0.058614 0.158909
-0.194216 -0.058608 0.158913
-0.194212 -0.058603 0.158915
-0.194207 -0.058597 0.158919
-0.194204 -0.058594 0.158923
-0.194201 -0.058592 0.158927
-0.194198 -0.058588 0.158929
-0.194195 -0.058587 0.158931
-0.194190 -0.058582 0.158935
-0.194187 -0.058580 0.158937
-0.194183 -0.058577 0.158939
-0.194181 -0.058576 0.158941
-0.194178 -0.058574 0.158946
-0.194178 -0.058572 0.158948
-0.194177 -0.058569 0.158948
-0.194176 -0.058568 0.158948
-0.194175 -0.058567 0.158948
-0.194173 -0.058566 0.158946
-0.194173 -0.058565 0.158947
-0.194171 -0.058562 0.158943
-0.194171 -0.058560 0.158940
-0.194173 -0.058558 0.158938
-0.194175 -0.058558 0.158937
-0.194176 -0.058559 0.158935
-0.194176 -0.058567 0.158930
-0.194176 -0.058579 0.158928
-0.194172 -0.058593 0.158926
-0.194168 -0.058600 0.158922
-0.194166 -0.058603 0.158917
-0.194166 -0.058599 0.158913
-0.194168 -0.058592 0.158915
-0.194174 -0.058590 0.158915
-0.194181 -0.058580 0.158916
-0.194194 -0.058572 0.158920
-0.194206 -0.058569 0.158922
-0.194219 -0.058567 0.158921
-0.194228 -0.058566 0.158919
-0.194233 -0.058566 0.158915
-0.194237 -0.058567 0.158909
-0.194239 -0.058569 0.158903
-0.194242 -0.058570 0.158898
-0.194246 -0.058573 0.158893
-0.194250 -0.058576 0.158890
-0.194255 -0.058575 0.158887
-0.194260 -0.058574 0.158884
-0.194262 -0.058571 0.158878
-0.194266 -0.058574 0.158871
-0.194266 -0.058581 0.158865
-0.194266 -0.058593 0.158863
-0.194258 -0.058596 0.158859
-0.194254 -0.058593 0.158857
-0.194254 -0.058590 0.158857
-0.194255 -0.058583 0.158860
-0.194255 -0.058575 0.158861
-0.194261 -0.058567 0.158864
-0.194268 -0.058561 0.158867
-0.194277 -0.058559 0.158869
-0.194283 -0.058560 0.158869
-0.194287 -0.058562 0.158866
-0.194289 -0.058566 0.158864
-0.194289 -0.058567 0.158862
-0.194287 -0.058575 0.158856
-0.194285 -0.058575 0.158855
-0.194281 -0.058587 0.158852
-0.194278 -0.058590 0.158852
-0.194274 -0.058599 0.158852
-0.194270 -0.058610 0.158853
-0.194268 -0.058615 0.158855
-0.194253 -0.058635 0.158853
-0.194246 -0.058640 0.158855
-0.194235 -0.058640 0.158857
-0.194230 -0.058632 0.158859
-0.194228 -0.058629 0.158861
-0.194232 -0.058615 0.158872
-0.194241 -0.058606 0.158880
-0.194251 -0.058599 0.158888
-0.194259 -0.058597 0.158893
-0.194259 -0.058598 0.158894
-0.194266 -0.058601 0.158896
-0.194264 -0.058604 0.158898
-0.194258 -0.058610 0.158898
-0.194251 -0.058615 0.158899
-0.194243 -0.058616 0.158900
-0.194241 -0.058616 0.158903
-0.194236 -0.058617 0.158906
-0.194234 -0.058616 0.158907
-0.194229 -0.058607 0.158906
-0.194225 -0.058603 0.158906
-0.194218 -0.058596 0.158905
-0.194214 -0.058591 0.158907
-0.194209 -0.058586 0.158907
-0.194204 -0.058584 0.158909
-0.194200 -0.058582 0.158914
-0.194199 -0.058579 0.158919
-0.194197 -0.058577 0.158925
-0.194197 -0.058577 0.158927
-0.194194 -0.058580 0.158928
-0.194190 -0.058592 0.158929
-0.194185 -0.058607 0.158929
-0.194179 -0.058613 0.158929
-0.194171 -0.058614 0.158928
-0.194169 -0.058611 0.158932
-0.194169 -0.058605 0.158935
-0.194171 -0.058592 0.158942
-0.194173 -0.058581 0.158948
-0.194180 -0.058575 0.158953
-0.194188 -0.058569 0.158957
-0.194192 -0.058567 0.158958
-0.194194 -0.058566 0.158959
-0.194193 -0.058569 0.158960
-0.194191 -0.058569 0.158961
-0.194188 -0.058571 0.158962
-0.194181 -0.058571 0.158962
-0.194176 -0.058570 0.158964
-0.194172 -0.058566 0.158966
-0.194170 -0.058566 0.158965
-0.194167 -0.058569 0.158962
-0.194163 -0.058579 0.158962
-0.194155 -0.058588 0.158960
-0.194147 -0.058589 0.158958
-0.194140 -0.058586 0.158955
-0.194136 -0.058582 0.158955
-0.194123 -0.058568 0.158958
-0.194120 -0.058561 0.158960
-0.194122 -0.058548 0.158969
-0.194128 -0.058541 0.158974
-0.194136 -0.058536 0.158976
-0.194138 -0.058537 0.158977
-0.194142 -0.058537 0.158975
-0.194143 -0.058539 0.158974
-0.194141 -0.058541 0.158970
-0.194137 -0.058544 0.158967
-0.194133 -0.058547 0.158965
-0.194129 -0.058546 0.158963
-0.194127 -0.058547 0.158964
-0.194128 -0.058547 0.158962
-0.194128 -0.058545 0.158962
-0.194130 -0.058544 0.158958
-0.194129 -0.058543 0.158953
-0.194120 -0.058559 0.158949
-0.194114 -0.058568 0.158948
-0.194112 -0.058568 0.158946
-0.194101 -0.058565 0.158942
-0.194101 -0.058564 0.158941
-0.194100 -0.058560 0.158943
-0.194103 -0.058552 0.158944
-0.194113 -0.058549 0.158944
-0.194124 -0.058548 0.158945
-0.194134 -0.058553 0.158943
-0.194139 -0.058553 0.158941
-0.194143 -0.058562 0.158941
-0.194145 -0.058569 0.158939
-0.194147 -0.058579 0.158938
-0.194145 -0.058589 0.158935
-0.194143 -0.058596 0.158935
-0.194141 -0.058604 0.158934
-0.194139 -0.058609 0.158934
-0.194142 -0.058614 0.158932
-0.194143 -0.058624 0.158929
-0.194144 -0.058639 0.158931
-0.194145 -0.058638 0.158933
-0.194145 -0.058648 0.158934
-0.194128 -0.058671 0.158935
-0.194130 -0.058663 0.158945
-0.194135 -0.058659 0.158951
-0.194146 -0.058660 0.158958
-0.194158 -0.058663 0.158964
-0.194171 -0.058668 0.158967
-0.194176 -0.058674 0.158966
-0.194183 -0.058682 0.158969
-0.194183 -0.058691 0.158967
-0.194180 -0.058699 0.158967
-0.194177 -0.058703 0.158966
-0.194173 -0.058715 0.158966
-0.194169 -0.058721 0.158969
-0.194167 -0.058727 0.158971
-0.194166 -0.058728 0.158971
-0.194163 -0.058732 0.158969
-0.194162 -0.058741 0.158968
-0.194159 -0.058755 0.158967
-0.194154 -0.058762 0.158965
-0.194140 -0.058764 0.158960
-0.194132 -0.058764 0.158957
-0.194129 -0.058759 0.158958
-0.194125 -0.058750 0.158960
-0.194123 -0.058742 0.158962
-0.194128 -0.058736 0.158963
-0.194132 -0.058731 0.158961
-0.194141 -0.058728 0.158961
-0.194142 -0.058728 0.158959
-0.194143 -0.058726 0.158956
-0.194142 -0.058726 0.158950
-0.194140 -0.058725 0.158941
-0.194136 -0.058726 0.158936
-0.194132 -0.058724 0.158930
-0.194130 -0.058728 0.158928
-0.194128 -0.058727 0.158924
-0.194128 -0.058726 0.158915
-0.194129 -0.058731 0.158908
-0.194126 -0.058741 0.158904
-0.194122 -0.058748 0.158899
-0.194112 -0.058744 0.158893
-0.194106 -0.058738 0.158888
-0.194103 -0.058733 0.158885
-0.194101 -0.058722 0.158888
-0.194102 -0.058712 0.158890
-0.194108 -0.058703 0.158892
-0.194112 -0.058700 0.158895
-0.194118 -0.058698 0.158897
-0.194122 -0.058699 0.158895
-0.194123 -0.058701 0.158893
-0.194121 -0.058706 0.158892
-0.194119 -0.058712 0.158891
-0.194116 -0.058718 0.158891
-0.194113 -0.058725 0.158895
-0.194113 -0.058730 0.158898
-0.194112 -0.058738 0.158901
-0.194114 -0.058747 0.158907
-0.194115 -0.058759 0.158908
-0.194116 -0.058772 0.158914
-0.194112 -0.058790 0.158918
-0.194104 -0.058797 0.158920
-0.194099 -0.058803 0.158925
-0.194098 -0.058802 0.158928
-0.194099 -0.058807 0.158941
-0.194100 -0.058803 0.158950
-0.194109 -0.058801 0.158961
-0.194116 -0.058800 0.158968
-0.194122 -0.058810 0.158982
-0.194128 -0.058816 0.158991
-0.194127 -0.058817 0.158995
-0.194121 -0.058827 0.159005
-0.194115 -0.058835 0.159010
-0.194108 -0.058839 0.159018
-0.194103 -0.058847 0.159025
-0.194100 -0.058852 0.159032
-0.194094 -0.058861 0.159047
-0.194093 -0.058861 0.159051
-0.194091 -0.058867 0.159064
-0.194087 -0.058866 0.159068
-0.194085 -0.058867 0.159075
-0.194081 -0.058868 0.159082
-0.194078 -0.058873 0.159093
-0.194076 -0.058873 0.159097
-0.194076 -0.058877 0.159105
-0.194078 -0.058884 0.159112
-0.194085 -0.058894 0.159117
-0.194086 -0.058899 0.159121
-0.194091 -0.058911 0.159122
-0.194096 -0.058923 0.159122
-0.194096 -0.058928 0.159123
-0.194093 -0.058932 0.159123
-0.194097 -0.058950 0.159125
-0.194098 -0.058956 0.159127
-0.194100 -0.058965 0.159128
-0.194105 -0.058978 0.159130
-0.194113 -0.058997 0.159127
-0.194117 -0.059014 0.159126
-0.194125 -0.059034 0.159120
-0.194125 -0.059045 0.159113
-0.194129 -0.059063 0.159104
-0.194132 -0.059072 0.159100
-0.194140 -0.059086 0.159094
-0.194146 -0.059094 0.159091
-0.194152 -0.059104 0.159091
-0.194162 -0.059112 0.159090
-0.194169 -0.059123 0.159086
-0.194175 -0.059126 0.159085
-0.194180 -0.059138 0.159080
-0.194183 -0.059151 0.159076
-0.194189 -0.059164 0.159071
-0.194195 -0.059188 0.159070
-0.194199 -0.059220 0.159070
-0.194200 -0.059263 0.159071
-0.194197 -0.059292 0.159068
-0.194190 -0.059310 0.159065
-0.194180 -0.059318 0.159062
-0.194175 -0.059331 0.159067
-0.194176 -0.059342 0.159078
-0.194175 -0.059365 0.159088
-0.194169 -0.059399 0.159102
-0.194158 -0.059432 0.159107
-0.194139 -0.059471 0.159110
-0.194120 -0.059518 0.159116
-0.194102 -0.059573 0.159124
-0.194081 -0.059632 0.159136
-0.194055 -0.059686 0.159151
-0.194025 -0.059743 0.159166
-0.193995 -0.059783 0.159178
-0.193959 -0.059841 0.159198
-0.193915 -0.059919 0.159231
-0.193879 -0.059989 0.159261
-0.193839 -0.060072 0.159296
-0.193791 -0.060162 0.159333
-0.193742 -0.060248 0.159364
-0.193705 -0.060313 0.159388
-0.193639 -0.060429 0.159431
-0.193583 -0.060531 0.159470
-0.193520 -0.060644 0.159515
-0.193458 -0.060762 0.159563
-0.193391 -0.060880 0.159612
-0.193320 -0.060996 0.159660
-0.193256 -0.061090 0.159696
-0.193152 -0.061231 0.159761
-0.193077 -0.061328 0.159803
-0.192958 -0.061469 0.159877
-0.192883 -0.061555 0.159918
-0.192763 -0.061677 0.159984
-0.192650 -0.061785 0.160041
-0.192527 -0.061899 0.160103
-0.192414 -0.061997 0.160157
-0.192326 -0.062074 0.160199
-0.192250 -0.062138 0.160240
-0.192157 -0.062210 0.160282
-0.192060 -0.062282 0.160324
-0.191960 -0.062348 0.160364
-0.191864 -0.062409 0.160397
-0.191790 -0.062454 0.160421
-0.191722 -0.062505 0.160445
-0.191652 -0.062548 0.160465
-0.191482 -0.062646 0.160514
-0.191383 -0.062689 0.160536
-0.191311 -0.062714 0.160550
-0.191200 -0.062762 0.160579
-0.191082 -0.062796 0.160602
-0.190948 -0.062826 0.160629
-0.190861 -0.062841 0.160644
-0.190733 -0.062865 0.160669
-0.190623 -0.062877 0.160683
-0.190561 -0.062881 0.160690
-0.190413 -0.062896 0.160706
-0.190328 -0.062902 0.160713
-0.190247 -0.062899 0.160715
-0.190125 -0.062916 0.160722
-0.189990 -0.062923 0.160723
-0.189896 -0.062926 0.160723
-0.189762 -0.062937 0.160721
-0.189613 -0.062949 0.160713
-0.189457 -0.062948 0.160702
-0.189330 -0.062936 0.160693
-0.189166 -0.062920 0.160675
-0.188989 -0.062895 0.160659
-0.188883 -0.062860 0.160642
-0.188700 -0.062822 0.160630
-0.188584 -0.062792 0.160622
-0.188406 -0.062717 0.160584
-0.188141 -0.062624 0.160534
-0.187926 -0.062553 0.160484
-0.187718 -0.062487 0.160428
-0.187585 -0.062449 0.160389
-0.187425 -0.062396 0.160337
-0.187295 -0.062359 0.160297
-0.187221 -0.062331 0.160270
-0.187113 -0.062297 0.160234
-0.187025 -0.062281 0.160211
-0.186881 -0.062219 0.160153
-0.186811 -0.062199 0.160131
-0.186667 -0.062145 0.160078
-0.186605 -0.062130 0.160062
-0.186519 -0.062113 0.160045
-0.186422 -0.062072 0.160006
-0.186318 -0.062033 0.159968
-0.186189 -0.061996 0.159926
-0.186119 -0.061956 0.159891
-0.185978 -0.061919 0.159849
-0.185890 -0.061881 0.159811
-0.185783 -0.061840 0.159765
-0.185685 -0.061809 0.159726
-0.185567 -0.061786 0.159685
-0.185470 -0.061754 0.159645
-0.185416 -0.061764 0.159636
-0.185308 -0.061728 0.159592
-0.185212 -0.061690 0.159551
-0.185110 -0.061651 0.159510
-0.185009 -0.061611 0.159471
-0.184898 -0.061567 0.159433
-0.184803 -0.061522 0.159399
-0.184700 -0.061476 0.159365
-0.184597 -0.061424 0.159324
-0.184496 -0.061376 0.159292
-0.184388 -0.061328 0.159256
-0.184279 -0.061280 0.159221
-0.184183 -0.061235 0.159186
-0.184091 -0.061192 0.159151
-0.184005 -0.061149 0.159116
-0.183910 -0.061109 0.159079
-0.183806 -0.061069 0.159042
-0.183702 -0.061035 0.159007
-0.183600 -0.060990 0.158969
-0.183414 -0.060923 0.158904
-0.183296 -0.060875 0.158859
-0.183225 -0.060885 0.158848
-0.183126 -0.060862 0.158817
-0.182960 -0.060814 0.158763
-0.182814 -0.060765 0.158711
-0.182649 -0.060691 0.158649
-0.182543 -0.060653 0.158617
-0.182455 -0.060633 0.158600
-0.182305 -0.060546 0.158543
-0.182197 -0.060501 0.158518
-0.182125 -0.060469 0.158502
-0.182002 -0.060404 0.158465
-0.181895 -0.060354 0.158438
-0.181791 -0.060306 0.158414
-0.181693 -0.060266 0.158386
-0.181599 -0.060224 0.158361
-0.181491 -0.060191 0.158337
-0.181412 -0.060158 0.158313
-0.181308 -0.060126 0.158289
-0.181244 -0.060098 0.158268
-0.181143 -0.060083 0.158244
-0.181051 -0.060082 0.158222
-0.180964 -0.060069 0.158198
-0.180884 -0.060053 0.158172
-0.180832 -0.060044 0.158155
-0.180764 -0.060020 0.158129
-0.180703 -0.060002 0.158113
-0.180632 -0.059970 0.158088
-0.180582 -0.059947 0.158072
-0.180541 -0.059925 0.158064
-0.180493 -0.059902 0.158050
-0.180436 -0.059884 0.158036
-0.180392 -0.059868 0.158023
-0.180347 -0.059856 0.158011
-0.180315 -0.059849 0.158000
-0.180284 -0.059844 0.157992
-0.180251 -0.059837 0.157982
-0.180211 -0.059832 0.157973
-0.180187 -0.059830 0.157969
-0.180155 -0.059820 0.157958
-0.180126 -0.059821 0.157952
-0.180095 -0.059830 0.157950
-0.180067 -0.059832 0.157948
-0.180052 -0.059824 0.157940
-0.180029 -0.059819 0.157938
-0.180007 -0.059815 0.157937
-0.179982 -0.059808 0.157940
-0.179964 -0.059801 0.157945
-0.179951 -0.059796 0.157948
-0.179938 -0.059793 0.157954
-0.179926 -0.059779 0.157957
-0.179918 -0.059773 0.157958
-0.179909 -0.059770 0.157964
-0.179894 -0.059774 0.157964
-0.179889 -0.059776 0.157968
-0.179875 -0.059776 0.157970
-0.179867 -0.059773 0.157972
-0.179864 -0.059769 0.157973
-0.179860 -0.059764 0.157976
-0.179860 -0.059760 0.157980
-0.179861 -0.059754 0.157986
-0.179863 -0.059748 0.157993
-0.179868 -0.059742 0.158002
-0.179872 -0.059737 0.158007
-0.179874 -0.059733 0.158012
-0.179874 -0.059728 0.158016
-0.179876 -0.059729 0.158024
-0.179878 -0.059735 0.158036
-0.179876 -0.059744 0.158044
-0.179877 -0.059747 0.158052
-0.179876 -0.059752 0.158056
-0.179882 -0.059759 0.158063
-0.179894 -0.059770 0.158074
-0.179897 -0.059787 0.158085
-0.179899 -0.059799 0.158096
-0.179899 -0.059806 0.158104
-0.179899 -0.059806 0.158112
-0.179908 -0.059807 0.158118
-0.179918 -0.059806 0.158126
-0.179933 -0.059802 0.158135
-0.179954 -0.059796 0.158145
-0.179972 -0.059786 0.158156
-0.179994 -0.059775 0.158169
-0.180022 -0.059756 0.158190
-0.180060 -0.059747 0.158199
-0.180097 -0.059742 0.158204
-0.180134 -0.059737 0.158211
-0.180146 -0.059739 0.158215
-0.180165 -0.059733 0.158223
-0.180185 -0.059724 0.158233
-0.180194 -0.059719 0.158237
-0.180218 -0.059722 0.158240
-0.180250 -0.059732 0.158238
-0.180271 -0.059741 0.158239
-0.180286 -0.059752 0.158236
-0.180306 -0.059764 0.158233
-0.180334 -0.059777 0.158229
-0.180360 -0.059783 0.158226
-0.180395 -0.059773 0.158216
-0.180419 -0.059768 0.158216
-0.180448 -0.059757 0.158217
-0.180479 -0.059737 0.158220
-0.180509 -0.059712 0.158222
-0.180544 -0.059687 0.158228
-0.180594 -0.059658 0.158232
-0.180648 -0.059631 0.158229
-0.180695 -0.059608 0.158227
-0.180764 -0.059587 0.158223
-0.180815 -0.059575 0.158219
-0.180865 -0.059554 0.158209
-0.180912 -0.059544 0.158203
-0.180961 -0.059529 0.158190
-0.180992 -0.059528 0.158186
-0.181022 -0.059500 0.158166
-0.181076 -0.059520 0.158164
-0.181129 -0.059515 0.158148
-0.181177 -0.059519 0.158136
-0.181241 -0.059500 0.158106
-0.181286 -0.059506 0.158098
-0.181321 -0.059492 0.158077
-0.181367 -0.059490 0.158062
-0.181438 -0.059490 0.158040
-0.181481 -0.059501 0.158034
-0.181540 -0.059499 0.158014
-0.181583 -0.059513 0.158009
-0.181632 -0.059518 0.157992
-0.181660 -0.059517 0.157975
-0.181718 -0.059539 0.157959
-0.181776 -0.059576 0.157945
-0.181818 -0.059606 0.157927
-0.181851 -0.059634 0.157908
-0.181875 -0.059659 0.157889
-0.181897 -0.059682 0.157880
-0.181912 -0.059699 0.157860
-0.181961 -0.059738 0.157858
-0.181985 -0.059743 0.157837
-0.182030 -0.059758 0.157825
-0.182096 -0.059786 0.157825
-0.182151 -0.059798 0.157816
-0.182195 -0.059797 0.157805
-0.182252 -0.059800 0.157800
-0.182319 -0.059818 0.157803
-0.182395 -0.059816 0.157796
-0.182443 -0.059823 0.157795
-0.182500 -0.059831 0.157793
-0.182548 -0.059830 0.157786
-0.182647 -0.059853 0.157784
-0.182703 -0.059869 0.157784
-0.182758 -0.059882 0.157781
-0.182816 -0.059894 0.157780
-0.182864 -0.059902 0.157777
-0.182897 -0.059898 0.157772
-0.182953 -0.059901 0.157770
-0.182998 -0.059906 0.157775
-0.183044 -0.059907 0.157778
-0.183096 -0.059910 0.157785
-0.183154 -0.059908 0.157792
-0.183232 -0.059911 0.157803
-0.183276 -0.059909 0.157805
-0.183338 -0.059919 0.157813
-0.183381 -0.059927 0.157817
-0.183432 -0.059943 0.157825
-0.183476 -0.059958 0.157832
-0.183505 -0.059973 0.157833
-0.183557 -0.059995 0.157841
-0.183582 -0.060010 0.157847
-0.183622 -0.060016 0.157853
-0.183661 -0.060015 0.157860
-0.183711 -0.060018 0.157871
-0.183758 -0.060007 0.157887
-0.183813 -0.059997 0.157901
-0.183857 -0.059987 0.157910
-0.183939 -0.059957 0.157933
-0.183989 -0.059937 0.157944
-0.184051 -0.059912 0.157958
-0.184122 -0.059885 0.157972
-0.184190 -0.059860 0.157983
-0.184255 -0.059833 0.157998
-0.184313 -0.059807 0.158009
-0.184368 -0.059787 0.158018
-0.184426 -0.059765 0.158031
-0.184489 -0.059741 0.158041
-0.184552 -0.059712 0.158050
-0.184593 -0.059694 0.158056
-0.184667 -0.059672 0.158066
-0.184706 -0.059660 0.158071
-0.184776 -0.059641 0.158076
-0.184803 -0.059635 0.158083
-0.184841 -0.059612 0.158086
-0.184906 -0.059577 0.158088
-0.184982 -0.059532 0.158093
-0.185024 -0.059509 0.158103
-0.185134 -0.059450 0.158111
-0.185202 -0.059411 0.158118
-0.185266 -0.059372 0.158128
-0.185343 -0.059328 0.158134
-0.185413 -0.059285 0.158138
-0.185494 -0.059235 0.158141
-0.185550 -0.059201 0.158143
-0.185615 -0.059176 0.158150
-0.185677 -0.059155 0.158154
-0.185770 -0.059111 0.158155
-0.185827 -0.059089 0.158158
-0.185869 -0.059079 0.158157
-0.185942 -0.059045 0.158158
-0.185970 -0.059046 0.158152
-0.186033 -0.059022 0.158153
-0.186094 -0.058985 0.158160
-0.186160 -0.058950 0.158157
-0.186220 -0.058916 0.158159
-0.186281 -0.058884 0.158164
-0.186352 -0.058845 0.158173
-0.186401 -0.058815 0.158181
-0.186453 -0.058787 0.158184
-0.186518 -0.058749 0.158188
-0.186592 -0.058704 0.158195
-0.186679 -0.058648 0.158204
-0.186765 -0.058598 0.158213
-0.186835 -0.058561 0.158220
-0.186906 -0.058524 0.158223
-0.186949 -0.058502 0.158227
-0.187029 -0.058465 0.158228
-0.187093 -0.058434 0.158234
-0.187156 -0.058406 0.158233
-0.187217 -0.058377 0.158232
-0.187277 -0.058350 0.158235
-0.187346 -0.058323 0.158239
-0.187395 -0.058306 0.158240
-0.187448 -0.058289 0.158238
-0.187508 -0.058269 0.158245
-0.187575 -0.058247 0.158250
-0.187607 -0.058236 0.158240
-0.187680 -0.058225 0.158255
-0.187739 -0.058226 0.158259
-0.187760 -0.058233 0.158250
-0.187839 -0.058236 0.158263
-0.187870 -0.058244 0.158257
-0.187920 -0.058261 0.158259
-0.187960 -0.058277 0.158260
-0.187993 -0.058287 0.158258
-0.188027 -0.058290 0.158256
-0.188072 -0.058295 0.158270
-0.188118 -0.058293 0.158272
-0.188161 -0.058281 0.158272
-0.188222 -0.058265 0.158284
-0.188266 -0.058245 0.158291
-0.188325 -0.058239 0.158313
-0.188375 -0.058208 0.158321
-0.188433 -0.058196 0.158342
-0.188482 -0.058174 0.158354
-0.188534 -0.058132 0.158359
-0.188573 -0.058142 0.158383
-0.188642 -0.058085 0.158387
-0.188691 -0.058074 0.158406
-0.188733 -0.058051 0.158413
-0.188773 -0.058048 0.158429
-0.188834 -0.058000 0.158426
-0.188888 -0.057990 0.158443
-0.188927 -0.057961 0.158442
-0.188966 -0.057923 0.158436
-0.189022 -0.057913 0.158456
-0.189070 -0.057904 0.158474
-0.189109 -0.057895 0.158487
-0.189160 -0.057867 0.158495
-0.189187 -0.057853 0.158495
-0.189243 -0.057850 0.158512
-0.189279 -0.057844 0.158521
-0.189300 -0.057842 0.158524
-0.189326 -0.057841 0.158530
-0.189353 -0.057840 0.158536
-0.189382 -0.057843 0.158551
-0.189404 -0.057831 0.158559
-0.189424 -0.057805 0.158559
-0.189446 -0.057800 0.158573
-0.189491 -0.057774 0.158591
-0.189524 -0.057755 0.158606
-0.189561 -0.057720 0.158615
-0.189586 -0.057719 0.158631
-0.189664 -0.057675 0.158650
-0.189706 -0.057657 0.158663
-0.189749 -0.057626 0.158668
-0.189793 -0.057610 0.158681
-0.189844 -0.057606 0.158703
-0.189896 -0.057586 0.158714
-0.189933 -0.057571 0.158724
-0.189969 -0.057567 0.158734
-0.190024 -0.057570 0.158755
-0.190072 -0.057555 0.158758
-0.190105 -0.057546 0.158760
-0.190154 -0.057544 0.158771
-0.190197 -0.057543 0.158780
-0.190225 -0.057536 0.158779
-0.190278 -0.057541 0.158798
-0.190317 -0.057541 0.158808
-0.190352 -0.057541 0.158813
-0.190389 -0.057542 0.158821
-0.190440 -0.057558 0.158838
-0.190485 -0.057581 0.158841
-0.190510 -0.057594 0.158843
-0.190545 -0.057614 0.158845
-0.190594 -0.057649 0.158843
-0.190631 -0.057679 0.158846
-0.190658 -0.057711 0.158846
-0.190689 -0.057729 0.158846
-0.190725 -0.057741 0.158850
-0.190763 -0.057751 0.158857
-0.190805 -0.057762 0.158864
-0.190855 -0.057770 0.158876
-0.190903 -0.057773 0.158886
-0.190950 -0.057774 0.158896
-0.190995 -0.057769 0.158902
-0.191050 -0.057769 0.158911
-0.191097 -0.057773 0.158919
-0.191150 -0.057772 0.158928
-0.191210 -0.057770 0.158936
-0.191251 -0.057771 0.158943
-0.191294 -0.057776 0.158949
-0.191317 -0.057778 0.158953
-0.191349 -0.057782 0.158955
-0.191371 -0.057786 0.158955
-0.191426 -0.057801 0.158957
-0.191476 -0.057815 0.158958
-0.191552 -0.057836 0.158963
-0.191584 -0.057845 0.158964
-0.191623 -0.057855 0.158970
-0.191645 -0.057860 0.158973
-0.191668 -0.057863 0.158979
-0.191713 -0.057875 0.158981
-0.191734 -0.057886 0.158985
-0.191773 -0.057907 0.158986
-0.191787 -0.057924 0.158986
-0.191818 -0.057947 0.158981
-0.191827 -0.057964 0.158978
-0.191858 -0.057984 0.158971
-0.191869 -0.057999 0.158967
-0.191875 -0.058025 0.158968
-0.191895 -0.058031 0.158964
-0.191907 -0.058032 0.158963
-0.191927 -0.058026 0.158963
-0.191948 -0.058016 0.158963
-0.191966 -0.058004 0.158969
-0.191984 -0.057992 0.158974
-0.192009 -0.057968 0.158983
-0.192034 -0.057945 0.158987
-0.192056 -0.057920 0.158990
-0.192087 -0.057885 0.158994
-0.192107 -0.057858 0.158990
-0.192135 -0.057827 0.158995
-0.192156 -0.057802 0.158996
-0.192175 -0.057780 0.158999
-0.192194 -0.057757 0.158997
-0.192213 -0.057734 0.158999
-0.192219 -0.057723 0.158998
-0.192237 -0.057693 0.158997
-0.192245 -0.057679 0.158999
-0.192254 -0.057662 0.158999
-0.192260 -0.057645 0.159000
-0.192269 -0.057622 0.159005
-0.192275 -0.057610 0.159013
-0.192282 -0.057585 0.159017
-0.192288 -0.057565 0.159024
-0.192292 -0.057555 0.159032
-0.192296 -0.057530 0.159037
-0.192297 -0.057506 0.159046
-0.192297 -0.057498 0.159053
-0.192295 -0.057471 0.159059
-0.192293 -0.057450 0.159071
-0.192293 -0.057428 0.159081
-0.192291 -0.057405 0.159090
-0.192289 -0.057397 0.159094
-0.192283 -0.057395 0.159106
-0.192273 -0.057384 0.159117
-0.192264 -0.057385 0.159119
-0.192253 -0.057385 0.159123
-0.192239 -0.057402 0.159127
-0.192226 -0.057392 0.159141
-0.192212 -0.057396 0.159150
-0.192202 -0.057395 0.159159
-0.192193 -0.057382 0.159172
-0.192192 -0.057374 0.159184
-0.192190 -0.057353 0.159202
-0.192192 -0.057334 0.159222
-0.192194 -0.057318 0.159234
-0.192203 -0.057297 0.159252
-0.192222 -0.057263 0.159279
-0.192235 -0.057242 0.159295
