x y z
0.122344 -0.074917 0.139666
0.122344 -0.074917 0.139666
0.122341 -0.074919 0.139668
0.122340 -0.074920 0.139669
0.122344 -0.074921 0.139668
0.122344 -0.074923 0.139670
0.122346 -0.074924 0.139671
0.122347 -0.074926 0.139670
0.122347 -0.074926 0.139671
0.122344 -0.074927 0.139673
0.122343 -0.074925 0.139672
0.122344 -0.074926 0.139674
0.122346 -0.074925 0.139674
0.122343 -0.074922 0.139669
0.122343 -0.074922 0.139669
0.122343 -0.074923 0.139671
0.122346 -0.074927 0.139677
0.122345 -0.074932 0.139686
0.122343 -0.074935 0.139691
0.122343 -0.074939 0.139696
0.122345 -0.074944 0.139700
0.122347 -0.074949 0.139707
0.122348 -0.074960 0.139717
0.122347 -0.074965 0.139724
0.122347 -0.074975 0.139735
0.122346 -0.074983 0.139743
0.122335 -0.074994 0.139756
0.122320 -0.075004 0.139767
0.122311 -0.075015 0.139779
0.122312 -0.075034 0.139797
0.122318 -0.075046 0.139808
0.122334 -0.075066 0.139825
0.122352 -0.075090 0.139847
0.122367 -0.075107 0.139862
0.122384 -0.075124 0.139874
0.122396 -0.075137 0.139887
0.122400 -0.075147 0.139898
0.122399 -0.075169 0.139923
0.122401 -0.075176 0.139931
0.122405 -0.075192 0.139947
0.122411 -0.075207 0.139963
0.122419 -0.075222 0.139978
0.122428 -0.075234 0.139994
0.122457 -0.075265 0.140027
0.122467 -0.075277 0.140045
0.122465 -0.075277 0.140059
0.122457 -0.075273 0.140072
0.122460 -0.075275 0.140080
0.122462 -0.075277 0.140083
0.122498 -0.075298 0.140109
0.122518 -0.075311 0.140123
0.122533 -0.075323 0.140133
0.122540 -0.075340 0.140151
0.122542 -0.075355 0.140178
0.122553 -0.075364 0.140202
0.122560 -0.075370 0.140211
0.122581 -0.075384 0.140237
0.122595 -0.075394 0.140251
0.122613 -0.075400 0.140264
0.122626 -0.075403 0.140272
0.122639 -0.075407 0.140279
0.122650 -0.075409 0.140284
0.122668 -0.075413 0.140293
0.122713 -0.075430 0.140309
0.122764 -0.075454 0.140329
0.122791 -0.075467 0.140343
0.122805 -0.075473 0.140356
0.122814 -0.075476 0.140363
0.122822 -0.075477 0.140369
0.122823 -0.075477 0.140370
0.122842 -0.075480 0.140382
0.122871 -0.075486 0.140394
0.122893 -0.075494 0.140403
0.122912 -0.075500 0.140410
0.122938 -0.075506 0.140421
0.122957 -0.075512 0.140431
0.122982 -0.075519 0.140446
0.122997 -0.075523 0.140457
0.123024 -0.075532 0.140475
0.123047 -0.075535 0.140490
0.123063 -0.075538 0.140499
0.123080 -0.075541 0.140507
0.123107 -0.075545 0.140517
0.123110 -0.075545 0.140519
0.123154 -0.075553 0.140532
0.123186 -0.075562 0.140542
0.123210 -0.075565 0.140552
0.123234 -0.075568 0.140562
0.123253 -0.075569 0.140570
0.123265 -0.075570 0.140575
0.123292 -0.075574 0.140584
0.123313 -0.075579 0.140589
0.123330 -0.075584 0.140594
0.123363 -0.075595 0.140605
0.123380 -0.075600 0.140610
0.123389 -0.075598 0.140613
0.123390 -0.075594 0.140613
0.123389 -0.075591 0.140614
0.123394 -0.075587 0.140617
0.123406 -0.075588 0.140624
0.123435 -0.075592 0.140633
0.123459 -0.075599 0.140642
0.123473 -0.075602 0.140647
0.123497 -0.075607 0.140657
0.123529 -0.075609 0.140673
0.123542 -0.075608 0.140681
0.123542 -0.075600 0.140687
0.123535 -0.075590 0.140691
0.123523 -0.075574 0.140692
0.123514 -0.075559 0.140690
0.123491 -0.075524 0.140684
0.123477 -0.075501 0.140680
0.123472 -0.075468 0.140674
0.123507 -0.075463 0.140676
0.123541 -0.075467 0.140678
0.123588 -0.075463 0.140679
0.123596 -0.075462 0.140678
0.123619 -0.075432 0.140663
0.123596 -0.075366 0.140638
0.123578 -0.075316 0.140620
0.123573 -0.075298 0.140612
0.123564 -0.075253 0.140591
0.123560 -0.075230 0.140583
0.123563 -0.075206 0.140579
0.123577 -0.075187 0.140584
0.123599 -0.075183 0.140595
0.123626 -0.075184 0.140604
0.123657 -0.075176 0.140610
0.123683 -0.075158 0.140611
0.123698 -0.075129 0.140603
0.123692 -0.075062 0.140581
0.123683 -0.075000 0.140559
0.123678 -0.074875 0.140496
0.123681 -0.074798 0.140452
0.123685 -0.074753 0.140435
0.123689 -0.074674 0.140427
0.123693 -0.074620 0.140427
0.123694 -0.074544 0.140425
0.123697 -0.074485 0.140419
0.123703 -0.074409 0.140410
0.123705 -0.074325 0.140388
0.123699 -0.074253 0.140365
0.123690 -0.074196 0.140347
0.123676 -0.074092 0.140313
0.123665 -0.074000 0.140278
0.123655 -0.073920 0.140246
0.123647 -0.073841 0.140221
0.123656 -0.073756 0.140193
0.123678 -0.073695 0.140169
0.123691 -0.073625 0.140144
0.123670 -0.073504 0.140116
0.123623 -0.073358 0.140087
0.123589 -0.073246 0.140066
0.123591 -0.073170 0.140049
0.123609 -0.073127 0.140042
0.123600 -0.073044 0.140033
0.123558 -0.072939 0.140014
0.123495 -0.072801 0.139991
0.123453 -0.072688 0.139977
0.123427 -0.072574 0.139965
0.123404 -0.072473 0.139936
0.123360 -0.072366 0.139893
0.123316 -0.072267 0.139856
0.123263 -0.072143 0.139821
0.123213 -0.072037 0.139803
0.123157 -0.071930 0.139788
0.123092 -0.071821 0.139769
0.123030 -0.071721 0.139747
0.122895 -0.071483 0.139695
0.122762 -0.071289 0.139669
0.122678 -0.071186 0.139660
0.122565 -0.071074 0.139644
0.122450 -0.070968 0.139630
0.122266 -0.070801 0.139611
0.122112 -0.070677 0.139590
0.122019 -0.070611 0.139570
0.121870 -0.070493 0.139532
0.121655 -0.070342 0.139474
0.121544 -0.070279 0.139444
0.121420 -0.070204 0.139413
0.121279 -0.070113 0.139381
0.121077 -0.070012 0.139326
0.120962 -0.069979 0.139288
0.120904 -0.069965 0.139269
0.120750 -0.069932 0.139218
0.120588 -0.069912 0.139170
0.120466 -0.069897 0.139128
0.120366 -0.069884 0.139096
0.120277 -0.069873 0.139057
0.120160 -0.069855 0.139003
0.120106 -0.069845 0.138977
0.120002 -0.069824 0.138933
0.119905 -0.069805 0.138906
0.119814 -0.069791 0.138885
0.119737 -0.069795 0.138859
0.119627 -0.069805 0.138819
0.119569 -0.069801 0.138802
0.119498 -0.069794 0.138780
0.119429 -0.069787 0.138751
0.119372 -0.069784 0.138723
0.119307 -0.069777 0.138692
0.119227 -0.069752 0.138660
0.119174 -0.069733 0.138639
0.119142 -0.069722 0.138626
0.119082 -0.069702 0.138603
0.119031 -0.069684 0.138588
0.118993 -0.069672 0.138579
0.118940 -0.069653 0.138569
0.118885 -0.069637 0.138559
0.118824 -0.069617 0.138546
0.118777 -0.069599 0.138535
0.118693 -0.069562 0.138517
0.118583 -0.069511 0.138500
0.118531 -0.069493 0.138489
0.118430 -0.069473 0.138470
0.118359 -0.069462 0.138454
0.118286 -0.069449 0.138438
0.118230 -0.069436 0.138428
0.118162 -0.069415 0.138418
0.118079 -0.069388 0.138410
0.118005 -0.069367 0.138408
0.117931 -0.069348 0.138405
0.117849 -0.069331 0.138401
0.117769 -0.069319 0.138395
0.117712 -0.069311 0.138388
0.117617 -0.069298 0.138381
0.117504 -0.069278 0.138369
0.117441 -0.069264 0.138363
0.117342 -0.069249 0.138347
0.117266 -0.069236 0.138330
0.117177 -0.069220 0.138306
0.117059 -0.069189 0.138284
0.116953 -0.069159 0.138272
0.116849 -0.069131 0.138268
0.116784 -0.069119 0.138264
0.116641 -0.069093 0.138255
0.116546 -0.069074 0.138251
0.116426 -0.069051 0.138257
0.116331 -0.069027 0.138266
0.116214 -0.068993 0.138272
0.116125 -0.068967 0.138272
0.116028 -0.068938 0.138269
0.115942 -0.068918 0.138259
0.115825 -0.068884 0.138239
0.115730 -0.068854 0.138224
0.115610 -0.068806 0.138202
0.115508 -0.068762 0.138182
0.115415 -0.068719 0.138170
0.115323 -0.068681 0.138169
0.115204 -0.068626 0.138177
0.115094 -0.068569 0.138177
0.115011 -0.068524 0.138176
0.114885 -0.068453 0.138176
0.114760 -0.068391 0.138180
0.114670 -0.068355 0.138185
0.114574 -0.068318 0.138188
0.114422 -0.068240 0.138181
0.114214 -0.068137 0.138174
0.114063 -0.068067 0.138170
0.113856 -0.067957 0.138163
0.113690 -0.067856 0.138163
0.113582 -0.067793 0.138170
0.113449 -0.067729 0.138178
0.113336 -0.067681 0.138171
0.113230 -0.067635 0.138157
0.113073 -0.067549 0.138144
0.112905 -0.067439 0.138138
0.112785 -0.067365 0.138138
0.112680 -0.067312 0.138142
0.112582 -0.067276 0.138144
0.112475 -0.067236 0.138144
0.112351 -0.067177 0.138143
0.112160 -0.067077 0.138148
0.111995 -0.066992 0.138159
0.111910 -0.066947 0.138163
0.111791 -0.066883 0.138169
0.111637 -0.066799 0.138169
0.111515 -0.066734 0.138165
0.111390 -0.066667 0.138161
0.111259 -0.066593 0.138158
0.111104 -0.066504 0.138149
0.110950 -0.066418 0.138140
0.110839 -0.066359 0.138135
0.110710 -0.066295 0.138133
0.110541 -0.066223 0.138139
0.110365 -0.066161 0.138153
0.110248 -0.066129 0.138168
0.110088 -0.066088 0.138192
0.109944 -0.066050 0.138210
0.109775 -0.066002 0.138226
0.109630 -0.065959 0.138235
0.109452 -0.065906 0.138240
0.109314 -0.065867 0.138235
0.109154 -0.065826 0.138220
0.108998 -0.065794 0.138203
0.108884 -0.065777 0.138196
0.108734 -0.065762 0.138192
0.108577 -0.065749 0.138193
0.108430 -0.065737 0.138192
0.108276 -0.065727 0.138199
0.108162 -0.065720 0.138205
0.108019 -0.065713 0.138220
0.107801 -0.065707 0.138240
0.107628 -0.065706 0.138253
0.107442 -0.065706 0.138266
0.107226 -0.065703 0.138278
0.107013 -0.065704 0.138284
0.106906 -0.065705 0.138285
0.106719 -0.065705 0.138287
0.106550 -0.065705 0.138288
0.106362 -0.065705 0.138283
0.106198 -0.065706 0.138277
0.106005 -0.065705 0.138270
0.105839 -0.065705 0.138264
0.105652 -0.065705 0.138258
0.105488 -0.065707 0.138253
0.105297 -0.065716 0.138254
0.105127 -0.065727 0.138261
0.104934 -0.065736 0.138270
0.104765 -0.065747 0.138275
0.104567 -0.065759 0.138278
0.104369 -0.065767 0.138278
0.104195 -0.065775 0.138276
0.104019 -0.065778 0.138273
0.103823 -0.065785 0.138263
0.103656 -0.065795 0.138250
0.103459 -0.065805 0.138236
0.103280 -0.065814 0.138225
0.103068 -0.065818 0.138215
0.102886 -0.065817 0.138206
0.102632 -0.065816 0.138193
0.102452 -0.065815 0.138185
0.102306 -0.065815 0.138179
0.102075 -0.065814 0.138165
0.101823 -0.065816 0.138151
0.101652 -0.065821 0.138139
0.101507 -0.065828 0.138127
0.101312 -0.065835 0.138113
0.101083 -0.065844 0.138101
0.100907 -0.065850 0.138092
0.100791 -0.065855 0.138086
0.100546 -0.065863 0.138069
0.100417 -0.065865 0.138061
0.100208 -0.065875 0.138042
0.100020 -0.065886 0.138019
0.099846 -0.065897 0.137989
0.099652 -0.065901 0.137956
0.099536 -0.065903 0.137934
0.099365 -0.065910 0.137900
0.099185 -0.065924 0.137862
0.099016 -0.065946 0.137824
0.098883 -0.065967 0.137796
0.098733 -0.065995 0.137768
0.098637 -0.066016 0.137754
0.098504 -0.066046 0.137741
0.098337 -0.066088 0.137729
0.098211 -0.066122 0.137718
0.098039 -0.066178 0.137698
0.097906 -0.066221 0.137682
0.097789 -0.066254 0.137669
0.097708 -0.066277 0.137657
0.097612 -0.066301 0.137638
0.097446 -0.066345 0.137596
0.097391 -0.066362 0.137580
0.097278 -0.066400 0.137550
0.097154 -0.066443 0.137519
0.097041 -0.066494 0.137498
0.096934 -0.066545 0.137484
0.096813 -0.066601 0.137477
0.096710 -0.066648 0.137477
0.096592 -0.066718 0.137485
0.096489 -0.066785 0.137496
0.096375 -0.066868 0.137506
0.096286 -0.066930 0.137511
0.096209 -0.066993 0.137515
0.096082 -0.067111 0.137515
0.095988 -0.067207 0.137512
0.095894 -0.067308 0.137513
0.095805 -0.067407 0.137513
0.095713 -0.067517 0.137514
0.095620 -0.067644 0.137515
0.095547 -0.067760 0.137514
0.095463 -0.067902 0.137515
0.095386 -0.068040 0.137521
0.095271 -0.068265 0.137538
0.095222 -0.068368 0.137549
0.095154 -0.068510 0.137565
0.095135 -0.068549 0.137570
0.095020 -0.068817 0.137596
0.094966 -0.068958 0.137607
0.094909 -0.069132 0.137622
0.094837 -0.069356 0.137653
0.094805 -0.069468 0.137668
0.094751 -0.069703 0.137693
0.094717 -0.069878 0.137711
0.094668 -0.070076 0.137736
0.094635 -0.070194 0.137753
0.094574 -0.070374 0.137783
0.094532 -0.070509 0.137806
0.094483 -0.070725 0.137834
0.094461 -0.070879 0.137851
0.094436 -0.071091 0.137866
0.094410 -0.071278 0.137881
0.094372 -0.071486 0.137906
0.094323 -0.071690 0.137940
0.094290 -0.071848 0.137965
0.094237 -0.072089 0.138007
0.094191 -0.072376 0.138049
0.094169 -0.072529 0.138072
0.094144 -0.072715 0.138099
0.094104 -0.072985 0.138140
0.094066 -0.073229 0.138173
0.094029 -0.073501 0.138208
0.094012 -0.073665 0.138226
0.093987 -0.073897 0.138255
0.093970 -0.074056 0.138275
0.093945 -0.074316 0.138301
0.093936 -0.074593 0.138324
0.093933 -0.074815 0.138344
0.093925 -0.075065 0.138364
0.093914 -0.075286 0.138381
0.093902 -0.075545 0.138407
0.093895 -0.075803 0.138442
0.093895 -0.075997 0.138469
0.093896 -0.076260 0.138507
0.093901 -0.076554 0.138550
0.093907 -0.076801 0.138588
0.093921 -0.077033 0.138626
0.093948 -0.077341 0.138671
0.093982 -0.077600 0.138699
0.094015 -0.077826 0.138721
0.094059 -0.078079 0.138743
0.094127 -0.078396 0.138761
0.094185 -0.078619 0.138769
0.094248 -0.078837 0.138772
0.094327 -0.079086 0.138772
0.094408 -0.079332 0.138768
0.094486 -0.079545 0.138763
0.094582 -0.079782 0.138764
0.094631 -0.079898 0.138769
0.094710 -0.080072 0.138777
0.094863 -0.080392 0.138799
0.094993 -0.080638 0.138826
0.095072 -0.080772 0.138843
0.095227 -0.081021 0.138868
0.095396 -0.081284 0.138891
0.095532 -0.081486 0.138908
0.095677 -0.081669 0.138936
0.095791 -0.081784 0.138961
0.095932 -0.081920 0.138993
0.096081 -0.082059 0.139026
0.096276 -0.082221 0.139057
0.096403 -0.082319 0.139081
0.096536 -0.082418 0.139111
0.096696 -0.082533 0.139152
0.096827 -0.082622 0.139188
0.097006 -0.082732 0.139241
0.097178 -0.082824 0.139288
0.097306 -0.082888 0.139323
0.097483 -0.082977 0.139371
0.097672 -0.083066 0.139419
0.097860 -0.083141 0.139458
0.098074 -0.083216 0.139496
0.098247 -0.083273 0.139529
0.098423 -0.083325 0.139568
0.098611 -0.083371 0.139614
0.098813 -0.083411 0.139666
0.098996 -0.083443 0.139707
0.098996 -0.083443 0.139707
0.099105 -0.083462 0.139730
0.099613 -0.083551 0.139833
0.099651 -0.083558 0.139840
0.100027 -0.083600 0.139922
0.100213 -0.083614 0.139966
0.100419 -0.083629 0.140015
0.100627 -0.083642 0.140063
0.100815 -0.083649 0.140107
0.101031 -0.083664 0.140161
0.101260 -0.083685 0.140216
0.101497 -0.083707 0.140272
0.101729 -0.083724 0.140334
0.101927 -0.083735 0.140395
0.102118 -0.083748 0.140461
0.102418 -0.083778 0.140567
0.102614 -0.083796 0.140631
0.102809 -0.083811 0.140687
0.103022 -0.083822 0.140741
0.103202 -0.083833 0.140778
0.103404 -0.083849 0.140817
0.103617 -0.083877 0.140860
0.103807 -0.083912 0.140901
0.103940 -0.083938 0.140935
0.104116 -0.083976 0.140986
0.104345 -0.084033 0.141068
0.104546 -0.084099 0.141158
0.104707 -0.084161 0.141231
0.104891 -0.084236 0.141312
0.105053 -0.084307 0.141379
0.105168 -0.084358 0.141425
0.105344 -0.084438 0.141492
0.105577 -0.084553 0.141581
0.105776 -0.084653 0.141654
0.105936 -0.084735 0.141715
0.106095 -0.084812 0.141778
0.106251 -0.084885 0.141842
0.106404 -0.084959 0.141905
0.106528 -0.085020 0.141956
0.106727 -0.085118 0.142035
0.106868 -0.085192 0.142092
0.106965 -0.085240 0.142134
0.107102 -0.085313 0.142194
0.107262 -0.085399 0.142270
0.107398 -0.085472 0.142336
0.107544 -0.085554 0.142401
0.107726 -0.085654 0.142479
0.107879 -0.085739 0.142540
0.108035 -0.085825 0.142606
0.108189 -0.085907 0.142676
0.108189 -0.085907 0.142676
0.108241 -0.085934 0.142697
0.108674 -0.086151 0.142870
0.108783 -0.086204 0.142912
0.109032 -0.086321 0.143010
0.109059 -0.086333 0.143022
0.109462 -0.086506 0.143190
0.109578 -0.086553 0.143239
0.109753 -0.086616 0.143316
0.109934 -0.086679 0.143396
0.110148 -0.086752 0.143490
0.110329 -0.086811 0.143572
0.110513 -0.086868 0.143652
0.110705 -0.086925 0.143736
0.110959 -0.086994 0.143849
0.111114 -0.087032 0.143917
0.111329 -0.087080 0.144008
0.111550 -0.087128 0.144098
0.111776 -0.087175 0.144187
0.112009 -0.087216 0.144272
0.112144 -0.087234 0.144321
0.112341 -0.087254 0.144393
0.112609 -0.087275 0.144487
0.112821 -0.087290 0.144558
0.113002 -0.087301 0.144618
0.113222 -0.087316 0.144692
0.113404 -0.087329 0.144751
0.113690 -0.087346 0.144848
0.113979 -0.087356 0.144950
0.114162 -0.087359 0.145016
0.114347 -0.087363 0.145080
0.114640 -0.087364 0.145176
0.114824 -0.087361 0.145234
0.115008 -0.087355 0.145290
0.115263 -0.087340 0.145369
0.115512 -0.087324 0.145441
0.115653 -0.087314 0.145480
0.115937 -0.087291 0.145560
0.116217 -0.087267 0.145637
0.116354 -0.087251 0.145672
0.116500 -0.087235 0.145712
0.116689 -0.087213 0.145762
0.117077 -0.087170 0.145857
0.117176 -0.087159 0.145879
0.117423 -0.087125 0.145933
0.117610 -0.087094 0.145978
0.117842 -0.087051 0.146036
0.117995 -0.087028 0.146075
0.118154 -0.087001 0.146115
0.118348 -0.086971 0.146159
0.118690 -0.086917 0.146231
0.118882 -0.086887 0.146270
0.119076 -0.086858 0.146314
0.119206 -0.086837 0.146342
0.119431 -0.086803 0.146386
0.119681 -0.086765 0.146426
0.119783 -0.086749 0.146439
0.120050 -0.086710 0.146475
0.120276 -0.086683 0.146500
0.120508 -0.086657 0.146520
0.120666 -0.086636 0.146537
0.120885 -0.086600 0.146565
0.121011 -0.086578 0.146583
0.121237 -0.086547 0.146615
0.121385 -0.086528 0.146636
0.121535 -0.086511 0.146661
0.121751 -0.086492 0.146698
0.122001 -0.086475 0.146736
0.122131 -0.086467 0.146751
0.122332 -0.086454 0.146772
0.122520 -0.086444 0.146790
0.122800 -0.086425 0.146813
0.122996 -0.086405 0.146828
0.123141 -0.086382 0.146837
0.123281 -0.086355 0.146843
0.123424 -0.086333 0.146851
0.123576 -0.086322 0.146861
0.123823 -0.086317 0.146884
0.124020 -0.086320 0.146902
0.124188 -0.086329 0.146916
0.124377 -0.086342 0.146929
0.124544 -0.086351 0.146946
0.124733 -0.086363 0.146964
0.124916 -0.086375 0.146981
0.125366 -0.086392 0.147010
0.125596 -0.086397 0.147030
0.125848 -0.086408 0.147055
0.126044 -0.086418 0.147077
0.126140 -0.086425 0.147086
0.126278 -0.086436 0.147100
0.126439 -0.086452 0.147112
0.126553 -0.086464 0.147121
0.126685 -0.086474 0.147128
0.126808 -0.086480 0.147131
0.126920 -0.086485 0.147132
0.127033 -0.086493 0.147133
0.127121 -0.086503 0.147135
0.127263 -0.086523 0.147141
0.127363 -0.086538 0.147149
0.127476 -0.086555 0.147164
0.127572 -0.086569 0.147181
0.127666 -0.086583 0.147202
0.127759 -0.086600 0.147226
0.127834 -0.086616 0.147247
0.127915 -0.086632 0.147270
0.127986 -0.086645 0.147294
0.128041 -0.086655 0.147310
0.128109 -0.086663 0.147331
0.128159 -0.086670 0.147344
0.128212 -0.086678 0.147358
0.128263 -0.086687 0.147371
0.128300 -0.086693 0.147379
0.128331 -0.086695 0.147385
0.128357 -0.086691 0.147394
0.128376 -0.086688 0.147402
0.128393 -0.086679 0.147410
0.128401 -0.086667 0.147417
0.128403 -0.086652 0.147424
0.128398 -0.086638 0.147430
0.128394 -0.086629 0.147433
0.128390 -0.086623 0.147436
0.128380 -0.086619 0.147437
0.128373 -0.086619 0.147434
0.128355 -0.086617 0.147429
0.128325 -0.086610 0.147420
0.128282 -0.086596 0.147407
0.128259 -0.086589 0.147400
0.128193 -0.086571 0.147382
0.128130 -0.086552 0.147364
0.128070 -0.086536 0.147349
0.128018 -0.086523 0.147336
0.128007 -0.086520 0.147334
0.127947 -0.086507 0.147316
0.127896 -0.086497 0.147302
0.127768 -0.086463 0.147269
0.127600 -0.086395 0.147240
0.127486 -0.086347 0.147225
0.127325 -0.086296 0.147199
0.127175 -0.086265 0.147172
0.127034 -0.086244 0.147146
0.126883 -0.086224 0.147120
0.126737 -0.086198 0.147093
0.126554 -0.086153 0.147061
0.126430 -0.086117 0.147039
0.126225 -0.086053 0.147002
0.125956 -0.085974 0.146954
0.125798 -0.085938 0.146920
0.125637 -0.085907 0.146886
0.125448 -0.085873 0.146847
0.125218 -0.085823 0.146805
0.124975 -0.085761 0.146765
0.124756 -0.085708 0.146729
0.124507 -0.085656 0.146686
0.124294 -0.085618 0.146650
0.123993 -0.085564 0.146591
0.123741 -0.085511 0.146537
0.123547 -0.085463 0.146492
0.123322 -0.085410 0.146438
0.123041 -0.085351 0.146368
0.122794 -0.085303 0.146311
0.122637 -0.085274 0.146278
0.122412 -0.085229 0.146230
0.122190 -0.085187 0.146186
0.121968 -0.085145 0.146147
0.121655 -0.085086 0.146101
0.121480 -0.085055 0.146074
0.121187 -0.084997 0.146025
0.121011 -0.084962 0.145998
0.120798 -0.084920 0.145968
0.120594 -0.084880 0.145939
0.120393 -0.084838 0.145905
0.120227 -0.084798 0.145878
0.120033 -0.084745 0.145849
0.119751 -0.084665 0.145816
0.119631 -0.084637 0.145806
0.119519 -0.084616 0.145796
0.119280 -0.084583 0.145777
0.119068 -0.084563 0.145761
0.118960 -0.084547 0.145751
0.118816 -0.084512 0.145739
0.118636 -0.084453 0.145728
0.118457 -0.084390 0.145724
0.118329 -0.084354 0.145719
0.118200 -0.084340 0.145711
0.118097 -0.084355 0.145705
0.117985 -0.084363 0.145699
0.117851 -0.084339 0.145695
0.117726 -0.084303 0.145697
0.117606 -0.084269 0.145696
0.117505 -0.084255 0.145696
0.117439 -0.084258 0.145698
0.117377 -0.084275 0.145705
0.117330 -0.084292 0.145714
0.117263 -0.084305 0.145724
0.117173 -0.084300 0.145736
0.117090 -0.084283 0.145742
0.117029 -0.084266 0.145749
0.116951 -0.084253 0.145758
0.116898 -0.084253 0.145768
0.116844 -0.084266 0.145781
0.116810 -0.084296 0.145793
0.116790 -0.084321 0.145808
0.116752 -0.084343 0.145831
0.116721 -0.084347 0.145844
0.116670 -0.084341 0.145858
0.116621 -0.084334 0.145869
0.116583 -0.084335 0.145879
0.116561 -0.084348 0.145896
0.116551 -0.084362 0.145911
0.116545 -0.084386 0.145930
0.116539 -0.084404 0.145950
0.116536 -0.084419 0.145967
0.116533 -0.084428 0.145979
0.116533 -0.084437 0.145998
0.116525 -0.084433 0.146019
0.116514 -0.084424 0.146037
0.116509 -0.084417 0.146050
0.116516 -0.084426 0.146069
0.116538 -0.084448 0.146095
0.116568 -0.084471 0.146125
0.116594 -0.084486 0.146158
0.116604 -0.084490 0.146182
0.116612 -0.084490 0.146202
0.116630 -0.084493 0.146227
0.116654 -0.084501 0.146245
0.116685 -0.084515 0.146263
0.116714 -0.084533 0.146278
0.116744 -0.084545 0.146294
0.116769 -0.084556 0.146305
0.116795 -0.084561 0.146315
0.116813 -0.084564 0.146322
0.116833 -0.084568 0.146333
0.116858 -0.084575 0.146348
0.116892 -0.084591 0.146364
0.116950 -0.084622 0.146386
0.117012 -0.084652 0.146412
0.117060 -0.084669 0.146433
0.117103 -0.084677 0.146454
0.117149 -0.084682 0.146474
0.117199 -0.084690 0.146495
0.117255 -0.084705 0.146519
0.117299 -0.084720 0.146536
0.117370 -0.084748 0.146566
0.117419 -0.084766 0.146584
0.117466 -0.084780 0.146605
0.117530 -0.084791 0.146632
0.117583 -0.084799 0.146654
0.117635 -0.084802 0.146675
0.117684 -0.084807 0.146694
0.117750 -0.084821 0.146721
0.117821 -0.084849 0.146744
0.117896 -0.084880 0.146769
0.117963 -0.084904 0.146795
0.118020 -0.084914 0.146819
0.118070 -0.084910 0.146844
0.118111 -0.084908 0.146864
0.118154 -0.084917 0.146882
0.118227 -0.084947 0.146911
0.118299 -0.084981 0.146936
0.118360 -0.085009 0.146959
0.118410 -0.085028 0.146980
0.118434 -0.085025 0.146992
0.118453 -0.085024 0.147003
0.118484 -0.085038 0.147020
0.118517 -0.085062 0.147034
0.118554 -0.085097 0.147052
0.118586 -0.085132 0.147069
0.118607 -0.085160 0.147091
0.118599 -0.085162 0.147105
0.118583 -0.085165 0.147118
0.118582 -0.085194 0.147136
0.118596 -0.085226 0.147151
0.118619 -0.085271 0.147174
0.118630 -0.085306 0.147195
0.118621 -0.085328 0.147212
0.118593 -0.085336 0.147220
0.118559 -0.085348 0.147228
0.118544 -0.085372 0.147240
0.118538 -0.085414 0.147255
0.118531 -0.085459 0.147269
0.118509 -0.085491 0.147279
0.118472 -0.085510 0.147285
0.118439 -0.085520 0.147287
0.118383 -0.085556 0.147291
0.118360 -0.085596 0.147297
0.118343 -0.085640 0.147304
0.118313 -0.085683 0.147313
0.118278 -0.085711 0.147318
0.118229 -0.085729 0.147319
0.118169 -0.085749 0.147319
0.118121 -0.085777 0.147320
0.118072 -0.085814 0.147325
0.118032 -0.085852 0.147329
0.117975 -0.085893 0.147335
0.117914 -0.085917 0.147338
0.117837 -0.085929 0.147335
0.117747 -0.085940 0.147329
0.117655 -0.085962 0.147319
0.117599 -0.085987 0.147313
0.117524 -0.086032 0.147307
0.117446 -0.086055 0.147298
0.117336 -0.086062 0.147280
0.117232 -0.086060 0.147262
0.117108 -0.086070 0.147243
0.117009 -0.086093 0.147233
0.116911 -0.086131 0.147233
0.116803 -0.086169 0.147232
0.116684 -0.086194 0.147225
0.116545 -0.086208 0.147211
0.116410 -0.086213 0.147192
0.116261 -0.086221 0.147174
0.116092 -0.086238 0.147154
0.115956 -0.086259 0.147134
0.115815 -0.086279 0.147111
0.115656 -0.086298 0.147083
0.115519 -0.086309 0.147060
0.115361 -0.086320 0.147031
0.115201 -0.086333 0.147001
0.115038 -0.086347 0.146970
0.114873 -0.086365 0.146941
0.114705 -0.086377 0.146913
0.114502 -0.086384 0.146878
0.114325 -0.086391 0.146846
0.114151 -0.086401 0.146817
0.113981 -0.086416 0.146791
0.113812 -0.086435 0.146769
0.113642 -0.086455 0.146748
0.113472 -0.086474 0.146726
0.113305 -0.086493 0.146703
0.113137 -0.086510 0.146674
0.112966 -0.086522 0.146643
0.112795 -0.086528 0.146607
0.112648 -0.086528 0.146574
0.112441 -0.086523 0.146522
0.112293 -0.086516 0.146483
0.112117 -0.086504 0.146436
0.111911 -0.086491 0.146385
0.111744 -0.086482 0.146347
0.111580 -0.086480 0.146320
0.111408 -0.086483 0.146296
0.111252 -0.086484 0.146279
0.111089 -0.086479 0.146260
0.110890 -0.086460 0.146237
0.110688 -0.086438 0.146212
0.110517 -0.086422 0.146191
0.110357 -0.086420 0.146170
0.110217 -0.086425 0.146151
0.110073 -0.086419 0.146126
0.109897 -0.086388 0.146093
0.109729 -0.086350 0.146054
0.109530 -0.086304 0.146007
0.109414 -0.086286 0.145980
0.109284 -0.086286 0.145952
0.109194 -0.086291 0.145935
0.109084 -0.086291 0.145917
0.108936 -0.086265 0.145895
0.108795 -0.086230 0.145873
0.108636 -0.086185 0.145845
0.108520 -0.086157 0.145827
0.108443 -0.086154 0.145820
0.108395 -0.086170 0.145820
0.108333 -0.086171 0.145819
0.108231 -0.086134 0.145800
0.108085 -0.086061 0.145766
0.107997 -0.086019 0.145738
0.107964 -0.086013 0.145730
0.107964 -0.086019 0.145733
0.107940 -0.086006 0.145726
0.107871 -0.085965 0.145699
0.107787 -0.085909 0.145670
0.107726 -0.085853 0.145651
0.107717 -0.085828 0.145655
0.107735 -0.085831 0.145670
0.107738 -0.085831 0.145673
0.107732 -0.085819 0.145678
0.107714 -0.085785 0.145677
0.107674 -0.085726 0.145668
0.107633 -0.085663 0.145651
0.107614 -0.085617 0.145646
0.107645 -0.085613 0.145665
0.107695 -0.085627 0.145689
0.107716 -0.085614 0.145701
0.107703 -0.085575 0.145707
0.107691 -0.085532 0.145712
0.107700 -0.085503 0.145720
0.107735 -0.085486 0.145731
0.107758 -0.085468 0.145740
0.107767 -0.085442 0.145746
0.107771 -0.085409 0.145749
0.107775 -0.085377 0.145752
0.107784 -0.085342 0.145752
0.107790 -0.085315 0.145756
0.107792 -0.085300 0.145764
0.107797 -0.085278 0.145780
0.107813 -0.085269 0.145798
0.107838 -0.085266 0.145820
0.107863 -0.085261 0.145843
0.107882 -0.085259 0.145858
0.107887 -0.085245 0.145869
0.107880 -0.085230 0.145871
0.107871 -0.085204 0.145875
0.107880 -0.085204 0.145881
0.107895 -0.085211 0.145889
0.107930 -0.085227 0.145904
0.107952 -0.085234 0.145915
0.107961 -0.085237 0.145918
0.107939 -0.085221 0.145907
0.107925 -0.085211 0.145900
0.107924 -0.085212 0.145900
0.107924 -0.085214 0.145899
0.107945 -0.085235 0.145908
0.107990 -0.085273 0.145928
0.108001 -0.085287 0.145937
0.107981 -0.085290 0.145931
0.107929 -0.085276 0.145908
0.107899 -0.085265 0.145899
0.107893 -0.085270 0.145900
0.107916 -0.085297 0.145914
0.107942 -0.085333 0.145930
0.107959 -0.085362 0.145941
0.107951 -0.085377 0.145947
0.107910 -0.085372 0.145935
0.107842 -0.085352 0.145909
0.107766 -0.085336 0.145888
0.107754 -0.085353 0.145892
0.107772 -0.085381 0.145914
0.107795 -0.085420 0.145932
0.107763 -0.085445 0.145938
0.107711 -0.085437 0.145927
0.107650 -0.085436 0.145914
0.107644 -0.085444 0.145917
0.107635 -0.085466 0.145919
0.107624 -0.085481 0.145917
0.107584 -0.085497 0.145911
0.107542 -0.085496 0.145906
0.107468 -0.085480 0.145896
0.107350 -0.085451 0.145864
0.107286 -0.085446 0.145842
0.107215 -0.085443 0.145824
0.107136 -0.085436 0.145816
0.107022 -0.085418 0.145794
0.106853 -0.085383 0.145753
0.106719 -0.085355 0.145722
0.106657 -0.085346 0.145710
0.106547 -0.085345 0.145697
0.106440 -0.085347 0.145683
0.106292 -0.085339 0.145657
0.106161 -0.085325 0.145629
0.106022 -0.085307 0.145599
0.105915 -0.085292 0.145571
0.105643 -0.085236 0.145484
0.105420 -0.085190 0.145402
0.105265 -0.085160 0.145347
0.105091 -0.085128 0.145291
0.104945 -0.085098 0.145245
0.104895 -0.085087 0.145229
0.104523 -0.085017 0.145115
0.104424 -0.085000 0.145089
0.104229 -0.084963 0.145040
0.104105 -0.084936 0.145007
0.103928 -0.084900 0.144958
0.103902 -0.084894 0.144951
0.103646 -0.084841 0.144877
0.103496 -0.084804 0.144833
0.103324 -0.084753 0.144776
0.103141 -0.084690 0.144709
0.102976 -0.084634 0.144649
0.102768 -0.084559 0.144576
0.102607 -0.084498 0.144519
0.102448 -0.084432 0.144462
0.102283 -0.084363 0.144403
0.102103 -0.084285 0.144344
0.101934 -0.084208 0.144289
0.101693 -0.084087 0.144208
0.101586 -0.084029 0.144167
0.101408 -0.083935 0.144105
0.101250 -0.083850 0.144053
0.101093 -0.083757 0.144006
0.100909 -0.083639 0.143948
0.100791 -0.083562 0.143912
0.100590 -0.083430 0.143848
0.100412 -0.083306 0.143792
0.100244 -0.083184 0.143738
0.100060 -0.083045 0.143686
0.099971 -0.082974 0.143666
0.099804 -0.082830 0.143631
0.099653 -0.082701 0.143598
0.099491 -0.082566 0.143558
0.099332 -0.082433 0.143519
0.099232 -0.082348 0.143497
0.099096 -0.082227 0.143469
0.098924 -0.082067 0.143438
0.098764 -0.081922 0.143409
0.098612 -0.081790 0.143377
0.098427 -0.081633 0.143335
0.098299 -0.081524 0.143312
0.098159 -0.081401 0.143291
0.098038 -0.081293 0.143275
0.097853 -0.081134 0.143249
0.097671 -0.080984 0.143222
0.097503 -0.080845 0.143205
0.097336 -0.080706 0.143195
0.097167 -0.080570 0.143182
0.097057 -0.080485 0.143172
0.096880 -0.080345 0.143154
0.096749 -0.080239 0.143144
0.096726 -0.080220 0.143141
0.096386 -0.079938 0.143123
0.096281 -0.079852 0.143118
0.096127 -0.079721 0.143107
0.095908 -0.079536 0.143090
0.095780 -0.079426 0.143082
0.095632 -0.079291 0.143076
0.095473 -0.079139 0.143078
0.095361 -0.079026 0.143079
0.095205 -0.078868 0.143082
0.095065 -0.078720 0.143086
0.094975 -0.078618 0.143089
0.094826 -0.078434 0.143097
0.094656 -0.078199 0.143113
0.094572 -0.078077 0.143121
0.094491 -0.077952 0.143129
0.094399 -0.077807 0.143140
0.094280 -0.077614 0.143158
0.094179 -0.077439 0.143174
0.094087 -0.077264 0.143196
0.094006 -0.077086 0.143219
0.093940 -0.076940 0.143241
0.093852 -0.076736 0.143274
0.093784 -0.076561 0.143304
0.093715 -0.076343 0.143347
0.093661 -0.076149 0.143386
0.093608 -0.075955 0.143423
0.093562 -0.075765 0.143458
0.093522 -0.075571 0.143494
0.093489 -0.075369 0.143532
0.093462 -0.075169 0.143571
0.093439 -0.074963 0.143609
0.093439 -0.074963 0.143609
0.093432 -0.074913 0.143620
0.093418 -0.074643 0.143681
0.093426 -0.074133 0.143818
0.093447 -0.073913 0.143884
0.093466 -0.073780 0.143926
0.093504 -0.073578 0.143992
0.093534 -0.073424 0.144038
0.093585 -0.073228 0.144098
0.093629 -0.073101 0.144139
0.093685 -0.072954 0.144186
0.093756 -0.072775 0.144241
0.093812 -0.072651 0.144279
0.093900 -0.072499 0.144338
0.093980 -0.072387 0.144391
0.094070 -0.072277 0.144450
0.094168 -0.072174 0.144508
0.094277 -0.072078 0.144568
0.094397 -0.071993 0.144625
0.094526 -0.071916 0.144683
0.094681 -0.071833 0.144749
0.094801 -0.071780 0.144799
0.094976 -0.071717 0.144872
0.095137 -0.071674 0.144936
0.095300 -0.071642 0.145000
0.095458 -0.071618 0.145066
0.095623 -0.071604 0.145139
0.095800 -0.071594 0.145219
0.096018 -0.071590 0.145312
0.096210 -0.071595 0.145385
0.096409 -0.071609 0.145456
0.096653 -0.071627 0.145538
0.096833 -0.071641 0.145598
0.097092 -0.071665 0.145677
0.097322 -0.071690 0.145741
0.097562 -0.071721 0.145807
0.097803 -0.071758 0.145874
0.098087 -0.071809 0.145962
0.098287 -0.071845 0.146027
0.098558 -0.071894 0.146118
0.098792 -0.071938 0.146194
0.099033 -0.071990 0.146274
0.099285 -0.072050 0.146362
0.099588 -0.072125 0.146474
0.099853 -0.072192 0.146571
0.100202 -0.072282 0.146696
0.100462 -0.072345 0.146781
0.100721 -0.072399 0.146858
0.100851 -0.072423 0.146893
0.101153 -0.072482 0.146976
0.101405 -0.072530 0.147045
0.101654 -0.072583 0.147114
0.101957 -0.072657 0.147212
0.102228 -0.072733 0.147311
0.102495 -0.072806 0.147409
0.102774 -0.072877 0.147510
0.102987 -0.072929 0.147585
0.103196 -0.072983 0.147660
0.103432 -0.073046 0.147746
0.103718 -0.073120 0.147852
0.103923 -0.073172 0.147924
0.104086 -0.073211 0.147980
0.104298 -0.073266 0.148052
0.104515 -0.073324 0.148126
0.104731 -0.073381 0.148204
0.104912 -0.073426 0.148271
0.105090 -0.073469 0.148334
0.105341 -0.073534 0.148427
0.105465 -0.073567 0.148476
0.105633 -0.073611 0.148545
0.105812 -0.073657 0.148617
0.105998 -0.073705 0.148696
0.106162 -0.073750 0.148768
0.106330 -0.073793 0.148844
0.106452 -0.073825 0.148902
0.106616 -0.073868 0.148983
0.106739 -0.073900 0.149046
0.106900 -0.073939 0.149122
0.107021 -0.073969 0.149183
0.107119 -0.073992 0.149230
0.107211 -0.074010 0.149275
0.107284 -0.074021 0.149310
0.107382 -0.074032 0.149354
0.107451 -0.074037 0.149385
0.107542 -0.074039 0.149421
0.107607 -0.074040 0.149451
0.107684 -0.074040 0.149484
0.107722 -0.074041 0.149502
0.107821 -0.074040 0.149546
0.107900 -0.074034 0.149584
0.107952 -0.074026 0.149606
0.108013 -0.074011 0.149634
0.108059 -0.073993 0.149658
0.108110 -0.073972 0.149686
0.108170 -0.073950 0.149725
0.108219 -0.073931 0.149757
0.108268 -0.073906 0.149788
0.108303 -0.073881 0.149813
0.108340 -0.073840 0.149840
0.108360 -0.073818 0.149855
0.108381 -0.073788 0.149873
0.108406 -0.073751 0.149889
0.108431 -0.073710 0.149906
0.108450 -0.073670 0.149921
0.108471 -0.073623 0.149935
0.108485 -0.073590 0.149943
0.108506 -0.073524 0.149952
0.108517 -0.073473 0.149955
0.108531 -0.073413 0.149960
0.108546 -0.073354 0.149968
0.108556 -0.073301 0.149973
0.108564 -0.073254 0.149982
0.108572 -0.073198 0.149994
0.108577 -0.073150 0.150004
0.108576 -0.073101 0.150013
0.108572 -0.073054 0.150020
0.108566 -0.072988 0.150031
0.108563 -0.072954 0.150035
0.108559 -0.072905 0.150036
0.108557 -0.072850 0.150038
0.108560 -0.072793 0.150042
0.108561 -0.072734 0.150042
0.108560 -0.072684 0.150039
0.108562 -0.072645 0.150036
0.108568 -0.072599 0.150038
0.108578 -0.072554 0.150040
0.108589 -0.072525 0.150043
0.108599 -0.072493 0.150047
0.108609 -0.072457 0.150053
0.108618 -0.072433 0.150055
0.108639 -0.072382 0.150061
0.108653 -0.072351 0.150067
0.108665 -0.072318 0.150069
0.108684 -0.072272 0.150075
0.108692 -0.072255 0.150078
0.108708 -0.072224 0.150083
0.108729 -0.072190 0.150088
0.108748 -0.072154 0.150089
0.108762 -0.072118 0.150087
0.108777 -0.072083 0.150085
0.108793 -0.072053 0.150085
0.108810 -0.072020 0.150086
0.108826 -0.071996 0.150086
0.108845 -0.071969 0.150091
0.108854 -0.071949 0.150094
0.108866 -0.071922 0.150095
0.108879 -0.071898 0.150098
0.108889 -0.071878 0.150102
0.108901 -0.071858 0.150107
0.108912 -0.071841 0.150113
0.108924 -0.071825 0.150120
0.108933 -0.071811 0.150126
0.108942 -0.071798 0.150131
0.108945 -0.071795 0.150134
0.108964 -0.071773 0.150146
0.108978 -0.071762 0.150153
0.108991 -0.071750 0.150159
0.109005 -0.071738 0.150166
0.109021 -0.071721 0.150173
0.109033 -0.071708 0.150174
0.109057 -0.071690 0.150176
0.109073 -0.071684 0.150181
0.109114 -0.071664 0.150193
0.109137 -0.071653 0.150198
0.109152 -0.071642 0.150200
0.109169 -0.071626 0.150203
0.109205 -0.071604 0.150213
0.109232 -0.071590 0.150224
0.109259 -0.071577 0.150234
0.109303 -0.071552 0.150252
0.109330 -0.071535 0.150264
0.109357 -0.071519 0.150276
0.109395 -0.071497 0.150290
0.109443 -0.071464 0.150308
0.109470 -0.071445 0.150317
0.109513 -0.071407 0.150330
0.109557 -0.071373 0.150342
0.109601 -0.071334 0.150355
0.109642 -0.071303 0.150367
0.109720 -0.071240 0.150394
0.109774 -0.071197 0.150416
0.109839 -0.071148 0.150447
0.109894 -0.071107 0.150472
0.109953 -0.071060 0.150500
0.110031 -0.070998 0.150537
0.110102 -0.070946 0.150570
0.110193 -0.070882 0.150605
0.110276 -0.070820 0.150634
0.110363 -0.070751 0.150661
0.110468 -0.070669 0.150687
0.110573 -0.070581 0.150709
0.110670 -0.070500 0.150729
0.110775 -0.070416 0.150750
0.110903 -0.070320 0.150781
0.111049 -0.070234 0.150823
0.111176 -0.070176 0.150864
0.111344 -0.070095 0.150914
0.111500 -0.069999 0.150951
0.111605 -0.069898 0.150972
0.111706 -0.069771 0.150982
0.111819 -0.069668 0.151007
0.112010 -0.069578 0.151073
0.112211 -0.069516 0.151146
0.112388 -0.069450 0.151202
0.112523 -0.069347 0.151225
0.112580 -0.069234 0.151212
0.112666 -0.069037 0.151186
0.112767 -0.068945 0.151196
0.113109 -0.068849 0.151294
0.113341 -0.068818 0.151377
0.113648 -0.068755 0.151473
0.113786 -0.068688 0.151490
0.113875 -0.068541 0.151469
0.113915 -0.068384 0.151433
0.114024 -0.068235 0.151426
0.114226 -0.068155 0.151474
0.114493 -0.068100 0.151567
0.114704 -0.068029 0.151620
0.114815 -0.067913 0.151612
0.114869 -0.067801 0.151601
0.114994 -0.067675 0.151607
0.115197 -0.067592 0.151647
0.115407 -0.067533 0.151707
0.115573 -0.067487 0.151765
0.115737 -0.067430 0.151811
0.115873 -0.067340 0.151828
0.115941 -0.067220 0.151825
0.115990 -0.067110 0.151811
0.116109 -0.067020 0.151810
0.116323 -0.066976 0.151863
0.116548 -0.066952 0.151954
0.116663 -0.066903 0.151986
0.116719 -0.066790 0.151971
0.116749 -0.066678 0.151944
0.116836 -0.066595 0.151934
0.116985 -0.066541 0.151972
0.117118 -0.066491 0.152018
0.117196 -0.066426 0.152022
0.117275 -0.066334 0.151989
0.117362 -0.066236 0.151931
0.117428 -0.066149 0.151872
0.117473 -0.066073 0.151829
0.117535 -0.065979 0.151783
0.117614 -0.065900 0.151747
0.117713 -0.065829 0.151703
0.117814 -0.065746 0.151633
0.117857 -0.065666 0.151560
0.117852 -0.065559 0.151465
0.117843 -0.065456 0.151384
0.117880 -0.065380 0.151318
0.117968 -0.065305 0.151243
0.118039 -0.065240 0.151179
0.118083 -0.065172 0.151101
0.118128 -0.065093 0.151007
0.118158 -0.065039 0.150933
0.118191 -0.064947 0.150798
0.118207 -0.064802 0.150586
0.118230 -0.064701 0.150445
0.118290 -0.064569 0.150269
0.118354 -0.064456 0.150114
0.118403 -0.064349 0.149951
0.118435 -0.064264 0.149820
0.118477 -0.064142 0.149649
0.118506 -0.064014 0.149485
0.118511 -0.063895 0.149333
0.118500 -0.063768 0.149172
0.118483 -0.063640 0.149014
0.118478 -0.063498 0.148843
0.118482 -0.063386 0.148699
0.118487 -0.063269 0.148541
0.118488 -0.063144 0.148362
0.118478 -0.063011 0.148173
0.118454 -0.062871 0.147980
0.118426 -0.062734 0.147789
0.118407 -0.062602 0.147602
0.118390 -0.062473 0.147419
0.118366 -0.062333 0.147220
0.118330 -0.062219 0.147063
0.118290 -0.062109 0.146919
0.118255 -0.062006 0.146777
0.118224 -0.061910 0.146642
0.118191 -0.061823 0.146513
0.118156 -0.061742 0.146386
0.118114 -0.061658 0.146259
0.118084 -0.061600 0.146168
0.118053 -0.061529 0.146040
0.118029 -0.061469 0.145914
0.118010 -0.061417 0.145781
0.117989 -0.061371 0.145658
0.117964 -0.061329 0.145531
0.117944 -0.061305 0.145439
0.117924 -0.061284 0.145323
0.117906 -0.061274 0.145225
0.117888 -0.061271 0.145140
0.117862 -0.061287 0.145060
0.117833 -0.061322 0.144998
0.117813 -0.061360 0.144958
0.117787 -0.061431 0.144915
0.117763 -0.061516 0.144871
0.117735 -0.061599 0.144833
0.117698 -0.061700 0.144783
0.117667 -0.061797 0.144737
0.117637 -0.061903 0.144698
0.117609 -0.062021 0.144662
0.117577 -0.062170 0.144628
0.117560 -0.062301 0.144611
0.117550 -0.062449 0.144603
0.117546 -0.062646 0.144609
0.117541 -0.062852 0.144622
0.117513 -0.063053 0.144624
0.117475 -0.063215 0.144616
0.117433 -0.063414 0.144601
0.117410 -0.063633 0.144593
0.117414 -0.063833 0.144591
0.117425 -0.064121 0.144587
0.117419 -0.064370 0.144576
0.117404 -0.064578 0.144561
0.117378 -0.064839 0.144541
0.117343 -0.065098 0.144528
0.117312 -0.065358 0.144531
0.117292 -0.065582 0.144544
0.117284 -0.065819 0.144568
0.117283 -0.066071 0.144596
0.117281 -0.066379 0.144630
0.117270 -0.066571 0.144643
0.117240 -0.066836 0.144641
0.117201 -0.067083 0.144613
0.117182 -0.067333 0.144580
0.117192 -0.067550 0.144553
0.117239 -0.067852 0.144519
0.117271 -0.068107 0.144483
0.117277 -0.068352 0.144439
0.117257 -0.068578 0.144387
0.117232 -0.068800 0.144342
0.117209 -0.069029 0.144316
0.117196 -0.069264 0.144307
0.117193 -0.069503 0.144316
0.117193 -0.069742 0.144335
0.117173 -0.069973 0.144345
0.117142 -0.070116 0.144337
0.117103 -0.070244 0.144317
0.117054 -0.070392 0.144281
0.117019 -0.070562 0.144231
0.117011 -0.070705 0.144189
0.117019 -0.070904 0.144125
0.117018 -0.071058 0.144054
0.117001 -0.071198 0.143978
0.116977 -0.071329 0.143903
0.116956 -0.071434 0.143840
0.116931 -0.071539 0.143777
0.116896 -0.071663 0.143705
0.116864 -0.071770 0.143649
0.116819 -0.071925 0.143593
0.116780 -0.072057 0.143556
0.116728 -0.072189 0.143512
0.116663 -0.072312 0.143455
0.116574 -0.072434 0.143375
0.116494 -0.072541 0.143297
0.116425 -0.072657 0.143222
0.116375 -0.072779 0.143154
0.116336 -0.072888 0.143092
0.116265 -0.073033 0.142995
0.116181 -0.073148 0.142896
0.116081 -0.073260 0.142792
0.115982 -0.073373 0.142698
0.115913 -0.073476 0.142624
0.115832 -0.073639 0.142534
0.115773 -0.073788 0.142467
0.115702 -0.073938 0.142398
0.115580 -0.074080 0.142310
0.115410 -0.074198 0.142202
0.115232 -0.074316 0.142095
0.115089 -0.074459 0.142012
0.114988 -0.074628 0.141955
0.114885 -0.074804 0.141898
0.114745 -0.074971 0.141822
0.114566 -0.075128 0.141733
0.114391 -0.075276 0.141650
0.114230 -0.075433 0.141572
0.114078 -0.075596 0.141491
0.113931 -0.075756 0.141401
0.113784 -0.075913 0.141311
0.113633 -0.076074 0.141232
0.113469 -0.076237 0.141157
0.113260 -0.076406 0.141059
0.113095 -0.076523 0.140981
0.112891 -0.076669 0.140887
0.112704 -0.076822 0.140814
0.112598 -0.076911 0.140779
0.112307 -0.077136 0.140700
0.112073 -0.077289 0.140633
0.111840 -0.077436 0.140566
0.111610 -0.077585 0.140499
0.111422 -0.077703 0.140441
0.111165 -0.077851 0.140363
0.110930 -0.077970 0.140286
0.110687 -0.078087 0.140200
0.110449 -0.078187 0.140110
0.110210 -0.078284 0.140019
0.109960 -0.078381 0.139927
0.109708 -0.078479 0.139838
0.109466 -0.078575 0.139761
0.109215 -0.078670 0.139693
0.108994 -0.078751 0.139637
0.108605 -0.078883 0.139540
0.108348 -0.078969 0.139480
0.108083 -0.079058 0.139418
0.107793 -0.079148 0.139350
0.107543 -0.079220 0.139293
0.107330 -0.079276 0.139239
0.107154 -0.079319 0.139192
0.106837 -0.079400 0.139112
0.106558 -0.079465 0.139043
0.106287 -0.079523 0.138976
0.105976 -0.079583 0.138896
0.105803 -0.079613 0.138850
0.105562 -0.079651 0.138783
0.105293 -0.079687 0.138704
0.105090 -0.079711 0.138644
0.104849 -0.079736 0.138573
0.104672 -0.079751 0.138523
0.104312 -0.079785 0.138430
0.104063 -0.079813 0.138373
0.103827 -0.079845 0.138330
0.103549 -0.079880 0.138283
0.103294 -0.079909 0.138240
0.103039 -0.079933 0.138201
0.102715 -0.079962 0.138152
0.102467 -0.079981 0.138109
0.102155 -0.079997 0.138047
0.101919 -0.080007 0.137990
0.101756 -0.080011 0.137950
0.101464 -0.080011 0.137881
0.101302 -0.080007 0.137840
0.101008 -0.080001 0.137765
0.100850 -0.079998 0.137723
0.100553 -0.079991 0.137652
0.100287 -0.079978 0.137592
0.100124 -0.079970 0.137556
0.099870 -0.079956 0.137506
0.099651 -0.079948 0.137467
0.099402 -0.079941 0.137429
0.099188 -0.079937 0.137399
0.098978 -0.079932 0.137374
0.098741 -0.079926 0.137349
0.098513 -0.079918 0.137323
0.098330 -0.079909 0.137302
0.098142 -0.079896 0.137279
0.097946 -0.079883 0.137250
0.097804 -0.079868 0.137227
0.097631 -0.079844 0.137193
0.097466 -0.079811 0.137156
0.097311 -0.079773 0.137117
0.097174 -0.079737 0.137081
0.097032 -0.079698 0.137044
0.096901 -0.079658 0.137015
0.096797 -0.079622 0.137001
0.096693 -0.079587 0.136990
0.096536 -0.079535 0.136978
0.096421 -0.079494 0.136973
0.096320 -0.079454 0.136971
0.096227 -0.079415 0.136972
0.096150 -0.079377 0.136972
0.096072 -0.079323 0.136972
0.096015 -0.079271 0.136971
0.095965 -0.079218 0.136966
0.095920 -0.079165 0.136960
0.095883 -0.079115 0.136951
0.095852 -0.079056 0.136948
0.095832 -0.078996 0.136951
0.095821 -0.078942 0.136955
0.095811 -0.078878 0.136957
0.095806 -0.078826 0.136955
0.095812 -0.078758 0.136959
0.095826 -0.078697 0.136965
0.095847 -0.078634 0.136973
0.095875 -0.078573 0.136978
0.095903 -0.078520 0.136982
0.095935 -0.078464 0.136989
0.095969 -0.078397 0.136994
0.096007 -0.078334 0.137000
0.096045 -0.078279 0.137008
0.096083 -0.078223 0.137018
0.096129 -0.078154 0.137031
0.096172 -0.078093 0.137040
0.096209 -0.078038 0.137047
0.096256 -0.077973 0.137061
0.096292 -0.077921 0.137074
0.096332 -0.077862 0.137089
0.096373 -0.077805 0.137103
0.096419 -0.077748 0.137116
0.096460 -0.077699 0.137123
0.096505 -0.077649 0.137132
0.096543 -0.077610 0.137144
0.096580 -0.077572 0.137158
0.096614 -0.077537 0.137175
0.096646 -0.077502 0.137196
0.096672 -0.077474 0.137214
0.096698 -0.077448 0.137232
0.096725 -0.077422 0.137253
0.096748 -0.077400 0.137268
0.096770 -0.077375 0.137284
0.096788 -0.077354 0.137295
0.096807 -0.077332 0.137302
0.096823 -0.077312 0.137304
0.096837 -0.077292 0.137307
0.096854 -0.077264 0.137310
0.096862 -0.077247 0.137311
0.096869 -0.077244 0.137317
0.096885 -0.077238 0.137334
0.096890 -0.077238 0.137343
0.096894 -0.077239 0.137358
0.096887 -0.077238 0.137363
0.096885 -0.077236 0.137365
0.096874 -0.077234 0.137375
0.096870 -0.077226 0.137379
0.096864 -0.077219 0.137381
0.096848 -0.077208 0.137381
0.096828 -0.077195 0.137379
0.096805 -0.077175 0.137376
0.096781 -0.077154 0.137380
0.096751 -0.077123 0.137392
0.096728 -0.077099 0.137407
0.096705 -0.077072 0.137426
0.096681 -0.077037 0.137444
0.096666 -0.077016 0.137451
0.096629 -0.076961 0.137461
0.096590 -0.076902 0.137464
0.096547 -0.076841 0.137467
0.096483 -0.076750 0.137474
0.096440 -0.076695 0.137479
0.096391 -0.076633 0.137486
0.096361 -0.076594 0.137492
0.096292 -0.076528 0.137508
0.096240 -0.076483 0.137528
0.096185 -0.076433 0.137543
0.096147 -0.076400 0.137552
0.096055 -0.076325 0.137558
0.095984 -0.076268 0.137556
0.095897 -0.076198 0.137547
0.095847 -0.076160 0.137542
0.095733 -0.076076 0.137537
0.095657 -0.076031 0.137537
0.095579 -0.075996 0.137544
0.095474 -0.075951 0.137559
0.095416 -0.075925 0.137567
0.095345 -0.075893 0.137573
0.095278 -0.075865 0.137577
0.095207 -0.075834 0.137577
0.095088 -0.075783 0.137568
0.094977 -0.075728 0.137548
0.094875 -0.075675 0.137527
0.094777 -0.075628 0.137515
0.094663 -0.075585 0.137517
0.094591 -0.075567 0.137524
0.094444 -0.075540 0.137531
0.094280 -0.075503 0.137535
0.094152 -0.075441 0.137513
0.094083 -0.075404 0.137494
0.093987 -0.075353 0.137470
0.093909 -0.075317 0.137462
0.093848 -0.075293 0.137461
0.093757 -0.075264 0.137465
0.093666 -0.075237 0.137474
0.093569 -0.075208 0.137481
0.093467 -0.075171 0.137481
0.093395 -0.075140 0.137478
0.093320 -0.075105 0.137474
0.093241 -0.075064 0.137467
0.093118 -0.074994 0.137448
0.093034 -0.074946 0.137431
0.092969 -0.074912 0.137413
0.092853 -0.074858 0.137387
0.092791 -0.074829 0.137379
0.092648 -0.074770 0.137374
0.092552 -0.074738 0.137374
0.092480 -0.074715 0.137375
0.092384 -0.074686 0.137372
0.092300 -0.074653 0.137367
0.092204 -0.074611 0.137359
0.092102 -0.074563 0.137350
0.091916 -0.074481 0.137327
0.091838 -0.074443 0.137313
0.091755 -0.074400 0.137298
0.091675 -0.074359 0.137282
0.091499 -0.074278 0.137248
0.091394 -0.074230 0.137234
0.091270 -0.074182 0.137221
0.091148 -0.074142 0.137213
0.091046 -0.074110 0.137207
0.090931 -0.074070 0.137199
0.090840 -0.074036 0.137192
0.090742 -0.073996 0.137183
0.090607 -0.073934 0.137172
0.090495 -0.073881 0.137162
0.090374 -0.073820 0.137148
0.090273 -0.073772 0.137132
0.090175 -0.073721 0.137114
0.090041 -0.073657 0.137092
0.089943 -0.073609 0.137077
0.089828 -0.073556 0.137062
0.089707 -0.073500 0.137051
0.089538 -0.073422 0.137037
0.089403 -0.073357 0.137029
0.089326 -0.073320 0.137024
0.089123 -0.073228 0.137016
0.089017 -0.073184 0.137012
0.088911 -0.073137 0.137005
0.088766 -0.073067 0.136994
0.088673 -0.073018 0.136984
0.088513 -0.072935 0.136967
0.088372 -0.072862 0.136954
0.088251 -0.072800 0.136945
0.088115 -0.072730 0.136936
0.087935 -0.072641 0.136921
0.087826 -0.072587 0.136912
0.087673 -0.072511 0.136901
0.087472 -0.072408 0.136891
0.087325 -0.072333 0.136883
0.087183 -0.072265 0.136871
0.086998 -0.072179 0.136855
0.086887 -0.072126 0.136847
0.086699 -0.072033 0.136838
0.086565 -0.071972 0.136832
0.086406 -0.071902 0.136828
0.086181 -0.071806 0.136824
0.086041 -0.071747 0.136821
0.085855 -0.071667 0.136815
0.085689 -0.071596 0.136808
0.085501 -0.071513 0.136802
0.085362 -0.071448 0.136796
0.085207 -0.071373 0.136789
0.084986 -0.071267 0.136770
0.084859 -0.071207 0.136756
0.084728 -0.071143 0.136744
0.084621 -0.071091 0.136735
0.084360 -0.070965 0.136716
0.084178 -0.070883 0.136705
0.084014 -0.070812 0.136698
0.083847 -0.070742 0.136693
0.083710 -0.070684 0.136691
0.083488 -0.070591 0.136684
0.083331 -0.070526 0.136675
0.083170 -0.070462 0.136667
0.083011 -0.070396 0.136662
0.082849 -0.070326 0.136658
0.082735 -0.070276 0.136654
0.082509 -0.070183 0.136646
0.082310 -0.070103 0.136644
0.082155 -0.070041 0.136644
0.082014 -0.069983 0.136643
0.081834 -0.069911 0.136640
0.081637 -0.069834 0.136638
0.081502 -0.069777 0.136639
0.081372 -0.069725 0.136642
0.081120 -0.069612 0.136643
0.080951 -0.069535 0.136643
0.080787 -0.069456 0.136644
0.080601 -0.069372 0.136648
0.080393 -0.069276 0.136655
0.080272 -0.069219 0.136658
0.080095 -0.069142 0.136665
0.079987 -0.069099 0.136669
0.079746 -0.068997 0.136674
0.079580 -0.068920 0.136677
0.079381 -0.068820 0.136679
0.079211 -0.068728 0.136682
0.079058 -0.068648 0.136685
0.078906 -0.068567 0.136683
0.078665 -0.068434 0.136672
0.078484 -0.068331 0.136665
0.078299 -0.068229 0.136662
0.078149 -0.068148 0.136659
0.078120 -0.068132 0.136660
0.077891 -0.068009 0.136656
0.077674 -0.067885 0.136651
0.077536 -0.067806 0.136648
0.077419 -0.067741 0.136649
0.077193 -0.067609 0.136644
0.077107 -0.067557 0.136641
0.076864 -0.067396 0.136629
0.076733 -0.067302 0.136618
0.076583 -0.067185 0.136600
0.076468 -0.067088 0.136583
0.076333 -0.066968 0.136560
0.076185 -0.066832 0.136542
0.076062 -0.066713 0.136533
0.075960 -0.066613 0.136524
0.075853 -0.066509 0.136517
0.075693 -0.066346 0.136505
0.075571 -0.066217 0.136503
0.075478 -0.066109 0.136505
0.075359 -0.065947 0.136509
0.075292 -0.065838 0.136509
0.075201 -0.065690 0.136502
0.075121 -0.065558 0.136493
0.075046 -0.065424 0.136489
0.074987 -0.065310 0.136493
0.074934 -0.065192 0.136497
0.074830 -0.064939 0.136503
0.074761 -0.064775 0.136503
0.074690 -0.064603 0.136503
0.074643 -0.064475 0.136506
0.074606 -0.064349 0.136514
0.074578 -0.064226 0.136528
0.074552 -0.064086 0.136546
0.074550 -0.064065 0.136549
0.074523 -0.063835 0.136579
0.074496 -0.063630 0.136600
0.074464 -0.063448 0.136615
0.074448 -0.063314 0.136624
0.074437 -0.063153 0.136632
0.074435 -0.062996 0.136639
0.074440 -0.062845 0.136648
0.074446 -0.062700 0.136655
0.074446 -0.062553 0.136655
0.074435 -0.062378 0.136647
0.074423 -0.062246 0.136640
0.074410 -0.062077 0.136637
0.074402 -0.061956 0.136642
0.074405 -0.061778 0.136663
0.074414 -0.061659 0.136687
0.074426 -0.061528 0.136716
0.074436 -0.061437 0.136737
0.074448 -0.061350 0.136756
0.074466 -0.061228 0.136779
0.074481 -0.061140 0.136791
0.074503 -0.061021 0.136798
0.074529 -0.060921 0.136799
0.074551 -0.060857 0.136800
0.074608 -0.060709 0.136799
0.074643 -0.060632 0.136801
0.074685 -0.060522 0.136797
0.074714 -0.060439 0.136792
0.074765 -0.060304 0.136786
0.074805 -0.060229 0.136793
0.074847 -0.060158 0.136808
0.074904 -0.060078 0.136837
0.074960 -0.060001 0.136866
0.074977 -0.059975 0.136874
0.075028 -0.059893 0.136896
0.075095 -0.059766 0.136923
0.075138 -0.059679 0.136937
0.075183 -0.059584 0.136945
0.075255 -0.059461 0.136953
0.075317 -0.059373 0.136959
0.075420 -0.059257 0.136971
0.075507 -0.059160 0.136980
0.075567 -0.059075 0.136982
0.075620 -0.058983 0.136988
0.075685 -0.058869 0.136998
0.075779 -0.058718 0.137015
0.075825 -0.058646 0.137025
0.075890 -0.058532 0.137040
0.075938 -0.058452 0.137052
0.076017 -0.058325 0.137068
0.076089 -0.058218 0.137077
0.076165 -0.058103 0.137085
0.076219 -0.058018 0.137090
0.076287 -0.057903 0.137098
0.076354 -0.057787 0.137112
0.076415 -0.057691 0.137127
0.076475 -0.057597 0.137142
0.076545 -0.057490 0.137155
0.076603 -0.057392 0.137164
0.076682 -0.057251 0.137176
0.076745 -0.057135 0.137184
0.076788 -0.057061 0.137186
0.076844 -0.056974 0.137186
0.076933 -0.056847 0.137187
0.076990 -0.056772 0.137187
0.077108 -0.056625 0.137190
0.077195 -0.056514 0.137189
0.077256 -0.056434 0.137188
0.077330 -0.056336 0.137182
0.077412 -0.056228 0.137186
0.077475 -0.056141 0.137193
0.077570 -0.056012 0.137211
0.077626 -0.055925 0.137225
0.077656 -0.055878 0.137235
0.077710 -0.055794 0.137253
0.077773 -0.055701 0.137276
0.077822 -0.055638 0.137295
0.077887 -0.055554 0.137316
0.077966 -0.055437 0.137333
0.078027 -0.055356 0.137342
0.078075 -0.055297 0.137343
0.078095 -0.055274 0.137344
0.078198 -0.055157 0.137345
0.078268 -0.055070 0.137341
0.078326 -0.054991 0.137339
0.078392 -0.054906 0.137338
0.078401 -0.054895 0.137338
0.078504 -0.054779 0.137344
0.078550 -0.054722 0.137348
0.078622 -0.054630 0.137371
0.078663 -0.054573 0.137392
0.078708 -0.054513 0.137419
0.078743 -0.054469 0.137437
0.078788 -0.054409 0.137463
0.078825 -0.054360 0.137489
0.078864 -0.054307 0.137512
0.078901 -0.054254 0.137526
0.078941 -0.054204 0.137530
0.078982 -0.054152 0.137527
0.079028 -0.054098 0.137521
0.079080 -0.054040 0.137518
0.079129 -0.053984 0.137511
0.079175 -0.053931 0.137504
0.079217 -0.053876 0.137494
0.079258 -0.053825 0.137492
0.079265 -0.053817 0.137492
0.079315 -0.053755 0.137503
0.079335 -0.053724 0.137512
0.079373 -0.053672 0.137545
0.079405 -0.053643 0.137576
0.079437 -0.053616 0.137606
0.079447 -0.053607 0.137615
0.079479 -0.053559 0.137647
0.079491 -0.053533 0.137656
0.079520 -0.053462 0.137664
0.079545 -0.053417 0.137666
0.079581 -0.053369 0.137665
0.079633 -0.053312 0.137666
0.079686 -0.053267 0.137670
0.079731 -0.053232 0.137677
0.079782 -0.053189 0.137681
0.079830 -0.053141 0.137686
0.079836 -0.053135 0.137688
0.079910 -0.053031 0.137701
0.079943 -0.052983 0.137717
0.079973 -0.052947 0.137736
0.080022 -0.052904 0.137768
0.080068 -0.052875 0.137805
0.080117 -0.052847 0.137845
0.080161 -0.052816 0.137884
0.080194 -0.052780 0.137915
0.080223 -0.052736 0.137944
0.080249 -0.052695 0.137966
0.080277 -0.052661 0.137985
0.080324 -0.052609 0.138008
0.080366 -0.052559 0.138022
0.080402 -0.052503 0.138030
0.080436 -0.052445 0.138031
0.080470 -0.052392 0.138031
0.080510 -0.052338 0.138034
0.080551 -0.052285 0.138047
0.080558 -0.052275 0.138049
0.080613 -0.052197 0.138075
0.080638 -0.052159 0.138091
0.080679 -0.052103 0.138128
0.080708 -0.052072 0.138159
0.080731 -0.052038 0.138188
0.080735 -0.052030 0.138192
0.080757 -0.051950 0.138224
0.080768 -0.051918 0.138233
0.080800 -0.051856 0.138266
0.080842 -0.051821 0.138298
0.080872 -0.051793 0.138319
0.080905 -0.051757 0.138338
0.080939 -0.051713 0.138349
0.080971 -0.051666 0.138358
0.081004 -0.051615 0.138363
0.081038 -0.051561 0.138368
0.081054 -0.051534 0.138368
0.081123 -0.051453 0.138381
0.081164 -0.051418 0.138397
0.081225 -0.051383 0.138428
0.081267 -0.051366 0.138454
0.081353 -0.051328 0.138526
0.081387 -0.051308 0.138558
0.081423 -0.051267 0.138600
0.081444 -0.051221 0.138629
0.081466 -0.051161 0.138656
0.081491 -0.051109 0.138677
0.081536 -0.051053 0.138711
0.081581 -0.051009 0.138739
0.081619 -0.050976 0.138758
0.081697 -0.050913 0.138795
0.081764 -0.050860 0.138832
0.081810 -0.050810 0.138862
0.081840 -0.050750 0.138888
0.081854 -0.050677 0.138903
0.081855 -0.050663 0.138903
0.081873 -0.050550 0.138918
0.081897 -0.050497 0.138934
0.081968 -0.050417 0.138980
0.082043 -0.050377 0.139036
0.082107 -0.050361 0.139086
0.082164 -0.050346 0.139135
0.082188 -0.050317 0.139169
0.082168 -0.050251 0.139181
0.082275 -0.050107 0.139266
0.082372 -0.050108 0.139310
0.082494 -0.050095 0.139346
0.082546 -0.050059 0.139344
0.082577 -0.049993 0.139341
0.082591 -0.049951 0.139356
0.082616 -0.049912 0.139367
0.082669 -0.049888 0.139393
0.082762 -0.049878 0.139424
0.082826 -0.049878 0.139447
0.082934 -0.049875 0.139488
0.082957 -0.049857 0.139501
0.082962 -0.049851 0.139503
0.082974 -0.049832 0.139510
0.082994 -0.049817 0.139518
0.083042 -0.049806 0.139538
0.083108 -0.049800 0.139568
0.083195 -0.049801 0.139599
0.083267 -0.049806 0.139626
0.083331 -0.049811 0.139650
0.083364 -0.049805 0.139655
0.083376 -0.049780 0.139639
0.083377 -0.049746 0.139620
0.083386 -0.049712 0.139607
0.083416 -0.049687 0.139603
0.083513 -0.049642 0.139613
0.083587 -0.049613 0.139613
0.083661 -0.049586 0.139610
0.083726 -0.049563 0.139603
0.083764 -0.049552 0.139597
0.083776 -0.049538 0.139591
0.083791 -0.049506 0.139587
0.083835 -0.049489 0.139606
0.083911 -0.049489 0.139641
0.083992 -0.049502 0.139667
0.084031 -0.049503 0.139672
0.084033 -0.049475 0.139654
0.084053 -0.049458 0.139660
0.084145 -0.049466 0.139690
0.084260 -0.049478 0.139700
0.084324 -0.049465 0.139668
0.084325 -0.049418 0.139599
0.084318 -0.049377 0.139548
0.084367 -0.049327 0.139500
0.084445 -0.049329 0.139505
0.084538 -0.049346 0.139516
0.084655 -0.049369 0.139505
0.084666 -0.049364 0.139480
0.084648 -0.049343 0.139457
0.084629 -0.049320 0.139441
0.084649 -0.049313 0.139455
0.084735 -0.049336 0.139487
0.084824 -0.049365 0.139510
0.084878 -0.049384 0.139509
0.084887 -0.049384 0.139498
0.084919 -0.049386 0.139476
0.084969 -0.049398 0.139469
0.085118 -0.049435 0.139441
0.085186 -0.049433 0.139391
0.085207 -0.049400 0.139327
0.085234 -0.049355 0.139261
0.085289 -0.049337 0.139235
0.085376 -0.049347 0.139231
0.085466 -0.049365 0.139227
0.085526 -0.049382 0.139236
0.085544 -0.049379 0.139239
0.085540 -0.049361 0.139237
0.085571 -0.049348 0.139244
0.085581 -0.049349 0.139248
0.085713 -0.049386 0.139282
0.085817 -0.049410 0.139269
0.085831 -0.049376 0.139221
0.085842 -0.049339 0.139173
0.085897 -0.049306 0.139125
0.085971 -0.049304 0.139093
0.086037 -0.049304 0.139060
0.086086 -0.049297 0.139035
0.086140 -0.049295 0.139024
0.086179 -0.049300 0.139027
0.086195 -0.049300 0.139032
0.086204 -0.049282 0.139032
0.086223 -0.049267 0.139037
0.086259 -0.049258 0.139043
0.086311 -0.049257 0.139038
0.086373 -0.049255 0.139022
0.086426 -0.049251 0.139006
0.086471 -0.049239 0.138986
0.086503 -0.049226 0.138965
0.086534 -0.049208 0.138940
0.086571 -0.049186 0.138912
0.086618 -0.049152 0.138879
0.086645 -0.049131 0.138868
0.086672 -0.049108 0.138864
0.086693 -0.049093 0.138867
0.086715 -0.049076 0.138870
0.086731 -0.049069 0.138872
0.086754 -0.049066 0.138873
0.086774 -0.049062 0.138876
0.086799 -0.049057 0.138881
0.086804 -0.049056 0.138883
0.086858 -0.049043 0.138893
0.086905 -0.049037 0.138887
0.086911 -0.049035 0.138884
0.086951 -0.049026 0.138862
0.086966 -0.049019 0.138852
0.086981 -0.049013 0.138843
0.087007 -0.049014 0.138838
0.087028 -0.049015 0.138838
0.087065 -0.049013 0.138851
0.087084 -0.049010 0.138862
0.087092 -0.049005 0.138866
0.087092 -0.049003 0.138867
0.087099 -0.048992 0.138874
0.087103 -0.048991 0.138877
0.087113 -0.048980 0.138882
0.087115 -0.048978 0.138882
0.087137 -0.048973 0.138887
0.087150 -0.048975 0.138887
0.087159 -0.048980 0.138884
0.087168 -0.048985 0.138880
0.087168 -0.048985 0.138880
0.087168 -0.048985 0.138873
0.087160 -0.048982 0.138866
0.087152 -0.048984 0.138858
0.087149 -0.048991 0.138855
0.087146 -0.048996 0.138853
0.087147 -0.049005 0.138851
0.087150 -0.049012 0.138855
0.087154 -0.049023 0.138861
0.087167 -0.049034 0.138871
0.087197 -0.049055 0.138886
0.087226 -0.049076 0.138895
0.087231 -0.049091 0.138895
0.087219 -0.049092 0.138891
0.087211 -0.049092 0.138887
0.087211 -0.049091 0.138883
0.087231 -0.049098 0.138878
0.087254 -0.049105 0.138874
0.087272 -0.049110 0.138873
0.087283 -0.049117 0.138869
0.087276 -0.049119 0.138864
0.087256 -0.049114 0.138854
0.087233 -0.049106 0.138846
0.087226 -0.049100 0.138845
0.087231 -0.049094 0.138848
0.087252 -0.049093 0.138860
0.087262 -0.049093 0.138866
0.087262 -0.049099 0.138868
0.087253 -0.049111 0.138864
0.087244 -0.049124 0.138857
0.087234 -0.049136 0.138848
0.087219 -0.049145 0.138835
0.087209 -0.049151 0.138820
0.087202 -0.049156 0.138811
0.087188 -0.049170 0.138795
0.087187 -0.049181 0.138787
0.087193 -0.049193 0.138779
0.087195 -0.049197 0.138774
0.087192 -0.049199 0.138768
0.087181 -0.049192 0.138763
0.087166 -0.049178 0.138756
0.087154 -0.049162 0.138748
0.087154 -0.049147 0.138741
0.087166 -0.049137 0.138734
0.087194 -0.049137 0.138727
0.087221 -0.049141 0.138723
0.087255 -0.049149 0.138718
0.087265 -0.049156 0.138714
0.087262 -0.049167 0.138703
0.087243 -0.049185 0.138673
0.087244 -0.049201 0.138652
0.087266 -0.049219 0.138636
0.087297 -0.049232 0.138628
0.087320 -0.049234 0.138625
0.087319 -0.049223 0.138620
0.087309 -0.049208 0.138614
0.087310 -0.049194 0.138612
0.087329 -0.049180 0.138612
0.087366 -0.049171 0.138617
0.087390 -0.049168 0.138621
0.087403 -0.049161 0.138626
0.087402 -0.049151 0.138628
0.087394 -0.049133 0.138631
0.087389 -0.049110 0.138637
0.087393 -0.049094 0.138641
0.087409 -0.049080 0.138647
0.087428 -0.049065 0.138654
0.087435 -0.049050 0.138660
0.087432 -0.049022 0.138667
0.087429 -0.049011 0.138669
0.087412 -0.048982 0.138672
0.087379 -0.048923 0.138680
0.087377 -0.048913 0.138684
0.087377 -0.048887 0.138692
0.087411 -0.048844 0.138717
0.087436 -0.048821 0.138732
0.087462 -0.048782 0.138755
0.087462 -0.048750 0.138770
0.087448 -0.048715 0.138779
0.087442 -0.048703 0.138782
0.087432 -0.048672 0.138791
0.087438 -0.048616 0.138816
0.087461 -0.048593 0.138830
0.087506 -0.048549 0.138857
0.087515 -0.048528 0.138867
0.087514 -0.048503 0.138876
0.087511 -0.048491 0.138880
0.087485 -0.048422 0.138895
0.087497 -0.048376 0.138911
0.087533 -0.048353 0.138926
0.087571 -0.048334 0.138942
0.087597 -0.048315 0.138956
0.087604 -0.048293 0.138966
0.087609 -0.048266 0.138977
0.087618 -0.048234 0.138988
0.087632 -0.048219 0.138995
0.087664 -0.048208 0.139001
0.087664 -0.048208 0.139001
0.087702 -0.048204 0.139007
0.087771 -0.048196 0.139025
0.087797 -0.048192 0.139035
0.087819 -0.048182 0.139050
0.087837 -0.048168 0.139065
0.087852 -0.048143 0.139081
0.087866 -0.048115 0.139098
0.087880 -0.048093 0.139113
0.087904 -0.048075 0.139129
0.087919 -0.048071 0.139136
0.087960 -0.048074 0.139149
0.087995 -0.048086 0.139155
0.088015 -0.048070 0.139167
0.088020 -0.048030 0.139184
0.088026 -0.047988 0.139205
0.088038 -0.047938 0.139227
0.088060 -0.047893 0.139248
0.088088 -0.047859 0.139266
0.088117 -0.047841 0.139280
0.088165 -0.047830 0.139294
0.088217 -0.047826 0.139306
0.088278 -0.047819 0.139323
0.088307 -0.047808 0.139335
0.088339 -0.047781 0.139354
0.088364 -0.047745 0.139374
0.088398 -0.047716 0.139389
0.088435 -0.047713 0.139397
0.088480 -0.047728 0.139397
0.088527 -0.047740 0.139395
0.088561 -0.047730 0.139401
0.088601 -0.047692 0.139420
0.088648 -0.047645 0.139445
0.088691 -0.047610 0.139467
0.088744 -0.047582 0.139490
0.088796 -0.047580 0.139497
0.088838 -0.047594 0.139497
0.088870 -0.047606 0.139497
0.088889 -0.047606 0.139499
0.088913 -0.047577 0.139512
0.088928 -0.047543 0.139527
0.088954 -0.047510 0.139543
0.088978 -0.047497 0.139552
0.089013 -0.047498 0.139551
0.089039 -0.047511 0.139545
0.089077 -0.047547 0.139529
0.089101 -0.047572 0.139521
0.089122 -0.047564 0.139533
0.089140 -0.047536 0.139557
0.089157 -0.047537 0.139563
0.089179 -0.047572 0.139550
0.089194 -0.047604 0.139538
0.089231 -0.047624 0.139538
0.089267 -0.047590 0.139562
0.089310 -0.047548 0.139594
0.089352 -0.047541 0.139618
0.089390 -0.047569 0.139621
0.089427 -0.047613 0.139613
0.089459 -0.047665 0.139589
0.089486 -0.047714 0.139560
0.089513 -0.047763 0.139527
0.089539 -0.047801 0.139503
0.089562 -0.047836 0.139483
0.089582 -0.047866 0.139467
0.089633 -0.047950 0.139436
0.089664 -0.048001 0.139421
0.089678 -0.048059 0.139415
0.089676 -0.048129 0.139414
0.089681 -0.048180 0.139419
0.089690 -0.048240 0.139435
0.089699 -0.048294 0.139455
0.089700 -0.048334 0.139473
0.089685 -0.048376 0.139493
0.089664 -0.048420 0.139503
0.089632 -0.048473 0.139510
0.089602 -0.048524 0.139501
0.089576 -0.048576 0.139478
0.089566 -0.048623 0.139460
0.089547 -0.048709 0.139469
0.089332 -0.048857 0.139506
0.089244 -0.048914 0.139541
0.089195 -0.048981 0.139648
0.089197 -0.048999 0.139677
0.089178 -0.049100 0.139705
0.089157 -0.049149 0.139701
0.089113 -0.049235 0.139693
0.089061 -0.049296 0.139709
0.089008 -0.049303 0.139757
0.088937 -0.049292 0.139817
0.088871 -0.049296 0.139856
0.088819 -0.049316 0.139893
0.088794 -0.049323 0.139927
0.088764 -0.049293 0.139982
0.088731 -0.049259 0.140021
0.088656 -0.049199 0.140089
0.088576 -0.049167 0.140140
0.088472 -0.049161 0.140181
0.088381 -0.049164 0.140205
0.088313 -0.049175 0.140212
0.088292 -0.049187 0.140208
0.088163 -0.049347 0.140138
0.088065 -0.049503 0.140071
0.087999 -0.049634 0.140016
0.087957 -0.049730 0.139984
0.087870 -0.049947 0.139932
0.087799 -0.050119 0.139909
0.087701 -0.050344 0.139888
0.087601 -0.050577 0.139878
0.087562 -0.050698 0.139875
0.087521 -0.050847 0.139866
0.087486 -0.051030 0.139841
0.087458 -0.051287 0.139783
0.087441 -0.051453 0.139736
0.087409 -0.051670 0.139668
0.087378 -0.051832 0.139615
0.087348 -0.052006 0.139559
0.087342 -0.052125 0.139516
0.087356 -0.052301 0.139445
0.087368 -0.052435 0.139394
0.087371 -0.052552 0.139344
0.087365 -0.052664 0.139293
0.087363 -0.052761 0.139262
0.087379 -0.052865 0.139242
0.087416 -0.052984 0.139230
0.087454 -0.053090 0.139220
0.087477 -0.053207 0.139217
0.087472 -0.053307 0.139225
0.087444 -0.053402 0.139247
0.087387 -0.053528 0.139280
0.087336 -0.053604 0.139298
0.087277 -0.053680 0.139319
0.087216 -0.053751 0.139348
0.087139 -0.053838 0.139404
0.087084 -0.053879 0.139450
0.087011 -0.053910 0.139500
0.086925 -0.053942 0.139537
0.086843 -0.053989 0.139556
0.086762 -0.054059 0.139569
0.086696 -0.054147 0.139582
0.086639 -0.054196 0.139612
0.086554 -0.054209 0.139670
0.086495 -0.054212 0.139697
0.086310 -0.054268 0.139738
0.086197 -0.054347 0.139743
0.086128 -0.054407 0.139750
0.086099 -0.054433 0.139751
0.086041 -0.054428 0.139755
0.086019 -0.054411 0.139760
0.085963 -0.054374 0.139794
0.085934 -0.054396 0.139815
0.085912 -0.054429 0.139823
0.085878 -0.054452 0.139828
0.085838 -0.054463 0.139838
0.085812 -0.054466 0.139854
0.085794 -0.054461 0.139876
0.085796 -0.054451 0.139894
0.085821 -0.054446 0.139909
0.085868 -0.054457 0.139924
0.085893 -0.054470 0.139930
0.085905 -0.054481 0.139934
0.085909 -0.054494 0.139935
0.085872 -0.054494 0.139949
0.085846 -0.054484 0.139961
0.085855 -0.054475 0.139974
0.085890 -0.054476 0.139983
0.085943 -0.054483 0.139992
0.085961 -0.054496 0.139994
0.085959 -0.054508 0.139998
0.085924 -0.054509 0.140005
0.085889 -0.054495 0.140013
0.085860 -0.054476 0.140019
0.085848 -0.054468 0.140024
0.085868 -0.054475 0.140014
0.085874 -0.054483 0.140008
0.085873 -0.054497 0.139999
0.085852 -0.054517 0.139988
0.085769 -0.054527 0.139987
0.085701 -0.054526 0.139997
0.085629 -0.054550 0.140015
0.085594 -0.054590 0.140025
0.085573 -0.054630 0.140030
0.085541 -0.054684 0.140033
0.085492 -0.054743 0.140041
0.085422 -0.054810 0.140058
0.085365 -0.054868 0.140078
0.085325 -0.054911 0.140094
0.085299 -0.054944 0.140103
0.085264 -0.055012 0.140103
0.085231 -0.055111 0.140089
0.085196 -0.055225 0.140073
0.085158 -0.055323 0.140064
0.085106 -0.055425 0.140056
0.085079 -0.055478 0.140049
0.085050 -0.055556 0.140044
0.085017 -0.055664 0.140034
0.084976 -0.055792 0.140025
0.084941 -0.055895 0.140019
0.084894 -0.056021 0.140019
0.084840 -0.056142 0.140030
0.084773 -0.056261 0.140056
0.084709 -0.056381 0.140084
0.084625 -0.056556 0.140104
0.084553 -0.056744 0.140102
0.084492 -0.056896 0.140096
0.084400 -0.057081 0.140090
0.084317 -0.057224 0.140102
0.084256 -0.057340 0.140115
0.084187 -0.057499 0.140128
0.084106 -0.057715 0.140130
0.084044 -0.057867 0.140129
0.083955 -0.058071 0.140126
0.083901 -0.058198 0.140128
0.083833 -0.058362 0.140137
0.083765 -0.058535 0.140150
0.083697 -0.058700 0.140160
0.083618 -0.058892 0.140165
0.083555 -0.059037 0.140165
0.083466 -0.059240 0.140164
0.083407 -0.059382 0.140167
0.083354 -0.059524 0.140167
0.083316 -0.059637 0.140166
0.083246 -0.059872 0.140161
0.083195 -0.060041 0.140168
0.083141 -0.060229 0.140182
0.083108 -0.060361 0.140196
0.083067 -0.060520 0.140209
0.083012 -0.060722 0.140221
0.082972 -0.060877 0.140219
0.082942 -0.061052 0.140205
0.082924 -0.061207 0.140188
0.082903 -0.061408 0.140162
0.082888 -0.061572 0.140144
0.082870 -0.061736 0.140126
0.082855 -0.061900 0.140114
0.082844 -0.062065 0.140104
0.082839 -0.062229 0.140096
0.082844 -0.062418 0.140091
0.082855 -0.062577 0.140090
0.082864 -0.062730 0.140094
0.082874 -0.062873 0.140097
0.082885 -0.062985 0.140096
0.082913 -0.063116 0.140088
0.082945 -0.063217 0.140076
0.082981 -0.063334 0.140061
0.083019 -0.063442 0.140046
0.083043 -0.063512 0.140035
0.083085 -0.063616 0.140022
0.083129 -0.063701 0.140012
0.083186 -0.063805 0.140005
0.083244 -0.063905 0.140001
0.083283 -0.063971 0.140000
0.083345 -0.064068 0.140002
0.083400 -0.064148 0.140006
0.083472 -0.064242 0.140015
0.083552 -0.064336 0.140023
0.083620 -0.064415 0.140029
0.083710 -0.064505 0.140035
0.083788 -0.064582 0.140039
0.083865 -0.064658 0.140042
0.083957 -0.064742 0.140044
0.084056 -0.064823 0.140046
0.084141 -0.064892 0.140045
0.084250 -0.064974 0.140042
0.084361 -0.065056 0.140037
0.084454 -0.065122 0.140036
0.084565 -0.065200 0.140036
0.084657 -0.065270 0.140041
0.084751 -0.065343 0.140047
0.084886 -0.065442 0.140056
0.084984 -0.065517 0.140064
0.085100 -0.065606 0.140075
0.085198 -0.065682 0.140084
0.085300 -0.065762 0.140096
0.085407 -0.065848 0.140106
0.085516 -0.065933 0.140115
0.085602 -0.066002 0.140120
0.085711 -0.066087 0.140126
0.085817 -0.066175 0.140133
0.085904 -0.066248 0.140141
0.086023 -0.066353 0.140152
0.086143 -0.066461 0.140165
0.086248 -0.066558 0.140174
0.086354 -0.066659 0.140179
0.086462 -0.066764 0.140183
0.086588 -0.066889 0.140188
0.086713 -0.067015 0.140192
0.086823 -0.067127 0.140195
0.086948 -0.067263 0.140198
0.087055 -0.067383 0.140198
0.087181 -0.067533 0.140199
0.087289 -0.067670 0.140202
0.087415 -0.067843 0.140205
0.087537 -0.068030 0.140209
0.087659 -0.068223 0.140212
0.087747 -0.068360 0.140215
0.087871 -0.068558 0.140221
0.087978 -0.068731 0.140227
0.088050 -0.068852 0.140229
0.088217 -0.069133 0.140236
0.088349 -0.069364 0.140235
0.088478 -0.069597 0.140233
0.088590 -0.069804 0.140231
0.088705 -0.070014 0.140231
0.088841 -0.070268 0.140235
0.088976 -0.070528 0.140239
0.089089 -0.070751 0.140249
0.089217 -0.071016 0.140262
0.089342 -0.071285 0.140278
0.089471 -0.071562 0.140294
0.089561 -0.071759 0.140305
0.089687 -0.072037 0.140321
0.089807 -0.072321 0.140339
0.089912 -0.072568 0.140358
0.090034 -0.072853 0.140386
0.090155 -0.073135 0.140415
0.090262 -0.073385 0.140438
0.090328 -0.073539 0.140449
0.090465 -0.073848 0.140476
0.090582 -0.074107 0.140501
0.090718 -0.074415 0.140536
0.090782 -0.074570 0.140555
0.090947 -0.074976 0.140606
0.091055 -0.075232 0.140639
0.091188 -0.075535 0.140681
0.091276 -0.075728 0.140709
0.091384 -0.075967 0.140745
0.091474 -0.076156 0.140773
0.091545 -0.076297 0.140795
0.091693 -0.076583 0.140840
0.091799 -0.076769 0.140869
0.091938 -0.077014 0.140909
0.092064 -0.077233 0.140945
0.092211 -0.077487 0.140987
0.092332 -0.077707 0.141029
0.092457 -0.077925 0.141074
0.092561 -0.078102 0.141116
0.092641 -0.078243 0.141149
0.092781 -0.078484 0.141210
0.092901 -0.078685 0.141266
0.093067 -0.078945 0.141347
0.093211 -0.079158 0.141421
0.093376 -0.079401 0.141508
0.093542 -0.079633 0.141591
0.093696 -0.079835 0.141667
0.093854 -0.080021 0.141738
0.094040 -0.080216 0.141812
0.094216 -0.080388 0.141876
0.094421 -0.080574 0.141946
0.094605 -0.080734 0.142011
0.094800 -0.080890 0.142081
0.095019 -0.081050 0.142162
0.095260 -0.081214 0.142248
0.095475 -0.081361 0.142326
0.095728 -0.081531 0.142421
0.095944 -0.081670 0.142510
0.096199 -0.081827 0.142617
0.096390 -0.081938 0.142695
0.096687 -0.082100 0.142809
0.096928 -0.082219 0.142904
0.097167 -0.082324 0.142998
0.097433 -0.082428 0.143100
0.097725 -0.082530 0.143212
0.097988 -0.082616 0.143308
0.098254 -0.082698 0.143406
0.098540 -0.082787 0.143504
0.098842 -0.082878 0.143605
0.099112 -0.082954 0.143694
0.099383 -0.083025 0.143778
0.099651 -0.083088 0.143863
0.099883 -0.083141 0.143936
0.100153 -0.083205 0.144022
0.100385 -0.083262 0.144099
0.100621 -0.083321 0.144177
0.100860 -0.083381 0.144256
0.101101 -0.083439 0.144337
0.101341 -0.083500 0.144417
0.101538 -0.083547 0.144486
0.101775 -0.083613 0.144568
0.102054 -0.083691 0.144667
0.102338 -0.083774 0.144770
0.102625 -0.083854 0.144877
0.102911 -0.083933 0.144982
0.103192 -0.084018 0.145083
0.103471 -0.084117 0.145175
0.103705 -0.084216 0.145247
0.103941 -0.084330 0.145311
0.104179 -0.084446 0.145379
0.104422 -0.084554 0.145454
0.104708 -0.084663 0.145549
0.104999 -0.084758 0.145651
0.105246 -0.084845 0.145733
0.105494 -0.084952 0.145802
0.105694 -0.085057 0.145852
0.105972 -0.085200 0.145914
0.106185 -0.085299 0.145967
0.106404 -0.085381 0.146034
0.106672 -0.085470 0.146124
0.106895 -0.085545 0.146202
0.107157 -0.085646 0.146290
0.107200 -0.085665 0.146303
0.107532 -0.085827 0.146411
0.107907 -0.086037 0.146514
0.108179 -0.086196 0.146586
0.108447 -0.086343 0.146661
0.108657 -0.086449 0.146728
0.108827 -0.086524 0.146790
0.109248 -0.086693 0.146961
0.109552 -0.086824 0.147083
0.109845 -0.086984 0.147187
0.110032 -0.087104 0.147243
0.110356 -0.087331 0.147329
0.110599 -0.087488 0.147401
0.110899 -0.087640 0.147510
0.111192 -0.087758 0.147630
0.111434 -0.087860 0.147727
0.111728 -0.088003 0.147836
0.112008 -0.088156 0.147934
0.112189 -0.088265 0.147998
0.112410 -0.088411 0.148074
0.112627 -0.088563 0.148145
0.112963 -0.088772 0.148270
0.113091 -0.088837 0.148328
0.113297 -0.088939 0.148430
0.113463 -0.089025 0.148516
0.113657 -0.089140 0.148616
0.113868 -0.089295 0.148717
0.114071 -0.089474 0.148807
0.114232 -0.089627 0.148876
0.114414 -0.089786 0.148967
0.114618 -0.089940 0.149095
0.114757 -0.090041 0.149195
0.114938 -0.090207 0.149335
0.115073 -0.090355 0.149436
0.115193 -0.090505 0.149525
0.115285 -0.090633 0.149590
0.115387 -0.090784 0.149651
0.115481 -0.090942 0.149691
0.115579 -0.091129 0.149732
0.115644 -0.091249 0.149763
0.115725 -0.091382 0.149799
0.115819 -0.091545 0.149838
0.115869 -0.091658 0.149857
0.115932 -0.091815 0.149860
0.115970 -0.091933 0.149860
0.116005 -0.092105 0.149858
0.116011 -0.092216 0.149853
0.115992 -0.092364 0.149837
0.115964 -0.092473 0.149816
0.115902 -0.092662 0.149779
0.115860 -0.092781 0.149751
0.115832 -0.092863 0.149726
0.115778 -0.092996 0.149676
0.115720 -0.093124 0.149630
0.115627 -0.093265 0.149593
0.115557 -0.093337 0.149575
0.115494 -0.093382 0.149559
0.115353 -0.093456 0.149518
0.115267 -0.093491 0.149486
0.115156 -0.093529 0.149429
0.115075 -0.093551 0.149379
0.114989 -0.093565 0.149326
0.114857 -0.093570 0.149261
0.114752 -0.093556 0.149219
0.114736 -0.093553 0.149212
0.114534 -0.093529 0.149124
0.114442 -0.093516 0.149091
0.114300 -0.093483 0.149046
0.114191 -0.093448 0.149022
0.114079 -0.093407 0.148994
0.114008 -0.093379 0.148971
0.113884 -0.093330 0.148925
0.113772 -0.093285 0.148881
0.113670 -0.093237 0.148843
0.113573 -0.093184 0.148808
0.113471 -0.093123 0.148771
0.113367 -0.093056 0.148744
0.113232 -0.092961 0.148731
0.113150 -0.092902 0.148729
0.113048 -0.092822 0.148729
0.112935 -0.092714 0.148724
0.112871 -0.092639 0.148717
0.112847 -0.092607 0.148716
0.112747 -0.092476 0.148712
0.112598 -0.092305 0.148731
0.112481 -0.092174 0.148762
0.112401 -0.092074 0.148791
0.112315 -0.091957 0.148819
0.112257 -0.091863 0.148839
0.112189 -0.091757 0.148855
0.112115 -0.091653 0.148875
0.112034 -0.091536 0.148904
0.111942 -0.091411 0.148938
0.111877 -0.091311 0.148968
0.111806 -0.091178 0.149010
0.111761 -0.091069 0.149042
0.111722 -0.090975 0.149068
0.111672 -0.090847 0.149102
0.111640 -0.090753 0.149126
0.111606 -0.090635 0.149161
0.111577 -0.090507 0.149200
0.111558 -0.090422 0.149225
0.111540 -0.090320 0.149257
0.111523 -0.090207 0.149292
0.111512 -0.090136 0.149315
0.111502 -0.090039 0.149348
0.111498 -0.089969 0.149371
0.111495 -0.089885 0.149399
0.111492 -0.089830 0.149421
0.111491 -0.089763 0.149450
0.111487 -0.089701 0.149476
0.111485 -0.089646 0.149499
0.111481 -0.089605 0.149513
0.111476 -0.089563 0.149526
0.111478 -0.089524 0.149543
0.111485 -0.089475 0.149558
0.111488 -0.089438 0.149569
0.111495 -0.089389 0.149584
0.111512 -0.089341 0.149598
0.111539 -0.089292 0.149615
0.111565 -0.089251 0.149631
0.111589 -0.089211 0.149647
0.111608 -0.089173 0.149656
0.111635 -0.089135 0.149663
0.111665 -0.089101 0.149669
0.111704 -0.089067 0.149674
0.111704 -0.089067 0.149674
0.111757 -0.089017 0.149679
0.111786 -0.088993 0.149681
0.111843 -0.088951 0.149678
0.111878 -0.088926 0.149672
0.111910 -0.088905 0.149662
0.111957 -0.088875 0.149638
0.112004 -0.088847 0.149612
0.112045 -0.088826 0.149593
0.112096 -0.088800 0.149567
0.112170 -0.088765 0.149537
0.112268 -0.088722 0.149513
0.112321 -0.088700 0.149504
0.112384 -0.088671 0.149489
0.112450 -0.088641 0.149473
0.112497 -0.088624 0.149461
0.112640 -0.088573 0.149427
0.112712 -0.088549 0.149408
0.112791 -0.088518 0.149382
0.112865 -0.088485 0.149351
0.112927 -0.088454 0.149324
0.113000 -0.088417 0.149293
0.113078 -0.088384 0.149260
0.113181 -0.088339 0.149216
0.113246 -0.088310 0.149190
0.113316 -0.088283 0.149165
0.113396 -0.088253 0.149142
0.113481 -0.088223 0.149122
0.113565 -0.088193 0.149107
0.113634 -0.088168 0.149096
0.113705 -0.088144 0.149085
0.113791 -0.088114 0.149072
0.113882 -0.088083 0.149058
0.113956 -0.088059 0.149048
0.114030 -0.088037 0.149035
0.114144 -0.088000 0.149017
0.114262 -0.087959 0.148997
0.114375 -0.087916 0.148977
0.114466 -0.087880 0.148959
0.114573 -0.087836 0.148938
0.114682 -0.087789 0.148916
0.114789 -0.087744 0.148893
0.114898 -0.087702 0.148870
0.115005 -0.087665 0.148846
0.115108 -0.087627 0.148826
0.115201 -0.087591 0.148812
0.115293 -0.087551 0.148800
0.115383 -0.087510 0.148794
0.115460 -0.087480 0.148793
0.115558 -0.087446 0.148791
0.115622 -0.087423 0.148790
0.115722 -0.087390 0.148787
0.115822 -0.087357 0.148790
0.115888 -0.087337 0.148789
0.115938 -0.087320 0.148790
0.116041 -0.087283 0.148796
0.116114 -0.087257 0.148803
0.116183 -0.087232 0.148811
0.116262 -0.087203 0.148821
0.116322 -0.087185 0.148826
0.116383 -0.087167 0.148829
0.116457 -0.087144 0.148826
0.116504 -0.087131 0.148820
0.116557 -0.087117 0.148818
0.116596 -0.087108 0.148817
0.116647 -0.087097 0.148817
0.116684 -0.087090 0.148820
0.116736 -0.087086 0.148824
0.116781 -0.087086 0.148823
0.116828 -0.087091 0.148823
0.116870 -0.087099 0.148822
0.116919 -0.087110 0.148826
0.116943 -0.087117 0.148830
0.116982 -0.087130 0.148843
0.117007 -0.087138 0.148855
0.117033 -0.087148 0.148864
0.117059 -0.087156 0.148874
0.117079 -0.087165 0.148881
0.117110 -0.087170 0.148891
0.117138 -0.087178 0.148894
0.117169 -0.087191 0.148897
0.117184 -0.087205 0.148896
0.117195 -0.087222 0.148892
0.117198 -0.087239 0.148886
0.117197 -0.087256 0.148880
0.117195 -0.087279 0.148871
0.117193 -0.087297 0.148860
0.117188 -0.087326 0.148845
0.117180 -0.087356 0.148828
0.117170 -0.087392 0.148810
0.117157 -0.087427 0.148794
0.117146 -0.087454 0.148779
0.117135 -0.087492 0.148760
0.117124 -0.087534 0.148740
0.117109 -0.087588 0.148714
0.117095 -0.087622 0.148699
0.117072 -0.087673 0.148672
0.117048 -0.087726 0.148646
0.117025 -0.087781 0.148615
0.117011 -0.087823 0.148591
0.116990 -0.087869 0.148561
0.116968 -0.087905 0.148535
0.116953 -0.087925 0.148522
0.116919 -0.087969 0.148487
0.116892 -0.088002 0.148460
0.116868 -0.088029 0.148435
0.116843 -0.088051 0.148412
0.116809 -0.088079 0.148382
0.116789 -0.088094 0.148365
0.116762 -0.088110 0.148341
0.116742 -0.088121 0.148323
0.116724 -0.088126 0.148310
0.116704 -0.088133 0.148292
0.116685 -0.088138 0.148275
0.116670 -0.088137 0.148262
0.116648 -0.088133 0.148246
0.116624 -0.088121 0.148229
0.116601 -0.088106 0.148209
0.116578 -0.088087 0.148191
0.116550 -0.088058 0.148168
0.116525 -0.088027 0.148146
0.116491 -0.087979 0.148116
0.116466 -0.087935 0.148087
0.116447 -0.087898 0.148059
0.116428 -0.087848 0.148026
0.116411 -0.087797 0.147995
0.116399 -0.087755 0.147966
0.116385 -0.087700 0.147925
0.116365 -0.087647 0.147882
0.116338 -0.087581 0.147826
0.116303 -0.087498 0.147763
0.116261 -0.087418 0.147701
0.116219 -0.087345 0.147648
0.116182 -0.087281 0.147599
0.116140 -0.087219 0.147547
0.116083 -0.087138 0.147479
0.116026 -0.087040 0.147408
0.115985 -0.086948 0.147348
0.115956 -0.086864 0.147287
0.115922 -0.086757 0.147205
0.115896 -0.086664 0.147134
0.115868 -0.086523 0.147033
0.115854 -0.086408 0.146954
0.115841 -0.086284 0.146872
0.115821 -0.086113 0.146753
0.115804 -0.085986 0.146663
0.115783 -0.085860 0.146570
0.115762 -0.085644 0.146422
0.115754 -0.085505 0.146329
0.115750 -0.085296 0.146188
0.115752 -0.085106 0.146058
0.115756 -0.084950 0.145946
0.115762 -0.084780 0.145825
0.115765 -0.084639 0.145723
0.115763 -0.084468 0.145603
0.115760 -0.084290 0.145479
0.115762 -0.084099 0.145344
0.115776 -0.083857 0.145165
0.115779 -0.083646 0.145002
0.115778 -0.083493 0.144887
0.115788 -0.083302 0.144749
0.115819 -0.083112 0.144621
0.115874 -0.082900 0.144475
0.115918 -0.082734 0.144339
0.115943 -0.082600 0.144217
0.115957 -0.082442 0.144063
0.115968 -0.082263 0.143884
0.115987 -0.082118 0.143728
0.116024 -0.081986 0.143576
0.116056 -0.081904 0.143484
0.116107 -0.081790 0.143358
0.116125 -0.081752 0.143319
0.116159 -0.081679 0.143242
0.116217 -0.081522 0.143064
0.116231 -0.081471 0.143000
0.116259 -0.081369 0.142863
0.116281 -0.081336 0.142807
0.116387 -0.081272 0.142671
0.116472 -0.081236 0.142607
0.116534 -0.081212 0.142560
0.116605 -0.081182 0.142483
0.116640 -0.081164 0.142438
0.116683 -0.081154 0.142386
0.116738 -0.081156 0.142334
0.116816 -0.081167 0.142265
0.116883 -0.081181 0.142215
0.116924 -0.081196 0.142196
0.116986 -0.081220 0.142177
0.117071 -0.081256 0.142163
0.117139 -0.081298 0.142166
0.117220 -0.081351 0.142179
0.117290 -0.081400 0.142195
0.117386 -0.081475 0.142213
0.117467 -0.081544 0.142227
0.117524 -0.081593 0.142236
0.117617 -0.081674 0.142252
0.117719 -0.081764 0.142272
0.117815 -0.081852 0.142286
0.117905 -0.081931 0.142300
0.117990 -0.082009 0.142325
0.118101 -0.082117 0.142374
0.118169 -0.082186 0.142410
0.118225 -0.082245 0.142438
0.118240 -0.082262 0.142445
0.118444 -0.082454 0.142527
0.118550 -0.082562 0.142596
0.118601 -0.082628 0.142661
0.118668 -0.082718 0.142805
0.118705 -0.082762 0.142869
0.118763 -0.082828 0.142941
0.118858 -0.082937 0.143035
0.118945 -0.083038 0.143112
0.119005 -0.083123 0.143179
0.119060 -0.083217 0.143268
0.119113 -0.083323 0.143398
0.119151 -0.083386 0.143477
0.119208 -0.083471 0.143566
0.119302 -0.083605 0.143680
0.119358 -0.083696 0.143750
0.119420 -0.083818 0.143849
0.119460 -0.083900 0.143923
0.119507 -0.084000 0.144022
0.119556 -0.084096 0.144120
0.119612 -0.084212 0.144242
0.119654 -0.084295 0.144329
0.119730 -0.084445 0.144495
0.119778 -0.084536 0.144604
0.119807 -0.084593 0.144676
0.119850 -0.084677 0.144778
0.119895 -0.084757 0.144872
0.119945 -0.084840 0.144963
0.119977 -0.084901 0.145032
0.120045 -0.085036 0.145179
0.120092 -0.085125 0.145280
0.120154 -0.085225 0.145397
0.120208 -0.085303 0.145489
0.120281 -0.085416 0.145625
0.120320 -0.085488 0.145712
0.120372 -0.085576 0.145819
0.120454 -0.085695 0.145949
0.120501 -0.085754 0.146014
0.120563 -0.085844 0.146119
0.120607 -0.085917 0.146229
0.120649 -0.086000 0.146397
0.120687 -0.086062 0.146501
0.120749 -0.086137 0.146582
0.120832 -0.086246 0.146668
0.120915 -0.086364 0.146765
0.120951 -0.086445 0.146865
0.120972 -0.086513 0.146987
0.121000 -0.086578 0.147093
0.121055 -0.086663 0.147211
0.121115 -0.086748 0.147321
0.121159 -0.086811 0.147404
0.121200 -0.086870 0.147487
0.121245 -0.086927 0.147566
0.121288 -0.086976 0.147647
0.121336 -0.087035 0.147737
0.121372 -0.087089 0.147815
0.121404 -0.087153 0.147906
0.121433 -0.087216 0.147997
0.121463 -0.087285 0.148110
0.121482 -0.087342 0.148205
0.121493 -0.087404 0.148309
0.121499 -0.087464 0.148394
0.121510 -0.087538 0.148489
0.121520 -0.087601 0.148568
0.121529 -0.087673 0.148657
0.121537 -0.087748 0.148751
0.121546 -0.087820 0.148838
0.121558 -0.087912 0.148933
0.121563 -0.087995 0.149013
0.121560 -0.088092 0.149098
0.121558 -0.088181 0.149170
0.121558 -0.088275 0.149242
0.121567 -0.088383 0.149316
0.121579 -0.088489 0.149376
0.121586 -0.088586 0.149422
0.121592 -0.088692 0.149473
0.121593 -0.088776 0.149515
0.121578 -0.088859 0.149565
0.121560 -0.088932 0.149608
0.121553 -0.089001 0.149637
0.121566 -0.089093 0.149665
0.121585 -0.089182 0.149685
0.121607 -0.089283 0.149704
0.121624 -0.089374 0.149720
0.121647 -0.089484 0.149746
0.121671 -0.089575 0.149774
0.121697 -0.089667 0.149808
0.121726 -0.089751 0.149833
0.121767 -0.089833 0.149839
0.121839 -0.089936 0.149836
0.121907 -0.090023 0.149827
0.121972 -0.090098 0.149817
0.122035 -0.090166 0.149810
0.122096 -0.090218 0.149812
0.122187 -0.090273 0.149814
0.122278 -0.090318 0.149818
0.122386 -0.090359 0.149822
0.122488 -0.090387 0.149825
0.122583 -0.090404 0.149828
0.122683 -0.090412 0.149828
0.122836 -0.090415 0.149818
0.122953 -0.090413 0.149808
0.123108 -0.090404 0.149790
0.123232 -0.090392 0.149779
0.123349 -0.090374 0.149769
0.123501 -0.090332 0.149759
0.123627 -0.090286 0.149747
0.123755 -0.090231 0.149733
0.123893 -0.090178 0.149718
0.124045 -0.090132 0.149696
0.124191 -0.090084 0.149671
0.124318 -0.090030 0.149644
0.124458 -0.089956 0.149621
0.124558 -0.089902 0.149607
0.124683 -0.089841 0.149595
0.124839 -0.089764 0.149584
0.124976 -0.089688 0.149575
0.125089 -0.089622 0.149570
0.125247 -0.089525 0.149561
0.125384 -0.089440 0.149551
0.125526 -0.089352 0.149537
0.125669 -0.089264 0.149526
0.125813 -0.089170 0.149515
0.125955 -0.089074 0.149503
0.126097 -0.088979 0.149488
0.126269 -0.088864 0.149468
0.126428 -0.088764 0.149450
0.126576 -0.088665 0.149430
0.126716 -0.088568 0.149403
0.126858 -0.088464 0.149376
0.127009 -0.088351 0.149355
0.127169 -0.088236 0.149337
0.127329 -0.088126 0.149320
0.127521 -0.088007 0.149298
0.127694 -0.087913 0.149281
0.127882 -0.087822 0.149263
0.128073 -0.087735 0.149246
0.128259 -0.087645 0.149232
0.128436 -0.087549 0.149221
0.128611 -0.087447 0.149215
0.128795 -0.087343 0.149210
0.129023 -0.087227 0.149188
0.129195 -0.087149 0.149161
0.129444 -0.087050 0.149115
0.129652 -0.086964 0.149078
0.129848 -0.086872 0.149048
0.130029 -0.086769 0.149022
0.130206 -0.086672 0.148998
0.130406 -0.086587 0.148977
0.130632 -0.086521 0.148956
0.130872 -0.086464 0.148935
0.131146 -0.086399 0.148900
0.131360 -0.086332 0.148872
0.131528 -0.086271 0.148857
0.131767 -0.086188 0.148843
0.131994 -0.086130 0.148818
0.132238 -0.086087 0.148780
0.132489 -0.086061 0.148734
0.132737 -0.086041 0.148689
0.133006 -0.086006 0.148647
0.133201 -0.085960 0.148615
0.133339 -0.085910 0.148592
0.133527 -0.085839 0.148558
0.133712 -0.085798 0.148532
0.133931 -0.085784 0.148498
0.134162 -0.085788 0.148461
0.134379 -0.085795 0.148423
0.134566 -0.085792 0.148394
0.134739 -0.085776 0.148372
0.134864 -0.085754 0.148359
0.134982 -0.085730 0.148352
0.135105 -0.085714 0.148345
0.135242 -0.085712 0.148330
0.135388 -0.085725 0.148308
0.135527 -0.085744 0.148278
0.135648 -0.085758 0.148248
0.135742 -0.085762 0.148227
0.135816 -0.085757 0.148217
0.135888 -0.085745 0.148213
0.135951 -0.085740 0.148203
0.136014 -0.085744 0.148190
0.136081 -0.085754 0.148173
0.136141 -0.085769 0.148154
0.136176 -0.085783 0.148140
0.136188 -0.085795 0.148131
0.136186 -0.085804 0.148126
0.136180 -0.085814 0.148125
0.136162 -0.085823 0.148123
0.136140 -0.085831 0.148121
0.136105 -0.085834 0.148118
0.136067 -0.085838 0.148113
0.136022 -0.085843 0.148106
0.135965 -0.085844 0.148094
0.135896 -0.085847 0.148083
0.135822 -0.085850 0.148080
0.135742 -0.085856 0.148082
0.135670 -0.085864 0.148085
0.135575 -0.085876 0.148089
0.135357 -0.085896 0.148096
0.135168 -0.085899 0.148098
0.135084 -0.085902 0.148096
0.134873 -0.085917 0.148099
0.134794 -0.085925 0.148104
0.134683 -0.085935 0.148111
0.134565 -0.085944 0.148118
0.134442 -0.085948 0.148123
0.134315 -0.085952 0.148132
0.134188 -0.085956 0.148144
0.134049 -0.085957 0.148155
0.133899 -0.085961 0.148162
0.133772 -0.085963 0.148166
0.133664 -0.085962 0.148170
0.133556 -0.085960 0.148171
0.133448 -0.085958 0.148174
0.133276 -0.085953 0.148176
0.133187 -0.085949 0.148178
0.133099 -0.085947 0.148182
0.132992 -0.085949 0.148185
0.132838 -0.085952 0.148192
0.132750 -0.085954 0.148197
0.132663 -0.085957 0.148204
0.132573 -0.085962 0.148212
0.132462 -0.085966 0.148222
0.132349 -0.085972 0.148230
0.132221 -0.085979 0.148237
0.132142 -0.085985 0.148240
0.132007 -0.085993 0.148242
0.131913 -0.085996 0.148240
0.131800 -0.086000 0.148236
0.131691 -0.086002 0.148230
0.131591 -0.086004 0.148226
0.131494 -0.086004 0.148224
0.131402 -0.086006 0.148225
0.131309 -0.086008 0.148231
0.131221 -0.086013 0.148244
0.131139 -0.086017 0.148260
0.131061 -0.086022 0.148278
0.130987 -0.086026 0.148295
0.130924 -0.086028 0.148311
0.130866 -0.086029 0.148327
0.130814 -0.086030 0.148339
0.130767 -0.086028 0.148346
0.130729 -0.086025 0.148349
0.130699 -0.086020 0.148352
0.130676 -0.086013 0.148355
0.130656 -0.086006 0.148355
0.130642 -0.086000 0.148355
0.130633 -0.085995 0.148356
0.130631 -0.085992 0.148360
0.130639 -0.085993 0.148364
0.130647 -0.085993 0.148368
0.130659 -0.085992 0.148373
0.130676 -0.085991 0.148382
0.130700 -0.085991 0.148393
0.130726 -0.085992 0.148403
0.130755 -0.085991 0.148414
0.130782 -0.085988 0.148425
0.130805 -0.085985 0.148434
0.130843 -0.085977 0.148449
0.130870 -0.085970 0.148460
0.130906 -0.085959 0.148477
0.130935 -0.085953 0.148486
0.130982 -0.085944 0.148499
0.131021 -0.085940 0.148508
0.131069 -0.085934 0.148521
0.131122 -0.085928 0.148536
0.131174 -0.085923 0.148548
0.131220 -0.085918 0.148557
0.131292 -0.085917 0.148572
0.131346 -0.085919 0.148585
0.131413 -0.085920 0.148600
0.131479 -0.085926 0.148615
0.131547 -0.085933 0.148629
0.131618 -0.085941 0.148643
0.131692 -0.085950 0.148660
0.131756 -0.085958 0.148671
0.131844 -0.085968 0.148686
0.131905 -0.085974 0.148696
0.131992 -0.085982 0.148710
0.132066 -0.085989 0.148721
0.132139 -0.085996 0.148731
0.132208 -0.086006 0.148740
0.132264 -0.086014 0.148750
0.132344 -0.086025 0.148768
0.132399 -0.086033 0.148782
0.132399 -0.086033 0.148782
0.132409 -0.086036 0.148785
0.132409 -0.086036 0.148785
0.132500 -0.086054 0.148808
0.132640 -0.086080 0.148845
0.132682 -0.086090 0.148857
0.132737 -0.086105 0.148874
0.132762 -0.086110 0.148883
0.132784 -0.086114 0.148893
0.132807 -0.086120 0.148905
0.132832 -0.086132 0.148913
0.132848 -0.086140 0.148918
0.132867 -0.086154 0.148923
0.132878 -0.086163 0.148925
0.132886 -0.086177 0.148927
0.132890 -0.086196 0.148928
0.132885 -0.086208 0.148931
0.132872 -0.086221 0.148933
0.132852 -0.086236 0.148935
0.132835 -0.086250 0.148938
0.132791 -0.086270 0.148946
0.132760 -0.086283 0.148951
0.132717 -0.086301 0.148959
0.132667 -0.086321 0.148968
0.132631 -0.086335 0.148974
0.132579 -0.086360 0.148978
0.132531 -0.086385 0.148981
0.132474 -0.086417 0.148982
0.132422 -0.086442 0.148984
0.132360 -0.086464 0.148982
0.132280 -0.086485 0.148972
0.132223 -0.086501 0.148965
0.132168 -0.086520 0.148960
0.132078 -0.086544 0.148950
0.131978 -0.086563 0.148935
0.131938 -0.086570 0.148931
0.131846 -0.086587 0.148921
0.131767 -0.086602 0.148922
0.131699 -0.086616 0.148925
0.131602 -0.086638 0.148934
0.131518 -0.086659 0.148943
0.131433 -0.086678 0.148955
0.131339 -0.086701 0.148972
0.131271 -0.086716 0.148982
0.131188 -0.086734 0.148990
0.131105 -0.086753 0.148995
0.131024 -0.086770 0.149000
0.130931 -0.086787 0.149003
0.130836 -0.086801 0.149005
0.130767 -0.086810 0.149007
0.130686 -0.086826 0.149016
0.130608 -0.086845 0.149029
0.130520 -0.086863 0.149047
0.130414 -0.086883 0.149064
0.130339 -0.086897 0.149075
0.130282 -0.086914 0.149087
0.130177 -0.086948 0.149117
0.130116 -0.086966 0.149136
0.130073 -0.086979 0.149149
0.130005 -0.087001 0.149167
0.129948 -0.087021 0.149185
0.129884 -0.087042 0.149208
0.129869 -0.087049 0.149213
0.129783 -0.087087 0.149246
0.129728 -0.087112 0.149266
0.129695 -0.087125 0.149278
0.129634 -0.087150 0.149302
0.129598 -0.087172 0.149319
0.129570 -0.087192 0.149331
0.129547 -0.087209 0.149341
0.129515 -0.087233 0.149356
0.129510 -0.087237 0.149358
0.129459 -0.087273 0.149383
0.129423 -0.087296 0.149403
0.129395 -0.087317 0.149419
0.129364 -0.087342 0.149440
0.129330 -0.087367 0.149463
0.129302 -0.087390 0.149485
0.129281 -0.087416 0.149507
0.129265 -0.087441 0.149525
0.129243 -0.087469 0.149547
0.129227 -0.087488 0.149560
0.129193 -0.087533 0.149591
0.129159 -0.087579 0.149624
0.129132 -0.087609 0.149645
0.129099 -0.087627 0.149661
0.129067 -0.087641 0.149669
0.129025 -0.087656 0.149681
0.128974 -0.087681 0.149694
0.128943 -0.087701 0.149705
0.128901 -0.087732 0.149719
0.128861 -0.087763 0.149730
0.128822 -0.087797 0.149745
0.128741 -0.087873 0.149782
0.128680 -0.087931 0.149809
0.128637 -0.087974 0.149824
0.128569 -0.088045 0.149839
0.128471 -0.088145 0.149852
0.128404 -0.088211 0.149858
0.128353 -0.088258 0.149862
0.128262 -0.088336 0.149873
0.128115 -0.088444 0.149889
0.128015 -0.088515 0.149904
0.127944 -0.088562 0.149910
0.127934 -0.088569 0.149910
0.127934 -0.088569 0.149910
0.127793 -0.088656 0.149904
0.127656 -0.088745 0.149891
0.127431 -0.088881 0.149855
0.127302 -0.088942 0.149842
0.127156 -0.088992 0.149841
0.127044 -0.089024 0.149845
0.126796 -0.089105 0.149858
0.126614 -0.089159 0.149856
0.126464 -0.089202 0.149854
0.126184 -0.089271 0.149848
0.125986 -0.089310 0.149833
0.125821 -0.089344 0.149817
0.125678 -0.089374 0.149807
0.125484 -0.089404 0.149796
0.125281 -0.089427 0.149775
0.125085 -0.089448 0.149749
0.124988 -0.089458 0.149738
0.124850 -0.089474 0.149719
0.124669 -0.089503 0.149697
0.124573 -0.089521 0.149685
0.124418 -0.089550 0.149668
0.124292 -0.089570 0.149653
0.124162 -0.089588 0.149641
0.124012 -0.089607 0.149624
0.123919 -0.089620 0.149615
0.123694 -0.089647 0.149593
0.123605 -0.089654 0.149581
0.123496 -0.089658 0.149567
0.123394 -0.089660 0.149552
0.123312 -0.089664 0.149539
0.123122 -0.089661 0.149503
0.123058 -0.089659 0.149490
0.122984 -0.089654 0.149474
0.122872 -0.089639 0.149451
0.122789 -0.089619 0.149430
0.122703 -0.089596 0.149404
0.122610 -0.089571 0.149378
0.122538 -0.089554 0.149354
0.122483 -0.089540 0.149335
0.122419 -0.089528 0.149307
0.122365 -0.089515 0.149286
0.122311 -0.089497 0.149269
0.122241 -0.089471 0.149247
0.122187 -0.089447 0.149226
0.122133 -0.089424 0.149207
0.122084 -0.089395 0.149181
0.122063 -0.089379 0.149165
0.122029 -0.089351 0.149132
0.122007 -0.089329 0.149110
0.121987 -0.089302 0.149083
0.121968 -0.089268 0.149047
0.121956 -0.089226 0.149003
0.121956 -0.089205 0.148979
0.121961 -0.089181 0.148951
0.121972 -0.089130 0.148893
0.121986 -0.089082 0.148839
0.121997 -0.089053 0.148810
0.122015 -0.089010 0.148771
0.122040 -0.088965 0.148730
0.122075 -0.088898 0.148678
0.122105 -0.088842 0.148641
0.122132 -0.088795 0.148615
0.122165 -0.088738 0.148585
0.122192 -0.088699 0.148562
0.122240 -0.088639 0.148523
0.122291 -0.088566 0.148478
0.122330 -0.088505 0.148443
0.122379 -0.088414 0.148393
0.122418 -0.088341 0.148353
0.122462 -0.088261 0.148312
0.122495 -0.088199 0.148281
0.122576 -0.088044 0.148203
0.122620 -0.087964 0.148169
0.122677 -0.087861 0.148131
0.122730 -0.087759 0.148094
0.122777 -0.087678 0.148066
0.122833 -0.087591 0.148036
0.122910 -0.087489 0.147999
0.122981 -0.087404 0.147965
0.123056 -0.087301 0.147921
0.123130 -0.087196 0.147873
0.123201 -0.087095 0.147827
0.123275 -0.086994 0.147779
0.123349 -0.086889 0.147733
0.123423 -0.086778 0.147686
0.123489 -0.086679 0.147646
0.123570 -0.086562 0.147605
0.123667 -0.086445 0.147565
0.123740 -0.086365 0.147537
0.123842 -0.086256 0.147500
0.123934 -0.086167 0.147475
0.124024 -0.086082 0.147455
0.124124 -0.085976 0.147431
0.124191 -0.085901 0.147412
0.124258 -0.085825 0.147391
0.124328 -0.085752 0.147372
0.124465 -0.085632 0.147341
0.124562 -0.085564 0.147323
0.124662 -0.085502 0.147303
0.124757 -0.085436 0.147281
0.124825 -0.085375 0.147262
0.124887 -0.085308 0.147245
0.125042 -0.085152 0.147216
0.125243 -0.085097 0.147201
0.125400 -0.085083 0.147194
0.125489 -0.085071 0.147190
0.125596 -0.085027 0.147187
0.125642 -0.085000 0.147191
0.125745 -0.084966 0.147192
0.125826 -0.084952 0.147188
0.125903 -0.084944 0.147187
0.125975 -0.084941 0.147188
0.126024 -0.084934 0.147189
0.126086 -0.084920 0.147190
0.126113 -0.084920 0.147192
0.126184 -0.084932 0.147208
0.126229 -0.084943 0.147222
0.126266 -0.084955 0.147232
0.126329 -0.084984 0.147246
0.126359 -0.084998 0.147253
0.126394 -0.085014 0.147266
0.126428 -0.085028 0.147275
0.126448 -0.085040 0.147282
0.126475 -0.085062 0.147293
0.126523 -0.085103 0.147308
0.126603 -0.085174 0.147331
0.126616 -0.085186 0.147333
0.126619 -0.085191 0.147339
0.126618 -0.085193 0.147349
0.126637 -0.085214 0.147357
0.126683 -0.085262 0.147369
0.126748 -0.085331 0.147384
0.126772 -0.085362 0.147392
0.126742 -0.085359 0.147398
0.126712 -0.085347 0.147399
0.126685 -0.085345 0.147405
0.126685 -0.085361 0.147423
0.126694 -0.085379 0.147439
0.126694 -0.085389 0.147449
0.126681 -0.085422 0.147463
0.126667 -0.085449 0.147476
0.126662 -0.085461 0.147488
0.126635 -0.085471 0.147511
0.126598 -0.085468 0.147522
0.126544 -0.085458 0.147526
0.126493 -0.085456 0.147532
0.126478 -0.085468 0.147537
0.126468 -0.085502 0.147546
0.126449 -0.085525 0.147548
0.126420 -0.085533 0.147544
0.126384 -0.085537 0.147540
0.126342 -0.085533 0.147527
0.126293 -0.085526 0.147518
0.126236 -0.085522 0.147521
0.126199 -0.085536 0.147529
0.126178 -0.085558 0.147535
0.126151 -0.085582 0.147543
0.126115 -0.085591 0.147552
0.126050 -0.085591 0.147568
0.125992 -0.085591 0.147585
0.125943 -0.085595 0.147600
0.125903 -0.085609 0.147617
0.125877 -0.085627 0.147625
0.125861 -0.085634 0.147628
0.125824 -0.085638 0.147625
0.125766 -0.085626 0.147616
0.125700 -0.085610 0.147601
0.125650 -0.085612 0.147591
0.125613 -0.085627 0.147587
0.125560 -0.085630 0.147592
0.125493 -0.085625 0.147600
0.125385 -0.085628 0.147626
0.125348 -0.085637 0.147640
0.125315 -0.085664 0.147656
0.125271 -0.085685 0.147678
0.125189 -0.085686 0.147700
0.125126 -0.085690 0.147703
0.125096 -0.085698 0.147703
0.125068 -0.085723 0.147705
0.125029 -0.085750 0.147704
0.124930 -0.085753 0.147706
0.124902 -0.085751 0.147707
0.124864 -0.085758 0.147711
0.124856 -0.085761 0.147712
0.124792 -0.085812 0.147732
0.124769 -0.085863 0.147753
0.124743 -0.085920 0.147779
0.124699 -0.085965 0.147813
0.124636 -0.085994 0.147841
0.124602 -0.086043 0.147867
0.124594 -0.086098 0.147881
0.124587 -0.086155 0.147889
0.124575 -0.086199 0.147892
0.124553 -0.086236 0.147900
0.124514 -0.086257 0.147912
0.124485 -0.086275 0.147926
0.124461 -0.086321 0.147954
0.124467 -0.086387 0.147983
0.124471 -0.086495 0.148040
0.124448 -0.086552 0.148080
0.124421 -0.086598 0.148112
0.124394 -0.086640 0.148144
0.124376 -0.086682 0.148171
0.124365 -0.086709 0.148181
0.124353 -0.086740 0.148186
0.124342 -0.086774 0.148192
0.124330 -0.086814 0.148203
0.124322 -0.086841 0.148211
0.124305 -0.086878 0.148228
0.124284 -0.086930 0.148254
0.124276 -0.086962 0.148271
0.124262 -0.087018 0.148296
0.124255 -0.087041 0.148306
0.124247 -0.087077 0.148322
0.124237 -0.087113 0.148339
0.124233 -0.087128 0.148344
0.124230 -0.087150 0.148347
0.124233 -0.087167 0.148342
0.124230 -0.087177 0.148338
0.124229 -0.087182 0.148335
0.124230 -0.087187 0.148334
0.124228 -0.087191 0.148332
0.124226 -0.087193 0.148333
0.124225 -0.087196 0.148336
0.124226 -0.087199 0.148338
0.124227 -0.087200 0.148340
0.124228 -0.087202 0.148341
0.124227 -0.087202 0.148342
0.124228 -0.087202 0.148342
0.124229 -0.087203 0.148342
0.124229 -0.087203 0.148342
0.124230 -0.087203 0.148344
0.124230 -0.087203 0.148343
0.124233 -0.087205 0.148341
0.124238 -0.087206 0.148343
0.124239 -0.087208 0.148343
0.124240 -0.087211 0.148341
0.124240 -0.087212 0.148341
0.124241 -0.087214 0.148339
0.124243 -0.087216 0.148338
0.124244 -0.087217 0.148338
0.124244 -0.087217 0.148338
0.124248 -0.087220 0.148338
0.124247 -0.087220 0.148340
0.124247 -0.087220 0.148341
0.124247 -0.087220 0.148343
0.124242 -0.087220 0.148345
0.124237 -0.087219 0.148348
0.124235 -0.087219 0.148349
0.124233 -0.087218 0.148348
0.124231 -0.087217 0.148348
0.124234 -0.087219 0.148348
0.124235 -0.087219 0.148349
0.124237 -0.087217 0.148351
0.124236 -0.087217 0.148350
0.124234 -0.087218 0.148349
0.124231 -0.087219 0.148347
0.124228 -0.087222 0.148346
0.124229 -0.087224 0.148345
0.124229 -0.087225 0.148344
0.124230 -0.087226 0.148344
0.124234 -0.087227 0.148345
0.124238 -0.087228 0.148347
0.124242 -0.087229 0.148347
0.124246 -0.087229 0.148349
0.124248 -0.087227 0.148351
0.124249 -0.087225 0.148353
0.124247 -0.087220 0.148355
0.124243 -0.087214 0.148356
0.124242 -0.087207 0.148358
0.124242 -0.087201 0.148359
0.124238 -0.087197 0.148362
0.124234 -0.087190 0.148364
0.124233 -0.087188 0.148364
0.124231 -0.087184 0.148364
0.124227 -0.087178 0.148364
0.124225 -0.087177 0.148362
0.124229 -0.087179 0.148361
0.124228 -0.087178 0.148359
0.124231 -0.087182 0.148359
0.124235 -0.087183 0.148358
0.124241 -0.087188 0.148357
0.124243 -0.087190 0.148355
0.124247 -0.087190 0.148353
0.124249 -0.087192 0.148352
0.124253 -0.087194 0.148351
0.124258 -0.087198 0.148351
0.124261 -0.087196 0.148350
0.124262 -0.087194 0.148351
0.124269 -0.087194 0.148351
0.124276 -0.087194 0.148355
0.124276 -0.087189 0.148357
0.124272 -0.087180 0.148360
0.124270 -0.087171 0.148362
0.124265 -0.087162 0.148362
0.124259 -0.087153 0.148363
0.124256 -0.087150 0.148364
0.124260 -0.087151 0.148363
0.124264 -0.087153 0.148362
0.124274 -0.087160 0.148364
0.124278 -0.087162 0.148363
0.124277 -0.087163 0.148362
0.124285 -0.087168 0.148362
0.124291 -0.087173 0.148362
0.124306 -0.087185 0.148364
0.124322 -0.087195 0.148366
0.124336 -0.087206 0.148368
0.124348 -0.087211 0.148369
0.124373 -0.087222 0.148373
0.124399 -0.087233 0.148377
0.124429 -0.087244 0.148383
0.124440 -0.087249 0.148385
0.124454 -0.087249 0.148387
0.124471 -0.087248 0.148390
0.124489 -0.087247 0.148392
0.124508 -0.087249 0.148394
0.124528 -0.087253 0.148396
0.124549 -0.087252 0.148398
0.124567 -0.087251 0.148400
0.124588 -0.087248 0.148401
0.124602 -0.087245 0.148401
0.124621 -0.087241 0.148403
0.124636 -0.087236 0.148405
0.124650 -0.087230 0.148407
0.124663 -0.087224 0.148408
0.124680 -0.087217 0.148409
0.124699 -0.087212 0.148410
0.124720 -0.087208 0.148411
0.124737 -0.087207 0.148414
0.124759 -0.087200 0.148415
0.124786 -0.087188 0.148415
0.124803 -0.087179 0.148416
0.124816 -0.087174 0.148415
0.124843 -0.087166 0.148417
0.124862 -0.087160 0.148419
0.124884 -0.087153 0.148417
0.124908 -0.087138 0.148415
0.124919 -0.087131 0.148415
0.124940 -0.087120 0.148417
0.124958 -0.087107 0.148418
0.124984 -0.087095 0.148418
0.125012 -0.087081 0.148416
0.125032 -0.087072 0.148417
0.125048 -0.087062 0.148418
0.125071 -0.087051 0.148422
0.125090 -0.087043 0.148427
0.125123 -0.087031 0.148434
0.125142 -0.087022 0.148437
0.125166 -0.087011 0.148438
0.125195 -0.086998 0.148435
0.125206 -0.086992 0.148434
0.125230 -0.086974 0.148428
0.125236 -0.086970 0.148427
0.125265 -0.086944 0.148416
0.125280 -0.086932 0.148411
0.125295 -0.086920 0.148409
0.125310 -0.086912 0.148409
0.125311 -0.086910 0.148410
0.125322 -0.086905 0.148411
0.125328 -0.086900 0.148411
0.125341 -0.086883 0.148414
0.125348 -0.086874 0.148414
0.125355 -0.086865 0.148413
0.125365 -0.086847 0.148410
0.125366 -0.086843 0.148409
0.125370 -0.086833 0.148407
0.125375 -0.086821 0.148405
0.125376 -0.086799 0.148402
0.125375 -0.086785 0.148400
0.125367 -0.086763 0.148393
0.125358 -0.086745 0.148385
0.125344 -0.086727 0.148378
0.125343 -0.086726 0.148378
0.125323 -0.086702 0.148364
0.125319 -0.086699 0.148362
0.125297 -0.086680 0.148349
0.125286 -0.086674 0.148344
0.125274 -0.086667 0.148340
0.125252 -0.086659 0.148334
0.125251 -0.086659 0.148334
0.125236 -0.086652 0.148328
0.125221 -0.086650 0.148325
0.125209 -0.086650 0.148321
0.125197 -0.086651 0.148317
0.125179 -0.086649 0.148310
0.125163 -0.086646 0.148303
0.125147 -0.086645 0.148295
0.125131 -0.086642 0.148290
0.125108 -0.086639 0.148280
0.125084 -0.086636 0.148271
0.125060 -0.086633 0.148260
0.125041 -0.086631 0.148254
0.125018 -0.086628 0.148246
0.124996 -0.086625 0.148239
0.124966 -0.086621 0.148230
0.124946 -0.086618 0.148224
0.124929 -0.086614 0.148219
0.124916 -0.086614 0.148214
0.124895 -0.086611 0.148208
0.124872 -0.086611 0.148203
0.124850 -0.086611 0.148197
0.124831 -0.086607 0.148192
0.124810 -0.086603 0.148188
0.124787 -0.086597 0.148183
0.124761 -0.086590 0.148173
0.124741 -0.086587 0.148167
0.124721 -0.086583 0.148160
0.124706 -0.086580 0.148156
0.124663 -0.086569 0.148142
0.124637 -0.086563 0.148134
0.124607 -0.086556 0.148125
0.124587 -0.086551 0.148119
0.124541 -0.086540 0.148105
0.124518 -0.086535 0.148100
0.124494 -0.086531 0.148090
0.124478 -0.086528 0.148084
0.124439 -0.086520 0.148068
0.124422 -0.086516 0.148061
0.124403 -0.086513 0.148054
0.124388 -0.086510 0.148048
0.124354 -0.086501 0.148037
0.124340 -0.086500 0.148031
0.124331 -0.086498 0.148027
0.124314 -0.086492 0.148019
0.124306 -0.086492 0.148013
0.124307 -0.086497 0.148010
0.124312 -0.086501 0.148007
0.124312 -0.086504 0.148005
0.124312 -0.086505 0.148004
0.124308 -0.086504 0.148002
0.124305 -0.086501 0.148000
0.124305 -0.086497 0.148000
0.124307 -0.086494 0.147999
0.124310 -0.086491 0.147999
0.124314 -0.086488 0.148000
0.124319 -0.086482 0.148000
0.124323 -0.086470 0.148003
0.124324 -0.086462 0.148003
0.124324 -0.086462 0.148003
0.124324 -0.086454 0.148006
0.124339 -0.086425 0.148014
0.124352 -0.086412 0.148017
0.124359 -0.086400 0.148016
0.124363 -0.086395 0.148016
0.124378 -0.086372 0.148011
0.124383 -0.086357 0.148008
0.124387 -0.086340 0.148001
0.124390 -0.086330 0.147998
0.124392 -0.086317 0.147994
0.124383 -0.086284 0.147989
0.124378 -0.086271 0.147992
0.124374 -0.086263 0.147995
0.124373 -0.086251 0.147998
0.124375 -0.086247 0.148002
0.124376 -0.086240 0.148005
0.124377 -0.086234 0.148008
0.124377 -0.086223 0.148011
0.124374 -0.086216 0.148013
0.124368 -0.086202 0.148017
0.124365 -0.086190 0.148020
0.124364 -0.086178 0.148023
0.124363 -0.086162 0.148025
0.124362 -0.086157 0.148024
0.124355 -0.086142 0.148026
0.124346 -0.086127 0.148027
0.124335 -0.086108 0.148028
0.124324 -0.086084 0.148030
0.124318 -0.086067 0.148032
0.124317 -0.086054 0.148034
0.124316 -0.086038 0.148038
0.124318 -0.086026 0.148041
0.124323 -0.086007 0.148045
0.124329 -0.085992 0.148049
0.124339 -0.085968 0.148055
0.124342 -0.085957 0.148058
0.124346 -0.085943 0.148060
0.124352 -0.085926 0.148061
0.124358 -0.085913 0.148064
0.124374 -0.085892 0.148069
0.124380 -0.085883 0.148071
0.124385 -0.085869 0.148074
0.124390 -0.085853 0.148076
0.124394 -0.085841 0.148075
0.124400 -0.085831 0.148074
0.124411 -0.085818 0.148072
0.124422 -0.085809 0.148070
0.124434 -0.085802 0.148069
0.124445 -0.085794 0.148067
0.124457 -0.085786 0.148065
0.124465 -0.085778 0.148066
0.124473 -0.085768 0.148066
0.124479 -0.085763 0.148068
0.124485 -0.085758 0.148071
0.124491 -0.085752 0.148076
0.124493 -0.085750 0.148078
0.124494 -0.085744 0.148081
0.124497 -0.085741 0.148081
0.124498 -0.085732 0.148083
0.124498 -0.085727 0.148083
0.124496 -0.085722 0.148086
0.124492 -0.085718 0.148086
0.124490 -0.085719 0.148086
0.124488 -0.085718 0.148087
0.124482 -0.085718 0.148088
0.124474 -0.085713 0.148088
0.124465 -0.085708 0.148086
0.124458 -0.085704 0.148089
0.124447 -0.085700 0.148092
0.124440 -0.085696 0.148094
0.124436 -0.085694 0.148096
0.124431 -0.085691 0.148097
0.124428 -0.085690 0.148101
0.124424 -0.085690 0.148105
0.124421 -0.085688 0.148110
0.124420 -0.085689 0.148112
0.124416 -0.085687 0.148118
0.124413 -0.085685 0.148122
0.124413 -0.085683 0.148126
0.124415 -0.085683 0.148131
0.124424 -0.085682 0.148141
0.124429 -0.085679 0.148147
0.124431 -0.085677 0.148151
0.124434 -0.085671 0.148160
0.124437 -0.085670 0.148170
0.124442 -0.085671 0.148181
0.124448 -0.085671 0.148194
0.124452 -0.085668 0.148208
0.124456 -0.085667 0.148220
0.124460 -0.085666 0.148231
0.124468 -0.085668 0.148245
0.124476 -0.085668 0.148261
0.124483 -0.085666 0.148275
0.124488 -0.085663 0.148286
0.124490 -0.085659 0.148296
0.124493 -0.085655 0.148308
0.124497 -0.085653 0.148321
0.124501 -0.085650 0.148333
0.124502 -0.085647 0.148343
0.124501 -0.085645 0.148354
0.124500 -0.085642 0.148363
0.124499 -0.085641 0.148373
0.124501 -0.085639 0.148387
0.124504 -0.085638 0.148402
0.124504 -0.085638 0.148414
0.124503 -0.085642 0.148427
0.124504 -0.085642 0.148434
0.124502 -0.085643 0.148446
0.124500 -0.085646 0.148461
0.124495 -0.085647 0.148468
0.124489 -0.085654 0.148478
0.124484 -0.085662 0.148489
0.124479 -0.085670 0.148500
0.124478 -0.085672 0.148505
0.124474 -0.085680 0.148515
0.124474 -0.085694 0.148526
0.124477 -0.085711 0.148535
0.124482 -0.085731 0.148545
0.124488 -0.085756 0.148558
0.124490 -0.085772 0.148569
0.124490 -0.085784 0.148576
0.124497 -0.085805 0.148585
0.124498 -0.085817 0.148588
0.124498 -0.085828 0.148594
0.124502 -0.085840 0.148598
0.124509 -0.085853 0.148604
0.124515 -0.085864 0.148608
0.124520 -0.085873 0.148613
0.124523 -0.085883 0.148618
0.124528 -0.085893 0.148625
0.124532 -0.085902 0.148632
0.124539 -0.085915 0.148641
0.124545 -0.085928 0.148653
0.124548 -0.085937 0.148661
0.124553 -0.085946 0.148669
0.124560 -0.085957 0.148679
0.124564 -0.085967 0.148687
0.124571 -0.085978 0.148699
0.124577 -0.085988 0.148706
0.124581 -0.085997 0.148719
0.124581 -0.086002 0.148726
0.124581 -0.086007 0.148734
0.124579 -0.086017 0.148747
0.124577 -0.086023 0.148758
0.124576 -0.086028 0.148771
0.124574 -0.086031 0.148781
0.124571 -0.086037 0.148795
0.124570 -0.086040 0.148805
0.124568 -0.086048 0.148821
0.124567 -0.086052 0.148828
0.124569 -0.086057 0.148839
0.124569 -0.086060 0.148847
0.124572 -0.086062 0.148854
0.124573 -0.086065 0.148861
0.124574 -0.086068 0.148868
0.124576 -0.086071 0.148879
0.124577 -0.086075 0.148887
0.124576 -0.086077 0.148893
0.124577 -0.086079 0.148902
0.124577 -0.086081 0.148908
0.124579 -0.086083 0.148917
0.124580 -0.086083 0.148926
0.124581 -0.086084 0.148933
0.124581 -0.086084 0.148941
0.124582 -0.086086 0.148947
0.124585 -0.086088 0.148952
0.124589 -0.086090 0.148956
0.124592 -0.086090 0.148958
0.124598 -0.086091 0.148960
0.124598 -0.086089 0.148961
0.124597 -0.086088 0.148963
0.124596 -0.086088 0.148963
0.124595 -0.086088 0.148962
0.124594 -0.086087 0.148962
0.124595 -0.086087 0.148961
0.124594 -0.086088 0.148958
0.124593 -0.086089 0.148957
0.124591 -0.086089 0.148956
0.124589 -0.086090 0.148955
0.124589 -0.086092 0.148953
0.124585 -0.086095 0.148950
0.124583 -0.086097 0.148945
0.124577 -0.086095 0.148942
0.124570 -0.086092 0.148940
0.124562 -0.086092 0.148936
0.124559 -0.086095 0.148933
0.124553 -0.086098 0.148928
0.124546 -0.086097 0.148925
0.124537 -0.086091 0.148925
0.124528 -0.086085 0.148921
0.124521 -0.086083 0.148917
0.124521 -0.086083 0.148914
0.124519 -0.086085 0.148908
0.124520 -0.086083 0.148905
0.124518 -0.086077 0.148903
0.124515 -0.086070 0.148899
0.124516 -0.086065 0.148896
0.124520 -0.086061 0.148895
0.124523 -0.086058 0.148893
0.124525 -0.086037 0.148886
0.124525 -0.086023 0.148885
0.124526 -0.086008 0.148884
0.124525 -0.085986 0.148882
0.124523 -0.085970 0.148881
0.124526 -0.085959 0.148881
0.124535 -0.085948 0.148883
0.124539 -0.085943 0.148884
0.124544 -0.085935 0.148884
0.124546 -0.085926 0.148883
0.124549 -0.085917 0.148885
0.124548 -0.085912 0.148886
0.124545 -0.085902 0.148885
0.124543 -0.085894 0.148886
0.124540 -0.085880 0.148887
0.124540 -0.085873 0.148886
0.124540 -0.085866 0.148887
0.124541 -0.085863 0.148886
0.124539 -0.085856 0.148886
0.124533 -0.085848 0.148886
0.124528 -0.085837 0.148887
0.124517 -0.085824 0.148888
0.124510 -0.085813 0.148891
0.124507 -0.085806 0.148893
0.124506 -0.085805 0.148893
0.124505 -0.085800 0.148895
0.124505 -0.085800 0.148895
0.124504 -0.085796 0.148897
0.124505 -0.085795 0.148898
0.124504 -0.085792 0.148898
0.124503 -0.085792 0.148897
0.124500 -0.085786 0.148897
0.124497 -0.085781 0.148895
0.124483 -0.085762 0.148897
0.124480 -0.085755 0.148899
0.124474 -0.085742 0.148903
0.124472 -0.085737 0.148905
0.124474 -0.085734 0.148906
0.124474 -0.085732 0.148905
0.124475 -0.085731 0.148906
0.124476 -0.085727 0.148908
0.124480 -0.085722 0.148907
0.124483 -0.085717 0.148907
0.124484 -0.085715 0.148907
0.124486 -0.085716 0.148907
0.124491 -0.085716 0.148904
0.124492 -0.085716 0.148902
0.124495 -0.085714 0.148898
0.124496 -0.085713 0.148892
0.124498 -0.085711 0.148888
0.124499 -0.085709 0.148882
0.124500 -0.085708 0.148876
0.124501 -0.085705 0.148870
0.124506 -0.085707 0.148867
0.124513 -0.085711 0.148863
0.124516 -0.085717 0.148860
0.124521 -0.085722 0.148858
0.124521 -0.085728 0.148853
0.124521 -0.085731 0.148851
0.124521 -0.085734 0.148849
0.124520 -0.085735 0.148847
0.124518 -0.085738 0.148846
0.124520 -0.085742 0.148846
0.124522 -0.085747 0.148843
0.124525 -0.085752 0.148841
0.124529 -0.085756 0.148840
0.124531 -0.085759 0.148838
0.124532 -0.085761 0.148838
0.124531 -0.085761 0.148839
0.124532 -0.085762 0.148844
0.124532 -0.085762 0.148849
0.124532 -0.085762 0.148856
0.124534 -0.085766 0.148863
0.124535 -0.085767 0.148870
0.124533 -0.085764 0.148878
0.124530 -0.085761 0.148885
0.124528 -0.085763 0.148892
0.124527 -0.085766 0.148901
0.124529 -0.085770 0.148914
0.124531 -0.085781 0.148930
0.124531 -0.085796 0.148943
0.124540 -0.085816 0.148957
0.124548 -0.085831 0.148968
0.124558 -0.085850 0.148979
0.124564 -0.085864 0.148986
0.124571 -0.085876 0.148990
0.124582 -0.085885 0.148995
0.124594 -0.085896 0.149000
0.124603 -0.085911 0.149005
0.124612 -0.085927 0.149012
0.124626 -0.085946 0.149024
0.124638 -0.085962 0.149035
0.124646 -0.085978 0.149045
0.124648 -0.085991 0.149054
0.124649 -0.086000 0.149065
0.124649 -0.086005 0.149074
0.124651 -0.086012 0.149082
0.124655 -0.086021 0.149084
0.124662 -0.086032 0.149086
0.124672 -0.086051 0.149088
0.124680 -0.086070 0.149091
0.124682 -0.086086 0.149093
0.124680 -0.086098 0.149092
0.124680 -0.086115 0.149089
0.124682 -0.086135 0.149087
0.124687 -0.086155 0.149084
0.124690 -0.086173 0.149081
0.124695 -0.086192 0.149077
0.124699 -0.086213 0.149072
0.124703 -0.086236 0.149071
0.124704 -0.086252 0.149073
0.124706 -0.086272 0.149076
0.124709 -0.086297 0.149084
0.124712 -0.086321 0.149091
0.124711 -0.086340 0.149096
0.124706 -0.086353 0.149100
0.124693 -0.086362 0.149099
0.124685 -0.086366 0.149096
0.124676 -0.086369 0.149092
0.124669 -0.086371 0.149084
0.124656 -0.086374 0.149074
0.124649 -0.086378 0.149066
0.124645 -0.086384 0.149061
0.124644 -0.086390 0.149055
0.124639 -0.086391 0.149050
0.124635 -0.086398 0.149042
0.124633 -0.086406 0.149037
0.124633 -0.086414 0.149034
0.124636 -0.086423 0.149030
0.124638 -0.086430 0.149025
0.124635 -0.086435 0.149018
0.124637 -0.086438 0.149014
0.124632 -0.086439 0.149008
0.124629 -0.086443 0.149004
0.124628 -0.086449 0.148997
0.124627 -0.086455 0.148989
0.124626 -0.086461 0.148982
0.124626 -0.086468 0.148975
0.124627 -0.086475 0.148965
0.124626 -0.086482 0.148958
0.124629 -0.086493 0.148951
0.124631 -0.086505 0.148944
0.124635 -0.086516 0.148936
0.124640 -0.086530 0.148929
0.124643 -0.086542 0.148924
0.124648 -0.086554 0.148920
0.124654 -0.086562 0.148916
0.124654 -0.086569 0.148914
0.124657 -0.086574 0.148910
0.124658 -0.086579 0.148911
0.124662 -0.086583 0.148910
0.124668 -0.086591 0.148911
0.124671 -0.086595 0.148911
0.124677 -0.086602 0.148913
0.124682 -0.086607 0.148914
0.124687 -0.086612 0.148916
0.124692 -0.086615 0.148915
0.124698 -0.086617 0.148916
0.124704 -0.086618 0.148918
0.124712 -0.086619 0.148925
0.124717 -0.086618 0.148932
0.124724 -0.086616 0.148941
0.124731 -0.086612 0.148952
0.124736 -0.086607 0.148960
0.124741 -0.086601 0.148969
0.124744 -0.086596 0.148975
0.124749 -0.086593 0.148984
0.124753 -0.086588 0.148990
0.124756 -0.086580 0.148996
0.124754 -0.086571 0.149001
0.124754 -0.086562 0.149008
0.124760 -0.086558 0.149015
0.124771 -0.086557 0.149021
0.124782 -0.086556 0.149027
0.124788 -0.086550 0.149033
0.124786 -0.086538 0.149037
0.124780 -0.086518 0.149043
0.124776 -0.086501 0.149050
0.124775 -0.086489 0.149053
0.124774 -0.086481 0.149056
0.124771 -0.086470 0.149056
0.124766 -0.086462 0.149054
0.124760 -0.086450 0.149050
0.124756 -0.086436 0.149046
0.124757 -0.086430 0.149042
0.124761 -0.086425 0.149036
0.124764 -0.086425 0.149029
0.124765 -0.086422 0.149025
0.124768 -0.086420 0.149020
0.124771 -0.086417 0.149015
0.124776 -0.086416 0.149007
0.124779 -0.086414 0.148997
0.124780 -0.086412 0.148995
0.124780 -0.086408 0.148995
0.124780 -0.086405 0.148995
0.124779 -0.086404 0.148994
0.124774 -0.086402 0.148991
0.124763 -0.086397 0.148991
0.124745 -0.086389 0.148987
0.124725 -0.086379 0.148982
0.124708 -0.086369 0.148979
0.124694 -0.086364 0.148974
0.124684 -0.086360 0.148971
0.124678 -0.086360 0.148968
0.124673 -0.086361 0.148964
0.124674 -0.086367 0.148962
0.124677 -0.086374 0.148960
0.124679 -0.086378 0.148959
0.124682 -0.086383 0.148958
0.124681 -0.086392 0.148955
0.124684 -0.086399 0.148954
0.124686 -0.086406 0.148951
0.124687 -0.086409 0.148950
0.124690 -0.086415 0.148948
0.124694 -0.086420 0.148947
0.124702 -0.086430 0.148942
0.124708 -0.086444 0.148938
0.124713 -0.086455 0.148935
0.124720 -0.086465 0.148932
0.124725 -0.086474 0.148930
0.124730 -0.086485 0.148926
0.124734 -0.086497 0.148921
0.124739 -0.086511 0.148916
0.124744 -0.086522 0.148913
0.124752 -0.086535 0.148907
0.124761 -0.086550 0.148903
0.124767 -0.086568 0.148896
0.124773 -0.086586 0.148889
0.124778 -0.086604 0.148884
0.124779 -0.086622 0.148879
0.124774 -0.086638 0.148870
0.124767 -0.086652 0.148861
0.124753 -0.086661 0.148855
0.124738 -0.086667 0.148851
0.124719 -0.086672 0.148848
0.124703 -0.086677 0.148846
0.124688 -0.086681 0.148847
0.124665 -0.086684 0.148850
0.124639 -0.086690 0.148854
0.124610 -0.086697 0.148862
0.124588 -0.086701 0.148868
0.124557 -0.086706 0.148873
0.124526 -0.086711 0.148874
0.124499 -0.086714 0.148873
0.124467 -0.086717 0.148870
0.124438 -0.086718 0.148864
0.124412 -0.086721 0.148858
0.124385 -0.086728 0.148852
0.124358 -0.086738 0.148844
0.124332 -0.086746 0.148839
0.124305 -0.086753 0.148836
0.124272 -0.086762 0.148830
0.124245 -0.086773 0.148826
0.124223 -0.086787 0.148823
0.124207 -0.086800 0.148820
0.124193 -0.086814 0.148815
0.124177 -0.086829 0.148808
0.124161 -0.086844 0.148804
0.124150 -0.086856 0.148801
0.124137 -0.086870 0.148797
0.124127 -0.086887 0.148792
0.124120 -0.086902 0.148787
0.124116 -0.086920 0.148780
0.124116 -0.086937 0.148773
0.124115 -0.086950 0.148768
0.124112 -0.086966 0.148762
0.124106 -0.086977 0.148756
0.124103 -0.086990 0.148752
0.124100 -0.087002 0.148750
0.124101 -0.087022 0.148749
0.124101 -0.087037 0.148751
0.124100 -0.087055 0.148754
0.124097 -0.087072 0.148759
0.124097 -0.087085 0.148766
0.124092 -0.087100 0.148775
0.124089 -0.087114 0.148785
0.124089 -0.087132 0.148796
0.124092 -0.087153 0.148808
0.124093 -0.087168 0.148820
0.124093 -0.087184 0.148831
0.124095 -0.087204 0.148843
0.124102 -0.087225 0.148852
0.124108 -0.087244 0.148858
0.124113 -0.087262 0.148861
0.124122 -0.087281 0.148863
0.124125 -0.087293 0.148864
0.124132 -0.087314 0.148866
0.124137 -0.087332 0.148869
0.124146 -0.087353 0.148873
0.124153 -0.087374 0.148880
0.124157 -0.087397 0.148888
0.124164 -0.087419 0.148895
0.124172 -0.087445 0.148907
0.124182 -0.087478 0.148921
0.124189 -0.087506 0.148934
0.124193 -0.087530 0.148945
0.124194 -0.087547 0.148955
0.124192 -0.087565 0.148964
0.124192 -0.087577 0.148971
0.124195 -0.087595 0.148982
0.124197 -0.087610 0.148990
0.124203 -0.087625 0.148996
0.124212 -0.087645 0.149004
0.124223 -0.087666 0.149012
0.124230 -0.087688 0.149023
0.124229 -0.087699 0.149027
0.124227 -0.087699 0.149028
0.124221 -0.087707 0.149033
0.124218 -0.087710 0.149033
0.124218 -0.087710 0.149033
0.124214 -0.087720 0.149040
0.124205 -0.087738 0.149048
0.124202 -0.087750 0.149054
0.124201 -0.087758 0.149057
0.124204 -0.087776 0.149067
0.124203 -0.087792 0.149075
0.124202 -0.087797 0.149078
0.124199 -0.087810 0.149085
0.124198 -0.087822 0.149092
0.124195 -0.087831 0.149097
0.124184 -0.087845 0.149101
0.124176 -0.087852 0.149101
0.124167 -0.087863 0.149100
0.124159 -0.087871 0.149099
0.124155 -0.087875 0.149100
0.124146 -0.087884 0.149100
0.124136 -0.087893 0.149101
0.124129 -0.087900 0.149102
0.124121 -0.087914 0.149105
0.124113 -0.087930 0.149106
0.124106 -0.087942 0.149108
0.124098 -0.087952 0.149109
0.124094 -0.087964 0.149110
0.124091 -0.087977 0.149112
0.124093 -0.087997 0.149113
0.124093 -0.088016 0.149114
0.124093 -0.088030 0.149113
0.124092 -0.088048 0.149111
0.124089 -0.088063 0.149108
0.124087 -0.088086 0.149104
0.124083 -0.088091 0.149102
0.124073 -0.088100 0.149098
0.124059 -0.088104 0.149095
0.124042 -0.088111 0.149092
0.124038 -0.088115 0.149091
0.124028 -0.088124 0.149090
0.124015 -0.088128 0.149089
0.124006 -0.088130 0.149088
0.123992 -0.088131 0.149089
0.123975 -0.088132 0.149089
0.123962 -0.088134 0.149090
0.123953 -0.088136 0.149091
0.123937 -0.088136 0.149091
0.123918 -0.088135 0.149088
0.123900 -0.088132 0.149086
0.123882 -0.088128 0.149082
0.123866 -0.088127 0.149078
0.123856 -0.088124 0.149074
0.123851 -0.088124 0.149072
0.123848 -0.088124 0.149070
0.123841 -0.088124 0.149067
0.123839 -0.088124 0.149066
0.123833 -0.088122 0.149064
0.123827 -0.088122 0.149062
0.123822 -0.088120 0.149061
0.123820 -0.088121 0.149060
0.123819 -0.088124 0.149057
0.123818 -0.088125 0.149056
0.123818 -0.088125 0.149056
0.123817 -0.088127 0.149056
0.123815 -0.088128 0.149054
0.123812 -0.088129 0.149052
0.123807 -0.088130 0.149052
0.123805 -0.088131 0.149051
0.123799 -0.088131 0.149051
0.123794 -0.088132 0.149049
0.123790 -0.088133 0.149048
0.123787 -0.088135 0.149047
0.123784 -0.088138 0.149047
0.123780 -0.088139 0.149048
0.123774 -0.088142 0.149050
0.123769 -0.088142 0.149052
0.123766 -0.088147 0.149054
0.123763 -0.088147 0.149056
0.123759 -0.088148 0.149058
0.123756 -0.088149 0.149061
0.123757 -0.088154 0.149065
0.123755 -0.088158 0.149070
0.123756 -0.088163 0.149076
0.123756 -0.088169 0.149082
0.123752 -0.088173 0.149089
0.123751 -0.088178 0.149096
0.123745 -0.088182 0.149102
0.123740 -0.088188 0.149111
0.123736 -0.088190 0.149117
0.123731 -0.088193 0.149123
0.123725 -0.088195 0.149127
0.123723 -0.088197 0.149129
0.123720 -0.088200 0.149134
0.123716 -0.088202 0.149137
0.123710 -0.088205 0.149144
0.123706 -0.088208 0.149150
0.123701 -0.088211 0.149156
0.123697 -0.088212 0.149161
0.123693 -0.088214 0.149167
0.123688 -0.088217 0.149172
0.123681 -0.088224 0.149179
0.123678 -0.088228 0.149185
0.123674 -0.088232 0.149190
0.123672 -0.088239 0.149195
0.123668 -0.088243 0.149199
0.123664 -0.088245 0.149202
0.123661 -0.088247 0.149205
0.123657 -0.088249 0.149206
0.123651 -0.088249 0.149207
0.123645 -0.088247 0.149208
0.123640 -0.088248 0.149210
0.123638 -0.088249 0.149212
0.123637 -0.088250 0.149214
0.123635 -0.088253 0.149218
0.123632 -0.088256 0.149219
0.123630 -0.088257 0.149221
0.123629 -0.088258 0.149221
0.123629 -0.088259 0.149222
0.123627 -0.088259 0.149223
0.123626 -0.088260 0.149224
0.123622 -0.088259 0.149224
0.123618 -0.088257 0.149224
0.123616 -0.088257 0.149225
0.123613 -0.088257 0.149227
0.123610 -0.088259 0.149227
0.123605 -0.088259 0.149228
0.123600 -0.088258 0.149229
0.123595 -0.088259 0.149230
0.123592 -0.088260 0.149229
0.123589 -0.088260 0.149229
0.123585 -0.088260 0.149230
0.123580 -0.088259 0.149230
0.123572 -0.088259 0.149226
0.123566 -0.088258 0.149224
0.123560 -0.088257 0.149221
0.123553 -0.088254 0.149219
0.123545 -0.088252 0.149217
0.123538 -0.088249 0.149214
0.123534 -0.088250 0.149212
0.123524 -0.088248 0.149209
0.123520 -0.088247 0.149208
0.123511 -0.088244 0.149204
0.123505 -0.088242 0.149202
0.123498 -0.088240 0.149198
0.123492 -0.088237 0.149196
0.123485 -0.088235 0.149192
0.123477 -0.088232 0.149189
0.123466 -0.088226 0.149185
0.123458 -0.088223 0.149180
0.123447 -0.088219 0.149176
0.123438 -0.088218 0.149172
0.123427 -0.088214 0.149166
0.123422 -0.088211 0.149161
0.123410 -0.088207 0.149157
0.123403 -0.088206 0.149155
0.123395 -0.088202 0.149148
0.123389 -0.088200 0.149143
0.123381 -0.088198 0.149139
0.123371 -0.088195 0.149134
0.123359 -0.088192 0.149127
0.123353 -0.088192 0.149124
0.123339 -0.088188 0.149117
0.123329 -0.088187 0.149113
0.123317 -0.088183 0.149109
0.123304 -0.088178 0.149104
0.123293 -0.088175 0.149099
0.123280 -0.088170 0.149094
0.123268 -0.088168 0.149089
0.123252 -0.088162 0.149084
0.123239 -0.088157 0.149081
0.123222 -0.088152 0.149075
0.123208 -0.088146 0.149070
0.123199 -0.088144 0.149066
0.123188 -0.088140 0.149061
0.123180 -0.088138 0.149059
0.123168 -0.088132 0.149054
0.123159 -0.088129 0.149053
0.123150 -0.088127 0.149050
0.123149 -0.088127 0.149049
0.123144 -0.088125 0.149048
0.123140 -0.088123 0.149047
0.123137 -0.088122 0.149046
0.123135 -0.088121 0.149045
0.123131 -0.088120 0.149046
0.123129 -0.088118 0.149046
0.123127 -0.088116 0.149048
0.123127 -0.088114 0.149050
0.123127 -0.088113 0.149051
0.123126 -0.088109 0.149053
0.123128 -0.088109 0.149054
0.123129 -0.088106 0.149056
0.123130 -0.088105 0.149059
0.123130 -0.088101 0.149061
0.123130 -0.088100 0.149064
0.123129 -0.088096 0.149067
0.123127 -0.088091 0.149069
0.123127 -0.088088 0.149071
0.123128 -0.088087 0.149072
0.123127 -0.088085 0.149074
0.123129 -0.088084 0.149076
0.123130 -0.088082 0.149078
0.123129 -0.088080 0.149078
0.123128 -0.088080 0.149078
0.123127 -0.088078 0.149079
0.123125 -0.088078 0.149079
0.123125 -0.088078 0.149079
0.123122 -0.088077 0.149078
0.123122 -0.088077 0.149078
0.123123 -0.088079 0.149077
0.123124 -0.088079 0.149078
0.123122 -0.088081 0.149078
0.123122 -0.088081 0.149077
0.123121 -0.088082 0.149078
0.123120 -0.088084 0.149078
0.123119 -0.088083 0.149079
0.123118 -0.088083 0.149079
0.123113 -0.088081 0.149084
0.123111 -0.088081 0.149085
0.123110 -0.088081 0.149086
0.123109 -0.088081 0.149087
0.123110 -0.088083 0.149091
0.123112 -0.088084 0.149093
0.123112 -0.088083 0.149096
0.123113 -0.088084 0.149099
0.123115 -0.088086 0.149102
0.123116 -0.088087 0.149105
0.123116 -0.088089 0.149110
0.123119 -0.088093 0.149116
0.123123 -0.088098 0.149121
0.123127 -0.088104 0.149126
0.123129 -0.088108 0.149130
0.123132 -0.088113 0.149133
0.123133 -0.088118 0.149135
0.123135 -0.088124 0.149139
0.123139 -0.088131 0.149142
0.123142 -0.088139 0.149147
0.123143 -0.088144 0.149150
0.123142 -0.088149 0.149155
0.123137 -0.088153 0.149161
0.123134 -0.088157 0.149169
0.123131 -0.088162 0.149173
0.123130 -0.088169 0.149177
0.123129 -0.088177 0.149183
0.123126 -0.088182 0.149190
0.123122 -0.088183 0.149193
0.123117 -0.088183 0.149191
0.123111 -0.088183 0.149190
0.123107 -0.088182 0.149189
0.123095 -0.088179 0.149186
0.123082 -0.088177 0.149182
0.123074 -0.088176 0.149178
0.123066 -0.088177 0.149174
0.123063 -0.088177 0.149171
0.123052 -0.088175 0.149169
0.123042 -0.088174 0.149166
0.123033 -0.088176 0.149163
0.123028 -0.088182 0.149159
0.123025 -0.088186 0.149155
0.123023 -0.088194 0.149151
0.123023 -0.088197 0.149147
0.123018 -0.088199 0.149141
0.123013 -0.088201 0.149138
0.123001 -0.088201 0.149137
0.122992 -0.088202 0.149139
0.122989 -0.088201 0.149138
0.122976 -0.088200 0.149134
0.122960 -0.088198 0.149127
0.122940 -0.088192 0.149120
0.122919 -0.088186 0.149111
0.122911 -0.088186 0.149105
0.122896 -0.088184 0.149095
0.122879 -0.088184 0.149086
0.122859 -0.088179 0.149078
0.122841 -0.088174 0.149071
0.122819 -0.088172 0.149062
0.122798 -0.088171 0.149054
0.122768 -0.088168 0.149043
0.122734 -0.088165 0.149030
0.122698 -0.088165 0.149011
0.122659 -0.088167 0.148986
0.122638 -0.088167 0.148971
0.122601 -0.088165 0.148950
0.122552 -0.088158 0.148925
0.122486 -0.088148 0.148893
0.122403 -0.088125 0.148862
0.122362 -0.088111 0.148847
0.122287 -0.088086 0.148821
0.122171 -0.088051 0.148780
0.122094 -0.088035 0.148749
0.122024 -0.088024 0.148716
0.121947 -0.088013 0.148678
0.121858 -0.087995 0.148635
0.121757 -0.087970 0.148588
0.121650 -0.087944 0.148539
0.121533 -0.087913 0.148486
0.121430 -0.087883 0.148437
0.121430 -0.087883 0.148437
0.121153 -0.087790 0.148305
0.120924 -0.087715 0.148192
0.120802 -0.087677 0.148134
0.120601 -0.087622 0.148038
0.120481 -0.087590 0.147976
0.120361 -0.087558 0.147913
0.120237 -0.087522 0.147844
0.120055 -0.087465 0.147743
0.119920 -0.087421 0.147668
0.119722 -0.087348 0.147562
0.119511 -0.087260 0.147443
0.119320 -0.087176 0.147330
0.119162 -0.087104 0.147230
0.118975 -0.087021 0.147101
0.118794 -0.086937 0.146966
0.118627 -0.086855 0.146829
0.118382 -0.086728 0.146619
0.118213 -0.086639 0.146471
0.118093 -0.086572 0.146368
0.117848 -0.086426 0.146160
0.117728 -0.086351 0.146055
0.117545 -0.086235 0.145893
0.117390 -0.086135 0.145753
0.117236 -0.086033 0.145612
0.117088 -0.085930 0.145468
0.116839 -0.085741 0.145203
0.116709 -0.085636 0.145049
0.116443 -0.085390 0.144717
0.116277 -0.085222 0.144506
0.116111 -0.085044 0.144293
0.116007 -0.084924 0.144148
0.115868 -0.084746 0.143930
0.115698 -0.084523 0.143641
0.115615 -0.084409 0.143490
0.115517 -0.084273 0.143323
0.115316 -0.083977 0.143013
0.115268 -0.083896 0.142935
0.115118 -0.083626 0.142667
0.115031 -0.083452 0.142480
0.114974 -0.083306 0.142323
0.114927 -0.083163 0.142187
0.114877 -0.082983 0.142036
0.114864 -0.082930 0.141996
0.114824 -0.082583 0.141726
0.114850 -0.082492 0.141638
0.114891 -0.082428 0.141555
0.115003 -0.082297 0.141391
0.115048 -0.082222 0.141336
0.115104 -0.082135 0.141293
0.115229 -0.082038 0.141240
0.115341 -0.082012 0.141212
0.115493 -0.082006 0.141185
0.115655 -0.081996 0.141168
0.115844 -0.081957 0.141171
0.116090 -0.081906 0.141207
0.116195 -0.081892 0.141229
0.116458 -0.081890 0.141300
0.116685 -0.081911 0.141371
0.117008 -0.081947 0.141478
0.117214 -0.081960 0.141553
0.117425 -0.081962 0.141639
0.117721 -0.081964 0.141769
0.118036 -0.081981 0.141905
0.118463 -0.082043 0.142079
0.118679 -0.082080 0.142165
0.119018 -0.082130 0.142303
0.119325 -0.082142 0.142438
0.119582 -0.082131 0.142570
0.119846 -0.082132 0.142714
0.120139 -0.082168 0.142861
0.120452 -0.082235 0.143011
0.120818 -0.082320 0.143187
0.121124 -0.082380 0.143342
0.121491 -0.082430 0.143543
0.121813 -0.082463 0.143724
0.122060 -0.082490 0.143865
0.122392 -0.082539 0.144056
0.122675 -0.082593 0.144229
0.122988 -0.082661 0.144433
0.123303 -0.082737 0.144643
0.123569 -0.082800 0.144828
0.123864 -0.082868 0.145037
0.124117 -0.082930 0.145213
0.124475 -0.083041 0.145459
0.124653 -0.083102 0.145581
0.124900 -0.083183 0.145752
0.125135 -0.083261 0.145918
0.125294 -0.083309 0.146030
0.125598 -0.083403 0.146237
0.125837 -0.083484 0.146398
0.126051 -0.083569 0.146541
0.126265 -0.083664 0.146686
0.126445 -0.083752 0.146812
0.126734 -0.083891 0.147018
0.126954 -0.083994 0.147182
0.127142 -0.084097 0.147322
0.127329 -0.084211 0.147467
0.127519 -0.084334 0.147617
0.127733 -0.084475 0.147783
0.127936 -0.084619 0.147935
0.128155 -0.084774 0.148092
0.128319 -0.084888 0.148212
0.128485 -0.084998 0.148325
0.128674 -0.085129 0.148441
0.128861 -0.085262 0.148543
0.129025 -0.085372 0.148625
0.129184 -0.085479 0.148699
0.129373 -0.085615 0.148791
0.129509 -0.085717 0.148853
0.129622 -0.085804 0.148905
0.129776 -0.085920 0.148972
0.129937 -0.086038 0.149029
0.130112 -0.086169 0.149088
0.130281 -0.086293 0.149135
0.130389 -0.086369 0.149161
0.130543 -0.086474 0.149193
0.130670 -0.086560 0.149220
0.130837 -0.086673 0.149254
0.130925 -0.086736 0.149274
0.131041 -0.086816 0.149301
0.131197 -0.086921 0.149345
0.131263 -0.086965 0.149366
0.131343 -0.087023 0.149397
0.131415 -0.087071 0.149430
0.131472 -0.087102 0.149457
0.131516 -0.087123 0.149483
0.131542 -0.087130 0.149504
0.131580 -0.087133 0.149527
0.131606 -0.087125 0.149547
0.131620 -0.087101 0.149569
0.131629 -0.087073 0.149585
0.131637 -0.087039 0.149604
0.131643 -0.087018 0.149616
0.131651 -0.086981 0.149635
0.131658 -0.086960 0.149642
0.131664 -0.086937 0.149646
0.131670 -0.086915 0.149651
0.131673 -0.086893 0.149651
0.131677 -0.086866 0.149649
0.131677 -0.086831 0.149644
0.131679 -0.086805 0.149637
0.131686 -0.086772 0.149626
0.131695 -0.086734 0.149610
0.131700 -0.086704 0.149596
0.131703 -0.086665 0.149576
0.131704 -0.086624 0.149556
0.131709 -0.086581 0.149532
0.131713 -0.086542 0.149512
0.131716 -0.086510 0.149495
0.131718 -0.086464 0.149472
0.131722 -0.086428 0.149460
0.131723 -0.086389 0.149450
0.131721 -0.086343 0.149443
0.131713 -0.086285 0.149435
0.131706 -0.086237 0.149428
0.131704 -0.086192 0.149423
0.131704 -0.086151 0.149420
0.131711 -0.086113 0.149418
0.131717 -0.086080 0.149419
0.131719 -0.086050 0.149421
0.131713 -0.086013 0.149426
0.131697 -0.085973 0.149432
0.131684 -0.085945 0.149436
0.131665 -0.085909 0.149441
0.131647 -0.085878 0.149446
0.131621 -0.085843 0.149449
0.131591 -0.085811 0.149453
0.131556 -0.085775 0.149456
0.131541 -0.085756 0.149458
0.131513 -0.085725 0.149463
0.131489 -0.085703 0.149464
0.131470 -0.085691 0.149464
0.131442 -0.085673 0.149463
0.131418 -0.085659 0.149464
0.131393 -0.085645 0.149461
0.131372 -0.085639 0.149459
0.131346 -0.085632 0.149455
0.131326 -0.085628 0.149452
0.131297 -0.085623 0.149444
0.131264 -0.085618 0.149438
0.131229 -0.085615 0.149429
0.131204 -0.085614 0.149421
0.131171 -0.085612 0.149410
0.131145 -0.085607 0.149401
0.131112 -0.085602 0.149388
0.131082 -0.085599 0.149377
0.131046 -0.085593 0.149364
0.131002 -0.085589 0.149347
0.130961 -0.085584 0.149330
0.130918 -0.085579 0.149313
0.130878 -0.085573 0.149296
0.130839 -0.085566 0.149282
0.130788 -0.085555 0.149264
0.130745 -0.085549 0.149246
0.130699 -0.085541 0.149229
0.130653 -0.085531 0.149212
0.130609 -0.085522 0.149195
0.130554 -0.085510 0.149175
0.130504 -0.085498 0.149159
0.130450 -0.085483 0.149140
0.130409 -0.085472 0.149125
0.130352 -0.085457 0.149104
0.130297 -0.085443 0.149084
0.130249 -0.085429 0.149066
0.130200 -0.085415 0.149048
0.130151 -0.085399 0.149032
0.130103 -0.085384 0.149017
0.130040 -0.085362 0.148996
0.129979 -0.085339 0.148977
0.129922 -0.085315 0.148959
0.129865 -0.085289 0.148941
0.129806 -0.085262 0.148920
0.129742 -0.085230 0.148897
0.129674 -0.085196 0.148871
0.129610 -0.085162 0.148844
0.129536 -0.085122 0.148809
0.129466 -0.085083 0.148776
0.129390 -0.085038 0.148740
0.129312 -0.084994 0.148701
0.129236 -0.084950 0.148661
0.129153 -0.084905 0.148621
0.129062 -0.084853 0.148580
0.128942 -0.084788 0.148526
0.128832 -0.084730 0.148477
0.128723 -0.084673 0.148425
0.128615 -0.084616 0.148374
0.128497 -0.084557 0.148317
0.128367 -0.084492 0.148256
0.128228 -0.084418 0.148192
0.128080 -0.084338 0.148125
0.127903 -0.084239 0.148045
0.127743 -0.084157 0.147974
0.127582 -0.084076 0.147898
0.127417 -0.083992 0.147820
0.127248 -0.083907 0.147737
0.127065 -0.083815 0.147652
0.126877 -0.083719 0.147567
0.126681 -0.083618 0.147484
0.126548 -0.083550 0.147425
0.126381 -0.083467 0.147349
0.126217 -0.083387 0.147272
0.126023 -0.083289 0.147177
0.125860 -0.083209 0.147100
0.125657 -0.083106 0.147007
0.125438 -0.082987 0.146913
0.125249 -0.082884 0.146832
0.125022 -0.082760 0.146738
0.124843 -0.082665 0.146661
0.124635 -0.082555 0.146570
0.124463 -0.082463 0.146495
0.124250 -0.082342 0.146406
0.124067 -0.082235 0.146333
0.123877 -0.082125 0.146264
0.123648 -0.081995 0.146186
0.123462 -0.081891 0.146126
0.123323 -0.081813 0.146079
0.123127 -0.081700 0.146011
0.122936 -0.081584 0.145945
0.122733 -0.081461 0.145887
0.122516 -0.081331 0.145837
0.122332 -0.081218 0.145801
0.122132 -0.081097 0.145759
0.121956 -0.080992 0.145718
0.121799 -0.080896 0.145679
0.121652 -0.080797 0.145646
0.121497 -0.080687 0.145622
0.121326 -0.080557 0.145602
0.121170 -0.080436 0.145590
0.121017 -0.080314 0.145580
0.120801 -0.080140 0.145567
0.120670 -0.080034 0.145563
0.120538 -0.079918 0.145564
0.120448 -0.079830 0.145567
0.120288 -0.079672 0.145586
0.120180 -0.079559 0.145607
0.120059 -0.079424 0.145638
0.119951 -0.079300 0.145675
0.119855 -0.079178 0.145720
0.119794 -0.079089 0.145758
0.119753 -0.079025 0.145796
0.119710 -0.078954 0.145845
0.119657 -0.078863 0.145907
0.119609 -0.078787 0.145957
0.119531 -0.078661 0.146037
0.119470 -0.078545 0.146113
0.119440 -0.078449 0.146192
0.119436 -0.078383 0.146269
0.119453 -0.078330 0.146357
0.119459 -0.078282 0.146435
0.119428 -0.078179 0.146552
0.119400 -0.078115 0.146618
0.119362 -0.078012 0.146740
0.119351 -0.077958 0.146825
0.119356 -0.077913 0.146921
0.119363 -0.077865 0.147027
0.119367 -0.077827 0.147101
0.119364 -0.077752 0.147240
0.119357 -0.077714 0.147320
0.119352 -0.077673 0.147415
0.119353 -0.077637 0.147505
0.119359 -0.077605 0.147606
0.119366 -0.077586 0.147675
0.119376 -0.077571 0.147744
0.119390 -0.077559 0.147829
0.119409 -0.077556 0.147927
0.119428 -0.077560 0.148007
0.119452 -0.077574 0.148081
0.119480 -0.077597 0.148157
0.119507 -0.077622 0.148217
0.119559 -0.077673 0.148315
0.119593 -0.077714 0.148379
0.119633 -0.077771 0.148455
0.119674 -0.077833 0.148528
0.119681 -0.077844 0.148539
0.119751 -0.077961 0.148650
0.119819 -0.078081 0.148751
0.119901 -0.078225 0.148849
0.119973 -0.078352 0.148922
0.120043 -0.078470 0.148986
0.120127 -0.078609 0.149057
0.120191 -0.078721 0.149110
0.120277 -0.078881 0.149184
0.120367 -0.079045 0.149260
0.120421 -0.079149 0.149306
0.120513 -0.079316 0.149379
0.120593 -0.079461 0.149439
0.120691 -0.079633 0.149504
0.120771 -0.079768 0.149553
0.120867 -0.079927 0.149606
0.121017 -0.080183 0.149683
0.121085 -0.080301 0.149714
0.121195 -0.080489 0.149760
0.121281 -0.080631 0.149796
0.121400 -0.080821 0.149838
0.121513 -0.081010 0.149873
0.121615 -0.081176 0.149901
0.121715 -0.081338 0.149927
0.121830 -0.081524 0.149956
0.121944 -0.081708 0.149982
0.122048 -0.081870 0.150002
0.122151 -0.082031 0.150020
0.122268 -0.082211 0.150041
0.122370 -0.082364 0.150058
0.122470 -0.082514 0.150072
0.122611 -0.082723 0.150095
0.122666 -0.082801 0.150104
0.122817 -0.083011 0.150128
0.122924 -0.083151 0.150142
0.123019 -0.083267 0.150157
0.123100 -0.083361 0.150169
0.123219 -0.083492 0.150185
0.123309 -0.083586 0.150196
0.123372 -0.083648 0.150205
0.123502 -0.083762 0.150222
0.123607 -0.083843 0.150237
0.123695 -0.083905 0.150248
0.123799 -0.083969 0.150263
0.123862 -0.084006 0.150275
0.123955 -0.084055 0.150291
0.124070 -0.084103 0.150316
0.124163 -0.084131 0.150345
0.124248 -0.084150 0.150371
0.124351 -0.084169 0.150399
0.124430 -0.084178 0.150423
0.124543 -0.084178 0.150458
0.124602 -0.084172 0.150476
0.124684 -0.084158 0.150501
0.124765 -0.084137 0.150525
0.124849 -0.084110 0.150549
0.124948 -0.084073 0.150574
0.125013 -0.084048 0.150587
0.125137 -0.083990 0.150610
0.125232 -0.083940 0.150627
0.125343 -0.083874 0.150646
0.125411 -0.083829 0.150656
0.125514 -0.083766 0.150671
0.125606 -0.083712 0.150683
0.125695 -0.083656 0.150690
0.125821 -0.083565 0.150699
0.125904 -0.083500 0.150707
0.125975 -0.083448 0.150714
0.126092 -0.083377 0.150724
0.126162 -0.083341 0.150727
0.126291 -0.083275 0.150730
0.126361 -0.083239 0.150731
0.126473 -0.083175 0.150738
0.126549 -0.083132 0.150743
0.126649 -0.083074 0.150750
0.126756 -0.083012 0.150752
0.126825 -0.082975 0.150751
0.126915 -0.082935 0.150746
0.127050 -0.082888 0.150741
0.127153 -0.082857 0.150738
0.127220 -0.082837 0.150737
0.127322 -0.082812 0.150737
0.127428 -0.082792 0.150738
0.127537 -0.082775 0.150739
0.127616 -0.082764 0.150738
0.127693 -0.082756 0.150737
0.127828 -0.082747 0.150734
0.127927 -0.082749 0.150733
0.127999 -0.082753 0.150731
0.128073 -0.082757 0.150727
0.128202 -0.082767 0.150721
0.128307 -0.082783 0.150716
0.128395 -0.082801 0.150711
0.128478 -0.082823 0.150708
0.128552 -0.082843 0.150701
0.128597 -0.082856 0.150699
0.128704 -0.082889 0.150690
0.128746 -0.082903 0.150684
0.128802 -0.082924 0.150678
0.128867 -0.082949 0.150668
0.128934 -0.082973 0.150654
0.128991 -0.082994 0.150642
0.129058 -0.083018 0.150626
0.129113 -0.083038 0.150609
0.129166 -0.083057 0.150590
0.129222 -0.083078 0.150569
0.129272 -0.083098 0.150548
0.129330 -0.083121 0.150525
0.129379 -0.083142 0.150505
0.129425 -0.083157 0.150487
0.129468 -0.083170 0.150467
0.129516 -0.083185 0.150448
0.129562 -0.083197 0.150429
0.129604 -0.083203 0.150411
0.129646 -0.083205 0.150391
0.129690 -0.083201 0.150368
0.129738 -0.083194 0.150341
0.129776 -0.083185 0.150322
0.129829 -0.083170 0.150297
0.129884 -0.083153 0.150273
0.129933 -0.083138 0.150255
0.129992 -0.083122 0.150236
0.130045 -0.083108 0.150215
0.130106 -0.083088 0.150197
0.130157 -0.083069 0.150179
0.130208 -0.083049 0.150162
0.130258 -0.083023 0.150145
0.130313 -0.082986 0.150129
0.130367 -0.082942 0.150107
0.130418 -0.082903 0.150087
0.130476 -0.082857 0.150065
0.130530 -0.082821 0.150044
0.130589 -0.082776 0.150023
0.130638 -0.082735 0.150006
0.130689 -0.082682 0.149987
0.130735 -0.082637 0.149970
0.130783 -0.082592 0.149951
0.130836 -0.082546 0.149930
0.130881 -0.082509 0.149911
0.130931 -0.082468 0.149890
0.130971 -0.082432 0.149871
0.131008 -0.082393 0.149852
0.131046 -0.082350 0.149832
0.131077 -0.082315 0.149814
0.131109 -0.082280 0.149793
0.131139 -0.082251 0.149777
0.131162 -0.082227 0.149764
0.131186 -0.082203 0.149751
0.131206 -0.082185 0.149739
0.131224 -0.082171 0.149732
0.131240 -0.082159 0.149726
0.131249 -0.082151 0.149723
0.131254 -0.082144 0.149720
0.131261 -0.082140 0.149714
0.131268 -0.082139 0.149709
0.131274 -0.082142 0.149702
0.131279 -0.082151 0.149695
0.131279 -0.082162 0.149687
0.131279 -0.082173 0.149680
0.131274 -0.082187 0.149675
0.131268 -0.082200 0.149671
0.131264 -0.082214 0.149665
0.131257 -0.082235 0.149660
0.131253 -0.082251 0.149656
0.131246 -0.082273 0.149652
0.131240 -0.082291 0.149649
0.131234 -0.082302 0.149647
0.131217 -0.082341 0.149645
0.131216 -0.082345 0.149646
0.131196 -0.082386 0.149654
0.131177 -0.082410 0.149664
0.131163 -0.082428 0.149673
0.131143 -0.082450 0.149685
0.131124 -0.082468 0.149696
0.131098 -0.082490 0.149709
0.131078 -0.082507 0.149720
0.131063 -0.082522 0.149727
0.131051 -0.082530 0.149732
0.131035 -0.082539 0.149738
0.131010 -0.082547 0.149747
0.130992 -0.082551 0.149753
0.130970 -0.082556 0.149761
0.130956 -0.082559 0.149764
0.130941 -0.082557 0.149771
0.130919 -0.082550 0.149778
0.130898 -0.082540 0.149787
0.130880 -0.082529 0.149796
0.130856 -0.082519 0.149809
0.130830 -0.082508 0.149821
0.130801 -0.082491 0.149832
0.130758 -0.082465 0.149850
0.130729 -0.082448 0.149860
0.130691 -0.082435 0.149866
0.130672 -0.082428 0.149869
0.130633 -0.082416 0.149872
0.130574 -0.082398 0.149878
0.130544 -0.082391 0.149880
0.130503 -0.082381 0.149879
0.130453 -0.082369 0.149878
0.130383 -0.082353 0.149877
0.130305 -0.082340 0.149877
0.130251 -0.082332 0.149878
0.130159 -0.082316 0.149880
0.130068 -0.082299 0.149882
0.129972 -0.082284 0.149885
0.129912 -0.082275 0.149886
0.129815 -0.082265 0.149886
0.129694 -0.082254 0.149881
0.129616 -0.082248 0.149874
0.129506 -0.082235 0.149858
0.129385 -0.082223 0.149841
0.129234 -0.082212 0.149822
0.129109 -0.082205 0.149810
0.128999 -0.082203 0.149800
0.128798 -0.082198 0.149788
0.128628 -0.082195 0.149781
0.128518 -0.082194 0.149782
0.128358 -0.082192 0.149784
0.128192 -0.082191 0.149781
0.128167 -0.082191 0.149780
0.128022 -0.082189 0.149775
0.127775 -0.082185 0.149764
0.127652 -0.082183 0.149758
0.127374 -0.082189 0.149748
0.127222 -0.082197 0.149743
0.126987 -0.082204 0.149737
0.126820 -0.082209 0.149734
0.126621 -0.082220 0.149733
0.126449 -0.082235 0.149734
0.126211 -0.082259 0.149735
0.125964 -0.082287 0.149732
0.125742 -0.082307 0.149722
0.125523 -0.082330 0.149712
0.125301 -0.082354 0.149705
0.125068 -0.082372 0.149693
0.124856 -0.082380 0.149684
0.124711 -0.082384 0.149679
0.124421 -0.082389 0.149670
0.124277 -0.082394 0.149669
0.123916 -0.082414 0.149668
0.123624 -0.082432 0.149669
0.123405 -0.082441 0.149670
0.123148 -0.082453 0.149666
0.122925 -0.082463 0.149661
0.122695 -0.082474 0.149656
0.122423 -0.082487 0.149650
0.122154 -0.082489 0.149644
0.121840 -0.082474 0.149630
0.121638 -0.082456 0.149617
0.121220 -0.082410 0.149579
0.120965 -0.082377 0.149557
0.120755 -0.082352 0.149541
0.120550 -0.082327 0.149523
0.120278 -0.082296 0.149493
0.120085 -0.082274 0.149470
0.119818 -0.082237 0.149437
0.119663 -0.082209 0.149420
0.119388 -0.082149 0.149394
0.119148 -0.082088 0.149375
0.118948 -0.082031 0.149358
0.118712 -0.081964 0.149337
0.118486 -0.081902 0.149315
0.118273 -0.081842 0.149296
0.118062 -0.081772 0.149280
0.117805 -0.081671 0.149260
0.117539 -0.081550 0.149231
0.117227 -0.081396 0.149193
0.117041 -0.081301 0.149171
0.116804 -0.081177 0.149147
0.116649 -0.081092 0.149133
0.116468 -0.080981 0.149115
0.116285 -0.080861 0.149095
0.116089 -0.080722 0.149070
0.115813 -0.080512 0.149037
0.115571 -0.080318 0.149017
0.115370 -0.080149 0.149003
0.115187 -0.079986 0.148989
0.115127 -0.079931 0.148983
0.114874 -0.079682 0.148958
0.114791 -0.079595 0.148952
0.114492 -0.079264 0.148939
0.114276 -0.079005 0.148944
0.114139 -0.078837 0.148947
0.113974 -0.078630 0.148951
0.113812 -0.078424 0.148955
0.113659 -0.078221 0.148959
0.113611 -0.078154 0.148962
0.113301 -0.077676 0.148980
0.113215 -0.077532 0.148987
0.113088 -0.077315 0.148995
0.112903 -0.076987 0.149014
0.112750 -0.076701 0.149038
0.112664 -0.076525 0.149058
0.112541 -0.076256 0.149090
0.112418 -0.075962 0.149130
0.112355 -0.075802 0.149155
0.112238 -0.075487 0.149213
0.112180 -0.075331 0.149248
0.112095 -0.075085 0.149304
0.111996 -0.074786 0.149376
0.111945 -0.074619 0.149421
0.111896 -0.074457 0.149470
0.111848 -0.074282 0.149526
0.111798 -0.074053 0.149605
0.111777 -0.073910 0.149662
0.111764 -0.073814 0.149701
0.111748 -0.073667 0.149766
0.111742 -0.073495 0.149851
0.111739 -0.073428 0.149886
0.111739 -0.073367 0.149922
0.111751 -0.073213 0.150020
0.111763 -0.073152 0.150065
0.111769 -0.073132 0.150081
0.111814 -0.073044 0.150167
0.111841 -0.073010 0.150208
0.111845 -0.073003 0.150216
0.111896 -0.072945 0.150296
0.111924 -0.072917 0.150346
0.111953 -0.072892 0.150391
0.111999 -0.072859 0.150460
0.111999 -0.072859 0.150460
0.112073 -0.072829 0.150551
0.112073 -0.072829 0.150551
0.112174 -0.072819 0.150644
0.112225 -0.072824 0.150684
0.112292 -0.072835 0.150733
0.112350 -0.072850 0.150772
0.112426 -0.072872 0.150818
0.112509 -0.072897 0.150863
0.112560 -0.072916 0.150888
0.112653 -0.072953 0.150930
0.112708 -0.072976 0.150954
0.112832 -0.073036 0.151006
0.112917 -0.073079 0.151040
0.113004 -0.073125 0.151070
0.113137 -0.073198 0.151117
0.113208 -0.073242 0.151143
0.113323 -0.073316 0.151178
0.113468 -0.073417 0.151221
0.113557 -0.073483 0.151245
0.113649 -0.073552 0.151270
0.113751 -0.073633 0.151297
0.113851 -0.073717 0.151322
0.113950 -0.073805 0.151345
0.114052 -0.073900 0.151365
0.114166 -0.074012 0.151387
0.114246 -0.074099 0.151401
0.114363 -0.074229 0.151421
0.114377 -0.074247 0.151423
0.114515 -0.074407 0.151444
0.114584 -0.074492 0.151453
0.114651 -0.074581 0.151460
0.114752 -0.074722 0.151471
0.114812 -0.074813 0.151476
0.114846 -0.074868 0.151478
0.114939 -0.075021 0.151484
0.114953 -0.075044 0.151485
0.115035 -0.075201 0.151489
0.115077 -0.075281 0.151490
0.115133 -0.075400 0.151489
0.115192 -0.075540 0.151487
0.115242 -0.075661 0.151480
0.115291 -0.075792 0.151474
0.115332 -0.075909 0.151467
0.115381 -0.076079 0.151460
0.115416 -0.076215 0.151453
0.115434 -0.076292 0.151449
0.115471 -0.076448 0.151441
0.115505 -0.076585 0.151433
0.115551 -0.076787 0.151418
0.115593 -0.076963 0.151401
0.115614 -0.077049 0.151392
0.115654 -0.077223 0.151371
0.115695 -0.077410 0.151345
0.115718 -0.077552 0.151325
0.115744 -0.077710 0.151306
0.115759 -0.077803 0.151295
0.115777 -0.077935 0.151281
0.115799 -0.078095 0.151263
0.115824 -0.078283 0.151245
0.115838 -0.078393 0.151238
0.115849 -0.078501 0.151232
0.115865 -0.078639 0.151224
0.115883 -0.078787 0.151218
0.115897 -0.078893 0.151213
0.115911 -0.078999 0.151210
0.115930 -0.079115 0.151206
0.115954 -0.079221 0.151202
0.115973 -0.079311 0.151195
0.115993 -0.079400 0.151186
0.116008 -0.079471 0.151179
0.116025 -0.079543 0.151171
0.116044 -0.079604 0.151162
0.116064 -0.079660 0.151151
0.116079 -0.079697 0.151144
0.116094 -0.079728 0.151137
0.116112 -0.079754 0.151134
0.116135 -0.079778 0.151133
0.116151 -0.079791 0.151132
0.116175 -0.079800 0.151134
0.116199 -0.079800 0.151139
0.116221 -0.079795 0.151144
0.116246 -0.079783 0.151153
0.116276 -0.079766 0.151166
0.116300 -0.079748 0.151176
0.116327 -0.079722 0.151185
0.116359 -0.079687 0.151192
0.116414 -0.079627 0.151198
0.116460 -0.079578 0.151198
0.116505 -0.079529 0.151196
0.116556 -0.079477 0.151192
0.116623 -0.079414 0.151186
0.116688 -0.079361 0.151175
0.116782 -0.079299 0.151157
0.116875 -0.079240 0.151139
0.116975 -0.079180 0.151124
0.117096 -0.079104 0.151106
0.117193 -0.079041 0.151087
0.117302 -0.078971 0.151069
0.117390 -0.078917 0.151057
0.117551 -0.078830 0.151045
0.117670 -0.078769 0.151039
0.117794 -0.078708 0.151031
0.117963 -0.078632 0.151019
0.118144 -0.078562 0.151003
0.118307 -0.078502 0.150988
0.118451 -0.078447 0.150974
0.118623 -0.078388 0.150957
0.118805 -0.078333 0.150940
0.118971 -0.078287 0.150927
0.119191 -0.078232 0.150913
0.119381 -0.078189 0.150895
0.119551 -0.078156 0.150878
0.119754 -0.078126 0.150857
0.119940 -0.078106 0.150841
0.120159 -0.078084 0.150822
0.120323 -0.078070 0.150806
0.120601 -0.078052 0.150782
0.120793 -0.078043 0.150766
0.120984 -0.078042 0.150748
0.121259 -0.078057 0.150723
0.121490 -0.078080 0.150711
0.121705 -0.078106 0.150708
0.121942 -0.078137 0.150704
0.122176 -0.078171 0.150697
0.122396 -0.078205 0.150684
0.122565 -0.078231 0.150671
0.122774 -0.078262 0.150649
0.122956 -0.078294 0.150627
0.123189 -0.078351 0.150609
0.123405 -0.078414 0.150603
0.123664 -0.078499 0.150595
0.123881 -0.078578 0.150583
0.124090 -0.078661 0.150569
0.124255 -0.078734 0.150558
0.124498 -0.078849 0.150548
0.124674 -0.078941 0.150543
0.124929 -0.079078 0.150531
0.125178 -0.079212 0.150525
0.125397 -0.079328 0.150518
0.125610 -0.079441 0.150512
0.125807 -0.079550 0.150507
0.126034 -0.079681 0.150497
0.126198 -0.079777 0.150483
0.126469 -0.079940 0.150452
0.126716 -0.080093 0.150419
0.126934 -0.080230 0.150399
0.127196 -0.080391 0.150390
0.127418 -0.080524 0.150384
0.127670 -0.080670 0.150379
0.127890 -0.080798 0.150368
0.128150 -0.080955 0.150351
0.128372 -0.081090 0.150338
0.128446 -0.081135 0.150333
0.128832 -0.081369 0.150307
0.129067 -0.081501 0.150290
0.129275 -0.081610 0.150279
0.129529 -0.081737 0.150272
0.129746 -0.081840 0.150269
0.130069 -0.081995 0.150270
0.130210 -0.082059 0.150272
0.130386 -0.082133 0.150278
0.130670 -0.082241 0.150283
0.130909 -0.082325 0.150287
0.131115 -0.082403 0.150286
0.131317 -0.082479 0.150285
0.131514 -0.082549 0.150282
0.131731 -0.082615 0.150275
0.131907 -0.082658 0.150267
0.132078 -0.082692 0.150258
0.132356 -0.082737 0.150254
0.132436 -0.082748 0.150257
0.132661 -0.082787 0.150279
0.132819 -0.082818 0.150301
0.132941 -0.082843 0.150314
0.133068 -0.082862 0.150322
0.133173 -0.082884 0.150323
0.133274 -0.082906 0.150324
0.133351 -0.082919 0.150323
0.133428 -0.082916 0.150311
0.133463 -0.082907 0.150294
0.133510 -0.082888 0.150258
0.133527 -0.082879 0.150239
0.133550 -0.082876 0.150214
0.133565 -0.082886 0.150191
0.133589 -0.082917 0.150157
0.133586 -0.082925 0.150144
0.133542 -0.082924 0.150124
0.133502 -0.082920 0.150117
0.133458 -0.082915 0.150106
0.133398 -0.082909 0.150092
0.133303 -0.082906 0.150069
0.133261 -0.082904 0.150059
0.133178 -0.082899 0.150042
0.133011 -0.082886 0.150024
0.132949 -0.082881 0.150021
0.132815 -0.082873 0.150019
0.132653 -0.082868 0.150019
0.132476 -0.082863 0.150022
0.132387 -0.082862 0.150024
0.132239 -0.082863 0.150026
0.132025 -0.082863 0.150024
0.131906 -0.082862 0.150022
0.131731 -0.082850 0.150022
0.131629 -0.082839 0.150020
0.131413 -0.082810 0.150020
0.131274 -0.082788 0.150019
0.131139 -0.082764 0.150020
0.130989 -0.082733 0.150019
0.130861 -0.082700 0.150014
0.130776 -0.082676 0.150013
0.130579 -0.082610 0.150010
0.130448 -0.082562 0.150011
0.130357 -0.082528 0.150012
0.130242 -0.082480 0.150012
0.130034 -0.082392 0.150008
0.129843 -0.082300 0.150006
0.129744 -0.082245 0.150009
0.129584 -0.082152 0.150016
0.129434 -0.082065 0.150023
0.129275 -0.081978 0.150025
0.129090 -0.081882 0.150024
0.129013 -0.081843 0.150022
0.128877 -0.081774 0.150023
0.128671 -0.081679 0.150028
0.128493 -0.081591 0.150037
0.128343 -0.081512 0.150045
0.128244 -0.081456 0.150048
0.127962 -0.081299 0.150043
0.127747 -0.081184 0.150033
0.127599 -0.081102 0.150027
0.127485 -0.081038 0.150019
0.127447 -0.081016 0.150017
0.127291 -0.080927 0.150004
0.127165 -0.080855 0.149995
0.127042 -0.080788 0.149982
0.126844 -0.080684 0.149959
0.126732 -0.080625 0.149944
0.126526 -0.080519 0.149917
0.126400 -0.080455 0.149899
0.126277 -0.080398 0.149877
0.126156 -0.080341 0.149855
0.125945 -0.080250 0.149813
0.125839 -0.080206 0.149793
0.125714 -0.080157 0.149768
0.125583 -0.080109 0.149739
0.125430 -0.080056 0.149707
0.125260 -0.080008 0.149668
0.125149 -0.079984 0.149640
0.124979 -0.079955 0.149596
0.124846 -0.079933 0.149565
0.124690 -0.079906 0.149533
0.124550 -0.079885 0.149505
0.124405 -0.079867 0.149475
0.124238 -0.079848 0.149440
0.124134 -0.079838 0.149416
0.123966 -0.079829 0.149377
0.123817 -0.079825 0.149342
0.123668 -0.079823 0.149304
0.123518 -0.079818 0.149269
0.123326 -0.079808 0.149227
0.123160 -0.079800 0.149194
0.122963 -0.079795 0.149159
0.122790 -0.079796 0.149130
0.122592 -0.079803 0.149098
0.122424 -0.079814 0.149072
0.122230 -0.079826 0.149044
0.122078 -0.079832 0.149026
0.121879 -0.079835 0.149004
0.121665 -0.079838 0.148986
0.121472 -0.079841 0.148971
0.121287 -0.079848 0.148959
0.121080 -0.079866 0.148953
0.120826 -0.079883 0.148949
0.120618 -0.079884 0.148951
0.120400 -0.079877 0.148955
0.120148 -0.079863 0.148956
0.119929 -0.079849 0.148952
0.119688 -0.079845 0.148952
0.119469 -0.079841 0.148958
0.119290 -0.079830 0.148964
0.119044 -0.079795 0.148965
0.118806 -0.079750 0.148966
0.118565 -0.079704 0.148971
0.118413 -0.079677 0.148978
0.118177 -0.079648 0.148990
0.117927 -0.079612 0.149005
0.117766 -0.079577 0.149016
0.117525 -0.079509 0.149037
0.117339 -0.079452 0.149051
0.117084 -0.079374 0.149062
0.116882 -0.079319 0.149072
0.116707 -0.079273 0.149088
0.116583 -0.079227 0.149107
0.116407 -0.079130 0.149129
0.116234 -0.079013 0.149146
0.116083 -0.078909 0.149157
0.115902 -0.078782 0.149177
0.115770 -0.078684 0.149205
0.115665 -0.078582 0.149232
0.115570 -0.078460 0.149254
0.115459 -0.078289 0.149281
0.115388 -0.078175 0.149305
0.115330 -0.078083 0.149331
0.115222 -0.077918 0.149383
0.115144 -0.077792 0.149424
0.115076 -0.077653 0.149467
0.115035 -0.077532 0.149507
0.115001 -0.077407 0.149552
0.114971 -0.077277 0.149599
0.114940 -0.077148 0.149647
0.114933 -0.077111 0.149660
0.114898 -0.076918 0.149738
0.114878 -0.076726 0.149819
0.114871 -0.076609 0.149870
0.114872 -0.076497 0.149923
0.114887 -0.076392 0.149977
0.114911 -0.076263 0.150050
0.114928 -0.076165 0.150107
0.114942 -0.076112 0.150136
0.114997 -0.075974 0.150211
0.115041 -0.075885 0.150253
0.115087 -0.075800 0.150288
0.115178 -0.075663 0.150345
0.115207 -0.075623 0.150362
0.115219 -0.075609 0.150367
0.115340 -0.075455 0.150418
0.115420 -0.075370 0.150444
0.115487 -0.075314 0.150468
0.115558 -0.075268 0.150494
0.115633 -0.075230 0.150520
0.115693 -0.075203 0.150543
0.115767 -0.075170 0.150575
0.115864 -0.075149 0.150615
0.115965 -0.075152 0.150648
0.116041 -0.075161 0.150671
0.116188 -0.075187 0.150711
0.116306 -0.075223 0.150744
0.116473 -0.075296 0.150792
0.116633 -0.075375 0.150832
0.116784 -0.075449 0.150864
0.116952 -0.075545 0.150902
0.117109 -0.075643 0.150933
0.117285 -0.075749 0.150962
0.117465 -0.075856 0.150990
0.117610 -0.075942 0.151009
0.117730 -0.076014 0.151024
0.117916 -0.076125 0.151045
0.118201 -0.076288 0.151074
0.118402 -0.076406 0.151091
0.118601 -0.076532 0.151111
0.118727 -0.076618 0.151121
0.118918 -0.076749 0.151131
0.119159 -0.076915 0.151140
0.119277 -0.076997 0.151143
0.119498 -0.077156 0.151146
0.119663 -0.077284 0.151146
0.119818 -0.077399 0.151146
0.119961 -0.077502 0.151141
0.120116 -0.077616 0.151135
0.120245 -0.077710 0.151133
0.120375 -0.077812 0.151133
0.120566 -0.077974 0.151134
0.120675 -0.078079 0.151126
0.120782 -0.078189 0.151114
0.120868 -0.078274 0.151107
0.120938 -0.078353 0.151098
0.121001 -0.078435 0.151079
0.121043 -0.078505 0.151060
0.121093 -0.078608 0.151029
0.121109 -0.078648 0.151016
0.121135 -0.078732 0.150985
0.121145 -0.078817 0.150950
0.121141 -0.078882 0.150919
0.121115 -0.078997 0.150862
0.121089 -0.079066 0.150830
0.121041 -0.079137 0.150797
0.121001 -0.079172 0.150781
0.120985 -0.079184 0.150777
0.120985 -0.079184 0.150777
0.120920 -0.079219 0.150760
0.120920 -0.079219 0.150760
0.120792 -0.079286 0.150722
0.120673 -0.079352 0.150679
0.120673 -0.079352 0.150679
0.120485 -0.079450 0.150601
0.120430 -0.079472 0.150579
0.120246 -0.079532 0.150510
0.120115 -0.079569 0.150470
0.119939 -0.079620 0.150423
0.119845 -0.079648 0.150400
0.119666 -0.079702 0.150355
0.119505 -0.079752 0.150319
0.119360 -0.079798 0.150288
0.119254 -0.079831 0.150264
0.119074 -0.079885 0.150222
0.118890 -0.079941 0.150174
0.118772 -0.079974 0.150144
0.118631 -0.080014 0.150110
0.118583 -0.080027 0.150098
0.118288 -0.080107 0.150020
0.118103 -0.080156 0.149966
0.117876 -0.080223 0.149900
0.117672 -0.080287 0.149840
0.117546 -0.080328 0.149799
0.117311 -0.080406 0.149722
0.117062 -0.080483 0.149639
0.116797 -0.080561 0.149558
0.116558 -0.080647 0.149493
0.116291 -0.080758 0.149430
0.116061 -0.080865 0.149373
0.115796 -0.080984 0.149307
0.115367 -0.081181 0.149197
0.114916 -0.081390 0.149084
0.114565 -0.081554 0.148977
0.114373 -0.081658 0.148905
0.114089 -0.081841 0.148798
0.113961 -0.081927 0.148748
0.113798 -0.082031 0.148686
0.113601 -0.082146 0.148618
0.113428 -0.082242 0.148560
0.113251 -0.082335 0.148505
0.113069 -0.082422 0.148450
0.112914 -0.082496 0.148405
0.112731 -0.082585 0.148347
0.112536 -0.082699 0.148272
0.112353 -0.082824 0.148200
0.112224 -0.082914 0.148150
0.112091 -0.082998 0.148098
0.111931 -0.083090 0.148038
0.111761 -0.083177 0.147975
0.111614 -0.083252 0.147926
0.111437 -0.083342 0.147870
0.111267 -0.083437 0.147822
0.111131 -0.083518 0.147782
0.110974 -0.083618 0.147734
0.110814 -0.083720 0.147683
0.110654 -0.083817 0.147630
0.110518 -0.083897 0.147585
0.110360 -0.083987 0.147530
0.110206 -0.084072 0.147475
0.110081 -0.084144 0.147426
0.109936 -0.084233 0.147367
0.109817 -0.084301 0.147312
0.109705 -0.084372 0.147255
0.109619 -0.084426 0.147209
0.109448 -0.084531 0.147121
0.109294 -0.084617 0.147045
0.109140 -0.084697 0.146969
0.109029 -0.084754 0.146918
0.108902 -0.084821 0.146858
0.108796 -0.084875 0.146813
0.108654 -0.084948 0.146754
0.108514 -0.085017 0.146701
0.108375 -0.085080 0.146653
0.108245 -0.085135 0.146606
0.108110 -0.085186 0.146552
0.107979 -0.085230 0.146497
0.107896 -0.085256 0.146460
0.107761 -0.085296 0.146394
0.107635 -0.085320 0.146329
0.107528 -0.085330 0.146272
0.107405 -0.085330 0.146210
0.107285 -0.085318 0.146153
0.107170 -0.085297 0.146101
0.107078 -0.085274 0.146057
0.106980 -0.085250 0.146011
0.106878 -0.085213 0.145962
0.106806 -0.085179 0.145931
0.106720 -0.085124 0.145901
0.106612 -0.085040 0.145869
0.106561 -0.084990 0.145853
0.106503 -0.084922 0.145833
0.106460 -0.084852 0.145815
0.106434 -0.084780 0.145795
0.106416 -0.084711 0.145778
0.106398 -0.084620 0.145758
0.106382 -0.084519 0.145737
0.106383 -0.084414 0.145715
0.106406 -0.084311 0.145697
0.106453 -0.084211 0.145679
0.106505 -0.084128 0.145662
0.106564 -0.084044 0.145647
0.106625 -0.083938 0.145633
0.106684 -0.083799 0.145618
0.106736 -0.083677 0.145608
0.106846 -0.083509 0.145609
0.106968 -0.083396 0.145618
0.107057 -0.083312 0.145624
0.107175 -0.083165 0.145630
0.107296 -0.082963 0.145629
0.107353 -0.082873 0.145629
0.107540 -0.082683 0.145648
0.107636 -0.082618 0.145659
0.107807 -0.082488 0.145665
0.107969 -0.082246 0.145664
0.108031 -0.082101 0.145665
0.108116 -0.081935 0.145669
0.108271 -0.081739 0.145680
0.108441 -0.081587 0.145687
0.108748 -0.081376 0.145676
0.108961 -0.081231 0.145667
0.109194 -0.081066 0.145670
0.109342 -0.080956 0.145682
0.109553 -0.080794 0.145702
0.109777 -0.080639 0.145721
0.109989 -0.080521 0.145741
0.110204 -0.080409 0.145762
0.110407 -0.080283 0.145781
0.110645 -0.080121 0.145804
0.110849 -0.080013 0.145820
0.111076 -0.079926 0.145841
0.111281 -0.079857 0.145869
0.111513 -0.079781 0.145901
0.111733 -0.079701 0.145922
0.111913 -0.079630 0.145937
0.112099 -0.079565 0.145956
0.112304 -0.079504 0.145977
0.112489 -0.079472 0.146001
0.112624 -0.079464 0.146023
0.112812 -0.079461 0.146055
0.112989 -0.079455 0.146085
0.113109 -0.079447 0.146105
0.113291 -0.079431 0.146136
0.113473 -0.079436 0.146167
0.113566 -0.079450 0.146186
0.113709 -0.079477 0.146210
0.113833 -0.079504 0.146228
0.113882 -0.079515 0.146232
0.114162 -0.079577 0.146245
0.114389 -0.079642 0.146248
0.114511 -0.079683 0.146257
0.114742 -0.079770 0.146284
0.114851 -0.079814 0.146299
0.114981 -0.079869 0.146316
0.115118 -0.079934 0.146334
0.115294 -0.080030 0.146356
0.115477 -0.080147 0.146380
0.115635 -0.080263 0.146398
0.115839 -0.080419 0.146424
0.116014 -0.080550 0.146447
0.116183 -0.080677 0.146474
0.116372 -0.080822 0.146500
0.116532 -0.080958 0.146523
0.116669 -0.081075 0.146543
0.116828 -0.081207 0.146563
0.117068 -0.081416 0.146597
0.117192 -0.081533 0.146614
0.117356 -0.081692 0.146641
0.117479 -0.081811 0.146666
0.117517 -0.081847 0.146674
0.117810 -0.082146 0.146752
0.117878 -0.082218 0.146773
0.118049 -0.082405 0.146841
0.118177 -0.082548 0.146900
0.118267 -0.082648 0.146946
0.118366 -0.082755 0.146998
0.118472 -0.082872 0.147058
0.118586 -0.082986 0.147128
0.118657 -0.083053 0.147177
0.118761 -0.083148 0.147251
0.118830 -0.083207 0.147299
0.118943 -0.083304 0.147380
0.119004 -0.083358 0.147430
0.119053 -0.083399 0.147476
0.119130 -0.083459 0.147542
0.119190 -0.083498 0.147601
0.119226 -0.083511 0.147644
0.119280 -0.083512 0.147720
0.119319 -0.083508 0.147769
0.119357 -0.083498 0.147815
0.119414 -0.083471 0.147881
0.119453 -0.083441 0.147933
0.119481 -0.083414 0.147974
0.119522 -0.083368 0.148044
0.119554 -0.083332 0.148096
0.119581 -0.083304 0.148134
0.119609 -0.083277 0.148173
0.119640 -0.083234 0.148220
0.119666 -0.083177 0.148269
0.119684 -0.083124 0.148307
0.119712 -0.083067 0.148342
0.119734 -0.083015 0.148368
0.119749 -0.082973 0.148385
0.119769 -0.082915 0.148405
0.119792 -0.082850 0.148427
0.119818 -0.082794 0.148444
0.119836 -0.082761 0.148454
0.119865 -0.082717 0.148466
0.119893 -0.082684 0.148475
0.119924 -0.082652 0.148482
0.119948 -0.082627 0.148488
0.119983 -0.082595 0.148498
0.120019 -0.082564 0.148508
0.120060 -0.082537 0.148520
0.120109 -0.082520 0.148529
0.120161 -0.082507 0.148537
0.120210 -0.082496 0.148543
0.120260 -0.082489 0.148548
0.120311 -0.082484 0.148552
0.120375 -0.082480 0.148559
0.120437 -0.082483 0.148564
0.120504 -0.082491 0.148568
0.120587 -0.082504 0.148573
0.120664 -0.082518 0.148579
0.120741 -0.082536 0.148588
0.120834 -0.082558 0.148601
0.120930 -0.082578 0.148614
0.121014 -0.082598 0.148628
0.121112 -0.082622 0.148646
0.121197 -0.082644 0.148664
0.121280 -0.082665 0.148685
0.121364 -0.082687 0.148708
0.121457 -0.082710 0.148734
0.121538 -0.082727 0.148759
0.121642 -0.082750 0.148791
0.121722 -0.082770 0.148816
0.121800 -0.082787 0.148842
0.121875 -0.082802 0.148867
0.121948 -0.082813 0.148892
0.122037 -0.082825 0.148931
0.122105 -0.082832 0.148963
0.122177 -0.082841 0.148994
0.122256 -0.082855 0.149030
0.122326 -0.082872 0.149059
0.122393 -0.082893 0.149087
0.122467 -0.082917 0.149118
0.122530 -0.082936 0.149147
0.122590 -0.082954 0.149174
0.122655 -0.082973 0.149206
0.122709 -0.082995 0.149233
0.122769 -0.083019 0.149264
0.122821 -0.083039 0.149291
0.122878 -0.083060 0.149324
0.122931 -0.083083 0.149358
0.122976 -0.083106 0.149390
0.123027 -0.083130 0.149424
0.123078 -0.083154 0.149458
0.123138 -0.083180 0.149497
0.123193 -0.083203 0.149537
0.123243 -0.083220 0.149570
0.123294 -0.083240 0.149603
0.123355 -0.083260 0.149639
0.123419 -0.083279 0.149673
0.123475 -0.083295 0.149699
0.123541 -0.083310 0.149728
0.123604 -0.083316 0.149756
0.123659 -0.083312 0.149785
0.123713 -0.083309 0.149812
0.123775 -0.083306 0.149843
0.123833 -0.083299 0.149872
0.123894 -0.083286 0.149906
0.123956 -0.083266 0.149943
0.124039 -0.083232 0.149990
0.124101 -0.083199 0.150032
0.124166 -0.083161 0.150074
0.124251 -0.083112 0.150127
0.124332 -0.083068 0.150172
0.124419 -0.083027 0.150218
0.124514 -0.082982 0.150267
0.124647 -0.082911 0.150334
0.124757 -0.082852 0.150387
0.124864 -0.082784 0.150439
0.124991 -0.082696 0.150500
0.125107 -0.082610 0.150559
0.125231 -0.082520 0.150620
0.125386 -0.082420 0.150691
0.125530 -0.082335 0.150754
0.125685 -0.082244 0.150821
0.125870 -0.082136 0.150902
0.126034 -0.082040 0.150976
0.126201 -0.081945 0.151048
0.126345 -0.081862 0.151113
0.126625 -0.081714 0.151230
0.126824 -0.081621 0.151304
0.127043 -0.081528 0.151377
0.127277 -0.081430 0.151454
0.127529 -0.081323 0.151536
0.127784 -0.081209 0.151618
0.127999 -0.081106 0.151690
0.128214 -0.080994 0.151766
0.128425 -0.080879 0.151842
0.128673 -0.080757 0.151924
0.128878 -0.080676 0.151984
0.129134 -0.080585 0.152056
0.129412 -0.080472 0.152141
0.129615 -0.080371 0.152210
0.129895 -0.080215 0.152316
0.130025 -0.080154 0.152363
0.130218 -0.080081 0.152428
0.130445 -0.080010 0.152500
0.130640 -0.079954 0.152563
0.130908 -0.079871 0.152648
0.131037 -0.079833 0.152688
0.131274 -0.079756 0.152764
0.131386 -0.079721 0.152797
0.131565 -0.079674 0.152842
0.131706 -0.079651 0.152874
0.131960 -0.079641 0.152928
0.132113 -0.079639 0.152958
0.132272 -0.079629 0.152993
0.132391 -0.079614 0.153022
0.132535 -0.079602 0.153058
0.132664 -0.079607 0.153087
0.132805 -0.079625 0.153122
0.132982 -0.079660 0.153158
0.133155 -0.079698 0.153189
0.133288 -0.079723 0.153218
0.133401 -0.079745 0.153245
0.133476 -0.079759 0.153266
0.133637 -0.079796 0.153302
0.133834 -0.079871 0.153331
0.133959 -0.079926 0.153343
0.134086 -0.079979 0.153357
0.134231 -0.080034 0.153374
0.134355 -0.080080 0.153396
0.134461 -0.080119 0.153419
0.134565 -0.080161 0.153439
0.134706 -0.080227 0.153459
0.134841 -0.080294 0.153475
0.134977 -0.080360 0.153492
0.134999 -0.080370 0.153494
0.135209 -0.080462 0.153531
0.135309 -0.080502 0.153554
0.135392 -0.080534 0.153573
0.135506 -0.080576 0.153599
0.135626 -0.080625 0.153621
0.135756 -0.080687 0.153642
0.135850 -0.080737 0.153657
0.135871 -0.080748 0.153660
0.136066 -0.080838 0.153694
0.136154 -0.080875 0.153716
0.136168 -0.080880 0.153719
0.136296 -0.080929 0.153750
0.136406 -0.080973 0.153774
0.136435 -0.080987 0.153778
0.136568 -0.081053 0.153799
0.136638 -0.081086 0.153812
0.136660 -0.081096 0.153816
0.136715 -0.081117 0.153830
0.136832 -0.081171 0.153860
0.136848 -0.081182 0.153863
0.136902 -0.081215 0.153874
0.137009 -0.081284 0.153889
0.137020 -0.081290 0.153890
0.137104 -0.081359 0.153898
0.137146 -0.081400 0.153897
0.137176 -0.081437 0.153897
0.137204 -0.081475 0.153896
0.137226 -0.081508 0.153893
0.137241 -0.081533 0.153888
0.137253 -0.081570 0.153882
0.137260 -0.081608 0.153872
0.137263 -0.081648 0.153863
0.137262 -0.081680 0.153855
0.137255 -0.081710 0.153848
0.137241 -0.081738 0.153843
0.137221 -0.081769 0.153837
0.137206 -0.081799 0.153832
0.137188 -0.081833 0.153822
0.137162 -0.081874 0.153804
0.137139 -0.081908 0.153785
0.137113 -0.081937 0.153767
0.137089 -0.081969 0.153746
0.137061 -0.081999 0.153722
0.137031 -0.082025 0.153696
0.137000 -0.082053 0.153670
0.136965 -0.082085 0.153639
0.136932 -0.082113 0.153610
0.136895 -0.082135 0.153584
0.136858 -0.082153 0.153558
0.136815 -0.082173 0.153530
0.136784 -0.082187 0.153510
0.136740 -0.082210 0.153478
0.136701 -0.082228 0.153451
0.136672 -0.082239 0.153433
0.136634 -0.082250 0.153410
0.136609 -0.082258 0.153395
0.136578 -0.082266 0.153376
0.136546 -0.082275 0.153356
0.136511 -0.082288 0.153334
0.136487 -0.082293 0.153319
0.136461 -0.082298 0.153306
0.136455 -0.082298 0.153303
0.136425 -0.082305 0.153285
0.136400 -0.082310 0.153269
0.136373 -0.082315 0.153253
0.136330 -0.082332 0.153222
0.136282 -0.082353 0.153190
0.136259 -0.082361 0.153176
0.136230 -0.082372 0.153161
0.136207 -0.082383 0.153150
0.136200 -0.082386 0.153146
0.136151 -0.082409 0.153125
0.136144 -0.082414 0.153121
0.136088 -0.082439 0.153101
0.136045 -0.082458 0.153089
0.136003 -0.082476 0.153080
0.135953 -0.082493 0.153075
0.135886 -0.082513 0.153074
0.135820 -0.082530 0.153073
0.135734 -0.082551 0.153072
0.135605 -0.082580 0.153066
0.135527 -0.082597 0.153057
0.135432 -0.082615 0.153046
0.135332 -0.082628 0.153032
0.135192 -0.082641 0.153012
0.135105 -0.082647 0.152997
0.134976 -0.082656 0.152975
0.134820 -0.082666 0.152952
0.134779 -0.082669 0.152947
0.134488 -0.082691 0.152921
0.134255 -0.082701 0.152909
0.134088 -0.082710 0.152905
0.133851 -0.082722 0.152906
0.133604 -0.082733 0.152907
0.133315 -0.082741 0.152901
0.133114 -0.082743 0.152893
0.132803 -0.082740 0.152874
0.132588 -0.082736 0.152861
0.132263 -0.082728 0.152838
0.132117 -0.082724 0.152826
0.131820 -0.082716 0.152797
0.131555 -0.082707 0.152771
0.131240 -0.082695 0.152747
0.130840 -0.082683 0.152731
0.130639 -0.082677 0.152724
0.130316 -0.082684 0.152707
0.129952 -0.082708 0.152682
0.129746 -0.082723 0.152667
0.129454 -0.082734 0.152650
0.129112 -0.082730 0.152639
0.128759 -0.082717 0.152636
0.128540 -0.082709 0.152628
0.128105 -0.082692 0.152607
0.127770 -0.082686 0.152586
0.127392 -0.082684 0.152568
0.127221 -0.082680 0.152559
0.126881 -0.082676 0.152546
0.126466 -0.082667 0.152536
0.126259 -0.082666 0.152527
0.125971 -0.082670 0.152514
0.125613 -0.082682 0.152494
