Column1 Column2 Column3
0.014726 -0.111082 0.012131
0.053447 -0.067352 0.085605
0.124550 0.026583 0.195386
0.159261 -0.015855 0.176165
0.145977 0.060747 0.234343
0.125696 -0.012318 0.162612
0.131789 -0.001754 0.193169
0.241345 0.000324 0.301450
0.346264 -0.013347 0.381290
0.207087 -0.167755 -0.087371
0.282828 -0.020449 0.116197
0.201368 -0.017733 0.128965
0.218511 0.024086 0.150158
0.231825 -0.021373 0.144257
0.171793 -0.093350 0.050269
0.079757 -0.138147 -0.121777
0.085236 -0.186063 -0.130763
0.103476 -0.182366 -0.160130
0.332735 0.195240 0.278177
0.274125 0.265214 0.393115
0.360926 0.409430 0.587927
0.369133 0.447732 0.713019
0.386790 0.407753 0.759912
1.138267 0.089649 0.942647
1.340306 0.276058 1.017411
1.356426 0.585542 0.934284
1.350040 0.691086 0.955507
1.443816 0.700374 0.903754
1.508083 0.636634 0.921061
1.617336 0.525568 0.837986
1.808953 0.277021 0.719117
2.030114 -0.000610 0.578155
2.165246 -0.271708 0.426581
2.001369 -0.301551 0.203758
1.743619 -0.325718 0.026915
1.567016 -0.317744 -0.152837
1.299248 -0.411803 -0.314347
0.590881 -0.532967 -0.664626
0.495259 -0.571265 -0.714961
0.390086 -0.614454 -0.745500
0.277947 -0.645571 -0.815361
0.210745 -0.663572 -0.791723
-0.016485 -0.351407 -0.766431
-0.193491 -0.254814 -0.752466
-0.267439 -0.150641 -0.692801
-0.362063 -0.129812 -0.602171
-0.370182 -0.235187 -0.488690
-0.288746 -0.324120 -0.457269
-0.220678 -0.349809 -0.393177
-0.043305 -0.325886 -0.313467
0.117313 -0.280654 -0.263043
0.139592 -0.248580 -0.208692
0.139592 -0.248580 -0.208692
0.258572 -0.211722 -0.116094
0.457244 -0.179049 -0.077092
0.576864 -0.121204 -0.018701
0.796314 -0.162039 0.008373
1.053714 -0.200584 0.026112
1.252350 -0.278066 -0.021675
1.511475 -0.396177 -0.050090
1.610767 -0.322082 -0.063793
1.610767 -0.322082 -0.063793
1.726728 -0.302742 -0.104641
2.100109 -0.399862 -0.138899
2.365960 -0.452697 -0.126807
2.535593 -0.332751 -0.204997
2.505892 -0.238344 -0.226172
2.386867 -0.130696 -0.257223
2.125272 -0.075131 -0.283252
1.870272 -0.054670 -0.408795
1.563832 -0.112649 -0.497427
1.295416 -0.077724 -0.574173
1.094699 -0.141190 -0.602351
0.834878 -0.046743 -0.641221
0.819160 -0.047477 -0.668344
0.660681 -0.018263 -0.618790
0.468079 0.104890 -0.577662
-0.070785 0.351908 -0.469110
-0.401194 0.494750 -0.436319
-0.442855 0.568193 -0.370234
-1.032395 0.857577 -0.238200
-1.449923 0.922872 -0.237650
-1.541047 0.899945 -0.245815
-1.416701 0.818535 -0.240246
-1.368394 0.812881 -0.227777
-1.267261 0.811817 -0.137262
-1.201163 0.902798 -0.053930
-0.797345 0.967753 0.209682
-0.357666 0.837952 0.282401
0.456166 0.482799 0.289835
1.048411 0.237794 0.301067
1.373169 0.160562 0.272290
1.409976 0.102450 0.279424
2.198832 -0.210708 0.265620
2.561204 -0.416058 0.216838
2.661453 -0.483402 0.222299
3.178351 -0.769988 0.163980
3.372952 -0.916856 0.106911
3.575516 -1.084698 0.032394
3.644283 -1.276368 -0.015357
3.667347 -1.401232 -0.094370
3.634207 -1.455879 -0.112146
3.382316 -1.515708 -0.152791
2.995595 -1.529669 -0.226601
2.502521 -1.616549 -0.293519
2.129464 -1.623469 -0.329453
1.713279 -1.555189 -0.385962
1.166992 -1.394674 -0.392007
0.501586 -1.148064 -0.356830
-0.064559 -0.977779 -0.371779
-0.657009 -0.818682 -0.397244
-1.262392 -0.683548 -0.446623
-1.828262 -0.510685 -0.433980
-2.520717 -0.176400 -0.438063
-3.013466 0.107121 -0.363556
-3.578049 0.409648 -0.311023
-3.954225 0.708400 -0.311746
-3.954225 0.708400 -0.311746
-3.954225 0.708400 -0.311746
-4.300115 0.951864 -0.267333
-4.405532 1.305442 -0.243083
-4.318912 1.422594 -0.250105
-4.235608 1.671396 -0.195109
-4.106284 1.742910 -0.165348
-4.016251 1.814025 -0.165507
-2.566885 2.009486 0.087954
-1.735554 1.946173 0.227874
-0.299771 1.610374 0.339819
1.285871 1.102493 0.292793
2.323184 0.748747 0.264599
2.690203 0.605533 0.221362
4.278068 -0.169412 0.057579
5.214021 -0.725757 -0.107244
6.005402 -1.167969 -0.348516
6.594932 -1.676409 -0.638632
6.797290 -2.038525 -0.771729
6.737264 -2.368200 -0.940202
6.622623 -2.410075 -0.973433
6.306400 -2.597602 -1.084350
5.223114 -2.871795 -1.236884
4.611286 -2.948660 -1.279071
3.869559 -2.964621 -1.231907
2.860654 -2.875340 -1.195406
1.887645 -2.760849 -1.194611
0.851246 -2.555439 -1.157578
0.520927 -2.471996 -1.127904
-1.821276 -1.855249 -1.026613
-3.076964 -1.461743 -1.008045
-4.808206 -0.799192 -0.959635
-5.284501 -0.541967 -0.954209
-6.641627 0.211365 -0.869631
-7.728984 0.988803 -0.670168
-8.232882 1.556476 -0.477318
-8.512859 2.327656 -0.251420
-8.368803 2.843584 -0.022603
-8.303114 2.900450 -0.037716
-7.663755 3.554283 0.408309
-6.679578 3.797228 0.632231
-5.461827 4.085736 1.016211
-4.282046 4.145947 1.290021
-3.975470 4.151364 1.343746
-1.399438 3.661739 1.634801
-0.026752 3.310709 1.733916
1.404923 2.867734 1.756961
1.888617 2.701128 1.758381
4.821359 1.654800 1.467541
7.345026 0.398941 0.639790
8.841855 -0.648578 0.028607
9.097979 -0.905978 -0.154094
10.439974 -2.763574 -1.169081
10.564889 -3.101256 -1.393402
10.489214 -4.707311 -2.325073
10.086039 -5.093336 -2.647249
9.468092 -5.528148 -2.951967
7.719795 -6.325055 -3.726808
6.415866 -6.590187 -4.019193
4.886130 -6.618843 -3.995164
3.785872 -6.423299 -3.837517
3.384461 -6.404234 -3.751089
2.843837 -6.342712 -3.691983
-0.070258 -5.680288 -3.165503
-1.520585 -5.130401 -2.938319
-3.148936 -4.295571 -2.684166
-4.654515 -3.426953 -2.458491
-5.975343 -2.532088 -2.215979
-7.291169 -1.490952 -1.964963
-7.646311 -1.206023 -1.866951
-9.432685 0.553773 -1.272797
-9.872723 1.069225 -1.045897
-10.561249 1.997896 -0.625249
-10.579587 2.192865 -0.531089
-11.222027 3.974559 0.573811
-11.431364 4.987483 1.097222
-11.361244 5.961630 1.621702
-11.064058 6.706152 2.097887
-10.613093 7.357245 2.495770
-10.046875 7.949998 2.870574
-9.271010 8.370357 3.202296
-8.467369 8.747023 3.443706
-7.247650 8.960706 3.706280
-5.034994 8.689323 3.960834
-3.933639 8.400003 4.125426
-2.655577 7.898163 4.266170
-1.583318 7.429471 4.377073
-0.776605 6.944807 4.367476
0.592994 6.051066 4.146925
1.864784 5.328596 3.780547
3.361721 4.498039 3.275090
4.234888 3.856905 2.877717
5.246427 3.067350 2.410532
5.246427 3.067350 2.410532
6.220103 2.198303 1.854856
7.189749 1.297678 1.372544
9.081130 -0.500440 0.438517
10.102795 -1.672471 -0.007024
10.819969 -2.955333 -0.442144
11.156370 -3.876878 -0.697793
11.351245 -4.584815 -0.940291
11.507604 -5.840323 -1.525095
11.443383 -6.539145 -1.956145
11.149842 -7.294659 -2.581823
10.539658 -7.888121 -3.208772
9.829395 -8.575378 -3.931244
9.074186 -9.047802 -4.388979
8.052761 -9.614919 -4.738385
6.938500 -10.122062 -5.011156
5.880003 -10.626592 -5.255964
5.087387 -10.827430 -5.446329
4.011853 -11.000751 -5.633634
3.078460 -10.890812 -5.730961
2.191773 -10.649461 -5.818926
1.235364 -10.319239 -5.858562
0.069418 -9.497090 -5.674665
-1.147983 -8.872954 -5.572292
-1.147983 -8.872954 -5.572292
-2.554408 -8.090089 -5.484151
-3.644676 -7.374378 -5.316146
-4.983073 -6.417703 -5.051414
-6.064979 -5.634900 -4.802190
-7.734037 -4.387122 -4.354244
-9.187941 -3.297534 -3.855530
-10.383689 -2.264031 -3.331770
-11.197085 -1.165907 -2.759774
-11.658305 -0.200528 -2.241710
-12.184607 1.158348 -1.493533
-12.304890 3.556198 -0.068507
-11.048351 6.603229 1.835618
-9.788431 8.449850 3.187856
-9.434477 8.749902 3.511963
-8.280445 9.712635 4.410120
-7.182072 10.457661 5.140719
-4.322429 11.382114 6.353366
-3.872354 11.443970 6.512750
-2.764228 11.494510 6.771606
-2.764228 11.494510 6.771606
-0.274126 11.116356 7.016203
0.999568 10.707875 6.974477
2.201244 10.148587 6.796212
3.444026 9.453535 6.449349
4.634814 8.582279 6.079007
5.944000 7.766508 5.697256
7.276314 6.861484 5.212183
7.276314 6.861484 5.212183
8.402490 5.861372 4.722944
9.129201 5.228956 4.368700
10.128837 4.024557 3.782211
11.488453 1.699282 2.642099
11.921838 0.084645 1.922548
11.897082 -1.146176 1.399192
11.639737 -2.144309 0.912218
11.227280 -3.326373 0.126552
10.598988 -4.143428 -0.409988
9.646121 -5.229456 -1.327040
8.729151 -6.160487 -2.165320
7.776183 -7.067926 -3.005900
6.960023 -7.938573 -3.674795
6.054644 -8.929346 -4.526258
5.095795 -9.856459 -5.313173
4.080327 -10.610271 -6.054537
3.066343 -11.270004 -6.799874
1.916661 -11.596976 -7.349398
-0.781982 -12.006242 -8.151131
-1.976544 -12.097003 -8.413253
-3.353614 -12.073811 -8.596304
-4.430430 -12.012209 -8.653729
-5.571367 -11.708663 -8.550152
-9.220773 -9.752604 -7.567594
-9.556789 -9.457663 -7.386293
-10.555133 -8.570525 -6.889184
-11.719533 -6.777715 -5.849620
-11.965296 -5.859501 -5.372724
-11.938934 -3.671599 -4.052109
-11.498484 -2.570965 -3.251405
-10.045788 -0.172436 -1.663148
-8.623349 2.131235 -0.009232
-6.686313 5.023478 1.967425
-5.228809 6.610617 3.202177
-5.050475 6.834529 3.360994
-4.863860 6.995231 3.485611
-3.682257 8.226773 4.489057
-2.452498 9.327886 5.254950
-1.069106 10.248108 5.977584
0.394691 11.109814 6.622387
0.394691 11.109814 6.622387
1.793145 11.715898 7.184424
3.052501 12.198324 7.667968
4.399127 12.572347 8.009510
5.023213 12.668471 8.166037
7.163660 12.816376 8.464775
7.163660 12.816376 8.464775
8.370136 12.633273 8.530762
9.729828 12.114963 8.451909
10.739461 11.583059 8.298422
11.473981 10.748810 8.010809
11.970965 9.992929 7.672830
12.368805 9.047671 7.224882
12.492798 7.962109 6.726512
12.451106 6.839227 6.034313
12.165251 5.767643 5.403311
11.687498 4.436112 4.605928
10.133931 2.049909 3.142076
9.147656 0.791630 2.343124
8.214053 -0.512304 1.510156
7.342095 -1.823203 0.643244
6.231514 -3.075861 -0.270260
5.319277 -3.994660 -1.037557
4.032042 -5.157732 -1.968015
2.876742 -6.143094 -2.882953
1.577500 -7.129624 -3.788664
-2.744243 -9.993370 -6.691079
-4.502206 -10.962336 -7.705490
-4.934439 -11.169700 -7.941412
-7.692310 -11.987444 -9.045708
-10.025521 -11.984541 -9.386938
-10.519111 -11.965328 -9.371378
-11.727588 -11.654536 -9.424032
-12.139924 -10.022026 -8.549002
-12.109605 -9.629861 -8.289586
-11.948911 -8.741169 -7.818550
-11.572498 -7.747063 -7.225731
-10.278794 -5.704478 -5.811652
-9.471036 -4.677130 -5.098894
-9.280135 -4.504056 -4.952013
-7.645311 -2.454168 -3.535568
-6.461885 -1.275370 -2.519696
-5.366269 -0.276299 -1.723842
-4.034411 0.768351 -0.783422
-2.766595 1.787106 0.202545
-1.692556 2.711895 0.953517
1.145677 4.844536 2.568317
2.776479 6.039057 3.386460
4.185831 6.978682 4.066517
5.822496 8.144431 4.976212
7.066897 9.005200 5.610241
8.229364 9.779998 6.149229
9.566423 10.404370 6.658372
10.444612 10.717868 6.966031
11.298431 10.993764 7.212908
11.975424 11.206629 7.459687
12.407305 11.341252 7.525810
12.707633 11.158444 7.350203
12.668706 10.707828 7.063389
12.596157 10.605141 7.015583
11.633912 9.310548 6.201431
10.812307 8.666431 5.771347
9.905710 7.937792 5.279581
9.905710 7.937792 5.279581
9.051916 7.124988 4.722242
9.051916 7.124988 4.722242
4.769924 3.372807 2.039747
2.576141 1.505440 0.658378
1.931592 0.984578 0.320029
0.807304 0.042872 -0.289857
-1.953081 -2.093265 -1.781218
-3.621067 -3.230546 -2.627231
-5.208832 -4.389794 -3.482274
-5.479280 -4.586720 -3.632035
-5.961365 -5.013342 -3.960067
-7.421537 -6.427453 -4.904616
-8.575367 -7.507906 -5.682620
-10.881984 -9.962799 -7.347939
-11.510957 -10.787007 -7.856469
-11.696645 -11.042561 -7.981718
-12.154854 -11.831347 -8.344002
-12.198693 -11.890354 -8.335054
-12.254231 -12.023515 -8.349515
-11.638597 -11.769959 -7.912907
-10.950609 -11.265963 -7.424756
-10.257808 -10.435242 -6.828739
-9.653427 -9.770008 -6.370300
-9.234212 -9.298391 -5.954640
-8.379768 -8.594514 -5.442492
-7.078696 -7.582523 -4.640738
-5.195564 -6.226508 -3.763482
-2.897427 -4.680824 -2.816567
-1.141562 -3.590244 -2.213487
0.379613 -2.651011 -1.683376
2.140181 -1.474338 -1.161408
2.620161 -1.228288 -1.079655
5.264805 0.445943 -0.320384
6.667602 1.363017 0.064625
7.178710 1.698684 0.144212
9.507820 3.441704 0.817538
9.880654 3.665430 0.977731
11.738934 5.224366 1.754116
12.041201 5.587280 1.926926
12.983877 7.208281 2.718889
13.179028 8.171266 3.159822
13.133854 9.005367 3.447262
12.918472 9.596700 3.755214
12.464517 10.083331 4.067176
12.249073 10.231305 4.085910
12.125044 10.297586 4.139367
11.490536 10.533513 4.280375
9.374973 10.632312 4.272793
8.910359 10.552575 4.192900
6.541710 9.845150 3.749924
5.066426 9.037068 3.444781
4.789662 8.943550 3.338669
2.065306 7.238106 2.565397
1.799878 7.057234 2.453879
-1.118693 5.419346 1.720699
-3.256337 4.273594 1.107799
-5.380000 3.104013 0.543446
-5.888082 2.762708 0.348978
-8.951624 0.885713 -0.457383
-10.985773 -0.441556 -1.006745
-12.861837 -1.973846 -1.544986
-14.061125 -3.333648 -2.061451
-14.936323 -4.908530 -2.562514
-15.250991 -6.216920 -2.885973
-15.038169 -7.383432 -3.149306
-14.345658 -8.259481 -3.237309
-13.574945 -8.762726 -3.240249
-13.402488 -8.786282 -3.205204
-10.862676 -9.276735 -2.806064
-9.192676 -8.993019 -2.481786
-7.243468 -8.476851 -2.060011
-5.088735 -7.833713 -1.604707
-2.754356 -7.002732 -1.244531
-0.314001 -6.246429 -0.868196
2.282935 -5.396391 -0.546291
4.763914 -4.634890 -0.344310
7.227171 -3.981464 -0.186310
9.173969 -3.304588 -0.124671
11.014333 -2.400686 -0.081809
12.494523 -1.630701 -0.072005
13.236907 -0.795754 -0.088948
13.380633 -0.505054 -0.054020
13.617328 1.009544 0.119766
13.224225 1.882302 0.200354
12.289173 2.601240 0.269789
11.420774 3.132193 0.281254
11.146617 3.288095 0.281606
8.587739 4.157784 0.294970
7.023228 4.402322 0.117957
5.456127 4.559856 -0.156854
3.575567 4.657984 -0.340073
1.856527 4.764705 -0.560969
-0.113957 4.758728 -0.728852
-1.850306 4.752799 -0.767556
-2.406908 4.775258 -0.827641
-3.315787 4.856465 -0.845667
-4.392762 4.871788 -0.833156
-5.259844 4.906319 -0.819457
-6.130407 4.885957 -0.834848
-6.986682 4.796837 -0.833842
-7.551851 4.697577 -0.763487
-9.407653 4.329439 -0.840597
-9.846837 3.955240 -0.895815
-10.003358 3.795495 -0.911120
-10.793067 3.326336 -1.185814
-10.772973 2.942688 -1.302425
-10.440611 2.547836 -1.298810
-9.829503 2.128948 -1.289457
-9.090984 1.577354 -1.178872
-8.856444 1.467318 -1.183271
-6.717728 0.485178 -1.022752
-5.323244 -0.114893 -0.772243
-3.773453 -0.640889 -0.678750
-1.140913 -1.620126 -0.539401
0.436229 -2.091121 -0.328628
0.763073 -2.177757 -0.347375
2.769584 -2.914813 -0.226757
3.930640 -3.010288 -0.322174
4.954147 -3.065020 -0.490214
5.503277 -3.101422 -0.446556
6.230352 -3.210179 -0.374199
6.968058 -3.211427 -0.321927
7.705120 -3.225876 -0.277971
8.182589 -3.115473 -0.266384
8.410552 -2.939670 -0.177173
8.472510 -2.849446 -0.177078
8.616670 -2.739052 -0.151490
8.679426 -2.578630 -0.154939
8.781150 -2.161863 -0.216190
8.807576 -1.695320 -0.149968
8.529624 -0.594726 -0.143894
8.456842 -0.324790 -0.172308
7.333504 0.894059 -0.181180
6.530873 1.751221 -0.400049
6.345014 1.982821 -0.464777
5.444196 2.872873 -0.638288
4.511247 3.488119 -0.700642
2.498089 4.622063 -0.698864
1.610172 4.943478 -1.068861
0.095379 5.513021 -1.650509
-0.835606 5.804243 -1.933545
-1.360958 5.931622 -1.945386
-2.578158 6.031469 -1.997912
-3.321731 6.038290 -2.010978
-4.339694 6.082060 -2.030300
-6.157452 6.066578 -2.136299
-6.717702 5.986343 -2.132236
-6.917975 5.847218 -2.162206
-7.682117 5.131010 -2.276379
-7.891462 4.710605 -2.462044
-7.761473 4.215403 -2.433992
-7.712560 4.168703 -2.383821
-7.634275 3.934805 -2.349599
-6.976675 2.546437 -1.771615
-6.463761 1.645689 -1.353773
-4.928555 0.078675 -1.077227
-4.782096 -0.101216 -1.005321
-2.401431 -1.539253 -0.708660
-1.123596 -2.184911 -0.366457
0.217570 -2.781024 -0.026644
1.405898 -3.080898 0.483348
2.829619 -3.349296 0.973343
4.031191 -3.336014 1.195859
5.576731 -3.266569 1.343235
6.502836 -3.185227 1.321531
7.285540 -2.964501 1.203680
8.112185 -2.688825 1.074660
8.638249 -2.305301 0.921424
8.829093 -1.912719 0.843072
8.777278 -1.528032 0.859563
8.407482 -1.193694 0.865442
7.840385 -0.789024 0.787360
7.433439 -0.594847 0.746280
6.972165 -0.421339 0.699129
6.513513 -0.360158 0.657886
6.389362 -0.295949 0.630627
6.268314 -0.250131 0.608803
4.914375 -0.004503 0.512884
4.545406 0.028489 0.445229
3.929209 0.084960 0.225336
2.811939 0.125399 -0.211862
2.432828 0.181372 -0.298630
1.829677 0.236380 -0.524024
1.023937 0.389266 -0.686492
-0.194194 0.484584 -0.951980
-0.993650 0.477327 -1.151039
-1.539890 0.462138 -1.291327
-2.090142 0.543700 -1.391779
-3.094657 0.654620 -1.408818
-3.729863 0.770760 -1.385188
-4.237920 0.789042 -1.387152
-4.589217 0.746009 -1.292632
-4.756676 0.795763 -1.300731
-5.159653 0.744965 -1.238844
-5.151597 0.648290 -1.158878
-5.063716 0.610953 -1.154908
-5.018517 0.610558 -1.161107
-4.558253 0.336578 -1.080368
-4.173451 0.151298 -1.011347
-3.702555 -0.059102 -0.901413
-3.043233 -0.408751 -0.767791
-2.460206 -0.647015 -0.588129
-1.344478 -1.234393 -0.211916
-0.624531 -1.628245 0.093488
0.169211 -2.081455 0.504743
0.805449 -2.474338 0.818544
1.421710 -2.755847 1.089297
2.250712 -3.143956 1.394590
2.392328 -3.222959 1.518801
3.508654 -3.640402 1.930492
4.150044 -3.749474 2.144379
4.757577 -3.898160 2.274196
5.508924 -4.053173 2.398282
5.927141 -4.075030 2.417300
6.595201 -4.076561 2.423773
7.017949 -4.078132 2.458038
7.604687 -3.991623 2.494789
7.815897 -3.825876 2.515027
7.899337 -3.628335 2.487647
7.973957 -3.419025 2.464762
7.936272 -3.044740 2.304162
7.805929 -2.872521 2.229339
7.408835 -2.512391 1.984327
7.103854 -2.308439 1.847441
6.626119 -1.903665 1.553901
6.282354 -1.744191 1.420553
5.659648 -1.408566 1.051979
5.318090 -1.246155 0.830419
5.135353 -1.094064 0.656263
4.587941 -0.800798 0.342731
4.381994 -0.748796 0.346252
3.525277 -0.368185 -0.133295
3.351352 -0.273970 -0.181693
2.611897 0.017812 -0.435191
1.933841 0.179322 -0.592235
1.625935 0.272051 -0.676380
1.337804 0.350260 -0.662315
0.491484 0.588927 -0.746603
0.083092 0.774991 -0.708555
-0.426093 0.932479 -0.748130
-0.980594 1.084802 -0.776354
-1.240181 1.291206 -0.758402
-1.455307 1.385516 -0.807813
-1.644086 1.559254 -0.879091
-2.065103 1.799277 -0.951672
-2.193037 1.911021 -0.981511
-2.149881 1.948771 -1.001009
-2.005871 1.943599 -1.050310
-1.936883 1.971302 -1.094011
-1.928937 2.093987 -1.125443
-1.912892 2.139088 -1.153766
-1.670583 2.176162 -1.124699
-1.549119 2.059762 -1.086329
-1.484913 1.960982 -1.078365
-1.253994 1.855843 -0.987141
-1.077355 1.687264 -0.917306
-0.666562 1.310153 -0.757113
-0.446454 1.031518 -0.610445
-0.218795 0.711834 -0.444732
0.059586 0.399928 -0.330923
0.258489 0.110535 -0.188605
0.582408 -0.311298 0.033473
0.619570 -0.343734 0.071590
1.053448 -0.779974 0.316319
1.230413 -1.001964 0.437758
1.518732 -1.274358 0.558741
1.804361 -1.654943 0.748742
2.097589 -1.974949 0.829628
2.443637 -2.221911 0.952430
2.646385 -2.271378 0.912435
2.740612 -2.459387 0.941247
2.813985 -2.512562 0.924024
2.871953 -2.536864 0.900323
2.872225 -2.437358 0.899047
2.857304 -2.325743 0.914451
2.725356 -2.209451 0.909230
2.629320 -2.014083 0.814302
2.492081 -1.809950 0.841911
2.397024 -1.773882 0.836886
2.266825 -1.497966 0.797590
2.244258 -1.472849 0.817564
2.244258 -1.472849 0.817564
2.226295 -1.336980 0.809683
2.226295 -1.336980 0.809683
1.849969 -0.899463 0.668050
1.568977 -0.632947 0.687572
1.325336 -0.445167 0.573367
1.325336 -0.445167 0.573367
1.071243 -0.217107 0.507382
0.511916 0.389713 0.216289
0.366036 0.581838 0.093348
0.346024 0.617474 0.043057
0.217352 0.960576 -0.129309
0.076309 1.179894 -0.269375
0.060976 1.275469 -0.290359
0.003821 1.345881 -0.376401
-0.092594 1.474454 -0.490716
-0.395217 1.969637 -0.661138
-0.496948 2.156238 -0.667360
-0.486848 2.149982 -0.730668
-0.486848 2.149982 -0.730668
-0.796310 2.602533 -0.780438
-0.864414 2.615644 -0.731491
-0.825705 2.620035 -0.710934
-0.796434 2.548417 -0.703123
-0.689672 2.440446 -0.700136
-0.624852 2.303190 -0.665431
-0.640544 2.158377 -0.668221
-0.520749 2.013190 -0.663558
-0.461912 1.938757 -0.643686
-0.298472 1.805177 -0.617962
-0.039173 1.471517 -0.689990
0.168069 1.203877 -0.647588
0.369058 1.002301 -0.631990
0.606973 0.802677 -0.625007
0.754409 0.585875 -0.586796
0.902707 0.358027 -0.549057
1.031207 0.074070 -0.505077
1.125448 -0.022664 -0.520953
1.253541 -0.328080 -0.440271
1.411253 -0.489065 -0.327154
1.625796 -0.773198 -0.219202
1.756305 -0.907493 -0.128635
1.791354 -1.035598 -0.048734
1.973302 -1.277406 0.024061
2.027733 -1.271595 0.033258
2.138515 -1.383605 0.082604
2.226460 -1.434899 0.126504
2.226460 -1.434899 0.126504
2.291918 -1.468819 0.166492
2.320574 -1.452893 0.219264
2.408818 -1.464161 0.239769
2.466653 -1.425536 0.274639
2.547001 -1.461587 0.297372
2.785649 -1.442496 0.363246
2.841143 -1.376944 0.371541
2.913648 -1.365324 0.400803
3.004356 -1.239292 0.437240
3.093299 -1.002216 0.423116
3.074311 -0.960573 0.422151
3.112459 -0.888306 0.436628
3.226469 -0.796661 0.432673
3.234701 -0.630726 0.378339
3.154508 -0.496802 0.326646
3.201713 -0.274572 0.244694
3.144711 -0.068088 0.181839
3.060551 0.040812 0.124109
3.050982 0.258716 0.021270
3.048006 0.302991 -0.025079
3.081956 0.454307 -0.131190
3.213450 0.562143 -0.197872
3.231246 0.641037 -0.249433
3.194223 0.702520 -0.307572
3.201825 0.784277 -0.294755
3.205218 0.788883 -0.317023
3.222964 0.816426 -0.307849
3.181412 0.880928 -0.292577
2.972375 0.998628 -0.244573
2.909899 1.054891 -0.232051
2.838737 1.055407 -0.203616
2.414113 1.077617 -0.134982
2.272696 1.014531 -0.084850
2.347599 0.941076 -0.074256
2.248646 0.871934 -0.046049
2.312760 0.876549 -0.054815
2.259526 0.867697 -0.072674
2.272234 0.833645 -0.055691
2.312853 0.758146 -0.038140
2.382152 0.645083 -0.020768
2.420787 0.642043 0.009266
2.493109 0.509503 -0.033862
2.542784 0.443161 -0.070145
2.595773 0.487710 -0.052260
2.749178 0.326760 -0.035028
2.772596 0.161674 0.033268
2.807045 0.146781 0.065599
2.789575 0.040708 0.098192
2.920953 -0.182364 0.246659
2.983598 -0.494917 0.419743
2.995081 -0.654771 0.499945
3.173966 -0.835176 0.601403
3.228304 -0.947185 0.683220
3.316862 -1.112930 0.803552
3.332297 -1.332805 0.849897
3.423528 -1.470742 0.936168
3.390076 -1.510450 0.995740
3.401596 -1.662720 1.105008
3.248998 -1.665828 1.083211
3.288667 -1.691885 1.084900
3.236508 -1.681697 1.124482
3.234019 -1.689749 1.144851
3.243641 -1.723649 1.180975
3.318595 -1.721942 1.262318
3.339792 -1.712948 1.284165
3.347936 -1.694854 1.211789
3.319880 -1.702931 1.189024
3.319042 -1.578466 1.198165
3.233115 -1.474791 1.145061
3.173020 -1.462252 1.156483
2.868549 -1.199392 1.023109
2.871564 -1.217532 1.051768
2.879565 -1.200494 1.027491
2.480301 -0.947153 1.034738
2.228028 -0.797231 0.900081
2.087805 -0.685032 0.843886
1.860987 -0.419678 0.911469
1.823488 -0.380833 0.962256
1.734788 -0.311569 1.018543
1.788813 -0.249860 1.070701
1.832085 -0.242263 1.164434
1.741349 -0.196523 1.165060
1.608276 -0.072877 1.186295
1.431339 0.008201 1.149074
1.261314 0.163910 1.124961
1.090944 0.241551 1.078459
0.955550 0.272641 1.031191
0.827685 0.256153 1.009209
0.567084 0.301056 0.973240
0.348478 0.354308 0.893879
0.104510 0.412361 0.835973
0.035979 0.420489 0.846556
0.003778 0.482626 0.863600
-0.174919 0.510133 0.834452
-0.220688 0.480249 0.790172
-0.487557 0.469980 0.739756
-0.477315 0.482662 0.725681
-0.501198 0.415843 0.690070
-0.515937 0.345108 0.709839
-0.507379 0.257890 0.701333
-0.643599 0.247386 0.698157
-0.709794 0.216992 0.698513
-0.717664 0.143826 0.675551
-0.784971 0.118552 0.715835
-0.799339 0.022528 0.715682
-0.919914 -0.081177 0.780550
-0.996256 -0.160153 0.746150
-1.077706 -0.166784 0.767422
-1.372334 -0.319460 0.668708
-1.491055 -0.374714 0.650520
-1.597283 -0.440155 0.579446
-1.589011 -0.504993 0.587583
-1.612732 -0.571662 0.572115
-1.807874 -0.619413 0.418643
-1.900829 -0.634556 0.344681
-1.882202 -0.808486 0.364327
-1.923857 -0.766328 0.387612
-1.681809 -0.800353 0.498464
-1.558647 -0.832051 0.549940
-1.529404 -0.853875 0.595952
-1.288786 -0.770552 0.658879
-1.157943 -0.763901 0.720467
-0.963418 -0.690618 0.817151
-0.976581 -0.669427 0.776219
-0.876600 -0.661964 0.801131
-0.788283 -0.585411 0.801023
-0.621990 -0.506688 0.689872
-0.553539 -0.405325 0.634796
-0.387708 -0.413363 0.601327
-0.281501 -0.379965 0.535072
-0.245200 -0.369050 0.539779
-0.245200 -0.369050 0.539779
-0.130378 -0.384776 0.573528
-0.002725 -0.534512 0.681184
-0.002725 -0.534512 0.681184
0.073812 -0.665299 0.671901
0.332854 -0.923337 0.756551
0.562209 -1.117711 0.919697
0.917455 -1.543331 1.052071
1.016011 -1.662917 1.107519
1.182301 -1.809301 1.104811
1.227542 -1.839329 1.158183
1.659282 -2.217511 1.032464
1.818281 -2.412249 1.081405
1.853884 -2.466373 1.063538
1.995278 -2.543925 1.027704
2.053078 -2.589797 0.944852
2.211260 -2.699882 0.880197
2.287944 -2.728011 0.813338
2.254300 -2.645526 0.750866
2.262505 -2.558497 0.707991
2.142500 -2.403889 0.693924
2.139336 -2.321735 0.629354
2.075916 -2.331391 0.680029
2.038285 -2.132770 0.605762
1.921260 -1.893830 0.656236
1.804466 -1.663520 0.773819
1.687089 -1.429073 0.850680
1.525278 -1.167520 1.011415
1.325739 -0.867474 1.182208
1.158908 -0.642503 1.281286
0.898604 -0.278222 1.298883
0.571235 0.075839 1.218294
0.369886 0.358452 1.182205
0.341495 0.449711 1.136743
-0.073376 0.780100 0.984906
-0.140494 0.790418 0.973707
-0.585932 0.929744 0.944688
-0.628635 0.872466 0.892435
-0.979902 0.678207 0.910264
-1.018273 0.705479 0.902831
-1.325375 0.120125 0.873888
-1.289183 -0.011740 0.920972
-1.352891 -0.244352 0.929207
-1.321193 -0.773955 0.951234
-1.301368 -1.126193 0.857489
-1.208514 -1.361710 0.714593
-1.014965 -1.985003 0.738824
-0.861262 -2.304340 0.753327
-0.640009 -2.928607 0.856099
-0.183812 -3.952179 0.773309
0.031919 -4.431622 0.808054
0.315843 -4.867566 0.694224
0.709429 -5.435705 0.510320
0.949253 -5.809097 0.424629
1.109854 -6.128907 0.334507
1.373318 -6.316622 0.273458
1.536435 -6.390395 0.193832
1.753251 -6.368603 0.193064
1.854796 -6.312456 0.139828
1.929132 -6.055437 0.201995
1.947587 -5.708041 0.274161
2.098752 -5.030651 0.362899
2.165393 -4.611053 0.466563
2.299033 -3.736143 0.742991
2.347318 -2.773374 0.841419
2.399993 -2.035588 0.855905
2.391335 -0.968098 0.999204
2.360653 0.011668 1.073278
2.227140 0.960380 1.106383
2.030205 2.042233 1.077473
1.983468 2.845739 1.137014
1.820126 3.575158 1.246285
1.767569 4.060726 1.213372
1.596946 4.679811 1.223012
1.342365 5.031875 1.277794
1.209200 5.017337 1.319032
1.130886 4.884447 1.362131
0.957627 4.530780 1.520389
0.912694 4.463927 1.549022
0.822308 4.311127 1.607730
0.492590 3.242032 1.744761
0.465688 3.187133 1.726643
0.049989 2.039186 1.676101
-0.044290 1.708237 1.568646
-0.120866 1.267674 1.509968
-0.225411 0.040244 1.295201
-0.241968 -0.081016 1.275865
-0.259561 -0.215522 1.227119
-0.421922 -2.216996 0.819917
-0.477520 -2.436622 0.774400
-0.604708 -3.710244 0.608736
-0.838576 -4.589211 0.590044
-0.989129 -5.210925 0.551763
-1.129465 -6.047873 0.466011
-1.307588 -6.715336 0.437563
-1.307193 -6.825059 0.395478
-1.362022 -7.707717 0.148572
-1.409179 -8.003567 0.034586
-1.442550 -8.258838 -0.074381
-1.275981 -8.212478 -0.164144
-1.281688 -8.223226 -0.195057
-1.021275 -7.930750 -0.333597
-0.816662 -7.752947 -0.352486
-0.404220 -7.254356 -0.272798
0.002468 -6.628818 -0.164464
0.281441 -6.022686 -0.073746
0.493902 -5.308092 0.137609
0.798799 -4.466600 0.667848
1.085064 -3.694979 1.164689
1.371876 -2.860282 1.329658
1.556410 -2.066475 1.324174
1.829687 -1.183233 1.222207
2.160738 -0.283395 1.237281
2.529699 0.447135 1.415989
2.783131 1.231813 1.629574
2.981068 1.796325 1.795287
3.149712 2.600168 1.964233
3.233261 2.701437 1.975583
3.245379 2.959017 2.007014
3.322268 3.808030 2.147065
3.429792 4.474189 2.337405
3.578440 4.988136 2.340151
3.599372 5.292309 2.207835
3.603000 5.415067 2.049698
3.594657 5.516279 2.024828
3.479488 5.608100 2.116158
3.471418 5.707042 2.217195
3.265080 5.614860 2.231470
3.056724 5.412304 2.242434
2.873671 5.271973 2.305458
2.634457 4.912638 2.328534
2.361795 4.521481 2.379257
2.118263 4.211102 2.456312
1.940937 3.956605 2.523909
1.658122 3.582416 2.543060
0.604932 1.692190 2.800692
-0.215534 0.140914 2.935355
-0.931250 -1.505459 3.085634
-1.433507 -2.854586 3.417897
-1.840042 -3.738970 3.713942
-2.360443 -4.524039 3.985984
-2.823955 -5.309727 4.275796
-3.102678 -5.728906 4.456336
-3.416700 -6.278554 4.820052
-3.510239 -6.634080 5.014842
-3.563079 -6.761421 5.073149
-3.619471 -7.107671 5.423154
-3.571299 -7.186156 5.495317
-3.410269 -7.152606 5.613841
-3.110094 -6.890983 5.880884
-2.890358 -6.674656 6.000420
-2.697334 -6.503411 6.063950
-2.254863 -6.025476 6.198368
-1.453872 -5.116750 6.308649
-0.996406 -4.613246 6.419202
-0.808678 -4.330127 6.414846
0.196267 -3.194785 6.782734
0.748199 -2.636441 6.960807
1.382230 -1.784415 6.885941
1.793697 -1.182482 6.852045
2.263610 -0.570882 6.907208
2.588441 -0.043229 6.982400
2.934134 0.515742 6.916290
3.236183 1.046497 6.892516
3.459687 1.416842 6.892590
3.622370 1.756399 6.804673
3.545699 1.995827 6.800346
3.531125 2.189571 6.788118
3.361692 2.419950 6.765216
3.224837 2.462474 6.752120
2.949477 2.342643 6.705786
2.781982 2.270203 6.631414
2.495528 2.163909 6.530468
2.415259 2.171325 6.526805
2.417195 2.158497 6.491696
1.699017 1.748900 6.216235
1.223083 1.468768 6.155026
0.738109 1.018391 6.022822
0.208076 0.652066 5.972576
-0.329913 0.226707 5.911994
-1.141707 -0.406968 5.924962
-1.700476 -0.777855 5.974701
-2.615947 -1.461483 6.025164
-3.094452 -1.952367 6.096249
-3.359617 -2.343547 6.169495
-3.591788 -2.712313 6.199057
-3.713956 -3.142246 6.414143
-3.700068 -3.170812 6.456059
-3.718202 -3.546655 6.534672
-3.615496 -3.779175 6.921648
-3.588188 -3.739022 6.941695
-3.463356 -3.933042 7.185129
-3.333320 -4.038869 7.309219
-3.216559 -4.013706 7.460957
-3.205997 -3.998512 7.446659
-2.810549 -3.876817 7.622803
-2.404182 -3.748436 7.715339
-1.929703 -3.533311 7.811314
-1.353330 -3.398937 7.962530
-0.874340 -3.384497 8.122606
-0.451786 -3.321662 8.248653
0.189653 -3.156824 8.409029
0.864073 -2.970444 8.596648
1.354960 -2.768150 8.734799
1.579532 -2.571802 8.813920
1.663729 -2.586777 8.837002
1.786273 -2.521667 8.875809
2.126493 -2.375823 8.960886
2.304373 -2.104957 9.032332
2.302015 -1.854928 9.295877
2.270135 -1.781919 9.313569
2.210103 -1.659484 9.105360
2.188146 -1.576314 8.958900
2.062088 -1.420075 9.026565
1.814772 -1.275304 8.932017
1.470580 -0.996250 8.827520
1.333046 -0.970746 8.844463
0.601676 -0.571595 8.667448
0.103494 -0.382947 8.515863
-0.267952 -0.235101 8.393993
-1.002553 0.062300 8.187818
-1.535171 0.212637 8.120772
-1.833620 0.236506 8.231594
-2.505659 0.210403 8.049077
-3.161590 -0.006728 7.553036
-3.405317 -0.264142 7.473177
-3.658234 -0.422930 7.395608
-3.701680 -0.511098 7.402797
-3.740812 -0.492544 7.412683
-3.876149 -1.031985 7.401596
-3.912788 -1.237654 7.413597
-3.822206 -1.558423 7.238394
-3.795224 -1.563186 7.240245
-3.699370 -1.656475 7.194153
-3.255203 -2.220992 7.010170
-2.707372 -2.855474 6.799899
-2.174627 -3.308310 6.719759
-1.869151 -3.512872 6.722074
-1.740771 -3.637550 6.684956
-1.515760 -3.827583 6.712822
-0.822256 -4.082038 6.719423
0.230603 -4.281007 6.833794
0.806758 -4.202687 7.032427
1.171699 -4.029679 7.158152
1.471885 -3.876923 7.247661
1.617850 -3.715141 7.336199
1.733313 -3.493026 7.483100
1.932634 -3.287349 7.619531
2.012360 -3.077155 7.720253
2.125281 -2.630914 7.936938
2.114147 -2.378282 8.042286
2.093596 -2.343670 8.080495
1.761781 -1.757503 8.266520
1.633960 -1.542952 8.373396
1.290218 -1.161876 8.474258
1.243955 -1.125944 8.474614
0.626521 -0.639697 8.582181
0.133144 -0.386314 8.582667
-0.371995 -0.060810 8.578732
-0.570438 0.066171 8.531447
-1.570279 0.462757 8.459280
-1.938512 0.567514 8.378155
-2.561762 0.743076 8.294374
-3.072943 0.819991 8.211059
-3.532853 0.824738 8.039227
-3.868216 0.796122 7.914552
-4.085539 0.751899 7.799352
-4.130375 0.757508 7.719862
-4.544084 0.544133 7.548844
-4.624012 0.366725 7.451928
-4.564637 0.095357 7.367430
-4.408466 -0.235065 7.341737
-4.346116 -0.585907 7.322690
-4.244324 -0.876377 7.334515
-4.083499 -1.349949 7.382471
-3.768993 -1.776198 7.401644
-3.382404 -2.222963 7.435568
-3.022808 -2.612835 7.441309
-2.683334 -3.045193 7.438682
-2.220057 -3.369776 7.376866
-1.762665 -3.760074 7.410819
-1.306204 -4.044233 7.459742
-0.837029 -4.362879 7.498942
-0.286970 -4.721681 7.597936
0.082735 -4.851735 7.734330
0.475548 -4.938496 7.869900
0.534573 -4.960699 7.913982
0.596370 -4.964430 7.901745
0.835556 -4.952063 7.997556
1.027529 -4.844188 8.129935
1.176757 -4.650468 8.236769
1.340845 -4.181382 8.379166
1.556402 -3.711641 8.559790
1.522029 -3.394446 8.757199
1.549757 -3.339951 8.777728
1.532329 -3.246060 8.787782
1.195134 -2.270340 9.424373
0.944571 -1.639279 9.266958
0.864544 -1.433963 9.236392
0.415490 -0.795745 9.369775
0.314028 -0.743748 9.400729
-0.398695 0.137698 9.565991
-0.858044 0.507727 9.697266
-1.375594 0.875791 9.756998
-1.809965 1.207449 9.803539
-2.275670 1.466784 9.845732
-2.609293 1.614008 9.851865
-2.740962 1.669215 9.810807
-2.807886 1.685648 9.822790
-3.428455 1.593591 9.714463
-3.595756 1.359861 9.723401
-3.609608 1.334580 9.694267
-3.668672 1.269936 9.731201
-3.871112 1.048145 9.727424
-4.135343 0.195385 9.693486
-4.056140 -0.268434 9.649972
-3.972647 -0.670748 9.616455
-3.862589 -1.166813 9.582698
-3.576809 -1.683867 9.509687
-3.174866 -2.271175 9.500014
-2.983723 -2.703048 9.444953
-2.870808 -3.200895 9.319309
-2.844199 -3.238399 9.338315
-2.784781 -3.313427 9.360621
-2.386436 -4.088351 9.256255
-2.107515 -4.412973 9.214499
-1.978698 -4.466799 9.235985
-1.447033 -4.979668 9.130683
-1.203944 -5.392618 9.101860
-0.665651 -5.886803 8.999621
-0.607771 -5.897301 8.993284
-0.117077 -5.933451 9.027979
-0.035973 -5.916839 9.032187
0.039061 -5.715401 9.050906
0.084319 -5.496577 9.130842
0.189942 -5.270095 9.158954
0.189942 -5.270095 9.158954
0.304479 -4.569911 9.316788
0.355231 -4.434209 9.286337
0.337151 -3.840925 9.388469
0.282120 -3.437872 9.443686
0.163334 -2.357249 9.624269
-0.013623 -1.849335 9.652186
-0.245117 -1.210925 9.762953
-0.512480 -0.621774 9.831124
-0.654832 -0.199305 9.900632
-0.848323 0.315371 9.969236
-0.943604 0.511587 10.028436
-1.008907 0.783569 10.047747
-1.116168 0.833911 10.046511
-1.269816 1.294169 10.116695
-1.543338 1.528778 10.207505
-1.641511 1.571193 10.169447
-1.939133 1.662958 10.159759
-1.946396 1.438980 10.159600
-1.984799 1.205324 10.105345
-2.258778 0.935306 10.044778
-2.532852 0.707876 10.004814
-2.615818 0.416691 9.962860
-2.652671 -0.009864 9.906280
-2.634722 -0.129189 9.883004
-2.645782 -0.471013 9.821746
-2.421610 -1.480664 9.658515
-2.296770 -1.990837 9.614404
-2.184657 -2.507314 9.537955
-2.191801 -3.020364 9.434604
-2.206227 -3.118175 9.377327
-2.184578 -3.936382 9.267598
-2.103131 -4.376041 9.138913
-1.796359 -4.924066 9.095547
-1.597680 -5.293995 9.032021
-1.571777 -5.574938 8.965635
-1.700560 -5.702824 8.966287
-1.873102 -5.855305 8.933326
-1.888261 -5.934986 8.915431
-1.868348 -5.921102 8.938717
-1.565221 -5.965608 8.884553
-1.485240 -5.951331 8.922638
-1.298141 -5.681009 9.001403
-1.211254 -5.391025 9.022857
-1.142668 -4.909705 9.122811
-1.111788 -4.850848 9.137903
-1.009686 -4.365216 9.254349
-0.910970 -3.974011 9.314874
-0.888620 -3.148273 9.451702
-0.881302 -2.993885 9.458173
-1.078415 -2.107654 9.665250
-1.069360 -2.006610 9.636474
-1.081495 -1.848177 9.699110
-1.103412 -1.338093 9.746676
-1.132856 -0.916094 9.836304
-1.082502 -0.477602 9.861506
-0.989726 0.472493 10.070590
-0.877418 0.806182 10.114189
-0.918512 1.029798 10.151434
-0.932120 1.109755 10.156098
-0.981041 1.398276 10.243226
-1.028833 1.419985 10.227310
-1.002701 1.444004 10.238428
-0.991515 1.284648 10.233992
-1.014758 1.277696 10.209120
-1.033029 1.222839 10.244836
-1.058275 0.866445 10.162601
-1.275018 0.113455 9.985941
-1.331613 -0.397650 9.937092
-1.307649 -1.002913 9.801908
-1.350310 -1.536853 9.689439
-1.548863 -2.127854 9.596162
-1.567997 -2.596580 9.514832
-1.751603 -3.114440 9.408120
-2.006761 -3.658829 9.319916
-1.984175 -3.738196 9.286665
-2.211946 -4.205218 9.176235
-2.392559 -4.630062 9.109084
-2.590224 -4.943536 9.046218
-2.598826 -4.993094 9.051810
-2.595469 -5.028687 9.000302
-2.717516 -5.228197 9.045142
-2.819945 -5.303070 8.957631
-2.919293 -5.370038 8.980587
-3.030166 -5.234297 9.028495
-3.121421 -4.908044 9.063345
-3.086931 -4.896838 9.089337
-2.997990 -4.394245 9.169211
-2.845175 -3.942822 9.259417
-2.625586 -3.627440 9.320138
-2.445049 -3.232405 9.412634
-2.225702 -2.770281 9.468816
-1.986585 -2.303743 9.543880
-1.642070 -1.872562 9.673228
-1.327934 -1.509851 9.690637
-1.081191 -1.175196 9.767025
-0.701323 -0.804262 9.846015
-0.427442 -0.475885 9.911306
-0.266709 -0.266717 9.958284
-0.137867 -0.095916 10.012474
-0.049693 -0.062974 9.993187
0.238225 0.033421 10.038749
0.370477 0.142789 10.028749
0.456078 0.214353 10.065787
0.484663 0.235373 10.060206
0.425115 -0.002937 10.028264
0.414421 -0.062206 10.039388
0.295125 -0.186457 10.035553
0.160142 -0.483125 9.968867
-0.055659 -0.740512 9.950609
-0.310723 -1.006701 9.831538
-0.659025 -1.307162 9.795595
-1.058189 -1.653128 9.696459
-1.342331 -1.955675 9.607662
-1.706352 -2.190116 9.544066
-1.902950 -2.332214 9.539712
-2.692096 -2.847958 9.399677
-3.043383 -3.102780 9.315171
-3.456232 -3.323560 9.254374
-3.878522 -3.510346 9.219317
-4.052454 -3.648286 9.220030
-4.272138 -3.726849 9.192818
-4.451214 -3.830793 9.130488
-4.522106 -3.872272 9.141334
-4.542729 -3.927276 9.149724
-4.540967 -4.008816 9.125625
-4.481320 -3.992638 9.140456
-4.321531 -3.916781 9.164039
-4.222670 -3.875648 9.148445
-3.783374 -3.684814 9.237316
-3.530483 -3.539045 9.280219
-2.913720 -3.304626 9.341544
-2.537150 -3.179569 9.387295
-2.192162 -3.035152 9.407889
-1.441160 -2.686453 9.503179
-1.070605 -2.548999 9.562582
-0.927978 -2.495333 9.556470
-0.209949 -2.210602 9.603182
0.200713 -2.046146 9.658995
0.731479 -1.916834 9.703812
1.312329 -1.802830 9.761358
1.705772 -1.740488 9.752170
2.043428 -1.748393 9.790792
2.386881 -1.737551 9.808483
2.456373 -1.679839 9.773911
2.425247 -1.679392 9.804564
2.139845 -1.546147 9.824557
1.949511 -1.489018 9.857406
1.681501 -1.550433 9.835408
1.191426 -1.641807 9.788023
0.787379 -1.737921 9.772455
0.403560 -1.792326 9.713866
-0.277878 -1.852621 9.704772
-0.944936 -1.956592 9.656376
-1.408722 -2.009362 9.614141
-1.813769 -2.106740 9.574609
-2.816156 -2.184464 9.501917
-3.340384 -2.168729 9.477125
-4.030553 -2.175995 9.454633
-4.464118 -2.171719 9.420604
-4.834779 -2.197513 9.380294
-5.327667 -2.161473 9.331372
-5.655855 -2.095722 9.376817
-5.853399 -2.021936 9.357072
-6.028562 -1.933345 9.410414
-6.179941 -1.904215 9.381859
-6.125605 -1.930321 9.358388
-6.091899 -1.957177 9.379848
-5.647128 -2.184708 9.363956
-4.926940 -2.319126 9.380533
-4.191109 -2.462925 9.395099
-3.359159 -2.650180 9.403987
-2.426067 -2.909869 9.396877
-2.070347 -3.009407 9.451375
-0.743100 -3.251440 9.417831
0.262882 -3.466526 9.373987
1.026070 -3.679006 9.356508
1.835603 -3.854533 9.343418
2.562095 -4.058042 9.302827
2.738677 -4.074817 9.357501
3.014520 -4.125079 9.338912
3.264579 -4.159318 9.329920
3.185345 -4.126321 9.334113
2.903649 -3.974297 9.335135
2.420629 -3.858007 9.388870
1.696706 -3.549500 9.421777
0.599031 -3.067197 9.481324
-0.457042 -2.695438 9.536666
-0.619014 -2.665850 9.518444
-1.579440 -2.342057 9.535193
-3.045737 -1.705956 9.590362
-4.106371 -1.165312 9.578649
-5.037245 -0.801801 9.609630
-5.425385 -0.581022 9.598345
-5.867543 -0.423809 9.599128
-6.092355 -0.346805 9.642192
-6.264275 -0.245466 9.661310
-6.297134 -0.208490 9.697622
-6.256384 -0.219860 9.686212
-5.753264 -0.447645 9.669386
-5.276691 -0.652729 9.674199
-4.363563 -1.163871 9.650709
-3.946930 -1.432466 9.651962
-2.369626 -2.525286 9.537639
-2.145469 -2.637076 9.534310
-1.382367 -3.128414 9.403379
0.589282 -4.449746 9.201360
0.862708 -4.594085 9.156738
1.803215 -5.278399 9.049885
2.316884 -5.703662 8.982842
2.620340 -5.891693 8.930903
2.710147 -5.973200 8.923807
2.935634 -6.067534 8.936649
2.725831 -5.870591 8.976867
2.390374 -5.576779 9.006977
1.634486 -5.083175 9.120585
1.450670 -4.937702 9.143127
1.077095 -4.598386 9.187178
0.359331 -3.829552 9.356929
-1.506071 -2.155968 9.559582
-2.297358 -1.372021 9.659128
-3.161705 -0.505322 9.742403
-4.002058 0.170965 9.830750
-4.715915 0.731124 9.895928
-5.075936 1.175548 9.951184
-5.313182 1.436804 10.013399
-5.436189 1.565610 10.057626
-5.523744 1.620957 10.085380
-5.392986 1.368398 10.050442
-5.013171 0.919933 10.037982
-4.587967 0.455123 9.986126
-4.009500 -0.055689 9.914658
-3.435363 -0.605609 9.828068
-3.141901 -0.803277 9.761856
-1.948278 -1.784198 9.675221
-1.173315 -2.322161 9.582216
-0.869480 -2.586143 9.512871
-0.089814 -3.093181 9.434805
1.448449 -4.601045 9.159478
1.794977 -5.172401 9.044325
2.110396 -5.830862 8.927314
2.277921 -6.346858 8.822718
2.382300 -6.455662 8.813250
2.337049 -6.761921 8.747821
1.902709 -7.078067 8.691756
1.637287 -7.066166 8.711473
1.124699 -6.913465 8.716710
0.798679 -6.817374 8.747955
-0.128608 -6.127029 8.832503
-1.516494 -4.868924 9.091814
-2.197977 -4.037914 9.188733
-2.938282 -3.085797 9.283049
-3.536003 -2.022988 9.482592
-3.965898 -1.069928 9.644944
-4.440490 0.446025 9.849738
-4.495983 1.093112 10.013416
-4.363418 1.547930 10.093547
-4.351515 1.716872 10.094683
-4.060588 2.237680 10.248763
-3.936852 2.475675 10.282078
-3.813136 2.495546 10.324713
-3.354866 2.343651 10.334227
-2.795608 2.156692 10.354972
-2.366098 1.946147 10.318772
-1.677999 1.435939 10.292160
-1.112564 0.985431 10.215742
-0.680169 0.566015 10.185300
-0.209293 0.018022 10.082851
0.130964 -0.485616 9.976386
0.768688 -1.290648 9.836961
1.148439 -1.877467 9.718611
1.482184 -2.353603 9.619562
1.551779 -2.535497 9.562262
1.825626 -3.592489 9.376571
1.797949 -4.110473 9.275136
1.772662 -4.365723 9.209881
1.448935 -5.473642 8.986303
1.284184 -5.869875 8.905375
0.974751 -6.236417 8.822544
0.503233 -6.730008 8.705595
0.134023 -6.982021 8.651969
-0.249046 -7.120490 8.590101
-0.649362 -7.208556 8.589064
-1.567425 -7.090262 8.579726
-2.124378 -6.957194 8.604569
-2.343288 -6.891013 8.605776
-3.305872 -6.229164 8.710525
-3.933235 -5.614289 8.810407
-4.487091 -4.770785 8.908517
-4.986587 -3.930361 9.086092
-5.166070 -3.068725 9.193997
-5.286060 -2.191343 9.325863
-5.293572 -1.269171 9.545677
-5.071328 -0.251591 9.716959
-4.766800 0.345992 9.867055
-4.529347 0.643569 9.931100
-4.009826 1.088229 10.072805
-3.401738 1.435427 10.158613
-2.188309 1.874990 10.317812
-0.298691 1.727511 10.403812
0.622758 1.443501 10.363893
0.977574 1.380409 10.361938
2.214339 0.570522 10.302599
2.945035 -0.210043 10.167486
3.032136 -0.430671 10.109840
3.322764 -1.145770 9.957497
3.395793 -2.025032 9.779621
3.458265 -3.515732 9.481102
3.385005 -3.940344 9.371895
2.340850 -5.233419 9.072412
1.333601 -5.781543 8.929194
0.034355 -6.282610 8.769882
-1.224323 -6.659297 8.633003
-2.129878 -6.743198 8.581001
-2.579640 -6.769327 8.553657
-4.738379 -6.510117 8.519526
-6.042028 -5.933044 8.617565
-6.648953 -5.357748 8.681445
-7.319677 -4.482813 8.837334
-7.587543 -3.542333 8.997660
-7.755881 -2.696804 9.163948
-7.715599 -1.769351 9.334452
-7.205325 -1.019752 9.490953
-6.284369 -0.430244 9.638450
-6.097373 -0.278271 9.674546
-4.680701 0.640995 9.944326
-3.015759 0.940643 10.075762
-1.594745 0.978517 10.200034
-0.446731 0.923029 10.259399
-0.446731 0.923029 10.259399
-0.446731 0.923029 10.259399
2.589918 0.424230 10.200306
3.279052 0.081098 10.160299
3.785546 -0.395605 10.073046
4.262871 -0.883741 9.985669
4.642259 -1.225628 9.921710
5.476548 -2.451650 9.689522
5.599946 -3.529757 9.459838
5.513600 -4.382670 9.226517
5.495811 -4.472375 9.211879
5.482470 -4.610103 9.224671
4.069059 -5.793228 8.947008
3.244437 -6.210014 8.818333
3.051019 -6.278833 8.817687
2.922760 -6.334365 8.827289
1.815838 -6.505069 8.775550
1.079606 -6.589082 8.708362
-0.137098 -6.687680 8.668285
-1.107522 -6.692822 8.598962
-2.126451 -6.590736 8.558944
-4.269570 -6.147504 8.598620
-4.497859 -6.089558 8.590347
-4.837126 -5.934857 8.596022
-5.905302 -5.364077 8.621375
-5.905302 -5.364077 8.621375
-6.723753 -4.863371 8.714900
-7.397263 -4.103193 8.807922
-7.874615 -3.459944 8.905672
-7.874615 -3.459944 8.905672
-8.301968 -2.786670 8.995249
-8.591824 -1.994697 9.154885
-8.546551 -0.827256 9.374720
-8.393169 -0.507056 9.422583
-8.307618 -0.331450 9.532694
-7.936225 0.324381 9.676085
-7.524089 0.863670 9.811889
-6.935892 1.245822 9.934075
-6.935892 1.245822 9.934075
-6.113846 1.607437 10.069001
-4.250597 1.642735 10.233519
-3.127819 1.455164 10.193712
-2.026571 1.245208 10.218454
-1.435090 1.098162 10.219006
-0.976342 0.962691 10.249346
0.056779 0.679215 10.187194
0.701000 0.392929 10.173864
0.830608 0.327351 10.163616
1.197980 0.168084 10.140529
3.109508 -0.986189 9.935802
3.698500 -1.392433 9.866386
4.496268 -2.137895 9.669392
4.913896 -2.820133 9.523416
5.187185 -4.364790 9.183663
4.966502 -5.157408 9.021504
4.680552 -5.884791 8.873044
4.068418 -6.503115 8.772689
3.000705 -7.032168 8.585795
1.951252 -7.219565 8.598609
0.678037 -7.153456 8.551383
-0.712951 -6.988273 8.540820
-2.299261 -6.614887 8.573880
-3.640379 -6.082670 8.605727
-5.158911 -5.239294 8.699587
-5.451700 -5.040488 8.726636
-6.352325 -4.309084 8.813005
-7.623274 -2.617504 9.063862
-8.016058 -1.690896 9.219485
-8.041056 -0.653735 9.428747
-7.931676 0.229750 9.639683
-7.658973 0.973805 9.844385
-7.083872 1.541946 10.005575
-6.022691 1.823839 10.164838
-4.838833 1.845163 10.252933
-3.146851 1.610481 10.332854
-1.996626 1.372673 10.335815
-1.701765 1.296782 10.343619
-0.221157 0.747489 10.234378
0.571950 0.359285 10.217606
1.609044 -0.172761 10.109645
2.207979 -0.599375 10.051414
2.955079 -1.006868 9.921404
3.571369 -1.672755 9.805610
3.783376 -1.811462 9.768021
4.284886 -2.347371 9.651030
4.461996 -2.821218 9.540771
4.573370 -3.056550 9.515992
4.697561 -3.543857 9.391123
4.831095 -3.935965 9.307978
4.836535 -4.409863 9.232522
4.814261 -4.510098 9.206051
4.207519 -5.689231 8.929446
3.495501 -6.171833 8.874890
3.355294 -6.309189 8.838137
1.841650 -6.795688 8.687067
0.337851 -6.684851 8.681582
-0.961135 -6.472142 8.696516
-2.512263 -6.158686 8.719070
-3.899511 -5.692868 8.733033
-5.143927 -5.021796 8.785541
-6.223087 -4.161444 8.841448
-6.628615 -3.537237 8.903125
-6.963961 -2.969982 8.965773
-7.381287 -1.636773 9.257261
-7.425919 -0.123384 9.583387
-7.190490 0.565668 9.755049
-7.100858 0.759667 9.765763
-6.133891 1.572707 9.850561
-4.350128 2.289784 9.155751
-3.939143 2.397702 9.034009
-2.850601 2.632476 8.557467
-1.808555 2.684524 8.146116
0.107316 2.577760 7.444972
1.371024 2.247534 6.927287
2.381431 2.028342 6.526857
3.599012 1.563591 5.986177
4.326186 1.236442 5.599339
5.053737 0.808835 5.270536
5.685810 0.388453 4.850254
6.471017 -0.527641 4.227081
6.591535 -1.154034 3.705542
6.259817 -2.461821 2.723723
5.919268 -3.304065 2.094683
5.555387 -3.884600 1.684731
4.237993 -5.132062 0.872365
3.494845 -5.695319 0.555093
2.765893 -6.051175 0.278942
0.661623 -6.416463 -0.177791
-0.409602 -6.387358 -0.347467
-2.559549 -5.856965 -0.584157
-4.926135 -4.669078 -0.986053
-5.420766 -4.347386 -1.058842
-7.309413 -2.633874 -1.353530
-8.507842 -0.565748 -1.731336
-8.533636 1.268617 -1.791410
-8.544985 2.754941 -1.773495
-8.334909 4.503067 -1.461391
-7.659155 6.083838 -1.095747
-7.479049 6.330995 -1.003296
-6.473423 7.190189 -0.694631
-3.139874 8.716243 0.471975
-1.718219 9.009402 1.002804
-1.046958 9.025767 1.223780
-0.345722 8.977230 1.359537
1.047269 8.808255 1.588455
2.331113 8.310322 1.545011
3.348308 7.758393 1.493762
4.450516 7.084943 1.350154
5.356933 6.266641 1.164369
6.240247 5.457174 0.948786
6.941027 4.601276 0.674826
7.471851 3.906667 0.497207
7.941928 3.005595 0.304226
8.354441 1.910108 0.184296
8.579527 1.151124 0.113755
8.664587 0.041380 0.061623
8.581870 -1.030041 -0.002184
8.581870 -1.030041 -0.002184
8.397175 -1.944850 -0.077934
8.051961 -3.037941 -0.225315
7.532638 -4.091453 -0.339474
7.017201 -4.818995 -0.439772
6.169639 -6.148105 -0.819837
5.586720 -6.890323 -1.056713
4.897422 -7.705043 -1.269556
3.977301 -8.388163 -1.479821
1.702191 -9.396890 -1.854819
0.214717 -9.822212 -2.137367
-3.372354 -9.966652 -2.594612
-4.993214 -9.490625 -2.771759
-6.595353 -8.692008 -2.931408
-7.783375 -7.466500 -2.936978
-7.841529 -7.335502 -2.955754
-8.657184 -5.216219 -2.531579
-8.645436 -2.735810 -1.962323
-8.584899 -2.292324 -1.817855
-8.210802 -0.940817 -1.529305
-6.574803 2.394251 -0.712724
-5.339024 4.248289 -0.474117
-4.877045 4.910431 -0.407555
-1.743697 8.054667 -0.039332
-0.263988 9.071588 0.215261
0.422626 9.426552 0.250510
1.905789 10.129795 0.346645
2.064448 10.206683 0.362537
3.319678 10.538485 0.468663
4.787162 10.661770 0.651763
5.867249 10.665219 0.745705
6.910730 10.489592 0.799986
7.719645 10.278546 0.873477
8.583583 9.810979 0.865129
9.066943 9.154592 0.813269
9.579069 8.392025 0.741822
10.095951 6.628526 0.645362
10.054093 5.678297 0.615420
9.824289 4.635060 0.578495
9.510403 3.740628 0.545138
8.932957 2.524830 0.476896
8.357100 1.658502 0.448864
7.588248 0.526491 0.319515
6.646369 -0.515072 0.147753
5.797932 -1.394507 -0.019677
4.838610 -2.262549 -0.203141
1.328201 -4.949440 -0.985436
-0.440130 -5.960455 -1.418773
-2.519254 -6.845311 -1.777498
-4.834061 -7.518759 -1.967205
-6.797102 -7.882872 -2.114539
-7.132335 -7.919936 -2.153196
-9.861244 -7.321326 -2.127177
-10.765848 -6.770919 -2.008377
-10.876952 -6.666107 -1.975382
-11.384387 -5.540428 -1.848443
-10.692347 -3.650393 -1.573638
-9.939275 -2.183495 -1.501384
-8.774344 -0.622110 -1.520333
-7.395193 0.866922 -1.413337
-6.990279 1.241506 -1.341688
-5.775964 2.338577 -1.278816
-5.775964 2.338577 -1.278816
-3.187336 4.376112 -1.143304
-2.987634 4.586027 -1.124405
-0.169995 6.299091 -0.850844
1.068015 6.846750 -0.690816
1.504124 7.061440 -0.647369
4.958044 8.102741 -0.355556
6.345402 8.249154 -0.132251
6.732420 8.277932 -0.059403
7.978641 8.387569 0.131151
10.279647 8.128451 0.624066
11.009014 7.902177 0.786348
11.939568 7.475544 0.908759
12.261134 7.068958 0.913558
12.383511 6.521888 0.939746
12.478138 5.805170 0.941312
12.096881 5.212769 0.887583
11.723350 4.499648 0.777414
11.260522 3.760874 0.663493
10.671040 2.964174 0.495211
10.012822 2.197790 0.351030
9.033542 1.340554 0.207795
7.926999 0.707270 0.083957
6.677901 0.170932 -0.083407
4.250093 -0.917656 -0.409979
2.702641 -1.519196 -0.558672
0.844308 -2.031042 -0.660950
-0.185989 -2.302547 -0.719143
-2.015909 -2.993320 -0.698550
-3.257407 -3.465704 -0.693399
-4.656106 -3.807857 -0.805483
-6.099972 -3.970039 -0.942740
-7.613405 -3.953154 -1.096558
-8.852990 -3.894866 -1.266382
-9.906709 -3.766838 -1.500105
-10.959550 -3.755741 -1.712580
-12.225353 -3.550777 -2.111370
-12.759731 -2.533183 -2.548579
-12.858106 -2.231181 -2.543458
-12.782680 -1.597816 -2.539360
-12.717100 -1.498624 -2.486588
-11.694313 -0.025185 -2.274228
-10.738873 0.512559 -2.037657
-9.553822 0.929107 -1.677269
-8.675102 1.177160 -1.380485
-7.476172 1.494247 -1.088784
-5.998848 1.939809 -0.830157
-4.638558 2.218491 -0.645049
-3.476036 2.363564 -0.422364
-2.213233 2.431028 -0.222677
-2.213233 2.431028 -0.222677
-0.263347 2.705298 -0.108857
1.700756 2.860178 -0.112394
3.051099 2.997008 -0.101619
4.319683 3.010346 -0.128495
5.751825 3.004375 -0.202052
7.414461 2.954137 -0.313211
8.758728 2.844872 -0.308460
9.894735 2.652145 -0.279616
10.821432 2.460041 -0.202311
10.821432 2.460041 -0.202311
11.603733 2.348205 -0.162664
12.148503 2.112574 -0.111128
12.672313 1.886030 0.027662
12.983054 1.690451 0.164090
13.299452 1.285462 0.402682
13.347916 0.909594 0.513221
13.070993 0.635154 0.594733
13.070993 0.635154 0.594733
12.842373 0.431834 0.617117
12.263192 0.135567 0.576328
11.153326 -0.056565 0.450171
9.858557 -0.153688 0.364768
8.326935 -0.217183 0.227593
7.217844 -0.426077 0.168192
6.078451 -0.623589 0.025489
6.078451 -0.623589 0.025489
4.464578 -0.795494 -0.227527
2.751119 -0.834866 -0.456559
-0.122213 -0.796023 -0.861239
-1.838263 -0.718260 -1.130097
-3.601670 -0.510333 -1.381542
-3.601670 -0.510333 -1.381542
-5.412595 -0.350933 -1.633828
-6.589240 -0.200851 -1.763351
-7.805220 -0.053395 -1.872904
-9.048936 0.141797 -2.011957
-9.922262 0.317024 -2.152335
-10.643386 0.511227 -2.187707
-11.616193 0.801901 -2.082791
-11.894428 0.993939 -1.949426
-11.371284 1.116511 -1.627285
-10.726719 1.109921 -1.455762
-8.654165 1.136958 -1.101305
-6.090454 1.057763 -0.900686
-5.667584 1.057967 -0.878777
-4.112059 0.962364 -0.837607
-0.080354 0.449103 -0.722485
0.735273 0.323143 -0.648982
2.040835 0.033084 -0.501631
6.261781 -1.084336 -0.023511
8.396986 -2.031802 0.293664
8.825545 -2.162622 0.371380
10.058251 -2.706753 0.590746
11.178783 -3.455427 1.040293
11.836073 -3.722812 1.247055
12.297010 -3.905905 1.395743
12.110449 -3.714200 1.489458
10.706259 -3.098264 1.491045
9.169937 -2.372044 1.442934
8.554484 -2.120930 1.386862
7.505859 -1.614536 1.227731
6.171307 -1.016903 0.989364
4.725753 -0.329677 0.805831
3.124614 0.318874 0.611803
1.704469 0.919789 0.397208
0.243551 1.550394 0.182000
-0.990910 2.016567 -0.014083
-2.394918 2.586483 -0.205503
-3.723528 3.100490 -0.309245
-5.128099 3.613597 -0.457944
-5.128099 3.613597 -0.457944
-6.464272 4.088356 -0.593255
-8.560834 4.721769 -0.932334
-9.508282 5.037929 -1.162548
-9.609290 5.081510 -1.159220
-10.721373 5.442935 -1.422958
-11.066057 5.543320 -1.530603
-11.095319 5.613037 -1.510677
-10.913629 5.394459 -1.643773
-10.159851 5.005796 -1.553657
-10.065646 4.884984 -1.570414
-9.417202 4.484360 -1.388265
-7.583695 3.331183 -0.855215
-6.541752 2.665257 -0.624704
-5.209724 1.910033 -0.478151
-4.019507 1.163264 -0.363393
-2.843774 0.495450 -0.276768
-1.443437 -0.307642 -0.242914
-0.074333 -1.129893 -0.231807
1.378678 -2.125519 -0.251423
3.955888 -3.771564 -0.221433
5.422003 -4.670391 -0.186263
6.679403 -5.405293 -0.116716
8.259107 -6.276168 0.033882
9.313162 -6.832592 0.085386
10.068215 -7.336471 0.225147
10.716671 -7.668036 0.388271
10.716671 -7.668036 0.388271
10.932137 -7.643287 0.520880
11.028790 -7.564997 0.584030
10.843640 -6.604016 1.184148
10.604453 -6.296714 1.234937
9.166717 -4.792919 1.205769
8.724357 -4.349367 1.123091
7.647744 -3.554215 0.964608
6.464468 -2.624368 0.715497
5.329895 -1.784112 0.534956
3.810139 -0.886656 0.387444
2.734264 -0.350562 0.300151
-2.682610 2.619536 -0.001935
-3.123224 2.815217 -0.016892
-5.715994 4.072228 0.019500
-7.180776 5.018206 -0.121780
-9.921628 6.885095 -0.259793
-10.933029 8.011308 -0.485019
-11.622698 8.812169 -0.692915
-11.618403 9.130494 -0.842998
-10.893238 8.926624 -0.885633
-10.644681 8.817045 -0.912898
-9.282162 8.330948 -0.911904
-8.234804 7.749573 -0.873884
-7.957123 7.557769 -0.835908
-7.008751 6.960216 -0.705852
-5.659693 6.205549 -0.590228
-4.158323 5.247160 -0.541489
-1.304267 3.380352 -0.247770
0.403783 2.283179 -0.152187
2.175687 1.016766 0.058340
3.572219 -0.054557 0.150259
4.914301 -1.166206 0.223548
6.107285 -2.195986 0.214013
8.675064 -4.382811 0.210516
9.932057 -5.589894 0.225798
10.534189 -6.446256 0.293012
11.068763 -7.422975 0.461274
11.702356 -8.836277 0.607018
11.715983 -9.451272 0.787925
11.708472 -9.528710 0.834352
11.437890 -10.021689 0.917008
10.853809 -10.114404 0.832629
10.177151 -10.087913 0.731818
9.180115 -9.704141 0.568318
8.030222 -9.214613 0.411129
6.661250 -8.508952 0.241202
5.394711 -7.932519 0.110217
3.744188 -7.272448 0.034387
2.142670 -6.431504 -0.035532
0.921111 -5.792206 -0.150584
-0.767674 -4.887252 -0.310014
-2.210402 -4.202859 -0.457160
-3.547886 -3.492972 -0.569301
-4.893862 -2.541586 -0.700699
-5.852996 -1.944433 -0.703933
-7.294026 -1.060754 -0.792669
-8.571752 -0.078513 -0.874841
-9.562596 0.758494 -0.855254
-10.251359 1.591663 -0.799694
-10.854360 2.527572 -0.781245
-11.338650 3.336336 -0.794241
-11.548608 4.356258 -0.759562
-11.569851 5.137551 -0.671973
-11.491839 6.307815 -0.588064
-11.093706 7.195834 -0.531009
-10.315448 7.905414 -0.463873
-10.315448 7.905414 -0.463873
-9.266543 8.549905 -0.416274
-8.309901 8.955997 -0.311136
-6.859960 9.475527 -0.231205
-5.721995 9.778756 -0.067738
-4.294665 9.875841 0.081722
-2.832367 9.790383 0.255603
-1.214466 9.462885 0.408696
0.267246 9.042206 0.455477
1.874383 8.397850 0.436600
4.688020 6.677363 0.374098
6.126214 5.569759 0.367863
7.365558 4.497443 0.391704
7.556033 4.349488 0.365551
8.504048 3.213837 0.423223
9.536469 1.947594 0.462654
10.433759 0.762642 0.538405
11.097211 -0.394847 0.589675
11.503605 -1.350205 0.590945
11.678983 -2.556107 0.788115
11.389203 -3.601632 0.963524
11.026904 -4.420246 1.039045
11.026904 -4.420246 1.039045
10.576759 -5.327273 1.049384
9.270832 -7.003689 0.954640
8.420432 -7.557313 0.831996
7.168810 -8.136330 0.623757
5.850596 -8.431521 0.268418
4.281140 -8.713823 -0.113695
2.690286 -8.912581 -0.350047
1.307144 -9.016825 -0.524889
0.151513 -9.058343 -0.653426
-1.250911 -8.997342 -0.844920
-2.876234 -8.853898 -0.952112
-5.691384 -8.054663 -1.086799
-7.185388 -7.365779 -1.078464
-8.080057 -6.799608 -1.062803
-9.130185 -6.071369 -1.034370
-9.905005 -5.232391 -1.009323
-10.405129 -4.442209 -0.878387
-10.466398 -3.571626 -0.811339
-10.501263 -2.538857 -0.613381
-10.404674 -1.873345 -0.534077
-8.829103 1.760375 -0.023461
-8.358203 2.270174 0.048556
-4.947686 5.930862 0.377432
-3.169376 7.205707 0.471601
-2.515746 7.561479 0.453844
-1.243163 8.186682 0.501042
0.354565 8.817755 0.535360
2.047944 9.282707 0.537440
3.274306 9.477616 0.561852
4.856382 9.605873 0.580931
6.095066 9.611164 0.709962
7.459163 9.431257 0.870758
7.459163 9.431257 0.870758
8.615698 8.991538 1.052133
9.457544 8.364699 1.166311
10.093243 7.777795 1.182847
10.653237 7.040298 1.126000
11.264575 6.078821 0.974724
11.587187 5.229023 0.898093
11.770692 4.076501 0.776832
11.703669 2.937415 0.706653
11.703669 2.937415 0.706653
11.339521 1.885593 0.658667
10.637056 0.672576 0.582788
9.797226 -0.447222 0.500185
9.044562 -1.418646 0.508847
7.978740 -2.729547 0.542497
7.063709 -3.711435 0.538949
5.802298 -4.745013 0.502975
4.488962 -5.574833 0.348527
2.985259 -6.299072 0.205244
1.599171 -7.115468 -0.061726
0.168551 -7.827505 -0.259879
0.168551 -7.827505 -0.259879
-1.172826 -8.242267 -0.356517
-2.980609 -8.703831 -0.527033
-4.265643 -8.953528 -0.703245
-5.760905 -9.111453 -0.912923
-7.134158 -9.102179 -1.107738
-8.578984 -8.989509 -1.315673
-9.691199 -8.728559 -1.502670
-10.668784 -8.390650 -1.577886
-11.332640 -7.865004 -1.680216
-11.893601 -7.176850 -1.692247
-12.218607 -6.328500 -1.602876
-12.339901 -5.497170 -1.511198
-12.103388 -4.630935 -1.323982
-11.794428 -3.699734 -1.016825
-11.229139 -2.735414 -0.740012
-11.229139 -2.735414 -0.740012
-10.296054 -1.647651 -0.534261
-9.197945 -0.631712 -0.296844
-8.167747 0.391253 -0.094935
-7.057633 1.416031 0.119771
-6.093389 2.187918 0.251898
-4.774061 3.240364 0.421727
-3.749181 3.983059 0.456091
-1.928800 5.129203 0.481129
-0.312329 5.808108 0.540387
-0.312329 5.808108 0.540387
1.031059 6.274222 0.588787
2.597762 6.700995 0.684488
4.041478 6.924139 0.737472
5.818105 7.077517 0.782617
7.180668 7.028889 0.799533
8.514486 6.815818 0.775196
9.579974 6.610118 0.767801
10.489419 6.378193 0.793031
11.658550 5.799646 0.816044
12.644443 4.849064 0.817447
12.987748 4.185257 0.896577
13.096816 3.533241 0.910114
13.152572 2.353942 1.040509
13.152572 2.353942 1.040509
13.002669 1.260456 1.053542
12.607197 0.346621 1.079974
11.936140 -0.507981 0.949931
10.878898 -1.448831 0.803307
7.106964 -4.052544 0.331257
5.152713 -4.950451 0.103448
0.937440 -5.729573 -0.099675
0.290370 -5.711151 -0.098694
-1.733987 -5.612977 -0.290483
-3.754558 -5.353983 -0.454959
-6.969250 -4.625961 -0.857040
-8.446581 -4.134240 -1.059619
-9.004829 -3.880017 -1.114480
-11.520821 -2.453518 -1.391301
-11.644449 -2.326640 -1.420592
-12.387645 -1.556505 -1.451534
-13.942944 1.554883 -1.165182
-13.493647 3.077897 -0.995864
-12.888822 4.144875 -0.954848
-12.632112 4.331543 -0.928702
-11.701578 4.905937 -0.911115
-11.564552 4.960511 -0.924740
-8.910583 5.548036 -0.817555
-7.813365 5.509010 -0.756327
-6.502607 5.386726 -0.591718
-5.977196 5.284607 -0.528981
-3.775295 4.837239 -0.209021
-2.070198 4.312483 0.040504
-0.856586 3.816564 0.171722
0.356943 3.285531 0.165314
1.676432 2.688925 0.166747
4.144652 1.523013 0.280187
5.167648 1.024722 0.308803
5.654887 0.738571 0.331296
7.216165 -0.175405 0.334749
10.069256 -2.104937 0.350821
10.861926 -2.786603 0.370263
11.540026 -3.306140 0.432329
12.052231 -3.834559 0.464205
13.230310 -5.026789 0.571836
13.660096 -5.559831 0.686879
14.120629 -6.233340 0.849408
14.086047 -7.364093 1.353459
13.665272 -7.445226 1.533514
13.010988 -7.251363 1.412980
11.101477 -6.411330 1.059557
9.608389 -5.635044 0.908716
6.795458 -4.262388 0.697297
4.661998 -3.397741 0.505346
1.920674 -2.221544 0.253572
-0.442402 -1.160713 -0.013184
-1.112843 -0.802709 -0.080378
-2.587635 -0.172929 -0.284391
-5.662600 1.296154 -0.529411
-7.003169 2.012549 -0.580743
-8.272320 2.734881 -0.624761
-9.538241 3.726128 -0.753295
-10.088482 4.251163 -0.782311
-10.459332 4.646763 -0.824524
-11.025545 5.786151 -0.795662
-11.042268 5.907781 -0.788044
-10.363371 6.212844 -0.650337
-9.508680 5.952531 -0.531455
-8.249950 5.466042 -0.433189
-6.534649 4.549704 -0.405620
-4.605009 3.315782 -0.313229
-2.753144 1.994911 -0.262178
-1.155463 0.954346 -0.173003
-0.855789 0.700370 -0.161080
1.583098 -1.144759 -0.239752
2.376261 -1.763904 -0.270301
3.265349 -2.569451 -0.303539
6.857646 -5.643093 -0.434678
8.028367 -6.720139 -0.408140
9.387062 -7.952806 -0.267589
10.112262 -8.567103 -0.155918
10.657512 -9.046466 -0.051821
10.831319 -9.223219 -0.022514
11.154645 -9.375700 0.091912
11.442733 -9.270731 0.217338
11.138671 -8.806532 0.303588
10.154598 -7.533899 0.431337
9.506800 -6.754826 0.507122
9.374970 -6.491382 0.563552
8.913604 -5.916339 0.601339
8.456386 -5.314174 0.606932
7.808196 -4.606448 0.586005
7.157857 -4.056680 0.484595
6.253803 -3.333646 0.443679
4.717146 -2.155620 0.363295
3.501493 -1.188831 0.333849
3.296602 -1.054828 0.346982
0.600461 0.786059 0.307625
0.215073 1.074258 0.367400
-1.710590 2.164933 0.376557
-2.920395 2.909189 0.383336
-4.088817 3.521811 0.424164
-5.131835 4.058681 0.353460
-6.265571 4.512331 0.280806
-7.113775 4.860327 0.175028
-7.837901 5.133269 0.078725
-8.360435 5.304979 -0.074650
-8.711942 5.324205 -0.105509
-8.861907 5.312382 -0.148752
-8.843748 5.220339 -0.114695
-8.679506 5.009832 -0.085816
-8.341297 4.683060 -0.038628
-7.779718 4.265554 -0.048175
-7.218157 3.779785 -0.049448
-7.099809 3.671611 -0.044655
-6.023213 2.914921 -0.048794
-5.224795 2.364102 -0.094694
-4.273433 1.808492 -0.149659
-3.306885 1.128953 -0.188352
-1.755484 0.055510 -0.280958
-0.250857 -1.043557 -0.384286
0.192515 -1.327120 -0.441893
2.395941 -2.857908 -0.556005
3.649411 -3.698784 -0.655946
4.666435 -4.394785 -0.746402
4.989942 -4.614277 -0.751215
6.528150 -5.820932 -0.885379
6.816357 -5.940095 -0.913767
7.893207 -6.766504 -0.961003
8.428068 -7.119971 -0.953525
8.695391 -7.210454 -0.895764
8.778976 -7.308040 -0.855755
9.052206 -7.026118 -0.704000
8.958073 -6.641188 -0.566865
8.688209 -6.166045 -0.332369
8.151591 -5.634149 -0.170849
7.658449 -5.110006 -0.133385
7.437004 -4.913276 -0.128578
6.040613 -3.807928 -0.099421
4.950840 -2.975961 -0.086974
3.614273 -1.987032 -0.071488
2.203317 -0.948003 -0.021424
0.540384 0.268533 0.183422
-1.016211 1.266390 0.385232
-2.681991 2.189614 0.551653
-4.440703 3.219449 0.741669
-5.855115 4.093706 0.777043
-6.890744 4.812369 0.750140
-7.498119 5.399707 0.683566
-7.707650 5.719404 0.565538
-7.721747 5.898884 0.507864
-7.489467 5.828208 0.416217
-6.884039 5.477585 0.484438
-5.821895 4.785271 0.525501
-4.486784 3.877349 0.557269
-3.010359 2.932307 0.530142
-2.696812 2.671389 0.507509
-0.216615 0.929528 0.251610
2.248326 -1.024161 -0.275256
3.877971 -2.317161 -0.568972
5.561777 -3.845779 -1.051251
6.450582 -4.724740 -1.239727
7.681764 -6.081546 -1.519859
8.359825 -6.755174 -1.612795
8.635376 -7.055409 -1.589516
9.048034 -7.691017 -1.495378
9.004958 -7.722418 -1.390183
8.735588 -7.556991 -1.186429
8.352522 -7.095374 -0.920186
7.570002 -6.526532 -0.669892
7.343222 -6.408070 -0.648519
6.071992 -5.466080 -0.439878
5.073430 -4.715177 -0.396449
4.733360 -4.521536 -0.340556
2.671133 -3.150395 -0.318203
2.516139 -3.026858 -0.271403
1.673889 -2.393776 -0.219476
0.437222 -1.621235 -0.108007
0.285304 -1.475522 -0.078034
-0.983430 -0.646216 0.057477
-0.983430 -0.646216 0.057477
-2.375857 0.273770 0.286639
-4.642100 1.916661 0.836398
-5.140039 2.394651 0.995300
-6.279682 3.647013 1.202259
-7.211180 4.681986 1.392386
-7.729668 5.096468 1.491057
-7.992952 5.471784 1.533850
-8.214414 6.074950 1.612331
-8.403864 6.487412 1.616217
-8.497434 6.760036 1.630840
-8.318643 6.923085 1.642960
-7.735708 6.749618 1.620249
-6.957339 6.520237 1.555374
-5.172965 5.594500 1.153622
-4.170887 4.990421 0.947358
-4.003505 4.936405 0.888819
-3.644514 4.698504 0.867507
-2.431060 3.965499 0.578835
-1.308130 3.113815 0.381939
1.458852 0.838133 -0.090251
1.732385 0.644361 -0.131090
2.184502 0.219653 -0.209756
4.870519 -2.427918 -0.700275
5.091237 -2.703862 -0.762619
6.650780 -4.801864 -1.100177
7.015052 -5.223624 -1.198593
7.856305 -6.223531 -1.313365
8.815832 -7.550535 -1.393319
9.231263 -8.619695 -1.341577
9.332093 -8.791677 -1.305021
9.462641 -9.225658 -1.341505
9.482090 -9.448071 -1.308339
9.456509 -9.406286 -1.226324
9.232646 -9.218932 -1.107403
8.583632 -8.593631 -1.053678
7.976418 -8.272349 -1.039473
7.337342 -7.778006 -0.908201
6.877749 -7.275159 -0.852560
6.269492 -6.816748 -0.836088
5.458261 -6.273941 -0.749362
3.693787 -5.209053 -0.711799
2.779046 -4.660279 -0.611455
2.455780 -4.388127 -0.627212
1.563589 -3.807341 -0.508459
0.873920 -3.271046 -0.362982
-0.079127 -2.620331 -0.258926
-1.227713 -1.852153 -0.053116
-3.467728 -0.249745 0.345298
-4.760815 0.752274 0.599031
-6.227053 2.118729 1.043282
-6.708133 2.604347 1.226923
-8.519790 4.754724 1.642875
-9.136265 6.043811 1.859444
-9.688645 7.358726 2.022932
-9.675120 8.124060 2.075648
-9.451252 8.788904 2.081327
-8.513808 9.124871 2.070807
-7.503955 8.935172 1.995906
-6.142316 8.288123 1.820472
-5.768739 8.112273 1.741739
-3.090975 6.574425 1.360730
-0.868638 4.987479 0.949834
1.127500 3.385223 0.579074
2.941561 1.776872 0.258835
4.786825 0.031185 -0.176919
6.774156 -1.978783 -0.625088
8.798649 -4.364180 -1.129310
9.809898 -6.097703 -1.435268
10.673159 -7.574341 -1.617904
11.382121 -9.078382 -1.781031
11.583382 -10.191485 -1.812021
11.380303 -10.790107 -1.819727
11.063970 -11.030835 -1.780591
10.838244 -11.051587 -1.767130
10.280395 -10.907605 -1.748510
8.490163 -10.112742 -1.653221
7.122821 -9.292501 -1.579355
5.783713 -8.601984 -1.510439
4.397257 -7.785312 -1.394074
2.378668 -6.589135 -1.221461
0.741427 -5.670159 -1.036763
-0.755181 -4.728363 -0.781136
-4.176835 -2.647547 -0.110569
-6.904630 -0.303742 0.707045
-8.725536 1.320594 1.365901
-9.868436 3.132975 1.860749
-10.972680 4.863561 2.283527
-11.440677 6.478223 2.636954
-11.564516 7.829529 2.832500
-11.308218 9.289189 2.909754
-10.510561 9.717652 2.786537
-9.377764 9.955644 2.800244
-8.843116 10.007116 2.822688
-7.330918 10.005392 2.931757
-6.293072 9.621304 2.944569
-3.520547 8.471656 2.683865
-0.562775 6.671152 2.193912
1.704311 5.210022 1.724896
4.029406 3.556730 1.275653
4.504934 3.127021 1.155766
6.012165 1.731956 0.822102
8.714211 -1.011385 0.163830
10.848330 -4.014003 -0.509647
12.090990 -6.330696 -1.012931
12.497004 -8.415176 -1.347443
12.584105 -9.965637 -1.588934
12.634256 -11.024462 -1.938897
11.773675 -11.817578 -2.106021
11.448925 -11.967777 -2.162200
10.726881 -12.050216 -2.244236
10.457435 -12.030592 -2.214048
9.611422 -11.955385 -2.236685
8.417239 -11.720796 -2.092075
7.277515 -11.405154 -1.970155
5.789995 -10.711642 -1.770399
5.789995 -10.711642 -1.770399
4.741921 -10.206572 -1.621767
3.560580 -9.578965 -1.501530
1.903448 -8.636717 -1.408223
0.364363 -7.711465 -1.259824
-1.350119 -6.596616 -1.030150
-2.897553 -5.712457 -0.816049
-4.406310 -4.726924 -0.601448
-5.984946 -3.502758 -0.261324
-7.191352 -2.553686 0.034125
-8.440593 -1.403567 0.352545
-9.590469 -0.101799 0.766779
-10.322535 0.987198 1.159660
-11.065451 2.351819 1.598156
-11.726914 3.652563 1.886867
-12.138093 5.024184 2.207180
-12.452965 7.746864 2.748753
-12.262378 8.840595 2.904454
-11.755080 9.785647 3.012508
-11.007253 10.547315 3.095349
-10.098276 11.033164 3.184741
-9.202621 11.178736 3.234749
-8.133043 11.309917 3.213315
-6.665934 11.258307 2.996029
-5.243420 10.901801 2.793407
-3.858215 10.404191 2.668770
-2.273822 9.570427 2.420783
-0.734628 8.690001 2.228490
1.248626 7.582022 1.862445
2.793892 6.515270 1.579721
4.253574 5.391184 1.216766
5.929696 4.055019 0.866586
7.318679 2.907626 0.538840
9.058344 1.305500 0.140736
10.283748 -0.113614 -0.200233
11.621347 -1.798302 -0.525677
12.603705 -3.369032 -0.776630
13.327806 -5.029328 -1.054435
13.770607 -6.490887 -1.311671
13.890389 -8.021487 -1.575726
13.831218 -9.353441 -1.729987
13.414032 -11.456634 -2.184179
13.216094 -11.889509 -2.286950
12.966527 -12.169026 -2.351012
11.311466 -12.787775 -2.606276
8.316505 -12.690583 -2.612071
6.197345 -11.960365 -2.429772
4.268783 -11.165615 -2.228224
3.564375 -10.809126 -2.088718
2.112700 -10.132588 -1.985276
0.417167 -9.283905 -1.808196
-1.364707 -8.348506 -1.603884
-2.933750 -7.402992 -1.419273
-4.596007 -6.411897 -1.103334
-6.047235 -5.424980 -0.796480
-7.514381 -4.420213 -0.445922
-8.793080 -3.269109 -0.118410
-10.074182 -1.995799 0.331521
-11.303882 -0.507618 0.820174
-11.303882 -0.507618 0.820174
-12.187554 1.018456 1.422158
-12.721681 2.243268 1.739945
-12.998857 3.711105 2.042754
-13.291684 5.431751 2.446772
-13.334259 6.984640 2.812138
-12.613430 9.580490 3.264880
-11.952670 10.490947 3.308282
-8.280940 12.137855 3.559810
-6.499205 12.180092 3.479041
-5.818408 12.116938 3.476648
-4.078033 11.790604 3.333336
0.795537 9.369024 2.682565
3.146855 7.824225 2.162939
5.675782 6.060228 1.491878
7.374404 4.474882 1.077301
9.295068 2.610234 0.546422
10.983648 0.497986 0.080233
12.266944 -1.714045 -0.382827
13.435098 -4.253846 -1.028450
13.568359 -6.556821 -1.527906
13.419710 -8.732929 -1.932218
12.654465 -10.474635 -2.300418
11.757299 -11.880480 -2.612885
10.747967 -12.803086 -2.806564
9.343117 -13.399543 -2.914959
8.822322 -13.550732 -2.941677
7.590811 -13.710930 -2.941060
6.194942 -13.558399 -2.894958
4.879941 -13.293351 -2.881604
2.926187 -12.633489 -2.737147
0.160283 -11.055142 -2.548023
-0.916701 -10.201039 -2.381176
-2.407770 -9.163214 -2.079160
-7.529287 -5.386502 -0.749539
-7.923158 -4.975100 -0.590966
-8.987914 -3.856023 -0.187114
-11.157668 -0.492737 0.999652
-12.113923 2.374183 1.859109
-12.555147 4.954435 2.478146
-12.560441 7.328025 3.032015
-12.010407 9.548028 3.459741
-11.026373 11.086175 3.693207
-9.430548 12.265162 3.773081
-8.045621 12.899868 3.809519
-5.743123 13.433244 3.708059
-3.824962 13.348511 3.517477
-1.566590 12.735194 3.214409
0.321294 11.824400 2.958177
2.739594 10.454980 2.626948
3.289367 9.988338 2.513562
5.977774 7.788669 1.945131
7.610196 6.147716 1.568067
10.214052 2.477422 0.722328
10.695203 1.817934 0.536932
11.702740 -0.429050 0.086683
12.156798 -4.675612 -0.767114
11.895317 -7.285185 -1.341848
11.347461 -9.225636 -1.744673
10.576268 -11.247406 -2.359675
9.947215 -12.317046 -2.661762
9.140751 -13.471994 -2.878973
8.180559 -13.995973 -2.989302
8.046612 -14.072037 -2.993079
7.837576 -14.163193 -3.011955
6.623118 -14.487283 -3.117145
5.498385 -14.712628 -3.257456
4.191701 -14.840774 -3.357190
2.829129 -14.642321 -3.363354
1.550807 -14.022989 -3.303383
0.372099 -13.427543 -3.235500
-0.796298 -12.767608 -3.076373
-2.925799 -11.349673 -2.520884
-2.925799 -11.349673 -2.520884
-4.428823 -10.103222 -2.071723
-5.709424 -8.934141 -1.604246
-6.706843 -7.955410 -1.217488
-7.567664 -6.572342 -0.749044
-8.382943 -5.301158 -0.306999
-9.060750 -3.918382 0.189881
-9.465819 -2.515009 0.596112
-9.565006 -1.009846 1.147367
-9.510923 0.492860 1.581280
-9.538247 1.927354 1.933013
-9.478790 3.721545 2.356827
-9.357578 5.264130 2.719699
-9.012742 6.776070 3.022213
-8.540290 8.614614 3.522533
-8.021688 9.732297 3.659569
-4.653176 13.206479 3.928844
-2.524035 13.861042 3.883459
-0.796359 13.937163 3.818900
1.056167 13.655376 3.729926
1.550805 13.476280 3.726366
5.383084 10.593269 3.112928
5.944746 10.093293 2.918571
8.469080 6.192598 1.696803
8.781624 5.549084 1.469210
10.200362 0.612679 0.197153
10.271288 -3.937391 -0.786649
9.960560 -6.497101 -1.239318
9.364743 -9.030564 -1.742701
8.426713 -11.266245 -2.301785
7.345471 -13.283319 -2.713629
7.058826 -13.643894 -2.761494
6.157546 -14.236469 -2.987008
4.256193 -15.084042 -3.280146
3.013962 -15.135589 -3.285413
1.927102 -15.130698 -3.202410
0.635858 -14.852653 -3.060845
-0.577561 -14.466247 -2.927429
-1.734139 -13.883762 -2.808139
-1.734139 -13.883762 -2.808139
-2.939329 -12.901706 -2.505361
-4.079761 -11.962533 -2.173756
-5.021575 -10.988371 -1.890478
-5.895638 -9.888958 -1.603258
-6.779188 -8.683215 -1.239765
-7.753659 -7.240327 -0.808656
-8.407853 -6.047801 -0.426989
-9.005507 -4.640476 -0.064562
-9.387043 -3.122998 0.335167
-9.648215 -1.575550 0.792907
-9.762361 0.219152 1.365929
-9.765126 1.899824 1.748733
-9.676877 3.360290 2.043844
-9.255234 5.421554 2.500899
-8.797558 7.050830 2.812057
-8.209046 8.425387 3.036350
-7.370009 9.801049 3.360815
-6.520379 11.073108 3.495121
-5.671781 12.079375 3.556843
-4.940977 12.641892 3.575512
-3.651134 13.454469 3.561014
-2.589108 13.766618 3.506859
-0.168624 13.877969 3.232004
1.105521 13.670476 3.080749
2.236555 13.168770 2.958300
3.265074 12.459166 2.787739
4.113395 11.553564 2.605673
6.990918 7.611451 1.522192
8.192452 5.152114 0.907117
9.066241 2.912049 0.470482
9.788737 0.270183 0.029199
10.141477 -2.352476 -0.339050
9.961219 -5.049160 -0.693471
9.550891 -7.426361 -1.041753
9.422075 -8.231814 -1.183494
8.916414 -9.683566 -1.394840
7.533950 -12.118022 -1.887719
4.878323 -14.351547 -2.315686
3.225608 -14.815091 -2.381813
2.640604 -14.820711 -2.383457
1.477477 -14.763615 -2.392815
0.155503 -14.476389 -2.278416
-0.925139 -13.959686 -2.129926
-2.189252 -13.273606 -2.023751
-3.320327 -12.423505 -1.871950
-4.267934 -11.452275 -1.668643
-5.182569 -10.399797 -1.494245
-6.321597 -9.111164 -1.136767
-7.165419 -7.851270 -0.838745
-8.060750 -6.448174 -0.474467
-8.796858 -4.854332 -0.060119
-9.412682 -3.220416 0.437829
-9.738477 -1.912125 0.749942
-9.814929 -0.649745 1.116061
-9.742442 0.959363 1.510531
-9.638359 2.412513 1.790784
-9.367426 4.345573 2.088822
-9.367426 4.345573 2.088822
-9.093032 5.730867 2.298476
-8.493603 7.287334 2.499027
-7.682595 8.752345 2.660283
-6.828328 10.060892 2.802761
-5.801484 11.370016 2.871787
-4.779113 12.361081 2.899752
-3.989306 12.910878 2.867107
-2.517628 13.434631 2.840310
-1.595702 13.477810 2.752422
-0.438335 13.502191 2.658445
1.863773 13.042741 2.421854
2.652372 12.616426 2.303501
3.496495 11.834647 2.175135
4.504254 10.691032 2.026398
5.423120 9.664087 1.844418
6.171590 8.514075 1.629769
7.010576 6.961976 1.287614
7.712773 5.505674 1.042359
8.291027 4.102989 0.797228
8.906821 2.642657 0.600910
9.254367 1.361932 0.443569
9.554406 -0.363519 0.302326
9.729203 -2.469780 0.100874
9.761535 -4.349150 -0.043278
9.761535 -4.349150 -0.043278
9.679986 -5.734185 -0.314459
9.555643 -7.149091 -0.538604
8.727530 -9.999040 -0.934092
6.862413 -13.112528 -1.557697
5.781234 -14.074470 -0.728927
4.464455 -15.129641 0.019525
4.464455 -15.129641 0.019525
4.103067 -15.282463 0.024129
0.807297 -14.986972 0.206453
-2.140607 -13.254203 1.360341
-2.513089 -12.953179 1.358352
-3.927114 -12.032576 1.215057
-5.405545 -11.002214 1.257920
-8.045609 -7.567154 1.661832
-8.433424 -6.768877 1.723210
-9.039800 -5.260177 1.651944
-9.395315 -3.729322 1.439134
-9.926627 -1.858720 1.188334
-10.245633 -0.579503 1.387219
-10.334493 3.349838 1.968803
-10.236951 5.770117 2.261667
-10.105102 7.409675 2.280762
-9.578109 9.264497 2.274233
-9.132642 10.178296 2.367075
-7.723452 11.997455 2.634391
-6.650264 13.021207 2.790224
-5.560168 13.692768 2.819399
-4.387027 14.098508 2.795096
-3.092892 14.347231 2.673729
-1.895039 14.341696 2.604094
2.775479 12.325299 2.044715
5.172065 10.017736 1.601150
5.560658 9.582620 1.516121
7.326613 6.877956 1.133670
8.262987 4.927034 0.840231
8.727432 3.528318 0.753001
9.294611 1.794147 0.901517
10.101378 -2.540198 1.039109
10.031746 -3.323297 1.094350
9.096043 -8.269965 1.765533
8.975823 -8.875011 1.897291
7.209968 -13.110651 2.894969
6.767869 -13.615329 3.091741
3.799171 -15.280097 3.989985
3.358009 -15.333295 4.081630
2.499985 -15.423427 4.281086
1.201815 -15.339034 4.676922
0.168669 -14.920990 4.899497
-0.712623 -14.389128 5.056030
-1.937038 -13.520799 5.256695
-3.202170 -12.414892 5.438565
-4.465234 -11.177977 5.530374
-4.465234 -11.177977 5.530374
-5.573323 -9.808372 5.579329
-6.704006 -8.322034 5.720127
-7.562182 -6.836538 5.893437
-8.305499 -5.226672 6.117492
-8.725016 -3.911904 6.269414
-9.001536 -2.327409 6.319961
-9.110633 -0.772822 6.337878
-9.038466 2.097227 6.573752
-8.627742 5.068310 6.676081
-7.563251 8.408471 6.709421
-6.665225 10.237081 6.572099
-5.724837 11.779971 6.422822
-5.397619 11.997266 6.424255
-4.524995 12.596907 6.335385
-1.711561 13.167131 5.924076
-1.303640 13.035240 5.802260
0.811803 12.215140 5.451808
2.936112 10.181331 5.163554
4.391365 8.206718 4.969716
5.550873 6.262674 4.861594
6.476976 4.233103 4.780861
7.220372 2.080991 4.644977
7.419634 1.466634 4.620096
8.191743 -3.462157 4.837251
7.902060 -6.076060 4.993101
7.741279 -6.553213 5.037953
6.544567 -11.058897 5.362021
6.414506 -11.327289 5.396703
6.098477 -12.067660 5.366065
5.019979 -13.702849 5.310066
4.194387 -14.537014 5.303281
3.352607 -15.040923 5.296751
1.632731 -15.386382 5.724955
0.685344 -15.306693 5.958578
0.685344 -15.306693 5.958578
-0.530982 -14.874146 6.203368
-2.676235 -13.306207 6.558665
-2.676235 -13.306207 6.558665
-4.563694 -10.987589 6.654639
-4.563694 -10.987589 6.654639
-5.361604 -9.790154 6.693429
-6.593980 -7.323911 6.992198
-7.704254 -2.231495 7.367206
-7.703839 0.609398 7.489889
-7.584031 3.295242 7.603725
-7.511768 4.079918 7.563071
-7.271639 5.657970 7.612721
-7.221603 5.939608 7.593680
-6.888556 7.657301 7.582973
-6.575946 8.878658 7.515716
-6.051918 10.189558 7.362477
-5.507723 11.075766 7.258095
-4.817763 11.804066 7.078663
-4.061867 12.280369 6.891349
-3.271072 12.551068 6.668005
-2.449124 12.554451 6.427282
-1.552923 12.469625 6.174160
-0.417829 12.089851 5.834395
0.227269 11.715139 5.663946
0.814513 11.188581 5.395430
1.897378 10.078590 5.019562
2.520403 9.257450 4.814196
5.010812 5.084128 4.446099
5.877130 2.925111 4.336746
6.459398 0.922118 4.229283
6.592666 0.407067 4.250479
6.782984 -0.907071 4.185582
6.970685 -4.005441 4.231303
6.996360 -5.750247 4.199180
6.412544 -8.904119 4.112743
5.339672 -12.535678 4.071807
4.536129 -13.906477 4.112317
3.993257 -14.414970 4.205294
3.422134 -14.882373 4.363411
2.496824 -15.320556 4.664137
1.678764 -15.397216 4.905639
0.693751 -15.330340 5.215603
-0.341307 -14.973924 5.508038
-1.219111 -14.432415 5.664221
-2.193259 -13.540572 6.009587
-2.903675 -12.763828 5.996299
-3.780210 -11.615564 5.943596
-4.482711 -10.468212 5.971581
-5.343970 -9.113613 5.989974
-5.932935 -7.780659 6.095337
-6.539059 -6.331635 6.300932
-6.963198 -4.870753 6.529024
-7.356899 -3.288193 6.725507
-7.502507 -1.728073 6.812367
-7.590556 -0.112738 6.886070
-7.440908 1.685259 7.036164
-7.236383 3.271421 7.149748
-6.599696 6.375258 7.358984
-6.181456 7.725698 7.412378
-5.531923 9.369901 7.521864
-5.123101 10.402862 7.512888
-4.556613 11.449025 7.458965
-3.937261 12.157437 7.301717
-3.264339 12.510629 7.100613
-2.484195 12.699456 6.939699
-1.638906 12.730651 6.673338
-0.867490 12.511213 6.451846
0.902690 11.364836 5.923241
1.434742 10.744566 5.718059
3.424584 7.895367 5.124832
4.364658 5.840454 4.875900
5.536515 2.881710 4.637462
6.026903 0.558190 4.492660
6.214409 -2.141469 4.405799
6.321050 -2.948634 4.367358
5.445892 -7.813636 4.555668
4.652011 -10.719063 4.662552
3.786787 -12.578416 4.680851
2.551611 -14.234431 4.829673
1.646438 -15.245772 5.092632
0.536489 -15.639935 5.428189
-0.935085 -15.334603 5.873626
-2.217021 -14.241734 6.235530
-2.662383 -13.893655 6.312175
-4.616050 -10.441549 6.644337
-5.581331 -8.108786 6.978370
-6.150131 -5.671772 7.263114
-6.273036 -5.107078 7.247374
-6.337449 -0.376244 7.533010
-5.985531 1.756224 7.641225
-5.480489 4.290668 7.825658
-5.341342 5.015290 7.865275
-4.623727 7.807038 8.004231
-3.627092 10.086451 8.154512
-2.822013 11.447376 8.141761
-2.120904 12.138922 8.038636
-1.176138 12.686339 7.725397
-0.073184 12.400543 7.280222
0.222615 12.217883 7.218340
0.882812 11.819258 6.909398
2.193704 10.097011 6.343478
2.655589 8.969895 6.049883
4.503832 5.300514 5.412343
5.006744 3.196589 5.196816
5.106601 2.358825 5.082850
5.340915 0.871365 4.995397
5.100864 -5.137040 4.844827
5.052461 -5.615673 4.838873
4.117436 -10.125963 4.773162
3.956139 -10.613555 4.790670
3.478573 -11.883628 4.759598
2.445099 -13.792777 4.812955
0.999018 -15.234379 5.196892
-0.879481 -15.423014 5.818080
-1.140422 -15.324407 5.896697
-1.977832 -14.807751 6.246570
-3.339174 -13.267947 6.683203
-4.175041 -12.186460 6.860117
-4.694276 -10.927206 7.072937
-5.187506 -9.606926 7.242459
-5.585724 -8.368504 7.375961
-6.336969 -3.544993 7.696178
-6.299995 -3.077426 7.706489
-6.049526 -0.318741 7.785499
-5.541128 3.419496 8.048810
-5.131051 5.138138 8.167346
-4.932185 5.982534 8.207414
-4.461528 7.362028 8.349678
-4.013381 8.467926 8.554243
-4.013381 8.467926 8.554243
-2.962584 10.476584 8.604901
-2.369357 11.206076 8.510825
-1.763363 11.548042 8.418419
-1.058495 11.797584 8.194040
-0.468787 11.846438 7.991958
0.207193 11.679480 7.756627
2.133694 10.090019 6.715657
3.475144 8.001589 6.155297
3.713725 7.529077 6.033406
4.299210 6.418714 5.856969
4.743129 5.140144 5.704903
5.314324 3.738457 5.492675
5.596644 2.364880 5.405051
5.834492 0.890416 5.272502
5.932710 -0.333387 5.213935
5.909805 -1.729638 5.175623
5.909805 -1.729638 5.175623
5.782877 -3.108800 5.116436
5.646936 -4.764233 5.058110
5.394410 -5.739727 5.098500
5.160106 -7.121216 5.068867
4.664962 -8.749745 5.044499
4.195633 -10.023382 4.945415
2.945833 -12.279017 4.970662
1.484287 -14.298868 5.039167
0.436515 -14.935625 5.312385
0.085387 -15.071099 5.387762
-0.396546 -15.187439 5.510256
-3.194060 -14.556378 6.437410
-3.411872 -14.334416 6.509166
-4.187257 -13.504771 6.741846
-4.846336 -12.656426 6.946242
-5.471972 -11.404455 7.217087
-5.471972 -11.404455 7.217087
-5.768887 -10.286923 7.413789
-6.201298 -8.771068 7.601816
-6.564256 -7.313436 7.824782
-6.737189 -6.154466 7.875087
-6.816660 -4.740280 7.964949
-6.711092 -3.175246 8.136569
-6.500534 -1.514823 8.214500
-6.332583 -0.526360 8.268717
-6.097974 0.590323 8.364253
-5.682340 2.484899 8.537122
-5.682340 2.484899 8.537122
-5.226332 3.902976 8.811709
-4.862134 5.078655 8.908672
-4.359032 6.379455 8.854717
-4.359032 6.379455 8.854717
-3.971300 7.508427 8.769150
-3.393617 8.893635 8.854796
-2.954052 9.748548 8.871082
-2.549962 10.184376 8.830099
-1.608149 10.883559 8.737470
-1.608149 10.883559 8.737470
-1.039375 11.171868 8.666683
0.009347 11.308910 8.497382
0.724931 11.270286 8.282905
1.613673 11.038124 7.955014
2.256168 10.536851 7.670833
2.861904 9.927196 7.385610
3.338916 9.160847 7.137696
4.600204 7.070421 6.588374
5.343435 5.575154 6.537534
6.136554 1.600439 5.952597
6.135094 0.974279 5.850313
6.261138 -0.666700 5.789446
6.265568 -2.014860 5.767811
6.123150 -3.680142 5.756569
5.608569 -6.765420 5.733973
5.317029 -8.081591 5.767214
5.000254 -9.202132 5.661314
4.416320 -10.491738 5.587458
3.814765 -11.718056 5.508034
2.604331 -13.706284 5.456170
1.962338 -14.334115 5.590556
1.101514 -14.846939 5.719701
0.309062 -15.045014 5.907994
-0.540167 -15.020698 6.103782
-1.320477 -14.791762 6.312451
-3.207924 -14.227391 6.725844
-5.084790 -11.884003 7.378776
-6.855139 -7.641945 7.959239
-7.020927 -6.907224 8.018341
-7.226926 -4.814873 8.186264
-7.271642 -3.023038 8.272668
-7.211845 -1.114981 8.417128
-7.038068 0.489173 8.674135
-6.797608 2.386578 8.855689
-6.439818 3.948807 8.768165
-6.062674 5.046255 8.709793
-5.607518 6.374913 8.774914
-4.615726 8.909126 8.844681
-3.847213 10.099695 8.836809
-3.204610 10.775791 8.771923
-2.432802 11.168674 8.573507
-2.432802 11.168674 8.573507
-1.470582 11.407512 8.351465
-0.487950 11.424343 7.986086
1.062692 10.738245 7.369781
2.652431 9.440392 6.697080
2.972133 9.140586 6.598067
3.883063 7.851420 6.281963
4.451756 6.899829 6.044030
5.164446 5.573470 5.717611
6.102452 3.435875 5.231858
6.200636 3.036443 5.156365
6.841302 1.043607 5.090190
6.916151 -0.092499 5.030361
7.030388 -0.967789 5.008577
7.027481 -2.433589 5.030647
6.694383 -4.304665 5.115381
6.322083 -6.275670 5.054814
6.199255 -6.637850 5.038915
5.884550 -7.863945 4.978758
5.884550 -7.863945 4.978758
4.274501 -11.140418 4.842210
3.818094 -11.794639 4.887447
3.443278 -12.429655 4.865776
2.505260 -13.461943 4.906239
1.884609 -13.987620 4.984416
1.078586 -14.479833 5.135327
0.956288 -14.542634 5.197692
-0.533971 -14.889118 5.536779
-2.536274 -14.401210 6.027360
-4.555740 -12.752504 6.605700
-5.692773 -10.936223 6.964158
-6.614074 -9.027081 7.362195
-7.166188 -7.194483 7.613593
-7.255980 -6.718967 7.645019
-7.519814 -4.445997 7.824535
-7.501598 -2.692799 7.979012
-7.289087 -1.440525 8.052852
-6.848668 1.558238 8.256445
-6.581424 3.154670 8.346420
-6.527577 3.419269 8.423800
-6.419247 3.986887 8.453036
-6.223563 4.793222 8.507620
-5.588429 6.088067 8.716354
-5.056313 7.523996 8.843624
-3.951074 9.379374 8.655562
-3.541092 9.769753 8.578834
-3.340649 9.975174 8.546703
-2.108676 10.714254 8.214545
-1.370162 10.870596 7.895123
-1.248842 10.945353 7.853009
-1.057824 10.952336 7.778861
-0.336049 10.973101 7.521783
1.447285 10.457122 6.724566
1.737728 10.265089 6.671641
1.825779 10.141194 6.591125
2.703299 9.268071 6.210446
3.468804 8.323188 5.860657
4.065028 7.378095 5.476832
4.756769 6.216120 5.206018
4.949645 5.853765 5.186961
5.672452 4.239115 5.003509
5.866844 3.848190 4.956506
5.866844 3.848190 4.956506
6.012695 3.386391 4.918667
6.509430 0.765892 4.909283
6.517688 -0.324503 4.955415
6.557558 -0.869950 4.930799
6.550018 -2.340108 4.917535
6.333682 -4.362126 4.955120
6.070295 -6.247373 4.912225
5.975707 -6.738356 4.911848
5.855277 -7.259020 4.843632
5.714618 -7.766292 4.903697
5.714618 -7.766292 4.903697
5.008677 -9.467458 4.829284
4.182294 -10.873207 4.783137
3.355972 -11.997121 4.857943
2.491051 -13.080264 4.856868
1.705227 -13.708965 4.977732
1.046923 -14.059185 5.125510
0.607506 -14.274356 5.197302
-0.918837 -14.561517 5.621895
-1.986861 -14.497181 5.950209
-2.301106 -14.466694 6.048739
-3.586681 -13.122820 6.644908
-5.167251 -11.144330 7.131358
-5.962117 -9.377795 7.522201
-6.750650 -7.146425 7.948909
-7.206948 -4.703652 8.196063
-7.313400 -2.594044 8.338234
-7.229792 -0.136668 8.550511
-6.869427 2.087625 8.715512
-6.140022 4.331758 9.125376
-5.171681 6.573125 9.135995
-4.423027 8.122028 8.863785
-3.714371 9.218504 8.779883
-3.415078 9.663255 8.727320
-2.485097 10.282539 8.457437
-0.668795 10.424191 7.989387
0.444207 10.006204 7.623473
0.878406 9.768396 7.454422
3.101832 7.628358 6.426536
4.216486 6.363933 6.065352
5.273685 4.764338 5.947864
5.995692 2.790170 5.691609
6.134363 2.148462 5.642360
6.497825 -0.653829 5.389651
6.422355 -3.163213 5.414402
6.274498 -3.805715 5.452602
5.345839 -7.368460 5.483745
5.236714 -7.772769 5.506101
3.571337 -11.162559 5.492668
2.703611 -12.345372 5.551773
2.532578 -12.571977 5.576598
1.741606 -13.355275 5.660712
-0.047843 -14.053108 6.067766
-2.147727 -13.760785 6.663255
-2.280194 -13.677836 6.688459
-4.611549 -11.977130 7.489074
-4.945529 -11.526778 7.596023
-5.755791 -10.176778 7.963766
-5.840426 -9.988913 7.991269
-6.867109 -7.164372 8.466482
-7.115636 -5.718061 8.614607
-7.115636 -5.718061 8.614607
-7.277190 -4.225858 8.723819
-7.133584 -2.372317 8.938676
-6.512731 0.376099 9.188046
-6.086232 2.603097 9.034355
-5.591740 4.201760 9.212994
-5.009481 5.739933 9.271698
-4.372061 6.765206 9.168617
-3.649257 7.988173 9.253810
-3.117395 8.985020 9.286495
-2.321075 9.729447 9.132113
-1.689908 9.920112 9.008242
-1.095095 10.089281 8.846678
-0.690229 10.130863 8.670975
-0.690229 10.130863 8.670975
0.918728 10.195062 8.017998
1.515058 9.745678 7.728570
2.179761 9.171694 7.393524
2.324956 9.075241 7.320340
2.954022 8.508807 7.020252
3.650350 7.846768 6.743194
4.292985 7.074706 6.545100
4.728553 6.156396 6.288626
5.038739 5.414852 6.086565
5.451947 4.477367 5.871038
5.788116 3.434379 5.711626
6.024367 2.679080 5.641210
6.300545 0.528498 5.662018
6.248648 -0.259627 5.644256
6.127692 -1.076783 5.639285
5.772998 -2.902467 5.403946
5.536901 -4.131577 5.444632
5.247208 -5.191194 5.502019
4.872116 -6.526769 5.486368
4.516737 -7.313943 5.511884
3.670171 -9.256709 5.586607
3.070044 -10.274754 5.581857
2.436615 -11.287173 5.609881
1.920474 -12.094446 5.598837
1.373675 -12.760753 5.635306
0.729783 -13.291109 5.742632
-1.003168 -14.094441 6.169266
-1.244352 -14.154799 6.207478
-2.137788 -14.188662 6.491888
-3.058390 -14.023106 6.766480
-3.646623 -13.746921 6.980933
-4.338697 -13.298267 7.244929
-5.347654 -12.089139 7.665633
-5.818472 -11.351496 7.821013
-6.337169 -10.217290 8.136366
-6.395519 -9.985747 8.197190
-6.766223 -8.804085 8.458500
-6.912688 -6.929031 8.645442
-6.855806 -5.265198 8.779916
-6.788093 -4.129885 8.866842
-6.633908 -3.058290 9.174532
-6.315250 -1.032887 9.281853
-6.016583 0.859694 9.074428
-5.288616 3.267789 9.323613
-4.456104 5.330784 9.376304
-3.568827 7.068297 9.410742
-2.575994 8.377164 9.504024
-1.380630 9.454985 9.330018
-0.525920 9.961086 9.090529
1.317228 10.365737 8.451651
2.637206 9.737254 7.832497
2.867078 9.535713 7.694171
3.597038 8.722377 7.272241
4.356058 7.641071 6.797350
4.844301 6.740936 6.525578
5.828538 2.574563 5.680401
5.918206 1.267996 5.526969
5.796626 -0.928700 5.619215
5.270736 -3.782265 5.296535
4.543787 -6.063363 5.336662
3.585150 -7.926263 5.322679
3.467573 -8.083315 5.335590
2.649105 -9.636350 5.403265
1.322751 -11.405605 5.506386
0.217024 -12.522960 5.452029
-0.195438 -12.823377 5.534736
-0.843975 -13.217058 5.541322
-1.512263 -13.548220 5.651685
-2.239712 -13.896343 5.770485
-2.645470 -14.045653 5.862466
-3.296951 -14.180021 6.014804
-4.644216 -13.892663 6.484814
-5.137277 -13.564640 6.683412
-5.977656 -12.539466 7.043198
-6.233496 -12.130198 7.197954
-6.468694 -11.700418 7.340824
-7.133862 -9.827856 7.836889
-7.252533 -8.406395 8.013008
-7.202688 -6.582914 8.255523
-7.313076 -6.278593 8.328155
-7.249912 -6.048146 8.329721
-7.041643 -3.288512 8.481866
-6.528387 -1.045113 8.619472
-6.233816 0.097409 8.746186
-5.947737 1.030504 8.962335
-5.076109 3.548124 9.183366
-4.245054 5.286287 9.102076
-4.076799 5.721116 9.051901
-2.851338 8.006791 8.937772
-1.979617 8.976661 8.782893
-1.141926 9.634897 8.659290
-0.821349 9.800719 8.585620
0.533557 10.079131 8.191389
1.471666 9.989947 7.837678
1.821408 9.898484 7.745290
2.471863 9.622478 7.397988
3.187039 9.061939 7.037950
3.900228 8.452542 6.705608
4.478984 7.761690 6.331557
4.478984 7.761690 6.331557
5.869660 5.011958 5.595694
5.869660 5.011958 5.595694
6.013859 4.481178 5.488719
6.305719 3.283442 5.176929
6.323515 1.894636 4.912502
6.197652 0.504790 4.728689
6.197652 0.504790 4.728689
6.029823 -0.846689 4.713526
5.811741 -2.222471 4.724818
5.379218 -3.548013 4.724351
4.806530 -4.916775 4.753273
4.806530 -4.916775 4.753273
4.060887 -6.361824 4.803918
3.175331 -7.846713 4.780905
2.357087 -9.104856 4.770858
1.582821 -10.122420 4.768947
1.019825 -10.920932 4.751891
0.095349 -11.822279 4.775175
-0.528083 -12.253661 4.792187
-1.426847 -12.750242 4.862864
-2.370570 -13.169056 5.023948
-3.368133 -13.413441 5.247185
-4.148895 -13.430115 5.462891
-4.946185 -13.142513 5.667021
-5.504342 -12.839027 5.875922
-6.936027 -11.411510 6.435033
-7.458877 -10.733495 6.652098
-8.167412 -8.535752 7.175258
-8.335073 -6.993773 7.427980
-8.092249 -3.348255 7.835905
-8.049874 -2.766952 7.865856
-6.952940 1.458279 8.272456
-6.749366 1.966764 8.247850
-5.719393 4.113604 8.278526
-3.496163 7.498662 8.240611
-2.176997 8.673174 8.080893
-1.034795 9.422305 7.837567
0.322919 9.816404 7.515249
1.430883 9.673665 7.095212
2.451395 9.206333 6.678038
2.794611 8.980307 6.489474
4.645574 7.026564 5.639155
5.432149 5.538851 5.124165
6.056871 3.913917 4.610630
6.496268 2.329311 4.341761
6.583003 1.746162 4.324948
6.941510 -0.163906 4.229344
7.004233 -1.969470 4.158709
6.084249 -5.241300 4.157740
5.659189 -5.912552 4.159079
4.773378 -7.152733 4.226303
2.061164 -10.318240 4.613631
0.983414 -11.529380 4.751100
-0.362739 -12.439803 4.908134
-0.688615 -12.533551 4.946084
-1.619010 -12.666283 5.192822
-3.559760 -12.310876 5.801465
-5.088885 -11.248681 6.275261
-5.430215 -10.869955 6.444986
-6.616266 -9.053064 6.917609
-7.566813 -6.578055 7.351722
-7.989552 -4.403894 7.720506
-8.070100 -2.216320 7.997959
-7.835105 -0.115836 8.166247
-7.695859 0.350857 8.267156
-6.489370 2.896543 8.380930
-5.106434 5.394022 8.522084
-4.023482 6.701317 8.448178
-3.779501 6.929848 8.466578
-2.320904 8.243629 8.299870
-1.022828 8.669823 8.127337
0.394937 8.519083 7.803664
1.527993 8.014122 7.267178
1.765387 7.894541 7.123300
3.249109 6.739085 6.155654
4.148374 5.876347 5.719118
5.435688 4.011318 5.051388
6.547722 1.501586 4.456759
7.011446 -0.138211 4.137397
7.119364 -0.687686 4.026813
7.054345 -2.876732 3.683218
6.814307 -4.407520 3.512593
6.093234 -6.375599 3.330248
4.599074 -8.561972 3.271864
3.731914 -9.542648 3.133987
2.694032 -10.101452 3.085261
2.313622 -10.285706 3.126241
1.460968 -10.453233 3.025943
0.173835 -10.377926 2.876077
-0.673073 -10.060162 2.710858
-2.391109 -8.838461 2.404050
-4.078179 -7.169241 2.164340
-5.922781 -5.020019 2.076400
-7.134501 -3.235344 1.684524
-7.897235 -1.399067 1.234055
-8.298142 0.137531 0.874760
-8.482979 1.919136 0.523555
-8.497812 2.242339 0.417158
-8.616232 4.125766 0.058331
-8.052154 5.496535 -0.411004
-7.854018 5.688298 -0.502047
-6.558501 6.786193 -0.942111
-6.231604 6.978453 -0.940727
-5.176374 7.472467 -0.939505
-4.214026 7.768051 -0.901124
-3.318220 7.818262 -0.792434
-1.958546 7.712218 -0.418242
-0.863794 7.525435 -0.070436
-0.649637 7.476945 -0.000388
0.345760 7.205277 0.272890
1.432218 6.755168 0.552537
2.175378 6.272872 0.782559
3.949436 4.990459 0.901717
4.872618 4.128787 0.724275
5.438211 3.368291 0.569570
5.907593 2.527591 0.416845
6.327604 1.648424 0.137229
6.644904 0.890665 -0.109396
6.644904 0.890665 -0.109396
6.798258 0.083935 -0.379178
6.899171 -0.504543 -0.603726
6.886534 -1.047819 -0.803607
6.738384 -1.875717 -0.984043
6.575199 -2.438757 -1.102985
6.472797 -3.094917 -1.057406
6.159690 -3.482956 -1.060657
5.702223 -3.755737 -0.946239
5.702223 -3.755737 -0.946239
5.085405 -3.933695 -0.893818
4.580921 -4.009225 -0.882085
3.841122 -4.083855 -0.938521
2.672359 -3.913622 -0.995919
2.132217 -3.804667 -1.044666
1.435046 -3.587403 -1.103982
0.786564 -3.335079 -1.222159
-0.005884 -2.978646 -1.324886
-0.647971 -2.669595 -1.366121
-1.468628 -2.281590 -1.294292
-3.064756 -1.347648 -1.343327
-3.901129 -0.916374 -1.392990
-4.838971 -0.422839 -1.431713
-5.528140 0.064178 -1.463718
-6.623589 1.151620 -1.418717
-7.319449 1.818545 -0.918215
-7.679617 2.467132 -0.617703
-7.487430 2.931325 -0.518278
-7.011997 3.293602 -0.270715
-6.926729 3.358479 -0.204685
-6.515353 3.638049 -0.115651
-5.384168 4.183723 0.045600
-4.160320 4.518299 0.198352
-2.678940 5.100132 0.248335
-2.412390 5.106641 0.231833
-1.757621 5.217673 0.187983
0.442338 5.131114 -0.064699
0.771660 5.028390 -0.073467
1.615958 4.798748 -0.185783
3.227005 4.139435 -0.350028
3.993200 3.564942 -0.357969
5.502865 1.927953 -0.281239
5.765139 1.608997 -0.260706
5.765139 1.608997 -0.260706
6.114945 0.910066 -0.314363
6.458446 0.212838 -0.255936
6.593655 -0.243928 -0.299277
6.738277 -0.940224 -0.283642
6.730289 -1.505731 -0.348712
6.459084 -2.631620 -0.488721
5.911180 -3.468456 -0.610943
5.490011 -3.869849 -0.636891
5.050874 -4.050002 -0.656603
4.028549 -4.090122 -0.818666
2.592052 -3.570717 -0.788512
2.267524 -3.472447 -0.747169
1.657897 -3.327874 -0.752335
-0.258287 -2.435869 -0.801493
-1.205505 -1.946763 -0.890097
-2.046289 -1.410212 -0.957801
-2.782324 -0.858796 -0.957606
-3.540321 -0.393815 -0.971718
-4.212919 0.131234 -0.986494
-4.838588 0.629492 -0.936066
-5.286039 1.143132 -0.954708
-5.668195 1.481281 -1.000321
-5.946991 1.842176 -1.071280
-6.024604 1.994186 -1.082160
-5.937049 2.138262 -1.117027
-5.771450 2.314634 -1.086935
-5.452077 2.424885 -0.958766
-5.044553 2.487218 -0.829828
-4.865397 2.537463 -0.771873
-4.161924 2.638859 -0.607068
-3.648781 2.727256 -0.477545
-2.152672 2.878818 -0.283249
-1.365488 2.815016 -0.208566
-0.334290 2.755427 -0.147513
0.562126 2.683602 -0.121991
1.376555 2.534643 -0.014116
1.706726 2.451160 0.001385
2.567176 2.087682 0.042072
3.731218 1.484926 0.138605
4.317270 1.126702 0.074830
4.601956 0.813218 0.117189
5.300653 -0.034372 0.138887
5.607045 -0.714716 0.312081
5.905699 -1.449911 0.549165
5.885427 -1.955355 0.689415
5.637484 -2.447412 0.846760
5.114454 -2.998786 0.977076
4.651734 -3.316206 1.006074
4.484259 -3.416501 0.979060
3.630200 -3.658424 0.843495
3.047507 -3.628735 0.749473
1.616232 -3.595440 0.476616
0.911354 -3.387457 0.243289
0.256608 -3.144345 0.154823
-0.454999 -2.819640 0.071488
-1.116381 -2.443108 0.082083
-1.769101 -2.057194 0.116645
-1.863373 -1.921529 0.079567
-2.632666 -1.414727 0.100012
-3.659309 -0.487270 0.027744
-3.834358 -0.361452 -0.050082
-4.180488 0.017196 -0.143904
-4.509546 0.614188 -0.455024
-4.627984 0.952747 -0.668267
-4.588545 1.192473 -0.745287
-4.630378 1.254772 -0.762372
-4.396238 1.513571 -0.771010
-4.274787 1.564037 -0.819217
-3.997685 1.609371 -0.860876
-3.894808 1.581324 -0.865920
-3.442456 1.504885 -0.736309
-2.496757 1.166443 -0.575558
-2.374152 1.185136 -0.533092
-1.121277 0.663446 -0.272193
-0.318433 0.250860 -0.113519
0.717651 -0.262351 0.141886
1.620203 -0.670923 0.329821
2.451116 -1.098665 0.523435
2.978912 -1.458264 0.741808
3.402129 -1.804347 0.847397
3.600774 -2.074688 0.955264
3.872882 -2.428679 1.030134
4.182036 -2.717932 1.074365
4.383983 -2.934982 1.125716
4.625713 -3.342965 1.169449
4.586114 -3.458407 1.101425
4.276692 -3.724037 1.086623
4.007918 -3.846202 1.031303
3.627331 -4.006554 1.000822
3.605819 -3.982477 1.046659
3.187185 -4.061237 0.862252
2.054182 -3.726226 0.615931
1.807602 -3.651156 0.550933
0.820171 -3.123835 0.514005
0.624579 -3.065199 0.530319
0.518008 -3.051109 0.567415
0.043328 -2.798321 0.604980
-0.379488 -2.563607 0.652793
-0.856674 -2.276576 0.667591
-1.297767 -1.902785 0.717803
-1.606491 -1.531565 0.716033
-1.897161 -1.159938 0.755593
-2.231605 -0.806806 0.750540
-2.553260 -0.414572 0.731127
-2.733565 0.022425 0.736690
-3.004399 0.338887 0.692303
-3.172100 0.808387 0.688873
-3.369973 1.246594 0.651486
-3.511026 1.530388 0.629567
-3.583093 1.841902 0.595127
-3.628604 2.240321 0.499907
-3.595069 2.533714 0.441020
-3.596351 2.697139 0.468096
-3.550078 2.802074 0.519662
-3.572739 2.954899 0.498881
-3.554613 3.021515 0.574858
-3.372406 2.981961 0.644994
-3.134036 2.893249 0.756991
-2.818396 2.763371 0.846709
-2.388441 2.560709 0.990808
-1.837630 2.288015 1.081225
-1.480851 1.997907 1.209826
-0.557799 1.125216 1.313656
-0.117664 0.618248 1.370062
0.526685 -0.151076 1.396639
1.008008 -0.718620 1.413037
1.153766 -0.886459 1.429563
2.194146 -2.224610 1.340264
2.753669 -3.023586 1.230595
3.162065 -3.597027 1.083893
3.459567 -4.099424 0.900004
3.696161 -4.507854 0.709693
3.892315 -4.938522 0.577514
4.084392 -5.359693 0.534281
4.200396 -5.933042 0.577649
4.367600 -6.471494 0.691815
4.581683 -7.080521 0.831065
4.615245 -7.255003 0.853343
4.524285 -7.463626 0.947490
4.458257 -7.528344 1.069034
4.459848 -7.585819 1.134523
3.979582 -7.490107 1.277626
3.828458 -7.322529 1.124437
3.781970 -7.314288 1.138596
3.401703 -6.729897 0.922634
3.110720 -6.312096 0.853665
3.057591 -6.249377 0.848553
2.566059 -5.619385 0.674760
1.949793 -4.935642 0.496637
1.251581 -4.111380 0.361575
0.475921 -3.106712 0.274140
-1.363559 -0.564108 0.310655
-2.403117 0.872809 0.475630
-3.386871 2.563054 0.755791
-3.967781 3.609034 0.883107
-4.315203 4.545936 0.910659
-4.456672 5.551591 0.958192
-4.410657 5.700740 0.934720
-4.288234 6.459578 1.058231
-4.127783 6.418078 1.026693
-3.743330 6.079220 1.113186
-3.278583 5.500081 1.119361
-2.894400 4.766716 1.256174
-2.296385 3.861484 1.316266
-1.817242 3.014114 1.417548
-0.940593 1.688854 1.441257
-0.106001 0.496356 1.425877
0.701944 -0.583453 1.266877
0.855239 -0.774779 1.250061
1.155520 -1.184768 1.133364
2.746890 -3.073037 0.716653
4.266646 -5.089459 0.343074
4.847596 -5.899693 0.408810
5.320352 -6.589106 0.480216
5.571760 -7.144722 0.554455
5.521814 -7.607662 0.636899
5.293414 -7.866037 0.726976
5.079471 -8.009965 0.616214
4.456634 -8.025388 0.496209
3.745745 -7.621509 0.406644
3.210153 -7.188531 0.365578
2.938135 -6.907311 0.312617
2.656128 -6.648238 0.270494
0.733314 -4.550950 0.227093
-0.090067 -3.450567 0.217135
-0.256717 -3.182280 0.232870
-1.422181 -1.268758 0.308546
-2.490868 0.759085 0.563828
-3.252795 2.142982 0.710433
-3.479350 2.562906 0.762676
-3.872071 3.485191 0.930255
-4.658235 5.719594 1.141840
-4.806378 6.512729 1.147334
-4.963421 7.049811 1.013727
-4.861848 7.322351 0.937437
-4.845101 7.391316 0.929133
-4.209569 7.092839 0.813550
-3.310648 5.996933 0.652757
-2.553938 5.134941 0.593149
-2.373015 4.928764 0.562424
-1.077612 3.301226 0.486895
0.325707 1.467788 0.431430
1.273487 0.187242 0.462846
2.201137 -1.225994 0.590874
3.034316 -2.326499 0.698644
3.838139 -3.657537 0.765463
4.481531 -4.779398 0.738212
4.870230 -5.608348 0.766574
4.927031 -5.863000 0.767366
5.133811 -6.441970 0.770316
5.233364 -8.059001 0.584739
5.154981 -8.224321 0.532688
5.155901 -8.547858 0.523219
4.795990 -9.115220 0.324788
4.601411 -9.212807 0.228884
3.819155 -8.994488 0.122779
3.353334 -8.639270 0.016345
2.166912 -7.638024 0.020066
1.059033 -6.170356 0.007161
-0.408186 -4.519280 0.068173
-2.045801 -2.080407 0.381701
-2.861958 -0.523522 0.492644
-3.011989 -0.266511 0.489037
-3.570353 0.775685 0.621874
-3.956286 1.729645 0.720502
-4.309453 2.679775 0.763043
-4.432070 3.442404 0.817678
-4.632138 4.207347 0.858018
-4.851587 4.996209 0.860868
-4.895058 5.745517 0.870441
-4.990093 6.282701 0.889961
-4.937036 6.692472 0.963651
-4.766215 7.027220 0.979349
-4.514091 7.170092 1.022765
-4.514091 7.170092 1.022765
-4.140956 7.210125 1.029572
-3.802938 7.144283 0.983253
-3.340667 6.930731 1.009699
-2.824946 6.620854 1.004026
-1.789613 5.572044 1.141737
-1.695017 5.502998 1.143376
-1.059807 4.826198 1.228220
-0.483739 4.044534 1.311710
0.161134 3.261267 1.342002
0.838113 2.393797 1.347945
1.558523 1.469528 1.398553
2.136379 0.734312 1.373614
2.811451 -0.101443 1.374546
3.560397 -0.928350 1.284773
4.178409 -1.839336 1.183919
4.730135 -2.740041 1.031116
5.207663 -3.653457 0.894780
5.492933 -4.414196 0.764980
5.753570 -5.304431 0.541256
6.219166 -6.599779 0.253224
6.375654 -7.274694 0.152325
6.441750 -7.783330 0.071079
6.462099 -8.401960 0.017559
6.387589 -8.797153 -0.030388
6.283877 -9.238032 -0.067865
6.181046 -9.657005 -0.182488
5.895568 -9.851824 -0.160544
5.524893 -9.832055 -0.253321
5.084383 -9.778020 -0.285298
5.084383 -9.778020 -0.285298
4.615595 -9.652601 -0.370824
2.710613 -8.399580 -0.435672
1.652553 -7.571178 -0.045709
1.268720 -7.237024 0.113482
-1.061380 -4.869484 0.563200
-2.296953 -3.369358 0.844002
-3.363618 -1.538863 1.010398
-4.366825 0.308116 1.103827
-4.523546 0.722864 1.094403
-5.826036 3.696519 1.094256
-6.375273 5.583536 1.214578
-6.527288 7.003350 1.423417
-6.376551 7.990241 1.674885
-6.119752 8.487388 1.768166
-5.764954 8.717828 1.778499
-5.251139 8.871713 1.810667
-4.602465 8.834377 1.862286
-4.024146 8.658775 1.809953
-3.366354 8.235767 1.729576
-2.641650 7.543714 1.618931
-2.438979 7.371024 1.591549
-2.438979 7.371024 1.591549
-1.842197 6.852507 1.529194
-0.974650 6.000778 1.424203
-0.250027 5.120884 1.287990
0.456568 4.194112 1.223935
1.660975 2.565051 1.101946
2.107135 1.940674 1.057592
3.049304 0.756002 0.950663
3.696186 -0.199070 0.930981
3.942232 -0.623385 0.882614
5.317486 -3.086226 1.298903
5.901144 -4.453952 1.376573
6.367310 -6.115910 1.642110
6.506388 -7.214619 1.899803
6.516238 -7.360565 1.887994
6.527602 -7.601288 1.997391
6.389853 -9.132149 2.325286
6.269924 -9.745387 2.524913
5.967623 -10.413342 2.838981
5.582730 -10.947778 3.121818
5.352046 -11.145867 3.268212
4.943864 -11.272193 3.371078
4.639890 -11.236166 3.414067
4.386465 -11.163512 3.471297
4.386465 -11.163512 3.471297
2.663974 -10.098273 3.842731
2.161361 -9.514161 3.698568
2.062519 -9.436542 3.671229
1.866573 -9.296325 3.723124
1.148621 -8.498936 3.864239
1.148621 -8.498936 3.864239
0.316338 -7.588016 3.975561
-0.451026 -6.483955 4.044241
-0.451026 -6.483955 4.044241
-1.162737 -5.504887 4.122604
-2.530237 -3.498469 4.298191
-2.936263 -2.836544 4.352099
-3.204578 -2.305503 4.360997
-3.624946 -1.454865 4.378055
-4.373715 0.072899 4.363465
-5.140522 1.891966 4.415907
-5.338146 2.623854 4.459759
-5.690027 4.066505 4.534799
-5.866454 4.852901 4.585821
-5.976937 5.418757 4.662457
-5.978031 6.119105 4.686279
-5.974941 6.747496 4.688992
-5.904589 7.388376 4.702602
-5.917716 7.503510 4.701521
-5.754149 8.141733 4.701034
-5.520805 8.491276 4.698419
-5.477616 8.571510 4.692299
-5.145838 8.794127 4.636495
-4.786712 8.821291 4.598540
-4.244368 8.808605 4.471979
-3.721695 8.448190 4.346560
-2.757936 7.419755 4.169814
-2.191287 6.759272 4.070891
-2.146370 6.613091 4.049303
-1.259717 5.352565 3.902381
-0.795342 4.764535 3.868113
-0.704963 4.525511 3.808029
0.292331 3.022095 3.746266
0.292331 3.022095 3.746266
1.329319 1.245626 3.637827
1.804403 0.387991 3.627233
2.856596 -1.045918 3.666852
3.066604 -1.293685 3.661428
4.453593 -3.319147 3.699241
4.928480 -4.361814 3.790962
5.106286 -4.701833 3.832911
5.773519 -6.697284 4.054809
5.936173 -7.334860 4.113138
6.051837 -8.324595 4.313337
6.021297 -9.153442 4.421762
5.940721 -9.860538 4.619998
5.905324 -10.100508 4.712186
5.666199 -11.074206 4.985471
5.340561 -11.463613 5.203642
4.992636 -11.721005 5.406553
4.610599 -11.726786 5.520220
4.019650 -11.486315 5.729733
3.567355 -11.140397 5.809494
3.139719 -10.698827 5.935224
2.406436 -9.928158 6.027317
1.429531 -8.753726 6.088768
0.715991 -7.842035 6.163924
0.145063 -7.046386 6.153657
-0.428532 -6.235442 6.232160
-1.397190 -4.681789 6.374488
-2.362248 -2.940451 6.228837
-2.873869 -1.993392 6.283353
-3.443038 -0.771245 6.334620
-4.060451 0.796287 6.280565
-4.419307 2.034928 6.289776
-4.684519 3.171079 6.351652
-5.090130 4.659637 6.395657
-5.308406 5.464018 6.414566
-5.434633 6.394106 6.436963
-5.510090 7.538281 6.403075
-5.509148 8.015391 6.446972
-5.524341 8.455669 6.442759
-5.437951 8.717038 6.427107
-5.159781 8.807174 6.303782
-4.789006 8.679989 6.228782
-4.245144 8.248648 6.144226
-3.988970 7.981164 6.068574
-3.563096 7.385171 5.933723
-2.997326 6.578716 5.785004
-2.223356 5.202076 5.609192
-1.741052 4.447858 5.546606
-1.179451 3.607884 5.520010
-0.258971 2.216302 5.447345
0.478104 1.163080 5.433951
1.421839 -0.249100 5.453399
2.033287 -1.311253 5.435985
2.537981 -2.137785 5.427837
3.280352 -3.351037 5.490331
3.837713 -4.570545 5.495135
4.173551 -5.441556 5.524853
4.459063 -6.649754 5.553863
4.643775 -7.498789 5.596844
4.773157 -8.178961 5.657209
4.897304 -9.285422 5.754534
4.870035 -9.802961 5.874414
4.772116 -10.401899 5.974848
4.759356 -10.718891 6.043890
4.405864 -11.288192 6.253987
4.055630 -11.476659 6.414819
3.767445 -11.468015 6.477582
3.423649 -11.309334 6.607104
2.770629 -10.780011 6.821126
2.377254 -10.299165 6.924457
2.138057 -9.856349 6.948528
1.780130 -9.521468 7.022482
1.686232 -9.288844 7.032967
1.274792 -8.700164 7.135818
0.720286 -7.898989 7.260264
0.031269 -6.790809 7.354575
-1.577694 -3.748358 7.539727
-2.183330 -2.366478 7.573674
-2.763208 -0.774373 7.669686
-3.321169 0.889067 7.762578
-3.438740 1.259093 7.767272
-3.770150 2.330220 7.830229
-4.173552 4.079354 7.864220
-4.436154 4.977994 7.907831
-4.683192 6.550278 7.958787
-4.687873 6.883952 7.998621
-4.753275 7.562087 8.008539
-4.577788 7.745425 8.005359
-4.050064 7.587459 7.957758
-3.650858 7.179323 7.897573
-2.468977 5.246588 7.697771
-2.019145 4.200255 7.622005
-1.785805 3.687323 7.572396
-1.316377 2.680298 7.465858
-0.419971 0.771986 7.364192
0.335956 -0.787555 7.334007
1.495841 -3.034152 7.325489
2.240581 -4.657810 7.344109
2.649645 -5.646828 7.380385
3.253162 -6.980910 7.473330
3.429138 -7.903145 7.590415
3.617066 -9.093575 7.692610
3.675059 -9.840035 7.776419
3.669976 -10.409534 7.870899
3.646255 -11.000921 7.980063
3.299853 -11.256603 8.069110
3.202174 -11.296476 8.121071
3.087399 -11.291343 8.127335
2.772991 -11.061767 8.235517
2.654385 -10.964184 8.262578
2.329385 -10.538521 8.354371
2.279709 -10.446254 8.358805
1.645497 -9.320626 8.546538
0.990318 -8.154693 8.774827
0.448722 -7.044126 8.897739
-0.250976 -5.396177 9.256445
-0.864176 -4.031491 9.664604
-1.600333 -2.319790 9.423051
-2.243963 -0.533881 9.453917
-2.642576 0.815855 9.486329
-3.185717 2.638454 9.524548
-3.606554 3.875306 9.621769
-3.912854 4.999148 9.640954
-4.141940 5.893116 9.575673
-4.197072 6.056708 9.554868
-4.246457 6.628705 9.526779
-4.287252 6.808505 9.483881
-4.290353 6.891495 9.426681
-4.327303 6.999000 9.352167
-4.184477 6.959032 9.299334
-3.948856 6.626448 9.148144
-3.673772 6.206264 8.987239
-3.248864 5.336060 8.767569
-2.856631 4.333531 8.514264
-2.330421 3.078403 8.413019
-1.754839 1.845769 8.284935
-1.301048 0.644135 8.260601
-1.210147 0.503337 8.260497
-1.210147 0.503337 8.260497
-0.306821 -1.570090 8.298969
0.780045 -3.824168 8.384630
1.332714 -4.767455 8.430917
2.264684 -6.625110 8.518797
2.706136 -7.523300 8.495144
2.818262 -7.816054 8.501962
3.237769 -8.835733 8.472425
3.265040 -9.119818 8.439279
3.375164 -9.950909 8.417489
3.321874 -10.218172 8.455932
3.145622 -10.457646 8.446209
2.865653 -10.427098 8.463388
2.576447 -10.123745 8.558365
2.229683 -9.518342 8.614357
1.847003 -8.778661 8.751694
1.373390 -7.842183 8.828419
0.797852 -6.691865 8.984432
0.204063 -5.380792 9.206262
-0.422948 -4.231673 9.381371
-0.734453 -3.381289 9.488198
-0.953123 -3.046904 9.529158
-1.241803 -2.353335 9.609298
-1.660805 -1.472418 9.745993
-1.660805 -1.472418 9.745993
-2.186514 0.101801 9.963640
-2.741955 1.745434 10.144484
-2.810513 2.016157 10.203692
-3.062727 2.677746 10.295274
-3.446764 3.599785 10.341023
-3.621774 4.084693 10.322769
-3.861792 5.007248 10.221391
-3.848402 5.104730 10.184769
-4.007513 5.298064 10.157488
-4.187368 5.659654 10.029105
-4.187368 5.659654 10.029105
-4.077767 5.475383 9.840216
-4.055595 5.137638 9.761514
-3.897402 4.684235 9.664981
-3.547669 4.157636 9.516458
-3.318767 3.657455 9.423676
-3.063739 2.975533 9.293643
-2.756809 2.383458 9.173867
-2.393668 1.652617 9.061078
-1.983895 0.939084 8.963048
-1.092334 -0.564546 8.891352
-0.657901 -1.301336 8.971160
0.176199 -2.994623 8.936987
0.654299 -3.754426 8.945990
1.116789 -4.405603 8.923071
1.614054 -5.155715 8.905939
1.921806 -5.638650 8.889217
1.987909 -5.817047 8.878624
2.035413 -6.001897 8.881935
2.392084 -6.867871 8.822475
2.566655 -7.283410 8.807049
2.752326 -7.768148 8.752633
2.828964 -8.157080 8.689234
2.825346 -8.444394 8.667083
2.858329 -8.605731 8.641591
2.853178 -8.872122 8.651644
2.803977 -9.000732 8.633704
2.792824 -9.122703 8.655142
2.735489 -9.181103 8.640137
2.259519 -8.805080 8.712161
2.029636 -8.484837 8.736684
1.695760 -7.884417 8.874139
1.355361 -7.277348 8.958814
0.963134 -6.565456 9.033526
0.563823 -5.803185 9.134824
0.240771 -5.135235 9.225283
-0.223133 -4.365911 9.360850
-0.665737 -3.516287 9.488930
-0.980583 -2.821054 9.559113
-1.356839 -2.023206 9.632362
-1.917974 -0.465312 9.788831
-2.184776 0.420204 9.851088
-2.416837 1.019030 9.728006
-2.660260 1.691846 9.719005
-2.858499 2.284694 9.681305
-3.129438 2.801608 9.732059
-3.236899 3.233850 9.698960
-3.381879 3.641091 9.692117
-3.682004 4.115978 9.593553
-3.722135 4.113603 9.616771
-3.878603 4.276756 9.468121
-3.902840 4.162137 9.332639
-3.824487 3.956649 9.180060
-3.645495 3.502556 9.028015
-3.490826 3.108265 8.899223
-3.206713 2.646671 8.784098
-2.917570 2.121421 8.669812
-2.640822 1.390062 8.578856
-2.224825 0.777634 8.542301
-1.876809 0.180675 8.532623
-1.454205 -0.398615 8.531818
-1.144444 -1.102002 8.583914
-0.855411 -1.636986 8.623489
-0.457549 -2.289303 8.684929
-0.117942 -2.861067 8.695664
0.282773 -3.447575 8.776190
0.742779 -4.045203 8.825441
1.347621 -4.888102 8.860428
1.682153 -5.312699 8.896001
1.993460 -5.827295 8.831018
2.267321 -6.124589 8.748448
2.607348 -6.878619 8.842435
2.667184 -6.923537 8.877849
2.717361 -7.129156 8.877255
2.609831 -7.279483 8.882602
2.528379 -7.270910 8.879667
2.350341 -7.151117 8.940719
2.065609 -7.000748 8.949005
2.065609 -7.000748 8.949005
1.861773 -6.745305 9.027840
1.861773 -6.745305 9.027840
1.576488 -6.309072 9.065905
1.576488 -6.309072 9.065905
1.244220 -5.826655 9.144416
0.663866 -4.992101 9.246110
0.051196 -4.160020 9.422140
-0.341331 -3.567085 9.479793
-0.799371 -2.885533 9.531297
-1.159363 -2.357913 9.591446
-1.486891 -1.948888 9.647115
-1.874492 -1.364108 9.698965
-1.874492 -1.364108 9.698965
-2.200277 -0.774310 9.729493
-2.450448 -0.291778 9.738228
-2.825213 0.199379 9.738366
-3.046739 0.552410 9.759555
-3.046739 0.552410 9.759555
-3.301780 1.021455 9.799262
-3.640393 1.861973 9.801018
-3.770723 2.086585 9.743011
-3.821491 2.152098 9.783927
-3.913654 2.330253 9.778049
-3.922988 2.425816 9.762193
-3.874306 2.427134 9.747270
-3.777453 2.468621 9.725184
-3.728870 2.358038 9.678973
-3.663611 2.150667 9.605934
-3.471551 1.893775 9.579307
-3.299657 1.576605 9.485219
-3.107871 1.193223 9.429386
-2.945080 0.801965 9.401554
-2.785319 0.397828 9.330005
-2.527386 -0.031262 9.369213
-2.241785 -0.505500 9.314425
-1.955861 -0.972663 9.339698
-1.606980 -1.464663 9.326166
-1.187897 -2.049795 9.375564
-1.006559 -2.317631 9.339291
-0.545522 -2.836951 9.330462
-0.049747 -3.299610 9.291921
0.488887 -3.817200 9.277052
0.844637 -4.163167 9.230958
1.215764 -4.485283 9.208278
1.569504 -4.794636 9.195209
1.569504 -4.794636 9.195209
1.781456 -5.084815 9.140306
2.014163 -5.321754 9.148161
2.242127 -5.494242 9.137096
2.389808 -5.651898 9.097566
2.553521 -5.859635 9.079685
2.696427 -6.009293 9.035279
2.696427 -6.009293 9.035279
2.784455 -6.105896 9.058625
2.785432 -6.214040 9.048699
2.845541 -6.339234 9.038604
2.850734 -6.479147 9.027790
2.828790 -6.559047 9.005988
2.776934 -6.648524 9.016834
2.574161 -6.529138 9.036246
2.469694 -6.476851 9.030008
2.469694 -6.476851 9.030008
2.293087 -6.331126 9.092633
2.061402 -6.131031 9.079400
1.865427 -5.939032 9.135116
1.553806 -5.656190 9.151480
1.553806 -5.656190 9.151480
0.807170 -5.031458 9.243592
0.399967 -4.611363 9.286009
0.399967 -4.611363 9.286009
0.055639 -4.182505 9.390046
-0.362879 -3.767399 9.454752
-0.691499 -3.300779 9.512306
-1.102380 -2.860348 9.554963
-1.657339 -2.370462 9.704060
-2.069763 -1.836723 9.793159
-2.376080 -1.420614 9.849938
-2.376080 -1.420614 9.849938
-2.770231 -0.898769 9.888414
-3.013881 -0.479023 9.946987
-3.314684 -0.092572 10.027889
-3.545482 0.288426 10.112120
-3.745802 0.627842 10.133837
-3.893698 0.836670 10.148713
-3.989916 1.093802 10.169148
-3.989916 1.093802 10.169148
-4.003846 1.234911 10.183723
-4.007998 1.260764 10.133893
-4.073708 1.270593 10.168443
-4.073708 1.270593 10.168443
-3.961509 1.217979 10.156279
-3.849635 1.095481 10.163232
-3.729962 0.956362 10.139941
-3.565674 0.699586 10.119768
-3.304120 0.377197 10.060201
-3.159200 0.131933 10.022157
-2.555974 -0.715855 9.913067
-2.296037 -1.095506 9.853055
-2.063219 -1.441151 9.823629
-1.780113 -1.789573 9.757776
-1.505606 -2.127137 9.736314
-1.255057 -2.381156 9.678736
-0.956577 -2.802940 9.637578
-0.723055 -3.161495 9.529325
-0.441128 -3.421986 9.543294
-0.103008 -3.779607 9.475011
0.057731 -3.893626 9.458661
0.184628 -3.994684 9.436268
0.619425 -4.328197 9.411141
1.068160 -4.632577 9.332465
1.068160 -4.632577 9.332465
1.371152 -4.870136 9.265990
1.683586 -5.116660 9.234240
1.933497 -5.295084 9.212607
2.284247 -5.444933 9.148449
2.284247 -5.444933 9.148449
2.556941 -5.628238 9.132126
2.797555 -5.766288 9.129634
2.901134 -5.931902 9.113180
3.032887 -6.041518 9.084782
3.091211 -6.200288 9.054669
3.091211 -6.200288 9.054669
3.128059 -6.314468 9.018660
3.043922 -6.382953 9.024084
2.871013 -6.417377 9.005359
2.606910 -6.337606 9.027249
2.362213 -6.252617 9.017560
2.056427 -6.161707 9.069619
1.839333 -5.973238 9.099119
1.283052 -5.522996 9.168302
0.849348 -5.093341 9.205248
0.654053 -4.645318 9.275080
0.199135 -4.052967 9.408950
-0.587633 -3.277511 9.487291
-1.304139 -2.630100 9.654896
-1.966161 -1.851384 9.759279
-2.512770 -1.266150 9.862550
-3.032017 -0.759435 9.956440
-3.458399 -0.376112 9.998662
-3.894060 -0.045751 10.079162
-4.241817 0.058190 10.107460
-4.304134 0.083903 10.064636
-4.411748 0.039092 10.071767
-4.341361 -0.204716 10.060996
-4.127070 -0.481524 10.036933
-3.753363 -1.000734 9.933007
-3.402232 -1.365588 9.879035
-2.846121 -1.848917 9.792439
-2.302027 -2.318356 9.710798
-2.143802 -2.436781 9.693023
-1.162043 -3.117262 9.569562
-0.637363 -3.514567 9.537287
-0.500400 -3.631191 9.463270
0.280816 -4.066604 9.401108
1.109635 -4.496194 9.334368
1.599761 -4.714027 9.244143
1.980715 -4.891534 9.244827
2.402254 -5.087968 9.170272
2.606291 -5.101407 9.169758
2.798100 -5.200865 9.168107
2.956168 -5.371553 9.107256
2.935476 -5.353831 9.109160
2.788005 -5.321977 9.142022
2.472551 -5.218658 9.146140
2.221703 -5.162512 9.158836
1.872705 -4.998714 9.210094
1.421025 -4.859969 9.200144
0.987965 -4.673156 9.282372
0.807033 -4.497269 9.284338
0.335742 -4.146597 9.361872
-0.568186 -3.574632 9.451741
-1.202724 -3.182786 9.511446
-1.699135 -2.843793 9.599533
-2.152427 -2.628368 9.642220
-2.903099 -2.306778 9.691244
-3.424251 -2.076965 9.749968
-3.516825 -2.088623 9.730486
-4.057686 -1.974597 9.795887
-4.161001 -2.023856 9.805668
-4.217417 -2.109367 9.784974
-4.144504 -2.140415 9.752967
-3.939929 -2.317009 9.744145
-3.575055 -2.535779 9.720675
-3.156680 -2.709918 9.662468
-2.741269 -2.940452 9.635326
-2.290377 -3.134369 9.583638
-1.714090 -3.312772 9.544739
-1.222824 -3.464075 9.494834
-0.642942 -3.619792 9.462185
-0.060158 -3.818677 9.451370
0.548298 -3.984427 9.393422
1.020518 -4.082660 9.354798
1.109894 -4.060599 9.358393
1.109894 -4.060599 9.358393
1.450939 -4.138729 9.346095
1.955788 -4.213811 9.306747
1.955788 -4.213811 9.306747
2.141135 -4.187908 9.274098
2.467114 -4.343319 9.253228
2.531536 -4.443902 9.227285
2.363295 -4.435794 9.269122
2.136044 -4.398754 9.262493
1.920398 -4.363939 9.272760
1.510853 -4.275787 9.281234
0.999422 -4.200520 9.332951
0.497945 -4.108376 9.347079
-0.067002 -3.991829 9.363467
-0.567925 -3.924419 9.422314
-1.028821 -3.788989 9.402664
-1.598316 -3.697481 9.481253
-2.155729 -3.557062 9.503903
-2.611566 -3.446105 9.531550
-3.098973 -3.328982 9.573748
-3.401465 -3.234022 9.597525
-3.729044 -3.227630 9.596121
-3.829192 -3.208046 9.605314
-3.819357 -3.194211 9.570942
-3.923754 -3.234981 9.621400
-3.916159 -3.236712 9.611639
-3.745042 -3.281562 9.604181
-3.754206 -3.295153 9.590961
-3.298539 -3.377206 9.551486
-3.099073 -3.442174 9.555046
-2.850019 -3.512823 9.532971
-2.564485 -3.572943 9.522880
-2.240339 -3.597159 9.502347
-2.036273 -3.645522 9.472892
-1.885543 -3.733772 9.498154
-1.260094 -3.812170 9.421844
-0.909661 -3.859987 9.437325
-0.643913 -3.960493 9.429273
0.003736 -4.064852 9.371034
0.306006 -4.100600 9.365865
0.430499 -4.148326 9.375313
1.025480 -4.276126 9.299951
1.329436 -4.331678 9.314679
1.649129 -4.406034 9.300665
1.889139 -4.466936 9.285147
2.071554 -4.532609 9.256182
2.176962 -4.574274 9.235374
2.224557 -4.599797 9.227327
2.370845 -4.744632 9.200178
2.474074 -4.795827 9.209231
2.397609 -4.843795 9.186088
2.265311 -4.901895 9.157145
2.122808 -4.918066 9.192092
1.921839 -4.986448 9.174769
1.783055 -5.003049 9.149466
1.610426 -4.969988 9.218044
1.293908 -4.915265 9.224967
1.094316 -4.860056 9.203184
0.802512 -4.759554 9.199843
0.468334 -4.713433 9.254891
0.382530 -4.682735 9.253247
-0.280597 -4.506304 9.299956
-0.668263 -4.383466 9.362811
-0.901223 -4.260371 9.384850
-1.353537 -4.171382 9.397997
-1.677705 -3.992439 9.388243
-1.958372 -3.913016 9.435980
-2.220685 -3.830555 9.423957
-2.629856 -3.646641 9.508808
-2.921014 -3.554119 9.519515
-3.162506 -3.531370 9.532632
-3.216937 -3.496384 9.546523
-3.297080 -3.500263 9.545667
-3.336521 -3.445130 9.583667
-3.514870 -3.432387 9.513346
-3.564128 -3.455444 9.560016
-3.540713 -3.476890 9.567483
-3.394459 -3.464640 9.567068
-3.272654 -3.496259 9.525577
-3.047549 -3.555473 9.511249
-2.813537 -3.668400 9.517494
-2.578996 -3.667720 9.502834
-2.336809 -3.723635 9.471147
-2.231231 -3.703994 9.468690
-2.137572 -3.740785 9.457686
-1.938074 -3.791689 9.470147
-1.670351 -3.855621 9.444969
-1.394064 -3.867160 9.438931
-1.077509 -3.990094 9.423139
-0.816004 -4.046325 9.435884
-0.499173 -4.095057 9.368313
-0.229044 -4.149710 9.377719
0.149242 -4.139770 9.323186
0.404126 -4.222585 9.317774
0.752810 -4.256548 9.337151
0.963141 -4.333317 9.328102
0.963141 -4.333317 9.328102
1.185447 -4.380373 9.274917
1.378711 -4.400003 9.286283
1.531788 -4.474532 9.281987
1.707160 -4.494432 9.265078
1.838009 -4.489154 9.236192
1.959588 -4.574460 9.301347
2.007000 -4.609203 9.219364
2.031417 -4.621260 9.227283
2.031417 -4.621260 9.227283
2.110694 -4.650549 9.225989
2.074635 -4.698455 9.258888
1.878426 -4.691500 9.227863
1.878426 -4.691500 9.227863
1.780120 -4.737328 9.216893
1.590329 -4.714904 9.201986
1.375653 -4.728050 9.202147
1.375653 -4.728050 9.202147
1.246091 -4.733163 9.181614
1.046899 -4.704655 9.211584
0.784667 -4.664210 9.241352
0.567127 -4.620936 9.241914
0.136546 -4.553094 9.273428
-0.208898 -4.476693 9.323698
-0.511149 -4.387304 9.320713
-0.843827 -4.321760 9.301038
-1.207911 -4.264326 9.369129
-1.493864 -4.217205 9.373943
-1.896027 -4.105526 9.384161
-2.149310 -4.019521 9.412053
-2.399476 -3.993892 9.428071
-2.645485 -3.884388 9.475316
-2.823439 -3.808714 9.450014
-2.944549 -3.733947 9.460329
-3.083775 -3.730763 9.533846
-3.198500 -3.661649 9.502799
-3.270618 -3.608650 9.502372
-3.298616 -3.577843 9.522851
-3.356318 -3.580011 9.549526
-3.317485 -3.573725 9.514733
-3.067414 -3.652107 9.482767
-2.937073 -3.661032 9.543647
-2.817964 -3.687821 9.513733
-2.415449 -3.808197 9.468671
-2.168312 -3.844214 9.479687
-1.803463 -3.891196 9.393218
-1.746403 -3.907894 9.434732
-1.329282 -3.967160 9.444480
-1.135867 -3.966071 9.397049
-0.594900 -4.118893 9.342401
-0.460816 -4.162007 9.343660
0.180108 -4.262337 9.348777
0.562652 -4.365586 9.288800
0.872671 -4.385188 9.275044
1.112403 -4.477772 9.277260
1.424523 -4.540721 9.304786
1.683282 -4.581096 9.229255
1.853033 -4.692280 9.249862
1.923265 -4.748906 9.187431
2.074094 -4.838954 9.191787
2.075893 -4.886245 9.172665
2.081939 -4.915735 9.176288
1.903976 -4.989126 9.194530
1.741021 -4.942289 9.148721
1.591366 -4.951354 9.190356
1.398563 -4.913372 9.183182
1.155564 -4.907012 9.189102
0.852012 -4.820594 9.223158
0.573345 -4.747651 9.229374
0.145394 -4.586326 9.233348
-0.299925 -4.439303 9.275313
-0.384408 -4.447014 9.295929
-1.256844 -4.167950 9.365455
-1.713540 -3.996516 9.394688
-1.930818 -3.914352 9.378674
-2.300556 -3.774054 9.467013
-2.905899 -3.644751 9.489164
-3.265942 -3.580034 9.511815
-3.455290 -3.553508 9.508931
-3.605465 -3.533118 9.539051
-3.716708 -3.456869 9.546735
-3.527566 -3.457716 9.537416
-3.182145 -3.539416 9.517572
-3.043857 -3.560575 9.506734
-2.870536 -3.615889 9.503426
-2.802340 -3.591161 9.466110
-2.802340 -3.591161 9.466110
-2.652505 -3.664735 9.495564
-2.148282 -3.766088 9.476031
-2.148282 -3.766088 9.476031
-1.651819 -3.902875 9.431680
-1.275474 -3.982695 9.388975
-0.973717 -4.027934 9.380473
-0.662280 -4.140555 9.338833
-0.411475 -4.228971 9.294642
-0.186853 -4.301506 9.122763
-0.022180 -4.378487 9.028159
0.187609 -4.464132 8.829944
0.417665 -4.533443 8.614787
0.577904 -4.648288 8.421926
0.792888 -4.752298 8.217178
0.925509 -4.851046 7.906976
1.026554 -4.965690 7.644211
1.123753 -5.085104 7.464908
1.278836 -5.164927 7.201809
1.294884 -5.219496 6.902129
1.345996 -5.260044 6.685614
1.460787 -5.322643 6.381211
1.564238 -5.409990 6.021287
1.611067 -5.423215 5.786615
1.634988 -5.510713 5.574825
1.613903 -5.515028 5.343906
1.562643 -5.443227 4.728583
1.457808 -5.412693 4.340775
1.457808 -5.412693 4.340775
1.174593 -4.975530 3.655611
1.085477 -4.789675 3.392335
1.020388 -4.537403 2.986483
0.646526 -4.069817 2.230349
0.409273 -3.500488 1.501462
-0.015900 -2.467650 0.377097
-0.078456 -2.299307 0.260911
-0.418728 -1.674863 -0.275234
-0.870727 -1.145756 -1.216293
-1.203394 -0.504306 -1.585407
-1.840648 1.388556 -1.335286
-2.108751 2.032639 -1.466001
-2.303150 2.526083 -1.616631
-2.984300 3.208027 -1.501903
-2.891253 3.400008 -0.903756
-2.595369 4.114122 0.200546
-2.558149 4.376123 0.429719
-2.503648 4.387735 0.565321
-2.245580 4.341643 0.765942
-1.931351 4.145092 0.814187
-1.690036 3.808530 0.900985
-1.505533 3.750575 0.878787
-0.955451 3.463469 0.503003
-0.056756 2.549738 -0.141596
0.413194 1.819905 -0.280026
0.799209 1.073345 -0.386033
1.250556 0.230694 -0.474950
1.342325 0.005097 -0.485656
2.445059 -1.979408 -0.564996
2.920074 -2.894832 -0.635368
3.038877 -3.120461 -0.633106
3.535535 -4.745063 -0.792157
3.556211 -4.945061 -0.839693
3.551461 -6.086477 -1.445545
3.586165 -6.340042 -1.684829
3.489712 -6.349580 -1.907500
3.113981 -6.156144 -2.045573
3.062820 -6.111865 -2.052250
2.200482 -5.215142 -2.121578
2.109579 -5.085229 -2.092745
0.949843 -3.855550 -1.659269
0.840388 -3.653068 -1.651508
-0.251787 -2.120553 -1.261470
-0.883178 -1.240008 -0.989353
-1.540609 -0.350325 -0.679233
-2.211900 0.539769 -0.437106
-2.843612 1.543148 -0.228640
-3.415738 2.386344 -0.196308
-3.838343 3.316894 -0.255443
-4.165993 4.270684 -0.289185
-4.254331 5.170319 -0.243919
-4.213047 5.694835 -0.208210
-4.121401 6.446503 -0.053898
-4.001788 6.820931 0.063007
-3.755161 7.146577 0.165102
-3.716196 7.199760 0.223126
-3.204683 7.422622 0.269153
-2.775612 7.425826 0.271961
-2.363565 7.287342 0.222744
-1.810581 7.018285 0.281465
-1.304594 6.804192 0.224948
-1.171532 6.671347 0.220840
-0.007239 5.518579 0.089342
0.460585 4.986306 -0.003010
0.930552 4.392798 -0.124956
1.732486 3.082365 -0.352314
2.136358 2.311025 -0.463471
2.316550 1.957196 -0.503083
2.854172 0.971388 -0.629980
3.582885 -1.059502 -0.726169
3.930788 -2.060104 -0.751043
4.151884 -2.852648 -0.832068
4.215725 -3.000034 -0.837949
4.547466 -5.259581 -0.907995
4.631528 -5.488335 -0.934048
4.625304 -6.397496 -0.891245
4.653757 -6.537003 -0.916333
4.709937 -6.785686 -0.919556
4.677273 -6.851356 -0.948871
4.438253 -6.797520 -1.175783
4.203804 -6.571591 -1.141053
3.961484 -6.347367 -1.195725
3.836300 -6.260262 -1.201553
3.386509 -5.794661 -1.325430
2.929872 -5.182273 -1.429794
2.341641 -4.494958 -1.480205
1.835580 -3.834404 -1.528997
1.253289 -2.973926 -1.431602
1.253289 -2.973926 -1.431602
0.663242 -2.309807 -1.368664
-0.144681 -1.489263 -1.283531
-0.796693 -0.829109 -1.131646
-1.605250 -0.030867 -1.074598
-2.352240 0.813185 -0.863498
-3.078363 1.545709 -0.787767
-3.733315 2.353275 -0.750946
-4.166113 3.053285 -0.544125
-4.166113 3.053285 -0.544125
-5.335852 4.633971 -0.123995
-5.408931 4.816711 -0.082366
-5.834179 5.343329 -0.024618
-6.017492 5.798756 -0.019884
-6.133433 6.177763 0.005023
-6.227926 6.876908 0.152762
-6.103446 7.222001 0.220795
-5.981579 7.567954 0.277596
-5.855828 7.830869 0.325627
-5.831403 7.879758 0.324383
-5.480116 8.194805 0.467392
-5.043488 8.293924 0.591978
-4.119130 8.206182 0.606065
-3.455834 8.020453 0.566531
-2.396676 7.562126 0.439447
-1.490231 7.015829 0.320507
-0.331402 6.215161 0.092053
0.607824 5.315085 -0.099677
1.552334 4.409022 -0.229007
2.244684 3.469527 -0.260492
3.042519 2.242563 -0.309781
3.810214 1.049596 -0.332059
4.613992 -0.189924 -0.440550
5.871596 -2.597076 -0.630166
6.277343 -3.756266 -0.739010
6.530417 -4.819124 -0.862983
6.642638 -5.687250 -0.929144
6.433479 -7.048999 -1.100832
6.175886 -7.337478 -1.024737
5.345317 -7.514916 -1.080249
5.267142 -7.524538 -1.078239
4.768475 -7.366990 -1.064147
3.448341 -6.743238 -1.055925
2.647940 -6.207287 -1.107416
0.349636 -4.210770 -1.114165
-0.844925 -2.971076 -1.285491
-1.554788 -2.123525 -1.301673
-2.215006 -1.470120 -1.252729
-3.205727 -0.352054 -1.196699
-4.050598 0.641870 -1.063896
-4.471591 1.312469 -0.843134
-4.558814 1.436217 -0.829572
-4.596261 1.473820 -0.802471
-4.879475 1.887413 -0.801174
-5.160818 2.558239 -0.675687
-5.249741 3.018387 -0.550426
-5.242255 3.271593 -0.404859
-5.242255 3.271593 -0.404859
-5.048227 3.748146 -0.103336
-4.671270 4.059662 0.090540
-4.221831 4.381676 0.323537
-3.178673 4.740053 0.698750
-2.614298 4.805154 0.867756
-2.129217 4.929210 1.023325
-1.560530 4.924114 1.157204
-0.545207 4.831480 1.372038
0.635108 4.271830 1.539193
1.036248 4.084163 1.537314
1.808473 3.570956 1.630395
2.313892 3.271038 1.592313
2.520790 3.089754 1.594844
3.233107 2.415715 1.507764
3.824612 1.683897 1.357541
4.387589 0.976727 1.117526
4.715941 0.220867 0.929583
4.797492 -0.399707 0.751571
4.888901 -1.424751 0.502758
4.881016 -2.224203 0.415524
4.887408 -2.826723 0.325662
4.745095 -3.604688 0.223761
4.745095 -3.604688 0.223761
4.711830 -4.411839 -0.004636
4.559403 -5.214807 -0.240078
4.116229 -5.793597 -0.508885
3.605348 -6.352674 -0.788556
3.239971 -6.771256 -0.920839
2.996526 -7.120661 -0.987615
2.631363 -7.422139 -1.006542
2.283384 -7.515069 -1.034705
1.811004 -7.482909 -0.975632
1.348122 -7.343243 -0.866452
0.310255 -6.916706 -0.655617
-0.404890 -6.349559 -0.430383
-1.319153 -5.686871 -0.322445
-1.435999 -5.647103 -0.347344
-2.143786 -5.138697 -0.237130
-3.940104 -3.038899 -0.083357
-5.158832 -1.199922 -0.090680
-5.877921 0.777059 -0.069018
-5.877921 0.777059 -0.069018
-6.220695 1.778714 0.050344
-6.837893 4.483737 0.170848
-6.868427 5.702510 0.267834
-6.066132 7.703925 0.358094
-5.392135 8.272537 0.453381
-4.439904 8.712559 0.602456
-3.316266 8.661323 0.805831
-0.850213 7.783550 1.208677
-0.455303 7.510895 1.217047
2.336039 5.455701 0.946371
2.619509 5.151560 0.867927
5.571071 2.429614 0.484263
7.008656 0.748515 0.298271
8.139938 -1.011235 0.163361
9.019776 -2.799385 0.109883
9.169393 -3.176881 0.089946
9.608076 -4.303737 0.123464
10.117609 -6.725410 0.036346
9.839315 -7.957829 -0.154123
9.281843 -9.029031 -0.415253
8.288956 -9.727850 -0.716372
6.459576 -9.809034 -0.888204
5.248178 -9.724378 -0.925880
3.453305 -9.378992 -0.842982
1.305241 -8.612134 -0.740460
-0.603426 -7.778596 -0.662606
-2.959663 -6.360285 -0.609960
-4.700503 -5.201628 -0.606691
-6.862521 -3.418447 -0.615859
-8.256865 -2.069898 -0.652279
-10.090318 0.477856 -0.582182
-10.665393 1.943254 -0.362609
-11.261852 5.381162 0.138119
-11.070451 6.529460 0.345961
-10.948338 6.853569 0.366130
-9.835869 8.395597 0.666157
-9.680533 8.464305 0.656703
-9.565767 8.553730 0.693991
-8.753842 9.091484 0.772483
-7.835245 9.383523 0.850692
-6.799107 9.344434 0.811107
-6.799107 9.344434 0.811107
-5.450527 9.096219 0.760852
-4.193858 8.811288 0.844953
-2.846890 8.261362 0.893135
-1.251301 7.546772 0.951296
0.758256 6.571162 1.042840
2.522344 5.468266 1.087138
3.981377 4.510378 1.057044
5.597773 3.394491 0.888253
6.865611 2.445468 0.766524
8.302353 1.203659 0.545461
9.483090 -0.045630 0.350494
10.386036 -1.105256 0.225911
11.026009 -2.191027 0.113452
11.757003 -3.563962 0.044999
12.012091 -4.732273 0.036292
11.987774 -5.691898 -0.036898
11.901667 -6.484130 -0.109264
11.536741 -7.260525 -0.243761
11.536741 -7.260525 -0.243761
11.087963 -7.966743 -0.465782
10.370375 -8.768793 -0.717393
9.351806 -9.096781 -0.882948
8.333047 -9.521442 -1.100063
7.252244 -9.751895 -1.166932
6.109202 -9.991109 -1.180362
5.034605 -9.955017 -1.159450
5.034605 -9.955017 -1.159450
3.448589 -9.670884 -1.066118
1.711087 -9.241364 -0.910301
0.183061 -8.748966 -0.796040
-1.615657 -8.206363 -0.755452
-3.238972 -7.538960 -0.744286
-4.858338 -6.722723 -0.737953
-6.806519 -5.691928 -0.778582
-8.169846 -4.674937 -0.789983
-9.545390 -3.452792 -0.842516
-10.628995 -2.335524 -0.755615
-11.713095 -0.886895 -0.570001
-12.378253 0.421447 -0.296993
-12.858561 2.009769 0.000243
-12.959435 3.482879 0.194506
-12.902882 4.700575 0.417349
-11.830660 7.275057 1.008331
-10.907171 8.127515 1.142347
-8.069666 9.645673 1.505354
-6.402267 9.636186 1.660338
-4.636595 9.269606 1.552965
-2.650759 8.566348 1.546455
-2.157032 8.378631 1.539387
1.450915 6.420683 1.397930
3.427136 5.083523 1.261927
5.254463 3.676889 1.092985
7.228654 2.005300 0.941264
8.949557 0.180871 0.874031
10.520665 -1.651418 0.836788
11.568324 -3.330553 0.897374
12.151058 -4.928093 0.826522
12.211214 -5.272914 0.821528
12.151124 -6.551121 0.662979
11.567000 -8.154980 0.167582
9.926258 -9.397003 -0.669710
6.653377 -9.828471 -1.072111
6.246096 -9.877103 -1.043977
2.657449 -9.534104 -0.850162
0.901343 -9.232323 -0.710390
-0.910004 -8.695636 -0.642106
-2.159878 -7.870697 -0.571554
-3.951843 -6.794815 -0.572934
-4.371211 -6.551466 -0.573811
-5.494485 -5.725907 -0.630722
-7.042373 -4.261706 -0.633408
-8.526837 -2.606935 -0.570017
-8.526837 -2.606935 -0.570017
-9.401814 -1.237813 -0.504788
-10.726503 2.344626 -0.019946
-10.821046 2.931727 0.107673
-10.854477 3.127494 0.165059
-10.898687 4.486889 0.375390
-10.682487 5.969632 0.529700
-10.431947 7.191140 0.751481
-10.017113 8.132602 1.003408
-8.952401 9.457949 1.259257
-8.192780 9.852631 1.428006
-5.506427 9.747208 1.533164
-4.945591 9.626441 1.588888
-3.400178 9.133968 1.617742
0.034418 7.013807 1.652448
1.630633 5.810532 1.644688
2.404188 5.169553 1.576795
4.185860 3.533583 1.369800
6.836111 0.731730 1.130435
7.494160 -0.062465 1.129027
9.488581 -2.612686 1.076915
10.213692 -4.247102 1.034805
10.334344 -4.828549 1.014695
10.546044 -5.828890 0.926886
10.595598 -6.589297 0.885102
10.403371 -7.496291 0.665093
10.107344 -8.199604 0.495537
9.659841 -8.942612 0.168220
8.947768 -9.696462 -0.161656
8.177361 -10.284038 -0.446768
7.074071 -10.774177 -0.567722
6.084220 -10.926922 -0.652165
4.882498 -11.001502 -0.735021
3.703768 -10.872127 -0.763554
2.874709 -10.725376 -0.799421
0.540285 -9.848656 -0.683066
0.039120 -9.638028 -0.640431
0.039120 -9.638028 -0.640431
-4.166571 -6.887929 -0.589543
-5.441975 -5.606803 -0.607263
-6.729340 -3.966834 -0.493200
-9.023831 0.435706 -0.087594
-9.106698 0.847523 0.011227
-9.353692 2.653030 0.321178
-9.287635 4.501331 0.551298
-9.029166 5.935016 0.699135
-8.771665 7.380479 0.908807
-8.398733 8.427526 1.096291
-5.619235 10.951814 1.594112
-4.036630 11.027452 1.658358
-2.625240 10.950634 1.668434
-0.816704 10.410478 1.527472
1.303247 9.451784 1.556392
1.850394 9.118843 1.583001
2.972765 8.227502 1.616717
6.316581 5.131561 1.474105
7.575171 3.543430 1.435778
8.148961 2.867709 1.430791
8.828145 1.658772 1.360773
9.571518 -0.564930 1.249241
10.025601 -2.308329 1.170317
9.787704 -6.497877 1.025022
9.503509 -7.043287 0.978366
8.516852 -8.931358 0.685917
6.730391 -11.165732 -0.225749
5.556074 -11.890500 -0.548112
3.705296 -12.451148 -0.828800
2.119207 -12.734619 -0.938615
-0.000570 -12.580893 -0.957648
-1.936354 -11.920499 -0.963543
-4.084134 -10.631992 -0.944522
-4.526451 -10.266055 -0.940637
-5.844966 -9.131932 -1.011243
-8.701537 -5.680910 -0.856225
-9.577419 -3.709098 -0.715401
-10.080949 -1.761461 -0.466484
-10.097076 -1.140200 -0.320304
-9.814930 0.858256 0.038479
-9.444101 2.280837 0.442872
-8.770953 4.184128 0.842052
-8.011072 5.564716 1.080494
-7.237704 6.553749 1.254276
-6.400122 7.501598 1.371589
-4.138593 8.504987 1.545424
-1.589199 8.616626 1.567219
0.244981 8.375447 1.728130
0.772069 8.284361 1.739301
1.975148 7.941828 1.864082
5.816767 6.081003 2.013062
6.915797 5.232736 1.915974
7.478461 4.846265 1.851317
9.136220 3.214505 1.605592
10.239891 0.828137 1.336953
10.404163 -0.536204 1.183885
10.086241 -1.993346 0.989658
9.452914 -3.275698 0.844873
8.388059 -4.740620 0.643606
7.123623 -5.837071 0.275859
5.791670 -6.782775 -0.009113
5.283013 -7.156764 -0.138946
3.681359 -8.051991 -0.339978
2.057465 -8.444584 -0.477049
-0.031902 -8.929561 -0.476825
-1.783496 -9.115953 -0.463285
-3.528502 -8.901117 -0.452299
-6.233676 -7.869988 -0.501842
-7.731653 -6.841134 -0.547423
-8.736745 -5.465596 -0.508669
-9.324858 -3.933137 -0.542581
-9.705839 -2.211371 -0.352539
-9.602956 -0.450197 -0.009226
-9.354208 1.358679 0.367686
-8.875344 3.151073 0.648378
-7.866298 4.671928 0.907524
-6.699957 5.993670 1.085689
-5.364434 6.788386 1.179920
-3.991917 7.289123 1.242197
-2.538340 7.483399 1.170177
-0.639813 7.284466 1.137481
1.403776 6.770945 1.111553
2.822184 6.179346 1.163285
4.459011 5.132408 1.241952
5.810358 4.067030 1.297650
7.251377 2.581646 1.236213
8.033918 1.485756 1.173240
8.720184 0.256977 1.113573
9.263936 -1.342172 1.078270
9.268489 -2.865218 1.081288
9.252380 -3.202259 1.084807
9.145725 -3.823389 1.038462
7.935203 -6.493287 0.620521
6.560392 -7.301501 0.317520
5.358957 -7.702818 0.173025
3.620549 -7.980157 -0.017697
1.634480 -7.913265 -0.083773
-0.006730 -7.646987 -0.198378
-1.887155 -7.053894 -0.295860
-3.644875 -6.317111 -0.439498
-4.800199 -5.697617 -0.495784
-6.678693 -4.333261 -0.575085
-7.600652 -3.513111 -0.624063
-8.553651 -2.200756 -0.575698
-8.553651 -2.200756 -0.575698
-9.012676 0.585304 -0.084926
-8.839234 1.805402 0.237485
-8.242441 3.101418 0.517373
-7.444029 4.140480 0.814087
-6.576926 4.871137 0.996809
-5.523986 5.480687 1.065769
-4.440678 5.757775 1.060594
-2.811892 5.703956 1.088702
-1.074673 5.451291 1.131875
0.684860 4.904324 1.150301
2.245311 4.063758 1.251647
2.716164 3.805498 1.331161
3.832817 3.104846 1.379729
6.605320 0.651570 1.169814
6.871912 0.371741 1.122585
8.377202 -1.393978 0.974808
9.258336 -3.176840 0.801069
9.302805 -4.278550 0.686551
8.835476 -5.376234 0.627356
8.091409 -5.984695 0.398733
7.068198 -6.486814 0.124025
5.685243 -6.824114 -0.102690
4.498503 -6.896649 -0.221860
4.018282 -6.869657 -0.224847
2.863422 -6.726348 -0.204560
-0.738395 -5.812406 -0.081628
-2.376172 -5.116293 -0.055917
-4.281518 -4.068419 -0.030683
-5.500202 -3.242704 -0.049708
-6.817318 -2.306061 -0.005412
-7.114705 -2.123945 -0.021174
-8.425098 -0.357653 0.061274
-8.900916 1.372297 0.137243
-8.978667 2.695376 0.245917
-8.792146 3.659696 0.317654
-7.922110 4.604449 0.463589
-6.975672 5.194366 0.625311
-5.976660 5.496404 0.834448
-5.028475 5.657579 0.960671
-4.622135 5.641780 1.033937
-3.646394 5.478535 1.101361
-0.460750 4.102275 1.348748
1.606831 3.090120 1.327812
3.457536 1.966259 1.126706
4.838013 1.060009 1.024476
6.371815 -0.194205 0.767891
7.711888 -1.530468 0.562358
8.602979 -2.796616 0.434074
9.041416 -4.351499 0.301255
9.267349 -5.737458 0.242096
9.205012 -6.084147 0.158343
8.597762 -8.054078 0.065294
7.661198 -8.925822 -0.065552
6.503907 -9.162147 -0.179163
6.153200 -9.266969 -0.230290
3.892793 -8.845927 -0.141924
2.296298 -8.234197 -0.042092
-0.044331 -7.088883 0.160512
-2.118087 -6.026009 1.258950
-3.809261 -5.023603 1.987804
-5.777080 -3.648451 2.128646
-7.171142 -1.909887 2.340076
-7.994997 -0.084377 2.369940
-8.516145 1.556247 2.545589
-8.853987 3.066455 2.890724
-9.050496 4.688479 2.882942
-9.132583 5.881849 2.634688
-8.749573 7.300273 2.433664
-7.946747 8.124916 2.252134
-6.724652 8.406291 2.092452
-5.765201 8.527437 1.919487
-5.502064 8.459762 1.902148
-3.048806 7.235875 1.859937
-1.724364 6.441629 1.704828
0.237703 5.398370 1.387700
2.146532 4.070072 1.360554
4.048304 2.423001 1.233363
5.495934 1.041896 1.057684
6.902108 -0.667071 0.963252
7.826945 -2.236505 0.992835
8.447425 -3.902721 1.012816
8.772567 -5.259906 1.207537
8.937079 -7.098935 1.430743
8.651307 -7.918138 1.499002
8.035763 -8.998496 1.635613
7.267414 -9.787576 1.731533
6.177640 -10.345399 1.993602
3.854419 -10.721527 2.667321
1.956715 -10.273354 3.219988
1.537723 -10.202716 3.385540
-1.618918 -8.731461 4.310625
-2.166992 -8.379861 4.489202
-4.832459 -6.200289 5.450654
-6.356404 -4.722248 5.746151
-6.726769 -4.379744 5.773584
-8.174584 -1.527867 6.210904
-8.802115 0.827162 6.551276
-8.755807 2.870183 6.812025
-8.528984 4.513391 7.084736
-7.983453 6.048887 7.151516
-7.509707 6.770533 7.123618
-7.107792 7.276608 7.096642
-6.342763 7.921212 7.006497
-5.432243 8.329693 6.804284
-4.397996 8.494880 6.407539
-3.565687 8.446921 6.152204
-3.470102 8.498919 6.083368
-1.512139 7.468722 5.594689
-1.136498 7.296992 5.536037
0.824124 6.022465 5.076663
1.845298 5.313491 4.881639
3.345018 4.146189 4.625393
4.458513 3.196755 4.345153
5.365451 2.295993 4.098952
6.264517 1.299495 3.762519
6.542635 0.984726 3.693797
7.036872 0.470466 3.542462
8.606675 -1.978027 2.981549
8.917932 -3.009618 2.814849
9.080069 -3.982528 2.722231
9.148757 -5.097964 2.652347
9.074545 -5.998342 2.712896
8.914529 -6.770360 2.841681
8.733543 -7.826720 3.007213
8.698306 -8.031926 3.030261
7.972474 -9.293485 3.158812
7.481453 -9.980450 3.228247
6.489498 -10.837147 3.364615
5.406792 -11.317451 3.525047
5.048145 -11.437369 3.554901
3.219267 -11.616395 3.958145
2.042190 -11.511186 4.217364
0.169711 -11.051565 4.662904
-1.209812 -10.381730 4.971336
-1.426851 -10.242908 5.034770
-3.624616 -9.062854 5.467685
-4.945739 -8.168816 5.660524
-6.322810 -7.104770 5.799499
-7.407803 -6.063127 5.906320
-7.819278 -5.601047 5.948255
-9.484547 -3.575694 5.816224
-10.053704 -2.319651 4.861598
-10.373887 -1.466921 4.246190
-10.520216 -0.975270 4.111350
-10.995868 1.296829 4.438962
-10.845130 3.017864 4.448779
-10.798377 4.738321 3.980011
-10.540341 6.190065 3.697456
-9.974381 7.095903 3.560659
-8.960736 7.910745 3.372418
-7.662896 8.542741 3.133876
-7.419939 8.587630 3.094021
-5.456809 8.781845 2.726690
-4.253273 8.588358 2.619612
-3.323262 8.270921 2.407969
-2.625547 8.001134 2.240057
-0.258481 7.137988 1.714429
0.118750 6.938299 1.622517
0.118750 6.938299 1.622517
1.331631 6.272147 1.404030
2.599120 5.549553 1.142599
3.879508 4.520692 0.856087
5.280912 3.374810 0.630981
6.190490 2.515542 0.420295
7.843516 0.571679 0.034185
9.544165 -2.049564 -0.254747
9.839929 -2.582631 -0.256026
10.564844 -4.706473 -0.249408
10.527678 -7.284476 0.163190
9.972056 -8.457122 0.429809
8.615668 -9.630866 0.922006
7.239432 -10.142719 1.328055
6.867630 -10.299302 1.404967
4.536090 -10.543059 2.025278
1.970058 -9.903976 2.808103
-0.029699 -9.123168 3.191958
-0.731879 -8.824703 3.297612
-2.143573 -8.129899 3.437022
-4.769343 -6.660719 3.778457
-7.643628 -4.701112 3.872082
-8.881227 -3.395789 3.794776
-10.057667 -1.413752 3.738335
-10.614468 0.032853 3.844081
-10.683259 0.558182 3.841692
-10.809152 1.870815 3.918718
-10.579189 2.960891 3.932671
-10.107998 3.958748 3.617392
-8.678290 6.003948 3.436932
-7.539750 7.039915 3.401745
-6.680175 7.772158 3.318409
-5.747007 8.482844 3.200821
-4.831746 8.962036 2.978918
-3.712968 9.199339 2.676389
-3.543470 9.243519 2.653708
-2.651301 9.254904 2.454644
-1.683889 9.226477 2.266755
-0.119903 8.913144 1.924384
1.018953 8.391790 1.656993
2.283834 7.774314 1.392284
3.266851 7.046950 1.210482
4.537740 5.863030 1.052868
4.537740 5.863030 1.052868
6.375065 3.998345 0.762889
7.639075 2.611382 0.602246
8.479659 1.433589 0.613502
9.205381 0.143083 0.571006
9.205381 0.143083 0.571006
9.631194 -0.838898 0.620175
9.964592 -2.016844 0.588695
10.086866 -3.269195 0.572277
9.985398 -4.365454 0.669889
9.787954 -5.832631 0.805531
9.524032 -6.890942 0.958872
9.222472 -8.352167 1.114777
8.856216 -9.427279 1.224524
8.302966 -10.362652 1.362058
7.513518 -11.041203 1.563629
6.540289 -11.318724 1.813160
5.435630 -11.358532 2.067688
4.002258 -11.360142 2.395534
2.907601 -11.309190 2.633189
1.575322 -11.114651 3.021769
0.568832 -10.652494 3.305887
0.568832 -10.652494 3.305887
-0.272435 -10.177619 3.560391
-1.290361 -9.659970 3.765903
-2.323855 -9.037041 3.995463
-3.530578 -8.235864 4.215144
-3.530578 -8.235864 4.215144
-4.751248 -7.409139 4.315376
-5.949850 -6.577404 4.438938
-6.974499 -5.695129 4.507094
-7.865266 -4.715934 4.495877
-8.565623 -3.719056 4.343173
-9.156520 -2.658200 4.374832
-9.633571 -1.354033 4.359445
-9.975398 -0.120647 4.329723
-10.238022 1.020961 4.277803
-10.317724 2.156528 4.210672
-10.291231 3.319372 4.017217
-10.224186 3.979855 3.882751
-9.964435 5.375681 3.699220
-9.724998 6.369596 3.403490
-6.417134 9.129045 1.916974
-4.557249 9.371898 1.441877
-4.214131 9.403006 1.462926
-3.021751 9.381335 1.435461
-1.753708 9.154041 1.423172
-0.427705 8.664430 1.253425
0.847385 8.045204 1.060486
2.115372 7.144450 0.885116
3.442781 6.267070 0.735147
4.572196 5.278926 0.589280
7.122808 2.116664 0.018484
8.109835 0.467623 -0.182663
8.454640 -0.122626 -0.237713
10.130167 -4.244906 -0.260068
10.178608 -5.731700 -0.182579
9.871345 -7.517144 -0.133599
9.181860 -8.797560 0.065350
8.112829 -9.600322 0.335282
6.526822 -10.056268 0.542807
5.160018 -9.977864 0.713694
3.691063 -9.453753 0.912279
2.136091 -8.685822 1.120188
1.844976 -8.500192 1.177972
0.548415 -7.764467 1.283113
-2.420718 -5.384079 0.980985
-4.134898 -3.924157 0.583589
-6.222425 -1.741116 0.105128
-7.240827 -0.340463 -0.323558
-7.886874 0.733661 -0.525944
-8.776009 2.518738 -0.909831
-8.905105 2.673666 -0.989156
-9.494822 4.377121 -1.311448
-9.576166 4.633644 -1.406023
-9.623135 4.804086 -1.419328
-8.914394 7.330132 -1.054273
-6.787315 8.204420 -0.819483
-4.915241 8.255091 -0.528194
-2.621274 7.914163 -0.145906
-0.965347 7.389008 0.008084
0.491684 6.819459 0.135721
1.737905 6.219670 0.218565
3.052783 5.471278 0.234534
4.372597 4.503749 0.231795
4.604591 4.377760 0.248521
4.604591 4.377760 0.248521
5.702836 3.382466 0.273242
6.587467 2.301826 0.257467
7.209601 1.311876 0.275743
7.209601 1.311876 0.275743
8.575848 -1.745494 0.016901
8.822141 -3.046388 -0.119124
9.086948 -4.111694 -0.192866
9.059459 -4.294789 -0.189660
9.069191 -4.499750 -0.201970
8.745757 -6.852058 -0.483459
8.571745 -7.417713 -0.593661
8.478871 -7.601444 -0.647330
7.516287 -8.272389 -0.996702
6.769837 -8.225140 -1.108643
6.654871 -8.271524 -1.139487
4.747573 -8.019484 -1.391406
3.508027 -7.812955 -1.423670
2.239507 -7.318338 -1.546383
0.950433 -6.798436 -1.543703
-0.432742 -6.115323 -1.554822
-1.755742 -5.580220 -1.597714
-3.506259 -4.722898 -1.658369
-5.305812 -3.723525 -1.673728
-6.995423 -2.718466 -1.763374
-9.005737 -0.874556 -1.996819
-10.216294 0.816626 -2.096409
-10.989326 2.560389 -2.006924
-11.130434 2.943952 -1.932742
-11.260262 4.123485 -1.788286
-11.256090 4.265025 -1.736478
-10.622260 6.109805 -1.210842
-9.940277 6.810397 -0.819175
-9.664105 6.983940 -0.705233
-8.946277 7.390099 -0.307748
-8.181239 7.692609 0.071325
-7.271036 7.900246 0.364201
-5.676630 7.948128 0.545574
-3.076406 7.562783 0.830728
-0.444070 6.770350 0.955608
-0.236938 6.662940 0.938320
1.326114 5.926092 0.944502
3.101291 4.915324 0.920149
4.617170 3.998819 0.865109
5.667987 3.238276 0.801544
6.981021 2.342072 0.736251
7.940508 1.495902 0.626184
8.807638 0.563016 0.507732
9.609628 -0.360203 0.387649
10.236091 -1.446883 0.240403
10.724099 -2.476968 0.062363
11.162689 -3.595329 -0.043188
11.431419 -4.522495 -0.169791
11.208955 -6.418964 -0.498980
10.614893 -7.377472 -0.650496
10.024012 -8.122934 -0.724532
9.089733 -8.948352 -0.589555
8.389550 -9.512209 -0.525584
7.289661 -10.037543 -0.520388
6.149846 -10.345628 -0.537904
4.788603 -10.365938 -0.491565
3.283832 -10.187672 -0.426742
1.950491 -10.049544 -0.418353
0.861124 -9.820711 -0.392968
-0.758317 -9.267082 -0.401336
-2.130865 -8.709333 -0.426749
-3.674825 -7.948811 -0.461004
-4.464806 -7.360797 -0.490475
-7.072395 -5.426505 -0.597178
-7.072395 -5.426505 -0.597178
-9.372887 -2.814722 -0.552752
-9.563076 -2.352764 -0.534658
-10.121862 -1.582878 -0.505850
-11.045828 1.217992 -0.207118
-11.131206 1.713170 -0.102727
-11.231328 2.922016 0.094234
-11.101679 4.708996 0.346292
-10.954203 5.936188 0.510799
-10.216367 8.470792 0.841981
-9.680636 9.116339 0.925906
-7.348299 10.370664 0.907146
-6.726787 10.488045 0.921516
-5.200843 10.404261 0.914085
-3.909767 10.008981 0.870031
-2.569671 9.416921 0.772349
-1.534935 8.809072 0.704208
0.102701 7.745585 0.555883
1.200708 6.905572 0.480789
2.362398 5.869969 0.456021
3.691244 4.575174 0.394177
6.020371 1.810268 0.371366
7.072858 0.262532 0.421310
8.273343 -1.897476 0.590832
9.093208 -3.555032 0.726884
9.679450 -5.122664 0.796638
9.923679 -6.322456 0.816781
10.016471 -7.343073 0.778043
9.900719 -8.387609 0.675983
9.729184 -9.219183 0.563536
9.322051 -10.027794 0.455546
8.907366 -10.671099 0.303586
7.749897 -11.248240 0.464331
6.697074 -11.477204 1.686776
5.313330 -11.302461 2.325501
2.853466 -10.195673 2.638742
1.514711 -9.222705 3.178841
-0.354197 -8.042639 3.815104
-1.720592 -7.028977 3.973284
-3.221438 -5.963918 3.969912
-4.341058 -5.329830 4.050344
-5.905542 -4.326070 4.063162
-6.966112 -3.236282 3.965320
-7.888251 -1.776472 3.711362
-8.175951 -1.280722 3.632119
-8.729607 0.411686 3.335640
-9.141898 2.906604 2.858916
-9.117276 4.452234 2.494564
-9.091731 5.609744 2.247689
-8.964798 6.497251 2.224805
-8.805073 7.397407 2.256556
-8.724533 8.070047 2.162734
-8.100577 9.072225 1.898797
-7.847722 9.192948 1.844984
-6.457538 9.358787 1.747542
-5.216781 9.081140 1.611020
-3.835499 8.625706 1.399230
-2.106741 8.002282 1.292473
-0.914194 7.263139 1.269666
0.155889 6.423980 1.252295
1.634462 5.084454 1.250607
3.355048 3.113477 1.304756
5.211652 0.962795 1.361435
5.568360 0.490813 1.383658
7.613211 -2.828605 1.438592
8.312061 -4.618653 1.508747
8.484511 -5.966062 1.587376
8.273998 -7.841020 1.788750
7.695181 -9.183806 1.976743
7.097484 -10.161983 2.158457
6.452618 -10.673308 2.566052
5.726640 -10.707588 2.873589
4.305491 -10.319957 3.264617
2.075513 -9.308875 3.782402
0.549068 -8.437267 4.047146
-0.907427 -7.363902 4.316549
-2.488397 -6.192878 4.616481
-4.496271 -4.248986 4.943813
-4.846490 -3.845920 4.954142
-7.157555 -0.679950 5.006682
-8.311768 1.324096 5.205722
-8.571677 2.806511 5.320710
-8.715197 4.342347 5.358699
-8.685636 5.711000 5.464499
-8.455306 7.457319 5.183365
-8.115073 8.530549 4.875189
-7.532107 9.131986 4.535048
-7.209919 9.226880 4.439289
-5.018553 8.991934 3.849276
-3.476023 8.169682 3.506405
-1.981478 6.914703 3.128052
-0.345486 5.509875 2.757876
0.858447 4.374926 2.553807
2.907033 2.471857 2.318431
4.427550 0.887100 2.279447
5.853360 -0.782724 2.242255
6.952059 -2.483078 2.190567
7.725048 -4.573086 2.333317
8.005706 -6.554650 2.590213
7.940535 -8.036280 2.949786
7.747939 -9.378338 3.222027
7.154487 -10.631558 3.562799
6.447042 -11.234702 3.924219
5.463152 -11.507978 4.345267
4.330749 -11.450207 4.689600
4.179298 -11.397486 4.735465
3.748226 -11.358727 4.778011
2.616192 -10.909911 5.048573
1.617216 -10.340914 5.264248
0.226715 -9.569049 5.551708
-2.329732 -7.730332 5.680278
-3.672974 -6.663296 5.582185
-5.210775 -5.340533 5.634761
-6.570571 -4.116461 5.612375
-7.544592 -2.938164 5.555389
-8.390754 -1.841091 5.559892
-8.881303 -0.797549 5.674479
-9.277170 0.312623 5.733949
-9.513165 1.591978 5.738558
-9.662363 2.805548 5.654296
-9.703566 4.418245 5.638229
-9.595401 5.729620 5.611510
-9.412654 7.035646 5.562980
-9.075446 8.265458 5.554007
-8.492185 9.451771 5.445420
-6.390671 10.873139 5.117250
-5.001217 10.899235 4.682633
-3.816906 10.351007 4.279737
-3.348527 10.053968 4.166022
-1.304670 8.253587 3.598331
0.895367 5.836584 3.162988
2.419401 4.039406 2.967740
2.940029 3.329275 2.896306
4.948743 0.689776 2.789886
6.732449 -2.137413 2.760114
7.653896 -4.449871 2.893730
7.926772 -6.401137 3.011451
8.030946 -8.101741 3.245851
7.760237 -10.023068 3.693692
7.280519 -11.561807 4.199189
7.120921 -11.932502 4.316469
5.233836 -13.434324 5.376071
3.771319 -13.601067 5.738064
2.228967 -13.011168 6.242669
1.712658 -12.732833 6.334673
-0.637327 -11.213289 6.750257
-2.145727 -10.125653 6.910327
-4.755228 -7.708276 7.086018
-6.118244 -6.099903 7.089321
-9.005132 -1.337940 7.081004
-9.218450 -0.898171 7.069571
-9.688968 3.617253 7.127971
-9.700978 5.332720 7.111007
-9.543118 5.923545 7.085890
-9.058000 8.352573 7.134381
-8.694629 9.361119 7.110142
-7.480972 10.366336 7.200270
-6.474754 10.578498 6.881467
-5.628814 10.441780 6.762090
-4.540461 10.160851 6.558295
-3.770282 9.860930 6.551001
-1.793849 8.502349 6.303804
-0.591722 7.490198 6.082733
1.020197 5.922482 5.620681
2.229284 4.735732 5.448997
3.468198 3.248182 5.283588
4.528859 1.949367 5.177875
5.497313 0.605578 5.096322
6.252200 -0.484340 5.024825
7.054420 -1.765465 5.079455
7.450424 -2.986092 5.048224
8.106124 -5.421246 5.245648
8.186657 -6.712568 5.339165
8.034702 -7.967829 5.520382
7.852630 -9.125295 5.686654
7.082887 -10.748350 6.076597
5.613938 -12.564267 6.617625
4.510131 -12.848873 6.922621
4.034278 -12.877259 7.036583
2.057909 -12.537148 7.352279
-0.720838 -11.059188 7.710514
-2.710468 -9.746104 7.852264
-5.051431 -7.932460 7.882151
-6.600774 -6.192540 7.875275
-7.183547 -5.465420 7.930502
-8.213872 -4.011835 7.854707
-8.417896 -3.792457 7.827180
-9.776535 -0.856362 7.734579
-9.803007 -0.617579 7.677609
-9.803007 -0.617579 7.677609
-9.803007 -0.617579 7.677609
-9.803007 -0.617579 7.677609
-9.803007 -0.617579 7.677609
-10.184055 0.507402 7.801651
-9.045768 6.999327 7.252267
-7.573076 7.506498 7.080065
-6.395458 7.699098 6.949484
-1.395301 7.982077 6.078742
-0.227809 7.486921 5.875361
1.225916 6.706796 5.692024
2.615030 5.712574 5.649478
4.048663 4.549784 5.333938
5.194035 3.398051 5.100295
6.388819 2.128491 4.942670
7.455164 0.830330 4.787595
8.153419 -0.466353 4.585362
9.027842 -2.978097 4.351411
9.421151 -4.327690 4.331855
9.433894 -5.828475 4.347957
9.157035 -7.133537 4.389998
8.541397 -8.207360 4.455186
7.867338 -9.170925 4.551895
7.187889 -10.018187 4.641989
5.943848 -10.916937 4.850519
4.405748 -11.546798 5.015789
2.600393 -11.761717 5.175936
2.237725 -11.628426 5.277376
0.765785 -11.202866 5.393387
-0.419779 -10.802822 5.446743
-2.365508 -9.846019 5.567223
-3.817863 -8.942416 5.688767
-5.003513 -8.008880 5.783440
-6.315725 -6.965611 5.805033
-7.123740 -6.125814 5.815005
-8.376097 -4.560475 5.848100
-9.337017 -3.229888 5.828552
-10.189368 -1.743407 5.782836
-10.660165 -0.479891 5.717478
-11.279559 2.603258 5.549064
-11.291357 3.871605 5.538497
-11.048999 5.056430 5.463467
-10.733050 6.105888 5.380482
-10.259157 6.949649 5.310653
-9.629566 7.680009 5.210339
-8.867116 8.303448 5.159921
-7.999979 8.630620 5.007977
-7.080897 8.801840 4.880210
-5.456513 8.662903 4.467822
-4.715035 8.506034 4.242078
-4.352296 8.383767 4.137417
-1.808333 7.002686 3.584542
-0.848407 6.297543 3.371502
0.383639 5.357490 3.173049
1.833132 4.175663 2.894941
2.920317 3.032158 2.755465
3.997998 1.858709 2.604350
4.719973 1.044987 2.455601
5.908947 -0.192833 2.335332
6.914704 -1.270426 2.191065
8.316868 -3.676599 2.197610
8.755113 -4.834753 2.258175
8.967640 -5.665504 2.252318
9.093773 -6.488959 2.313012
9.254659 -7.870744 2.465812
9.094712 -8.726586 2.607203
8.833806 -9.567900 2.730362
8.446612 -10.477048 2.819995
7.917802 -10.982164 2.972025
7.305347 -11.390733 3.229264
6.591597 -11.794476 3.465852
3.144030 -11.574880 4.283892
0.145834 -10.058757 4.379655
-0.265730 -9.767022 4.445861
-4.945765 -6.277555 4.733106
-7.231872 -4.220978 5.142065
-7.911528 -3.487637 5.190894
-10.642322 0.749602 5.584820
-10.805154 1.204238 5.627098
-10.922225 5.474258 6.035336
-10.799062 5.986076 6.022482
-10.448442 7.354952 5.997300
-10.286297 7.886204 6.006234
-9.626578 9.266618 6.001713
-8.882037 9.848336 5.950897
-8.186609 10.104070 5.918433
-7.258726 10.280727 5.762006
-6.576561 10.230747 5.653016
-5.708370 10.073434 5.481335
-4.614662 9.662674 5.196737
-3.148515 8.829853 4.805665
-2.323612 8.230766 4.571355
0.245885 6.030288 3.839710
1.277787 4.974719 3.568778
2.451367 3.707032 3.308518
3.439525 2.513176 3.164928
4.556416 1.199417 2.989794
5.730023 -0.281634 2.828483
6.562794 -1.376969 2.761812
7.579607 -2.954161 2.736732
8.127207 -4.225933 2.736382
8.606610 -5.517885 2.789896
8.877168 -6.620996 2.850057
8.877168 -6.620996 2.850057
8.810003 -9.086852 3.088590
8.687790 -10.175393 3.233541
8.679003 -10.327574 3.240524
8.392298 -11.880391 3.614862
8.392298 -11.880391 3.614862
7.066910 -13.280355 4.121260
7.066910 -13.280355 4.121260
5.989078 -13.749686 4.453182
4.989644 -13.878341 4.705422
4.075574 -13.731655 4.828304
2.920585 -13.420770 4.964760
1.430908 -12.905876 5.121318
-0.087371 -12.044282 5.267401
-1.174500 -11.265411 5.269534
-1.174500 -11.265411 5.269534
-2.549526 -10.203569 5.297748
-5.455167 -7.698189 5.477248
-5.455167 -7.698189 5.477248
-6.455875 -6.627509 5.635218
-7.586806 -5.087694 5.871886
-8.533841 -3.673987 5.944609
-9.404595 -2.191474 6.039341
-9.904359 -0.756404 6.197639
-10.432686 1.099494 6.372150
-10.575458 2.555048 6.541494
-10.689271 3.955024 6.624494
-10.634415 5.090151 6.662450
-10.547490 6.427371 6.704285
-10.108916 9.350190 6.908886
-9.499723 10.305320 6.986460
-8.931742 11.021729 7.004507
-7.958263 11.732183 7.014534
-7.112400 11.986753 6.898765
-6.287279 11.995652 6.815356
-5.275702 11.765740 6.643384
-4.042036 11.356692 6.360852
-2.924131 10.709697 6.097548
-1.815461 9.920191 5.748340
-0.620160 8.740671 5.377364
0.542558 7.476645 5.072010
1.722281 6.258609 4.729394
2.920844 4.901624 4.483337
3.951407 3.466289 4.221672
4.908638 2.048720 4.048064
5.772330 0.619626 3.957416
6.554061 -0.775725 3.856481
7.305909 -2.274277 3.733072
7.734090 -3.599030 3.749132
8.229837 -4.784189 3.750358
8.289415 -6.074764 3.852193
8.278956 -7.457785 3.962949
8.190666 -10.017900 4.297231
7.905232 -11.306803 4.512456
7.532599 -12.391660 4.725565
7.171642 -13.361647 4.946672
6.630832 -14.209149 5.239705
5.646118 -14.756137 5.484091
4.464010 -14.900444 5.669998
3.094242 -14.986242 5.854045
1.901564 -14.884553 6.061953
0.567439 -14.502527 6.242576
-0.569529 -13.948140 6.336158
-1.957898 -13.182994 6.390300
-3.476390 -12.025010 6.408817
-6.113040 -9.775461 6.459794
-7.184057 -8.673581 6.553016
-8.492883 -7.082086 6.829682
-9.646221 -5.256144 7.067193
-10.362842 -3.578832 7.239813
-10.744026 -1.899154 7.135695
-10.980417 0.130016 7.397547
-10.767612 3.409810 7.717363
-10.456199 4.932822 7.779091
-10.180872 6.121671 7.938687
-9.557160 7.673335 8.148990
-8.940217 8.852377 8.274528
-8.202929 9.872562 8.391580
-7.497821 10.453011 8.445297
-6.823888 10.758463 8.482450
-4.801670 11.264850 8.339332
-3.753663 11.130907 8.176077
-2.206391 10.509228 7.933957
-1.080625 9.980521 7.733133
0.228309 9.065685 7.460712
1.613389 8.083181 7.195697
2.532394 6.878109 6.899718
3.309565 5.827543 6.658072
5.185492 3.284464 6.191523
5.974889 2.081237 5.986382
6.761870 0.840981 5.868422
7.242327 -0.336875 5.795015
7.242327 -0.336875 5.795015
7.590137 -1.705620 5.710274
7.734352 -3.081919 5.717343
7.825538 -4.446634 5.736678
7.799291 -5.428866 5.796074
7.723279 -6.562842 5.984744
7.328396 -8.188864 6.302437
6.604301 -10.318235 6.444838
6.002966 -11.362675 6.538108
6.002966 -11.362675 6.538108
5.199116 -12.295469 6.654425
3.393742 -13.418207 6.806259
2.115922 -13.648683 6.881073
-0.045930 -13.720159 7.006381
-3.175442 -12.811085 7.043790
-5.298587 -11.678076 7.254081
-6.965016 -10.262243 7.509171
-8.335849 -8.804840 7.747784
-8.808560 -8.246856 7.807728
-9.730198 -6.893178 7.852969
-10.893517 -4.196119 7.914795
-11.098873 -2.829083 7.922035
-10.959659 0.249488 8.080834
-10.723277 1.569414 8.153703
-9.578106 5.717791 8.392432
-9.340293 6.115179 8.429225
-8.506576 7.306704 8.553466
-6.865436 8.811068 8.734024
-6.142633 9.202545 8.771297
-3.300363 9.574176 8.545863
-2.710402 9.458926 8.489863
-1.612175 9.115081 8.313995
2.059425 7.082225 7.732149
2.599201 6.617616 7.639265
3.703755 5.714264 7.438120
6.281181 2.193201 6.744520
7.147259 0.575946 6.533977
7.364343 0.201147 6.430372
7.866354 -1.067521 6.341353
8.168454 -3.225016 6.236962
8.122214 -4.389372 6.259875
7.174336 -7.405925 6.347985
6.914336 -7.816032 6.380271
6.262811 -8.744274 6.392587
4.684640 -10.065207 6.398188
3.867691 -10.528700 6.383584
0.232148 -11.179239 6.389031
-0.234412 -11.137294 6.364695
-2.110674 -11.224271 6.370333
-3.212362 -11.090673 6.348729
-6.714655 -9.411829 6.350780
-7.286280 -9.081243 6.351724
-10.334574 -5.827996 6.291955
-11.131013 -3.352242 6.204686
-11.254442 -2.521090 6.188467
-11.353088 -1.245328 6.077974
-10.898435 2.433745 5.728650
-10.803350 2.640526 5.687485
-10.685059 3.086739 5.674804
-9.347502 5.413463 5.259704
-8.555329 6.477605 4.961939
-7.619296 7.271524 4.761227
-6.751579 7.814339 4.691784
-5.766187 8.137952 4.586611
-5.766187 8.137952 4.586611
-4.564232 8.242830 4.494911
-2.500296 8.166998 4.397050
-1.516836 7.922735 4.239922
-0.316914 7.657985 3.917367
0.798542 7.205084 3.552524
1.741757 6.713406 3.194553
2.846359 5.918857 2.808673
3.685910 5.022805 2.344921
5.502787 2.420588 1.429152
6.086968 1.021167 0.958472
6.260863 0.564301 0.824706
6.577225 -0.480976 0.554265
7.395446 -3.180024 0.115781
7.508753 -6.136571 -0.396629
7.106570 -7.452149 -0.663454
6.941753 -7.693881 -0.716054
6.328364 -8.276480 -1.074823
5.663380 -8.538889 -1.338913
5.030778 -8.661468 -1.591369
4.368027 -8.640534 -1.754741
3.270463 -8.490244 -1.939416
2.283001 -8.110259 -2.117311
1.023082 -7.710396 -2.420957
-0.205018 -7.167637 -2.648892
-1.332419 -6.704858 -2.810544
-2.480570 -6.240970 -2.849435
-3.630668 -5.725146 -2.730720
-4.613008 -5.120316 -2.474337
-5.295889 -4.435354 -2.188650
-5.870204 -3.728020 -1.979884
-6.334366 -3.051620 -1.861858
-6.866679 -2.369359 -1.801113
-7.413764 -1.658915 -1.701857
-7.847304 -0.782265 -1.507613
-8.091821 0.116954 -1.248533
-8.265870 0.927150 -1.091124
-8.510226 1.569153 -0.949271
-8.578119 2.395205 -0.719135
-8.465311 2.958071 -0.510747
-8.266077 3.555286 -0.448300
-8.185115 4.205034 -0.346483
-8.042733 4.775163 -0.247851
-7.753169 5.226010 -0.139398
-7.314219 5.615610 0.007132
-6.456522 6.175639 0.057873
-5.266837 6.636263 0.027277
-5.046799 6.743541 0.047568
-3.670661 6.810709 0.098360
-1.870555 6.339522 0.215296
-0.846791 5.910320 0.090486
-0.390088 5.541792 0.021088
0.849495 4.401407 -0.017554
1.569401 3.535853 -0.043277
2.044309 2.590210 -0.055241
2.204833 1.553542 -0.063682
2.300336 1.263758 -0.094568
2.439945 -0.429318 -0.072246
2.092836 -1.404938 -0.369461
1.723159 -2.015975 -0.620563
1.543295 -2.332892 -0.792287
1.480804 -2.945590 -1.036446
0.881817 -3.746829 -1.151446
0.293361 -3.973027 -1.241400
0.029782 -4.141358 -1.340990
-0.403073 -4.139690 -1.156346
-1.031503 -4.033440 -1.022048
-1.565729 -3.733747 -0.987886
-1.684706 -3.602624 -0.981721
-2.017599 -3.185824 -0.969051
-2.558468 -2.663357 -0.914032
-2.969931 -2.078087 -0.944409
-3.182029 -1.551769 -0.932571
-3.319531 -1.236467 -0.903531
-3.406535 -1.140107 -0.921829
-3.445555 -0.952305 -1.077084
-3.356609 -0.739290 -1.066130
-2.767150 -0.123396 -0.897975
-2.788350 0.116233 -0.829834
-2.752864 0.421001 -0.906435
-2.656982 0.496632 -0.862910
-2.737065 0.757211 -0.841951
-2.940241 1.097979 -0.574973
-2.744106 1.193099 -0.463210
-2.756759 1.224128 -0.457402
-2.649716 1.262666 -0.436338
-2.651099 1.284403 -0.399853
-2.554404 1.374781 -0.369029
-2.554404 1.374781 -0.369029
-2.598922 1.443183 -0.314285
-2.632613 1.470852 -0.337236
-2.497516 1.522812 -0.370176
-2.345263 1.529606 -0.341904
-2.280459 1.477667 -0.276454
-1.781337 1.199088 -0.117413
-1.926220 0.981371 -0.138952
-1.807486 0.731644 -0.223966
-1.663459 0.477037 -0.315493
-1.722120 0.223296 -0.468660
-1.698626 -0.080102 -0.708573
-1.577226 -0.139470 -0.727187
-1.379557 -0.460456 -0.865488
-1.257267 -0.785698 -0.940294
-1.194534 -1.079620 -1.026586
-1.142892 -1.331844 -1.066117
-0.827651 -1.584587 -1.055959
-0.827651 -1.584587 -1.055959
-0.748226 -1.751936 -1.021545
-0.896950 -2.024534 -1.030034
-1.149889 -2.570508 -1.120021
-1.224120 -2.575279 -1.109530
-1.351829 -2.784352 -1.091011
-1.347261 -2.919086 -1.099513
-1.444546 -3.203192 -1.100775
-1.345826 -3.253561 -1.058507
-1.562097 -3.405206 -1.088089
-1.842612 -3.497200 -1.007489
-2.153000 -3.477268 -0.767210
-2.093378 -3.462480 -0.710508
-2.385368 -3.410040 -0.577160
-2.625392 -3.289582 -0.445366
-3.035742 -2.939995 -0.132387
-3.560909 -2.279957 0.167714
-4.133582 -1.741466 0.396667
-4.372697 -1.115482 0.578517
-4.397253 -0.530425 0.724840
-4.839258 -0.018220 0.845617
-5.141703 0.645452 0.980310
-5.290478 1.197799 1.064805
-5.505125 1.648560 1.102679
-5.837348 1.970080 1.129080
-5.826800 2.023547 1.033844
-5.630324 1.902434 0.903762
-5.593055 1.796869 0.875278
-5.371958 1.509016 0.751889
-5.101070 1.059682 0.698725
-4.655386 0.298937 0.550203
-4.577286 0.220654 0.557977
-3.989745 -0.388285 0.546577
-3.295734 -0.932327 0.463671
-2.637654 -1.649000 0.452559
-1.163140 -2.756373 0.420145
-0.917169 -2.918155 0.426289
1.209375 -4.191758 0.331735
2.308526 -4.528684 0.265189
3.387691 -4.735061 0.322946
4.166570 -4.774887 0.364016
4.669174 -4.657774 0.393261
4.989890 -4.297766 0.514469
5.291562 -4.114871 0.565126
5.375500 -4.027029 0.623463
5.341882 -3.252347 0.584825
5.279086 -3.028899 0.634307
4.766122 -2.802328 0.649772
4.015224 -2.584896 0.666140
3.275924 -2.494765 0.779096
2.480602 -2.453834 0.821374
2.122810 -2.461827 0.828923
0.684488 -2.340496 0.914350
-0.168836 -2.240833 0.869351
-1.869383 -2.153107 0.687672
-2.859957 -1.984643 0.601104
-4.521008 -1.885876 0.437107
-5.345381 -1.779637 0.410185
-6.841483 -1.665065 0.152752
-7.500118 -1.614007 -0.104149
-7.779558 -1.739128 -0.377568
-7.784006 -2.058541 -0.308510
-7.728707 -2.242544 -0.229267
-7.585975 -2.584940 -0.189344
-7.350858 -2.876365 -0.165518
-6.917827 -3.287695 -0.133136
-6.461062 -3.479633 -0.128878
-5.648019 -3.753997 -0.252263
-5.176846 -4.011700 -0.361475
-3.966887 -4.475134 -0.509685
-3.164372 -4.709471 -0.587760
-2.879234 -4.794335 -0.585070
-1.569573 -5.125461 -0.460801
-0.588009 -5.316671 -0.271587
-0.294788 -5.377293 -0.244157
0.211089 -5.501055 -0.121813
1.980367 -5.716700 0.142827
2.815655 -5.771469 0.415606
3.526394 -5.823966 0.704971
4.323292 -5.665352 0.887478
4.926438 -5.541352 1.013432
5.427530 -5.359389 1.059556
5.862133 -5.135756 1.188801
5.993525 -5.024443 1.248796
6.743963 -4.280127 1.423949
7.127444 -3.888670 1.571099
7.361189 -3.435200 1.679228
7.599250 -2.913148 1.700863
7.598128 -2.396319 1.735613
7.444935 -1.778218 1.744030
7.386744 -1.635676 1.735219
7.064146 -0.948233 1.720347
6.496156 -0.149353 1.512894
5.893813 0.362670 1.609762
5.383100 0.718001 1.691990
4.747341 1.124163 1.756851
4.151920 1.445831 1.783705
3.319073 1.688279 1.724399
2.579661 1.916737 1.709550
1.622298 2.066646 1.737858
0.573315 2.118687 1.763312
-0.040940 2.163507 1.703307
-0.938041 2.142379 1.558612
-1.625982 2.025426 1.412196
-2.364222 1.896217 1.237365
-2.962191 1.755038 1.111574
-3.626247 1.522077 0.895632
-4.123038 1.341900 0.724941
-4.828807 1.160262 0.539604
-5.286519 0.983439 0.393470
-5.638486 0.860692 0.319643
-6.123449 0.688363 0.080686
-6.439993 0.486564 -0.307234
-6.439993 0.486564 -0.307234
-6.788877 0.346461 -0.704962
-7.029603 0.123318 -1.043937
-7.261520 -0.127429 -1.222200
-7.456492 -0.300049 -1.211619
-7.469265 -0.619159 -1.110812
-7.361165 -1.315219 -0.925145
-7.242204 -1.678288 -0.912212
-7.149386 -1.779663 -0.863441
-6.892234 -2.131699 -0.819233
-6.645501 -2.493832 -0.686867
-6.217560 -2.835889 -0.565169
-5.779061 -3.188962 -0.478824
-5.300133 -3.530920 -0.541752
-4.750197 -3.911496 -0.582548
-4.123273 -4.285176 -0.667007
-3.629864 -4.576762 -0.795547
-3.096319 -4.855876 -0.756122
-2.644051 -5.031996 -0.640409
-2.644051 -5.031996 -0.640409
-2.113308 -5.122628 -0.587420
-1.660979 -5.196323 -0.503099
-0.840514 -5.252808 -0.329817
-0.146011 -5.300910 -0.144757
0.404481 -5.239719 0.083522
1.002744 -5.080025 0.271747
1.606785 -4.776202 0.558935
2.078613 -4.450801 0.802081
2.078613 -4.450801 0.802081
2.592941 -4.159153 0.962591
3.023776 -3.671265 1.104560
3.330108 -3.269087 1.113561
3.438581 -2.802715 1.133403
3.620008 -2.281870 1.329842
3.820640 -1.840558 1.512243
4.013526 -1.310445 1.721299
3.839645 -0.791462 1.894695
3.701620 -0.299804 2.019817
3.561004 0.203663 2.155732
3.561004 0.203663 2.155732
3.327343 0.759154 2.102180
3.079359 1.166738 2.075852
2.798328 1.563540 1.941356
2.503550 2.000177 1.827497
2.123826 2.362632 1.745558
1.851098 2.650301 1.598875
1.522816 2.937410 1.356624
1.017291 3.112554 1.214474
0.426099 3.289878 1.094946
-0.011691 3.362687 1.001354
-0.604933 3.431271 0.964964
-1.216799 3.386907 0.936134
-1.754301 3.335744 0.866810
-2.271578 3.113669 0.803006
-2.271578 3.113669 0.803006
-2.594602 3.014894 0.771312
-3.151704 2.840958 0.640506
-3.563288 2.676600 0.566506
-4.380435 2.172325 0.386311
-4.702434 1.957346 0.257774
-5.536880 1.298258 -0.264614
-5.624229 1.188539 -0.302395
-5.785341 0.740307 -0.573222
-5.894324 0.182129 -0.830010
-5.839483 0.048187 -0.774418
-5.787975 -0.490675 -0.857523
-5.442656 -1.118017 -0.895204
-5.389757 -1.217742 -0.902661
-4.757872 -1.705664 -0.824883
-3.978410 -2.120416 -0.722512
-3.720026 -2.237065 -0.636412
-3.101502 -2.456738 -0.588045
-2.511387 -2.649991 -0.520234
-1.426982 -3.042033 -0.371943
0.195309 -3.386526 -0.188812
1.144754 -3.484711 -0.001999
1.936651 -3.514133 0.150739
2.283072 -3.500707 0.221554
2.945745 -3.465507 0.323090
3.411180 -3.373113 0.381804
3.812688 -3.335806 0.489092
4.333291 -2.693866 0.574555
4.349188 -2.529442 0.572817
4.518163 -2.121530 0.593829
4.266651 -1.406667 0.595353
4.166342 -0.984405 0.613600
3.932056 -0.485928 0.603696
3.525718 0.075166 0.590196
3.538877 0.148756 0.580312
3.357239 0.330789 0.556666
2.506780 0.921123 0.480417
1.918642 1.125954 0.396771
0.632875 1.484058 -0.098106
0.077536 1.683416 -0.294059
-0.318690 1.772575 -0.422360
-0.628428 1.737650 -0.416523
-0.809150 1.685477 -0.452039
-1.106350 1.609205 -0.434848
-1.777764 1.351504 -0.543909
-1.927436 1.318345 -0.640491
-1.977306 1.238072 -0.729954
-2.092267 1.151530 -0.884761
-2.052658 1.172404 -0.851416
-1.979306 1.127589 -0.912762
-1.620162 0.752971 -0.899125
-1.446401 0.599401 -0.889911
-1.441768 0.498204 -0.885377
-1.111273 0.067458 -0.816736
-0.772560 -0.405122 -0.746054
-0.752381 -0.436216 -0.757910
-0.128622 -1.212298 -0.814979
0.202395 -1.488494 -0.797985
0.613823 -1.782133 -0.695364
0.837338 -2.005858 -0.695182
1.080000 -2.196932 -0.610420
1.271532 -2.279921 -0.552011
1.584329 -2.435443 -0.488871
1.680199 -2.542352 -0.441589
1.828556 -2.615544 -0.472104
1.943454 -2.682931 -0.474755
1.899986 -2.709079 -0.446613
2.032634 -2.717073 -0.439345
2.126926 -2.697844 -0.463997
2.117809 -2.719584 -0.461306
2.089264 -2.774855 -0.499827
2.218869 -2.735686 -0.531444
2.198054 -2.657533 -0.538097
2.208917 -2.581804 -0.513115
2.142531 -2.469685 -0.491050
2.120005 -2.370220 -0.490583
2.127535 -2.330863 -0.491231
2.149408 -2.183190 -0.415429
2.166788 -2.065088 -0.422657
2.087328 -1.907772 -0.400506
2.062128 -1.798113 -0.364108
1.898766 -1.661754 -0.363999
1.828231 -1.500767 -0.403137
1.848661 -1.373830 -0.375585
1.794207 -1.182883 -0.396912
1.579627 -0.996425 -0.441494
1.426248 -0.841039 -0.363410
1.223775 -0.734165 -0.362546
1.017532 -0.586140 -0.369652
0.912649 -0.509849 -0.355454
0.719430 -0.343302 -0.426549
0.614981 -0.303648 -0.428004
0.453055 -0.186552 -0.432618
0.398628 -0.157359 -0.423400
0.266741 -0.048225 -0.457127
0.215088 0.021439 -0.492606
0.166850 0.018718 -0.514059
0.166972 0.072789 -0.489288
0.129169 0.039591 -0.496062
0.154048 0.051813 -0.484676
0.109563 0.024359 -0.500819
0.223085 -0.039793 -0.467067
0.297562 -0.124544 -0.443955
0.337336 -0.225875 -0.423756
0.481141 -0.353614 -0.356567
0.561952 -0.386934 -0.313818
0.862831 -0.567401 -0.146214
0.933926 -0.643410 -0.099484
1.127793 -0.807521 0.043776
1.172917 -0.854975 0.051251
1.369345 -0.948177 0.215592
1.425712 -1.000927 0.198622
1.480778 -1.065467 0.267055
1.481650 -1.109535 0.335577
1.672574 -1.230481 0.391738
1.856346 -1.339270 0.437164
1.997946 -1.512926 0.522566
2.101816 -1.574227 0.551639
2.255074 -1.710036 0.568454
2.344995 -1.828503 0.663873
2.702253 -2.174233 0.828875
2.762189 -2.219882 0.794890
3.113350 -2.591862 0.888899
3.119415 -2.744686 0.860677
3.209073 -2.890308 0.897499
3.273971 -3.067855 0.910389
3.426221 -3.287583 0.974062
3.434138 -3.370132 1.035700
3.458720 -3.385913 0.996915
3.487806 -3.411081 0.998935
3.546116 -3.491662 1.018398
3.496137 -3.537726 0.988958
3.496137 -3.537726 0.988958
3.504441 -3.549258 0.965479
3.235044 -3.388926 0.848937
2.928018 -3.193000 0.743160
2.556114 -3.078718 0.680368
1.933392 -2.774057 0.634188
2.037380 -2.731652 0.696355
2.179192 -2.622449 0.749481
2.171579 -2.482801 0.727721
2.229100 -2.334868 0.745277
2.347496 -2.213704 0.765645
2.307156 -2.064211 0.793948
2.282901 -2.038214 0.781455
2.272068 -1.931678 0.791319
1.954526 -1.643322 0.730304
1.093452 -1.078077 0.548214
1.030280 -0.912273 0.553757
1.017021 -0.726411 0.515245
0.956704 -0.598818 0.491602
0.798099 -0.389290 0.425765
0.737886 -0.374584 0.432774
0.605720 -0.358854 0.281201
0.740080 -0.439307 0.292805
0.985377 -0.616488 0.226250
0.977491 -0.593741 0.154479
0.916031 -0.515465 0.109921
0.921052 -0.574474 0.058864
1.069259 -0.630114 0.084717
1.219952 -0.748765 0.105702
1.260052 -0.760548 0.129098
1.288189 -0.798258 0.096154
1.504451 -0.911431 0.130322
1.364894 -0.849366 0.075560
1.322862 -0.860938 0.153335
1.391299 -0.859262 0.176959
1.460745 -0.933539 0.202240
1.563812 -1.031539 0.186250
1.645109 -1.154990 0.137945
