x y z
0.017303 0.014936 0.012888
0.012859 0.019162 0.038253
-0.083340 0.024998 0.170640
-0.123231 0.038916 0.303307
-0.092267 0.041774 0.289069
-0.074559 0.086600 0.291044
-0.098751 0.145988 0.329736
-0.148350 0.116369 0.308471
-0.175444 0.122871 0.293982
-0.149096 0.168110 0.365110
-0.174718 0.166293 0.323573
-0.116009 0.123054 0.319263
-0.066331 0.126164 0.274685
-0.008292 0.075487 -0.038751
-0.018527 0.043877 -0.021329
-0.065544 0.060085 0.114112
-0.197253 0.066112 0.402827
-0.370958 0.061836 0.627057
-0.386449 0.112357 0.748868
-0.355704 0.088635 0.747179
-0.400922 0.126762 0.754882
-0.384459 0.153728 0.723772
-0.465567 0.374392 0.707836
-0.518604 0.388939 0.754019
-0.598613 0.439866 0.795595
-0.624722 0.414940 0.803592
-0.955255 0.511402 0.853672
-1.011953 0.452480 0.899338
-1.071099 0.403382 0.861468
-1.069622 0.418228 0.822537
-1.009893 0.333317 0.814701
-0.887496 0.361127 0.789888
-0.757805 0.376057 0.808798
-0.591874 0.448832 0.818212
-0.521301 0.430520 0.807264
-0.449107 0.400118 0.813610
-0.422375 0.313817 0.896267
-0.405589 0.258496 0.933422
-0.811493 0.165375 0.954960
-1.049428 0.136707 0.973711
-1.142760 0.102584 1.046105
-1.124240 0.125866 1.003464
-1.099649 0.063177 1.014397
-1.249114 0.323112 0.987571
-1.653802 0.529844 0.954492
-1.597181 0.544683 0.873894
-1.260317 0.377612 0.905639
-1.121893 0.229153 0.929804
-1.090292 0.199244 0.942710
-1.145444 0.154217 0.893187
-1.167114 0.187269 0.873218
-1.056811 0.201037 0.901568
-1.021105 0.191230 0.914791
-0.819713 0.380801 0.908463
-0.754978 0.337060 0.921297
-0.787816 0.301979 0.953025
-0.898550 0.274818 0.952197
-1.148997 0.345804 0.906838
-1.225886 0.378464 0.933828
-1.173029 0.519208 0.863661
-1.172473 0.519816 0.824667
-1.126845 0.504388 0.817591
-0.771231 0.478494 0.831481
-0.550476 0.431273 0.826956
-0.405866 0.414290 0.883816
-0.394513 0.433827 0.900753
-0.618057 0.337870 0.946525
-0.745338 0.219290 1.019517
-0.863318 0.178564 1.034003
-1.083799 0.044110 1.113067
-1.242013 0.023090 1.122884
-1.456795 -0.034391 1.156243
-1.576632 -0.043062 1.163738
-1.507865 -0.025531 1.079032
-1.426672 0.005518 1.104097
-1.224305 0.024189 1.052207
-1.040297 0.037438 1.063333
-0.965558 0.045779 1.051662
-0.919838 0.112273 1.039437
-0.953399 0.120245 1.019894
-0.932901 0.051001 0.952481
-0.958903 0.027506 0.905539
-0.914917 0.040939 0.874054
-0.894477 0.020913 0.796706
-0.858427 0.079054 0.717691
-0.735245 0.086819 0.658217
-0.661660 0.110870 0.554498
-0.644564 0.075530 0.535618
-0.768654 0.087596 0.544234
-0.734318 -0.006717 0.475550
-0.710212 -0.052832 0.391115
-0.740539 -0.075493 0.408251
-0.719258 -0.112091 0.354036
-0.659101 -0.143730 0.354970
-0.800628 -0.147102 0.326343
-0.923558 -0.083664 0.361817
-1.271512 -0.095936 0.311181
-1.371032 -0.206467 0.329634
-1.609082 -0.300501 0.381299
-1.651792 -0.329124 0.372645
-1.626545 -0.316918 0.394872
-1.386035 -0.213536 0.350259
-1.104063 -0.161526 0.379322
-0.886227 -0.155653 0.366168
-0.673561 -0.265548 0.376327
-0.639228 -0.273178 0.317165
-0.776478 -0.330043 0.270957
-1.064120 -0.338110 0.298927
-1.358477 -0.362555 0.323594
-1.673820 -0.406510 0.335119
-1.973444 -0.496045 0.206810
-1.960170 -0.533018 0.153808
-1.544007 -0.419253 -0.036636
-1.098211 -0.223076 -0.189994
-0.757222 -0.164926 -0.298382
-0.189488 -0.091988 -0.409983
0.064720 -0.090935 -0.420588
0.327406 -0.076893 -0.436243
0.281063 -0.352908 -0.263215
0.091853 -0.579571 -0.143992
-0.722005 -0.943955 -0.037615
-1.638442 -1.138603 0.171525
-1.823305 -1.224264 0.163432
-2.095212 -1.254977 0.256400
-2.079276 -1.170004 0.206139
-1.860670 -0.973717 0.162318
-0.730905 -0.635313 -0.115563
-0.241897 -0.662758 -0.344720
0.139526 -0.733572 -0.513530
0.369703 -0.851808 -0.537888
0.461854 -0.970053 -0.524583
0.369978 -1.326140 -0.518017
-0.189374 -1.840162 -0.308261
-0.678403 -1.925453 -0.062735
-0.955576 -1.609988 0.082098
-0.800231 -1.062020 -0.007246
-0.511973 -0.993037 -0.124751
-0.089288 -1.083919 -0.333635
0.133171 -1.152389 -0.411330
0.230406 -1.214148 -0.550421
0.208597 -1.074068 -0.604385
0.309511 -1.067123 -0.545402
0.445051 -0.987496 -0.549649
0.498171 -0.764064 -0.462026
0.598710 -0.759220 -0.453221
0.741462 -0.937788 -0.435457
1.712648 -1.358573 -0.342870
2.724298 -1.587126 -0.309016
2.530511 -1.386165 -0.452814
1.566774 -0.925092 -0.543292
1.096793 -0.572303 -0.508427
2.168834 -0.538975 -0.271492
2.140218 -0.613768 -0.140725
1.375925 -0.625198 -0.060509
1.607625 -0.619657 -0.137181
1.854682 -0.437321 -0.286068
1.601390 -0.233272 -0.456270
1.442038 -0.230547 -0.566033
2.543127 -0.510140 -0.605253
2.901853 -0.572110 -0.731440
2.447522 -0.269599 -0.855789
2.375558 -0.132885 -0.794046
2.325417 -0.019842 -0.721560
2.179223 0.135234 -0.631301
2.007391 0.352204 -0.515104
2.139128 0.251329 -0.448530
1.995784 0.202178 -0.460891
1.732750 0.292175 -0.558768
1.568633 0.480160 -0.598040
0.923584 0.750973 -0.472611
0.688286 0.512154 -0.305704
0.530601 0.392207 -0.256748
0.456518 0.344588 -0.329148
0.324786 0.463482 -0.473250
0.398606 0.417229 -0.486036
0.115701 0.352742 -0.579630
-0.219061 0.351639 -0.632371
-0.337528 0.202587 -0.494948
-0.515042 0.103586 -0.430176
-0.877184 0.190174 -0.309939
-0.887363 0.159116 -0.232952
-0.732782 0.028774 -0.174546
-0.817945 -0.050065 -0.003279
-0.711896 -0.037486 0.088481
-0.626549 -0.071813 0.268649
-0.585693 -0.114344 0.314922
-0.547523 -0.167205 0.339019
-0.546500 -0.332826 0.363469
-0.586973 -0.492703 0.295352
-0.507589 -0.387554 0.372221
-0.538134 -0.253267 0.492823
-0.494834 -0.055386 0.616346
-0.269367 -0.000953 0.642076
-0.147839 0.019051 0.622339
0.035681 0.094752 0.595933
0.100486 0.212110 0.563301
0.127078 0.471643 0.543931
0.269981 0.589381 0.468646
0.387162 0.640452 0.420368
0.327012 0.724557 0.412407
0.332387 0.843044 0.384866
0.317369 1.006040 0.416414
0.371087 0.996950 0.431957
0.418168 1.016916 0.428359
0.605375 0.864143 0.499162
0.706920 0.797128 0.622485
0.692265 0.762399 0.597756
0.747923 0.701962 0.638647
0.707164 0.687924 0.639415
0.636866 0.748795 0.654775
0.517566 0.765079 0.674268
0.410896 0.808636 0.725112
0.587638 0.798814 0.757613
0.620114 0.812549 0.785147
0.622394 0.912766 0.718889
0.594143 1.022089 0.706069
0.526555 1.177106 0.781294
0.442023 1.261616 0.770836
0.449734 1.388070 0.866336
0.464552 1.329066 0.903772
0.482378 1.338683 0.915893
0.488933 1.183978 0.909647
0.496079 1.045645 0.883563
0.535855 0.959803 0.823240
0.508701 0.902132 0.860784
0.550935 0.873850 0.796466
0.656579 0.796930 0.729338
0.625629 0.752486 0.684287
0.583628 0.680512 0.681703
0.597945 0.321625 0.627224
0.570991 0.068831 0.720348
0.597948 -0.139604 0.846962
0.522741 -0.339548 1.027217
0.524368 -0.440870 1.045843
0.531461 -0.551841 1.020033
0.592336 -0.492982 1.053374
0.611233 -0.353654 1.158950
0.633159 -0.228093 1.175035
0.725862 0.048759 1.060561
0.832845 0.169379 1.035864
0.999495 0.285985 0.959520
1.092787 0.361782 0.978019
1.213684 0.491341 0.916454
1.214026 0.497903 0.887287
1.221008 0.422130 0.938666
1.243986 0.323058 0.921941
1.592506 0.190745 0.976289
1.788488 0.114885 1.032741
1.733944 0.072203 1.134195
1.529307 0.023427 1.145567
1.015771 0.023262 1.084213
0.983280 0.082829 1.145455
1.078128 0.107157 1.184318
1.572526 0.045478 1.127504
1.666571 0.062527 1.121645
2.056344 0.115939 1.030699
2.439021 0.431308 0.981429
2.123333 0.483819 1.054350
1.718515 0.387705 1.034413
1.238163 0.397870 0.958927
1.171340 0.388381 0.942723
1.305331 0.375359 0.982464
1.476032 0.573171 0.826085
1.290425 0.813806 0.774350
1.218840 0.924088 0.894172
1.120863 1.151837 0.989205
1.289949 1.080377 1.001594
1.819230 0.704586 1.099744
1.865093 0.417414 1.087762
1.691759 0.262439 1.112167
1.586459 0.162383 1.080305
1.382194 0.132111 1.135415
1.239577 0.069610 1.069857
0.765683 0.069017 0.994239
0.496614 0.142422 0.915281
0.476469 0.151272 0.903945
0.492261 0.161786 0.896911
0.388502 0.142455 0.948469
0.543223 0.160218 0.970619
0.596595 0.229914 0.948752
0.701320 0.310300 0.991620
0.763855 0.309568 1.080164
0.760695 0.271954 1.101357
0.761450 0.252118 1.182250
1.038814 0.199007 1.308540
1.089950 0.164226 1.374952
0.968189 0.199569 1.293290
1.008416 0.383499 1.297431
0.953309 0.505957 1.176565
0.882361 0.641289 0.986803
0.758904 0.810331 0.818770
0.742704 0.854889 0.753847
0.674367 1.190957 0.636510
0.800176 1.339399 0.631664
1.002094 1.362906 0.770582
1.176171 1.220827 0.951349
1.274150 1.055917 1.057164
1.258837 0.796492 1.135187
1.179456 0.478273 1.260840
0.954308 0.138526 1.357734
0.789165 -0.050450 1.384494
0.575171 -0.281739 1.321483
0.423315 -0.282938 1.301682
0.224163 -0.125928 1.276798
0.085588 0.023222 1.189501
0.104964 0.221022 1.121248
0.272546 0.420226 0.998875
0.632718 0.725735 0.946964
0.851624 0.799600 0.805549
1.059495 0.855847 0.768287
1.281653 0.904189 0.694214
1.346233 0.827424 0.744640
1.246159 0.725940 0.821360
1.171673 0.645534 0.866993
0.941217 0.584626 0.930500
0.816346 0.623266 1.038201
0.794732 0.802201 1.184096
0.802270 0.947105 1.223210
0.870172 1.105432 1.190733
0.949916 1.214321 1.139656
1.142604 1.361574 1.104382
1.294111 1.412762 1.000612
1.411779 1.407611 0.884736
1.606465 1.391041 0.825153
1.889849 1.274979 0.679842
1.907749 1.095872 0.745911
1.905086 0.974061 0.787321
1.871947 0.950367 0.867713
1.646993 0.842341 0.810770
1.456828 0.817906 0.873460
1.121349 0.777567 0.874111
0.871685 0.815207 0.971361
0.754317 0.882290 0.945857
0.682416 0.892915 0.907160
0.550254 1.040654 0.955520
0.527463 1.281266 0.973231
0.624040 1.415330 0.997693
0.572280 1.406191 0.998247
0.578801 1.373161 0.991191
0.582803 1.247688 0.931065
0.495367 1.154846 0.788733
0.347170 1.009370 0.670878
0.324178 0.921930 0.610110
0.286364 0.996987 0.574297
0.153813 0.977727 0.496811
0.001084 0.937685 0.541174
-0.037180 1.021390 0.519744
-0.146111 1.054745 0.576633
-0.167761 1.003397 0.662357
-0.157143 0.982481 0.777442
-0.202999 1.036746 0.901472
-0.338065 1.006333 1.034920
-0.376951 1.019540 1.141101
-0.423072 0.890343 1.258070
-0.418910 0.811192 1.217581
-0.466799 0.699838 1.147814
-0.502767 0.657664 1.096042
-0.550015 0.629666 0.982880
-0.499986 0.662357 0.861819
-0.478606 0.720256 0.708334
-0.450601 0.846146 0.594096
-0.452356 0.842934 0.526831
-0.325361 0.938752 0.489833
-0.279580 1.077278 0.567696
-0.174095 1.191194 0.587850
-0.117293 1.337119 0.755526
-0.191218 1.397311 0.887184
-0.248901 1.453004 0.947227
-0.255219 1.482650 1.016274
-0.315551 1.486789 1.017534
-0.434785 1.549478 1.036090
-0.539822 1.677752 0.946610
-0.688270 1.745000 0.792894
-0.776269 1.782483 0.681399
-0.799015 1.932731 0.578494
-0.860037 2.084061 0.506784
-0.900162 2.171564 0.461284
-0.951627 2.258095 0.483628
-0.974836 2.227552 0.458340
-0.892205 2.082152 0.485832
-0.852131 1.962197 0.482154
-0.893817 1.860508 0.563968
-0.988895 1.717123 0.692769
-1.028929 1.607215 0.792146
-1.172913 1.542234 0.957221
-1.278772 1.483825 1.114532
-1.334844 1.428721 1.157098
-1.346313 1.410366 1.172948
-1.401077 1.266537 1.026388
-1.435338 1.199429 0.932906
-1.498929 1.263556 0.953526
-1.417390 1.286079 0.955906
-1.111225 1.290985 0.860031
-0.922677 1.276248 0.773445
-0.973644 1.372828 0.815520
-1.142861 1.378382 0.841873
-1.219701 1.327860 0.813403
-1.317137 1.353985 0.810455
-1.452101 1.309237 0.818505
-1.248169 1.272175 0.844323
-1.216987 1.240340 0.883666
-1.366776 1.497293 0.992216
-1.385344 1.657628 1.036378
-1.271241 1.854530 1.104405
-1.210851 1.885042 1.028919
-1.173266 1.787636 0.972226
-1.199707 1.793865 0.936034
-1.176479 1.529103 0.931279
-1.319220 1.324682 1.037056
-1.306598 1.308339 1.065202
-1.334867 1.154778 0.990902
-1.605484 1.219688 0.974690
-1.788088 1.244550 0.968299
-1.817872 1.229312 0.948028
-1.869392 1.227482 0.952118
-1.831654 1.139035 0.989137
-1.940996 1.104104 1.047549
-2.021879 1.085381 1.185217
-2.051352 1.059454 1.262728
-2.105565 1.118401 1.404610
-2.052923 1.019528 1.586888
-2.121531 0.863318 1.715706
-2.174075 0.717741 1.786467
-2.298299 0.635719 1.752841
-2.365295 0.517794 1.705718
-2.370452 0.437153 1.669710
-2.244291 0.423257 1.536868
-2.152361 0.385098 1.363559
-2.122806 0.449776 1.204233
-2.118002 0.572360 1.068102
-1.991114 0.682984 0.926908
-1.861117 0.809062 0.876940
-1.779543 0.797990 0.805555
-1.726909 0.869202 0.821357
-1.685793 0.860025 0.881225
-1.641031 0.810801 0.958805
-1.523399 0.703026 1.074749
-1.427066 0.544500 1.250708
-1.368614 0.342054 1.388537
-1.325076 0.217310 1.450462
-1.240026 0.064597 1.538264
-1.243378 -0.164625 1.679109
-0.919386 -0.451320 1.791054
-0.240028 -0.741864 1.784723
0.306923 -1.004272 1.680092
0.012582 -0.936226 1.643120
-0.383024 -0.815234 1.398145
-0.219669 -0.872814 1.282621
-0.088354 -1.009859 1.297458
-0.181430 -1.049726 1.309342
-0.439513 -1.045797 1.254992
-0.513610 -1.016837 1.147964
-0.335252 -0.856235 1.021754
-0.097068 -0.715457 0.913978
0.023704 -0.737422 0.770225
0.064804 -0.684049 0.687022
0.085385 -0.650003 0.488125
0.236871 -0.605807 0.329388
0.193089 -0.520960 0.234731
0.084923 -0.534485 0.157487
0.022686 -0.634009 -0.003173
0.010245 -0.582583 -0.117693
-0.226312 -0.515421 -0.117576
-0.363272 -0.529278 -0.141772
-0.450005 -0.583687 -0.124992
-0.701308 -0.690922 -0.142637
-0.845073 -0.774968 -0.130086
-0.882298 -0.850427 -0.148662
-0.943942 -0.986393 -0.072728
-0.943942 -0.986393 -0.072728
-0.971867 -1.051759 0.050602
-0.949023 -0.914976 0.082032
-1.202783 -0.971874 0.205322
-1.589316 -1.124773 0.284307
-1.807232 -1.243259 0.307116
-1.862488 -1.376290 0.383712
-1.968183 -1.433750 0.452986
-2.007348 -1.444448 0.457413
-1.928953 -1.200567 0.427843
-1.800394 -1.035686 0.318227
-1.663124 -0.909629 0.262220
-1.503476 -0.785612 0.130361
-1.273386 -0.708273 -0.058266
-1.125942 -0.601479 -0.264805
-1.085750 -0.498530 -0.481409
-1.206674 -0.429043 -0.612730
-1.500839 -0.275612 -0.671958
-1.561787 -0.037261 -0.601279
-1.664041 0.100438 -0.481576
-1.800723 0.274797 -0.348894
-1.908733 0.452903 -0.293425
-1.848343 0.585805 -0.234070
-1.846226 0.646616 -0.175245
-1.748463 0.799466 -0.106905
-1.817719 0.707979 -0.072967
-2.013608 0.549782 -0.040031
-1.992448 0.422659 -0.082165
-1.885888 0.402529 -0.046923
-1.856940 0.399919 -0.053981
-1.636732 0.429207 -0.056506
-1.557036 0.454592 -0.028850
-1.286331 0.576418 -0.138979
-1.177461 0.573251 -0.092768
-1.223817 0.526898 -0.023842
-1.317513 0.435339 0.000602
-1.530778 0.394357 0.102127
-1.678651 0.287834 0.221388
-1.766436 0.266085 0.250196
-1.798724 0.208843 0.355996
-1.859157 0.245447 0.434985
-1.952139 0.263739 0.479791
-2.040232 0.198959 0.607738
-1.990763 0.195545 0.711821
-2.039920 0.183878 0.803164
-2.005117 0.215176 0.871396
-1.934763 0.254399 0.910605
-1.844501 0.267898 0.978322
-1.781831 0.263709 0.987840
-1.771040 0.263559 0.994151
-1.748011 0.264123 0.956449
-1.752829 0.185505 0.910244
-1.647028 0.137097 0.914735
-1.785115 0.077906 0.925825
-1.814562 0.081751 0.971095
-1.964053 -0.056177 1.082346
-1.954285 -0.112906 1.150746
-2.077001 -0.199535 1.241187
-2.128059 -0.203483 1.267717
-1.980332 -0.223507 1.187615
-1.896880 -0.282801 1.112724
-1.893618 -0.328232 1.063322
-1.836239 -0.558345 0.847663
-1.901131 -0.634439 0.678811
-1.797154 -0.660206 0.508869
-1.708398 -0.810564 0.406399
-1.669720 -0.843508 0.380682
-1.620962 -0.969904 0.135311
-1.655922 -1.065360 0.026509
-1.630554 -1.132225 -0.074595
-1.562796 -1.145683 -0.118941
-1.508785 -1.176675 -0.093288
-1.363578 -1.128738 -0.185821
-1.319025 -1.060665 -0.132344
-1.179422 -0.960610 -0.149067
-1.087962 -0.894359 -0.176329
-0.914583 -0.849896 -0.244463
-0.821289 -0.782688 -0.302844
-0.822308 -0.847237 -0.372541
-0.841217 -0.890824 -0.401473
-0.850587 -0.930960 -0.481708
-0.803914 -0.970863 -0.502756
-0.766764 -0.961035 -0.511503
-0.692381 -0.889709 -0.563474
-0.616389 -0.824144 -0.546502
-0.580698 -0.868236 -0.515017
-0.701816 -0.930949 -0.539607
-0.700015 -0.933405 -0.505359
-0.743188 -0.919922 -0.539342
-0.731691 -0.958793 -0.528845
-0.755517 -0.999853 -0.469678
-0.774014 -0.934776 -0.418656
-0.951780 -0.877186 -0.438254
-1.139761 -0.852397 -0.371837
-1.171816 -0.874072 -0.357824
-1.247407 -0.768996 -0.374250
-1.293234 -0.725639 -0.391475
-1.338496 -0.750397 -0.375278
-1.475259 -0.797423 -0.425029
-1.268472 -0.739518 -0.498455
-1.180672 -0.669305 -0.524976
-1.245126 -0.670248 -0.508241
-1.277349 -0.669174 -0.562317
-1.228308 -0.689792 -0.587541
-1.119987 -0.783146 -0.592923
-1.175494 -0.850641 -0.570517
-1.360949 -0.996931 -0.552361
-1.351766 -1.002486 -0.541276
-1.434622 -1.042725 -0.515887
-1.477737 -1.063211 -0.436787
-1.605138 -1.061621 -0.371110
-1.665528 -0.994416 -0.336737
-1.648007 -0.848358 -0.364786
-1.542340 -0.797862 -0.374210
-1.578765 -0.759885 -0.421006
-1.638938 -0.798530 -0.480792
-1.545459 -0.779942 -0.538870
-1.556312 -0.761187 -0.604137
-1.644051 -0.828887 -0.621300
-1.638745 -0.812222 -0.611216
-1.753396 -0.715286 -0.604544
-1.964594 -0.612012 -0.636388
-2.050110 -0.487926 -0.608437
-2.038312 -0.483435 -0.629385
-1.931543 -0.459644 -0.532091
-1.896246 -0.397404 -0.555622
-1.708594 -0.253085 -0.486286
-1.569848 -0.193246 -0.567898
-1.431585 -0.173639 -0.597512
-1.367415 -0.130503 -0.635620
-1.277841 -0.163914 -0.676765
-1.285565 -0.189261 -0.740287
-1.454937 -0.122081 -0.768762
-1.844533 -0.129193 -0.791098
-1.902812 0.112557 -0.738298
-1.879577 0.337824 -0.811707
-1.745499 0.489281 -0.871990
-1.462306 0.549112 -0.895290
-1.170543 0.510180 -0.929223
-1.032034 0.401342 -0.888120
-0.949468 0.320647 -0.910280
-0.913191 0.254047 -0.907155
-0.880404 0.092953 -0.867558
-0.830120 -0.055590 -0.749977
-0.848386 -0.176130 -0.693077
-0.942935 -0.301014 -0.596731
-1.041321 -0.357904 -0.545997
-1.116916 -0.329542 -0.528627
-1.210592 -0.323574 -0.525978
-1.239026 -0.228159 -0.495914
-1.244453 -0.123793 -0.533093
-1.179016 0.027585 -0.561707
-1.122555 0.142440 -0.599917
-1.055373 0.295149 -0.624728
-0.883710 0.431981 -0.674516
-0.817978 0.462444 -0.727281
-0.581250 0.591794 -0.744223
-0.425229 0.629006 -0.840404
-0.399997 0.611362 -0.801812
-0.298086 0.652745 -0.814686
-0.354790 0.692932 -0.815726
-0.436022 0.708741 -0.847398
-0.463551 0.688439 -0.778725
-0.493959 0.658368 -0.774251
-0.831852 0.648293 -0.776885
-1.077296 0.674686 -0.790119
-1.250683 0.787116 -0.724176
-1.241164 0.840462 -0.695734
-1.140133 0.864882 -0.653609
-0.818573 0.926372 -0.589969
-0.367822 1.079667 -0.541922
-0.157658 1.152297 -0.499304
0.078330 1.102631 -0.450793
0.223346 1.037706 -0.372261
0.233476 1.019614 -0.345511
0.253662 0.820943 -0.328107
0.307434 0.837881 -0.280208
0.306611 0.873845 -0.249652
0.258698 0.896822 -0.193055
0.300041 0.885136 -0.134852
0.314997 0.906417 -0.098181
0.324746 0.911489 -0.081586
0.373250 0.880930 -0.026460
0.189556 0.918853 0.004037
0.134289 1.176289 0.143765
0.165857 1.250576 0.178307
0.484023 1.464116 0.343696
0.888959 1.594652 0.424112
1.121192 1.696484 0.484042
1.311981 1.747117 0.526655
1.539572 1.881149 0.481966
1.486366 1.911921 0.457325
1.250790 1.955310 0.398603
1.023101 1.858670 0.449019
0.975860 1.835689 0.533413
0.874066 1.777528 0.563736
0.666839 1.720681 0.602665
0.528037 1.752344 0.646450
0.343358 1.756278 0.630331
0.170519 1.706936 0.643923
0.264039 1.542608 0.592810
0.333413 1.392396 0.617450
0.144054 1.229309 0.580162
0.002651 1.146912 0.547752
-0.181716 0.955604 0.545356
-0.188528 0.717811 0.607657
-0.201006 0.538420 0.670012
-0.238893 0.403003 0.696317
-0.430994 0.236339 0.763661
-0.544267 0.174716 0.882401
-0.580988 0.141309 0.917968
-0.655274 0.076315 0.954133
-0.784970 -0.133582 0.975035
-0.802214 -0.329212 0.976054
-0.847999 -0.424321 0.934689
-0.926309 -0.529739 0.895893
-1.019855 -0.634308 0.918790
-1.100712 -0.649967 0.988663
-1.297078 -0.734091 0.952121
-1.562464 -0.695442 0.959575
-1.619781 -0.696082 0.949368
-1.768036 -0.652924 0.958440
-1.818009 -0.666012 0.956676
-1.789277 -0.456312 1.001197
-1.746152 -0.392496 1.023039
-1.536649 -0.243601 0.965859
-1.432540 -0.097703 0.952756
-1.686908 -0.039055 0.883215
-1.870227 0.060384 0.843108
-1.890826 0.037906 0.817862
-1.707041 -0.106932 0.843827
-1.292192 -0.217925 0.811604
-1.096602 -0.252585 0.865008
-1.060440 -0.187669 0.898738
-1.084382 0.071343 0.966221
-1.341264 0.249339 0.935298
-1.359037 0.239667 0.926799
-1.249374 0.169530 0.889836
-1.223479 -0.025195 0.876587
-1.325552 -0.115886 0.872324
-1.533866 -0.179367 0.900697
-1.578674 -0.150639 0.893018
-1.656577 -0.063143 0.846246
-1.803477 0.002123 0.745091
-2.079985 0.040795 0.734614
-2.007932 -0.019780 0.772740
-1.741844 -0.062452 0.802867
-1.586970 -0.123315 0.840904
-1.462957 -0.164514 0.871414
-1.532537 -0.280080 0.875539
-1.553108 -0.307867 0.873522
-1.445307 -0.339076 0.856325
-1.418655 -0.313412 0.830731
-1.406423 -0.323545 0.832438
-1.374527 -0.352277 0.846790
-1.354533 -0.363386 0.943043
-1.451517 -0.397823 0.903309
-1.418251 -0.457976 0.898884
-1.287711 -0.469297 0.845504
-1.231161 -0.481517 0.783873
-1.084380 -0.422610 0.807359
-1.023445 -0.314659 0.782476
-1.164403 -0.275072 0.808022
-1.411977 -0.151587 0.776702
-1.549871 -0.045010 0.752445
-1.481295 -0.016612 0.729229
-1.442632 -0.027569 0.803148
-1.437651 -0.042429 0.839059
-1.413744 -0.016136 0.868058
-1.332902 0.066215 0.868905
-1.414620 0.081353 0.831021
-1.638305 -0.005113 0.804021
-1.650933 -0.076978 0.756172
-1.642629 -0.209761 0.767950
-1.668458 -0.256402 0.691743
-1.595731 -0.257815 0.716465
-1.608359 -0.274796 0.658028
-1.641733 -0.180820 0.700096
-1.790925 -0.118608 0.586481
-1.845991 -0.095564 0.632627
-1.755551 -0.128446 0.675226
-1.768417 -0.165755 0.735854
-1.761929 -0.237475 0.739460
-1.798802 -0.187958 0.721834
-1.730227 -0.198602 0.712031
-1.862599 -0.122529 0.682089
-2.127190 -0.082275 0.617403
-2.381913 -0.089292 0.587439
-2.247160 -0.157311 0.594621
-2.053040 -0.176314 0.651740
-1.961654 -0.165774 0.617472
-1.828750 -0.160589 0.576729
-1.717347 -0.177325 0.585161
-1.631194 -0.220200 0.513016
-1.482547 -0.192531 0.513973
-1.459375 -0.250865 0.451737
-1.580364 -0.244090 0.372555
-1.569023 -0.242052 0.371907
-1.488980 -0.274231 0.346984
-1.251659 -0.260442 0.325466
-1.175588 -0.204329 0.312883
-1.165488 -0.070142 0.262370
-1.135846 0.123265 0.268167
-1.134991 0.321609 0.250094
-1.031493 0.444877 0.316092
-0.936050 0.578861 0.341074
-0.816032 0.582131 0.358683
-0.736883 0.670817 0.388963
-0.699034 0.695267 0.452388
-0.631488 0.740733 0.460938
-0.699698 0.714618 0.484691
-0.725342 0.705327 0.564797
-0.653748 0.610447 0.701710
-0.621355 0.528132 0.762946
-0.655678 0.477187 0.824881
-0.730604 0.523416 0.880425
-0.908424 0.541849 0.900454
-1.089870 0.536208 0.857785
-1.066302 0.497216 0.861054
-1.072732 0.476933 0.862175
-1.170440 0.493883 0.864223
-1.243779 0.573759 0.888218
-1.278538 0.644458 0.833943
-1.383962 0.753579 0.803141
-1.487453 0.891406 0.756462
-1.395422 0.868726 0.783285
-1.249812 0.885509 0.783450
-1.113921 0.843287 0.813745
-1.043675 0.855732 0.797356
-0.991232 0.871970 0.776466
-0.910794 0.906997 0.772165
-0.802203 0.895431 0.768157
-0.508395 0.834045 0.818289
-0.470785 0.868824 0.901462
-0.437531 0.895385 0.930553
-0.398072 0.901751 0.934699
-0.381536 1.020106 0.963863
-0.435541 1.107708 0.934049
-0.395787 1.212660 0.931510
-0.325578 1.240060 0.934048
-0.154013 1.246487 0.899007
-0.035454 1.312330 0.889698
0.102011 1.411548 0.882598
0.127839 1.428218 0.831714
0.108772 1.545298 0.774622
0.198599 1.550703 0.836185
0.385496 1.490051 0.869597
0.447769 1.480461 0.865668
0.469039 1.528662 0.920220
0.373327 1.646474 0.943988
0.286312 1.713394 0.885624
0.308797 1.764114 0.968732
0.359811 1.750924 1.002919
0.388128 1.736461 1.025657
0.410784 1.802873 1.054698
0.449957 1.800275 0.952613
0.389747 1.807560 0.924427
0.315856 1.838316 0.861618
0.382954 1.854088 0.832020
0.481150 1.809685 0.903148
0.399418 1.785651 0.864898
0.329271 1.740539 0.789534
0.398793 1.743278 0.819182
0.463397 1.738977 0.899008
0.494329 1.763178 0.992713
0.487504 1.709191 0.979892
0.476952 1.689822 0.966577
0.341281 1.642462 1.005261
0.113919 1.569864 0.959086
-0.107751 1.489990 0.926979
-0.174763 1.496044 0.962692
-0.328373 1.479760 0.911351
-0.384022 1.453355 0.919957
-0.362623 1.456417 0.893321
-0.181082 1.440448 0.906173
0.015668 1.402208 0.898548
0.122125 1.321054 0.828676
0.255849 1.268839 0.831978
0.358301 1.200447 0.765051
0.395357 1.154030 0.761560
0.270719 1.021238 0.734363
0.201685 0.999306 0.809936
0.053917 0.937377 0.789478
-0.062074 0.888774 0.810877
-0.147413 0.875410 0.918757
-0.262461 0.865062 0.957155
-0.237755 0.888470 1.113934
-0.158005 0.924721 1.167940
-0.120546 0.932683 1.198920
-0.247579 0.955587 1.170765
-0.419464 0.953634 1.188794
-0.532019 0.979331 1.092773
-0.537368 0.919785 1.018932
-0.508184 0.706240 0.980471
-0.405304 0.579085 0.826624
-0.481943 0.580334 0.756098
-0.690338 0.631190 0.706918
-0.849340 0.702066 0.766801
-0.993729 0.672191 0.714265
-0.986033 0.557309 0.791775
-0.850783 0.452482 0.800556
-0.669383 0.393866 0.877255
-0.836816 0.376834 0.943464
-1.030851 0.336176 0.940746
-1.097090 0.320379 0.973595
-1.511463 0.291745 0.926180
-1.730030 0.246345 0.897597
-1.351544 0.106830 0.866439
-0.833632 -0.019111 0.889858
-1.329686 0.102292 0.809793
-2.161664 0.242973 0.744783
-2.110625 0.275641 0.708478
-1.099047 -0.038737 0.681150
-0.875108 -0.193671 0.636830
-0.714991 -0.282089 0.610349
-0.795255 -0.171770 0.558782
-1.020899 -0.019490 0.561660
-1.223515 -0.040835 0.538453
-1.168608 -0.157081 0.573474
-0.592987 -0.442108 0.537345
-0.433576 -0.487136 0.518486
-0.145109 -0.286712 0.482862
0.027238 -0.197256 0.446581
0.029772 -0.194752 0.394923
0.144518 -0.114499 0.360440
-0.683161 0.099129 0.191867
-0.394987 -0.037873 0.159841
0.391990 -0.191310 0.188375
0.395778 -0.163029 0.128476
-0.207681 0.006075 0.012025
-0.228396 -0.021456 -0.069727
0.252639 -0.112115 -0.054185
0.394290 -0.124782 -0.044895
0.370848 -0.151476 -0.173447
0.381136 -0.114225 -0.197638
0.440679 -0.186871 -0.166690
-0.013408 -0.143216 -0.188354
-0.244363 -0.083185 -0.208817
-0.186020 -0.174687 -0.149285
-0.134753 -0.197658 -0.165388
-0.330807 -0.154353 -0.042464
-0.373072 -0.121080 -0.012356
-0.295863 -0.116945 0.019758
-0.196342 -0.131564 -0.002472
-0.000472 -0.098089 -0.038744
0.009280 -0.041096 -0.013322
-0.190278 0.043376 0.014800
-0.533192 0.156114 -0.006568
-0.690582 0.165271 -0.063002
-0.692988 0.076091 -0.097101
-0.684683 0.170080 -0.150907
-0.671397 0.214338 -0.142043
-0.663869 0.163486 -0.123061
-0.485429 0.260594 -0.119179
-0.472227 0.295630 -0.130460
-0.633279 0.341538 -0.102698
-0.633980 0.285171 -0.094747
-0.643769 0.325317 0.004197
-0.623291 0.279368 0.003825
-0.636874 0.260925 0.015792
-0.653070 0.234311 0.118347
-0.734308 0.229517 0.260948
-0.930933 0.384889 0.287559
-1.182843 0.471388 0.353405
-1.078126 0.479372 0.473225
-0.584076 0.370970 0.543529
-0.341372 0.376658 0.539660
-0.250298 0.445445 0.566789
-0.199914 0.553176 0.654309
-0.180190 0.609128 0.741001
-0.860824 0.718114 0.744294
-1.094266 0.634990 0.838165
-0.542556 0.485561 0.879490
0.768088 0.309404 0.995738
0.463495 0.468087 0.859407
0.016819 0.724275 0.813551
0.485020 0.895135 0.920073
0.967193 0.890042 1.018609
1.302249 0.832717 1.021551
1.259860 0.854457 0.982303
1.706397 0.842684 0.995511
2.849298 0.823305 1.111375
2.546939 0.929209 1.164933
1.628693 1.089243 1.147602
1.929311 1.008645 1.269719
3.094158 0.765371 1.393941
2.853891 0.696000 1.428975
2.370400 0.733744 1.375328
2.151277 0.858397 1.431486
2.444698 0.964718 1.518536
2.524810 0.947178 1.531127
2.284546 0.849151 1.476360
2.240859 0.809073 1.458298
2.472152 0.798669 1.444325
2.579098 0.787472 1.381590
2.263874 0.774927 1.242309
2.033540 0.824956 1.239272
1.666947 0.856116 1.124989
1.615637 0.852128 1.041676
1.565642 0.594386 0.989680
1.205519 0.497748 1.000407
1.090192 0.385102 1.052068
1.088782 0.254951 1.135100
1.041164 0.224592 1.147933
0.972134 0.191773 1.198084
0.959129 0.016464 1.275568
1.040830 -0.088089 1.344917
0.930636 -0.192073 1.269512
0.859638 -0.216073 1.224957
0.771968 -0.300613 1.161657
0.764125 -0.325800 1.225332
0.714252 -0.463675 1.086430
0.615363 -0.537105 1.037345
0.569666 -0.529623 1.029563
0.351519 -0.511939 1.027213
0.258706 -0.468757 1.114187
0.154723 -0.507969 1.141435
-0.035777 -0.599576 1.074818
-0.050903 -0.607680 1.104515
0.067499 -0.768249 1.119830
0.213707 -0.892293 1.171391
0.231759 -0.911564 1.198208
0.183639 -0.988616 1.169241
0.328444 -1.080015 1.149038
0.462976 -1.238877 1.224356
0.440358 -1.310017 1.190964
0.404004 -1.373585 1.160963
0.468768 -1.369121 1.077504
0.261711 -1.212057 1.018797
0.117228 -1.202754 1.003639
0.109792 -1.135432 0.950192
0.450326 -1.088249 0.954487
0.699359 -1.122723 0.894437
0.910425 -1.033308 0.860930
0.865459 -0.899284 0.777078
0.907787 -0.779402 0.841375
0.981800 -0.691237 0.857412
0.945209 -0.628584 0.877500
1.173234 -0.682310 0.871633
1.410454 -0.661623 0.842582
1.450080 -0.650071 0.805713
1.289742 -0.566499 0.822941
1.306837 -0.487564 0.932253
1.392941 -0.512290 1.010417
1.293102 -0.543995 1.074156
1.210614 -0.515142 1.126140
1.266464 -0.513283 1.147517
1.287984 -0.508234 1.106902
1.138246 -0.455496 1.169252
1.108321 -0.462343 1.212649
1.080715 -0.490169 1.261566
0.992372 -0.460505 1.210797
0.914938 -0.455064 1.240563
0.918166 -0.561422 1.172506
0.858712 -0.585933 1.176848
0.854682 -0.602310 1.181173
0.694472 -0.638370 1.143354
0.411627 -0.689754 1.110164
0.367728 -0.709007 1.057803
0.161617 -0.798400 1.014067
-0.249096 -0.939148 0.966634
-0.282528 -1.041428 0.920085
-0.299191 -1.153036 0.856228
-0.265101 -1.206070 0.801984
-0.251896 -1.326154 0.759027
-0.270745 -1.338920 0.729811
-0.188445 -1.404403 0.712448
-0.164559 -1.444888 0.713591
-0.012473 -1.585542 0.652134
-0.089999 -1.564220 0.632466
-0.189877 -1.585839 0.619658
-0.134874 -1.677347 0.625734
-0.177493 -1.684306 0.629419
-0.264045 -1.643246 0.590585
-0.347790 -1.656757 0.427452
-0.387657 -1.690448 0.386189
-0.216705 -1.775737 0.247281
-0.151769 -1.699298 0.230065
-0.041620 -1.641077 0.104698
0.017581 -1.688359 -0.085371
0.178348 -1.636435 -0.223178
0.142034 -1.621416 -0.317665
0.037719 -1.539790 -0.389538
-0.052549 -1.487680 -0.508302
-0.207200 -1.363988 -0.565599
-0.310100 -1.256064 -0.561103
-0.344661 -1.237552 -0.583350
-0.462391 -1.112783 -0.611865
-0.475290 -1.051574 -0.543041
-0.674670 -0.764290 -0.553407
-0.737443 -0.472180 -0.550048
-0.732922 -0.199445 -0.561704
-0.834885 -0.274565 -0.682489
-1.054429 -0.207175 -0.769408
-1.182800 -0.116180 -0.825995
-1.510987 -0.080703 -0.967189
-1.696215 -0.044388 -1.016242
-1.866753 -0.035781 -1.059390
-2.079322 0.078046 -1.088699
-2.367930 0.201038 -1.065386
-2.631596 0.167092 -1.089170
-2.745091 0.258900 -1.121238
-2.801596 0.379781 -1.163765
-2.989635 0.471950 -1.271180
-3.267114 0.582132 -1.287978
-3.339918 0.644388 -1.277924
-3.377684 0.648267 -1.288349
-3.406728 0.688316 -1.263358
-3.482415 0.705292 -1.253380
-3.611352 0.700839 -1.267583
-3.627472 0.695681 -1.262284
-3.570661 0.611958 -1.185985
-3.535127 0.624443 -1.142185
-3.592242 0.457898 -1.211883
-3.568841 0.361635 -1.314664
-3.459168 0.225854 -1.403248
-3.490862 0.236772 -1.525469
-3.516849 0.247558 -1.561100
-3.451185 0.246421 -1.606922
-3.347417 0.241634 -1.591905
-3.092309 0.196042 -1.535628
-2.994570 0.159694 -1.493844
-2.793742 0.101430 -1.372976
-2.645204 0.080479 -1.269786
-2.515694 0.096210 -1.121905
-2.470696 0.119208 -1.107196
-2.426548 0.096793 -1.063765
-2.349188 0.029050 -1.088276
-2.048525 -0.012601 -1.091771
-1.771259 -0.095150 -1.066528
-1.491451 -0.173208 -1.085453
-1.345293 -0.132035 -1.062826
-1.090101 0.010758 -1.090252
-0.880506 0.036494 -1.095030
-0.746092 0.044123 -1.048620
-0.825015 0.063203 -1.053736
-0.852074 0.048531 -1.024391
-0.763902 0.048152 -0.933237
-0.514941 -0.017399 -0.805935
0.454416 -0.081019 -0.576255
0.339919 0.023218 -0.633086
0.277477 0.122906 -0.604223
0.464652 0.140775 -0.522428
0.472507 0.110898 -0.535409
0.344964 0.097819 -0.559674
0.252636 0.110604 -0.566434
0.148689 0.143798 -0.682112
0.133785 0.199344 -0.706556
0.148094 0.193551 -0.691687
0.129267 0.238180 -0.786861
0.166963 0.280963 -0.749982
0.269088 0.298378 -0.782390
0.210373 0.299531 -0.792981
0.197899 0.269893 -0.816975
0.137736 0.203403 -0.805116
0.159184 0.184648 -0.734113
0.131210 0.154698 -0.742095
0.148360 0.115260 -0.676296
0.180642 0.028985 -0.623818
0.154287 -0.165245 -0.619582
0.104605 -0.250461 -0.618460
0.098961 -0.383917 -0.624184
0.212612 -0.501800 -0.604540
0.355285 -0.619146 -0.578244
0.750607 -0.706085 -0.576783
0.942247 -0.670908 -0.567523
0.929501 -0.695792 -0.611557
0.790045 -0.740391 -0.681283
0.747236 -0.755670 -0.689557
0.694853 -0.761897 -0.762515
0.607110 -0.853937 -0.845070
0.612926 -0.930250 -0.848137
0.725577 -0.965342 -0.811105
0.779462 -0.984689 -0.769185
0.788925 -1.000384 -0.756791
0.632124 -1.012052 -0.758319
0.634442 -0.997532 -0.679413
0.647663 -1.053168 -0.662449
0.636417 -1.067020 -0.608179
0.560126 -1.072305 -0.579338
0.527463 -1.104406 -0.556734
0.462669 -1.104060 -0.570849
0.478584 -1.097676 -0.578430
0.494424 -1.108632 -0.610102
0.512482 -1.160014 -0.661123
0.486981 -1.174773 -0.716580
0.407050 -1.143274 -0.778618
0.381639 -1.112326 -0.886309
0.343189 -1.114461 -0.941227
0.319544 -1.038494 -0.927122
0.292545 -0.994992 -0.935371
0.274212 -0.974661 -0.975331
0.291376 -0.903784 -0.926591
0.185013 -0.849863 -0.929230
0.084692 -0.859512 -0.882618
-0.013004 -0.895588 -0.859944
-0.082180 -0.898101 -0.858734
-0.154595 -0.852204 -0.829492
-0.126417 -0.830446 -0.756018
-0.156909 -0.810777 -0.749841
-0.183022 -0.805126 -0.746587
-0.217989 -0.746883 -0.742093
-0.275073 -0.769243 -0.813632
-0.353156 -0.772517 -0.920547
-0.519333 -0.734671 -1.007050
-0.585330 -0.694334 -1.074669
-0.560585 -0.664611 -1.125326
-0.648490 -0.588008 -1.103578
-0.769393 -0.562053 -1.086589
-0.763290 -0.489089 -1.067768
-0.625321 -0.459407 -0.992314
-0.602527 -0.485370 -0.965532
-0.635106 -0.413475 -0.873711
-0.630268 -0.469537 -0.924057
-0.659136 -0.520519 -0.938434
-0.700009 -0.608039 -0.853730
-0.675764 -0.622337 -0.877882
-0.706354 -0.613793 -0.872786
-0.714225 -0.677080 -0.866398
-0.754458 -0.710308 -0.966907
-0.828053 -0.738468 -1.013873
-0.807263 -0.732248 -1.023222
-0.851090 -0.732956 -1.038916
-0.842270 -0.698791 -1.101203
-0.896874 -0.672614 -1.129554
-0.952065 -0.633819 -1.091477
-0.949890 -0.651482 -1.078062
-0.892615 -0.668955 -1.063040
-0.951015 -0.639991 -1.010895
-0.993662 -0.637084 -1.014656
-1.113109 -0.657311 -0.970541
-1.103893 -0.633660 -0.950338
-1.174019 -0.627541 -0.949821
-1.144028 -0.623214 -0.970583
-1.184021 -0.599416 -0.982599
-1.193509 -0.613882 -0.983484
-1.218828 -0.579630 -0.999826
-1.232865 -0.544924 -1.036932
-1.265932 -0.541190 -1.036733
-1.261644 -0.527761 -1.026598
-1.184023 -0.558384 -1.030964
-1.173301 -0.552917 -1.130240
-1.126386 -0.512282 -1.098153
-1.161275 -0.578099 -1.104734
-1.222809 -0.601945 -1.155418
-1.306457 -0.651449 -1.125993
-1.281967 -0.709476 -1.181683
-1.327387 -0.764425 -1.161196
-1.443938 -0.933547 -1.145960
-1.473424 -1.012059 -1.145331
-1.471457 -1.041478 -1.120684
-1.574237 -1.073758 -1.142033
-1.613167 -1.109741 -1.166100
-1.603320 -1.157050 -1.129502
-1.550248 -1.233042 -1.181728
-1.539305 -1.271192 -1.192520
-1.482984 -1.344530 -1.197609
-1.435918 -1.420169 -1.195956
-1.414450 -1.369740 -1.168618
-1.401973 -1.385990 -1.186601
-1.411825 -1.400262 -1.193177
-1.396214 -1.479944 -1.194599
-1.454713 -1.542706 -1.312120
-1.417891 -1.593859 -1.274654
-1.442304 -1.558382 -1.280454
-1.430135 -1.530212 -1.260410
-1.407657 -1.545272 -1.172619
-1.385552 -1.645620 -1.207993
-1.362694 -1.675030 -1.215928
-1.365940 -1.734832 -1.264273
-1.370065 -1.823489 -1.277209
-1.361537 -1.840424 -1.359420
-1.308817 -1.840359 -1.418903
-1.225698 -1.880621 -1.534969
-1.205405 -1.944012 -1.523635
-1.471743 -1.941104 -1.570935
-1.680097 -1.941187 -1.574305
-1.863801 -1.944522 -1.565627
-2.105588 -1.941374 -1.550042
-2.380614 -1.935295 -1.556772
-2.241761 -2.002931 -1.514137
-1.581951 -2.060649 -1.406005
-1.076398 -2.031505 -1.352103
-1.635306 -1.809766 -1.421348
-1.939321 -1.654447 -1.401240
-2.458710 -1.467392 -1.424519
-2.765875 -1.488191 -1.445974
-2.346677 -1.676784 -1.317393
-1.259906 -1.719516 -1.296772
-1.518798 -1.432302 -1.401005
-2.330809 -1.074451 -1.469533
-2.917522 -0.887373 -1.538619
-3.008475 -0.800981 -1.564606
-1.754362 -0.997770 -1.435229
-1.255720 -1.125562 -1.387250
-0.520073 -1.188560 -1.256801
0.225953 -1.151585 -1.180491
-0.726761 -0.668096 -1.258750
-1.921942 -0.379853 -1.293465
-1.604646 -0.460799 -1.048243
-0.751181 -0.666917 -0.726077
0.167974 -0.822133 -0.596975
0.245396 -0.918138 -0.801636
-1.020014 -0.692210 -1.086723
-1.636882 -0.594961 -1.195059
-1.423064 -0.630501 -1.106905
-1.060290 -0.639903 -0.897469
-0.777566 -0.454688 -0.766290
-0.455708 -0.378398 -0.659746
0.967966 -0.601395 -0.484702
1.509958 -0.788239 -0.677510
-0.145619 -0.497203 -1.066350
-1.338963 -0.330488 -1.151739
-0.944020 -0.493318 -1.001465
0.156210 -0.732173 -0.870667
0.670456 -1.001487 -0.825538
0.228757 -0.985743 -0.773704
-0.581158 -0.605138 -0.808674
-0.038187 -0.565172 -0.802340
0.445040 -0.552264 -0.796724
0.421753 -0.349683 -0.813800
0.413018 -0.167863 -0.650131
0.525549 -0.061982 -0.362971
0.871334 -0.128025 -0.366221
1.169632 -0.269991 -0.742679
1.022622 -0.273844 -1.190694
0.860140 -0.104672 -1.276698
0.810084 -0.010087 -0.966151
0.737890 -0.086108 -0.609730
0.573281 -0.264668 -0.704435
0.603145 -0.360725 -0.925238
0.769125 -0.427919 -1.086556
0.529170 -0.335952 -0.954396
-0.380797 -0.113167 -0.730493
-0.713270 -0.049321 -0.607819
-0.282447 -0.125534 -0.685748
0.296154 -0.186374 -0.874517
-0.345809 -0.121592 -1.079229
-0.376831 -0.110335 -1.076721
0.153299 -0.188744 -1.043189
0.589027 -0.328116 -1.075298
0.849740 -0.293214 -1.103294
1.513238 -0.130316 -1.086401
1.773136 -0.148198 -1.038827
1.777987 -0.463169 -0.981144
1.712920 -0.724991 -1.072072
1.772239 -0.899678 -0.878827
1.760420 -1.014014 -0.657102
1.768417 -1.015734 -0.520824
1.778993 -0.949436 -0.259117
1.729641 -0.810804 -0.080281
1.599813 -0.766474 0.066130
1.313590 -0.839748 -0.057882
1.172237 -0.931751 -0.142722
1.418624 -0.982294 -0.323614
1.644461 -0.966803 -0.528023
1.846204 -0.939560 -0.717897
1.883223 -0.906611 -0.696095
1.997365 -0.890643 -0.590893
1.953954 -0.929153 -0.598162
1.672273 -0.962186 -0.715196
1.415733 -1.001689 -0.710766
1.134236 -1.001637 -0.651520
0.936849 -0.940943 -0.461156
0.612564 -0.826323 -0.369669
0.299309 -0.646913 -0.342553
0.046077 -0.482273 -0.358414
-0.163385 -0.366733 -0.342488
-0.277902 -0.187871 -0.390643
-0.445909 -0.019639 -0.354730
-0.514169 0.078022 -0.490639
-0.512930 0.132005 -0.678427
-0.427151 0.212347 -0.992408
-0.425660 0.302268 -1.161609
-0.447894 0.359093 -1.231727
-0.666856 0.440427 -1.291323
-0.821193 0.590788 -1.328729
-1.046874 0.772544 -1.334713
-1.319484 0.919910 -1.253055
-1.465903 1.064495 -1.106218
-1.586351 1.213773 -0.832327
-1.678452 1.473300 -0.631416
-1.515833 1.674362 -0.499913
-1.390358 1.878277 -0.355136
-1.325643 2.077251 -0.213078
-1.334158 2.259483 -0.151924
-1.389281 2.493446 0.030532
-1.440511 2.558457 0.142417
-1.570315 2.607595 0.183264
-1.750755 2.659096 0.214107
-1.770107 2.690432 0.227099
-1.693726 2.717155 0.287709
-1.306809 2.619156 0.372399
-1.100458 2.588194 0.519488
-1.179304 2.620519 0.562841
-1.459841 2.771811 0.528598
-1.938282 2.833325 0.512150
-2.063425 2.805911 0.471952
-2.059985 2.729429 0.457922
-2.213099 2.635583 0.484141
-2.411590 2.496271 0.480012
-2.511286 2.303126 0.628502
-2.447026 2.142924 0.677420
-2.512889 1.903095 0.765748
-2.601443 1.876706 0.860113
-2.541030 1.650371 0.919192
-2.341725 1.316742 0.902855
-2.060092 1.083421 0.847855
-1.762690 0.936417 0.755151
-1.665586 0.948057 0.620565
-1.632722 1.000556 0.431524
-1.618036 1.011783 0.222347
-1.564348 0.955015 0.130157
-1.312876 0.851006 0.066319
-1.078303 0.576404 0.069371
-0.886627 0.327429 0.182818
-0.639110 0.248824 0.377934
-0.322550 0.241377 0.775356
-0.262663 0.190552 1.186309
-0.260690 0.013840 1.366062
-0.174644 -0.190022 1.528908
0.000334 -0.465549 1.671503
0.332474 -0.772776 1.608893
0.441060 -0.873803 1.460934
0.282398 -0.903679 1.208084
0.224101 -0.700028 0.949149
0.344337 -0.594002 0.805333
0.476425 -0.574397 0.619321
0.576021 -0.568864 0.500918
0.767972 -0.579135 0.355318
0.954432 -0.500127 0.294756
1.152315 -0.349046 0.270888
1.376855 -0.190793 0.313389
1.597151 -0.046582 0.487077
1.588306 0.055246 0.672502
1.534096 0.154618 0.879432
1.491541 0.116667 0.932595
1.337819 0.176482 1.138202
1.358645 0.229197 1.293820
1.413086 0.336957 1.364221
1.310670 0.525304 1.341907
1.085547 0.803950 1.224289
0.966371 1.051083 1.125716
0.980239 1.166674 1.071856
1.070591 1.220937 1.052820
1.575017 1.230415 1.129601
1.886259 1.341609 1.072946
1.698420 1.577985 0.957201
1.433890 1.845747 0.937743
1.400433 1.876235 0.969189
1.284454 1.794358 1.076763
0.995060 1.771479 1.120070
1.231615 1.772737 1.264479
1.988697 1.755192 1.410079
2.042921 1.943573 1.482007
0.676581 2.318340 1.522664
0.015000 2.486147 1.601193
0.334144 2.294909 1.666317
0.513660 1.963190 1.640469
0.274997 1.868557 1.552647
0.043021 1.904125 1.364640
0.419354 1.975198 1.238769
0.796214 1.858705 1.206532
0.794840 1.729681 1.105617
0.543867 1.693476 1.086204
0.655711 1.513193 0.966449
0.969606 1.500776 0.961506
1.280207 1.352140 0.985987
1.300072 1.255793 1.130642
1.236619 1.353174 1.334049
1.371779 1.379203 1.418090
1.559083 1.249856 1.466346
1.567705 1.144582 1.577792
1.454404 1.064799 1.710389
1.368380 0.910887 1.861654
1.514084 0.814146 1.841616
1.718880 0.791369 1.649639
1.739226 0.851257 1.543248
1.648383 0.878851 1.427817
1.935359 0.775207 1.356256
2.055120 0.681564 1.206934
1.958289 0.676001 1.084730
1.665939 0.796757 1.027064
1.416066 0.794419 0.929989
1.415002 0.757985 0.984793
1.414332 0.803134 1.109392
1.383435 0.790486 1.252790
1.355260 0.718851 1.428944
1.161415 0.650164 1.531307
1.130334 0.650829 1.636621
1.113151 0.584134 1.656868
1.067169 0.530179 1.592198
0.707485 0.353977 1.404316
0.688593 0.338560 1.372697
0.646785 0.348543 1.294154
0.592739 0.378417 1.135832
0.557927 0.375050 1.085965
0.460317 0.361884 1.034750
0.473747 0.442906 1.033123
0.494481 0.454489 1.012873
0.423793 0.522261 0.933459
0.601530 0.643534 1.031862
0.610063 0.698445 1.041827
0.622888 0.698456 1.056714
0.443053 0.746178 1.146064
0.429736 0.750816 1.201122
0.310893 0.760887 1.248718
0.206085 0.689347 1.306273
0.256418 0.661606 1.479629
0.171799 0.654028 1.541908
0.223259 0.677991 1.578428
0.391106 0.625315 1.533548
0.399400 0.540441 1.459222
0.400279 0.537357 1.405153
0.363445 0.523195 1.097535
0.451236 0.479766 0.975957
0.582654 0.525258 0.826899
0.711927 0.647507 0.852181
0.826654 0.679548 0.912178
0.806313 0.789530 0.947036
0.853157 0.814151 0.990523
0.813783 0.848470 1.072741
0.456901 0.888581 1.199715
0.241095 0.926407 1.383725
0.019648 0.920085 1.442008
-0.111476 0.897316 1.478639
-0.310324 0.847790 1.438630
-0.379963 0.813831 1.420650
-0.443026 0.772470 1.374977
-0.476711 0.741514 1.289503
-0.484557 0.685693 1.233493
-0.597334 0.613406 1.075331
-0.655931 0.564491 0.964324
-0.654961 0.497897 0.804045
-0.605689 0.445709 0.733030
-0.623308 0.327061 0.685954
-0.616724 0.244125 0.610990
-0.587763 0.171795 0.616981
-0.572051 0.039810 0.659663
-0.560617 0.011531 0.764269
-0.595475 -0.047626 0.884236
-0.567238 0.001519 1.048922
-0.673191 -0.111424 1.136462
-0.739576 -0.220644 1.193222
-0.739365 -0.250730 1.212097
-0.688445 -0.379766 1.268404
-0.741471 -0.421096 1.178240
-0.786118 -0.457335 1.071676
-0.814915 -0.514667 0.900748
-0.758623 -0.558350 0.804646
-0.749306 -0.600749 0.650996
-0.711001 -0.612914 0.585337
-0.660578 -0.563029 0.505528
-0.501114 -0.501497 0.409564
-0.417075 -0.465751 0.304023
-0.401041 -0.444525 0.142037
-0.370322 -0.485858 -0.018321
-0.384609 -0.452367 -0.091767
-0.236688 -0.435555 -0.175778
-0.088809 -0.356158 -0.246170
-0.022159 -0.378777 -0.335126
0.058695 -0.391020 -0.354887
0.299941 -0.435379 -0.380937
0.371363 -0.433286 -0.393206
0.371505 -0.478631 -0.441065
0.262332 -0.420786 -0.549014
0.209262 -0.370819 -0.534186
0.240249 -0.397786 -0.581447
0.215711 -0.319053 -0.628063
0.215248 -0.325566 -0.682457
0.187626 -0.241966 -0.709179
0.070631 -0.130805 -0.692688
0.011672 -0.122731 -0.674055
-0.049322 -0.094629 -0.646079
-0.122964 -0.063765 -0.635827
-0.175053 -0.015161 -0.665511
-0.204721 0.001060 -0.686734
-0.237853 0.037634 -0.678816
-0.196671 0.012440 -0.657433
-0.191751 0.053031 -0.527596
-0.214694 0.107513 -0.503373
-0.194608 0.145036 -0.474052
-0.116906 0.126009 -0.511842
-0.030137 0.170457 -0.587636
0.017556 0.204358 -0.618890
0.042680 0.176162 -0.703462
0.068208 0.203999 -0.770531
0.065167 0.304586 -0.767535
0.066784 0.277455 -0.752121
0.027238 0.347988 -0.725509
0.037146 0.374605 -0.683869
0.036972 0.377799 -0.658362
0.072465 0.391579 -0.576027
0.103309 0.370263 -0.530086
0.034058 0.286954 -0.452749
0.059606 0.171058 -0.403780
0.234344 0.086398 -0.370681
0.335295 0.108267 -0.250027
0.456483 0.037413 -0.136303
0.605059 -0.029440 -0.015181
0.731522 -0.119057 0.145422
0.837803 -0.228805 0.232939
0.986003 -0.311537 0.216788
0.941212 -0.413767 0.193162
0.920863 -0.395574 0.220753
0.827733 -0.337057 0.315152
0.815594 -0.378400 0.328146
0.906310 -0.435392 0.427889
1.005942 -0.466236 0.418684
1.136752 -0.461092 0.409560
1.264954 -0.426158 0.400514
1.447155 -0.304104 0.400047
1.432623 -0.213245 0.345252
1.500164 -0.109952 0.333456
1.504923 -0.065853 0.378068
1.541880 -0.029642 0.412817
1.596831 -0.037277 0.472401
1.680094 -0.068394 0.526698
1.670122 -0.092765 0.499897
1.531697 -0.039976 0.592645
1.554674 0.048536 0.683683
1.513551 0.129877 0.688258
1.574234 0.317037 0.632942
1.586019 0.519799 0.607719
1.640106 0.655161 0.568345
1.467499 0.674882 0.574044
1.469738 0.514784 0.579972
1.377518 0.361393 0.655397
1.384516 0.089270 0.757677
1.414543 -0.120771 0.866063
1.300605 -0.141623 0.868896
1.073468 -0.072977 0.911240
0.879896 0.118915 0.867350
0.796633 0.251801 0.842436
0.846654 0.426060 0.788972
0.823719 0.601840 0.748803
0.874927 0.772924 0.719585
0.912429 0.881574 0.756642
0.953691 0.798724 0.838744
1.051254 0.681548 1.011883
1.219610 0.421834 1.143410
1.297052 0.251435 1.077882
1.237580 0.118721 0.988329
1.114100 0.102458 0.925575
0.990972 0.316387 0.840023
1.085816 0.314898 0.882347
1.243755 0.354843 1.052409
1.526325 0.358673 1.093383
1.657202 0.303390 1.154852
1.716628 0.197829 1.122418
1.706443 0.149203 1.042193
1.659649 0.198369 1.019172
1.343309 0.197572 0.987674
1.194156 0.222327 0.990870
1.085173 0.259157 1.051080
1.100565 0.278711 1.047459
1.190908 0.437689 1.132786
1.385439 0.523049 1.114311
1.534596 0.638939 1.159642
1.607968 0.633315 1.156646
1.622321 0.725457 1.277454
1.695309 0.663819 1.272197
1.651362 0.593881 1.289037
1.558899 0.511684 1.215472
1.376696 0.451582 1.110494
1.226381 0.405516 1.113304
1.179542 0.363474 1.095549
1.150032 0.362900 1.100556
1.140622 0.498261 1.020742
1.263788 0.549210 1.084600
1.391815 0.569936 1.085305
1.407125 0.568884 1.127868
1.242685 0.352672 1.256751
1.264914 0.217338 1.253786
1.280526 0.091373 1.265096
1.199339 -0.041261 1.245822
1.128751 -0.080681 1.216934
1.073542 -0.057236 1.124719
0.933513 0.100260 1.116810
0.959725 0.204641 1.177301
1.053469 0.263721 1.103324
1.154349 0.339911 1.058225
1.386388 0.402684 1.039966
1.429199 0.428536 1.098799
1.433234 0.374080 1.120803
1.538831 0.395404 1.151112
1.550435 0.376629 1.237462
1.535391 0.330119 1.245164
1.496421 0.300151 1.273133
1.446055 0.226827 1.241747
1.446782 0.184054 1.247908
1.544574 0.146862 1.212943
1.644605 0.140069 1.165508
1.727954 0.215145 1.120964
1.816914 0.332968 1.124198
1.955189 0.378306 1.102445
1.968484 0.418538 1.146698
2.057709 0.423528 1.270902
1.978169 0.377182 1.291018
1.913775 0.349898 1.284386
1.857563 0.311323 1.291462
1.689254 0.239923 1.228064
1.568637 0.192256 1.240629
1.538617 0.215721 1.300239
1.457384 0.214083 1.275559
1.374468 0.217050 1.227548
1.383472 0.272471 1.270771
1.266942 0.276879 1.237127
1.364944 0.319912 1.275852
1.434477 0.390828 1.351261
1.419926 0.405410 1.390485
1.452837 0.431896 1.338460
1.491522 0.359340 1.354020
1.539968 0.295085 1.296563
1.434474 0.122700 1.146133
1.332704 -0.026172 1.068666
1.235684 -0.049787 1.030456
1.202914 -0.086758 1.007569
1.201599 -0.106740 0.989373
1.132722 -0.085417 0.999509
1.156429 -0.009003 1.060490
1.109567 -0.071507 1.113473
1.127790 -0.001991 1.095333
1.019022 0.144193 1.181865
1.068657 0.117973 1.256809
1.182927 0.051549 1.259757
1.225464 0.012474 1.204192
1.235434 -0.051257 1.207647
1.376008 -0.131337 1.171259
1.496263 -0.136843 1.159017
1.433990 -0.216464 1.216051
1.451702 -0.212001 1.192141
1.453083 -0.193942 1.158896
1.534550 -0.162181 1.172081
1.668653 -0.061602 1.179377
1.648393 -0.053416 1.230722
1.568257 0.009876 1.198158
1.562065 0.095842 1.166767
1.677689 0.173143 1.188678
1.772395 0.190595 1.200987
1.775202 0.143434 1.175594
1.679364 0.136436 1.109403
1.609194 0.087147 1.097443
1.724652 0.021335 1.075432
1.344917 -0.169710 1.035409
1.473825 -0.234653 1.053350
1.674563 -0.304928 1.090955
1.708950 -0.312972 1.071865
1.732139 -0.392075 1.083882
1.718098 -0.340404 1.097497
1.559507 -0.134126 0.999834
1.549000 -0.118311 1.041795
1.650881 -0.066450 1.062166
1.691563 -0.107890 1.033000
1.726581 -0.094335 1.052905
1.642570 -0.161403 0.966654
1.594299 -0.297022 0.902410
1.629893 -0.426879 0.925436
1.541737 -0.507434 0.983360
1.565896 -0.511230 0.972239
1.467502 -0.478269 0.940813
1.451399 -0.471135 1.032376
1.452737 -0.475154 1.063870
1.386702 -0.461093 1.122213
1.287144 -0.433414 1.099598
1.155529 -0.493475 1.062063
1.133488 -0.548101 0.980070
1.295768 -0.754796 0.721578
1.090353 -0.817299 0.635487
1.010182 -0.862732 0.664107
0.943955 -0.961662 0.644999
0.965500 -1.231834 0.632860
0.909550 -1.445076 0.745353
0.839403 -1.669556 0.749292
0.798818 -1.701143 0.744094
0.677646 -1.761963 0.687676
0.410009 -1.847311 0.674785
0.479879 -1.925755 0.660690
0.527482 -1.957504 0.625504
0.543051 -1.904997 0.602907
0.639302 -1.849347 0.428412
0.741901 -1.679212 0.437604
0.863405 -1.621911 0.409816
0.935834 -1.471884 0.398196
1.025124 -1.436320 0.370928
1.082847 -1.314019 0.293452
0.874445 -1.244961 -0.073372
0.833796 -1.222892 -0.196641
0.806757 -1.279401 -0.285830
0.752987 -1.297961 -0.447248
0.787111 -1.350752 -0.499990
0.847091 -1.435768 -0.522628
0.914693 -1.392535 -0.567994
0.917892 -1.359653 -0.579585
0.914116 -1.330464 -0.577299
0.857785 -1.157684 -0.493902
0.770360 -0.938741 -0.470780
0.796198 -0.898233 -0.514075
0.948883 -0.834730 -0.672261
0.956947 -0.754286 -0.703649
1.029836 -0.647618 -0.807542
1.047287 -0.584813 -0.803787
0.898762 -0.455772 -0.831643
0.635867 -0.098633 -0.694156
0.663086 -0.062106 -0.656706
0.650558 0.172654 -0.480160
0.687157 0.192815 -0.486503
0.738173 0.295725 -0.439713
0.736366 0.358905 -0.430472
0.823444 0.281385 -0.486368
0.923681 0.305228 -0.481252
0.881115 0.267727 -0.588540
0.897905 0.252783 -0.649911
0.805012 0.203033 -0.678495
0.574464 0.052510 -0.841863
0.553674 -0.057273 -0.855164
0.475473 -0.201344 -0.908117
0.372433 -0.305983 -0.931626
0.281239 -0.427916 -0.970575
-0.165470 -0.529478 -0.997954
-0.480745 -0.588358 -0.925285
-0.521418 -0.707124 -0.922449
-0.499931 -0.758299 -0.838482
-0.389606 -0.823130 -0.761462
-0.295210 -0.899505 -0.790619
-0.083095 -0.852754 -0.820565
-0.071481 -0.842848 -0.829868
-0.010030 -0.826610 -0.805362
0.159218 -0.755105 -0.827076
-0.106655 -0.679555 -0.840759
-0.167153 -0.712027 -0.896566
-0.055148 -0.850511 -1.093881
-0.067521 -0.936231 -1.186957
-0.072387 -0.999692 -1.162717
-0.051781 -1.007566 -1.113435
0.053795 -1.042199 -1.057384
-0.076019 -1.004912 -1.054412
-0.098167 -0.981383 -1.107346
-0.268033 -0.862237 -1.059936
-0.376076 -0.835910 -0.993739
-0.410073 -0.864343 -1.038794
-0.409607 -0.822022 -1.073886
-0.454343 -0.695942 -1.023187
-0.393534 -0.657073 -0.898861
-0.362731 -0.555137 -0.788012
-0.402343 -0.472427 -0.806543
-0.363775 -0.504674 -0.795374
-0.363457 -0.445376 -0.791590
-0.333109 -0.447787 -0.854451
-0.321245 -0.446709 -0.940140
-0.358337 -0.456042 -0.948719
-0.440722 -0.503764 -0.960953
-0.511888 -0.517577 -1.023684
-0.567240 -0.583702 -1.197731
-0.692391 -0.590135 -1.241324
-0.698875 -0.589813 -1.241897
-0.734494 -0.606528 -1.265376
-0.724031 -0.586017 -1.191922
-0.682524 -0.606274 -1.157115
-0.653039 -0.605674 -1.029375
-0.712571 -0.528844 -0.960689
-0.760515 -0.451213 -0.822252
-0.715578 -0.405565 -0.782228
-0.812909 -0.363981 -0.640568
-0.911701 -0.361649 -0.650928
-0.916892 -0.386293 -0.641052
-0.909035 -0.372796 -0.706634
-0.861464 -0.401695 -0.790663
-0.856726 -0.353703 -0.840836
-0.724284 -0.343280 -0.933883
-0.717069 -0.388169 -1.153425
-0.664309 -0.433080 -1.275014
-0.602935 -0.401615 -1.252518
-0.572744 -0.466709 -1.298104
-0.535313 -0.459614 -1.312543
-0.520076 -0.522362 -1.292393
-0.441860 -0.500208 -1.196473
-0.445657 -0.474040 -1.051233
-0.477570 -0.461503 -1.021485
-0.545546 -0.397506 -0.894379
-0.591811 -0.384474 -0.775669
-0.561196 -0.373019 -0.705381
-0.581231 -0.347649 -0.488475
-0.491557 -0.308889 -0.459481
-0.610995 -0.214736 -0.544010
-0.597154 -0.229511 -0.577181
-0.414299 -0.246243 -0.691666
-0.311708 -0.293377 -0.785992
-0.260635 -0.355900 -0.933322
-0.264031 -0.302767 -1.032672
-0.258974 -0.276068 -1.193324
-0.295515 -0.366675 -1.246797
-0.185522 -0.461550 -1.241293
-0.239063 -0.493901 -1.236810
-0.323902 -0.442041 -1.142343
-0.329272 -0.464181 -1.079737
-0.296515 -0.483167 -0.972167
-0.378683 -0.537278 -0.834569
-0.491866 -0.590929 -0.775187
-0.645473 -0.558031 -0.689537
-0.703940 -0.573046 -0.640023
-0.610871 -0.631120 -0.596208
-0.553606 -0.626822 -0.565917
-0.539466 -0.629175 -0.671670
-0.528527 -0.698568 -0.756660
-0.473118 -0.784912 -0.781386
-0.557910 -0.792128 -0.906454
-0.720783 -0.865146 -1.103599
-0.774388 -0.964307 -1.277022
-0.772299 -1.061597 -1.351857
-0.660705 -1.229324 -1.420588
-0.607545 -1.249805 -1.413621
-0.438101 -1.295985 -1.367202
-0.306592 -1.240214 -1.286490
-0.290528 -1.190936 -1.138305
-0.243282 -1.117344 -1.010731
-0.499890 -0.913737 -0.639381
-0.673277 -0.874974 -0.600621
-0.735001 -0.905194 -0.570869
-0.742545 -0.992641 -0.550416
-0.752614 -1.004946 -0.555922
-0.590115 -1.069157 -0.624467
-0.432827 -1.100462 -0.667581
-0.258389 -1.114223 -0.745306
-0.119088 -1.218630 -0.946874
-0.063613 -1.228509 -1.019603
-0.025059 -1.313989 -1.134171
-0.075490 -1.335937 -1.270576
-0.135290 -1.329453 -1.348213
-0.229333 -1.270555 -1.392868
-0.229685 -1.287456 -1.363786
-0.212797 -1.213881 -1.274854
-0.114714 -1.189527 -1.136689
-0.056489 -1.170442 -0.942744
-0.061635 -1.066744 -0.815494
-0.108439 -0.998858 -0.672651
-0.099047 -0.975148 -0.604438
-0.042060 -0.912888 -0.445867
-0.122606 -0.851943 -0.423948
-0.254123 -0.863574 -0.433735
-0.438705 -0.865857 -0.461348
-0.571084 -0.917858 -0.618994
-0.547140 -1.002334 -0.722340
-0.492205 -1.122948 -0.851111
-0.263409 -1.276507 -1.121005
-0.208745 -1.281884 -1.154074
-0.168462 -1.275604 -1.250635
0.031190 -1.253717 -1.278304
0.008507 -1.260897 -1.244878
-0.150887 -1.243511 -1.211967
-0.320061 -1.261462 -1.166385
-0.394577 -1.311553 -1.107363
-0.437435 -1.419109 -0.979511
-0.342733 -1.526749 -0.838383
-0.032962 -1.646651 -0.751627
0.027089 -1.626243 -0.700446
0.278769 -1.635144 -0.579631
0.210860 -1.558543 -0.508229
0.174203 -1.591470 -0.488213
-0.325534 -1.695382 -0.721884
-0.457272 -1.759613 -0.883463
-0.557155 -1.837720 -1.007895
-0.507866 -1.831371 -1.147476
-0.211133 -1.862842 -1.260729
-0.073796 -1.871462 -1.316511
0.186562 -1.821091 -1.324415
0.352072 -1.714238 -1.243569
0.400040 -1.570159 -1.066711
0.194853 -1.362260 -0.875073
-0.193533 -1.202343 -0.841109
-0.530623 -1.155071 -0.757129
-0.663316 -1.202527 -0.763456
-0.706252 -1.198953 -0.717625
-0.812423 -1.202418 -0.650415
-0.374373 -1.249419 -0.659855
0.607666 -1.372868 -0.661874
0.110212 -1.019309 -0.502874
-1.292085 -0.503646 -0.229930
-1.613801 -0.363428 -0.163588
-0.503143 -0.866692 -0.770686
-0.174591 -0.813071 -1.352260
-0.301715 -0.761491 -1.344887
-0.354228 -0.776202 -1.296020
-0.533973 -0.777131 -0.819212
-0.447569 -0.738261 -0.567635
-0.310810 -0.717733 -0.509528
-0.039804 -0.951566 -0.685589
0.051066 -1.165013 -0.839962
-0.095874 -1.233355 -0.886086
-0.682676 -1.163878 -0.773513
-0.994938 -1.118563 -0.654501
-1.017662 -1.119307 -0.651028
-0.996122 -1.134378 -0.627555
-0.905477 -1.148711 -0.681813
-0.540221 -1.261775 -0.809570
0.824734 -1.643328 -1.147511
1.520378 -1.819496 -1.462534
0.799082 -1.533368 -1.435813
0.025130 -1.244925 -1.353369
-0.407178 -1.148843 -1.380500
-0.400499 -1.216906 -1.384435
-0.430239 -1.295579 -1.304841
-0.513387 -1.369912 -1.145934
-0.429094 -1.391764 -1.021310
0.067556 -1.365744 -1.090966
-0.047329 -1.338958 -1.205689
-0.070403 -1.385027 -1.182064
-0.327702 -1.263282 -1.002861
-0.890594 -1.057830 -0.692264
-1.033461 -1.009628 -0.563944
0.331151 -1.267560 -0.579821
1.139908 -1.385264 -0.696226
0.562412 -1.104075 -0.814311
-0.735344 -0.562642 -0.745059
-1.121428 -0.463486 -0.769155
0.238477 -0.956722 -0.982910
1.279928 -1.240249 -1.237914
1.198803 -1.088172 -1.497206
0.180202 -0.658938 -1.637081
-1.065722 -0.294145 -1.384568
-1.225214 -0.538091 -1.256448
-1.086116 -0.662065 -1.207146
0.679134 -1.483068 -1.151942
0.662643 -1.463155 -1.128495
0.275186 -1.331856 -0.996209
-1.066472 -0.696779 -0.528195
-1.721133 -0.393204 0.088359
-1.648044 -0.434052 0.235977
-1.252138 -0.808466 0.343254
-0.277231 -1.189099 -0.151416
-0.178650 -1.249747 -0.681456
-1.309282 -0.777889 -0.857689
-1.514659 -0.478925 -0.800609
-1.171066 -0.552721 -0.853561
1.399166 -1.335274 -1.465415
1.560377 -1.444279 -1.555270
0.255590 -1.159162 -1.672255
-0.200126 -1.065538 -1.540938
-0.638241 -1.179614 -1.392635
-0.552964 -1.431792 -1.180854
0.429957 -1.831341 -1.045026
0.829368 -1.835128 -0.943566
0.078293 -1.446571 -0.545967
-0.853719 -0.945692 -0.086136
-1.220745 -0.621270 0.183967
-0.035061 -1.012544 -0.072992
0.477709 -1.209486 -0.217355
0.841635 -1.511142 -0.631326
0.254073 -1.331740 -0.889833
-0.849588 -0.808730 -1.124047
-0.610075 -0.999587 -1.241439
0.296660 -1.644423 -1.433787
0.331037 -1.825569 -1.513118
-0.014507 -1.766649 -1.491400
0.024972 -1.845329 -1.480734
0.300360 -1.815206 -1.293469
0.337832 -1.655344 -0.935469
0.098083 -1.458685 -0.614257
-0.292474 -1.284499 -0.456693
-0.570275 -1.251435 -0.456687
-0.579753 -1.202338 -0.572125
-0.346834 -1.263209 -0.841204
-0.157048 -1.359499 -1.114265
-0.066628 -1.463122 -1.159901
-0.159516 -1.517298 -1.147755
-0.188165 -1.528242 -1.190667
-0.057357 -1.623772 -1.268393
0.001201 -1.746501 -1.346038
-0.146966 -1.867287 -1.330416
-0.382434 -1.911723 -1.193635
-0.661928 -1.799255 -1.013454
-0.871588 -1.749222 -0.981949
-0.879122 -1.616503 -0.915446
-0.652924 -1.452117 -0.796245
-0.531723 -1.389340 -0.714513
-0.423813 -1.285437 -0.682569
-0.222927 -1.215999 -0.722627
0.009342 -1.146510 -0.826643
0.089457 -1.094150 -0.886804
0.293995 -1.079755 -0.921246
0.437983 -1.058316 -1.018511
0.563934 -1.094258 -1.077592
0.576814 -1.327519 -1.054918
0.548986 -1.414740 -1.013130
0.574702 -1.529152 -1.021735
0.500510 -1.654049 -1.125172
0.451948 -1.746619 -1.174682
0.177536 -1.728701 -1.144710
-0.397304 -1.411832 -0.965773
-0.400309 -1.359667 -0.965065
-0.459879 -1.316165 -0.912569
-0.365549 -1.191920 -0.913701
-0.236927 -1.097028 -0.808135
-0.104519 -0.903272 -0.694949
-0.057898 -0.869425 -0.705446
0.135319 -0.800374 -0.696234
0.461182 -0.795223 -0.770660
0.774904 -0.842431 -0.826044
0.894029 -0.853644 -0.847205
0.887990 -0.895519 -0.817084
0.740067 -0.977341 -0.778322
0.676659 -1.049662 -0.819500
0.496366 -1.234452 -0.794908
0.340844 -1.278177 -0.672406
0.293454 -1.316371 -0.655033
0.321213 -1.279187 -0.620086
0.440476 -1.220218 -0.525175
0.610992 -1.077496 -0.429947
0.685161 -1.001377 -0.380448
0.868956 -0.748441 -0.295092
0.878931 -0.513992 -0.218519
0.811210 -0.420082 -0.131139
0.669829 -0.454712 -0.198234
0.729010 -0.520232 -0.352822
0.836712 -0.546852 -0.493068
0.993295 -0.701635 -0.722838
1.011720 -0.803844 -0.809042
0.904756 -0.835655 -0.756458
0.812846 -0.782235 -0.697140
0.765215 -0.803132 -0.616625
0.778966 -0.844659 -0.599772
0.780352 -0.937892 -0.667978
0.837372 -0.958475 -0.733925
0.911628 -0.933259 -0.771293
0.973899 -0.829980 -0.669806
1.010261 -0.702935 -0.527797
1.159083 -0.534963 -0.383577
1.258009 -0.479904 -0.261785
1.284907 -0.492516 -0.308366
1.297267 -0.620578 -0.485962
1.297820 -0.754363 -0.729448
1.300487 -0.825514 -0.872117
1.275560 -0.926043 -0.973570
1.153448 -1.043049 -1.057145
1.179551 -1.067329 -1.057306
1.143900 -1.033444 -1.026029
1.105046 -0.924665 -0.901327
0.923138 -0.828844 -0.745311
0.734216 -0.726228 -0.683252
0.466858 -0.596768 -0.604849
0.221436 -0.527531 -0.643275
0.122811 -0.462701 -0.670777
0.064012 -0.407910 -0.802428
0.128559 -0.378639 -0.909219
0.253376 -0.334267 -0.894958
0.457465 -0.261769 -0.886317
0.551893 -0.198469 -0.835216
0.657924 -0.240532 -0.900102
0.761679 -0.470079 -1.178342
0.911395 -0.717971 -1.416332
1.135808 -0.882119 -1.684706
1.141421 -0.973019 -1.747030
0.988756 -0.934554 -1.688707
0.928651 -0.874052 -1.485649
0.944897 -0.855463 -1.339675
1.058071 -0.941401 -1.303059
1.224521 -1.045284 -1.324492
1.359288 -1.061521 -1.373216
1.305986 -1.022187 -1.349463
1.144132 -1.056189 -1.286694
1.028552 -1.094495 -1.277820
0.979456 -1.169665 -1.243289
1.048032 -1.313145 -1.346859
1.215687 -1.437204 -1.509400
1.395746 -1.511425 -1.676199
1.414903 -1.512668 -1.646779
1.364881 -1.470495 -1.600815
1.401705 -1.471220 -1.573276
1.307759 -1.410536 -1.548172
1.247674 -1.431948 -1.503053
1.174905 -1.460408 -1.458288
1.085241 -1.478660 -1.443236
1.211588 -1.556537 -1.484677
1.269554 -1.538935 -1.474266
1.248579 -1.506298 -1.374529
1.131224 -1.300472 -1.111467
1.037585 -1.185890 -0.989104
0.835299 -1.118611 -0.853046
0.806705 -1.113000 -0.746670
0.717508 -1.180746 -0.760176
0.673951 -1.243739 -0.845400
0.572392 -1.276615 -0.951018
0.261687 -1.342013 -1.194503
0.205025 -1.324203 -1.197247
0.072815 -1.211042 -1.085793
-0.051326 -1.139490 -1.056097
-0.107606 -1.089545 -1.045622
0.050165 -1.088748 -1.209419
-0.007972 -1.038929 -1.247009
-0.041277 -0.943623 -1.199402
-0.003940 -0.817277 -1.086371
0.045788 -0.751924 -0.948804
0.046833 -0.750741 -0.948422
0.110835 -0.779349 -0.899766
0.180073 -0.861723 -0.968426
0.207941 -0.961730 -1.023340
0.203433 -0.965410 -1.044770
0.203433 -0.965410 -1.044770
0.234123 -1.101703 -1.074102
0.135003 -1.111111 -0.929840
0.125297 -1.078807 -0.939949
-0.108250 -1.003260 -0.809784
-0.245075 -1.011565 -0.779969
-0.366902 -0.961836 -0.762937
-0.351199 -0.973770 -0.766921
0.067707 -1.237351 -0.955570
0.139054 -1.278029 -0.991241
0.315826 -1.355682 -1.070165
0.430109 -1.488610 -1.142968
0.509802 -1.602667 -1.157305
0.657822 -1.658554 -1.109584
0.533138 -1.552420 -0.956440
0.461515 -1.543977 -0.977389
0.375748 -1.569433 -0.974336
0.344807 -1.517070 -0.876563
0.747850 -1.453746 -0.827717
1.233289 -1.419133 -0.940176
1.393278 -1.325657 -0.973393
1.334403 -1.227918 -1.007239
1.266913 -1.195746 -0.994937
1.177589 -1.141050 -1.032487
1.158912 -1.268202 -1.059866
1.063618 -1.347659 -1.110135
0.840509 -1.449385 -1.086246
0.616941 -1.551601 -1.148915
0.437277 -1.637802 -1.174035
0.374950 -1.688285 -1.259126
0.392677 -1.621008 -1.237402
0.418620 -1.537747 -1.148959
0.591407 -1.520645 -1.133034
0.734925 -1.581762 -1.138231
0.530629 -1.611055 -1.006091
0.167787 -1.600161 -0.836464
-0.113408 -1.604243 -0.753928
-0.109146 -1.593842 -0.725422
-0.159413 -1.630940 -0.672763
-0.179065 -1.571261 -0.674833
-0.148469 -1.554077 -0.653452
-0.043467 -1.579708 -0.672461
0.119499 -1.823536 -0.724749
0.160668 -1.843254 -0.743975
-0.034131 -1.819559 -0.655179
-0.224960 -1.712223 -0.593488
-0.295402 -1.643025 -0.511072
-0.315237 -1.469053 -0.280628
-0.247149 -1.383137 -0.102677
-0.318739 -1.301250 0.001248
-0.337133 -1.296150 0.012673
-0.169428 -1.275648 -0.041497
0.012009 -1.135555 -0.097893
-0.412058 -0.409686 0.288359
-0.940879 0.158952 0.784303
-1.279615 0.402938 1.079229
-1.190358 0.486748 1.057120
-0.860606 0.334835 0.791257
-0.411738 0.001130 0.424531
-0.025785 -0.425654 -0.017342
-0.062165 -0.212455 -0.133718
-0.167446 -0.031077 -0.133608
-0.323026 0.244441 -0.074926
-0.285159 -0.084247 -0.005469
-0.072448 -0.451046 0.191680
0.161482 -0.653495 0.421987
0.582137 -0.926978 0.443761
0.723848 -0.851555 0.456853
0.166917 0.139576 0.981659
0.169012 0.522017 0.939140
0.531916 0.460488 0.762979
0.804513 0.424753 0.522315
0.871831 0.625181 0.391096
0.949563 0.806713 0.209235
1.418022 0.965522 -0.078965
2.229975 1.129857 -0.410934
2.726575 1.238176 -0.527846
2.934150 1.251156 -0.420344
2.080527 0.966683 -0.064620
1.558800 0.835556 0.175032
1.298831 1.235533 0.195236
1.120587 1.592503 0.281772
1.607624 1.375533 0.258077
2.354260 0.971996 -0.061896
2.528671 1.035561 -0.152760
2.309461 1.265064 -0.200807
1.957005 1.412684 -0.340141
1.679040 1.217740 -0.494544
1.539644 0.837221 -0.516270
1.476831 0.374899 -0.300227
1.457435 0.262073 -0.058239
1.345592 0.699011 0.361930
1.108462 1.118627 0.631301
0.999472 1.309086 0.752846
0.880811 1.498168 0.834728
0.804587 1.695893 0.743395
0.917879 1.032994 0.292487
0.933329 0.520345 0.074001
0.908077 0.435036 0.050623
0.966761 0.040497 0.093756
0.802252 -0.062638 0.644733
0.618615 -0.032343 1.057936
0.606933 -0.120175 1.167933
0.649965 -1.550807 1.067801
0.479439 -2.192662 0.993345
-0.054971 -2.514396 1.027920
-0.309423 -2.536589 1.070518
-1.486345 -1.716931 1.880251
-1.586463 -1.543289 1.986394
-1.721273 -1.133803 2.076746
-1.295266 -0.813906 1.692786
-0.910194 -0.790105 1.261298
-0.652379 -0.712190 0.854604
-0.476457 -0.565783 0.522885
-0.411116 -0.480391 0.425539
-0.085128 -0.297004 -0.023347
-0.526420 -0.027986 0.068593
-0.716169 0.054949 0.240804
-0.791070 0.029192 0.169362
-0.758024 0.088982 0.290562
-0.288535 0.217743 0.271645
0.034870 0.368052 0.234716
0.475301 0.517214 0.139812
1.017187 0.619060 0.142726
1.546501 0.717235 0.270473
1.908455 0.825836 0.468951
1.986345 0.866950 0.621811
1.954756 0.919772 0.694960
1.785559 0.819991 0.728559
1.774958 0.767680 0.679613
1.696158 0.531056 0.431656
1.935440 0.287733 -0.103019
1.968660 0.228304 -0.287746
1.840944 0.013805 -0.797399
2.029901 -0.416742 -0.891593
2.461333 -0.947197 -1.006171
3.048559 -1.344034 -1.279755
3.166828 -1.398455 -1.253956
2.518463 -1.187302 -0.832574
1.978749 -1.080869 -0.357935
1.924332 -1.129364 -0.328319
1.822391 -1.520243 -0.372299
1.475550 -1.893504 -0.463713
1.027183 -2.004399 -0.469626
0.901405 -1.965846 -0.415920
0.306510 -1.563187 0.008879
0.249474 -1.553045 0.110815
0.012741 -1.230492 0.859861
-0.150898 -0.997915 1.117069
-0.265680 -0.847956 1.211577
-0.496763 -0.702228 1.404448
-0.914578 -0.473186 1.655327
-1.225350 -0.288713 1.760426
-1.318394 -0.123717 1.627765
-1.239305 0.065561 1.553471
-1.132195 0.260449 1.484039
-1.022730 0.307478 1.479746
-0.306157 0.491964 1.272849
-0.199774 0.507703 1.239614
0.235773 0.445431 0.977443
0.388135 0.367944 0.527988
0.518737 0.365504 0.108990
0.765718 0.348261 -0.198137
0.986098 0.317790 -0.377112
1.090046 0.320343 -0.463544
1.173645 0.322163 -0.386548
1.306983 0.376655 -0.286459
1.433751 0.494203 -0.249266
1.479104 0.632547 -0.244953
1.504153 0.666349 -0.190308
1.501961 0.702621 -0.204413
1.587507 0.533711 -0.118488
1.602024 0.456187 0.077048
1.552973 0.439557 0.190226
1.421948 0.647434 0.534453
1.575199 0.778668 0.920522
1.564239 0.821269 1.070591
1.550321 0.832348 1.126104
0.981557 0.873788 1.175473
0.716226 0.896213 1.251718
0.542111 0.928301 1.309229
0.509431 1.036547 1.514083
0.476144 1.272529 1.543993
0.505269 1.538365 1.423444
0.465801 1.572050 1.381302
0.515046 1.775193 1.132922
0.498049 1.835478 1.085475
0.517073 1.916079 1.129173
0.460406 1.897160 1.162824
0.451342 1.936102 1.147713
0.482143 1.935445 1.152506
0.563303 1.903918 1.280443
0.624728 1.821677 1.538697
0.672288 1.689981 1.763744
0.631470 1.548587 1.798491
0.581199 1.400824 1.830586
0.591569 1.474874 1.923849
0.531357 1.467186 1.974509
0.560443 1.446754 1.950179
0.506154 1.469436 1.893751
0.460919 1.434723 1.720131
0.424623 1.335449 1.476966
0.453549 1.143041 1.220975
0.464753 1.103915 1.017054
0.570249 1.127427 0.923502
0.564428 1.157083 0.986287
0.603484 1.177798 1.134887
0.614708 1.099958 1.214594
0.642851 0.996158 1.297737
0.586902 0.902162 1.388497
0.544196 0.913614 1.457659
0.415750 0.936415 1.571721
0.215187 0.892413 1.653009
-0.073221 0.886317 1.659254
-0.268765 0.917826 1.692931
-0.409753 0.847076 1.819695
-0.500986 0.752992 1.923474
-0.540843 0.655934 1.899215
-0.558837 0.630209 1.880074
-0.604845 0.590506 1.915147
-0.539409 0.482106 1.889640
-0.445972 0.456792 1.739720
-0.332456 0.521885 1.619162
-0.334463 0.678955 1.582066
-0.315427 0.712247 1.642285
-0.290762 0.736786 1.565015
-0.111704 0.548643 1.394255
-0.011291 0.283754 1.200337
0.044282 0.106668 1.156556
0.055717 -0.172915 1.067682
0.106739 -0.387915 1.083681
0.030103 -0.595508 1.229028
0.029782 -0.745684 1.313413
-0.016806 -0.834884 1.342644
-0.162756 -0.967434 1.421597
-0.381187 -0.930184 1.444319
-0.558758 -0.878937 1.477187
-0.701716 -0.817819 1.505903
-0.891503 -0.678204 1.534645
-1.075171 -0.562604 1.489707
-1.219047 -0.331566 1.576381
-1.376887 -0.228318 1.590609
-1.437765 -0.157879 1.600809
-1.384173 -0.125199 1.506911
-1.382655 -0.048538 1.466304
-1.380334 -0.041153 1.376499
-1.400296 0.005351 1.405432
-1.411902 0.009753 1.412350
-1.295152 0.004478 1.418959
-1.269615 0.049830 1.399927
-1.263706 0.103877 1.444228
-1.291536 0.171353 1.345437
-1.153341 0.270192 1.276407
-1.109227 0.330047 1.114488
-1.097501 0.368171 0.995182
-1.095429 0.379764 0.889373
-1.120476 0.457566 0.815726
-1.118629 0.423634 0.692941
-1.173060 0.388966 0.644048
-1.283602 0.420460 0.569997
-1.384828 0.393951 0.533269
-1.385416 0.375686 0.510292
-1.409493 0.395219 0.523217
-1.392549 0.334345 0.579250
-1.461204 0.428903 0.676173
-1.591576 0.478542 0.726645
-1.644363 0.500616 0.833603
-1.746401 0.630431 0.914332
-1.786404 0.753627 1.036496
-1.827072 0.829825 1.076720
-1.866157 0.878537 1.104460
-1.965042 1.061545 1.143892
-2.021535 1.172708 1.120363
-1.953113 1.263462 1.127285
-1.970213 1.347651 1.098378
-2.005205 1.423975 1.055406
-1.973281 1.539199 1.081561
-1.994316 1.617164 1.115332
-1.956263 1.736122 1.066382
-1.995949 1.821248 1.040441
-2.062692 1.930199 0.991226
-2.173491 2.016940 1.036505
-2.192726 2.141554 1.134805
-2.237821 2.217836 1.214150
-2.260233 2.321175 1.324980
-2.262955 2.355374 1.419747
-2.188392 2.405196 1.472013
-2.103957 2.431606 1.538962
-2.087611 2.477591 1.590806
-2.049328 2.474166 1.710464
-2.072756 2.517994 1.897666
-2.117572 2.583750 1.951576
-2.156392 2.596722 2.016995
-2.178983 2.593812 2.070153
-2.160679 2.600294 2.067663
-2.117479 2.623046 2.224721
-2.109241 2.663427 2.256695
-2.107947 2.622749 2.378699
-2.013600 2.592555 2.396366
-1.793018 2.410385 2.341652
-1.689919 2.260461 2.238949
-1.682808 2.150374 2.197120
-1.641771 2.084419 2.254497
-1.565539 2.028813 2.288920
-1.539158 1.948300 2.389207
-1.506688 1.825511 2.486716
-1.579145 1.690918 2.561724
-1.475139 1.537417 2.509173
-1.391314 1.425098 2.422283
-1.314350 1.304604 2.361315
-1.287907 1.292421 2.355096
-1.248815 1.223926 2.358696
-1.122353 1.099234 2.132362
-1.011181 1.024613 2.064687
-1.016185 0.959120 2.020465
-1.018769 0.971807 1.992239
-1.012713 0.774132 2.033694
-0.902047 0.715114 2.031499
-0.725156 0.577296 1.953664
-0.684435 0.548784 1.894249
-0.631825 0.451622 1.748587
-0.687383 0.398200 1.697126
-0.576876 0.340846 1.602332
-0.488419 0.279737 1.506105
-0.470539 0.220903 1.457774
-0.479506 0.184267 1.513321
-0.502307 0.202382 1.511526
-0.420232 0.160833 1.497695
-0.438725 0.141650 1.589135
-0.541177 0.088199 1.704988
-0.602840 0.047107 1.789431
-0.601811 -0.040805 1.877598
-0.638185 -0.165051 1.946413
-0.680870 -0.271004 1.959953
-0.723914 -0.338561 1.936977
-0.742190 -0.352925 1.955711
-0.820401 -0.455287 1.915553
-0.845075 -0.494012 1.830864
-0.876209 -0.583014 1.713135
-0.896372 -0.540080 1.733926
-0.957640 -0.446244 1.640074
-0.986902 -0.406528 1.619861
-1.039106 -0.396579 1.573526
-1.211314 -0.366612 1.592144
-1.321447 -0.293450 1.623512
-1.326143 -0.307206 1.655185
-1.254192 -0.310831 1.783598
-1.218241 -0.347803 1.899545
-1.247285 -0.291302 1.906397
-1.114952 -0.276998 1.946342
-0.977922 -0.314612 2.019112
-1.235855 -0.268860 2.198900
-1.292178 -0.225110 2.164342
-1.312870 -0.259135 2.114639
-1.489616 -0.247092 1.972984
-1.635656 -0.216336 1.879735
-1.898411 -0.222383 1.689943
-1.954670 -0.207378 1.491902
-1.943295 -0.174286 1.334291
-1.980914 -0.087550 1.217880
-2.087845 0.104792 1.158106
-1.964179 0.181347 0.948500
-1.843126 0.343995 0.759143
-1.879226 0.494032 0.695132
-1.896804 0.611958 0.680416
-1.864255 0.728562 0.628792
-1.748121 0.785690 0.557896
-1.698334 0.830166 0.536683
-1.728836 0.909829 0.619039
-1.760270 0.977024 0.652371
-1.720786 1.108978 0.728428
-1.871842 1.234402 0.795690
-1.968286 1.353695 0.857649
-2.108556 1.409326 0.924446
-2.113405 1.458278 0.897598
-2.032341 1.515238 0.914074
-2.151599 1.604175 0.971232
-2.263027 1.744438 0.983304
-2.203820 1.926058 0.951564
-2.294096 2.130221 0.958629
-2.454736 2.291617 0.989677
-2.569461 2.430364 1.000315
-2.662463 2.437731 1.061960
-2.703209 2.354588 1.076036
-2.662156 2.263691 1.098262
-2.666226 2.159768 1.122698
-2.658994 2.114245 1.136419
-2.596918 2.127961 1.080782
-2.751087 2.226917 1.005098
-3.016562 2.291343 1.047300
-3.087893 2.288703 1.062469
-3.005949 2.228391 0.979671
-2.820026 2.061347 0.937755
-2.689507 1.925018 0.898629
-2.638107 1.887831 0.914688
-2.580996 1.958685 0.914918
-2.530806 2.104532 0.900644
-2.540952 2.240685 0.907345
-2.518011 2.224512 0.932853
-2.572070 2.168955 0.929893
-2.565476 1.759347 0.940851
-2.270173 1.506140 0.801119
-2.051017 1.312453 0.675580
-2.028705 1.286047 0.609912
-1.941642 1.244547 0.597655
-1.772533 1.382653 0.635057
-1.706406 1.524088 0.669734
-1.673176 1.367684 0.815569
-1.625446 1.296421 0.771664
-1.401161 1.033397 0.770679
-0.875652 0.708556 0.642250
-0.594487 0.673227 0.485438
-0.447006 1.007067 0.471476
-0.318491 1.348642 0.455875
-0.313628 1.438075 0.536865
-0.322012 1.397517 0.737618
-0.203865 1.325348 0.726546
0.179730 1.235592 0.579866
0.399839 1.165926 0.438464
0.590637 1.088410 0.332920
0.588292 1.300505 0.369241
0.566194 1.571116 0.360874
0.532541 1.698928 0.404444
0.499230 2.043748 0.542661
0.365165 2.016984 0.696706
0.380106 2.018582 0.771751
0.569240 1.840909 0.595440
0.797611 1.826780 0.469569
0.878505 2.003680 0.375571
0.818596 2.351435 0.358926
0.640673 2.692376 0.363101
0.532993 2.816596 0.297883
0.411969 3.022751 0.206881
0.377694 3.011268 0.224639
0.271426 3.044611 0.202800
0.530891 3.003656 -0.056886
0.891271 2.886532 -0.260572
0.978949 2.908421 -0.293558
1.186887 3.020683 -0.352157
1.575146 3.185363 -0.431129
1.844622 3.088161 -0.507603
2.225413 2.866924 -0.481827
2.274741 2.766782 -0.435248
1.969706 2.702878 -0.318869
1.646410 2.348114 -0.375795
1.379670 2.050473 -0.271774
1.315195 2.033631 -0.208608
1.016530 1.700497 0.210923
0.899675 1.529099 0.298741
1.186552 1.434136 0.275833
1.296620 1.342256 0.247473
1.604951 0.890619 0.161378
1.618761 0.691307 0.030539
1.474693 0.622863 -0.076712
1.318967 0.644957 -0.137026
1.159954 0.520295 -0.077783
0.916756 0.416820 0.019253
0.773160 0.457800 0.128325
0.735286 0.373198 0.161522
0.960895 0.008856 0.176506
1.265429 -0.280732 0.201899
1.244666 0.019742 0.291480
1.222273 0.067024 0.350785
1.292461 0.242119 0.395978
1.465962 -0.128230 0.361645
1.633531 -0.378145 0.308036
1.790148 -0.686109 0.263198
1.828585 -0.734184 0.247479
1.792230 -0.699695 0.226861
1.743894 -0.715305 0.220991
1.587150 -0.762236 0.390232
1.603971 -0.884088 0.387859
1.582538 -1.016153 0.370543
1.451261 -1.068831 0.454544
1.193176 -1.108647 0.555981
0.847183 -1.076831 0.713019
0.627182 -1.028740 0.802896
0.592314 -1.001849 0.771709
0.476610 -0.928477 0.856604
0.415878 -0.867721 0.902238
0.426459 -0.866833 0.922989
0.392259 -0.832271 0.994165
0.177912 -0.566934 1.156725
0.153216 -0.549177 1.145203
0.096114 -0.614557 1.088188
0.169859 -0.618512 1.071588
0.115527 -0.525730 1.101554
0.039711 -0.452624 1.152554
0.015878 -0.357311 1.148617
-0.067512 -0.272280 1.023111
-0.074972 -0.241175 0.921764
-0.084059 -0.164497 0.806607
-0.231692 -0.175779 0.691817
-0.353441 -0.138303 0.619723
-0.461815 -0.026842 0.562292
-0.524782 -0.031441 0.486098
-0.475591 -0.027596 0.420355
-0.493209 -0.007993 0.315986
-0.495353 0.051275 0.249540
-0.475533 0.147676 0.191684
-0.561761 -0.006946 0.193706
-0.572687 0.072791 0.179503
-0.528422 0.138143 0.158685
-0.520079 0.153372 0.124659
-0.495685 0.221479 0.096638
-0.498916 0.263441 0.034016
-0.450034 0.319298 -0.002820
-0.515675 0.375357 0.020687
-0.632030 0.386539 -0.009605
-0.688767 0.339137 0.008599
-0.788478 0.229296 0.058018
-0.881682 0.201314 0.025047
-1.036844 0.189555 0.081079
-1.106054 0.156115 0.080746
-1.147916 0.076156 0.095313
-1.218064 0.089300 0.178041
-1.272643 0.130648 0.282207
-1.384544 0.230982 0.336997
-1.479959 0.343939 0.397792
-1.519182 0.334096 0.430100
-1.588503 0.314393 0.422433
-1.610870 0.226546 0.406664
-1.531730 0.160611 0.380222
-1.520116 0.092146 0.373388
-1.530188 0.083079 0.336546
-1.489354 0.091182 0.290170
-1.465963 0.129946 0.280171
-1.363419 0.000180 0.194832
-1.359319 -0.038369 0.096978
-1.407198 -0.004336 0.075281
-1.488622 -0.067800 0.105798
-1.506581 -0.146915 0.116704
-1.540136 -0.187096 0.135493
-1.449396 -0.158312 0.146498
-1.529288 -0.131908 0.245672
-1.569724 -0.109117 0.281925
-1.615237 -0.003385 0.274611
-1.729256 -0.012196 0.333492
-1.662035 -0.068809 0.332416
-1.662584 -0.043056 0.375015
-1.713953 -0.170582 0.298780
-1.829526 -0.252047 0.255676
-1.957120 -0.309296 0.276991
-1.861928 -0.382512 0.245230
-1.818586 -0.421146 0.237204
-1.833705 -0.430690 0.271418
-1.847040 -0.453331 0.363974
-1.770033 -0.530177 0.346827
-1.751958 -0.580825 0.446133
-1.715090 -0.623118 0.470401
-1.652527 -0.583276 0.503307
-1.635002 -0.596885 0.427950
-1.533085 -0.607606 0.426277
-1.538233 -0.614163 0.375129
-1.561335 -0.620689 0.343996
-1.531422 -0.642232 0.311628
-1.517947 -0.618214 0.238535
-1.540222 -0.610023 0.219936
-1.514614 -0.600614 0.188551
-1.406329 -0.574795 0.044091
-1.425486 -0.517940 -0.055020
-1.362462 -0.478886 -0.114931
-1.374983 -0.479552 -0.156514
-1.289527 -0.431839 -0.207027
-1.222332 -0.410991 -0.232995
-1.185096 -0.431553 -0.154782
-1.197541 -0.483891 -0.095818
-1.246459 -0.500216 -0.025002
-1.236917 -0.566202 -0.004775
-1.235301 -0.552350 0.092211
-1.317232 -0.614040 0.120779
-1.402136 -0.680175 0.133799
-1.450264 -0.665656 0.203919
-1.458346 -0.594714 0.188162
-1.466182 -0.546422 0.221565
-1.458154 -0.501400 0.228275
-1.478426 -0.440290 0.162611
-1.444260 -0.353096 0.124728
-1.447032 -0.321742 0.103776
-1.418510 -0.223403 0.030617
-1.456489 -0.193213 -0.018899
-1.474193 -0.004829 -0.041894
-1.493224 0.084070 -0.119287
-1.493926 0.168369 -0.162282
-1.510993 0.201055 -0.157544
-1.515840 0.158810 -0.184493
-1.439052 0.173133 -0.164972
-1.386291 0.146058 -0.148064
-1.376338 0.201717 -0.081142
-1.386574 0.206049 -0.002900
-1.339806 0.231237 0.035813
-1.266845 0.190652 0.003292
-1.194496 0.179202 0.065637
-1.175714 0.144315 0.095122
-1.195069 0.192577 0.111519
-1.256756 0.281031 0.165760
-1.317895 0.360936 0.168460
-1.339427 0.442568 0.107070
-1.388621 0.463956 0.031731
-1.539677 0.495261 -0.030043
-1.590541 0.574478 -0.107457
-1.655052 0.680865 -0.164113
-1.658709 0.771637 -0.241366
-1.661155 0.949151 -0.315162
-1.624116 1.081425 -0.278268
-1.605726 1.274429 -0.296577
-1.550167 1.401239 -0.334736
-1.497250 1.458670 -0.379598
-1.471477 1.440964 -0.389350
-1.440849 1.417548 -0.365840
-1.480850 1.491539 -0.294234
-1.498083 1.506854 -0.240192
-1.473939 1.585477 -0.150124
-1.396649 1.597345 -0.036924
-1.304328 1.620005 0.004009
-1.255894 1.584659 0.057620
-1.183859 1.603469 0.110706
-1.074411 1.522158 0.236351
-1.013613 1.476573 0.303182
-1.013088 1.382973 0.344277
-1.052645 1.298141 0.435887
-1.035557 1.182847 0.555086
-0.968241 1.003743 0.614419
-0.940552 0.876493 0.659940
-0.911626 0.781228 0.701092
-0.903290 0.754793 0.689182
-0.916580 0.719980 0.701092
-0.892527 0.566274 0.714654
-0.817979 0.432206 0.687892
-0.820034 0.309775 0.679708
-0.795308 0.275456 0.583549
-0.789437 0.222422 0.568046
-0.708611 0.151796 0.435564
-0.636551 0.116787 0.376840
-0.436361 0.075323 0.229510
-0.368892 0.045231 0.072691
-0.278780 0.100552 -0.016171
-0.186921 0.079038 -0.142801
-0.087191 0.041640 -0.341574
0.020061 0.028407 -0.528858
0.057815 0.079168 -0.693538
0.026002 0.183082 -0.817963
-0.029258 0.291881 -0.963768
-0.105427 0.313810 -1.102120
-0.088714 0.330562 -1.190351
-0.083461 0.311081 -1.297209
-0.024125 0.252431 -1.361867
0.084797 0.240912 -1.359144
0.164145 0.184650 -1.426594
0.313961 0.130873 -1.414445
0.351165 0.111205 -1.430639
0.399277 0.040883 -1.437893
0.419470 -0.049990 -1.308482
0.442222 -0.211831 -1.282156
0.461548 -0.327191 -1.245128
0.424645 -0.461423 -1.129632
0.257298 -0.571246 -1.008728
0.048437 -0.699001 -0.938284
-0.158608 -0.743306 -0.897960
-0.365444 -0.886848 -0.919676
-0.615955 -0.996514 -0.867390
-0.695866 -0.989610 -0.758969
-0.800834 -0.989973 -0.827853
-0.861865 -0.990386 -0.814781
-0.801619 -1.001248 -0.855737
-0.730273 -1.019523 -0.911336
-0.647497 -0.993656 -0.926066
-0.585107 -0.983758 -0.916912
-0.502084 -0.923977 -0.972567
-0.481679 -0.883294 -0.973926
-0.481675 -0.843924 -0.915025
-0.438499 -0.805853 -0.864595
-0.445880 -0.786508 -0.957130
-0.423968 -0.792073 -0.964922
-0.339818 -0.656860 -0.999859
-0.297011 -0.511372 -0.888893
-0.224254 -0.368299 -0.925278
-0.228356 -0.259580 -0.900191
-0.244189 -0.276883 -0.902323
-0.282637 -0.263101 -0.916747
-0.300427 -0.172717 -0.802190
-0.578496 -0.021813 -0.703972
-0.812631 0.106450 -0.716766
-0.912238 0.311580 -0.779290
-0.751525 0.352899 -0.875203
-0.653079 0.506115 -0.908721
-0.604624 0.643367 -0.895877
-0.722713 0.919891 -0.893646
-1.097280 1.075520 -0.778050
-1.324420 1.043800 -0.613705
-1.557310 0.858787 -0.362129
-1.664828 0.699347 -0.250741
-1.671635 0.536331 -0.060797
-1.766174 0.558416 0.126481
-1.951048 0.681086 0.252093
-1.993143 0.672709 0.272794
-2.237543 0.715310 0.476982
-2.307828 0.732018 0.616763
-2.378074 0.614942 0.699821
-2.677505 0.116980 0.850330
-2.564841 -0.075488 0.830631
-2.467532 -0.296556 0.661977
-2.547030 -0.275469 0.599978
-2.546604 -0.097091 0.613515
-2.568092 0.008605 0.659933
-2.624602 0.026198 0.619845
-2.698862 0.036892 0.652381
-2.786599 0.085597 0.627399
-2.808623 0.109331 0.509465
-3.074000 0.019603 0.718215
-3.280120 0.047464 0.920371
-3.349638 0.051860 1.006055
-3.263065 0.048317 1.063884
-3.078402 0.035095 1.100393
-3.038479 0.066213 1.137880
-2.999332 0.207336 1.071624
-2.927870 0.204017 0.940320
-2.727993 0.190612 0.898861
-2.536036 0.216775 0.911899
-2.381133 0.195417 0.974098
-2.049630 0.134448 0.983249
-1.711842 0.057681 1.002523
-1.467155 0.028540 1.024486
-1.375395 0.080307 1.177155
-1.334213 0.073538 1.216612
-1.139003 0.212160 1.222873
-1.085587 0.221941 1.334962
-1.016150 0.259991 1.300813
-1.054890 0.297071 1.467857
-1.067590 0.327610 1.477568
-1.081617 0.477204 1.438429
-1.055006 0.595144 1.464161
-1.007209 0.589501 1.413819
-0.991022 0.649073 1.432850
-0.866189 0.721040 1.394102
-0.767441 0.854584 1.319557
-0.804804 0.932094 1.306298
-0.837130 1.099089 1.299354
-0.830005 1.221430 1.049215
-0.971543 1.201050 1.056139
-1.006079 1.221061 1.039932
-1.059457 1.046984 1.288957
-0.991313 1.004879 1.391230
-1.066072 0.940532 1.460597
-1.125866 0.900403 1.585883
-1.058767 0.786032 1.590218
-1.079672 0.680506 1.621230
-1.217461 0.621369 1.631775
-1.359496 0.617530 1.600548
-1.523537 0.599021 1.622409
-1.597450 0.656972 1.650157
-1.613972 0.702752 1.668987
-1.639011 0.725428 1.656957
-1.636179 0.719684 1.599283
-1.649787 0.687960 1.572037
-1.580442 0.681829 1.634278
-1.492844 0.655605 1.649409
-1.467014 0.662415 1.600488
-1.498546 0.693037 1.589822
-1.592603 0.753717 1.687860
-1.572212 0.795615 1.759569
-1.502938 0.793294 1.738522
-1.220665 0.694399 1.691684
-1.049921 0.637166 1.608019
-1.174071 0.747045 1.572521
-1.627302 1.085397 1.728329
-1.866181 1.227217 1.680460
-1.866842 1.206339 1.627005
-1.045042 0.695275 1.486938
-0.330826 0.420364 1.412113
-0.597656 0.659939 1.439982
-0.717821 0.900928 1.354312
-0.530338 0.834465 1.227126
-0.080226 0.520890 1.161901
-0.023641 0.287415 1.183072
-0.392597 0.236761 1.099625
-0.717148 0.242405 1.061883
-0.675194 0.320651 1.023054
-0.632966 0.452806 1.094966
-0.524986 0.523215 1.220325
-0.469629 0.623580 1.239230
-0.386404 0.889857 1.255071
-0.397319 1.019771 1.332111
-0.515037 1.051859 1.447128
-0.631525 0.989210 1.502385
-0.728974 1.002742 1.434595
-0.830123 1.098093 1.355112
-1.103166 1.192421 1.402260
-1.304994 1.244118 1.404336
-1.327972 1.293279 1.413354
-1.341644 1.390583 1.382398
-1.334353 1.536094 1.365728
-1.269127 1.648872 1.371312
-1.235715 1.784437 1.344159
-1.242212 1.874023 1.238286
-1.110186 1.889345 1.161758
-0.935727 1.823009 1.075748
-0.955943 1.751845 1.065378
-1.116523 1.649071 1.019870
-0.930062 1.567257 0.860336
-0.874628 1.553018 0.828122
-1.011097 1.541005 0.915257
-1.245239 1.457759 1.065141
-1.630893 1.399796 1.196876
-1.941791 1.281617 1.373135
-2.045282 1.108443 1.563823
-2.263881 1.044543 1.802802
-2.718285 0.928019 2.076924
-2.811506 0.786076 2.187260
-2.585488 0.689252 2.254269
-2.399401 0.610040 2.304006
-2.358427 0.365837 2.296397
-2.429824 0.232437 2.282751
-2.461990 0.084324 2.182225
-2.445110 -0.145969 2.157768
-2.393382 -0.289672 2.147747
-2.384222 -0.387080 2.144952
-2.285186 -0.403795 2.100569
-2.060959 -0.394772 1.956540
-1.879660 -0.409266 1.746923
-1.814278 -0.522557 1.556258
-1.728774 -0.646910 1.414083
-1.761716 -0.848146 1.207833
-1.783474 -0.946381 1.051552
-1.885502 -1.058864 0.816036
-1.808724 -1.112394 0.730166
-1.673659 -1.200369 0.458282
-1.481536 -1.218246 0.311786
-1.177529 -1.151154 0.187453
-1.055516 -1.206660 0.143624
-0.924343 -1.294269 0.047345
-0.910417 -1.392626 0.006565
-0.888269 -1.434800 -0.014654
-0.872856 -1.591285 0.026594
-0.914577 -1.614265 0.042821
-0.844882 -1.639698 0.090587
-0.786529 -1.691980 0.061663
-0.836867 -1.626058 0.033863
-0.799994 -1.644294 0.105425
-0.859202 -1.762165 0.111313
-1.048262 -1.768411 0.205011
-1.129095 -1.825960 0.184861
-1.217254 -1.805297 0.165126
-1.372482 -1.747886 0.141825
-1.500402 -1.536798 0.158033
-1.442338 -1.398051 0.066608
-1.404905 -1.376984 0.003843
-1.421649 -1.295468 -0.015046
-1.508607 -1.253750 -0.046166
-1.555973 -1.224945 -0.121951
-1.542155 -1.135638 -0.177447
-1.480964 -1.029417 -0.188604
-1.614833 -1.107364 -0.121374
-1.846895 -1.155405 -0.049714
-2.002406 -1.155316 -0.005970
-2.134868 -1.161163 0.113255
-2.383365 -1.274007 0.187773
-2.568700 -1.364010 0.273488
-2.710113 -1.367814 0.351524
-2.559440 -1.236230 0.437556
-2.589537 -1.300615 0.481832
-2.442941 -1.289895 0.525648
-2.289656 -1.357416 0.475061
-2.205897 -1.338140 0.450942
-2.151859 -1.408185 0.400711
-2.261556 -1.396846 0.345446
-2.538852 -1.433092 0.261001
-2.610396 -1.526059 0.175586
-2.688434 -1.518923 0.094839
-2.733812 -1.415534 0.139137
-2.907434 -1.244398 0.268269
-3.163070 -1.049241 0.411409
-3.329314 -0.824753 0.464012
-3.188311 -0.771969 0.434700
-3.057027 -0.731527 0.440418
-3.082210 -0.716474 0.479847
-3.045704 -0.804265 0.466296
-2.951719 -0.767757 0.383934
-2.896964 -0.731954 0.333590
-2.853765 -0.728402 0.281125
-2.706818 -0.706592 0.171430
-2.444899 -0.670040 0.009840
-2.223063 -0.632595 -0.126310
-2.030149 -0.539162 -0.226121
-1.936053 -0.493540 -0.182301
-1.814795 -0.368685 -0.170565
-1.784685 -0.170148 -0.265764
-1.887926 0.024017 -0.364628
-2.035185 0.243165 -0.382100
-1.975925 0.316363 -0.383464
-1.760658 0.331811 -0.371582
-1.487809 0.372438 -0.324905
-1.358361 0.514649 -0.297570
-1.292451 0.625741 -0.257157
-1.075866 0.829246 -0.369208
-0.833708 0.898278 -0.440422
-0.737107 0.891499 -0.542967
-0.576949 0.813970 -0.655474
-0.764762 0.818760 -0.660386
-0.837795 0.841703 -0.680049
-0.699692 0.838280 -0.686877
-0.454717 0.936366 -0.708322
-0.320232 1.056914 -0.792240
-0.266363 1.238895 -0.813587
-0.093364 1.330616 -0.944609
0.063990 1.251281 -1.041035
0.057604 1.196569 -0.994416
-0.050548 1.146058 -0.930454
0.068600 1.116554 -0.828596
0.251496 1.188526 -0.726588
0.351512 1.332595 -0.661930
0.445138 1.412638 -0.633680
0.502088 1.334031 -0.626926
0.535618 1.269612 -0.611283
0.411161 1.319533 -0.518507
0.268734 1.361395 -0.439845
0.252839 1.491741 -0.381221
0.323207 1.645458 -0.319287
0.447104 1.800935 -0.181537
0.428894 1.826376 -0.047418
0.417561 1.805300 0.104836
0.430866 1.746967 0.233266
0.396775 1.683695 0.329283
0.392666 1.602866 0.383076
0.244406 1.496051 0.410706
0.084303 1.428142 0.530853
-0.178348 1.196608 0.579278
-0.144923 1.042104 0.660390
-0.364082 0.951574 0.674267
-0.457080 0.998547 0.757906
-0.463117 1.034440 0.692398
-0.463286 1.066012 0.686796
-0.508350 1.022082 0.704655
-0.490011 0.950964 0.720889
-0.535474 0.925148 0.716197
-0.594542 0.870770 0.723695
-0.672114 0.851533 0.690673
-0.702866 0.854142 0.731272
-0.719783 0.818182 0.733060
-0.735880 0.852979 0.795391
-0.748555 0.855696 0.851073
-0.818012 0.862338 0.902430
-0.838836 0.856130 0.998069
-0.804730 0.902993 1.063099
-0.778616 0.876572 1.035127
-0.785784 0.929782 1.021741
-0.851809 0.900418 1.087785
-0.962008 0.835020 1.050677
-0.984576 0.863176 0.991341
-1.048552 0.839186 0.957910
-1.023960 0.814958 0.894891
-1.163914 0.730395 0.842220
-1.336668 0.740736 0.842032
-1.422172 0.661375 0.786812
-1.475485 0.629322 0.823087
-1.504276 0.608489 0.891162
-1.583472 0.555826 0.969019
-1.643687 0.452700 1.084600
-1.627151 0.381421 1.169508
-1.729629 0.187442 1.251791
-1.787391 0.115270 1.304107
-1.824931 -0.009801 1.319902
-1.831459 -0.125827 1.311950
-1.806604 -0.215209 1.243295
-1.725100 -0.281229 1.164997
-1.777297 -0.325227 1.119446
-1.709124 -0.225083 1.058093
-1.699932 -0.114733 0.977421
-1.639159 0.040611 0.901524
-1.620239 0.089303 0.916336
-1.549872 0.106309 0.958113
-1.501620 0.126824 0.936140
-1.444679 0.164404 0.964727
-1.413862 0.175059 1.007694
-1.423427 0.119480 1.044644
-1.493651 0.024145 1.063318
-1.454033 -0.072248 1.089579
-1.413008 -0.148042 1.115498
-1.378887 -0.255592 1.076202
-1.316759 -0.358584 1.077763
-1.321749 -0.373814 1.030342
-1.319205 -0.395516 0.964847
-1.324621 -0.509166 0.899527
-1.370723 -0.520957 0.804871
-1.471849 -0.577928 0.696975
-1.603416 -0.567400 0.642175
-1.723673 -0.558348 0.520600
-1.813990 -0.578362 0.434724
-1.880231 -0.573692 0.398620
-1.939630 -0.571342 0.336894
-1.932354 -0.520397 0.269309
-1.971517 -0.524065 0.231941
-2.035633 -0.517242 0.170115
-2.046205 -0.560281 0.183381
-2.045660 -0.583866 0.145555
-2.071494 -0.630609 0.125309
-2.082270 -0.662177 0.157789
-2.095297 -0.647369 0.052732
-2.039546 -0.644309 0.038426
-1.966682 -0.675281 -0.015703
-1.959385 -0.722354 -0.065903
-1.888933 -0.674895 -0.115066
-1.867252 -0.645748 -0.171904
-1.822352 -0.547612 -0.192283
-1.784248 -0.499766 -0.214258
-1.767495 -0.494106 -0.226305
-1.716399 -0.442865 -0.230810
-1.620430 -0.397376 -0.290111
-1.550386 -0.334971 -0.244527
-1.511869 -0.184746 -0.215001
-1.459136 -0.151324 -0.242794
-1.437191 -0.044609 -0.249972
-1.415627 -0.026576 -0.224398
-1.392955 -0.010503 -0.184446
-1.392955 -0.010503 -0.184446
-1.392400 0.188754 -0.181014
-1.269602 0.232564 -0.260967
-1.173362 0.280005 -0.343095
-1.101462 0.520504 -0.287477
-1.095751 0.473243 -0.295315
-1.019579 0.607598 -0.242877
-0.919302 0.729689 -0.173205
-0.823669 0.823648 -0.114896
-0.862537 0.834342 -0.117070
-0.740711 0.990415 0.002409
-0.722701 1.037346 0.026818
-0.671527 1.081720 0.092954
-0.600879 1.174952 0.248253
-0.475678 1.211190 0.345535
-0.550251 1.228037 0.438220
-0.607276 1.331773 0.560578
-0.629691 1.354588 0.622639
-0.707443 1.391588 0.663134
-0.832720 1.401445 0.714084
-0.828134 1.396653 0.745487
-0.915183 1.385285 0.763196
-0.851684 1.357477 0.695393
-0.718839 1.490991 0.730262
-0.720353 1.503698 0.690808
-0.601410 1.511575 0.742377
-0.465759 1.501296 0.724900
-0.301985 1.518457 0.696715
-0.292394 1.482999 0.668417
-0.400835 1.391197 0.756748
-0.458802 1.363085 0.785278
-0.513391 1.279107 0.819882
-0.634979 1.246020 0.848625
-0.728088 1.237740 0.938396
-0.772955 1.205774 1.066415
-0.803492 1.206786 1.100583
-0.766604 1.244769 1.143336
-0.767353 1.259006 1.142842
-0.803100 1.260066 1.149025
-0.778924 1.212150 1.131186
-0.848517 1.180825 1.019964
-0.797780 1.151209 0.980937
-0.818744 1.128604 0.892254
-0.899495 1.126541 0.881238
-0.948176 1.129082 0.941120
-1.015602 1.089613 0.986877
-1.031745 1.067989 0.983726
-1.100939 1.107869 1.024862
-1.126301 1.071472 1.054586
-1.279458 1.099073 1.111087
-1.378875 1.041518 1.112148
-1.384022 0.940384 1.043910
-1.498656 0.908354 1.069148
-1.503732 0.932815 1.102653
-1.437282 0.931300 1.092190
-1.450581 0.941737 1.017041
-1.448994 0.942223 1.016760
-1.418875 0.981400 1.006019
-1.348546 1.005563 1.053418
-1.312849 0.986744 1.018143
-1.369521 0.981067 1.008885
-1.355187 0.978705 1.011338
-1.327951 0.917346 0.945139
-1.344334 0.926747 0.980032
-1.318066 0.838255 0.994108
-1.274582 0.874722 0.983720
-1.243133 0.836336 1.031661
-1.207284 0.820522 1.044946
-1.162601 0.796575 1.088470
-1.165841 0.814716 1.081628
-1.126073 0.805418 1.088707
-1.067284 0.841377 1.118335
-1.052056 0.877506 1.101322
-1.092120 0.954757 1.072540
-0.950654 1.025611 1.082018
-0.844459 1.060198 1.070934
-0.812356 1.050861 1.068707
-0.681855 1.112972 1.070316
-0.632277 1.171347 1.048721
-0.568892 1.171822 1.061418
-0.312322 1.142777 1.020712
-0.376381 1.202741 0.883903
-0.515440 1.308855 0.804895
-0.528531 1.341147 0.766527
-0.658968 1.378151 0.762885
-0.771275 1.450112 0.845954
-0.897859 1.533590 0.906494
-1.000651 1.665219 0.961368
-1.085940 1.768750 1.001827
-1.089925 1.805695 1.057776
-1.018264 1.820360 1.068443
-0.962878 1.878195 1.085517
-0.917821 1.814675 0.920480
-0.869089 1.777741 0.793144
-0.893634 1.714078 0.806323
-0.787976 1.709523 0.839494
-0.709430 1.771668 0.813062
-0.677627 1.778125 0.870434
-0.565344 1.773405 0.901775
-0.561272 1.778719 0.870753
-0.482202 1.709921 0.807006
-0.469423 1.687133 0.786074
-0.466955 1.687287 0.788597
-0.469342 1.690940 0.793911
-0.432610 1.587877 0.720992
-0.303086 1.540067 0.780898
-0.170092 1.515932 0.910386
-0.053098 1.634843 1.021783
0.090688 1.656492 1.018550
0.091890 1.662923 1.063179
0.053711 1.636054 0.991436
-0.000171 1.596361 0.879587
-0.013288 1.706074 0.835719
0.073351 1.957324 0.747753
0.146186 2.018082 0.711088
0.085398 2.077636 0.706351
-0.067299 2.081660 0.723676
-0.223556 2.060974 0.746325
-0.671313 1.895838 0.759070
-0.744094 1.857086 0.766988
-0.892377 1.612143 0.905771
-0.965153 1.506801 0.970461
-1.019675 1.371669 1.053038
-1.009291 1.249170 1.047577
-0.980324 1.154834 1.124410
-0.970720 1.045229 1.128396
-1.016950 0.912864 1.173004
-1.079591 0.812528 1.193318
-1.137565 0.773711 1.159458
-1.398538 0.570118 1.086981
-1.527226 0.453667 0.972564
-1.613928 0.421865 0.953680
-1.606100 0.464345 0.902203
-1.618263 0.474353 0.875576
-1.522327 0.510115 0.850227
-1.479126 0.605684 0.847540
-1.413264 0.662658 0.897649
-1.382507 0.682733 0.953606
-1.352296 0.744253 0.950752
-1.391039 0.724262 0.976257
-1.406857 0.708009 0.978750
-1.262277 0.581111 0.986767
-1.043576 0.549712 0.936767
-1.050411 0.547851 0.916424
-1.058180 0.528937 0.912074
-0.984961 0.504375 0.859135
-1.037756 0.440958 0.728326
-1.111485 0.380465 0.670118
-1.302214 0.305908 0.393913
-1.282064 0.250815 0.194532
-1.284569 0.277931 0.087473
-1.266062 0.240061 -0.073755
-1.199927 0.230348 -0.169116
-1.153844 0.196780 -0.284950
-1.085073 0.239016 -0.288638
-0.926176 0.093213 -0.467790
-0.925725 -0.059240 -0.521711
-0.946496 -0.154281 -0.531353
-0.942641 -0.246356 -0.583695
-0.936442 -0.309982 -0.506540
-0.947776 -0.402677 -0.506249
-0.902248 -0.546131 -0.511849
-0.911296 -0.605006 -0.405340
-0.924129 -0.636844 -0.430994
-0.929275 -0.734144 -0.416383
-0.882428 -0.854426 -0.451538
-0.789359 -1.029508 -0.546462
-0.715871 -1.065715 -0.625831
-0.662922 -1.030277 -0.660719
-0.581058 -1.048121 -0.750435
-0.463766 -1.000384 -0.760451
-0.492830 -1.025562 -0.796187
-0.521492 -0.989499 -0.762364
-0.582273 -0.987091 -0.682328
-0.595406 -0.988090 -0.662499
-0.654621 -0.886472 -0.470230
-0.647484 -0.867797 -0.482228
-0.850775 -0.822296 -0.458464
-0.863190 -0.815127 -0.514685
-0.823882 -0.825996 -0.559264
-0.826497 -0.916478 -0.632136
-0.807932 -1.002753 -0.746257
-0.835299 -1.020926 -0.804879
-0.815751 -0.974578 -0.827984
-0.968175 -1.032788 -0.851090
-1.023216 -1.073786 -0.783579
-1.140616 -1.147341 -0.769121
-1.406874 -1.137429 -0.719814
-1.654915 -1.153831 -0.648937
-1.747050 -1.193483 -0.608458
-1.962352 -1.267372 -0.495811
-1.957185 -1.280781 -0.463510
-1.941670 -1.295465 -0.443449
-1.869906 -1.300004 -0.406503
-1.850380 -1.301655 -0.399158
-1.909313 -1.256427 -0.380222
-1.905190 -1.135677 -0.498727
-1.876675 -1.164409 -0.511259
-1.888543 -1.084483 -0.547979
-1.849407 -1.007580 -0.547702
-1.707668 -0.732192 -0.570032
-1.688226 -0.664244 -0.620227
-1.596326 -0.449185 -0.677838
-1.729635 -0.414741 -0.714744
-1.977501 -0.205202 -0.702358
-2.065646 -0.204383 -0.704603
-1.934345 0.011240 -0.594906
-1.684063 0.004712 -0.556400
-1.394724 0.053262 -0.467000
-1.333885 0.028146 -0.463466
-1.481029 0.128665 -0.443893
-1.522297 0.184472 -0.435124
-1.393005 0.070904 -0.536185
-1.561362 -0.041061 -0.593907
-1.890749 0.003127 -0.591451
-2.028836 0.076941 -0.656064
-2.021680 0.110357 -0.638180
-1.917952 0.383869 -0.616154
-1.927905 0.372741 -0.603155
-1.943231 0.403734 -0.597587
-1.704661 0.475513 -0.506015
-1.718257 0.503945 -0.495746
-1.843965 0.505147 -0.474274
-1.804111 0.489498 -0.384967
-2.051988 0.606590 -0.309798
-2.052040 0.636213 -0.233097
-1.640433 0.422828 -0.108462
-1.062322 0.191463 -0.014895
-0.985108 0.166540 0.030681
-1.668855 0.636805 0.116024
-2.113171 0.720138 0.133198
-1.633036 0.551494 0.280591
-0.692243 0.181089 0.361050
0.404222 -0.120321 0.443920
0.368961 -0.037550 0.415506
-0.560661 0.434513 0.400003
-0.749456 0.639770 0.412145
-0.666141 0.548216 0.549417
-0.582353 0.507900 0.647012
-0.629290 0.425981 0.725948
-0.873436 0.500137 0.724054
-0.934727 0.616528 0.670696
-0.921213 0.673382 0.702690
-0.830310 0.794305 0.753719
-0.703592 0.822567 0.691642
-0.572099 0.895287 0.722430
-1.013277 1.229783 0.618714
-1.418668 1.372022 0.505925
-1.473639 1.349825 0.550088
-1.143394 0.929451 0.556106
-0.957943 0.854785 0.524489
-0.814282 0.875223 0.532087
-0.858357 0.947515 0.517304
-0.781504 0.879118 0.578672
-0.710798 0.884103 0.624944
-0.702076 0.800897 0.741531
-0.716470 0.688101 0.832693
-0.769952 0.635298 0.909306
-0.863646 0.589415 0.967973
-0.841787 0.573219 0.954455
-0.785419 0.553046 0.976072
-0.823747 0.627076 0.977351
-1.011606 0.686712 0.949258
-1.085965 0.660399 0.802430
-0.953827 0.676092 0.724131
-0.767122 0.688500 0.665990
-0.718987 0.681068 0.614933
-0.732159 0.789919 0.595252
-0.687035 0.824514 0.600165
-0.593963 0.839139 0.656653
-0.523507 0.777545 0.752306
-0.538865 0.741476 0.888620
-0.608274 0.654577 0.953501
-0.696857 0.574307 1.011451
-0.836043 0.610360 1.106344
-0.976020 0.672473 1.040325
-0.889479 0.647543 0.902719
-0.767626 0.655250 0.840011
-0.818859 0.749978 0.828161
-0.894360 0.815814 0.716159
-0.844975 0.962846 0.637710
-0.665917 1.001180 0.720542
-0.686188 0.957651 0.757889
-0.821495 0.973915 0.781050
-1.082543 0.917586 0.800639
-1.228800 0.942933 0.912691
-1.265359 0.929279 0.882463
-1.386869 0.944003 0.945394
-1.455310 0.875554 1.032232
-1.299286 0.876225 1.082393
-1.161516 0.893642 1.035992
-0.950933 0.920139 0.943612
-1.006375 0.900987 0.882161
-0.873146 0.843080 0.805077
-0.843177 0.714050 0.724037
-0.940801 0.709076 0.709312
-0.911864 0.747149 0.802546
-0.845929 0.819979 0.875941
-0.966855 0.874481 1.017837
-1.083690 0.890555 1.075415
-1.037252 0.795379 1.072413
-0.640335 0.782787 1.096146
-0.476289 0.782644 1.072378
-0.439459 0.838929 0.982679
-0.352014 0.868675 0.899075
-0.440653 0.829788 0.850732
-0.627880 0.821646 0.792304
-0.771273 0.875045 0.759568
-0.775168 0.941540 0.727927
-0.621337 1.059324 0.885016
-0.545813 1.102706 0.913033
-0.509572 1.110799 1.014303
-0.514165 1.018105 1.081247
-0.621309 0.886703 1.019671
-0.693429 0.734675 1.040309
-0.672303 0.637619 0.996817
-0.664066 0.663188 0.951248
-0.679943 0.638784 0.864321
-0.708457 0.681341 0.807823
-0.603423 0.640243 0.761990
-0.676839 0.652441 0.721059
-0.687547 0.617824 0.759962
-0.657310 0.665523 0.770514
-0.669403 0.672312 0.826472
-0.715367 0.672604 0.866383
-0.789529 0.641641 0.910413
-0.863319 0.611762 0.889126
-0.883576 0.611309 0.931745
-0.865309 0.588563 0.928979
-0.865884 0.581826 0.850516
-0.749988 0.615098 0.823019
-0.658338 0.592374 0.803377
-0.636954 0.584148 0.813209
-0.628449 0.577042 0.791944
-0.613736 0.595498 0.809585
-0.639896 0.621093 0.761238
-0.630114 0.645372 0.684793
-0.652080 0.641298 0.634840
-0.606006 0.665511 0.625808
-0.583672 0.627736 0.630883
-0.597561 0.632367 0.599302
-0.614736 0.609895 0.591105
-0.611737 0.605172 0.634326
-0.646509 0.581668 0.657526
-0.649647 0.556062 0.661031
-0.620542 0.531462 0.692439
-0.648546 0.580391 0.723153
-0.708244 0.569715 0.798692
-0.713139 0.566093 0.756697
-0.720168 0.635719 0.835625
-0.794448 0.680595 0.799002
-0.842738 0.716531 0.788777
-0.832660 0.678679 0.745285
-0.805401 0.640427 0.724470
-0.796349 0.675456 0.728368
-0.837328 0.666198 0.721318
-0.801132 0.652461 0.711539
-0.758685 0.694050 0.671830
-0.768528 0.719075 0.711045
-0.762078 0.710630 0.663774
-0.761695 0.661408 0.650270
-0.718977 0.621246 0.675061
-0.756359 0.581306 0.706027
-0.764505 0.548540 0.650782
-0.722670 0.527567 0.687353
-0.696486 0.534254 0.674952
-0.676107 0.517087 0.688459
-0.598707 0.544539 0.698640
-0.570870 0.526218 0.627128
-0.482020 0.505917 0.626410
-0.483736 0.481999 0.621061
-0.510796 0.483352 0.618268
-0.524727 0.437529 0.576108
-0.551535 0.505597 0.575952
-0.578131 0.462630 0.547746
-0.596091 0.506126 0.550767
-0.540772 0.488324 0.507384
-0.469757 0.495506 0.523028
-0.494828 0.480064 0.491176
-0.435202 0.429601 0.474724
-0.445069 0.422607 0.475792
-0.411691 0.435648 0.408689
-0.414855 0.405382 0.395789
-0.411760 0.351378 0.374554
-0.368003 0.329865 0.351696
-0.384637 0.289455 0.334640
-0.375619 0.284428 0.267306
-0.423903 0.268543 0.269857
-0.343515 0.217334 0.284371
-0.279095 0.233160 0.250613
-0.239959 0.208421 0.287612
-0.227031 0.179246 0.220442
-0.153215 0.154876 0.211529
-0.108534 0.200852 0.185281
-0.230098 0.199989 0.198265
-0.239851 0.252101 0.115144
-0.293623 0.309567 0.094162
-0.296431 0.325728 0.077913
-0.346784 0.334701 0.071704
-0.379351 0.317008 0.060235
-0.378716 0.305365 0.098699
-0.335575 0.266007 0.078045
-0.409256 0.295130 0.084387
-0.476313 0.288298 0.078624
-0.484635 0.237784 -0.005037
-0.615483 0.241241 0.028195
-0.716476 0.183357 0.099984
-0.838391 0.108709 0.185937
-0.866969 0.073421 0.220097
-0.846339 0.038012 0.290019
-0.742757 0.001623 0.239154
-0.711124 -0.069421 0.242667
-0.735537 -0.126911 0.197732
-0.686971 -0.165407 0.168629
-0.780837 -0.179593 0.125236
-0.817537 -0.179481 0.092594
-0.777840 -0.273347 0.015949
-0.848428 -0.351353 -0.011772
-0.822023 -0.382907 -0.062144
-0.769024 -0.346840 -0.101473
-0.840697 -0.354562 -0.108801
-0.836514 -0.379567 -0.141855
-0.797031 -0.332717 -0.171260
-0.782101 -0.354334 -0.199911
-0.783931 -0.382070 -0.224337
-0.774286 -0.371385 -0.245604
-0.859569 -0.361518 -0.227050
-0.885898 -0.397334 -0.232967
-0.917637 -0.468450 -0.293775
-0.938469 -0.512595 -0.329958
-0.944572 -0.542894 -0.334092
-0.982513 -0.637253 -0.297747
-1.020184 -0.645576 -0.315003
-1.017042 -0.629686 -0.379306
-1.021159 -0.698978 -0.429834
-1.060516 -0.723540 -0.417110
-1.001285 -0.743624 -0.402527
-0.951743 -0.742444 -0.415563
-0.942582 -0.773821 -0.374865
-0.998436 -0.743257 -0.376607
-1.003112 -0.774464 -0.429366
-1.070742 -0.785676 -0.389051
-1.052825 -0.808562 -0.401243
-1.105118 -0.853242 -0.411297
-1.100277 -0.846438 -0.401054
-1.036520 -0.812853 -0.407430
-0.972620 -0.811007 -0.387120
-0.842621 -0.775288 -0.390405
-0.814432 -0.725114 -0.394728
-0.734060 -0.712299 -0.402093
-0.714503 -0.699109 -0.481056
-0.717087 -0.729875 -0.463013
-0.738658 -0.713504 -0.515395
-0.805346 -0.731349 -0.519169
-0.822989 -0.723233 -0.553665
-0.780850 -0.715242 -0.519465
-0.785498 -0.716069 -0.513529
-0.768845 -0.664927 -0.469353
-0.742991 -0.699858 -0.392179
-0.660770 -0.713629 -0.379226
-0.680269 -0.718799 -0.386405
-0.616201 -0.704298 -0.370570
-0.553059 -0.737454 -0.453874
-0.570787 -0.726540 -0.454590
-0.601302 -0.772306 -0.459281
-0.590424 -0.750033 -0.482452
-0.610129 -0.746398 -0.504955
-0.503223 -0.766420 -0.537873
-0.511007 -0.707016 -0.476828
-0.489361 -0.643800 -0.553348
-0.424405 -0.557792 -0.549076
-0.384955 -0.468241 -0.572716
-0.339474 -0.360396 -0.610131
-0.374219 -0.220587 -0.611770
-0.350887 -0.246631 -0.592578
-0.423269 -0.238123 -0.554338
-0.481829 -0.333515 -0.612014
-0.474506 -0.336767 -0.583689
-0.510585 -0.381625 -0.568887
-0.554609 -0.342184 -0.490006
-0.558072 -0.340763 -0.507069
-0.498063 -0.300311 -0.463257
-0.400086 -0.209812 -0.423571
-0.410006 -0.226316 -0.421333
-0.383332 -0.233177 -0.432779
-0.229731 -0.083844 -0.347572
-0.176073 0.005701 -0.277572
-0.089177 0.058686 -0.227145
-0.048186 0.027715 -0.264628
-0.115830 0.064487 -0.238211
-0.194115 0.050959 -0.208446
-0.235212 0.023624 -0.164255
-0.246136 0.013155 -0.165599
-0.251979 0.023711 -0.127031
-0.261883 0.005454 -0.067946
-0.233262 0.059515 -0.021348
-0.167860 0.059589 0.004742
-0.098262 0.072842 0.091510
-0.028385 0.078185 0.085717
-0.067065 0.073788 0.110171
0.010074 0.109472 0.095024
0.147316 0.090354 0.149326
0.145842 0.139503 0.189037
0.220862 0.206197 0.269423
0.290820 0.206076 0.286831
0.307922 0.228003 0.275206
0.370243 0.189145 0.260544
0.357651 0.199443 0.356008
0.286919 0.153822 0.341015
0.245171 0.169233 0.332178
0.226097 0.120224 0.312934
0.197710 0.114801 0.334304
0.000325 0.063161 0.392413
-0.038087 0.064090 0.427636
-0.037740 0.092388 0.427210
-0.022812 0.114722 0.426940
-0.060040 0.099448 0.452646
-0.033626 0.098077 0.449044
-0.010494 0.096799 0.459712
0.030038 0.052271 0.392620
-0.084051 -0.050525 0.332065
-0.139893 -0.081298 0.374425
-0.193656 -0.076618 0.358840
-0.214144 -0.145109 0.387373
-0.262105 -0.164288 0.326214
-0.346378 -0.209311 0.308884
-0.395167 -0.190336 0.308422
-0.364299 -0.259603 0.210193
-0.388368 -0.314030 0.171689
-0.395804 -0.393352 0.180736
-0.421687 -0.419691 0.142131
-0.503292 -0.466385 0.161325
-0.491859 -0.466340 0.100816
-0.542881 -0.523631 0.091429
-0.609224 -0.545911 0.032887
-0.592003 -0.614972 -0.023398
-0.584715 -0.646139 -0.077510
-0.600985 -0.678312 -0.155852
-0.622203 -0.610418 -0.179607
-0.596725 -0.584491 -0.231810
-0.565465 -0.502493 -0.284273
-0.540129 -0.494116 -0.373881
-0.537582 -0.517665 -0.377188
-0.537582 -0.517665 -0.377188
-0.485223 -0.347256 -0.531059
-0.355676 -0.270888 -0.605609
-0.310504 -0.256970 -0.622634
-0.280161 -0.187159 -0.647893
-0.202364 -0.178155 -0.670998
-0.186950 -0.149892 -0.629221
-0.209497 -0.133480 -0.650239
-0.234667 -0.126908 -0.579607
-0.316682 -0.171782 -0.558571
-0.422775 -0.166955 -0.482931
-0.513088 -0.184335 -0.422699
-0.654400 -0.315372 -0.433659
-0.730867 -0.400500 -0.386199
-0.739080 -0.418637 -0.432397
-0.765695 -0.453690 -0.414152
-0.832718 -0.471911 -0.453721
-0.833056 -0.526729 -0.533459
-0.877218 -0.509390 -0.512525
-0.875610 -0.506170 -0.523457
-0.843379 -0.512327 -0.558006
-0.827173 -0.562591 -0.536392
-0.781242 -0.578085 -0.577983
-0.861199 -0.592625 -0.566908
-0.931237 -0.604366 -0.582410
-0.975125 -0.623174 -0.513943
-0.926916 -0.629728 -0.564325
-0.962131 -0.596540 -0.552339
-0.945589 -0.563242 -0.540576
-0.956878 -0.580727 -0.497194
-0.945878 -0.607025 -0.515316
-0.923701 -0.630847 -0.536102
-0.826033 -0.636426 -0.553916
-0.821660 -0.558620 -0.559461
-0.765761 -0.530496 -0.535062
-0.815326 -0.511663 -0.529517
-0.803621 -0.501279 -0.576886
-0.785077 -0.517052 -0.519961
-0.805955 -0.515433 -0.507030
-0.820763 -0.555505 -0.529135
-0.846324 -0.545134 -0.570182
-0.820686 -0.567354 -0.571418
-0.773306 -0.589880 -0.629251
-0.757739 -0.609244 -0.607771
-0.722431 -0.623220 -0.612393
-0.708313 -0.678576 -0.649706
-0.649955 -0.673986 -0.610765
-0.672233 -0.661438 -0.606155
-0.700207 -0.658980 -0.614596
-0.748520 -0.601846 -0.577660
-0.716679 -0.561432 -0.533503
-0.703509 -0.458201 -0.566034
-0.691962 -0.448479 -0.518965
-0.719812 -0.342840 -0.560194
-0.739854 -0.208163 -0.584145
-0.753046 -0.148424 -0.592625
-0.808448 -0.090095 -0.584109
-0.809797 -0.051027 -0.568026
-0.859756 -0.032546 -0.541628
-0.867941 -0.088282 -0.485651
-0.874406 -0.084089 -0.457925
-0.914166 -0.120250 -0.420768
-0.951429 -0.152657 -0.335813
-0.996814 -0.177815 -0.372838
-1.044173 -0.171697 -0.257986
-1.100849 -0.211410 -0.232210
-1.135156 -0.207053 -0.193814
-1.157799 -0.243874 -0.089822
-1.145537 -0.299209 -0.046071
-1.131350 -0.327681 -0.038568
-1.065798 -0.390956 0.032228
-1.095209 -0.407999 0.129079
-1.107974 -0.459067 0.201245
-1.120730 -0.460107 0.220984
-1.033665 -0.504021 0.245220
-1.002412 -0.536211 0.259955
-1.003844 -0.615446 0.363168
-0.873419 -0.592125 0.406799
-0.908013 -0.698079 0.475919
-0.893177 -0.735499 0.502380
-1.020437 -0.869972 0.567893
-1.054210 -0.904009 0.590531
-1.012796 -0.940968 0.586212
-1.044479 -0.987392 0.699230
-1.143331 -0.969106 0.698065
-1.164765 -0.996944 0.758903
-1.123552 -0.912271 0.758657
-0.995408 -0.862443 0.742734
-0.875115 -0.775518 0.709294
-0.818220 -0.761725 0.727430
-0.730506 -0.734786 0.731138
-0.655633 -0.690630 0.718861
-0.571056 -0.592352 0.719104
-0.485231 -0.533078 0.694601
-0.426278 -0.551133 0.761244
-0.400621 -0.618575 0.775712
-0.442876 -0.643445 0.845320
-0.482578 -0.686657 0.857380
-0.478106 -0.648595 0.848509
-0.563913 -0.643088 0.847401
-0.582295 -0.625457 0.837299
-0.617075 -0.626672 0.848471
-0.633529 -0.635770 0.860586
-0.664117 -0.563660 0.848944
-0.666679 -0.533077 0.795611
-0.715100 -0.481373 0.816686
-0.785925 -0.446967 0.794074
-0.837619 -0.414297 0.816862
-0.890781 -0.431557 0.812683
-0.970567 -0.415660 0.819579
-1.017260 -0.388483 0.783530
-1.028763 -0.417153 0.851176
-1.059903 -0.396568 0.824192
-1.121979 -0.485069 0.842954
-1.146380 -0.484761 0.859987
-1.142579 -0.496153 0.881440
-1.230315 -0.504339 0.912052
-1.246807 -0.504904 0.891784
-1.229113 -0.551734 0.889982
-1.197290 -0.586310 0.959929
-1.145833 -0.644546 0.957861
-1.134203 -0.640687 0.949881
-1.169621 -0.623123 0.980689
-1.104312 -0.575077 1.012936
-1.167296 -0.574207 1.016584
-1.203099 -0.521907 0.987264
-1.206801 -0.467572 1.033741
-1.151988 -0.431806 1.016236
-1.148847 -0.399918 1.041815
-1.095100 -0.355994 1.040454
-1.064022 -0.326991 1.049031
-1.071818 -0.315466 1.053840
-1.015945 -0.259010 0.997488
-0.996452 -0.245360 1.030164
-0.973047 -0.253932 1.019609
-0.997916 -0.260302 1.006248
-0.983082 -0.299446 1.015408
-1.065646 -0.265783 1.055536
-1.116581 -0.289881 1.024611
-1.174924 -0.226732 1.061774
-1.258929 -0.217662 1.018998
-1.238714 -0.208664 1.043342
-1.381345 -0.143342 1.034383
-1.432711 -0.128973 0.987566
-1.458235 -0.044125 0.964774
-1.454822 -0.029872 0.940076
-1.442764 0.014877 0.960460
-1.471807 0.057128 0.969897
-1.466240 0.123761 0.937209
-1.489844 0.168538 0.910134
-1.535738 0.144648 0.895205
-1.475855 0.192572 0.793594
-1.534337 0.203698 0.834552
-1.558333 0.188726 0.872311
-1.559752 0.163036 0.916581
-1.560156 0.159497 0.944710
-1.552576 0.127087 0.958835
-1.596903 0.107976 0.963440
-1.592470 0.051534 1.005107
-1.605356 0.044264 0.994331
-1.559569 0.015305 0.990761
-1.534695 -0.023131 1.027374
-1.493236 -0.012083 1.002860
-1.435840 -0.048675 0.974880
-1.401095 -0.080316 0.915443
-1.383459 -0.092895 0.933778
-1.290013 -0.038745 0.891290
-1.258299 0.007841 0.835684
-1.199471 0.062624 0.824373
-1.144688 0.132728 0.834116
-1.056071 0.138999 0.805326
-1.020136 0.126411 0.781181
-0.998787 0.104256 0.726760
-0.974764 0.129353 0.704356
-0.916843 0.186311 0.640024
-0.916211 0.193212 0.622702
-0.874678 0.227039 0.625809
-0.854109 0.238937 0.577209
-0.874320 0.214741 0.591063
-0.835459 0.223755 0.562600
-0.903800 0.223349 0.512136
-0.976437 0.241327 0.555984
-1.009311 0.204370 0.561376
-1.050967 0.173184 0.526449
-1.062163 0.258179 0.564255
-1.145296 0.221472 0.529697
-1.231291 0.234425 0.550138
-1.259355 0.132594 0.537110
-1.280213 0.070756 0.512427
-1.145509 -0.031754 0.461327
-1.063488 -0.189310 0.406255
-1.101342 -0.262915 0.397356
-1.050283 -0.401436 0.280333
-0.989471 -0.485418 0.247166
-0.936589 -0.580805 0.220102
-0.947459 -0.663020 0.162980
-0.964324 -0.810542 0.118846
-0.951730 -0.781831 0.105655
-0.967217 -0.796319 0.004815
-0.998865 -0.754796 -0.095182
-1.089370 -0.670774 -0.145867
-1.187899 -0.593365 -0.131699
-1.131147 -0.536293 -0.165150
-1.104892 -0.468574 -0.216012
-1.101823 -0.464873 -0.208698
-1.156809 -0.456821 -0.244145
-1.145638 -0.407011 -0.236250
-1.052853 -0.432346 -0.244400
-0.987655 -0.405790 -0.205680
-0.876257 -0.530850 -0.240743
-0.855556 -0.545175 -0.234599
-0.832766 -0.585281 -0.237913
-0.811042 -0.581320 -0.277818
-0.809627 -0.655267 -0.265007
-0.779585 -0.743527 -0.277072
-0.862194 -0.718927 -0.278388
-0.936963 -0.718106 -0.249299
-1.028727 -0.689745 -0.273077
-1.059754 -0.648011 -0.277289
-1.058752 -0.649298 -0.264210
-0.994636 -0.640924 -0.248041
-0.920279 -0.709343 -0.206840
-0.899908 -0.726309 -0.203541
-0.897981 -0.728806 -0.243112
-0.862729 -0.774153 -0.194510
-0.891530 -0.841800 -0.202765
-0.860225 -0.846347 -0.196045
-0.931549 -0.811422 -0.211259
-0.939000 -0.823693 -0.221970
-1.045724 -0.806673 -0.257185
-1.134063 -0.790743 -0.266743
-1.147904 -0.819084 -0.285864
-1.176914 -0.824131 -0.288067
-1.204278 -0.837923 -0.295271
-1.192392 -0.842137 -0.300131
-1.215136 -0.795614 -0.338959
-1.184064 -0.758470 -0.337973
-1.157720 -0.730716 -0.321788
-1.144128 -0.666586 -0.339450
-1.048081 -0.639512 -0.337736
-0.994474 -0.615863 -0.309044
-0.913247 -0.620125 -0.297610
-0.820776 -0.648438 -0.236264
-0.805576 -0.630285 -0.253560
-0.792363 -0.689848 -0.311483
-0.769688 -0.672688 -0.308727
-0.811901 -0.656022 -0.319351
-0.818526 -0.611722 -0.353035
-0.854420 -0.530622 -0.299492
-0.902496 -0.482601 -0.334726
-0.916420 -0.454576 -0.286198
-0.911018 -0.461890 -0.325052
-0.879288 -0.477278 -0.305882
-0.872209 -0.489205 -0.259450
-0.867432 -0.528901 -0.301133
-0.855203 -0.530690 -0.272200
-0.926216 -0.519929 -0.260998
-0.927129 -0.553956 -0.259094
-0.903395 -0.579282 -0.194988
-0.857542 -0.643742 -0.234890
-0.852721 -0.703930 -0.208973
-0.888303 -0.747305 -0.216009
-0.895018 -0.786095 -0.222626
-0.838336 -0.833238 -0.212585
-0.848631 -0.840361 -0.204133
-0.811850 -0.850568 -0.194427
-0.790589 -0.846478 -0.155252
-0.826895 -0.801878 -0.094634
-0.932868 -0.793508 -0.005910
-1.022997 -0.838705 0.072217
-1.166410 -0.831541 0.146014
-1.375401 -0.684117 0.261783
-1.534088 -0.534882 0.302170
-1.667929 -0.415869 0.408702
-1.767842 -0.305082 0.485183
-1.914120 -0.244510 0.562241
-2.000933 -0.208594 0.665336
-2.011374 -0.243381 0.693852
-1.999409 -0.194271 0.732630
-1.939243 -0.180087 0.753278
-1.963984 -0.272007 0.707417
-2.032756 -0.301513 0.651260
-1.974981 -0.350351 0.676806
-2.023168 -0.377241 0.660846
-2.081309 -0.452109 0.683495
-2.076352 -0.478540 0.741985
-1.966557 -0.386591 0.819040
-1.956575 -0.233426 0.831245
-2.043640 -0.190494 0.875740
-2.070367 -0.081927 0.891477
-2.079196 0.021442 0.840179
-2.025508 0.138327 0.820722
-2.032839 0.210189 0.835121
-2.016069 0.235726 0.875498
-1.937360 0.277803 0.813816
-1.921124 0.329598 0.828975
-1.826672 0.322775 0.841277
-1.759989 0.352732 0.876601
-1.625057 0.335581 0.900751
-1.580596 0.333015 0.891088
-1.504473 0.329631 0.857311
-1.493350 0.306888 0.810597
-1.515507 0.200485 0.765925
-1.618300 0.175469 0.802831
-1.701595 0.174479 0.801311
-1.768200 0.155484 0.783455
-1.780877 0.153777 0.763581
-1.895375 0.236841 0.848434
-1.912561 0.262144 0.901524
-1.744055 0.319109 0.956767
-1.626801 0.314277 0.961717
-1.694547 0.345563 0.940055
-1.678969 0.354036 0.918302
-1.704146 0.415003 0.870788
-1.725072 0.452318 0.850379
-1.775983 0.527977 0.763950
-1.796166 0.549376 0.662325
-1.934545 0.542118 0.575003
-1.924827 0.528672 0.518101
-1.964070 0.481792 0.514479
-1.982182 0.433138 0.469853
-1.991989 0.406728 0.446576
-1.853171 0.404397 0.439049
-1.760004 0.424027 0.460606
-1.777893 0.429311 0.427913
-1.847644 0.416220 0.400497
-1.831928 0.424084 0.383148
-1.859775 0.452305 0.406287
-1.846359 0.502275 0.357819
-1.839184 0.578352 0.301967
-1.859102 0.558539 0.308126
-1.826033 0.578158 0.304958
-1.779497 0.565962 0.327179
-1.824887 0.520662 0.250188
-1.851335 0.461262 0.210510
-1.831127 0.442083 0.185732
-1.848816 0.389479 0.149331
-1.873540 0.373608 0.130653
-1.921510 0.353594 0.136838
-1.955113 0.299982 0.131141
-2.006376 0.233890 0.106818
-2.044600 0.267255 0.084200
-2.050141 0.340908 0.057050
-2.046179 0.400305 0.097290
-1.992838 0.442628 0.116423
-2.001993 0.552106 0.153109
-1.918001 0.548534 0.147612
-1.907407 0.458037 0.122438
-1.920756 0.438342 0.193804
-1.921640 0.368814 0.307980
-2.034612 0.273738 0.321306
-2.074205 0.274655 0.373005
-2.139996 0.182513 0.403190
-2.100076 0.169054 0.449980
-2.093162 0.131892 0.432984
-2.091686 0.099757 0.463448
-2.099092 0.068394 0.464355
-2.059190 0.111584 0.509973
-2.018767 0.092649 0.548108
-1.994546 0.203836 0.583870
-2.015586 0.240438 0.612821
-2.031480 0.241272 0.590909
-2.021448 0.392668 0.603663
-1.933608 0.420364 0.610991
-1.953242 0.524922 0.610864
-1.956995 0.490329 0.598625
-1.949541 0.511353 0.531067
-1.933835 0.466399 0.566703
-1.940644 0.355459 0.569594
-1.978192 0.243898 0.580025
-2.069825 0.140584 0.586466
-2.095247 0.116470 0.577733
-2.132156 0.102270 0.506153
-2.091554 0.128735 0.568573
-2.095196 0.084605 0.551966
-2.071737 0.085490 0.562539
-2.014926 0.108241 0.541884
-1.945487 0.132795 0.477174
-1.896327 0.201708 0.439794
-1.781727 0.288542 0.366548
-1.613284 0.215063 0.275635
-1.416194 0.205383 0.164745
-1.263318 0.096690 0.122712
-1.157349 0.068759 -0.007712
-1.120610 0.024922 -0.062815
-1.114432 0.072209 -0.119344
-1.078257 0.096231 -0.215009
-1.045611 0.142788 -0.191811
-0.912261 0.130976 -0.261878
-0.941522 0.162534 -0.252276
-0.957792 0.238414 -0.260938
-0.947603 0.238256 -0.288522
-0.916149 0.291825 -0.321064
-0.932541 0.372549 -0.327243
-1.054657 0.404578 -0.367584
-1.217261 0.441981 -0.334959
-1.389489 0.483541 -0.279115
-1.534065 0.547714 -0.209095
-1.633469 0.504624 -0.214121
-1.727316 0.435333 -0.205417
-1.782489 0.435012 -0.188077
-1.769862 0.411981 -0.195154
-1.751760 0.324389 -0.175712
-1.686913 0.299001 -0.163118
-1.622044 0.295486 -0.107838
-1.620011 0.335979 -0.105146
-1.637733 0.326194 -0.098578
-1.639532 0.330148 -0.058885
-1.709950 0.273102 -0.082295
-1.836922 0.321196 -0.075166
-1.979481 0.295291 -0.084907
-2.062224 0.286794 -0.078757
-2.110760 0.380269 -0.177672
-2.102920 0.402494 -0.184158
-1.975774 0.444294 -0.209950
-1.830944 0.544099 -0.210119
-1.753970 0.684352 -0.212090
-1.649923 0.705736 -0.207852
-1.469328 0.791108 -0.175579
-1.421364 0.842559 -0.135985
-1.369396 0.842596 -0.075287
-1.334897 0.750071 -0.110189
-1.208169 0.731042 -0.128850
-1.123198 0.661161 -0.111737
-1.060997 0.602806 -0.138251
-1.002582 0.571050 -0.155778
-0.784656 0.595271 -0.089516
-0.682529 0.628744 -0.053834
-0.647426 0.662075 -0.008857
-0.635612 0.677944 0.060805
-0.709137 0.744590 0.091713
-0.737226 0.814621 0.167817
-0.798289 0.857989 0.238608
-0.910314 0.981742 0.329873
-0.999596 1.075260 0.382445
-0.989744 1.214831 0.474429
-0.970402 1.346857 0.554124
-1.004645 1.450415 0.561892
-1.056482 1.491564 0.558470
-1.020167 1.462186 0.560445
-0.971202 1.446425 0.554703
-1.024710 1.330773 0.566347
-1.239771 1.262861 0.543776
-1.302187 1.248263 0.547962
-1.431706 1.223562 0.513052
-1.500044 1.157682 0.499711
-1.579068 1.173787 0.514560
-1.678039 1.211751 0.555079
-1.688319 1.241336 0.596092
-1.651696 1.278455 0.585885
-1.517770 1.334374 0.571150
-1.352504 1.289573 0.572313
-1.244622 1.309216 0.544930
-1.179867 1.280121 0.586502
-1.146901 1.235546 0.603393
-1.156410 1.151029 0.626125
-1.176856 1.041781 0.618960
-1.239741 0.963318 0.605565
-1.270058 0.863099 0.596306
-1.374029 0.799678 0.562623
-1.330528 0.808576 0.556734
-1.337604 0.834125 0.547317
-1.307599 0.845543 0.583871
-1.235444 0.912464 0.555540
-1.220394 0.974923 0.591007
-1.151443 0.976879 0.620243
-1.123554 1.039036 0.618789
-1.073279 1.024758 0.633573
-1.086412 1.020969 0.700209
-1.132108 1.026329 0.670563
-1.162425 1.030159 0.694010
-1.228664 1.063013 0.725832
-1.228760 1.065059 0.727867
-1.209673 1.078086 0.720070
-1.240996 1.173381 0.701765
-1.262151 1.246999 0.660228
-1.217523 1.260721 0.569882
-1.176259 1.336665 0.531147
-1.105362 1.369032 0.504234
-1.099802 1.344461 0.536603
-1.090819 1.278929 0.498344
-1.108784 1.220750 0.538657
-1.150000 1.165715 0.556381
-1.177636 1.098774 0.627199
-1.209242 1.082854 0.691609
-1.208207 1.007817 0.746091
-1.185959 0.994541 0.737229
-1.148374 0.977988 0.809358
-1.061233 0.980334 0.846685
-1.012672 0.981833 0.855629
-0.819815 0.914121 0.852167
-0.616152 0.875991 0.873012
-0.479187 0.907759 0.868416
-0.576979 0.879881 0.876718
-0.604699 0.900598 0.837105
-0.653763 0.806865 0.809505
-0.700292 0.787624 0.781463
-0.800654 0.814068 0.773337
-0.874471 0.865172 0.817751
-0.843600 0.869666 0.812344
-0.656081 0.924373 0.809920
-0.534930 1.010374 0.827630
-0.490266 1.101707 0.819279
-0.397314 1.120196 0.831253
-0.394359 1.144960 0.825580
-0.410597 1.154124 0.811648
-0.417216 1.107562 0.816883
-0.501517 1.094060 0.827858
-0.501517 1.094060 0.827858
-0.485156 1.036170 0.827568
-0.575609 0.968853 0.854487
-0.647551 0.925963 0.817828
-0.641399 0.963520 0.803231
-0.497057 1.022883 0.814586
-0.459780 1.080576 0.807432
-0.479715 1.111824 0.788889
-0.428797 1.089328 0.771985
-0.422325 1.111330 0.732580
-0.392148 1.115736 0.720715
-0.408535 1.180875 0.714052
-0.429262 1.161490 0.741789
-0.424630 1.180856 0.693900
-0.473250 1.161162 0.776381
-0.515001 1.154726 0.780822
-0.488441 1.138715 0.808078
-0.519217 1.160086 0.811708
-0.476886 1.149389 0.783064
-0.492265 1.083719 0.801869
-0.471076 1.113161 0.789795
-0.424024 1.105073 0.821355
-0.359698 1.058756 0.851024
-0.269042 1.065920 0.833896
-0.259129 1.060310 0.864633
-0.107316 0.997445 0.852869
-0.066789 0.991043 0.826601
-0.062773 0.983537 0.820053
0.146225 0.966105 0.825370
0.172875 0.901294 0.811557
0.047664 0.857067 0.765290
-0.061414 0.853472 0.776186
-0.064231 0.806580 0.816208
-0.044627 0.750520 0.785729
-0.148099 0.804561 0.821813
-0.183391 0.765282 0.791246
-0.203113 0.822685 0.797736
-0.201107 0.816806 0.814665
-0.204425 0.858721 0.801377
-0.203608 0.871861 0.784515
-0.291506 0.774571 0.836836
-0.305232 0.770278 0.839406
-0.391499 0.751264 0.817211
-0.456372 0.811622 0.795968
-0.559103 0.799756 0.748873
-0.545952 0.771017 0.731705
-0.564868 0.800495 0.737621
-0.523670 0.725866 0.703448
-0.519989 0.720561 0.664510
-0.475744 0.750602 0.709715
-0.459950 0.750051 0.686716
-0.413642 0.798409 0.691018
-0.413268 0.820011 0.683968
-0.431059 0.882090 0.691929
-0.424388 0.882486 0.697382
-0.421743 0.971198 0.745451
-0.406842 0.952556 0.697086
-0.447471 0.952981 0.743230
-0.452192 0.902030 0.701659
-0.418736 0.966820 0.725590
-0.429406 0.945294 0.687038
-0.407579 0.990682 0.683456
-0.373184 0.970740 0.709894
-0.377779 0.957136 0.689722
-0.381335 0.925609 0.687435
-0.381156 0.898447 0.698566
-0.328036 0.853417 0.703932
-0.385732 0.824409 0.687483
-0.367870 0.773343 0.714601
-0.377663 0.842490 0.755463
-0.377942 0.833816 0.748590
-0.322599 0.822926 0.787284
-0.400289 0.842034 0.761614
-0.453908 0.848496 0.815425
-0.469104 0.843937 0.804905
-0.442961 0.918275 0.846836
-0.413574 0.947468 0.903501
-0.429156 0.938938 0.879530
-0.400651 0.978230 0.894235
-0.392217 0.962140 0.905911
-0.425737 0.963046 0.871545
-0.454355 0.985034 0.892988
-0.436415 0.991390 0.888238
-0.465364 0.970318 0.826593
-0.390730 0.960839 0.824293
-0.334036 0.949355 0.794278
-0.294244 0.974537 0.780237
-0.276201 0.942867 0.760739
-0.357600 0.976569 0.769417
-0.361858 0.990674 0.786578
-0.387267 1.013310 0.839600
-0.391884 1.053693 0.871604
-0.428784 1.063205 0.892924
-0.434475 1.029593 0.956800
-0.444533 1.056076 0.922553
-0.434681 1.062233 0.915256
-0.409204 1.049883 0.900144
-0.427411 1.044721 0.832519
-0.379476 1.076278 0.877152
-0.404479 1.070635 0.872879
-0.420364 1.056647 0.861320
-0.407120 1.061688 0.822595
-0.403692 1.050429 0.792983
-0.447759 1.110515 0.792431
-0.445843 1.079782 0.781015
-0.492690 1.080125 0.815670
-0.466279 1.108766 0.788958
-0.465492 1.075623 0.810062
-0.454714 1.051557 0.823373
-0.491970 1.010076 0.846736
-0.451473 0.989617 0.781699
-0.468095 0.984037 0.774533
-0.353553 0.972006 0.761395
-0.254119 0.956088 0.766465
-0.241265 0.912956 0.829905
-0.219541 0.877598 0.816896
-0.218324 0.857110 0.823908
-0.241849 0.914361 0.832765
-0.232907 0.901144 0.835337
-0.214866 0.912748 0.864196
-0.173511 0.915874 0.825701
-0.181470 0.894470 0.838685
-0.213190 0.910548 0.836129
-0.203638 0.832118 0.814877
-0.164574 0.872409 0.840514
-0.128596 0.867742 0.777826
-0.091128 0.879735 0.757636
-0.106997 0.885463 0.785389
-0.087565 0.907106 0.774890
-0.084720 0.883201 0.756772
-0.110659 0.888938 0.704292
-0.193219 0.865777 0.681584
-0.209978 0.871013 0.695149
-0.293089 0.895509 0.679868
-0.337183 0.897389 0.642580
-0.368117 0.850153 0.620983
-0.329448 0.901469 0.566638
-0.265135 0.898805 0.560543
-0.271217 0.894873 0.527158
-0.223065 0.872896 0.479362
-0.255797 0.860637 0.488040
-0.185253 0.816974 0.438637
-0.237915 0.794805 0.438107
-0.273741 0.816645 0.419639
-0.318236 0.788821 0.370920
-0.331902 0.769953 0.377825
-0.317343 0.795996 0.309012
-0.348929 0.782861 0.317833
-0.266440 0.802489 0.218172
-0.239082 0.800968 0.243987
-0.200095 0.807213 0.210658
-0.191433 0.829552 0.228944
-0.158568 0.788500 0.188151
-0.108006 0.823209 0.171746
-0.162103 0.831605 0.133171
-0.164462 0.823020 0.100315
-0.208936 0.783686 0.097422
-0.262596 0.825375 0.069256
-0.216186 0.817546 0.027130
-0.190334 0.845116 0.041216
-0.157570 0.843316 0.023936
-0.125427 0.840861 0.026983
-0.109304 0.837035 0.001727
-0.184595 0.765797 0.008777
-0.207629 0.714333 0.054044
-0.256046 0.706200 0.033391
-0.398771 0.686346 0.041914
-0.391849 0.652361 0.037004
-0.430913 0.659242 0.070312
-0.462533 0.612685 0.054336
-0.511781 0.644347 0.042463
-0.543009 0.653976 0.080816
-0.553488 0.605636 0.113578
-0.546667 0.630393 0.156997
-0.502402 0.625617 0.140278
-0.460318 0.614580 0.159310
-0.486009 0.614046 0.188370
-0.500475 0.528223 0.186223
-0.587906 0.551481 0.173662
-0.602190 0.536171 0.222754
-0.568976 0.515834 0.194873
-0.582476 0.530059 0.269501
-0.629040 0.528616 0.304597
-0.614965 0.501335 0.307234
-0.539514 0.532469 0.317169
-0.519755 0.502442 0.349061
-0.524134 0.536765 0.364948
-0.523139 0.535254 0.359394
-0.481923 0.552830 0.409794
-0.458857 0.589265 0.378856
-0.450461 0.653365 0.428368
-0.451454 0.665422 0.463018
-0.458190 0.651752 0.402505
-0.444063 0.599200 0.479408
-0.493689 0.598528 0.482915
-0.472500 0.588792 0.470343
-0.518353 0.577444 0.447319
-0.515125 0.579109 0.510159
-0.516593 0.605455 0.501802
-0.524576 0.592297 0.484511
-0.537295 0.630143 0.516814
-0.472203 0.592897 0.495116
-0.459356 0.667384 0.464763
-0.385128 0.633910 0.519879
-0.352697 0.580588 0.519276
-0.323732 0.534709 0.531551
-0.304440 0.544153 0.563855
-0.329852 0.571696 0.552603
-0.312299 0.579487 0.565178
-0.336159 0.593751 0.594025
-0.317456 0.629265 0.597800
-0.292989 0.642984 0.637696
-0.317928 0.638394 0.653272
-0.309619 0.692366 0.713344
-0.278636 0.670009 0.752116
-0.288235 0.648435 0.733839
-0.297431 0.649601 0.736569
-0.199121 0.617433 0.814298
-0.233683 0.623410 0.859602
-0.209732 0.601818 0.840967
-0.144884 0.657450 0.868773
-0.069771 0.629528 0.934150
-0.050419 0.633157 0.947521
-0.048279 0.624868 0.949380
-0.004474 0.551611 0.944451
0.105118 0.580650 0.937043
0.098137 0.517926 0.964939
0.155114 0.539036 0.974180
0.209481 0.507673 0.942563
0.218462 0.458863 0.952545
0.228283 0.423858 0.948096
0.232751 0.403651 1.003725
0.260849 0.413150 0.969431
0.215474 0.385298 1.004647
0.124062 0.386775 0.954949
0.086740 0.404763 1.009726
0.119832 0.400573 1.001188
0.204249 0.371398 0.981989
0.212278 0.341995 0.933134
0.249446 0.409645 0.924353
0.234720 0.416226 0.851903
0.277853 0.426780 0.808663
0.287623 0.465467 0.795277
0.303144 0.480731 0.771833
0.295142 0.501411 0.762376
0.276649 0.483021 0.792310
0.221684 0.424294 0.771019
0.168134 0.396004 0.775407
0.123500 0.376831 0.774785
0.124363 0.441690 0.773668
0.070558 0.419447 0.750983
0.073604 0.416320 0.797305
0.095721 0.374651 0.864843
0.135681 0.400595 0.890054
0.068004 0.385789 0.832128
0.014865 0.474259 0.797076
0.097115 0.505903 0.725077
0.205764 0.549182 0.695632
0.267727 0.531648 0.699383
0.308080 0.481898 0.715679
0.264051 0.449892 0.746307
0.212248 0.436974 0.756523
0.223575 0.444694 0.717287
0.275736 0.449829 0.725628
0.183884 0.480507 0.649074
0.108457 0.566516 0.547028
0.183356 0.638843 0.404109
0.254786 0.665821 0.390142
0.332490 0.700736 0.371383
0.299588 0.673498 0.438017
0.290999 0.626964 0.478608
0.327334 0.591101 0.546893
0.470982 0.667016 0.632092
0.547331 0.724503 0.703820
0.542024 0.729482 0.746042
0.755813 0.825430 0.621003
0.966713 0.926623 0.480812
1.207315 1.069993 0.290404
1.309659 1.234843 0.099091
1.339588 1.257590 0.053494
1.190539 1.383106 -0.082213
0.746956 1.550710 -0.110570
0.573652 1.579446 -0.129598
0.501262 1.586461 -0.150330
0.327270 1.522800 -0.127429
0.428267 1.513691 -0.205226
0.593402 1.602396 -0.217201
0.953564 1.687209 -0.267877
1.246825 1.744357 -0.371446
1.359661 1.761145 -0.375355
1.534316 1.792006 -0.517751
1.534275 1.755588 -0.653089
1.432460 1.788149 -0.671920
1.163713 1.800015 -0.718063
0.943198 1.797968 -0.777861
0.306701 1.478920 -0.652387
0.555484 1.455428 -0.591648
0.679082 1.401225 -0.588424
0.848479 1.333790 -0.636220
1.255591 1.316440 -0.705641
1.373652 1.314315 -0.725772
1.708892 1.347863 -0.798093
1.666525 1.303357 -0.799886
1.378892 1.138782 -0.855201
1.138146 1.104696 -0.899616
0.770053 1.020103 -0.899582
0.703743 0.959903 -0.901656
0.889567 0.978875 -0.968972
0.928783 0.955003 -1.133685
0.925423 0.933231 -1.138198
0.776879 0.877636 -1.121704
0.675652 0.898407 -1.068417
0.619092 0.913497 -1.042832
0.463663 0.853135 -0.961641
0.291740 0.787373 -0.913275
0.148891 0.771185 -1.019213
0.120926 0.801119 -1.069201
0.113394 0.719255 -1.062441
0.038432 0.641251 -1.127265
-0.224168 0.523879 -1.208530
-0.253585 0.442420 -1.174091
-0.309308 0.438915 -1.243854
-0.524476 0.260655 -1.335067
-0.738672 0.167944 -1.253078
-0.899205 -0.000307 -1.153929
-0.838799 -0.218308 -0.980395
-0.761811 -0.270262 -0.905416
-1.048749 -0.345585 -0.772476
-1.339001 -0.344218 -0.691699
-2.105181 -0.599672 -0.661186
-2.324209 -0.855723 -0.703315
-2.521262 -0.972817 -0.721947
-3.323424 -1.548354 -0.415846
-4.167188 -1.652119 -0.371293
-5.185352 -1.898924 -0.331017
-5.384249 -2.055096 -0.298209
-5.418078 -2.320066 -0.210353
-5.260234 -2.957669 -0.062163
-5.142407 -3.070197 -0.065027
-5.213676 -3.096101 -0.101990
-5.962364 -3.147331 -0.368145
-6.113520 -3.337805 -0.431133
-5.819566 -3.715726 -0.471486
-5.137760 -4.268078 -0.276545
-4.996585 -4.330783 -0.105307
-5.143839 -4.294993 0.006135
-5.296268 -4.231936 0.161343
-5.120559 -4.159712 0.321130
-4.616771 -4.003561 0.393552
-4.327686 -3.883658 0.416019
-3.959731 -3.845048 0.498755
-3.785787 -3.499846 0.482676
-3.758387 -3.195947 0.434378
-3.546707 -2.983543 0.383471
-3.304407 -3.009078 0.329109
-2.501620 -2.834791 0.191326
-1.697771 -2.662131 0.079807
-1.262429 -2.359464 -0.049621
-1.288515 -1.993238 -0.128394
-1.530975 -1.623554 -0.197100
-1.349220 -1.526799 -0.153184
-0.910544 -1.531891 0.146327
-0.642339 -1.520224 0.181678
-0.529859 -1.444587 0.230550
-0.085680 -0.962129 0.224924
-0.170283 -0.806462 0.285774
-0.231772 -0.709294 0.402255
0.038423 -0.777293 0.552739
-0.089540 -0.740027 0.634986
-0.325674 -0.536681 0.716652
-0.263161 -0.274622 0.817751
-0.182966 0.007491 0.906321
-0.194724 0.238927 0.808365
-0.429030 0.323635 0.731377
-0.422611 0.498910 0.615316
-0.235725 0.460191 0.629523
-0.099125 0.453026 0.621118
-0.107681 0.503276 0.670923
-0.235810 0.626524 0.647343
-0.402042 0.702852 0.627103
-0.546859 0.838043 0.556618
-0.673020 0.856547 0.533162
-0.940972 0.798329 0.674312
-0.874314 0.689610 0.868473
-0.684491 0.684662 0.962789
-0.861804 0.805209 0.914686
-1.058487 0.870340 0.901131
-1.485009 0.948086 0.876986
-1.369884 0.871915 0.875377
-1.358166 0.888100 0.907865
-1.342628 0.779492 0.922127
-1.418659 0.708198 0.806241
-1.335663 0.844996 0.600120
-1.390578 0.953169 0.476543
-1.409767 0.883094 0.447712
-1.269159 0.864301 0.404882
-1.098327 0.866531 0.389198
-0.920335 0.918756 0.378297
-0.734774 0.936597 0.404106
-0.704638 1.011518 0.500295
-0.594020 1.030512 0.528003
-0.367567 1.124152 0.613058
-0.167640 1.124781 0.626163
-0.023712 1.155200 0.661918
0.156883 1.144708 0.688881
0.345358 1.136251 0.647156
0.524296 1.148103 0.656330
0.814553 1.056156 0.724391
0.965776 0.996844 0.832623
1.154832 0.832813 0.826751
1.157341 0.672988 0.905673
1.219815 0.400859 0.993405
1.180302 0.258953 1.089753
1.056681 0.081810 1.123098
1.008023 -0.041357 1.118303
0.950573 -0.122571 1.127304
0.994737 -0.170164 1.136942
0.924897 -0.244397 1.168701
0.663650 -0.336488 1.060305
0.537754 -0.359440 0.950395
0.358648 -0.379973 0.882514
0.054588 -0.411682 0.848125
-0.160150 -0.381686 0.779902
-0.413214 -0.266271 0.706818
-0.801320 -0.345136 0.612685
-0.866159 -0.248369 0.514129
-1.017367 -0.254607 0.405967
-1.015437 -0.239301 0.342662
-1.091079 -0.298367 0.167843
-1.147298 -0.325848 0.083073
-1.087905 -0.345397 0.051360
-1.118216 -0.397971 -0.029792
-1.099387 -0.465080 -0.102313
-1.036644 -0.514793 -0.210618
-0.947871 -0.575746 -0.228469
-0.836115 -0.608701 -0.283749
-0.740592 -0.681486 -0.327338
-0.553436 -0.705794 -0.322445
-0.452791 -0.797519 -0.369647
-0.300475 -0.893099 -0.376628
-0.251515 -0.914472 -0.331614
-0.214416 -1.007578 -0.333498
-0.199841 -1.043869 -0.268621
-0.179724 -1.101098 -0.244864
-0.201549 -1.092392 -0.229056
-0.298036 -1.063522 -0.243756
-0.454195 -0.917510 -0.263133
-0.537148 -0.849214 -0.324446
-0.568096 -0.800980 -0.338220
-0.436635 -0.805505 -0.337053
-0.280758 -0.704911 -0.362041
-0.199140 -0.663670 -0.389665
-0.146716 -0.581810 -0.430835
-0.142064 -0.547357 -0.402589
0.099567 -0.498803 -0.400156
0.292506 -0.419525 -0.420139
0.251284 -0.384652 -0.502158
0.204561 -0.366035 -0.558985
0.199512 -0.372453 -0.516254
0.113028 -0.302401 -0.510614
0.013624 -0.253724 -0.457924
-0.036709 -0.169925 -0.436359
-0.068253 -0.044903 -0.449894
-0.137987 0.015812 -0.444879
-0.220902 0.070435 -0.338669
-0.266217 0.166103 -0.227047
-0.292462 0.218557 -0.147649
-0.228466 0.212693 -0.123923
-0.158253 0.214283 -0.119874
-0.098505 0.245374 -0.050824
-0.001563 0.274910 0.014914
0.006867 0.235477 0.043103
0.094560 0.254823 0.100038
0.079163 0.182430 0.199146
0.136103 0.065004 0.215610
0.075415 0.043863 0.254890
0.016881 -0.054732 0.309657
-0.052230 -0.096084 0.343147
-0.065880 -0.142194 0.362001
-0.052995 -0.140884 0.384690
-0.001596 -0.200050 0.347177
0.000418 -0.211339 0.297689
0.003658 -0.230243 0.247328
0.102661 -0.175129 0.238294
0.194895 -0.142204 0.180043
0.288141 -0.175373 0.183689
0.348181 -0.188852 0.194454
0.421912 -0.197312 0.107115
0.503609 -0.207553 0.063680
0.623163 -0.217325 -0.027793
0.666507 -0.187161 -0.002523
0.729664 -0.224271 -0.049780
0.717868 -0.183717 -0.040336
0.737843 -0.304462 -0.063357
0.716263 -0.342315 -0.084637
0.725114 -0.422378 -0.060377
0.705862 -0.494049 -0.081645
0.679443 -0.573914 -0.117938
0.705721 -0.595069 -0.148767
0.730535 -0.613594 -0.203395
0.788238 -0.568219 -0.209526
0.811829 -0.562404 -0.290939
0.900419 -0.550995 -0.309153
0.940293 -0.563414 -0.363251
0.919684 -0.562994 -0.433102
0.984984 -0.529418 -0.532833
1.058117 -0.461006 -0.616211
1.010115 -0.424929 -0.639331
1.050623 -0.430407 -0.704436
1.056402 -0.351769 -0.686480
1.130969 -0.212568 -0.752745
1.296888 -0.134605 -0.739001
1.409427 0.012136 -0.781202
1.526568 0.188771 -0.806073
1.649717 0.249634 -0.822404
1.716963 0.329623 -0.843624
1.904060 0.370960 -0.895018
2.015507 0.408983 -0.946049
2.087345 0.479598 -0.963874
2.182095 0.570988 -0.973601
2.350201 0.689322 -1.070862
2.338588 0.651327 -1.087814
2.322800 0.687349 -1.104991
2.377913 0.695940 -1.087189
2.357135 0.698751 -1.069277
2.466528 0.721002 -1.118635
2.479103 0.652500 -1.101477
2.446932 0.627783 -1.109401
2.407148 0.666031 -1.091167
2.377636 0.610273 -0.992298
2.288210 0.411032 -1.025940
2.237311 0.240494 -0.952978
2.167233 0.132277 -0.949345
2.095399 -0.006847 -0.917215
1.988551 -0.064341 -0.870336
1.836849 -0.242183 -0.843280
1.718210 -0.343731 -0.761262
1.505541 -0.487469 -0.694565
1.328816 -0.606382 -0.658293
1.230997 -0.756812 -0.656568
1.202912 -0.859742 -0.577584
1.285124 -0.910801 -0.602614
1.223231 -0.932853 -0.577125
1.116344 -0.924079 -0.564194
0.892837 -0.925601 -0.505895
0.768848 -0.987201 -0.466910
0.671067 -1.066398 -0.372465
0.744041 -1.215709 -0.301135
0.833772 -1.303768 -0.307051
0.856900 -1.377631 -0.235623
0.708544 -1.505547 -0.171541
0.361525 -1.550531 -0.076068
0.247817 -1.654357 0.057340
0.186466 -1.840020 0.096334
0.143116 -2.043983 0.142146
0.269879 -2.187667 0.177064
0.543747 -2.223259 0.224830
0.563419 -2.094856 0.217510
0.122813 -1.977304 0.256958
-0.387873 -1.941889 0.351757
-0.678428 -1.987964 0.406596
-0.681549 -2.056066 0.464692
-0.733363 -2.097247 0.515175
-0.550973 -2.274869 0.717683
-0.342708 -2.337643 0.803049
-0.407273 -2.233620 0.872438
-0.620796 -2.074304 0.937655
-1.000888 -1.898098 1.033202
-1.167339 -1.935505 1.134343
-1.358228 -2.008994 1.192387
-1.059996 -2.131691 1.287945
-0.715536 -2.189360 1.307664
-0.397511 -2.276467 1.324194
-0.290107 -2.257722 1.332782
-0.196936 -2.149887 1.313280
-0.483890 -1.802235 1.176651
-0.593500 -1.746186 1.158175
-0.794197 -1.585935 1.179104
-0.731961 -1.645665 1.182482
0.300942 -1.818058 1.204152
0.409812 -1.509460 1.199410
0.087384 -1.203734 1.186558
-0.529142 -0.716659 1.153454
-0.973307 -0.462997 1.216277
-1.004638 -0.427858 1.235786
-0.634392 -0.595544 1.227538
-0.589454 -0.564780 1.235591
-0.713454 -0.512676 1.199141
-0.894523 -0.115719 1.110723
-1.021634 -0.006276 1.104914
-0.878744 0.009201 1.074104
-0.741501 -0.065028 1.073228
-0.957792 -0.025661 1.041069
-1.260553 0.027102 1.095699
-1.196708 0.027952 1.152447
-1.242646 0.011648 1.214096
-1.279318 0.009715 1.268018
-1.383960 0.012656 1.279079
-1.575181 -0.026407 1.318264
-1.577359 -0.000287 1.331227
-1.771765 0.011041 1.353047
-1.844504 -0.012077 1.425138
-1.743742 -0.104250 1.464582
-1.953866 -0.111453 1.623228
-1.986574 -0.089807 1.638442
-2.129044 -0.085948 1.680089
-2.275755 -0.058904 1.662119
-2.477795 -0.084336 1.663930
-2.575628 -0.081824 1.659192
-2.722051 -0.123898 1.687891
-2.767786 -0.102735 1.713091
-2.799323 -0.100410 1.699413
-2.550779 -0.057416 1.712324
-2.468499 0.021485 1.720584
-2.502765 0.061375 1.745855
-2.501460 0.120433 1.713165
-2.472878 0.217809 1.645005
-2.511555 0.283986 1.658913
-2.519468 0.333152 1.595315
-2.503648 0.367056 1.487574
-2.478564 0.472526 1.465978
-2.430689 0.538279 1.460291
-2.284178 0.614854 1.402169
-2.124233 0.671253 1.380549
-1.965920 0.694184 1.272445
-1.813547 0.729561 1.233073
-1.668567 0.684787 1.205755
-1.540627 0.749578 1.142378
-1.350438 0.739385 1.119373
-1.231625 0.689171 1.133908
-1.035199 0.598970 1.146812
-0.784560 0.516657 1.164950
-0.615387 0.415044 1.102002
-0.508257 0.299373 1.131324
-0.408494 0.219962 1.201224
-0.272862 0.098787 1.216846
-0.073572 0.022989 1.188851
-0.050138 -0.011279 1.174037
-0.012084 -0.112537 1.138380
0.060999 -0.164321 1.110739
0.230637 -0.204338 1.083390
0.344078 -0.254263 1.002636
0.231845 -0.324782 0.965691
0.251621 -0.362582 1.032015
0.292484 -0.434016 1.024899
0.334273 -0.533304 1.017577
0.338352 -0.631136 1.050092
0.300865 -0.738398 1.045480
0.345058 -0.782220 1.077180
0.337845 -0.867144 1.046807
0.395657 -1.053125 0.989094
0.337215 -1.119763 1.000167
0.255315 -1.168902 0.985946
0.221244 -1.258325 0.908283
0.248562 -1.329150 0.798060
0.155088 -1.413955 0.711363
0.134054 -1.462518 0.609835
0.075321 -1.580257 0.493079
0.104414 -1.634471 0.373467
-0.016294 -1.618659 0.198683
-0.135660 -1.616494 0.118643
-0.253893 -1.587507 0.009803
-0.257303 -1.556206 -0.039801
-0.243884 -1.511054 -0.167084
-0.329628 -1.464094 -0.196347
-0.425769 -1.385888 -0.244771
-0.606601 -1.274516 -0.272715
-0.669949 -1.262198 -0.299681
-0.701433 -1.065807 -0.269708
-0.764917 -1.024470 -0.261825
-0.983929 -0.969051 -0.312181
-1.233917 -0.874117 -0.302809
-1.412158 -0.765786 -0.310078
-1.534349 -0.817720 -0.264270
-1.586330 -0.850416 -0.322815
-1.583853 -0.859762 -0.315874
-1.666526 -0.719098 -0.325400
-1.742115 -0.683636 -0.270685
-1.731204 -0.614676 -0.264929
-1.882495 -0.540728 -0.222502
-1.911501 -0.461827 -0.223806
-1.974745 -0.447248 -0.256904
-2.107995 -0.498293 -0.268269
-2.105907 -0.548868 -0.260384
-2.143530 -0.540699 -0.273041
-2.153386 -0.516722 -0.270214
-2.120862 -0.414180 -0.215035
-2.096581 -0.350952 -0.222263
-2.027039 -0.279514 -0.202451
-1.949673 -0.219701 -0.201972
-1.899760 -0.197744 -0.194842
-1.859656 -0.241358 -0.241530
-1.896113 -0.274174 -0.263393
-1.714100 -0.219921 -0.283530
-1.743479 -0.149116 -0.348318
-1.771865 -0.056541 -0.385243
-1.748685 -0.071239 -0.392759
-1.619362 0.067066 -0.373354
-1.643872 0.085578 -0.388396
-1.651343 0.126091 -0.386214
-1.559576 0.167714 -0.454095
-1.615005 0.185691 -0.458454
-1.652630 0.208952 -0.467191
-1.624399 0.168888 -0.476294
-1.621848 0.230249 -0.538520
-1.610654 0.234494 -0.530856
-1.721192 0.214691 -0.567698
-1.685418 0.171915 -0.560704
-1.642218 0.191721 -0.580292
-1.693410 0.175237 -0.578567
-1.704476 0.149007 -0.558439
-1.703603 0.131509 -0.527849
-1.620581 0.075566 -0.457769
-1.603191 -0.002075 -0.453341
-1.614320 -0.101548 -0.459481
-1.576157 -0.114275 -0.460912
-1.553863 -0.140334 -0.430441
-1.595385 -0.330011 -0.434910
-1.589475 -0.347120 -0.401520
-1.592195 -0.444810 -0.445039
-1.639023 -0.575608 -0.471478
-1.719398 -0.657782 -0.443118
-1.785311 -0.714645 -0.455277
-1.853948 -0.782281 -0.377637
-1.878766 -0.901749 -0.326248
-1.888515 -1.000150 -0.308079
-1.904777 -1.057018 -0.283388
-1.799181 -1.109128 -0.241547
-1.753152 -1.053166 -0.231377
-1.722992 -1.109584 -0.264549
-1.595117 -1.110200 -0.259945
-1.505657 -1.136253 -0.299568
-1.510060 -1.103460 -0.284387
-1.562875 -1.073145 -0.324569
-1.637695 -0.986730 -0.373253
-1.643007 -0.993942 -0.435264
-1.630241 -0.889096 -0.424362
-1.576675 -0.839729 -0.439543
-1.607756 -0.752401 -0.481967
-1.576596 -0.608732 -0.449971
-1.539563 -0.502097 -0.495053
-1.570521 -0.440349 -0.504004
-1.511825 -0.449504 -0.570920
-1.453110 -0.492066 -0.550189
-1.379319 -0.434171 -0.545721
-1.328723 -0.370285 -0.510998
-1.337209 -0.329484 -0.524935
-1.303856 -0.303746 -0.507815
-1.305535 -0.219816 -0.516707
-1.353760 -0.306825 -0.496805
-1.359595 -0.257017 -0.470728
-1.424311 -0.278830 -0.424717
-1.479872 -0.295656 -0.406701
-1.612817 -0.246064 -0.408140
-1.640252 -0.232813 -0.423992
-1.612025 -0.196165 -0.418111
-1.726724 -0.173156 -0.417417
-1.904959 -0.079736 -0.453322
-1.984826 -0.011566 -0.444376
-2.021018 -0.015339 -0.515022
-2.011710 -0.046039 -0.547325
-2.025049 -0.031655 -0.542115
-2.050261 -0.059918 -0.547540
-2.068592 0.001626 -0.482694
-2.016492 0.072134 -0.456750
-1.999625 0.033678 -0.403087
-2.002258 0.047639 -0.315951
-1.948390 0.067560 -0.184291
-1.881132 0.063156 -0.086982
-1.827672 0.070255 0.011480
-1.792362 0.092270 0.072843
-1.777860 0.101421 0.191067
-1.778180 0.125293 0.216887
-1.745849 0.128565 0.312481
-1.613268 0.122095 0.560645
-1.581345 0.083756 0.565759
-1.678746 0.124194 0.697616
-1.604322 0.062616 0.748015
-1.551889 0.059334 0.762748
-1.490731 0.040795 0.750421
-1.371206 0.073731 0.742292
-1.236599 0.084178 0.751234
-1.110344 0.111516 0.715912
-1.087530 0.128756 0.724480
-1.098105 0.207534 0.701252
-1.052954 0.225407 0.693817
-0.933579 0.200844 0.701564
-0.950675 0.270144 0.651859
-0.898811 0.268263 0.669806
-0.869163 0.273476 0.611351
-0.848027 0.297066 0.676619
-0.824943 0.263886 0.689352
-0.809429 0.270857 0.706919
-0.776247 0.264130 0.782082
-0.783622 0.298991 0.787110
-0.787647 0.362198 0.767096
-0.723166 0.439397 0.777523
-0.752871 0.514837 0.723564
-0.677163 0.573773 0.666150
-0.573180 0.682942 0.655987
-0.440630 0.801594 0.604260
-0.379102 0.892173 0.560158
-0.309866 0.986818 0.517319
-0.201950 1.098791 0.482572
-0.065309 1.165632 0.502031
-0.032254 1.228089 0.492698
0.029667 1.343484 0.500095
0.042951 1.378048 0.542801
0.094736 1.482370 0.556445
0.094900 1.506850 0.594041
0.131971 1.548632 0.596811
0.197920 1.630403 0.574292
0.288554 1.626471 0.556072
0.333516 1.565916 0.562505
0.265366 1.481763 0.512909
0.274667 1.426659 0.520543
0.234835 1.277522 0.464565
0.210866 1.363986 0.475244
0.231847 1.500386 0.607327
0.372856 1.612423 0.594176
0.425593 1.708670 0.624106
0.490778 1.880900 0.706592
0.405568 1.855350 0.719894
0.341939 1.753350 0.792615
0.220454 1.655201 0.722478
0.188792 1.670452 0.734832
0.077716 1.626935 0.678923
-0.036180 1.540225 0.704198
-0.078702 1.461340 0.700822
-0.085803 1.481591 0.734140
-0.133191 1.517026 0.739105
-0.269229 1.583145 0.809848
-0.362393 1.603723 0.790426
-0.347605 1.655153 0.796656
-0.353709 1.751383 0.792414
-0.302642 1.821913 0.759961
-0.066781 1.944811 0.713434
0.287561 2.022534 0.584374
0.496526 2.008964 0.579337
0.595519 1.926915 0.583003
0.650352 1.941652 0.609326
0.578032 1.930461 0.634657
0.513275 1.917099 0.637463
0.491165 1.862711 0.678628
0.522398 1.798803 0.816083
0.510272 1.769731 0.812196
0.497138 1.605560 0.905077
0.481238 1.460131 0.884974
0.423770 1.347227 0.842795
0.599787 1.161841 0.783648
0.887978 1.165032 0.747316
1.052621 1.268467 0.732761
1.035299 1.253236 0.682416
0.982179 1.162410 0.581811
1.115145 1.133596 0.561329
1.156767 1.074028 0.569074
1.150606 0.850380 0.709635
1.158191 0.622798 0.830722
1.124260 0.487947 0.889175
1.070714 0.307576 0.929009
1.189354 -0.016938 0.977202
1.267113 -0.104125 1.010277
1.279706 -0.385214 1.121859
1.176073 -0.553111 1.180527
1.069581 -0.753618 1.259504
1.102729 -0.944005 1.264499
1.262587 -1.039417 1.304647
1.608337 -1.172057 1.194033
1.748277 -1.290452 1.289817
1.619042 -1.393231 1.246965
1.434029 -1.492887 1.191200
1.400701 -1.537831 1.150588
1.480423 -1.680745 1.142114
1.820188 -1.868039 1.156725
2.205531 -1.935196 1.195117
2.444044 -1.930848 1.174002
2.446494 -1.874281 1.076124
2.396434 -1.853909 1.103873
2.302742 -1.792220 0.995260
1.871335 -1.904606 1.036642
1.641782 -2.103949 1.147806
1.665167 -2.270184 1.113100
1.640779 -2.274393 1.125826
1.512301 -2.367896 1.043241
1.546426 -2.421924 0.953291
1.794677 -2.376011 0.792515
1.841875 -2.324359 0.728567
1.628324 -2.156969 0.576165
1.449082 -2.181375 0.482044
1.402602 -2.217040 0.385936
1.356632 -2.358087 0.370617
1.290320 -2.522995 0.355893
1.113458 -2.531384 0.315618
1.054952 -2.519629 0.317883
0.499980 -2.421990 0.167829
0.121739 -2.297852 0.129493
-0.224379 -2.180039 0.156369
-0.594213 -2.144421 0.239465
-0.744644 -2.082436 0.280345
-0.708764 -2.076734 0.285600
-0.936957 -1.927467 0.263176
-1.198113 -1.797999 0.211830
-1.363094 -1.709201 0.223229
-1.583470 -1.663845 0.230269
-1.653002 -1.462126 0.233048
-1.816146 -1.356190 0.200003
-1.988863 -1.150096 0.180282
-2.073698 -1.102274 0.168268
-2.056931 -0.999438 0.153292
-2.039369 -0.909636 0.214628
-2.077696 -0.802868 0.237712
-2.091920 -0.640229 0.296071
-2.193569 -0.445995 0.316158
-2.397098 -0.330552 0.408853
-2.571054 -0.227690 0.462342
-2.677688 -0.192767 0.565582
-2.680630 -0.218485 0.603064
-2.567247 -0.505570 0.797631
-2.479236 -0.453320 0.830886
-2.422420 -0.487421 0.860986
-2.190746 -0.373577 0.900530
-2.136513 -0.392249 0.939784
-2.027817 -0.362864 0.916242
-2.001120 -0.363520 1.056871
-2.033465 -0.423165 1.141524
-2.045136 -0.507395 1.163953
-2.131588 -0.688903 1.257832
-2.164964 -0.738816 1.275712
-2.222828 -0.797934 1.365700
-2.247268 -0.835931 1.336921
-2.177336 -0.899702 1.375200
-1.968856 -0.784912 1.304100
-1.887241 -0.799313 1.272470
-1.810128 -0.851922 1.217493
-1.726134 -0.863467 1.211114
-1.676111 -0.884868 1.186362
-1.612535 -0.934387 1.182492
-1.650232 -0.896071 1.198452
-1.653879 -0.879116 1.213039
-1.634113 -0.887103 1.220064
-1.577257 -0.655413 1.212141
-1.557526 -0.657558 1.220878
-1.547007 -0.501931 1.239140
-1.516813 -0.345169 1.242559
-1.580747 -0.291091 1.248063
-1.553526 -0.084465 1.218121
-1.701855 0.067850 1.237474
-1.674296 0.188149 1.199229
-1.664533 0.363884 1.161015
-1.570708 0.518772 1.162431
-1.517050 0.579038 1.126380
-1.436867 0.676567 1.063532
-1.278157 0.765140 1.030128
-1.210111 0.836204 1.009786
-0.966470 0.856751 0.900249
-0.928875 0.845735 0.919466
-0.896488 0.870260 0.885858
-0.766746 1.064824 0.838548
-0.730594 1.036685 0.879062
-0.643095 1.128448 0.877386
-0.541800 1.202331 0.932012
-0.508615 1.233718 0.931305
-0.481192 1.230909 0.921229
-0.434687 1.198229 0.911226
-0.509467 1.256956 0.938113
-0.439072 1.190615 0.989263
-0.456273 1.182873 0.947317
-0.503707 1.150381 0.956662
-0.778714 1.103701 0.959280
-0.966049 1.144439 1.041415
-1.285541 1.156381 1.139139
-1.391559 1.174240 1.186437
-1.660274 1.062011 1.215635
-1.889997 0.968400 1.263469
-1.960123 0.922570 1.241671
-1.930797 0.840539 1.200492
-1.716877 0.757458 1.126406
-1.593905 0.663228 1.123691
-1.481157 0.666966 1.100703
-1.201843 0.621665 1.096195
-1.036018 0.593264 1.077775
-0.935365 0.478103 1.186302
-0.784133 0.330225 1.239700
-0.539428 0.206133 1.232005
-0.522378 0.115032 1.271863
-0.513087 -0.053025 1.244211
-0.470374 -0.104793 1.235519
-0.421864 -0.172581 1.279736
-0.306744 -0.198578 1.240881
-0.344784 -0.187456 1.294787
-0.223695 -0.263316 1.246775
-0.043509 -0.278868 1.279782
0.041464 -0.302821 1.262553
0.169646 -0.355652 1.262494
0.205542 -0.357610 1.239008
0.252898 -0.388299 1.173764
0.225613 -0.413329 1.149001
0.309607 -0.509216 1.175976
0.376350 -0.568434 1.193405
0.435479 -0.602024 1.176281
0.324602 -0.676801 1.239415
0.297858 -0.758949 1.199380
0.387913 -0.842491 1.174874
0.328043 -0.939423 1.146522
0.302341 -0.980056 1.081290
0.227702 -0.983376 1.047691
0.145971 -1.066780 0.961787
0.143347 -1.145722 0.849452
0.064513 -1.180196 0.724810
-0.035943 -1.254381 0.628196
-0.171240 -1.361457 0.492756
-0.215853 -1.329478 0.451719
-0.457045 -1.393469 0.289713
-0.579656 -1.499358 0.260403
-0.807723 -1.542628 0.119665
-1.045893 -1.565038 0.037181
-1.178277 -1.675805 -0.004140
-1.175836 -1.705117 0.008006
-1.275040 -1.873526 0.010046
-1.215299 -2.005925 -0.066356
-1.196788 -2.032502 -0.020709
-1.133088 -2.141790 -0.047449
-1.192010 -2.136184 -0.065519
-1.272617 -2.092857 -0.119495
-1.387993 -2.192018 -0.090613
-1.546016 -2.273683 -0.020398
-1.581094 -2.276003 -0.036709
-1.704764 -2.326335 0.010914
-1.875652 -2.270711 -0.042376
-1.924135 -2.244950 -0.054373
-2.008881 -2.168671 -0.090565
-2.214135 -2.077489 -0.128420
-2.366022 -2.014763 -0.133177
-2.343397 -1.921621 -0.121348
-2.416122 -1.819287 -0.117521
-2.439573 -1.753942 -0.134434
-2.432707 -1.630699 -0.167074
-2.405636 -1.551126 -0.225456
-2.414933 -1.475242 -0.210353
-2.335657 -1.447570 -0.177148
-2.345033 -1.388621 -0.162794
-2.256190 -1.345131 -0.229590
-2.129295 -1.211824 -0.266958
-2.104075 -1.196320 -0.246167
-2.118823 -1.065122 -0.259408
-2.206063 -0.897336 -0.145937
-2.180933 -0.884362 -0.139444
-2.109824 -0.780293 -0.129159
-1.981302 -0.614653 -0.175215
-1.913757 -0.456444 -0.291125
-1.918173 -0.329688 -0.378750
-2.034325 -0.261388 -0.464920
-2.505016 -0.111630 -0.413200
-2.941261 -0.151282 -0.353032
-2.971698 -0.133729 -0.268015
-3.042800 -0.076997 -0.218951
-3.152091 0.081388 -0.105622
-3.232150 0.231078 -0.088941
-3.129710 0.521772 -0.218201
-2.995518 0.530165 -0.287272
-3.056409 0.442268 -0.296874
-3.152590 0.420830 -0.267631
-3.188156 0.242172 -0.197046
-2.971107 0.140728 -0.215134
-2.740123 0.000980 -0.233924
-2.766687 0.049511 -0.311219
-2.797932 0.165491 -0.405860
-2.758620 0.232719 -0.428636
-2.900010 0.238212 -0.450342
-3.045710 0.096272 -0.443633
-3.052586 0.039674 -0.433327
-2.860359 -0.150230 -0.386213
-2.625426 -0.179413 -0.202749
-2.515263 -0.170099 -0.134669
-2.298784 -0.112498 -0.211922
-2.063081 -0.139900 -0.287591
-1.884927 -0.227184 -0.334197
-1.664776 -0.486442 -0.389981
-1.516048 -0.671679 -0.424752
-1.479558 -0.703656 -0.358304
-1.575519 -0.802758 -0.285518
-1.629365 -0.833273 -0.228910
-1.553205 -0.985051 -0.244829
-1.532900 -1.189080 -0.273235
-1.518288 -1.264798 -0.268698
-1.476993 -1.276661 -0.321951
-1.407654 -1.151471 -0.394005
-1.190738 -1.001665 -0.472044
-1.161130 -0.974320 -0.493668
-0.610647 -0.637901 -0.540352
-0.520788 -0.611915 -0.591740
-0.000699 -0.666303 -0.618823
0.197024 -0.751324 -0.746380
0.368197 -0.687680 -0.817768
0.537550 -0.654471 -0.905655
0.624933 -0.522149 -0.958378
0.642287 -0.442386 -0.917357
0.690433 -0.295431 -0.857512
0.720699 0.126563 -0.666979
0.709074 0.492188 -0.614503
0.661628 0.771655 -0.651982
0.702270 1.030225 -0.832450
1.002770 1.170023 -1.073698
1.164671 1.277886 -1.236244
1.200167 1.392935 -1.294099
1.148237 1.628683 -1.356550
1.070894 1.772548 -1.522677
0.838435 1.864550 -1.455410
0.622569 1.871279 -1.342615
0.541616 1.771831 -1.110314
0.806421 1.736616 -1.005513
0.833957 1.688112 -1.011164
0.639637 1.759086 -0.912643
0.759873 1.818030 -0.845542
0.731336 1.821510 -0.792120
0.499165 1.744674 -0.511404
0.472416 1.641657 -0.383893
0.268843 1.455821 -0.202807
0.054066 1.350607 -0.010221
-0.111156 1.334039 0.130385
-0.199373 1.316861 0.151110
-0.585921 1.266941 0.501569
-0.551668 1.274528 0.586304
-0.536859 1.243397 0.679011
-0.491065 1.087303 0.682835
-0.405842 0.890084 0.704032
-0.282122 0.854661 0.738280
-0.127591 0.766579 0.758579
0.071124 0.621793 0.722860
0.144463 0.560039 0.715312
0.323938 0.479453 0.715789
0.465989 0.323153 0.729668
0.549130 0.208523 0.802552
0.645920 0.090447 0.813156
0.676021 0.033201 0.782982
0.766144 -0.020972 0.766289
0.845341 -0.032960 0.710058
0.951981 -0.105288 0.732076
0.972648 -0.149426 0.717519
0.885846 -0.196551 0.768946
0.936224 -0.218277 0.818081
0.974449 -0.196065 0.871443
0.812774 -0.185833 0.815856
0.260701 -0.064425 0.875655
0.078774 -0.050898 0.897845
0.056986 0.017674 0.964903
0.008950 0.013525 0.966925
0.066056 -0.034218 0.983943
0.085221 0.019043 0.960801
0.249940 0.102319 0.887146
0.481635 0.145851 0.893437
0.461482 0.182945 0.888006
0.588415 0.058710 0.826494
0.621164 0.134746 0.738177
0.627056 0.139262 0.751277
0.463588 0.080484 0.816917
0.270750 0.156088 0.854278
0.043558 0.157028 0.939484
0.024300 0.199414 0.965081
0.022731 0.245658 0.981474
0.045534 0.236265 0.954012
-0.112618 0.243960 0.928970
-0.243483 0.117919 0.966513
-0.439053 0.168626 0.963720
-0.593039 0.153022 0.980721
-0.875299 0.228062 0.998613
-0.920632 0.241451 0.945744
-1.007037 0.271117 0.909650
-0.959111 0.353254 0.893171
-0.947107 0.537323 0.891724
-0.880726 0.615831 0.853428
-0.865524 0.765332 0.833184
-0.834434 0.949167 0.811101
-0.686530 0.970241 0.816296
-0.559238 0.873677 0.845136
-0.429057 1.019553 0.843221
-0.299396 1.134035 0.871893
-0.193523 1.206635 0.866162
-0.191764 1.303152 0.854816
-0.224776 1.365166 0.788182
-0.200356 1.414754 0.788775
-0.162658 1.402229 0.759475
-0.074832 1.369130 0.754287
-0.040768 1.427074 0.730959
-0.013127 1.386948 0.741526
0.084315 1.491260 0.775934
0.043244 1.484458 0.812298
-0.066988 1.508468 0.870443
-0.021406 1.422854 0.926067
0.007481 1.365653 0.928872
0.039492 1.344480 0.927508
0.242234 1.339352 0.914762
0.385260 1.352144 0.884939
0.411027 1.325818 0.848948
0.418332 1.284789 0.827671
0.479891 1.232283 0.843600
0.494644 1.182176 0.881949
0.666690 1.058855 0.893806
0.919423 0.973392 0.839208
1.175361 0.982711 0.868161
1.104671 1.007616 0.818384
0.913566 0.999941 0.816921
0.992996 0.891528 0.771611
1.108734 0.714843 0.811533
1.372490 0.661156 0.808336
1.433478 0.561447 0.853462
1.163490 0.477448 0.836370
0.860299 0.378577 0.836174
0.700467 0.209150 0.893009
0.690108 -0.067359 1.024889
0.646872 -0.282895 1.161531
0.528032 -0.466230 1.221704
0.731392 -0.556656 1.266682
0.757334 -0.706227 1.175235
0.303683 -0.908956 1.176958
0.095709 -1.130714 1.213199
0.341882 -1.415078 1.244815
0.658626 -1.649503 1.225182
0.901861 -1.815306 1.297218
0.974523 -1.850221 1.270800
0.747082 -1.871745 1.220868
0.560582 -1.929791 1.118149
0.456453 -2.085791 1.077929
0.425671 -2.244599 1.201677
0.365706 -2.321305 1.330034
0.249621 -2.315689 1.417724
0.442818 -2.203317 1.333231
0.393543 -2.121934 1.188892
0.175020 -2.120131 1.177209
0.037038 -2.140107 1.246159
-0.047987 -2.108963 1.361542
-0.057510 -2.049028 1.425235
-0.143301 -1.932827 1.485686
-0.306307 -1.813521 1.371180
-0.326800 -1.751520 1.377604
-0.268440 -1.643762 1.269175
-0.254477 -1.439754 1.133849
-0.389519 -1.313491 1.077865
-0.505076 -1.247437 0.997766
-0.616460 -1.156795 0.963643
-0.636428 -1.151687 0.824958
-0.636840 -1.029820 0.776644
-0.653964 -0.998389 0.643076
-0.783653 -0.986769 0.577382
-0.920740 -0.982818 0.490158
-0.917928 -0.944330 0.468693
-0.902630 -0.884841 0.437235
-1.028890 -0.741546 0.300797
-0.937746 -0.774361 0.034528
-0.944450 -0.632853 -0.129959
-1.168766 -0.670958 -0.167252
-1.281806 -0.666999 -0.203603
-1.382358 -0.678049 -0.235944
-1.610077 -0.714249 -0.168510
-1.756127 -0.724330 -0.068387
-1.860509 -0.812256 -0.056574
-2.073913 -0.821170 0.027716
-2.299577 -0.774019 0.015759
-2.523459 -0.689926 0.060202
-2.537084 -0.597774 0.057433
-2.670064 -0.646086 0.034012
-2.843786 -0.656180 0.049997
-2.910810 -0.722041 0.038746
-2.900540 -0.811102 0.087391
-3.111994 -0.819736 0.189705
-3.017123 -0.782375 0.175831
-2.580216 -0.766482 0.038610
-2.146084 -0.764093 -0.012430
-1.913978 -0.774250 -0.140496
-1.676534 -0.755356 -0.197580
-1.729296 -0.818606 -0.288247
-1.782663 -0.741112 -0.212767
-1.734985 -0.638254 -0.292811
-1.621541 -0.565097 -0.298552
-1.694930 -0.502683 -0.304569
-1.493231 -0.319573 -0.300643
-1.380079 -0.166568 -0.293527
-1.300194 -0.101786 -0.308127
-1.159928 -0.000753 -0.385537
-1.026577 -0.077722 -0.433433
-0.838720 -0.110513 -0.533057
-0.739638 -0.064564 -0.528455
-0.645235 -0.057835 -0.522045
-0.549983 -0.017575 -0.516554
-0.383005 -0.069360 -0.549133
-0.295809 0.056621 -0.534166
-0.219746 0.032840 -0.472498
-0.207414 0.053731 -0.451768
-0.146654 0.117406 -0.418216
-0.053532 0.086781 -0.367565
-0.075046 0.192193 -0.413628
0.014971 0.328192 -0.400147
-0.096153 0.478284 -0.427432
-0.142512 0.557305 -0.430837
-0.123013 0.507208 -0.407591
-0.151968 0.553183 -0.293609
-0.054311 0.562069 -0.286641
0.009483 0.681265 -0.242125
0.118121 0.717966 -0.169784
0.165062 0.737219 -0.030921
0.324599 0.782886 0.093250
0.560254 0.797017 0.196649
0.691126 0.958641 0.264361
0.731531 1.144337 0.311100
0.753092 1.354229 0.457523
0.761643 1.423585 0.468486
0.713258 1.437887 0.507843
0.713258 1.437887 0.507843
0.594886 1.484418 0.527135
0.594886 1.484418 0.527135
0.627689 1.455600 0.520340
0.491217 1.348832 0.488931
0.451519 1.387551 0.520318
0.486726 1.511631 0.523832
0.608458 1.835168 0.623501
0.636606 1.919942 0.670982
0.648903 2.062087 0.671254
0.747695 2.119786 0.677606
0.847918 2.154647 0.690555
0.837474 2.185877 0.649150
0.839796 2.146430 0.665238
0.809554 2.192108 0.616254
0.726026 2.235501 0.616949
0.609313 2.317075 0.626192
0.424229 2.299519 0.654507
0.228710 2.359614 0.705815
0.166746 2.381255 0.692682
-0.115611 2.452307 0.758976
-0.242250 2.477510 0.779964
-0.434967 2.528203 0.789198
-0.520269 2.507996 0.782802
-0.614209 2.419202 0.726695
-0.754205 2.482323 0.744873
-0.913883 2.389919 0.818840
-0.898602 2.356659 0.926971
-0.745500 2.351187 1.061057
-0.630959 2.296873 1.098422
-0.632725 2.223109 1.076702
-0.620463 2.070660 0.960691
-0.735372 2.075238 0.920668
-1.063148 1.986636 0.908735
-0.985383 1.892416 0.816415
-0.829563 1.833035 0.855820
-0.494470 1.760049 0.941537
-0.401293 1.796356 0.888038
-0.236413 1.798501 0.888163
-0.167612 1.735764 0.896642
-0.458179 1.818446 0.926575
-0.681508 1.874805 0.947973
-0.599373 1.817468 1.043756
-0.465587 1.633570 1.018534
-0.380676 1.503961 1.016936
-0.423092 1.402467 1.030840
-0.756363 1.514223 1.103352
-0.758512 1.548177 1.108942
-0.784792 1.503151 1.095204
-0.852855 1.510913 1.086259
-0.922153 1.463870 1.085317
-1.027540 1.472544 1.130788
-0.996149 1.429464 1.127691
-0.950452 1.331028 1.038372
-0.874811 1.262647 0.997613
-0.834404 1.297582 0.925009
-0.826872 1.354714 0.900168
-0.795275 1.392051 0.764070
-0.780676 1.300340 0.753804
-0.773217 1.249920 0.748148
-0.552336 1.055771 0.663809
-0.498746 1.031396 0.683802
-0.444641 0.941659 0.702406
-0.482668 0.925591 0.761904
-0.404906 0.822643 0.862982
-0.381055 0.823042 0.850545
-0.196364 0.727753 0.981924
-0.019278 0.662313 1.041450
0.029606 0.576382 1.102530
0.059084 0.394410 1.124402
0.125585 0.287606 1.166013
0.245735 0.203593 1.179537
0.337682 0.086993 1.145622
0.358115 -0.045088 1.097141
0.331015 -0.131116 1.044998
0.363291 -0.236877 0.974873
0.496101 -0.324479 0.863904
0.590502 -0.385939 0.853054
0.608073 -0.423698 0.853834
0.657277 -0.438660 0.841858
0.578341 -0.418415 0.880185
0.426934 -0.409919 0.893193
0.324472 -0.452417 0.994126
0.201554 -0.480383 0.976581
0.139055 -0.524814 1.006518
0.096263 -0.551373 0.982548
0.014177 -0.590476 0.976378
-0.202386 -0.645216 0.883366
-0.408544 -0.735279 0.818816
-0.723599 -0.780951 0.718116
-0.887278 -0.778749 0.578350
-1.126149 -0.705647 0.431454
-1.215296 -0.682191 0.254262
-1.309811 -0.645710 0.137943
-1.520272 -0.610602 -0.042373
-1.719296 -0.635961 -0.209681
-1.774281 -0.737749 -0.300472
-1.899473 -0.706576 -0.359852
-1.890958 -0.771000 -0.417154
-1.633991 -0.890474 -0.399952
-1.594711 -0.957145 -0.425871
-1.565074 -1.041954 -0.413353
-1.519614 -1.113464 -0.404098
-1.529213 -1.262082 -0.364184
-1.812763 -1.325953 -0.291913
-1.856157 -1.433573 -0.235307
-1.358714 -1.421509 -0.208315
-1.423469 -1.431559 -0.296657
-1.748062 -1.417441 -0.420715
-1.792596 -1.459913 -0.473089
-2.183669 -1.477469 -0.457675
-2.160291 -1.483253 -0.363350
-1.076319 -1.363350 -0.355310
-0.955737 -1.061880 -0.327379
-1.232027 -1.066064 -0.349558
-1.900319 -1.129313 -0.417753
-2.167106 -1.192231 -0.347955
-2.717144 -1.265646 -0.319430
-2.898645 -1.327253 -0.380484
-2.829308 -1.273889 -0.386746
-2.695189 -1.285173 -0.412071
-2.867942 -1.270596 -0.246528
-3.141584 -1.145913 -0.174096
-3.065285 -1.048204 -0.167569
-2.722897 -1.031847 -0.246443
-2.624373 -0.949214 -0.263538
-2.474490 -0.729767 -0.379902
-2.536303 -0.651898 -0.449700
-2.551513 -0.553217 -0.524896
-2.388754 -0.394291 -0.631615
-2.041763 -0.212172 -0.667361
-1.767803 0.052115 -0.694965
-1.558879 0.333021 -0.743929
-1.536359 0.580672 -0.809346
-2.004186 0.724618 -0.927192
-2.044373 0.608127 -0.888652
-2.155560 0.513939 -0.778154
-2.284455 0.576800 -0.685040
-2.457452 0.732488 -0.585921
-2.758834 0.888446 -0.559602
-3.096433 1.134020 -0.583944
-3.313712 1.202631 -0.724452
-3.241043 1.138059 -0.837755
-3.244983 1.065495 -0.908280
-3.355259 0.966345 -0.886781
-3.420312 0.910356 -0.853994
-3.398910 0.869789 -0.893826
-3.370751 0.834521 -1.007550
-3.335452 0.851779 -1.016859
-3.372083 0.710873 -1.082471
-3.463529 0.605499 -0.949345
-3.573963 0.565417 -0.819912
-3.662915 0.487140 -0.798089
-3.683894 0.448589 -0.861285
-3.803712 0.336438 -0.889569
-3.587958 0.188461 -0.892973
-3.084503 0.060682 -0.803784
-2.759109 0.126680 -0.752700
-2.632519 0.286469 -0.732604
-2.531543 0.270991 -0.662269
-2.133989 0.205281 -0.526700
-1.701759 0.184029 -0.418184
-1.344350 0.145175 -0.264778
-1.238723 0.138505 -0.150273
-1.111222 0.166605 -0.070949
-0.864483 0.271077 -0.043427
-0.742043 0.282108 0.008030
-0.239203 0.483853 0.068819
-0.040243 0.483484 0.257703
0.155141 0.487107 0.439025
0.228377 0.510210 0.449874
0.552923 0.589336 0.681065
0.740289 0.531337 0.861698
0.759787 0.439432 0.962069
0.959287 0.226406 0.986194
0.936294 0.079527 0.996778
0.891912 -0.047170 1.007831
0.877821 -0.119867 0.999615
0.957824 -0.183297 1.020352
0.933478 -0.138385 1.007606
0.845393 -0.308704 1.015000
0.827738 -0.349524 0.969637
0.818906 -0.334354 0.946223
1.012419 -0.183313 0.959999
1.114419 -0.138076 0.832872
1.173850 -0.248945 0.816478
1.203611 -0.360325 0.876792
1.180337 -0.376323 0.874664
1.153817 -0.545207 1.028706
1.112178 -0.626690 1.056925
1.018954 -0.603371 1.057377
0.721309 -0.509324 1.057638
0.548819 -0.479805 1.134804
0.486865 -0.483806 1.229015
0.500476 -0.480086 1.229598
0.419868 -0.417216 1.174310
0.254749 -0.372423 1.114261
0.168401 -0.359173 1.038868
0.066788 -0.342823 0.922433
-0.028810 -0.480020 0.777536
-0.230618 -0.603924 0.686614
-0.476732 -0.660234 0.491324
-0.746515 -0.660031 0.255687
-0.970263 -0.732120 0.117069
-1.267189 -0.825756 0.041300
-1.484342 -0.822932 -0.066336
-1.683834 -0.915465 -0.178222
-1.888481 -1.046834 -0.226791
-2.066630 -1.087070 -0.232343
-2.181824 -1.152804 -0.195254
-2.343935 -1.265570 -0.176214
-2.435751 -1.362640 -0.187033
-2.478622 -1.460639 -0.181507
-2.546657 -1.526951 -0.211270
-2.597118 -1.612695 -0.256684
-2.559873 -1.647586 -0.298253
-2.511982 -1.660188 -0.273299
-2.504197 -1.629062 -0.321451
-2.451225 -1.629889 -0.283255
-2.310661 -1.715617 -0.218524
-2.181484 -1.720092 -0.178129
-2.091445 -1.760621 -0.213996
-2.030071 -1.713988 -0.190264
-1.945732 -1.757900 -0.166017
-1.783922 -1.697787 -0.120518
-1.653860 -1.681942 -0.100740
-1.486835 -1.665266 -0.145264
-1.205131 -1.577969 -0.216603
-1.067373 -1.525047 -0.209829
-0.954688 -1.444558 -0.230305
-0.811884 -1.337515 -0.248844
-0.608192 -1.180946 -0.255303
-0.548364 -1.162248 -0.298739
-0.505430 -1.095815 -0.334333
-0.429362 -1.123937 -0.353675
-0.406472 -1.026942 -0.393983
-0.466871 -0.983836 -0.436399
-0.518151 -0.867967 -0.405313
-0.561085 -0.785384 -0.409189
-0.628609 -0.741494 -0.405208
-0.633019 -0.621217 -0.350363
-0.747153 -0.587896 -0.317485
-0.774468 -0.467771 -0.279640
-0.772189 -0.464583 -0.199197
-0.808548 -0.471271 -0.097739
-0.772273 -0.478725 -0.010540
-0.829166 -0.546911 0.096586
-0.841900 -0.530142 0.145339
-0.761453 -0.545013 0.270156
-0.664606 -0.595808 0.392631
-0.619954 -0.663780 0.479805
-0.617384 -0.717456 0.625002
-0.608591 -0.755420 0.713592
-0.657138 -0.764764 0.812828
-0.616674 -0.755116 0.914151
-0.591109 -0.846154 1.001592
-0.578506 -0.966618 0.989952
-0.559559 -1.067782 1.039636
-0.481142 -1.135490 1.044371
-0.412654 -1.134424 1.034103
-0.362289 -1.145296 1.042359
-0.308676 -1.134959 1.033481
-0.039861 -1.115717 0.967537
0.120725 -1.118387 0.977480
0.154741 -1.161655 0.946368
0.182723 -1.265198 1.012501
0.257270 -1.380033 0.994582
0.302709 -1.545385 1.005098
0.293671 -1.630962 0.992349
0.256234 -1.758565 0.995594
0.211697 -1.892288 0.973766
0.231499 -2.009289 0.966334
0.169966 -2.153797 0.902677
0.005780 -2.322641 0.813230
-0.055619 -2.314246 0.762907
-0.072490 -2.372298 0.648095
-0.082377 -2.583875 0.521115
-0.049592 -2.603600 0.439557
0.006144 -2.709065 0.363008
0.049501 -2.910921 0.322463
-0.096024 -3.260780 0.280213
-0.115332 -3.410618 0.247652
-0.312513 -3.559423 0.267357
-0.558527 -3.793978 0.261370
-0.701340 -3.948552 0.308927
-0.834347 -4.005868 0.338407
-0.860775 -4.078629 0.383814
-0.902327 -4.098234 0.379544
-0.874079 -4.093459 0.394820
-1.016307 -3.950774 0.345303
-1.082099 -3.820508 0.344740
-1.079240 -3.686919 0.321615
-0.944864 -3.692837 0.264903
-0.783497 -3.540321 0.105526
-0.776307 -3.299004 0.033978
-0.712855 -3.078011 -0.018426
-0.641865 -2.833363 -0.081677
-0.722175 -2.598980 -0.156661
-0.784930 -2.329419 -0.114294
-1.083667 -1.919422 -0.145700
-1.158588 -1.708388 -0.213640
-0.995206 -1.521934 -0.268096
-0.798607 -1.320083 -0.331804
-0.853929 -1.140771 -0.345082
-1.093214 -0.847264 -0.358075
-1.274420 -0.557398 -0.361238
-1.446280 -0.257670 -0.389422
-1.489319 -0.097030 -0.356083
-1.524935 -0.001073 -0.399154
-1.459783 0.059105 -0.471768
-1.323763 0.137180 -0.598237
-1.201822 0.276984 -0.711256
-1.278661 0.322181 -0.752645
-1.435792 0.350125 -0.715030
-1.708348 0.316563 -0.703285
-1.735483 0.236774 -0.683163
-1.630246 0.058926 -0.660706
-1.560783 0.031381 -0.667472
-1.510894 0.019777 -0.694111
-1.542158 0.098189 -0.675752
-1.814219 0.086551 -0.616303
-2.072985 -0.024839 -0.534590
-2.031446 -0.133019 -0.454383
-1.807785 -0.270620 -0.356027
-1.741515 -0.344617 -0.363866
-1.935101 -0.318623 -0.449430
-2.076440 -0.325681 -0.507877
-2.198967 -0.347579 -0.528170
-2.255952 -0.428262 -0.548581
-2.263665 -0.391178 -0.490148
-1.999765 -0.524540 -0.513821
-1.653750 -0.512280 -0.516496
-1.503378 -0.505890 -0.511227
-1.558855 -0.499079 -0.489585
-1.564500 -0.515360 -0.451499
-1.551341 -0.468322 -0.411605
-1.483518 -0.475140 -0.417823
-1.130657 -0.513760 -0.362974
-1.068191 -0.606111 -0.386197
-0.954143 -0.715271 -0.387588
-0.858403 -0.675826 -0.396228
-0.858634 -0.681693 -0.389182
-1.177509 -0.691733 -0.343102
-1.259553 -0.702538 -0.309189
-1.319470 -0.617371 -0.266230
-1.300982 -0.601973 -0.302579
-1.072508 -0.593924 -0.282427
-0.957281 -0.472710 -0.294351
-1.056315 -0.474314 -0.338594
-1.063994 -0.443107 -0.278653
-1.124490 -0.233222 -0.195871
-1.194999 -0.121341 -0.147529
-1.228192 -0.104349 -0.168307
-1.158919 -0.108945 -0.142056
-1.164273 -0.056454 -0.124258
-1.193464 -0.049584 -0.154259
-1.258890 -0.011440 -0.176998
-1.411042 0.076012 -0.164470
-1.484877 0.071326 -0.203213
-1.510157 0.078756 -0.179901
-1.705661 0.148912 -0.073080
-1.699900 0.238332 -0.073429
-1.674284 0.275756 -0.079657
-1.529646 0.395288 -0.056653
-1.443486 0.473630 -0.029244
-1.460549 0.490014 -0.032757
-1.317558 0.665839 0.022035
-1.215865 0.737579 0.069715
-1.155655 0.773854 0.086198
-1.025929 0.800272 0.115357
-0.931166 0.735898 0.131835
-1.026195 0.698860 0.194810
-1.087000 0.665106 0.222796
-1.076968 0.588012 0.220073
-1.151454 0.576827 0.289762
-1.224998 0.562713 0.305216
-1.290143 0.550642 0.365601
-1.221633 0.540388 0.415526
-1.127911 0.575480 0.357102
-1.144292 0.621030 0.390312
-1.057559 0.681983 0.338810
-1.049046 0.615047 0.365936
-0.945918 0.561831 0.357189
-0.929989 0.492031 0.385375
-0.857799 0.374426 0.406609
-0.770355 0.261172 0.447265
-0.793778 0.120225 0.411610
-0.828376 0.072479 0.432316
-0.889352 0.051423 0.404617
-0.874642 0.036367 0.396424
-0.880314 -0.005090 0.381503
-0.901123 -0.028403 0.345764
-1.010891 -0.097763 0.386695
-1.061221 -0.179344 0.402188
-1.133862 -0.218513 0.317518
-1.263863 -0.230439 0.343281
-1.354910 -0.302846 0.295639
-1.434471 -0.345587 0.248038
-1.518915 -0.258786 0.195365
-1.562295 -0.276748 0.223835
-1.682841 -0.224585 0.139625
-1.745164 -0.177521 0.088467
-1.815931 -0.094114 0.061269
-1.799954 -0.110915 0.072915
-1.848731 -0.074534 0.055157
-1.864391 -0.070150 0.004290
-1.857688 -0.136382 -0.003945
-1.869301 -0.152923 -0.036341
-1.761416 -0.104890 -0.054019
-1.693018 0.016442 -0.034232
-1.622397 0.163203 0.074763
-1.569939 0.285525 0.148103
-1.555723 0.312241 0.203118
-1.425207 0.492788 0.289447
-1.331467 0.575686 0.311789
-1.270819 0.701583 0.416796
-1.081992 1.029579 0.493708
-1.013937 1.269247 0.588562
-0.952317 1.371227 0.676822
-0.867508 1.519667 0.698292
-0.818834 1.681106 0.693089
-0.810781 1.774501 0.639142
-0.590264 2.058556 0.495187
-0.547832 2.391292 0.430761
-0.534266 2.622652 0.374299
-0.457370 2.711669 0.354674
-0.376960 2.830627 0.306436
-0.274316 3.024348 0.320091
-0.193327 3.052190 0.371051
-0.117423 3.033417 0.477084
-0.069694 3.097042 0.463360
-0.045993 3.237983 0.606668
0.191074 3.344446 0.678221
0.307890 3.380555 0.729417
0.296145 3.374018 0.747289
0.311281 3.230103 0.685471
0.205748 3.080295 0.581666
0.073537 2.744170 0.529992
-0.047231 2.538754 0.540755
-0.152306 2.395629 0.536579
-0.254904 2.182598 0.531203
-0.418771 2.100427 0.581266
-0.544799 1.947318 0.660197
-0.633473 1.721402 0.742373
-0.658002 1.647999 0.807147
-0.936363 1.405187 0.980806
-0.805010 1.222308 1.052255
-0.555357 0.964504 1.021712
-0.396686 0.784927 1.038701
-0.355997 0.746239 1.048798
-0.462720 0.558750 1.060692
-0.716893 0.587126 1.089682
-0.835685 0.493646 1.016735
-0.954663 0.404955 0.982359
-1.090983 0.242500 0.986578
-1.325719 0.092075 0.967582
-1.487442 0.187236 0.961462
-1.600778 0.316269 1.009831
-1.820841 0.307064 1.016853
-1.781681 0.296859 1.024629
-1.787449 0.253615 0.983819
-1.774972 0.280404 0.983175
-1.759335 0.203352 0.912975
