x y z
-0.070224 -0.113913 0.402959
-0.155743 -0.167728 0.380817
-0.102669 -0.155007 0.392277
-0.102688 -0.057930 0.415272
-0.050820 -0.074195 0.444699
-0.047172 -0.041541 0.471015
-0.011696 -0.052542 0.461721
0.001285 -0.025482 0.448216
-0.024616 -0.093809 0.508753
0.052379 -0.043571 0.512486
-0.006236 -0.018438 0.524076
0.007437 -0.067313 0.485061
-0.068327 -0.060539 0.492132
-0.104110 -0.106912 0.326999
-0.023624 -0.125704 0.339071
0.330973 0.026047 0.311621
0.549341 0.166101 0.413193
0.660114 0.207657 0.407147
0.670100 0.259026 0.427909
0.737188 0.322969 0.521039
0.801099 0.415986 0.486183
0.880698 0.454086 0.540492
0.836368 0.446302 0.546433
0.905441 0.410092 0.598056
0.979823 0.355350 0.600083
0.884282 0.392569 0.759255
0.968890 0.412788 0.683626
1.021636 0.334178 0.672340
0.987888 0.271243 0.658149
0.978008 0.260106 0.667838
0.859312 0.332290 0.718146
0.776554 0.293992 0.794434
0.715597 0.333254 0.808593
0.629060 0.382489 0.842444
0.621895 0.420657 0.805555
0.472090 0.473308 0.853768
0.414637 0.509229 0.953376
0.378414 0.478806 0.966281
0.341585 0.528980 1.022691
0.381236 0.517446 1.031221
0.419568 0.492279 1.048012
0.422344 0.502012 1.059546
0.413593 0.466238 1.038382
0.554680 0.432015 1.071488
0.574357 0.478904 1.045060
0.541408 0.487494 1.012423
0.493461 0.530537 1.022378
0.459234 0.524309 1.040959
0.449880 0.575998 1.076853
0.430760 0.571733 1.061719
0.442242 0.496086 1.122617
0.436048 0.477050 1.052357
0.348604 0.476676 0.982031
0.331529 0.470089 0.987823
0.364461 0.462755 0.957503
0.420483 0.465201 0.955813
0.315787 0.481679 0.939819
0.310865 0.477772 1.032550
0.449466 0.419125 0.897528
0.473724 0.424137 1.036137
0.524755 0.440112 1.028100
0.633886 0.467185 0.940066
0.614029 0.574470 1.025987
0.671899 0.580098 0.888014
0.722442 0.607362 0.972368
0.722494 0.640682 0.994721
0.739701 0.629763 0.974269
0.647466 0.550291 0.995734
0.635088 0.531334 1.016327
0.552522 0.424109 1.050960
0.618084 0.383912 0.944773
0.565844 0.351546 1.003627
0.478667 0.288923 1.000250
0.478618 0.292402 1.053065
0.457038 0.280777 1.039584
0.403276 0.246037 1.090006
0.413548 0.228196 1.060895
0.341591 0.246219 1.190408
0.396905 0.275616 1.213255
0.591257 0.253242 1.102692
0.585348 0.291268 1.088700
0.619353 0.334807 1.036013
0.606651 0.353073 1.125212
0.676178 0.397985 1.000160
0.770391 0.339174 1.017268
0.755168 0.346441 1.023623
0.860111 0.307812 0.954646
0.816076 0.321474 0.978868
0.854549 0.270463 0.952186
0.813815 0.335952 0.977642
0.868001 0.338538 0.958306
0.777196 0.432853 0.932741
0.689174 0.360557 0.931905
0.681031 0.419534 0.855352
0.588348 0.394843 0.915230
0.532799 0.408524 0.882304
0.463641 0.400564 0.897273
0.311935 0.339024 0.894966
0.266884 0.313381 0.994100
0.248113 0.261408 0.983409
0.143034 0.257805 1.028936
0.106363 0.284229 1.044921
0.163206 0.289449 0.902861
0.123332 0.295809 0.964172
0.117542 0.237080 0.950195
0.157936 0.201201 0.933411
0.350884 0.189503 0.860262
0.395999 0.141779 0.905879
0.504148 0.120987 0.834633
0.598391 0.103931 0.746661
0.676665 0.150585 0.704585
0.704113 0.253326 0.680995
0.835334 0.260073 0.600390
0.838171 0.212109 0.599151
0.919288 0.229854 0.630540
0.956648 0.154595 0.635192
0.901733 0.150798 0.687279
0.826851 0.093106 0.696980
0.659434 0.116961 0.688472
0.751849 0.021071 0.656015
0.599980 0.064219 0.745731
0.386719 0.000273 0.769863
0.234012 0.005719 0.731341
0.140756 -0.038969 0.698799
-0.044411 0.018612 0.671790
-0.240207 0.074143 0.676456
-0.383252 0.059823 0.646999
-0.619634 0.104532 0.743828
-0.496203 0.084315 0.652193
-0.424856 -0.019137 0.611771
-0.208040 -0.011977 0.599576
-0.095865 0.059382 0.636256
0.042677 0.023606 0.686831
0.201076 0.017281 0.625227
0.284654 -0.000489 0.693129
0.347134 -0.002392 0.748125
0.487279 -0.136373 0.728611
0.519724 -0.239049 0.805190
0.602813 -0.281306 0.541475
0.645736 -0.328314 0.527889
0.440151 -0.390962 0.462864
0.360611 -0.415367 0.312005
0.258656 -0.388479 0.204072
0.099505 -0.477777 0.301228
-0.178785 -0.478451 0.325484
-0.109791 -0.798089 0.368139
-0.045344 -0.896110 0.430002
0.076050 -1.009613 0.380810
0.026748 -1.122302 0.423085
0.185613 -1.127533 0.322690
0.109382 -1.092211 0.255871
-0.163978 -0.960333 0.116906
-0.317884 -0.811866 0.080301
-0.363715 -0.860266 0.022710
-0.426361 -0.810838 0.032838
-0.380485 -0.755325 -0.101308
-0.510243 -0.725918 -0.047184
-0.474725 -0.728716 -0.141131
-0.349876 -0.767418 -0.178526
-0.195775 -0.797065 -0.266321
-0.382515 -0.857572 -0.200129
-0.392465 -0.923921 -0.229365
-0.540328 -1.040474 -0.171173
-0.356178 -1.229061 -0.123136
-0.394176 -1.397245 0.017223
-0.487387 -1.476997 0.037210
-0.524198 -1.558709 0.114725
-0.647981 -1.516571 0.153417
-0.670428 -1.548119 0.217039
-0.592075 -1.464012 0.164195
-0.448358 -1.392616 0.159793
-0.267214 -1.354043 0.143895
-0.019709 -1.313629 0.007973
0.351310 -1.297882 -0.006830
0.573862 -1.153503 -0.081274
0.764564 -1.043206 -0.025175
0.964308 -0.909017 0.089823
1.135644 -0.868100 -0.004947
1.083890 -0.828499 0.156489
0.999621 -0.819437 0.094426
0.600699 -0.750409 0.209019
0.162130 -0.709642 0.162658
-0.155428 -0.730371 0.160983
-0.542888 -0.809638 0.326962
-0.691457 -0.902052 0.498907
-0.661716 -1.036871 0.540819
-0.731719 -1.046156 0.739930
-0.633148 -1.133157 0.765844
-0.552286 -1.111938 0.780950
-0.346444 -0.986036 0.853118
-0.145133 -0.909719 0.902037
-0.006427 -0.858217 0.856819
0.266725 -0.688800 0.774176
0.416102 -0.577221 0.614611
0.390378 -0.377407 0.626737
0.550733 -0.309240 0.539231
0.653229 -0.314951 0.502690
0.630875 -0.484328 0.549821
0.512445 -0.679580 0.659277
0.431876 -0.922669 0.687675
0.463172 -1.159159 0.826666
0.505472 -1.288234 0.820966
0.430162 -1.327699 0.828749
0.324613 -1.266106 0.924256
0.208692 -1.244381 0.856923
0.101468 -1.149648 0.860660
0.109407 -1.079768 0.801272
-0.062427 -0.907901 0.674807
-0.104445 -0.848138 0.568635
-0.181161 -0.691962 0.589401
-0.212665 -0.597365 0.390147
-0.167121 -0.447286 0.384823
-0.161956 -0.392028 0.332171
-0.122771 -0.388400 0.342601
-0.057140 -0.421928 0.379464
0.088666 -0.393405 0.416080
0.124988 -0.465118 0.361468
0.142611 -0.550781 0.342362
0.270185 -0.600550 0.304241
0.227888 -0.684015 0.394143
0.204190 -0.820939 0.435053
0.272215 -0.942632 0.415056
0.215787 -1.016328 0.507148
0.207522 -1.105481 0.567852
0.158991 -1.090848 0.583775
0.028590 -1.141518 0.626080
0.075140 -1.175523 0.569323
-0.002312 -1.081473 0.571470
-0.008376 -1.094604 0.525376
-0.139974 -0.995334 0.486306
-0.186025 -0.925583 0.551921
-0.288245 -0.829004 0.517541
-0.366524 -0.726325 0.521391
-0.265019 -0.659438 0.415327
-0.255851 -0.644145 0.456663
-0.143981 -0.608259 0.376636
-0.073107 -0.555310 0.462069
-0.042559 -0.570740 0.340339
0.018408 -0.585532 0.376356
0.124726 -0.529438 0.316297
0.284812 -0.578544 0.375249
0.378987 -0.654208 0.429048
0.419601 -0.670085 0.515813
0.476409 -0.702717 0.522667
0.463197 -0.690409 0.487419
0.323542 -0.686416 0.533112
0.209692 -0.681915 0.567255
0.107446 -0.689314 0.534793
0.025088 -0.609994 0.591913
-0.054921 -0.651878 0.624916
-0.118791 -0.564833 0.621987
-0.253370 -0.520516 0.655279
-0.242736 -0.498364 0.583052
-0.302034 -0.497778 0.642161
-0.346572 -0.475335 0.727448
-0.318211 -0.552795 0.746815
-0.247864 -0.540796 0.631729
-0.120405 -0.401534 0.660322
-0.103562 -0.355086 0.629685
0.030273 -0.389264 0.567976
0.018304 -0.390922 0.501703
0.103565 -0.308073 0.459926
0.160427 -0.366498 0.493979
0.142098 -0.330521 0.476316
0.161665 -0.335780 0.421949
0.096173 -0.398745 0.416767
0.145623 -0.453563 0.385128
0.112589 -0.487759 0.426794
0.094610 -0.498539 0.472627
0.106716 -0.504998 0.456210
0.107392 -0.547631 0.471616
0.003333 -0.588582 0.483978
0.017875 -0.568561 0.486378
0.055743 -0.519478 0.480844
0.004961 -0.444005 0.463580
0.020628 -0.490358 0.497991
0.019873 -0.436979 0.539107
0.108842 -0.453896 0.356198
0.139703 -0.413184 0.434638
0.144243 -0.390698 0.366222
0.096367 -0.402694 0.386837
0.021072 -0.360384 0.373369
0.035336 -0.237946 0.242455
0.038782 -0.290419 0.326394
-0.036426 -0.214723 0.372132
0.018426 -0.321733 0.375091
0.037638 -0.276995 0.480335
0.045713 -0.283807 0.366068
0.035370 -0.340989 0.394632
0.094550 -0.403151 0.405430
0.184861 -0.390682 0.409515
0.168553 -0.388676 0.412773
0.155623 -0.440229 0.411217
0.120917 -0.477438 0.481564
0.093562 -0.437981 0.582404
0.169730 -0.515700 0.460621
0.079999 -0.555981 0.548324
0.155231 -0.531532 0.588111
0.055348 -0.568306 0.638151
-0.001339 -0.548460 0.694621
-0.013990 -0.515721 0.690607
-0.015304 -0.531202 0.706595
0.150027 -0.528147 0.626699
0.172813 -0.455981 0.642877
0.155691 -0.415343 0.687714
0.213381 -0.458186 0.628585
0.248290 -0.354173 0.553720
0.202953 -0.324412 0.620571
0.274039 -0.237839 0.550961
0.232526 -0.285922 0.565218
0.163759 -0.257959 0.545455
0.213846 -0.227319 0.571889
0.178584 -0.220584 0.586652
0.076197 -0.207962 0.572626
0.114683 -0.232482 0.611340
0.098992 -0.234447 0.564134
0.112590 -0.180982 0.540183
0.079113 -0.302609 0.582512
0.099375 -0.335554 0.650601
0.191732 -0.297831 0.637329
0.305760 -0.368154 0.647628
0.316778 -0.360871 0.710708
0.335097 -0.391917 0.673445
0.344904 -0.358352 0.731779
0.378314 -0.372133 0.720044
0.303532 -0.382514 0.754033
0.422424 -0.407971 0.695676
0.472834 -0.413968 0.719397
0.549559 -0.474061 0.721581
0.448521 -0.454568 0.796656
0.513670 -0.451280 0.735687
0.401089 -0.387429 0.734163
0.354322 -0.434309 0.794148
0.378224 -0.196807 0.715193
0.209634 -0.260387 0.811758
0.209187 -0.204998 0.699216
0.119666 -0.157007 0.773460
0.091654 -0.119520 0.667336
-0.089133 -0.103419 0.779644
-0.031023 -0.116353 0.686288
-0.094928 -0.103445 0.721748
0.015343 -0.124532 0.726566
0.049454 -0.166418 0.699288
0.236621 -0.251953 0.705300
0.372593 -0.213397 0.688880
0.344697 -0.246383 0.744648
0.496039 -0.252830 0.657161
0.576876 -0.240273 0.667049
0.556051 -0.208427 0.636294
0.554101 -0.249794 0.617296
0.512502 -0.263220 0.586003
0.475387 -0.259342 0.531739
0.499251 -0.226014 0.528127
0.265876 -0.220255 0.603249
0.312109 -0.184618 0.538911
0.201643 -0.203223 0.554446
0.187103 -0.160907 0.497606
0.216435 -0.160948 0.547920
0.286714 -0.220738 0.596418
0.165442 -0.232999 0.582391
0.274257 -0.301291 0.530680
0.208559 -0.458269 0.580849
0.237495 -0.542009 0.639080
0.264871 -0.517708 0.602223
0.193905 -0.594419 0.562938
0.081026 -0.535038 0.686149
0.048354 -0.532551 0.656606
-0.005924 -0.377908 0.597341
0.028193 -0.316228 0.547177
-0.035338 -0.222584 0.649380
0.028375 -0.167913 0.538899
0.046089 -0.095325 0.503555
0.050951 -0.022305 0.502646
0.267388 -0.077577 0.483750
0.306998 -0.122244 0.478495
0.414480 -0.169598 0.472667
0.465371 -0.194608 0.592854
0.538743 -0.186957 0.547483
0.663310 -0.276147 0.560678
0.619351 -0.254451 0.652449
0.746712 -0.384384 0.719388
0.761807 -0.364282 0.653434
0.786218 -0.418719 0.631291
0.587418 -0.326831 0.740864
0.427215 -0.260826 0.709421
0.427651 -0.247186 0.737283
0.314922 -0.312907 0.675522
0.287435 -0.233043 0.732515
0.073361 -0.190051 0.702368
0.170917 -0.139678 0.612782
0.143729 -0.155540 0.648945
0.158568 -0.134093 0.663329
0.052538 -0.204685 0.743603
0.099927 -0.192412 0.707474
-0.158875 -0.169612 0.906161
0.170380 -0.138941 0.627814
0.181238 -0.204154 0.663890
0.221217 -0.160797 0.691650
0.303616 -0.199928 0.717425
0.372396 -0.222369 0.648298
0.471355 -0.174306 0.598570
0.501956 -0.077813 0.582909
0.427617 -0.119862 0.609311
0.513815 -0.070081 0.618533
0.498003 -0.140648 0.603681
0.485563 -0.107846 0.627502
0.498068 -0.111836 0.616070
0.381041 -0.059660 0.700666
0.335098 -0.101001 0.574686
0.298399 -0.191611 0.649124
0.269823 -0.204762 0.736226
0.356291 -0.261155 0.707834
0.318709 -0.284532 0.833650
0.465210 -0.298809 0.724842
0.404737 -0.261512 0.771757
0.391612 -0.319363 0.833832
0.523695 -0.386318 0.918604
0.547934 -0.461055 0.828194
0.535293 -0.362657 0.900691
0.459283 -0.253426 0.851063
0.433549 -0.186071 0.824753
0.303033 -0.137943 0.796143
0.327688 0.001698 0.732623
0.256992 0.003892 0.770694
0.279892 0.105082 0.650244
0.241135 0.094573 0.678972
0.220687 0.136551 0.675156
0.220844 0.099632 0.702817
0.281607 0.079110 0.679371
0.412178 -0.121791 0.689431
0.481934 -0.141645 0.707703
0.544564 -0.190821 0.756960
0.587293 -0.311774 0.797421
0.629861 -0.349253 0.884719
0.665201 -0.387335 0.793681
0.734026 -0.443431 0.798351
0.753815 -0.431451 0.830317
0.631456 -0.378523 0.848372
0.624301 -0.305183 0.900830
0.637506 -0.306679 0.878870
0.694319 -0.308513 0.884123
0.539857 -0.147783 0.817521
0.534832 -0.116338 0.823274
0.422492 -0.107194 0.898991
0.437343 0.003272 0.815295
0.499879 -0.013929 0.799330
0.507228 -0.039218 0.769692
0.544476 -0.096702 0.833360
0.600999 -0.166154 0.848561
0.604936 -0.206237 0.876897
0.681933 -0.236922 0.773077
0.649709 -0.250328 0.839146
0.709939 -0.313926 0.808401
0.568838 -0.225280 0.850068
0.578025 -0.216458 0.738632
0.456156 -0.201841 0.739518
0.511898 -0.104503 0.782930
0.545935 -0.084851 0.680288
0.485664 -0.018161 0.623974
0.432061 0.041639 0.582248
0.409981 0.120329 0.563745
0.254219 0.075763 0.534135
0.335842 0.102163 0.535009
0.382667 -0.015738 0.607701
0.418989 0.031390 0.606644
0.416715 -0.062632 0.596968
0.523502 -0.122915 0.634667
0.479616 -0.214156 0.642466
0.434076 -0.250161 0.642833
0.507015 -0.270307 0.608622
0.515850 -0.259261 0.664333
0.406657 -0.378276 0.698185
0.356593 -0.350292 0.730191
0.333700 -0.289063 0.673006
0.273513 -0.258409 0.668088
0.251340 -0.257612 0.648303
0.292007 -0.213657 0.605656
0.218636 -0.157885 0.615809
0.267052 -0.185653 0.583862
0.229665 -0.177730 0.653703
0.288180 -0.239222 0.729540
0.304956 -0.271990 0.763096
0.496357 -0.286546 0.756948
0.400297 -0.349522 0.799506
0.545268 -0.350532 0.770242
0.530492 -0.414692 0.727749
0.530805 -0.319651 0.837933
0.497921 -0.303855 0.772974
0.622188 -0.255899 0.734359
0.546939 -0.221474 0.777865
0.523335 -0.157446 0.777609
0.499456 -0.182579 0.765446
0.568446 -0.107595 0.811402
0.645192 -0.050974 0.800224
0.558179 -0.031056 0.731462
0.477402 -0.011484 0.772281
0.569287 -0.037005 0.769279
0.631095 -0.059295 0.736896
0.541167 -0.092880 0.745724
0.702959 -0.156810 0.832322
0.678380 -0.224440 0.743197
0.611091 -0.156622 0.866935
0.584339 -0.221278 0.819454
0.584215 -0.208598 0.829394
0.587013 -0.245876 0.804845
0.529496 -0.218463 0.807309
0.550515 -0.239586 0.911932
0.556313 -0.222894 0.843590
0.471376 -0.226529 0.870127
0.310313 -0.170764 0.884402
0.358783 -0.157419 0.814045
0.359495 -0.147732 0.803906
0.353931 -0.134131 0.798663
0.441484 -0.035596 0.720652
0.216006 -0.018668 0.868760
0.422212 -0.038291 0.702026
0.551384 -0.089425 0.661065
0.588514 -0.116407 0.638746
0.588978 -0.173871 0.647085
0.554814 -0.234884 0.641239
0.503902 -0.221661 0.676291
0.535036 -0.222535 0.689259
0.509256 -0.282739 0.603116
0.516656 -0.296369 0.650611
0.537013 -0.283602 0.609777
0.611765 -0.243286 0.525813
0.556727 -0.279234 0.532646
0.496995 -0.126727 0.627165
0.195724 -0.142127 0.731189
0.406538 -0.141138 0.558152
0.333086 -0.043219 0.572803
0.358765 -0.047663 0.529846
0.334013 -0.044108 0.579141
0.372404 -0.016481 0.619550
0.438985 -0.112556 0.555916
0.493071 -0.128661 0.585447
0.414830 -0.128466 0.646393
0.622237 -0.219107 0.623445
0.654355 -0.201873 0.792917
0.668741 -0.197566 0.752821
0.680117 -0.171778 0.734881
0.778627 -0.208033 0.585902
0.626091 -0.186146 0.769361
0.706684 -0.148231 0.774400
0.680064 -0.064220 0.787917
0.711060 -0.086556 0.711961
0.645271 -0.026443 0.757014
0.578647 0.005101 0.792470
0.531244 0.020560 0.793226
0.580838 -0.003951 0.686299
0.517989 0.004905 0.788510
0.563683 -0.020135 0.849646
0.607932 -0.120990 0.874827
0.604107 -0.121893 0.857286
0.549546 -0.116127 0.929635
0.570514 -0.103863 0.910678
0.572228 -0.135977 0.902287
0.557948 -0.144549 0.900941
0.460278 -0.130801 0.943282
0.387215 -0.170792 0.975071
0.385750 -0.084102 0.836528
0.315422 -0.085895 0.837214
0.325008 -0.038844 0.823431
0.288172 0.039020 0.873953
0.228673 0.041229 0.948038
0.338839 0.058379 0.791779
0.303619 0.085874 0.829184
0.396844 0.031606 0.883093
0.563645 -0.053739 0.791039
0.714849 -0.110322 0.770650
0.534131 -0.155156 0.907682
0.633881 -0.126736 0.963571
0.742518 -0.170516 0.987186
0.924188 -0.207171 0.879740
0.863338 -0.186689 1.019419
0.850810 -0.141625 1.050352
0.909023 -0.110737 0.925633
0.805413 -0.013203 0.925120
0.701999 0.015643 0.885696
0.755549 0.026688 0.858136
0.820750 0.010989 0.819201
0.894074 0.048963 0.766841
0.896870 0.005933 0.823746
0.887912 -0.006236 0.847613
0.780176 -0.009823 0.891890
0.767128 -0.023287 0.776646
0.736126 -0.101707 0.805004
0.663781 -0.101160 0.914691
0.598311 -0.081063 0.957983
0.625785 -0.127561 0.846563
0.589123 -0.171153 0.983162
0.569572 -0.243701 0.983861
0.550126 -0.195545 0.981247
0.415491 -0.175511 1.033604
0.405867 -0.180205 1.008918
0.528443 -0.156566 0.933740
0.505950 -0.152052 0.936882
0.480197 -0.131160 0.906312
0.562601 -0.096531 0.967116
0.605768 -0.118153 0.904988
0.717433 -0.129598 0.872077
0.672995 -0.123956 0.943329
0.865074 -0.096083 0.880616
0.765472 -0.042965 1.047543
0.948942 -0.124797 0.942181
1.021966 -0.144531 0.976558
1.050461 -0.124734 0.904591
0.992898 -0.098139 0.914021
0.851616 -0.056571 0.925172
0.857229 -0.060804 0.923222
0.878515 0.001508 0.896002
0.860293 0.032787 0.884908
0.854468 0.024567 0.870288
0.900610 -0.022922 0.833411
0.834288 0.011614 0.956326
0.817374 -0.039997 0.945205
0.886752 -0.063213 0.920527
0.984301 -0.049295 1.002836
0.936702 -0.082609 0.950022
0.896110 -0.138386 0.973131
0.824222 -0.096897 1.033104
0.757834 -0.076483 1.011795
0.814819 -0.108071 0.930327
0.849299 -0.149442 0.912488
0.917427 -0.149085 1.047742
1.073690 -0.217388 0.934003
0.958595 -0.155104 1.117702
1.082054 -0.201302 1.053608
0.977248 -0.181369 1.022145
1.041173 -0.206780 0.970804
1.026496 -0.164954 0.967474
1.112052 -0.205485 1.042106
1.118155 -0.229326 1.038713
1.119262 -0.262111 1.062730
1.035844 -0.247367 1.085812
0.965167 -0.187216 1.114209
1.003054 -0.224864 0.960936
0.868583 -0.247440 1.047750
0.899767 -0.192495 1.022620
0.851808 -0.164083 0.952395
0.912217 -0.203529 0.864891
0.827269 -0.135348 0.855440
0.805334 -0.122153 0.907284
0.807274 -0.063797 0.804183
0.834980 -0.061633 0.812533
0.796096 -0.060237 0.697118
0.790226 -0.088017 0.736362
0.840489 -0.057147 0.648480
0.775928 -0.089563 0.729375
0.781133 -0.112584 0.689382
0.804582 -0.173503 0.690276
0.742611 -0.151218 0.724282
0.768316 -0.149559 0.784933
0.902475 -0.186705 0.654713
0.764069 -0.156681 0.787968
0.878808 -0.202925 0.635807
0.886018 -0.239287 0.664649
0.874714 -0.208136 0.698654
0.873377 -0.186663 0.747706
0.910287 -0.230024 0.621056
0.939271 -0.261308 0.727750
0.882740 -0.269031 0.785619
0.945948 -0.348161 0.740674
0.974395 -0.360097 0.818648
1.073691 -0.421194 0.780904
1.039502 -0.433545 0.838311
0.618239 -0.352620 1.216289
0.912802 -0.378991 0.814649
0.793350 -0.315772 0.817456
0.714343 -0.227831 0.827262
0.673111 -0.140749 0.793858
0.633522 -0.054029 0.812040
0.540389 -0.049069 0.789384
0.594766 -0.019219 0.780914
0.581047 0.077317 0.773971
0.636889 -0.027839 0.630927
0.575400 -0.092555 0.788248
0.680856 -0.143987 0.858966
0.706601 -0.155461 0.885297
0.802072 -0.211849 0.934712
0.792877 -0.227064 0.889968
0.783914 -0.204287 0.939584
0.849014 -0.311458 0.905977
0.769303 -0.263631 0.980154
0.732320 -0.183971 1.067516
0.739581 -0.163379 0.942679
0.789396 -0.120513 0.981113
0.794646 -0.066142 0.998255
0.779885 -0.021170 1.073038
0.841705 0.007186 0.927394
0.844624 0.028275 0.936855
0.838976 -0.016370 0.934203
0.793504 -0.062438 0.957743
0.840512 -0.139060 0.990466
0.897466 -0.211361 1.057016
0.822047 -0.201175 1.118898
0.763115 -0.283612 1.154917
0.765134 -0.308629 1.155689
0.640582 -0.243419 1.132822
0.672969 -0.223458 1.118714
0.645945 -0.120381 1.031519
0.529943 -0.052066 1.027772
0.437463 -0.017233 1.090011
0.529096 0.040406 0.984874
0.242902 0.089021 1.148704
0.504474 0.066026 0.910288
0.505560 0.086754 0.959839
0.533946 0.130961 0.963869
0.533524 0.059713 0.986400
0.654306 0.072066 0.976104
0.715413 0.115300 0.895161
1.093825 0.093394 0.642717
0.874135 0.060322 0.819840
0.745824 0.065563 0.833030
0.822275 -0.026820 0.880940
0.877249 0.002125 0.794176
0.814405 -0.046982 0.874515
0.921607 -0.041678 0.947287
1.014146 -0.166588 0.866839
0.865514 -0.145648 0.948637
0.912974 -0.192188 0.977807
0.775296 -0.158405 0.998626
0.794060 -0.114945 0.994701
0.813158 -0.142934 0.979732
0.832786 -0.118538 0.943822
0.843514 -0.132144 0.920874
0.703106 -0.077180 1.018682
0.709063 -0.003325 0.955383
0.561450 0.010199 1.009870
0.581845 0.084105 0.948562
0.559088 0.069628 0.983949
0.554448 0.051709 0.927840
0.565024 0.099999 1.035329
0.594209 0.051775 0.978929
0.551188 0.115538 1.039558
0.551119 0.058157 0.907532
0.485477 0.146048 0.945454
0.572377 0.070757 0.885475
0.628891 0.116201 0.935259
0.684869 0.095173 0.874890
0.637890 0.032726 0.873945
0.672477 0.107098 0.859806
0.627673 0.114428 0.930893
0.767112 0.115586 0.826830
0.761770 0.159570 0.858397
0.766011 0.104654 0.846495
0.703955 0.101053 0.920346
0.740399 0.090564 0.827075
0.655187 0.145079 0.946670
0.804708 0.095992 0.867734
0.756809 0.127351 0.868652
0.780110 0.074504 0.878514
0.789128 0.042381 0.896587
0.709370 0.050621 0.958139
0.749465 0.019805 0.982009
0.744349 0.033614 1.004305
0.725338 0.095259 0.981367
0.792521 0.036293 0.941105
0.726008 0.020784 1.056596
0.794515 0.023052 1.028241
0.821342 0.088595 1.020937
0.757043 0.086945 0.975723
0.781013 0.064650 1.000682
0.927701 0.089671 0.965312
0.857962 0.070866 1.076328
0.766976 0.179859 1.074461
0.818983 0.144535 1.023094
0.944167 0.090487 0.914823
0.863584 0.111814 1.016784
0.882967 0.134165 1.033295
0.845133 0.078080 1.013316
0.873310 0.070135 1.071280
0.842251 0.085586 1.070794
0.857423 -0.038760 1.109509
0.917271 -0.021150 1.102992
0.943096 -0.093379 1.089804
0.920548 -0.099260 1.139566
1.058691 -0.160696 1.126614
1.019411 -0.207691 1.184949
0.951249 -0.263825 1.264933
1.007113 -0.220886 1.150594
1.069135 -0.178558 1.199895
1.077462 -0.223577 1.146718
1.062840 -0.185464 1.120695
1.127430 -0.125293 1.120967
1.155075 -0.132550 1.057219
1.207239 -0.109048 1.075805
1.238960 -0.005980 1.073990
1.176242 0.004056 1.050793
1.275507 -0.061156 0.920308
1.242986 0.048865 0.997115
1.232711 -0.003793 1.021066
1.237403 0.024734 0.898835
1.182506 -0.011705 1.058471
1.240806 -0.122246 0.935454
1.119781 -0.080348 1.004014
1.066145 -0.050518 0.964221
1.028561 -0.062859 1.039919
0.956495 -0.058342 0.993884
0.850480 -0.056895 0.931112
0.704017 -0.008063 1.090580
0.698107 -0.000419 0.942230
0.608533 -0.044498 1.026568
0.543272 0.016135 1.015097
0.686311 -0.076573 0.973714
0.670431 -0.012873 1.092761
0.669790 -0.074066 1.050123
0.755380 -0.044742 1.075341
0.877683 -0.109998 0.982342
0.868952 -0.073433 0.995962
0.942364 -0.100213 1.005099
0.902372 -0.082765 1.008299
1.001240 -0.103870 0.970209
1.058481 -0.073904 0.982919
1.141242 -0.084087 0.990743
1.181107 -0.096873 0.961290
1.111428 -0.055410 0.936698
1.146843 -0.064388 0.891093
1.139782 -0.016680 1.046086
1.076332 -0.041982 0.934991
0.990792 -0.027940 1.004970
1.007256 -0.093948 0.932532
0.939316 -0.053586 0.947948
0.946600 -0.047688 1.057542
0.846119 -0.032916 1.058767
0.831536 -0.067083 0.952310
0.784136 -0.068881 1.000280
0.764201 -0.015498 0.999345
0.669262 0.027880 1.085802
0.683466 -0.019281 1.014975
0.731415 0.014113 0.993922
0.826132 -0.031771 0.981386
0.833542 0.046422 0.955741
0.861821 0.056518 0.936769
0.826716 0.110151 0.976739
0.904614 0.103380 0.947347
0.960540 0.118402 0.905437
0.977792 0.161109 0.898946
0.976024 0.162806 0.965281
1.012822 0.148319 0.982557
0.960413 0.133093 0.996859
1.001037 0.084192 0.957528
0.935686 0.021785 0.961445
0.902530 -0.003498 1.002042
0.904469 0.018622 1.093335
0.920612 -0.026093 1.018309
0.882227 -0.076903 1.005861
0.894195 -0.045018 1.040809
0.830198 -0.058906 1.098388
0.819455 -0.072798 1.156771
0.882686 -0.077544 1.140305
0.887291 -0.110418 1.146787
0.808621 -0.113610 1.256075
0.831827 -0.121483 1.183976
0.874351 0.009193 1.030873
0.713030 0.052975 1.108435
0.677505 0.094047 1.095694
0.752583 0.191325 1.001264
0.769533 0.185258 0.983957
0.728463 0.194111 0.984685
0.761851 0.237960 0.945905
0.749044 0.228716 0.999433
0.854434 0.227147 0.935030
0.872883 0.144245 0.950744
0.851468 0.145997 1.052171
1.007822 0.149626 0.834618
0.921690 0.156190 0.967613
0.986860 0.144008 0.965744
0.985059 0.057190 0.939410
1.117255 0.007264 0.955048
1.201954 -0.015485 0.888810
1.077114 -0.031947 1.047409
1.004254 -0.056741 1.034085
0.991400 -0.045721 1.049229
0.886734 -0.049841 1.003503
0.804409 -0.022790 1.070782
0.752809 -0.004285 1.102012
0.786993 -0.003939 0.964925
0.647195 0.011033 1.076321
0.773808 -0.011801 0.948629
0.690014 -0.068141 0.942965
0.755178 -0.019835 1.063606
0.812945 -0.032663 0.993350
0.753998 -0.043933 1.021723
0.688658 -0.041363 1.048333
0.646500 -0.055192 1.024528
0.739810 0.041375 0.901562
0.697759 0.116516 0.970239
0.708222 0.083805 0.985275
0.799564 0.057416 0.956542
0.728300 0.068996 0.967998
0.753506 0.040322 0.949774
0.798811 0.055058 0.970292
0.709611 0.048973 0.987607
0.732959 0.052190 0.950900
0.701317 0.015221 1.001954
0.728654 0.044713 0.920962
0.808584 -0.016997 0.998422
0.795569 0.047713 0.974127
0.792098 0.019163 0.964447
0.841396 0.038306 1.064504
0.749939 0.001632 1.060381
0.884286 -0.016040 1.069869
0.873612 0.043946 1.071478
0.196241 0.047195 1.628640
0.918641 -0.002275 1.079595
0.843543 -0.001197 1.080382
0.946180 0.016945 1.048659
0.954577 0.094542 1.068976
0.937144 0.122548 1.096039
0.897055 0.198992 1.078859
0.744896 0.196126 1.091225
0.766267 0.227686 1.089050
0.757124 0.241864 1.035780
0.686765 0.203534 1.081726
0.802049 0.130483 1.036050
0.863152 0.101859 1.078043
0.853958 0.004611 1.016809
0.770842 0.063145 1.137810
0.771706 0.044816 1.066087
0.774842 -0.015579 1.062304
0.682061 0.011660 1.093662
0.723092 0.022503 1.046446
0.709051 0.098936 1.202725
0.727472 0.018826 1.174814
0.718003 0.062257 1.067907
0.716064 0.103649 1.139778
0.688091 0.122148 1.122975
0.733531 0.073942 1.058866
0.703246 0.124750 1.087195
0.692127 0.121943 1.074156
0.838207 0.042212 1.034424
0.832919 0.102292 1.105287
0.828408 -0.021189 1.126695
0.876905 0.001547 1.137657
0.958390 -0.052374 1.117964
0.962183 -0.057112 1.080077
1.022545 -0.011159 1.086989
0.891040 0.056020 1.100053
0.869049 0.014268 1.136634
0.866125 0.125967 1.075159
0.878475 0.065362 1.109951
0.774630 0.105348 1.082534
0.793727 0.086245 1.100416
0.812649 0.151885 1.057986
0.803985 0.115083 1.051995
0.724793 0.049963 1.027175
0.781556 0.087362 1.050074
0.746021 0.145215 1.106422
0.765913 0.080136 0.969512
0.697531 0.080993 1.008733
0.634030 0.078181 1.073097
0.706844 0.062234 1.006200
0.698954 0.057499 1.042093
0.636345 0.067238 1.056057
0.617887 0.085454 1.038509
0.681911 0.031696 1.078099
0.710031 0.100389 1.139654
0.686876 0.082746 1.094088
0.756543 0.073769 1.121662
0.814654 0.047965 1.096283
0.819718 0.028329 1.158092
0.838962 0.033015 1.106049
0.859824 0.047950 1.016563
0.860481 0.018274 1.070535
0.957481 -0.007394 1.077894
0.902788 -0.029618 1.076140
0.876170 -0.003686 1.128841
0.757027 -0.016944 1.147638
0.797232 -0.093302 1.219231
0.840143 -0.102878 1.158500
0.770548 -0.124783 1.188420
0.661527 -0.110948 1.250333
0.738439 -0.104516 1.125883
0.766489 -0.132409 1.134292
0.647091 -0.064483 1.197283
0.645560 -0.042150 1.188751
0.681897 -0.028980 1.125850
0.746072 -0.003399 1.095048
0.697009 0.007622 1.158724
0.700657 0.053847 1.128256
0.814093 0.090613 1.046267
0.730145 0.085477 1.101179
0.795908 0.102106 1.085901
0.887210 0.138996 1.063396
0.852919 0.102525 1.001899
0.886886 0.112814 0.997918
0.956092 0.104257 1.001158
0.945916 0.089386 0.989620
0.931678 0.100451 1.004697
0.948686 0.025389 0.993083
0.860403 0.028445 1.087556
0.832974 -0.048473 1.156334
0.873241 0.014114 1.131373
0.832962 -0.022671 1.076544
0.725815 -0.077818 1.159062
0.750097 -0.093566 1.066126
0.715728 -0.106740 1.047065
0.708368 -0.063491 1.097492
0.708131 -0.039350 1.106276
0.675521 -0.063665 1.124724
0.687778 -0.084966 1.050201
0.686568 -0.064781 1.090978
0.634064 -0.002110 1.095612
0.700761 0.007629 1.119224
0.730794 0.028458 1.214483
0.742276 0.065828 1.156547
0.724513 0.070744 1.141141
0.828664 0.026462 1.058261
0.861212 0.087204 1.076977
0.910547 0.082365 1.053176
0.850804 0.065502 1.176940
1.236248 0.060657 0.905272
0.877103 0.054394 1.106010
0.918946 0.011236 1.131094
0.887599 0.022786 1.147392
0.969950 -0.021588 1.190311
0.920951 -0.061203 1.161441
0.969915 -0.046708 1.169392
1.018490 -0.060846 1.131136
0.938353 0.001979 1.231952
0.974852 -0.118206 1.205772
0.978785 -0.112382 1.248577
1.038103 -0.128045 1.170610
0.974448 -0.118184 1.236135
0.923804 -0.061053 1.260815
0.907607 -0.054692 1.226488
0.861528 -0.050150 1.256157
0.874177 -0.051156 1.167681
0.843276 0.026759 1.237079
0.847660 0.032766 1.164788
0.813479 0.037911 1.190184
0.822744 0.061284 1.234794
0.779928 0.124217 1.241449
0.788823 0.110576 1.100737
0.777378 0.131781 1.054149
0.752850 0.151017 1.106445
0.759760 0.146115 1.077537
0.731587 0.114117 1.056196
0.677736 0.105887 1.140034
0.734622 0.091498 1.052717
0.822459 0.033219 0.991932
0.801626 -0.041738 0.989713
0.929027 -0.016467 0.956299
0.835466 -0.002629 1.001582
0.921121 0.000359 0.965249
0.789627 -0.053622 1.058418
0.792326 0.007702 0.915978
0.831465 -0.005188 0.929450
1.025721 -0.012011 0.971919
0.988339 -0.056314 0.925643
0.978609 -0.086957 0.935047
0.907095 -0.028155 0.991000
0.953308 -0.002994 0.934274
0.877604 0.015881 0.985429
0.912885 0.081449 0.965536
0.923045 0.104548 0.946660
0.921560 0.095142 0.877745
0.908298 0.060576 0.947284
0.834456 0.004611 0.966974
0.817076 0.026420 0.917793
0.908833 0.055390 0.916286
0.789216 -0.005355 0.950870
0.767568 -0.034336 0.976259
0.675066 0.037157 1.087103
0.613430 0.030315 1.062054
0.636570 0.010375 1.155510
0.734520 0.075497 1.127277
0.643459 0.066451 1.196643
0.749460 0.064604 1.124066
0.749472 0.052803 1.158917
0.892832 0.122221 1.130841
0.830834 0.104737 1.182656
0.828838 0.122107 1.197250
0.965180 0.101390 1.132280
0.839547 0.109785 1.152683
0.887290 0.139806 1.188183
0.862898 0.076173 1.272798
0.837757 0.075624 1.242117
0.851577 0.110148 1.218453
0.731013 0.102284 1.344488
0.740831 0.038885 1.259227
0.618879 0.047462 1.288106
0.330595 0.112012 1.461630
0.622720 0.116351 1.179414
0.534066 0.098771 1.176164
0.491368 0.062577 1.245629
0.469960 0.065424 1.198081
0.513344 0.019229 1.200032
0.583481 0.093423 1.264833
0.668359 -0.003148 1.194805
0.617409 -0.044284 1.188134
0.680739 0.037960 1.220022
0.787680 0.077528 1.161663
0.803094 0.055064 1.123561
0.803094 0.055064 1.123561
0.802801 0.065269 1.122585
0.824424 0.105471 1.225990
0.851005 0.149398 1.136869
0.938785 0.148276 1.138456
0.960521 0.151563 1.156315
1.045690 0.169745 1.123212
1.086856 0.162388 1.152484
1.066610 0.110298 1.116915
1.073551 0.140745 1.101278
1.029598 0.079947 1.186436
1.145623 0.075870 1.059209
1.073627 0.053596 1.174109
1.048661 0.022709 1.154877
1.038835 0.010389 1.139374
1.038049 0.010606 1.160562
0.957386 0.047135 1.193059
0.902040 -0.008820 1.201867
0.850586 0.059383 1.250093
0.892852 -0.012657 1.122856
0.734298 0.006670 1.232720
0.732684 0.030501 1.217598
0.745125 0.058117 1.226941
0.717813 0.072258 1.160353
0.650049 0.101992 1.215499
0.677165 0.061795 1.162045
0.695738 0.110321 1.250461
0.773297 0.050817 1.142432
0.872930 0.101451 1.155953
0.811589 0.061075 1.128725
0.862090 0.114652 1.142498
0.899855 0.076855 1.156805
0.868815 0.122375 1.135797
0.931844 0.052674 1.075016
0.941157 0.076746 1.116272
1.000476 0.064230 1.100156
1.057750 0.039188 1.101446
1.010754 0.009329 1.099259
1.095758 -0.000223 1.116248
1.035493 0.017811 1.151144
1.142205 0.005312 1.133933
1.010654 0.014666 1.181876
1.096923 0.045408 1.098109
0.946529 0.073495 1.134527
0.975163 0.043695 1.043506
1.038686 0.125058 1.027108
0.974514 0.096701 1.050183
0.948268 0.046133 1.039001
0.879245 0.043950 1.012952
0.898471 0.072699 1.069717
0.858817 0.054297 1.047247
0.866443 0.029464 1.107702
0.841748 0.031286 1.012358
0.819211 0.017557 1.007681
0.803103 -0.000267 1.043439
0.761988 -0.003510 1.009140
0.787830 0.031306 0.990161
0.775044 0.030890 0.985451
0.737489 0.072202 0.994056
0.719094 0.073413 0.986204
0.731582 0.008776 1.064726
0.713867 0.040206 1.014764
0.641813 0.098101 0.938394
0.722511 0.062712 0.899343
0.660232 0.085156 0.899510
0.669088 0.140001 0.959241
0.662107 0.158513 0.974020
0.697983 0.143934 0.985484
0.824728 0.161859 0.894319
0.736220 0.179075 0.971448
0.764641 0.162231 0.887578
0.828947 0.154715 0.908839
0.764696 0.153432 0.903108
0.747010 0.125713 0.930647
0.748538 0.105914 0.965393
0.815071 0.078603 0.963860
0.834184 0.029820 1.044779
0.873162 0.019677 1.093609
0.777567 0.060659 1.146960
0.725710 0.015339 1.105707
0.829740 0.028780 1.109027
0.795963 0.014610 1.072102
0.843131 0.021607 1.128507
0.793324 0.020435 1.133577
0.722906 0.082359 1.164424
0.657602 0.055638 1.177900
0.694404 0.019088 1.164590
0.738107 0.043562 1.129925
0.671433 0.031634 1.261908
0.724706 0.033936 1.159226
0.765674 0.089412 1.197543
0.727681 0.056510 1.237994
0.685178 0.099595 1.131019
0.661649 0.161835 1.187503
0.703087 0.104935 1.138993
0.737733 0.135393 1.144991
0.728616 0.082069 1.078789
0.862458 0.130068 1.156619
0.835287 0.132959 1.136744
0.883175 0.075119 1.182203
0.982163 0.075157 1.103231
0.926914 0.018378 1.182018
0.974168 0.034982 1.110428
0.914168 0.087307 1.071319
0.882719 0.099896 1.099652
0.825437 0.102628 1.113042
0.899471 0.147331 1.070478
0.800081 0.116589 1.140269
0.760698 0.071973 1.052286
0.716767 0.122039 1.167184
0.731329 0.104966 1.096755
0.719423 0.075711 1.130558
0.713253 0.030683 1.112350
0.648212 0.034853 1.116838
0.532434 0.028851 1.142147
0.650512 -0.013530 1.096058
0.781585 0.002698 1.150034
0.779248 0.040739 1.098941
0.783772 0.077558 1.111387
0.784207 0.140391 1.144354
0.781432 0.109781 1.105062
0.800614 0.103928 1.135854
0.881550 0.142790 1.073510
0.882343 0.155564 1.104813
0.843411 0.175237 1.137230
0.938390 0.142333 1.122832
1.072740 0.154540 1.023385
1.019529 0.110488 1.112110
1.019809 0.073901 1.020069
0.887393 0.107567 1.095173
0.997736 0.108676 1.069043
0.917687 0.099533 1.077208
0.889045 0.099759 1.152618
0.848285 0.071194 1.104065
0.878825 0.069398 1.059415
0.872124 0.103201 1.083207
0.901049 0.118184 1.120061
0.866688 0.078715 1.011454
0.859484 0.075394 1.131670
0.792121 0.058773 1.090118
0.745493 0.085311 1.120551
0.797761 0.089913 1.138028
0.713350 0.044960 1.121208
0.732701 0.090136 1.204731
0.702205 0.048012 1.130091
0.727334 0.066432 1.129584
0.707916 0.033556 1.101856
0.735345 0.114301 1.143522
0.734483 0.105760 1.180398
0.801861 0.189679 1.098934
0.815501 0.169556 1.078308
0.884680 0.162852 1.119856
0.739559 0.196361 1.180954
0.791520 0.180419 1.072995
0.822623 0.161174 1.077412
0.867633 0.164269 1.071910
0.770258 0.192575 1.094366
0.811172 0.168667 1.093761
0.868460 0.206444 1.079576
0.922061 0.111026 1.029960
0.862540 0.110436 1.178327
0.917151 0.033558 1.075879
0.926699 0.043297 1.028715
0.919306 0.045480 1.052848
0.971461 0.066640 1.072943
0.827758 0.047034 1.085190
0.842359 0.025322 1.140801
0.765458 0.104744 1.177625
0.801392 0.055392 1.108593
0.765941 0.107012 1.152408
0.806478 0.095968 1.216618
0.930118 0.059070 1.249589
0.829216 0.073647 1.323174
0.864182 0.045495 1.236870
0.826770 0.052682 1.213375
0.866726 0.090870 1.252214
0.842607 0.086440 1.210774
0.844723 0.050330 1.206483
0.871257 0.087318 1.198569
0.871031 0.064409 1.134796
0.852798 0.055636 1.249111
0.904793 0.032831 1.240946
0.873819 0.055412 1.210846
0.949081 0.145571 1.177460
0.981420 0.128453 1.162910
0.997642 0.140595 1.147460
0.977051 0.043992 1.156734
0.974843 0.082641 1.262887
1.029589 0.063551 1.155741
0.984882 0.120734 1.207180
0.988373 0.085969 1.250571
1.020255 0.094150 1.220088
0.922135 0.069993 1.220576
0.956301 0.098748 1.206080
0.852822 0.119586 1.168312
0.932238 0.073252 1.120857
0.953081 0.099341 1.220364
0.999897 0.127612 1.229042
1.070364 0.168943 1.230307
1.012385 0.103975 1.152160
1.039557 0.160765 1.169821
1.064883 0.137563 1.070339
0.957660 0.148850 1.158088
0.954398 0.098889 1.168783
0.923905 0.092137 1.150138
0.923107 0.020171 1.157045
0.927911 0.067894 1.183438
0.911078 0.035624 1.218828
0.950234 -0.020297 1.182256
0.941909 0.002184 1.216663
0.935330 0.023674 1.154346
0.913935 0.014003 1.205587
1.021405 0.009874 1.136092
0.899631 0.077366 1.230778
0.924725 0.023677 1.212815
0.881760 0.027522 1.200299
0.968759 0.107773 1.175519
0.973410 0.126267 1.216317
1.076780 0.102419 1.133538
1.087326 0.110835 1.204966
1.021461 0.075210 1.222265
1.005075 0.069843 1.174442
0.950803 0.102881 1.227480
1.013553 0.039061 1.182511
1.081181 0.042116 1.147401
1.106122 0.022773 1.146428
1.090818 0.054871 1.162767
1.063338 0.043428 1.157797
1.120861 0.045027 1.190894
1.200127 0.068657 1.170772
1.197169 0.115664 1.222156
1.184504 -0.003970 1.127460
1.144998 0.003989 1.190966
1.104711 0.056234 1.201520
1.145900 0.080771 1.205838
1.239919 0.018902 1.174844
1.215777 -0.015980 1.196937
1.276009 -0.082276 1.219664
1.193132 -0.131224 1.280166
1.203015 -0.112393 1.341169
1.125441 -0.049863 1.309119
1.042622 0.002533 1.315198
0.985485 -0.000849 1.261466
0.895331 0.106061 1.243839
0.969237 0.082032 1.200156
0.980025 0.211013 1.227481
1.123978 0.289777 1.200145
1.043258 0.319579 1.224075
1.002631 0.285502 1.183902
0.950901 0.250818 1.290603
0.991241 0.273973 1.253171
0.954524 0.239791 1.218777
0.925500 0.189602 1.241510
1.049001 0.151524 1.262056
1.035749 0.114038 1.223567
1.092823 0.114077 1.199548
1.107594 0.062155 1.227432
1.031413 0.069091 1.211223
0.888608 0.140047 1.286061
0.894871 0.055710 1.263806
0.769592 0.084811 1.262189
0.701421 0.084051 1.299799
0.738189 0.066199 1.306047
0.780319 0.087669 1.272106
0.771468 -0.016690 1.325951
0.857580 -0.029871 1.304087
0.974491 -0.047793 1.305187
1.021543 -0.087755 1.358458
1.039688 -0.084622 1.291679
1.043933 -0.044495 1.305885
1.108616 -0.052251 1.293194
1.157422 -0.052305 1.254852
0.998879 -0.106011 1.322421
1.010866 -0.047488 1.316439
0.974984 0.054084 1.347234
0.900715 0.011561 1.316874
0.822751 0.188666 1.255875
0.760301 0.231868 1.169632
0.779103 0.265198 1.133653
0.790630 0.286757 1.118189
0.797009 0.406809 1.140352
0.788508 0.341911 1.075621
0.842715 0.355090 1.077113
0.832494 0.313688 1.039757
0.829709 0.296299 1.107513
0.931796 0.280727 1.082169
1.031318 0.141116 1.038569
1.020603 0.055069 1.091096
1.043322 -0.014366 1.154728
1.037003 -0.030637 1.115995
1.094570 -0.135494 1.086590
1.128065 -0.169352 1.159855
1.047250 -0.188158 1.114849
0.920865 -0.144395 1.177607
0.890746 -0.108762 1.245642
0.966186 -0.054851 1.110247
0.931729 -0.068183 1.201065
0.963128 0.046380 1.076758
0.753925 0.094298 1.213503
0.806762 0.088493 1.100941
0.742934 0.085181 1.154519
0.819825 0.022895 1.067691
0.817285 0.067433 1.217428
0.913138 -0.007765 1.100286
0.909471 -0.018019 1.159384
0.993714 -0.063011 1.198542
0.994815 -0.037862 1.270444
1.022663 -0.096362 1.184248
1.042950 -0.119731 1.239814
1.057162 -0.138071 1.212057
1.060387 -0.115163 1.175216
0.988944 -0.117210 1.235168
0.876614 -0.061556 1.191761
0.861012 -0.001819 1.182029
0.730170 -0.062348 1.192444
0.827582 0.011073 1.080271
0.860639 0.028681 1.027299
0.792477 0.041590 1.068938
0.819662 0.027359 1.029136
0.889113 0.029174 1.020938
0.923161 -0.036565 1.061338
0.907496 -0.009597 1.167658
0.979948 -0.030329 1.140380
1.015357 -0.022349 1.096602
0.995780 -0.029772 1.186360
0.964422 -0.052224 1.168050
1.037550 -0.110094 1.076550
0.904779 -0.170970 1.160370
1.004565 -0.218129 1.113494
0.914533 -0.218173 1.174751
0.838004 -0.230398 1.224269
0.796550 -0.201332 1.162672
0.806471 -0.121116 1.148315
0.765715 -0.132318 1.157203
0.712701 -0.081559 1.246253
0.705494 -0.074643 1.141213
0.646792 0.012411 1.180232
0.681467 -0.066403 1.137728
0.694681 -0.059789 1.161049
0.672565 -0.042853 1.150680
0.640092 -0.063676 1.195744
0.718230 -0.064517 1.069368
0.769334 -0.187429 1.096977
0.806639 -0.166562 1.093797
0.898261 -0.164996 1.055951
0.939064 -0.167302 1.119183
0.938633 -0.141408 1.051260
0.980599 -0.134394 1.141176
0.984280 -0.104047 1.089287
1.056378 -0.113028 1.069861
1.001421 -0.114452 1.143108
0.913201 -0.053962 1.134874
0.976963 -0.057829 1.138624
0.917728 -0.136090 1.063479
0.812169 -0.026799 1.104719
0.845189 -0.072880 1.037295
0.820854 -0.096770 1.067602
0.830618 -0.140764 1.105134
0.802862 -0.135582 1.160755
0.872705 -0.182651 1.104989
0.849558 -0.198598 1.083383
0.836665 -0.157278 1.159571
0.645357 -0.165004 1.140666
0.699436 -0.160775 1.075482
0.668415 -0.154504 1.124943
0.561591 -0.158774 1.135075
0.509502 -0.178852 1.099977
0.534895 -0.116423 1.093992
0.492033 -0.067894 1.070472
0.442944 -0.052593 1.045461
0.487772 -0.080213 1.018160
0.635397 -0.002546 1.017437
0.667270 -0.003232 1.014298
0.615865 -0.015527 1.061080
0.756453 -0.035401 0.959719
0.855052 -0.013415 1.022519
0.872757 -0.075728 1.060340
0.871742 -0.130985 1.027621
0.821853 -0.128425 1.059330
0.903518 -0.184964 1.024274
0.916932 -0.206611 1.131587
0.790937 -0.309027 1.136755
0.681167 -0.250876 1.168116
0.657354 -0.208240 1.156909
0.586877 -0.210987 1.150343
0.645045 -0.142211 1.129184
0.674026 -0.158623 1.184180
0.678271 -0.145077 1.093349
0.682988 -0.142749 1.176970
0.767492 -0.117557 1.115489
0.761999 -0.158348 1.113918
0.789731 -0.154765 1.167215
0.894801 -0.142387 1.047756
0.841657 -0.133683 1.162375
0.924206 -0.166849 1.075449
0.832868 -0.220685 1.227967
0.843710 -0.157490 1.262569
0.823378 -0.151885 1.177368
0.807016 -0.091578 1.133830
0.770211 -0.125354 1.160234
0.741529 -0.026691 1.160821
0.762373 -0.026028 1.127890
0.790407 -0.048829 1.085216
0.754619 -0.032559 1.119160
0.829532 0.027042 1.117753
0.780389 -0.003716 1.123131
0.873734 -0.097200 1.134715
0.860214 -0.123556 1.180009
0.920372 -0.136451 1.090155
1.010707 -0.176658 1.156719
0.885821 -0.208545 1.204134
0.919919 -0.160795 1.202433
0.860676 -0.164743 1.189201
0.860379 -0.165798 1.128703
0.818604 -0.199140 1.167933
0.797101 -0.140655 1.284010
0.886279 -0.115352 1.105707
0.842874 -0.099878 1.095257
0.795614 -0.064929 1.117097
0.752563 -0.034409 1.161519
0.772271 -0.043374 1.132448
0.708515 -0.010986 1.132818
0.724432 -0.043554 1.110584
0.740645 -0.126036 1.114130
0.734233 -0.098099 1.094617
0.612170 -0.092326 1.182093
0.612170 -0.092326 1.182093
0.679574 -0.116872 1.080989
0.569912 -0.069295 1.111124
0.586489 -0.085172 1.088336
0.726242 -0.046628 1.048246
0.683427 -0.094807 1.087458
0.740722 -0.086145 1.083716
0.851688 -0.098073 1.057872
0.808838 -0.082808 1.117409
0.820130 -0.045401 1.064668
0.840923 -0.011926 1.045952
0.839769 -0.023187 1.056598
0.869106 -0.007382 1.040786
0.811262 0.026177 1.049033
0.813278 -0.032717 1.105751
0.898113 -0.022559 1.067790
0.849374 0.032268 1.094027
0.837503 0.024935 1.070860
0.862483 0.001506 1.071267
0.860627 -0.018256 1.082399
0.748943 -0.068453 1.151519
0.843101 -0.113394 1.094910
0.835771 -0.132144 1.091036
0.807342 -0.138879 1.115186
0.666800 -0.171494 1.116625
0.695477 -0.133271 1.137678
0.697740 -0.122714 1.139303
0.595594 -0.102090 1.215638
0.643360 -0.045121 1.102259
0.653206 0.008737 1.140556
0.799246 -0.047202 0.954678
0.618211 -0.012881 1.128793
0.656409 -0.002168 1.050217
0.644640 0.048716 1.113441
0.706283 0.030170 1.074345
0.764929 0.033476 1.023764
0.867418 -0.033782 1.105853
0.836931 -0.023625 1.062559
0.859481 -0.060811 1.153882
0.903672 -0.095563 1.059253
0.890731 -0.049443 1.091003
0.891617 -0.094336 1.160472
0.921877 -0.010080 1.123550
0.875334 -0.023258 1.030576
0.819321 -0.024293 1.037384
0.683464 0.088642 1.038276
0.666139 0.072057 1.049846
0.687602 0.036759 0.973189
0.663846 0.065940 1.064693
0.642121 0.048531 1.016255
0.680484 0.021475 1.050071
0.697249 0.026158 1.085847
0.745585 -0.016799 1.021372
0.694625 -0.033958 1.030858
0.754952 -0.044918 1.006960
0.663833 0.035586 1.064377
0.654190 0.078025 1.066897
0.683519 0.032220 0.935825
0.645131 -0.003262 1.054763
0.736721 -0.058014 0.989987
0.753227 -0.020835 1.015785
0.831116 -0.041328 1.051332
0.823573 -0.088261 1.046318
0.755341 -0.021263 1.060789
0.800932 -0.052072 0.979492
0.771484 -0.011399 1.006140
0.703927 0.003949 1.092866
0.690884 0.040168 0.979634
0.577648 0.073320 1.058515
0.565443 0.049710 1.005414
0.526003 0.078701 1.086624
0.571138 0.081877 0.991984
0.677110 0.029405 0.958207
0.703643 0.021524 0.988797
0.707319 0.012745 1.013104
0.698372 0.004029 0.984082
0.673864 0.011141 1.069366
0.712252 0.003113 1.022651
0.686525 -0.058965 0.937703
0.764525 -0.056241 1.028106
0.699908 -0.090946 1.076593
0.786011 -0.068454 1.063914
0.690583 -0.042769 1.107189
0.669111 -0.072685 1.094134
0.736946 -0.100407 1.094403
0.613984 -0.123086 1.062574
0.633883 -0.000905 1.017807
0.708914 -0.039375 0.966720
0.690346 0.014639 1.017354
0.621001 0.059535 1.034812
0.569609 0.066371 1.004410
0.635492 0.038474 1.014000
0.586091 0.006537 1.004814
0.507131 0.051234 1.056845
0.611561 0.046384 0.940325
0.584752 0.018527 1.011982
0.605792 0.038431 0.977185
0.682213 0.041597 0.936584
0.675696 0.000728 0.923117
0.666225 -0.012512 0.981265
0.686051 0.010080 1.024808
0.761056 -0.020246 0.970688
0.727128 -0.038991 1.052095
0.736025 -0.004778 1.067856
0.782298 0.000062 0.972317
0.665574 0.061873 0.982542
0.752758 0.054879 1.011794
0.705637 0.089778 0.988142
0.644241 0.129449 0.982445
0.614584 0.124925 1.021155
0.635873 0.121403 1.001846
0.607586 0.095955 0.942197
0.705430 -0.035933 1.001749
0.752774 -0.053843 0.988251
0.723852 -0.049468 0.974615
0.713380 -0.042039 1.073351
0.636006 -0.078591 1.154598
0.620152 -0.053709 1.009425
0.554123 -0.022581 1.038078
0.560883 0.022657 1.043648
0.509455 0.054414 0.969872
0.552236 0.115465 0.907160
0.507513 0.128376 0.974129
0.539083 0.119099 0.946861
0.527471 0.206172 0.977483
0.448152 0.175028 0.992992
0.547337 0.144077 0.872129
0.611081 0.114482 0.974015
0.715188 0.097569 0.944373
0.681939 0.075480 0.966142
0.665924 0.042513 1.054151
0.737582 0.056049 0.921716
0.764754 -0.001317 0.889741
0.787691 -0.022859 0.938340
0.723391 -0.094338 1.019941
0.681483 -0.058259 1.037758
0.571926 -0.103544 1.056283
0.541905 -0.073591 0.983907
0.476562 -0.047244 1.045041
0.622171 0.007583 1.006532
0.575513 0.025820 0.971156
0.528322 0.041846 1.012886
0.611813 0.143054 0.993304
0.663629 0.186195 0.942713
0.603716 0.162731 0.980337
0.672193 0.088453 0.871201
0.654075 0.056883 0.928614
0.705256 -0.029841 0.933024
0.735283 -0.024495 0.884779
0.711020 -0.041343 0.997849
0.724409 -0.100882 0.950065
0.695572 -0.054699 0.962327
0.627734 -0.074170 0.999216
0.583042 0.109032 0.979783
0.500288 0.069559 1.041664
0.491412 0.106225 0.951916
0.398791 0.109385 0.991755
0.368837 0.105984 0.932691
0.465261 0.173950 0.888345
0.645237 0.105385 0.815877
0.585986 0.130932 0.925237
0.566928 0.131860 0.945283
0.664229 0.123457 0.931281
0.656484 0.086117 0.986571
0.632733 0.139253 0.897945
0.739284 0.112663 0.954106
0.827038 0.128391 0.897883
0.733095 0.134053 0.991534
0.719067 0.118822 0.983838
0.794169 0.129150 0.940249
0.790748 0.066651 0.883220
0.720494 0.120946 0.979482
0.645832 0.049156 1.038243
0.623940 0.079807 1.025552
0.650763 0.007734 1.024001
0.656042 0.061580 1.059774
0.678913 0.041238 1.050140
0.683018 -0.006210 1.047364
0.626901 0.044235 1.012380
0.614427 0.023505 0.997788
0.545572 0.103334 0.970830
0.650945 0.094306 0.992670
0.607560 0.077203 0.913183
0.553775 0.103092 1.015694
0.553080 0.133535 1.009686
0.481990 0.075442 0.977207
0.458854 0.181757 1.016571
0.589279 0.139544 1.015283
0.548596 0.175670 0.938505
0.611617 0.142686 0.987047
0.707694 0.178644 0.848812
0.697857 0.226898 0.915949
0.758551 0.159457 0.896241
0.866098 0.132645 0.845736
0.719269 0.192012 0.951734
0.729412 0.146778 0.919878
0.782891 0.109733 0.885815
0.604003 0.111574 0.994114
0.667456 0.125161 1.048331
0.599748 0.128269 1.079303
0.616064 0.152507 1.095144
0.654293 0.129107 0.975142
0.611531 0.136198 1.029048
0.651707 0.135447 1.015570
0.625736 0.124791 1.010681
0.591709 0.165680 1.059190
0.570857 0.156181 1.059363
0.579538 0.188589 1.057636
0.578038 0.135747 0.908436
0.545965 0.121357 1.003245
0.560618 0.097974 1.041371
0.613725 0.148590 1.021100
0.603982 0.171235 0.994885
0.662889 0.161657 0.973609
0.556146 0.169678 1.007190
0.577895 0.194895 0.988487
0.609752 0.162754 0.967209
0.492243 0.231654 0.938143
0.564857 0.184861 0.896762
0.496576 0.240667 0.897654
0.519586 0.202337 0.922526
0.536100 0.226030 0.883779
0.396620 0.245070 0.886112
0.429117 0.185690 0.881765
0.398987 0.207106 0.946710
0.442068 0.197891 0.896719
0.523146 0.197905 0.832584
0.418263 0.175033 0.923838
0.464778 0.200246 0.941918
0.482819 0.182911 0.934633
0.553207 0.181835 0.820396
0.575259 0.187883 0.900678
0.619715 0.178991 0.874721
0.630668 0.195397 0.885112
0.574102 0.129596 0.896598
0.647598 0.132071 0.838333
0.691720 0.099467 0.809597
0.602933 0.119512 0.979419
0.698140 0.074967 0.885627
0.593558 0.110071 0.871483
0.566186 0.103266 0.953558
0.532923 0.069010 0.955907
0.468267 0.085105 1.109311
0.505830 0.032644 0.927940
0.428121 0.075614 0.934937
0.477251 0.081270 0.954415
0.498299 0.105309 0.975869
0.423334 0.122067 0.907747
0.376139 0.123995 1.006895
0.415544 0.146685 0.898822
0.506833 0.186876 0.905685
0.497350 0.179014 0.934321
0.558568 0.184110 0.861207
0.596173 0.232619 0.825247
0.580371 0.275456 0.901297
0.508980 0.204698 0.947031
0.654685 0.229865 0.898766
0.636919 0.180378 0.868829
0.606879 0.207841 0.888712
0.541300 0.229104 0.982213
0.559445 0.171390 0.954552
0.526217 0.257284 0.994151
0.509899 0.154695 0.948871
0.478384 0.203798 1.033440
0.458069 0.154848 1.012714
0.526968 0.180413 1.015925
0.640734 0.128153 0.975102
0.508235 0.166129 1.048158
0.651220 0.082484 0.967723
0.617885 0.130419 1.043651
0.592157 0.151373 1.028897
0.554705 0.086704 1.095531
0.707547 0.136971 0.954185
0.647783 0.101220 0.972351
0.554688 0.172619 1.064177
0.614476 0.177066 0.997614
0.608587 0.265299 1.060456
0.618681 0.266996 0.973301
0.582265 0.250128 0.959862
0.558702 0.288490 1.023395
0.487271 0.369742 1.020447
0.493782 0.340188 0.928015
0.501645 0.292366 0.940173
0.454124 0.272304 1.039048
0.511383 0.272563 0.944094
0.482550 0.248852 1.042248
0.566709 0.225946 1.029559
0.453170 0.232659 1.015566
0.508705 0.210312 1.018130
0.599801 0.155209 1.005350
0.490099 0.233661 1.035276
0.538315 0.180044 0.990289
0.540000 0.246129 1.051965
0.518587 0.196333 0.986003
0.473782 0.215328 0.965261
0.447126 0.265034 1.033713
0.537698 0.236320 1.001298
0.479934 0.224290 1.027979
0.533476 0.218026 0.996919
0.563519 0.224792 1.012081
0.597271 0.251882 1.067421
0.626519 0.290830 0.993642
0.624694 0.283568 1.048536
0.568977 0.259485 0.994517
0.626959 0.307434 1.026538
0.502908 0.242619 1.072773
0.558485 0.243620 1.087306
0.604215 0.229223 0.956833
0.689093 0.219863 0.914333
0.573627 0.265352 1.043404
0.571196 0.269531 0.968874
0.513589 0.256869 1.014063
0.537648 0.252554 0.982579
0.554016 0.268830 0.928535
0.590368 0.277398 1.012384
0.562892 0.236576 1.041005
0.562157 0.240159 0.972646
0.520601 0.232335 0.986638
0.567779 0.259030 0.976636
0.529855 0.266868 0.971810
0.513308 0.299500 0.988068
0.474358 0.335389 0.972137
0.507803 0.396086 0.971453
0.439077 0.425993 1.022183
0.519578 0.408023 0.959305
0.541044 0.418017 0.931540
0.627184 0.387685 0.942951
0.659849 0.372363 0.917932
0.626801 0.296449 1.046455
0.650917 0.326464 0.998204
0.710070 0.273398 0.933470
0.658255 0.248388 1.056004
0.716004 0.217219 1.000954
0.664600 0.222087 0.968337
0.574055 0.231187 1.136464
0.466224 0.255699 1.020214
0.475287 0.255650 0.982601
0.437165 0.328540 0.985275
0.314795 0.325041 0.982423
0.380802 0.311368 0.980386
0.380093 0.388531 1.004515
0.341212 0.396755 1.014852
0.367155 0.395820 0.975777
0.479896 0.330471 1.031785
0.559423 0.350573 0.950844
0.632037 0.272321 0.934251
0.598732 0.287983 0.946809
0.595637 0.270843 0.923387
0.614680 0.262381 0.954820
0.690811 0.196710 0.926496
0.647445 0.193302 0.966321
0.573616 0.186851 1.032105
0.638489 0.179573 1.045819
0.639231 0.220387 0.886316
0.578855 0.209693 0.991903
0.553391 0.240128 0.964447
0.672596 0.208997 0.890135
0.630635 0.275742 0.941391
0.583555 0.273449 0.929432
0.533743 0.305480 0.925408
0.550018 0.308033 0.934704
0.616379 0.323743 0.954325
0.656511 0.303769 0.942470
0.658978 0.266843 1.002574
0.653756 0.261084 0.987191
0.624089 0.237067 1.021435
0.516593 0.261784 1.112152
0.573325 0.275440 0.996713
0.557288 0.262714 0.957958
0.526273 0.296070 1.042610
0.465429 0.326169 1.007126
0.448300 0.351760 1.059790
0.446352 0.422484 1.004397
0.435863 0.387387 1.089638
0.420026 0.378786 0.982227
0.467767 0.357520 1.024866
0.498395 0.273873 1.045594
0.509252 0.331549 1.085279
0.488809 0.293666 1.047930
0.596944 0.299481 1.027130
0.588483 0.260791 1.016187
0.566827 0.295021 1.065904
0.583181 0.274526 1.078296
0.460942 0.298181 1.098072
0.531273 0.337504 1.034768
0.540971 0.318605 1.056421
0.529515 0.341549 1.027266
0.594035 0.374834 1.027917
0.557732 0.314482 1.004381
0.554111 0.335316 0.996486
0.614412 0.341461 0.956690
0.612135 0.290600 0.955931
0.519028 0.311479 1.049596
0.545171 0.298802 1.091230
0.540328 0.287813 1.102244
0.543134 0.266237 1.040492
0.635705 0.294032 0.997558
0.632411 0.277146 1.062472
0.555102 0.351478 1.050780
0.543523 0.325535 1.080697
0.577884 0.376854 1.050185
0.617500 0.293178 0.951064
0.531907 0.345017 0.985775
0.582025 0.327834 0.971577
0.502776 0.333171 0.990704
0.541743 0.416458 0.995541
0.549617 0.362588 1.022291
0.601435 0.260486 0.968785
0.608342 0.355684 1.018295
0.659100 0.285314 0.958419
0.711620 0.278250 0.982632
0.692929 0.246617 1.046242
0.718853 0.223907 0.954947
0.632064 0.268142 0.983784
0.658264 0.291927 1.035213
0.626987 0.311669 1.067473
0.561634 0.268407 1.016114
0.564919 0.259429 1.077188
0.550622 0.305696 1.060413
0.551593 0.335743 1.054459
0.573942 0.237734 1.033370
0.588945 0.285359 1.064592
0.604214 0.268503 0.972208
0.572502 0.311145 1.062316
0.539281 0.295792 1.035699
0.523179 0.289790 1.106935
0.448204 0.265746 1.137265
0.442230 0.288428 1.034434
0.427735 0.307075 1.037754
0.442356 0.279715 1.047018
0.509920 0.314656 1.086273
0.580376 0.275393 0.966064
0.563742 0.313984 0.986019
0.595151 0.324568 0.953860
0.581555 0.319215 1.027662
0.608586 0.276373 0.944368
0.569198 0.345527 0.979106
0.540804 0.279460 1.033262
0.469952 0.256054 1.117687
0.525768 0.279824 1.047043
0.493156 0.251584 1.049879
0.427891 0.184265 1.114595
0.473967 0.273841 1.049254
0.486403 0.199946 1.040858
0.490857 0.192100 1.052647
0.464521 0.269037 1.134467
0.561338 0.211869 1.100757
0.460622 0.224682 1.058262
0.522982 0.246038 1.085319
0.603066 0.226673 1.038374
0.498158 0.239230 1.081684
0.490115 0.223218 1.095064
0.558080 0.252655 0.978213
0.537301 0.294343 1.049145
0.562662 0.283377 1.062854
0.601120 0.312929 0.964508
0.610714 0.318952 1.027954
0.544187 0.348160 0.953798
0.520849 0.357142 1.019956
0.479080 0.338349 1.044505
0.541714 0.337733 1.010464
0.504494 0.328609 1.079223
0.465532 0.279897 1.048233
0.458292 0.309803 1.037114
0.508411 0.268509 0.981072
0.434530 0.314118 1.062388
0.565419 0.246326 1.020142
0.495000 0.255010 1.152299
0.543350 0.234083 1.079015
0.508118 0.227008 1.018637
0.613968 0.287605 0.951826
0.587916 0.233877 1.024996
0.608045 0.204882 1.034301
0.625025 0.275466 1.004046
0.527249 0.228891 1.033767
0.511250 0.299632 1.052897
0.450307 0.245912 1.026483
0.398906 0.315944 1.107803
0.497413 0.278817 1.007954
0.552448 0.286136 1.023162
0.527379 0.331503 0.959083
0.180338 0.368623 1.248503
0.425830 0.243188 0.978559
0.519644 0.206076 1.007186
0.451980 0.236667 1.115293
0.453378 0.261707 1.056360
0.479105 0.196080 1.055381
0.463243 0.215027 1.058704
0.518620 0.259305 1.095617
0.598810 0.230420 1.076810
0.533994 0.246976 1.077506
0.455380 0.392029 1.080032
0.405902 0.365591 1.023082
0.418170 0.352090 1.020963
0.499885 0.388997 0.902491
0.491468 0.425622 0.931347
0.451150 0.376540 1.034822
0.530282 0.333107 1.028040
0.496399 0.264936 1.047083
0.551412 0.251721 1.134546
0.569198 0.174953 1.056721
0.645569 0.175627 1.093489
0.564629 0.176116 1.139078
0.691340 0.164469 1.105039
0.570847 0.215892 1.128520
0.610003 0.189055 1.116575
0.535843 0.178623 1.254122
0.432493 0.351002 1.245377
0.446564 0.388853 1.152398
0.284027 0.398920 1.230750
0.426662 0.348020 1.143581
0.419242 0.406137 1.160695
0.455195 0.404631 1.096277
0.430015 0.434061 1.111692
0.414605 0.438951 1.169373
0.575512 0.441580 1.131772
0.589820 0.377303 1.232142
0.734673 0.302739 1.233393
0.613871 0.307664 1.242064
0.758476 0.261116 1.110041
0.764515 0.218676 1.208489
0.792397 0.199485 1.300875
0.698132 0.140619 1.234610
0.605194 0.120377 1.228874
0.541447 0.185413 1.261924
0.564457 0.266224 1.229876
0.510614 0.228602 1.178055
0.467411 0.308420 1.239404
0.473989 0.318107 1.210367
0.540074 0.326274 1.205550
0.626307 0.391105 1.011142
0.560830 0.418383 1.108259
0.561382 0.449558 1.065228
0.611700 0.494345 1.071930
0.749629 0.424147 1.111437
0.862685 0.410295 1.079516
0.897959 0.394716 1.066326
0.804860 0.360261 1.194548
0.935327 0.376588 1.206386
0.865750 0.376372 1.202355
0.868435 0.288356 1.142962
0.842315 0.324659 1.131446
0.748255 0.334555 1.165800
0.616161 0.403643 1.189906
0.677408 0.440280 1.049179
0.588426 0.443790 1.088513
0.560926 0.492929 1.129896
0.737746 0.478667 1.029718
0.602044 0.427733 1.078133
0.558407 0.499475 1.036131
0.607899 0.510878 0.943444
0.647801 0.472652 1.030338
0.647603 0.404550 0.938826
0.602589 0.376614 1.016214
0.652233 0.320941 1.005327
0.661625 0.342562 1.026038
0.661952 0.333245 1.084586
0.593821 0.288364 1.049567
0.612247 0.251595 0.998169
0.650568 0.221691 0.981302
0.667999 0.172752 1.065851
0.654364 0.178473 1.043797
0.639016 0.239003 1.051802
0.602441 0.204955 1.124539
0.707298 0.191489 1.038486
0.663022 0.281514 1.111180
0.635090 0.279657 1.087757
0.630745 0.320139 1.041574
0.660271 0.373982 1.083596
0.644986 0.306402 1.097217
0.745758 0.283571 0.933122
0.736755 0.336058 0.986273
0.762407 0.335498 1.050542
0.670294 0.378012 1.111283
0.625340 0.341386 1.119010
0.675522 0.332024 1.147381
0.705061 0.352960 1.129455
0.656819 0.278005 1.152921
0.633152 0.314169 1.196039
0.613244 0.327152 1.199252
0.617478 0.297112 1.110241
0.619721 0.281031 1.134704
0.571988 0.280162 1.225935
0.613238 0.252929 1.210707
0.567766 0.293007 1.236500
0.632614 0.290479 1.153778
0.678781 0.251721 1.081653
0.729575 0.319777 1.106353
0.675455 0.312359 1.158226
0.707615 0.334459 1.005455
0.655399 0.283864 1.095793
0.584999 0.385819 1.148493
0.623741 0.347727 1.110459
0.659778 0.334488 1.026244
0.583516 0.400137 1.051520
0.596107 0.355053 1.086379
0.575845 0.353069 1.123052
0.543213 0.388004 1.143338
0.584724 0.369870 1.115290
0.637122 0.367958 1.094706
0.537362 0.381767 1.140430
0.622615 0.348113 1.009894
0.639465 0.352433 1.079320
0.657311 0.296065 1.096754
0.579099 0.264446 1.173381
0.627619 0.254940 1.134978
0.709703 0.237473 1.071438
0.608949 0.200028 1.186565
0.586314 0.160623 1.141001
0.595099 0.143055 1.159197
0.546851 0.154372 1.193813
0.518181 0.235533 1.207299
0.480549 0.234181 1.242700
0.476203 0.246602 1.223021
0.496139 0.305040 1.221671
0.445055 0.311574 1.194549
0.496340 0.350269 1.209632
0.442515 0.363612 1.170963
0.510775 0.414112 1.161057
0.625588 0.417923 1.146130
0.568583 0.423099 1.150711
0.619076 0.402326 1.116573
0.625236 0.381608 1.191172
0.657389 0.363484 1.148973
0.753098 0.321479 1.139305
0.674145 0.363035 1.198792
0.662588 0.315325 1.173371
0.630134 0.343849 1.159474
0.599630 0.380125 1.151324
0.700734 0.351881 1.083442
0.587717 0.365680 1.085186
0.634159 0.399861 1.136039
0.704441 0.413484 1.082536
0.718662 0.433209 1.027161
0.699485 0.408422 0.981476
0.841503 0.405829 0.913753
0.768456 0.410715 1.024175
0.730763 0.377157 1.011669
0.722531 0.366507 1.077923
0.708385 0.302730 1.138802
0.717760 0.331965 1.083235
0.643961 0.273003 1.127941
0.669302 0.289236 1.078750
0.600975 0.237247 1.196236
0.590787 0.268224 1.127052
0.573015 0.330117 1.137822
0.516570 0.297049 1.200541
0.569557 0.255406 1.128638
0.373218 0.315191 1.280467
0.407846 0.334149 1.204677
0.451005 0.349221 1.144680
0.558946 0.317152 1.135565
0.590499 0.324010 1.156503
0.598389 0.304831 1.147978
0.675833 0.306340 1.122881
0.696477 0.318983 1.197608
0.683103 0.344060 1.250097
0.764154 0.297173 1.185969
0.747205 0.296002 1.288935
0.858315 0.232936 1.111810
0.733699 0.290454 1.277292
0.806609 0.332982 1.156962
0.768509 0.355154 1.128251
0.672172 0.381011 1.172104
0.629765 0.322449 1.194548
0.629765 0.322449 1.194548
0.758824 0.347636 1.181183
0.683627 0.359190 1.185568
0.695258 0.410863 1.148236
0.705009 0.395557 1.168444
0.575378 0.420267 1.158779
0.690720 0.436912 1.104738
0.674582 0.417053 1.087198
0.735629 0.451050 1.084538
0.733017 0.408450 1.083632
0.717708 0.417945 1.072519
0.787414 0.390406 1.072138
0.838287 0.330351 1.004646
0.820821 0.330952 1.146636
0.827832 0.302646 0.964903
0.693510 0.317659 1.069527
0.650344 0.298877 1.143143
0.653648 0.327600 1.085401
0.626448 0.351023 1.149371
0.682486 0.349051 1.048816
0.663212 0.410652 1.050801
0.671770 0.450639 1.061144
0.524610 0.468330 1.120697
0.674082 0.403438 1.055428
0.655192 0.463907 1.103573
0.674696 0.375514 1.090954
0.630191 0.400820 1.098392
0.642633 0.409782 1.105479
0.598244 0.321584 1.124914
0.651256 0.334390 1.165177
0.637296 0.341590 1.163992
0.572186 0.284490 1.158236
0.591794 0.255287 1.103543
0.529672 0.240611 1.241993
0.500468 0.248712 1.297183
0.592424 0.293343 1.091197
0.520470 0.278926 1.267367
0.602408 0.309857 1.141294
0.631166 0.302542 1.180383
0.617895 0.309915 1.133289
0.717788 0.318706 1.084070
0.545449 0.319487 1.153498
0.675479 0.366400 1.079204
0.637130 0.294273 1.134172
0.614915 0.348755 1.102794
0.633676 0.342259 1.112263
0.566693 0.352585 1.162009
0.638293 0.329870 1.098379
0.539163 0.341415 1.117998
0.702309 0.339358 1.068499
0.675406 0.376895 1.032298
0.681932 0.441217 1.060566
0.645967 0.410890 1.101513
0.615134 0.461959 1.124397
0.615692 0.428323 1.046350
0.720305 0.439473 1.084049
0.667322 0.353670 1.045657
0.648711 0.320096 1.180336
0.696249 0.278177 1.276800
0.708551 0.283046 1.187958
0.716684 0.248744 1.182449
0.658862 0.261915 1.141491
0.609439 0.283528 1.157115
0.601565 0.354014 1.215150
0.732977 0.267530 1.148526
0.722180 0.294985 1.172356
0.717723 0.278446 1.261883
0.637287 0.240906 1.265391
0.712303 0.265335 1.249510
0.723264 0.271576 1.270068
0.760718 0.261141 1.208695
0.727124 0.280610 1.183613
0.721654 0.305681 1.180309
0.560800 0.330892 1.253762
0.665601 0.335936 1.098723
0.487104 0.332559 1.161416
0.620639 0.420802 1.115857
0.540054 0.387551 1.053615
0.554979 0.421650 1.071655
0.500763 0.465659 1.039229
0.498077 0.462154 1.007418
0.571829 0.452149 0.968933
0.433506 0.417383 1.106424
0.627195 0.374305 0.944660
0.622137 0.331340 1.111950
0.569645 0.261278 1.097682
0.646315 0.230063 0.997168
0.698406 0.240047 1.026465
0.625668 0.075885 0.988408
0.723634 0.075531 0.979678
0.507938 0.047702 1.184844
0.471550 0.040409 1.103686
0.521768 0.147025 1.100514
0.478415 0.210375 1.040732
0.523888 0.267659 1.064056
0.381994 0.283383 1.078119
0.417396 0.341327 1.138970
0.337978 0.326400 1.072318
0.461586 0.374401 1.047172
0.512339 0.368192 1.016054
0.528755 0.349267 1.030827
0.509408 0.278995 1.137715
0.605408 0.262557 1.105219
0.630727 0.268632 1.111916
0.657286 0.227787 1.149587
0.680141 0.208890 1.169670
0.760039 0.187959 1.046390
0.663448 0.144320 1.130569
0.706514 0.132678 1.157408
0.658056 0.149472 1.074173
0.619317 0.232556 1.149157
0.654775 0.258287 1.134481
0.575448 0.202425 1.145198
0.640951 0.235299 1.102581
0.608487 0.294466 1.140628
0.632047 0.249625 1.100865
0.555767 0.238041 1.200199
0.583669 0.197739 1.161153
0.503836 0.163204 1.288484
0.553888 0.075014 1.162290
0.493448 0.116289 1.262834
0.475067 0.140425 1.276712
0.433691 0.133983 1.293503
0.494906 0.154126 1.235224
0.617650 0.217107 1.225281
0.650564 0.252812 1.188501
0.638160 0.308264 1.204226
0.617057 0.294770 1.129815
0.674483 0.312440 1.149116
0.750402 0.243379 1.088241
0.759627 0.266676 1.120437
0.867598 0.244984 1.118943
0.837910 0.204683 1.108333
0.765843 0.238382 1.137216
0.776018 0.302028 1.180501
0.823127 0.202481 1.141603
0.689140 0.213582 1.107860
0.632218 0.255790 1.204689
0.679712 0.286589 1.088715
0.546878 0.199147 1.112865
0.555028 0.248605 1.128524
0.502035 0.221536 1.066605
0.448443 0.165034 1.059362
0.453220 0.216774 1.071471
0.436782 0.254513 1.116270
0.427328 0.172205 1.129284
0.504648 0.154718 1.139036
0.509058 0.156951 1.088737
0.518407 0.136516 1.068382
0.479287 0.176581 1.017341
0.511599 0.217766 1.051669
0.501896 0.221205 1.136916
0.555184 0.240988 1.110127
0.575856 0.266800 1.084940
0.525154 0.274694 1.078855
0.600768 0.218877 0.945488
0.555642 0.216305 0.970378
0.548526 0.272678 1.101113
0.423729 0.238843 1.148495
0.593135 0.209462 1.056985
0.611764 0.233074 1.066511
0.681366 0.222609 1.132307
0.575522 0.183146 1.222333
0.559497 0.225604 1.256064
0.593763 0.201177 1.164023
0.642306 0.223394 1.133789
0.674180 0.304198 1.231445
0.646447 0.306413 1.145421
0.708308 0.342402 1.162823
0.595855 0.392151 1.248284
0.691476 0.451017 1.124066
0.623377 0.554269 1.176364
0.765630 0.569734 1.018123
0.638509 0.619090 1.029363
0.662680 0.589410 1.074989
0.704340 0.571400 1.077163
0.672079 0.408215 1.055634
0.723439 0.400816 1.064480
0.616617 0.223068 1.091583
0.613034 0.120624 1.148653
0.599734 0.032085 1.158422
0.529855 -0.111209 1.227726
0.292798 -0.224687 1.265926
0.234357 -0.193914 1.343187
0.183234 -0.242103 1.274364
0.149041 -0.268660 1.292265
0.200030 -0.321341 1.361975
0.160798 -0.270755 1.379916
0.175856 -0.190369 1.318160
0.252977 -0.060055 1.365849
0.275906 -0.030218 1.295991
0.389229 0.044924 1.282099
0.400443 0.091576 1.219229
0.403083 0.246495 1.226806
0.480076 0.345145 1.082777
0.572453 0.480090 1.053373
0.581194 0.533333 1.033924
0.592800 0.575949 0.942089
0.668918 0.567951 0.914406
0.776377 0.624325 0.908726
0.761468 0.625628 0.928465
0.963660 0.592481 0.812733
0.918195 0.601579 0.909243
0.929525 0.641831 0.860749
1.025777 0.660346 0.819636
0.921689 0.551119 0.845853
0.880537 0.520734 0.872502
0.774882 0.422237 0.916522
0.831915 0.326590 0.905247
0.684420 0.300564 0.909969
0.610326 0.165915 1.043815
0.478064 0.163915 1.101036
0.435018 0.102692 1.216830
0.358035 0.046596 1.212741
0.356365 0.006443 1.226183
0.333561 0.022800 1.185801
0.269041 0.030919 1.245781
0.408423 0.027861 1.235286
0.402729 -0.027300 1.359243
0.515654 -0.011713 1.301765
0.526100 -0.000559 1.271448
0.573019 -0.016750 1.244486
0.608632 -0.027962 1.305586
0.543566 0.053983 1.268464
0.626701 0.110702 1.198095
0.651017 0.116118 1.204999
0.703459 0.127782 1.236255
0.620912 0.192411 1.272595
0.656290 0.207419 1.222236
0.631894 0.269188 1.227800
0.606176 0.319154 1.192492
0.640389 0.381418 1.184246
0.581300 0.343748 1.090985
0.638767 0.309077 1.002931
0.592231 0.400206 1.069751
0.572364 0.404722 1.000185
0.584358 0.325641 1.009342
0.570626 0.380569 1.049881
0.624841 0.366300 0.984522
0.692369 0.348652 0.946090
0.670662 0.328254 0.963229
0.660347 0.315204 0.978848
0.630161 0.311470 1.014830
0.736473 0.252470 0.948635
0.637212 0.282616 1.022617
0.595316 0.273874 1.062272
0.543218 0.280285 1.032816
0.531867 0.235341 1.104791
0.471438 0.210546 1.159620
0.488902 0.207592 1.112685
0.489051 0.196966 1.092604
0.422386 0.173940 1.089237
0.512931 0.269321 1.105839
0.460218 0.179453 1.140327
0.382775 0.221142 1.154705
0.414038 0.184548 1.165653
0.423267 0.155295 1.167287
0.428655 0.179534 1.135260
0.386945 0.166432 1.234750
0.445502 0.110723 1.259186
0.453466 0.062374 1.241238
0.384377 0.092681 1.305082
0.404277 0.060469 1.300442
0.497483 -0.000690 1.255390
0.450305 -0.013637 1.334225
0.498263 -0.049206 1.247722
0.492719 0.025509 1.392220
0.557274 0.079775 1.370865
0.614546 0.020993 1.265179
0.611364 0.103065 1.265603
0.805084 0.101748 1.081931
0.665042 0.183199 1.234965
0.699516 0.271862 1.252292
0.702172 0.209152 1.173604
0.722864 0.273016 1.169148
0.692910 0.257998 1.145494
0.786577 0.340298 1.081127
0.760479 0.360950 1.103590
0.722307 0.336963 1.118428
0.763852 0.314016 1.116290
0.727371 0.295280 1.134897
0.659344 0.319785 1.152020
0.599580 0.262741 1.164920
0.673286 0.217211 1.106710
0.634774 0.179922 1.157709
0.641808 0.114407 1.156218
0.596200 0.097499 1.196679
0.608557 0.127994 1.249838
0.543875 0.141833 1.234115
0.542746 0.101076 1.192752
0.523502 0.106888 1.211144
0.458476 0.112099 1.232734
0.523631 0.134293 1.156934
0.529524 0.182297 1.246677
0.518958 0.230913 1.172930
0.538746 0.232362 1.132987
0.615828 0.271740 1.213948
0.542521 0.276895 1.209103
0.678051 0.266087 1.039720
0.631135 0.322270 1.175838
0.739550 0.296843 1.169113
0.809466 0.261672 1.094848
0.776111 0.305369 1.212893
0.862283 0.270129 1.133477
0.911279 0.308667 1.172507
0.807842 0.254345 1.248102
0.900246 0.246394 1.193408
0.851899 0.200556 1.181768
0.794705 0.168346 1.266749
0.753058 0.165460 1.285515
0.626688 0.192277 1.251089
0.576130 0.208860 1.290726
0.489886 0.254978 1.289168
0.420266 0.199616 1.275110
0.488809 0.215639 1.192345
0.420343 0.238627 1.256184
0.387290 0.221859 1.288888
0.429495 0.238438 1.209219
0.275360 0.253941 1.296381
0.340050 0.234346 1.219459
0.326402 0.237592 1.235183
0.325373 0.202948 1.209731
0.371667 0.198264 1.187308
0.404637 0.202045 1.236604
0.386829 0.236224 1.230977
0.515214 0.276118 1.161196
0.513841 0.282670 1.186210
0.539617 0.304468 1.134091
0.563537 0.264976 1.156433
0.554104 0.285124 1.149363
0.587572 0.355079 1.235708
0.569687 0.360823 1.226474
0.735723 0.325922 1.133565
0.686495 0.321601 1.178473
0.723325 0.321022 1.204564
0.699281 0.293403 1.133292
0.685459 0.353479 1.242043
0.778632 0.253926 1.145358
0.750451 0.267565 1.204649
0.708703 0.223660 1.304682
0.743374 0.176430 1.243055
0.780309 0.196475 1.266773
0.708914 0.169533 1.281011
0.708880 0.155352 1.302163
0.725213 0.169784 1.358423
0.577180 0.158510 1.293432
0.545522 0.219367 1.229619
0.531354 0.204922 1.301713
0.560329 0.215891 1.244443
0.521415 0.278039 1.279042
0.466062 0.269503 1.277477
0.519021 0.331198 1.208479
0.420204 0.296171 1.153008
0.434095 0.292714 1.223069
0.463899 0.235436 1.184584
0.463899 0.235436 1.184584
0.461228 0.252230 1.282148
0.483629 0.188730 1.234933
0.497944 0.157390 1.291880
0.535650 0.185847 1.354912
0.597616 0.148069 1.310255
0.662624 0.172613 1.316193
0.708655 0.179999 1.248922
0.668484 0.184205 1.295167
0.744016 0.178118 1.300028
0.796258 0.219271 1.279428
0.784658 0.133566 1.257868
0.797197 0.144893 1.260785
0.752025 0.273744 1.372999
0.760466 0.239550 1.340005
0.844380 0.228558 1.327519
0.855340 0.227430 1.277590
0.845018 0.247799 1.337917
0.896945 0.257889 1.244418
0.855265 0.270921 1.302631
0.895680 0.282546 1.320158
0.914856 0.296583 1.290500
0.928824 0.268630 1.238802
0.909794 0.272299 1.291734
0.896924 0.251911 1.325963
0.954854 0.248326 1.301460
0.979648 0.269341 1.234558
0.918782 0.252595 1.252348
0.981130 0.254852 1.280046
0.935546 0.278637 1.215073
0.921101 0.254192 1.272809
0.793278 0.214588 1.320850
0.765206 0.145043 1.316163
0.748508 0.149133 1.359488
0.777435 0.128596 1.315170
0.606243 0.047072 1.337000
0.655545 0.086990 1.390790
0.635858 0.048224 1.320452
0.634914 0.081883 1.352686
0.655140 0.078272 1.311769
0.642510 0.082364 1.372917
0.629625 0.080540 1.292741
0.679820 0.075336 1.392316
0.674483 0.120899 1.386659
0.696644 0.084369 1.355822
0.657724 0.142754 1.389061
0.735492 0.149631 1.318051
0.784410 0.128591 1.295782
0.916933 0.175344 1.345141
0.904944 0.193211 1.339414
0.910573 0.239773 1.313588
0.939772 0.269398 1.355814
0.996705 0.287294 1.319631
1.184640 0.303868 1.187532
1.130840 0.340103 1.225615
1.018950 0.265069 1.304369
1.012216 0.265018 1.222685
1.015370 0.314952 1.272271
0.955529 0.222350 1.372808
0.904744 0.255396 1.372055
0.895589 0.207446 1.346905
0.882128 0.245128 1.385293
0.883019 0.154952 1.348485
0.869439 0.233545 1.339641
0.774118 0.257822 1.403297
0.771230 0.256308 1.388972
0.807535 0.251190 1.377167
0.806845 0.196356 1.399588
0.811617 0.226397 1.368385
0.848215 0.221522 1.338094
0.735667 0.171324 1.443495
0.881500 0.179109 1.400007
0.796009 0.190159 1.391307
0.838008 0.265127 1.346172
0.840695 0.232624 1.334564
0.789626 0.274457 1.406725
0.852539 0.237947 1.361440
0.900837 0.221695 1.361862
0.874296 0.174219 1.286769
0.906107 0.156781 1.329492
0.827648 0.141643 1.336608
0.875349 0.159366 1.408832
0.846984 0.159178 1.391180
0.835032 0.167866 1.438081
0.816970 0.061342 1.456174
0.859894 0.132757 1.381893
0.960075 0.099485 1.321276
0.973966 0.146596 1.370616
0.866122 0.186618 1.444792
0.931749 0.149275 1.390307
0.871927 0.232560 1.361168
0.909462 0.266937 1.357645
0.847589 0.320874 1.435442
0.810175 0.245248 1.400675
0.846534 0.326657 1.265114
0.810052 0.358983 1.305610
0.778143 0.361217 1.183503
0.839023 0.374151 1.179556
0.685340 0.417104 1.307297
0.692063 0.397934 1.256201
0.767353 0.311129 1.245038
0.810583 0.369181 1.179221
0.750043 0.323460 1.281903
0.663878 0.354445 1.338534
0.709161 0.280973 1.316630
0.690089 0.302762 1.319424
0.668121 0.268333 1.305666
0.727136 0.244361 1.378063
0.619632 0.273460 1.309829
0.741679 0.254842 1.249658
0.589756 0.262463 1.342576
0.615487 0.223200 1.379622
0.544492 0.207064 1.380056
0.652116 0.193332 1.377834
0.540656 0.191757 1.469274
0.668844 0.168697 1.373438
0.680836 0.167245 1.399983
0.743847 0.167734 1.373244
0.790414 0.195225 1.233849
0.817326 0.248233 1.242503
0.861516 0.231915 1.212850
0.833182 0.235961 1.230078
0.797223 0.161700 1.212882
0.783257 0.148965 1.225934
0.758766 0.231052 1.272172
0.782990 0.156931 1.305033
0.756015 0.217383 1.356994
0.805326 0.193906 1.286604
0.745039 0.164172 1.339941
0.685878 0.198531 1.373400
0.771018 0.199336 1.346719
0.749840 0.242644 1.325848
0.735432 0.185642 1.347659
0.751511 0.235135 1.374458
0.640180 0.157781 1.429343
0.691853 0.112923 1.440729
0.747793 0.150299 1.457960
0.755772 0.111517 1.466311
0.752043 0.113730 1.386276
0.746393 0.113475 1.426586
0.761671 0.210289 1.336653
0.742058 0.217659 1.385093
0.849419 0.295213 1.413172
0.838449 0.207015 1.388930
0.839199 0.251580 1.337263
0.788671 0.191007 1.337520
0.915307 0.255242 1.343807
0.831236 0.204144 1.423889
0.819264 0.162087 1.378121
0.835134 0.099922 1.355150
0.775400 0.179367 1.386047
0.807690 0.103008 1.378814
0.778527 0.133541 1.388608
0.863350 0.138028 1.400039
0.842689 0.107327 1.424100
0.862690 0.090707 1.427810
0.834485 0.054488 1.387680
0.777891 0.078180 1.434201
0.802476 0.097731 1.438335
0.609850 0.016732 1.431681
0.595626 0.072818 1.487424
0.654224 0.023005 1.429262
0.661294 0.056495 1.472870
0.548362 0.100656 1.448560
0.516973 0.121047 1.441284
0.623863 0.141960 1.342720
0.607053 0.191115 1.386276
0.703703 0.177736 1.412220
0.751120 0.207160 1.308956
0.744543 0.159727 1.282464
0.756452 0.215723 1.277079
0.757320 0.206008 1.332486
0.781806 0.263544 1.297596
0.746496 0.271230 1.317530
0.786649 0.253194 1.295040
0.808186 0.290163 1.262643
0.759721 0.223843 1.289143
0.813408 0.218607 1.198960
0.729936 0.246025 1.260088
0.708801 0.257370 1.288922
0.750114 0.181604 1.276920
0.650918 0.162998 1.303390
0.606961 0.162642 1.330595
0.529898 0.180558 1.431046
0.500888 0.076108 1.350822
0.488181 0.120555 1.410781
0.437685 0.106097 1.398482
0.441862 0.086071 1.435956
0.489995 0.064989 1.422573
0.542410 0.135138 1.363794
0.515866 0.051580 1.369550
0.491245 0.144992 1.415317
0.439233 0.117386 1.435992
0.428335 0.107213 1.429235
0.408765 0.104984 1.350533
0.440900 0.109399 1.338469
0.449480 0.116894 1.355671
0.420826 0.079929 1.322143
0.463079 0.064108 1.307471
0.512244 0.054149 1.353501
0.509556 0.067083 1.394353
0.510951 0.081818 1.394454
0.479624 -0.031967 1.391338
0.479068 -0.008290 1.491597
0.520562 -0.028219 1.353958
0.461604 -0.031857 1.457463
0.504564 -0.070180 1.445413
0.523921 -0.070350 1.445907
0.452894 -0.040002 1.543839
0.525575 -0.088464 1.507472
0.605755 -0.045372 1.452588
0.656871 -0.064053 1.446881
0.668990 -0.026532 1.381927
0.652201 -0.051474 1.415169
0.627876 -0.020158 1.433444
0.634894 0.012285 1.438110
0.567922 -0.001528 1.418856
0.594664 0.033062 1.359239
0.672754 0.031753 1.346258
0.705897 0.098320 1.306463
0.698159 0.123231 1.264263
0.608102 0.132030 1.421840
0.653453 0.126114 1.329883
0.624298 0.084279 1.383441
0.620798 0.057003 1.336714
0.698838 0.103611 1.299059
0.655897 0.145759 1.343068
0.682792 0.113220 1.415912
0.727049 0.155711 1.308251
0.668565 0.182802 1.405691
0.704818 0.209823 1.420750
0.685842 0.151757 1.363682
0.584853 0.181940 1.417045
0.678462 0.152753 1.394639
0.595772 0.094679 1.473838
0.580199 0.113242 1.404881
0.614140 0.099231 1.357231
0.640266 0.067920 1.390261
0.533713 0.045820 1.373505
0.613897 0.022852 1.371818
0.633862 0.038794 1.365979
0.531885 0.065006 1.451365
0.419778 -0.001498 1.385427
0.455162 0.061106 1.386785
0.434716 0.136673 1.402794
0.524437 0.128313 1.354708
0.495335 0.073581 1.343326
0.365955 0.176915 1.353895
0.422689 0.163710 1.424542
0.492957 0.179349 1.378882
0.478970 0.139120 1.408460
0.543985 0.173659 1.362186
0.535974 0.207773 1.380359
0.534785 0.198491 1.350690
0.584182 0.202732 1.266602
0.591465 0.246140 1.306583
0.472689 0.253807 1.313120
0.524371 0.243169 1.267922
0.511367 0.254191 1.341326
0.603238 0.232298 1.155547
0.465788 0.270441 1.344078
0.448762 0.238114 1.319292
0.512436 0.227348 1.245235
0.521335 0.235892 1.277121
0.470720 0.226069 1.266206
0.482644 0.244640 1.220979
0.512534 0.247921 1.221812
0.608886 0.229706 1.243482
0.613187 0.232468 1.296559
0.627186 0.210119 1.285146
0.636588 0.157895 1.255483
0.642802 0.155591 1.252544
0.574049 0.131379 1.231443
0.637125 0.169323 1.336041
0.592492 0.150899 1.260958
0.648644 0.055979 1.168669
0.627063 0.032388 1.168540
0.601042 0.072966 1.110794
0.569569 0.059424 1.162730
0.596434 0.028892 1.070753
0.650994 0.027114 1.018689
0.594947 0.025468 1.002410
0.566035 -0.081733 0.904893
0.495861 -0.025743 0.971439
0.542985 -0.107006 0.899437
0.565563 -0.204561 0.909856
0.538658 -0.188318 0.894975
0.517093 -0.236137 0.840365
0.513198 -0.313205 0.761465
0.559624 -0.365248 0.745202
0.568432 -0.422517 0.702689
0.455021 -0.427767 0.753372
0.455538 -0.398381 0.775503
0.502947 -0.396389 0.680591
0.527173 -0.487674 0.619165
0.534332 -0.440049 0.636376
0.490705 -0.442051 0.550225
0.464869 -0.456973 0.575911
0.460873 -0.490009 0.589874
0.460056 -0.533336 0.556684
0.439177 -0.623678 0.605257
0.544365 -0.640388 0.507099
0.531868 -0.627018 0.399908
0.552650 -0.666131 0.290897
0.608776 -0.733439 0.243393
0.689746 -0.815109 0.091683
0.767621 -0.927860 0.041182
0.695323 -0.873527 0.016720
0.738538 -0.955426 -0.050846
0.769277 -1.045164 -0.134875
0.723747 -1.146846 -0.167461
0.762216 -1.156737 -0.303096
0.731666 -1.159940 -0.165593
0.625906 -1.202600 -0.227340
0.603400 -1.267492 -0.211439
0.508387 -1.261318 -0.118928
0.407322 -1.264638 -0.144447
0.324855 -1.185004 -0.090951
0.325881 -1.204138 -0.103276
0.289128 -1.264659 -0.109685
0.305144 -1.280829 -0.046944
0.295046 -1.385051 -0.144807
0.237911 -1.372518 -0.042291
0.348358 -1.337258 -0.075945
0.294442 -1.425789 -0.060397
0.297742 -1.393312 0.017583
0.324257 -1.416616 0.103089
0.276402 -1.418518 0.189947
0.308333 -1.437722 0.294621
0.353146 -1.428946 0.275794
0.404352 -1.383491 0.464670
0.437781 -1.420433 0.416872
0.462579 -1.376081 0.615478
0.545542 -1.289603 0.617568
0.596984 -1.283618 0.619890
0.630985 -1.212743 0.647431
0.613701 -1.143455 0.783576
0.612012 -1.104310 0.700226
0.618483 -1.004606 0.802191
0.656991 -0.944863 0.778307
0.706266 -0.852279 0.855628
0.679854 -0.824281 0.896417
0.701555 -0.825854 0.896818
0.782264 -0.779550 1.007458
0.843555 -0.762770 1.031694
0.891350 -0.752513 1.035930
0.994032 -0.771026 1.022855
1.008643 -0.781854 1.092090
0.967223 -0.760693 1.180531
0.951227 -0.761877 1.091226
0.862616 -0.731424 1.204167
0.754618 -0.694960 1.305081
0.635790 -0.691263 1.276991
0.652971 -0.693477 1.254071
0.582599 -0.616209 1.271896
0.478886 -0.582716 1.266078
0.409158 -0.500043 1.263154
0.490251 -0.467256 1.167953
0.361125 -0.448574 1.159505
0.457075 -0.434560 1.235537
0.505722 -0.462370 1.154544
0.525793 -0.529381 1.129979
0.620212 -0.571418 1.238094
0.656752 -0.623615 1.229662
0.740642 -0.698034 1.174864
0.873722 -0.741947 1.198597
0.811504 -0.776089 1.260252
0.783642 -0.767875 1.312229
0.814462 -0.826168 1.205885
0.793606 -0.763097 1.232151
0.753328 -0.813639 1.193592
0.716768 -0.789711 1.246927
0.633615 -0.707060 1.163959
0.620263 -0.656987 1.209795
0.491074 -0.604035 1.288712
0.513206 -0.581165 1.264231
0.612906 -0.534481 1.234784
0.605753 -0.469259 1.252306
0.733577 -0.446029 1.090810
0.716395 -0.421412 1.107709
0.737392 -0.395513 1.115774
0.915276 -0.422433 1.065352
0.934197 -0.418048 1.008872
0.957189 -0.444754 1.080516
0.974675 -0.471307 1.091787
0.999102 -0.457689 1.061426
0.936028 -0.478846 1.136313
0.762524 -0.518257 1.145348
0.799420 -0.460765 1.052899
0.735073 -0.455199 1.111528
0.680346 -0.352513 1.083900
0.613513 -0.331940 1.066585
0.617734 -0.282822 1.055305
0.661896 -0.262140 1.004063
0.743142 -0.202065 0.959236
0.797573 -0.218387 0.994789
0.898219 -0.250449 0.917105
0.959460 -0.296836 0.905509
0.896570 -0.265981 0.953702
0.966538 -0.257016 0.851229
0.979376 -0.319260 0.947813
1.106535 -0.343435 0.866053
1.112994 -0.327013 0.965448
1.052263 -0.313321 0.983724
1.025493 -0.312647 0.987148
1.006037 -0.339469 1.064863
1.004076 -0.317985 1.090111
0.849175 -0.265396 1.072475
0.737334 -0.195199 1.056995
0.786180 -0.187226 1.071276
0.778733 -0.157577 1.103157
0.786457 -0.204603 0.965019
0.812273 -0.125065 1.063794
0.697078 -0.091054 0.968501
0.770236 -0.141262 0.944690
0.675080 -0.161312 1.036863
0.676394 -0.162066 1.058448
0.677797 -0.195657 1.004764
0.619457 -0.196969 0.998430
0.595503 -0.231677 1.015972
0.516392 -0.259249 1.124220
0.526583 -0.242630 1.131406
0.606751 -0.179103 1.082121
0.562802 -0.149449 1.116359
0.579697 -0.189035 1.151457
0.538330 -0.189471 1.077931
0.602776 -0.148653 1.055330
0.608985 -0.018055 1.056529
0.568640 0.013963 1.003355
0.651216 0.005422 0.979759
0.690152 0.118806 0.931245
0.686493 0.121096 0.924713
0.730369 0.126543 0.851968
0.742011 0.156725 0.945202
0.710377 0.106805 0.963850
0.777203 0.055997 0.800469
0.748582 0.079315 0.905284
0.641029 0.052238 0.891793
0.652151 0.005494 0.915309
0.609481 -0.046888 0.945712
0.521808 -0.032778 0.976957
0.620846 -0.054879 0.965706
0.567305 -0.121957 0.939295
0.440386 -0.094086 1.007277
0.378769 -0.088800 0.971048
0.375433 -0.078007 1.009998
0.351387 -0.015815 0.963690
0.302008 0.008517 0.994517
0.348752 0.019573 0.894600
0.303633 0.066523 0.869723
0.406119 0.084698 0.957957
0.404672 0.052495 0.870214
0.386906 0.108802 0.908052
0.357817 0.081457 0.938598
0.465717 0.129642 0.928191
0.510234 0.112100 0.971831
0.571379 0.075323 0.864824
0.659672 0.055605 0.893941
0.627023 0.061714 0.978782
0.604405 -0.019493 0.993537
0.532169 -0.043741 0.998348
0.631749 -0.054102 0.924106
0.654661 -0.081239 0.916557
0.639765 -0.083059 0.989822
0.531009 -0.040463 1.055345
0.532025 -0.052640 0.913222
0.484030 -0.041213 1.019477
0.478925 -0.004906 0.993224
0.521377 0.017179 1.008841
0.371333 0.034745 1.062823
0.360427 0.058248 1.027285
0.444263 0.088713 0.966304
0.522041 0.042541 0.869917
0.576438 0.084521 0.949251
0.556377 0.090422 0.977256
0.608936 0.048594 0.922512
0.579142 0.125729 0.883175
0.605282 0.132576 0.870558
0.483249 0.134922 0.954293
0.513390 0.111544 0.935064
0.503243 0.121028 0.905102
0.539487 0.135957 0.783736
0.418555 0.134374 0.868867
0.427751 0.107607 0.881510
0.441565 0.105300 0.883550
0.374363 0.071373 0.928281
0.304521 0.038850 1.024856
0.389943 0.046592 0.951440
0.422410 0.040209 0.958612
0.480861 0.006610 1.092534
0.466278 -0.029363 1.109208
0.497281 -0.080251 0.993846
0.480020 -0.032853 1.053576
0.479327 -0.059460 1.055334
0.523692 -0.013449 1.183419
0.590371 0.023427 1.030416
0.669471 -0.004277 1.005962
0.634191 0.030969 1.137467
0.604057 0.050323 1.048165
0.581178 0.109769 1.036481
0.026854 0.151245 1.569552
0.579686 0.176935 0.975752
0.607742 0.176377 1.014859
0.615015 0.182005 0.962568
0.487479 0.181713 1.063397
0.516070 0.182445 0.994769
0.547862 0.160276 1.035999
0.618600 0.179574 1.005901
0.618683 0.137850 0.986140
0.602101 0.128243 0.934228
0.490817 0.130747 1.028565
0.521486 0.146100 1.024107
0.543866 0.070025 0.975334
0.567622 0.106932 0.996772
0.578224 0.137490 0.946119
0.441875 0.117428 1.068510
0.432106 0.086934 1.017996
0.436468 0.119949 0.994777
0.418765 0.170167 1.035059
0.492936 0.214762 0.948283
0.426826 0.197544 0.943204
0.478157 0.183577 0.929370
0.476774 0.232239 0.931225
0.550340 0.166683 0.944387
0.558839 0.116973 1.012359
0.626541 0.056990 0.984290
0.648142 0.073332 0.983779
0.630457 0.067240 1.059164
0.646384 0.055004 1.022085
0.696098 0.041550 0.992966
0.688864 0.049749 1.048822
0.692527 0.013108 1.063189
0.627108 0.061012 1.052984
0.626726 0.057146 1.048547
0.617648 0.034332 1.080534
0.533857 0.087657 1.098271
0.607302 0.017247 1.055266
0.623024 0.067795 1.105972
0.516937 0.089070 1.142951
0.632796 0.098912 1.098065
0.609043 0.060218 1.098784
0.747580 0.120149 1.091559
0.692029 0.145007 1.067887
0.725445 0.147582 1.092726
0.734778 0.106011 1.040949
0.690675 0.152344 1.074280
0.720681 0.180013 1.080219
0.695512 0.091186 1.034162
0.638752 0.189829 1.066392
0.619430 0.138869 1.053101
0.655824 0.190714 1.048310
0.614530 0.218628 1.039746
0.537701 0.197177 1.059336
0.672812 0.192512 0.987008
0.636620 0.143699 1.088505
0.553466 0.204551 1.026555
0.604228 0.197252 1.000909
0.572929 0.138798 1.056649
0.661587 0.126930 1.048927
0.628128 0.105710 0.997996
0.591853 0.103032 1.117491
0.664692 0.066439 1.060828
0.576257 0.065873 1.104186
0.634977 0.048076 1.078619
0.650759 0.076223 1.129236
0.566142 0.016746 1.107216
0.681946 0.052577 1.015037
0.627962 0.064037 1.112923
0.630904 0.093765 0.996335
0.584810 0.103772 1.084511
0.704675 0.159463 1.072467
0.631334 0.114096 1.049240
0.677006 0.140150 1.004635
0.643797 0.142600 1.057321
0.707165 0.111160 0.999904
0.725960 0.148159 0.991390
0.715559 0.106271 0.973150
0.729364 0.105295 0.996085
0.631013 0.139466 0.965499
0.677234 0.136777 0.969236
0.620179 0.200472 1.034080
0.583239 0.158109 1.035095
0.611763 0.150278 1.003628
0.620016 0.184390 0.997779
0.648949 0.118403 0.891924
0.691313 0.145993 0.926760
0.632110 0.132782 0.879278
0.592361 0.133482 0.970339
0.576073 0.137491 0.964892
0.520727 0.090658 0.964205
0.562062 0.163342 0.941060
0.658707 0.083480 0.916983
0.541316 0.162503 0.916784
0.556681 0.148933 0.956863
0.547148 0.184660 0.958998
0.573018 0.093989 0.964636
0.504201 0.120467 1.067702
0.541977 0.107754 1.027725
0.625785 0.104559 1.001857
0.705786 0.103708 0.892915
0.694829 0.098730 0.936288
0.666688 0.066380 0.962603
0.743575 0.047431 0.910441
0.714576 0.065160 0.895093
0.700604 0.082093 0.939171
0.691169 0.039632 0.970010
0.818107 0.062104 0.991897
0.663776 0.093641 1.013164
0.618993 0.014037 1.002872
0.638946 0.012048 0.967181
0.559754 -0.004085 1.033927
0.585631 0.051893 1.059558
0.611885 0.030379 0.994174
0.533795 0.065975 1.055047
0.574179 0.042315 1.092625
0.581212 0.044725 1.001868
0.521069 0.067598 1.019451
0.596114 0.139796 1.007040
0.546840 0.121851 1.064167
0.501623 0.084243 1.012376
0.599225 0.156645 0.956892
0.560873 0.157365 1.023255
0.468525 0.181747 1.050905
0.063238 0.207218 1.581611
0.605088 0.165778 0.940105
0.548411 0.172584 1.070878
0.625747 0.187989 1.044489
0.664007 0.143050 0.977742
0.705897 0.167531 1.023093
0.639666 0.093360 0.979952
0.669792 0.083911 1.040759
0.705964 0.109127 0.954978
0.598189 0.110709 1.061429
0.696701 0.084139 1.113395
0.612503 0.138173 1.127839
0.780757 0.095167 1.008236
0.729763 0.097589 1.054267
0.753845 0.072875 1.027228
0.683148 0.088059 1.055552
0.649043 0.100557 1.039991
0.752531 0.052994 1.035494
0.656030 0.132708 1.114717
0.688989 0.099610 1.080645
0.657505 0.098402 1.125390
0.725841 0.097580 1.085440
0.654625 0.095500 1.047379
0.656820 0.089968 1.116669
0.743524 0.086343 1.014030
0.618792 0.066052 1.137893
0.720338 0.085840 1.072621
0.968051 0.076755 0.781038
0.613067 0.136488 1.226411
0.689979 0.104314 1.118392
0.649202 0.137728 1.058537
0.602396 0.121289 1.071841
0.650198 0.084251 0.985226
0.652234 0.132136 0.962414
0.562276 0.144171 1.166185
0.693800 0.120782 0.985638
0.658759 0.058283 1.049675
0.584859 0.129412 1.025100
0.621759 0.159404 1.029118
0.614426 0.133584 0.961052
0.677708 0.122523 0.929040
0.675011 0.106763 1.006241
0.695686 0.137432 1.003096
0.674302 0.131487 1.057521
0.690104 0.084078 0.982711
0.719812 0.129225 1.024448
0.644053 0.156962 1.005526
0.707678 0.105251 1.035909
0.675115 0.106653 0.984840
0.636423 0.137024 1.069815
0.671738 0.028066 0.998891
0.557302 0.158999 1.029219
0.546553 0.093191 0.907476
0.599517 0.146648 1.016020
0.522673 0.177249 1.011395
0.596734 0.142870 1.088363
0.588065 0.142998 0.933403
0.521186 0.222485 0.996281
0.535879 0.186035 0.966139
0.578014 0.148369 0.944869
0.619440 0.166121 0.944040
0.530121 0.199433 0.976817
0.430349 0.162176 0.981583
0.490684 0.153846 1.049903
0.541583 0.113770 1.025310
0.501480 0.111753 0.967516
0.509367 0.157624 1.015110
0.498928 0.116680 1.045470
0.576754 0.158098 0.965566
0.458740 0.214943 1.014274
0.543409 0.160512 0.929507
0.619407 0.183214 0.906470
0.486481 0.203259 1.018156
0.677456 0.218683 0.972623
0.590249 0.211096 0.978861
0.608171 0.165838 0.942670
0.654260 0.130388 1.039326
0.641525 0.103447 1.006154
0.655542 0.168651 1.069519
0.625555 0.088314 1.054358
0.673608 0.059403 1.016446
0.676765 0.065523 1.053310
0.690858 0.035534 1.051254
0.613282 0.102966 1.093032
0.600238 0.088536 0.996660
0.607603 0.051489 1.071886
0.528164 0.105659 1.140701
0.535265 0.147207 0.985076
0.547208 0.161306 0.968480
0.411348 0.193460 1.094025
0.421545 0.202468 1.052191
0.457543 0.206350 0.993486
0.473155 0.203846 1.004541
0.424578 0.220418 1.087327
0.526461 0.213162 0.959550
0.503160 0.164381 1.016331
0.520260 0.198451 0.981708
0.586605 0.195257 1.034851
0.469908 0.186855 1.076186
0.511698 0.184468 1.006965
0.616340 0.156460 0.979062
0.508745 0.136902 0.996093
0.515201 0.219857 1.041073
0.524970 0.139416 1.075430
0.532200 0.153018 1.044393
0.530952 0.145366 0.983393
0.497348 0.175988 0.984888
0.608675 0.138601 0.965993
0.575388 0.126271 0.948157
0.585810 0.114709 0.939137
0.513383 0.160119 1.028883
0.635939 0.089084 1.028178
0.663644 0.092997 1.022672
0.660812 0.032194 1.060022
0.524397 0.106665 1.162312
0.525011 0.102616 1.065931
0.504057 0.121934 1.116169
0.624311 0.155346 1.024392
0.516957 0.182351 1.062251
0.488482 0.260338 0.991731
0.415477 0.248516 1.012965
0.485721 0.218551 1.012160
0.526910 0.247933 0.991345
0.439964 0.228716 1.094081
0.489915 0.179623 1.113118
0.500477 0.159109 1.034272
0.544475 0.214654 1.020807
0.520324 0.184734 1.100651
0.487867 0.165478 1.048769
0.501560 0.196971 0.978961
0.476488 0.150471 1.007514
0.454869 0.236955 1.058073
0.531479 0.172550 1.015276
0.489613 0.146441 1.071585
0.583152 0.147619 1.002812
0.554707 0.153130 1.032135
0.582464 0.156032 0.999490
0.588146 0.139065 1.063745
0.587546 0.128983 0.973030
0.573692 0.111963 0.978839
0.476331 0.136670 1.105005
0.562538 0.120958 1.028822
0.551079 0.147720 1.016500
0.430645 0.137731 1.083466
0.444463 0.126223 1.006601
0.490829 0.223556 1.067664
0.432703 0.209371 1.069384
0.432405 0.221376 1.052300
0.400784 0.233119 0.960146
0.386312 0.222886 1.024513
0.407334 0.178667 1.018094
0.435659 0.250072 1.067728
0.456722 0.220252 1.024836
0.342830 0.200500 1.055054
0.432712 0.222809 1.014938
0.509391 0.240325 1.006185
0.390221 0.194397 1.105955
0.502842 0.217562 0.994967
0.512504 0.191724 1.043902
0.449005 0.213168 1.059440
0.482699 0.162128 0.962171
0.458073 0.219274 0.979166
0.485165 0.204251 0.950842
0.479489 0.205700 1.015340
0.515218 0.196933 0.992440
0.448861 0.197456 0.980148
0.501260 0.179379 0.921949
0.435691 0.187733 1.025753
0.402339 0.169207 1.037984
0.382054 0.171362 1.043027
0.468494 0.192810 0.994594
0.485282 0.140271 1.001345
0.502795 0.196277 0.896510
0.392374 0.239412 1.072092
0.498009 0.188525 0.958502
0.434314 0.178127 0.987012
0.423705 0.241809 0.996290
0.475549 0.221930 0.908287
0.386376 0.213601 0.960976
0.457297 0.232054 0.918988
0.460892 0.253556 0.977102
0.452444 0.207455 0.941948
0.426897 0.180692 0.879895
0.416724 0.211372 0.936204
0.391956 0.233733 0.939783
0.329524 0.227689 1.039826
0.421989 0.183907 0.934388
0.384907 0.169007 0.948736
0.369214 0.138163 0.954309
0.385756 0.150991 0.943698
0.426448 0.179297 0.889711
0.393071 0.170283 0.965436
0.375813 0.150405 0.933091
0.477147 0.087002 0.892555
0.419149 0.131516 1.072440
0.509606 0.081198 0.976066
0.427377 0.098053 1.011414
0.450578 0.050466 1.036687
0.416629 0.085163 1.076342
0.393910 0.100365 1.091730
0.463783 0.108813 1.023338
0.489003 0.108144 1.056812
0.467306 0.148831 1.058627
0.442865 0.139200 1.010879
0.459206 0.183889 1.024082
0.563829 0.209442 0.965288
0.397077 0.200040 1.093610
0.444954 0.193037 0.988692
0.480529 0.236319 1.091602
0.412527 0.238437 1.054426
0.569547 0.212674 0.950984
0.485211 0.216683 0.961212
0.522926 0.160486 1.039985
0.460598 0.243085 1.134555
0.530856 0.154400 1.007692
0.575190 0.229858 1.001382
0.494849 0.179296 1.002630
0.474817 0.156871 1.057427
0.486683 0.185238 1.038098
0.416476 0.112575 0.982619
0.382378 0.098797 1.057307
0.480314 0.126945 1.013719
0.455028 0.123784 1.055298
0.529399 0.017649 1.026778
0.426948 0.068581 1.072513
0.576108 0.056148 1.041288
0.647669 0.087615 1.070472
0.483431 0.062983 1.183181
0.575179 0.056405 1.114788
0.572548 0.121430 1.104019
0.491164 0.142448 1.183450
0.562426 0.121726 1.059401
0.576678 0.207579 1.138848
0.549423 0.193849 1.068667
0.566941 0.197976 1.046161
0.597332 0.222161 1.105528
0.598177 0.218327 1.091663
0.572021 0.223103 1.084211
0.545632 0.214543 1.158774
0.550222 0.247551 1.077372
0.571385 0.163082 1.087308
0.474059 0.198579 1.101840
0.517876 0.204375 1.084154
0.541389 0.257422 1.135820
0.569232 0.171357 1.065902
0.563597 0.205087 1.141806
0.596294 0.263076 1.104452
0.653344 0.182295 1.037459
0.698236 0.234548 1.110941
0.665841 0.233644 1.100509
0.813757 0.268983 1.099049
0.787981 0.174774 1.009286
0.744872 0.206397 1.109384
0.770967 0.129314 1.118548
0.775347 0.157860 1.204276
0.713177 0.125297 1.223124
0.745630 0.137969 1.198143
0.812548 0.047946 1.108958
0.839307 0.004794 1.089029
0.880290 -0.056956 1.239850
0.817702 -0.170613 1.221233
0.926536 -0.205353 1.204744
1.015410 -0.468841 1.329512
1.240902 -0.648986 1.233163
1.261748 -0.728802 1.296008
1.241978 -0.808944 1.364633
1.348566 -0.949945 1.271508
1.353771 -1.030381 1.308898
1.329793 -1.128098 1.143500
1.210834 -1.091133 1.210590
1.042567 -1.076439 1.165510
1.084613 -1.253416 1.087168
1.044661 -1.281531 1.129894
1.055090 -1.423437 1.144977
0.870445 -1.483053 1.061899
0.780909 -1.495811 0.929152
0.693729 -1.577929 0.931274
0.863875 -1.691071 0.857440
0.872326 -1.781407 0.795643
0.915208 -1.863945 0.909802
0.960426 -1.851496 0.749571
1.155208 -2.095503 0.706681
1.264189 -2.055890 0.791487
1.328003 -2.182925 0.681331
1.407833 -2.254248 0.632103
1.436088 -2.412781 0.736299
1.591819 -2.531016 0.797010
1.699153 -2.528483 0.838259
1.682768 -2.510293 0.765729
1.676305 -2.581998 0.564208
1.691943 -2.501859 0.513243
1.567332 -2.492237 0.481178
1.316608 -2.393056 0.420719
1.030004 -2.244937 0.225837
0.618540 -2.137984 0.199778
0.434212 -2.075818 0.222054
0.175052 -2.008141 0.271481
0.087165 -2.087634 0.288280
-0.088925 -2.056003 0.396151
-0.189401 -2.024207 0.439882
-0.448215 -1.948238 0.428223
-0.644278 -1.855485 0.490436
-0.637177 -1.839220 0.630938
-0.788582 -1.873381 0.554938
-0.812804 -1.805395 0.684732
-0.611707 -1.883994 0.858481
0.037566 -2.150700 0.937781
0.310415 -2.151332 1.089983
0.533486 -2.237399 1.183862
0.706112 -2.240884 1.191351
0.927869 -2.172858 1.299450
1.172414 -2.132937 1.286519
1.300833 -2.104373 1.216759
1.313909 -1.870720 1.264978
1.246396 -1.657499 1.197288
1.077065 -1.527621 1.100454
0.847591 -1.339179 1.018487
0.772390 -1.108552 0.897097
0.776777 -1.120418 0.540723
0.591815 -1.012948 0.460773
0.435412 -0.929115 0.317697
0.109855 -0.891650 0.253963
-0.112926 -0.901845 0.137698
-0.325951 -0.943692 0.071644
-0.365261 -0.959887 0.003898
-0.181619 -1.065109 -0.111321
-0.303936 -0.963852 -0.135870
-0.287423 -1.013398 -0.213889
-0.610078 -0.837070 -0.410900
-0.697293 -0.845882 -0.357443
-0.678770 -1.008419 -0.299870
-0.334559 -1.168737 -0.286444
-0.231579 -1.170401 -0.345554
0.287354 -1.201298 -0.582672
0.303924 -1.216888 -0.544910
0.829601 -0.925243 -0.864138
0.836465 -0.947191 -1.031029
0.759148 -0.604714 -1.396607
0.652440 -0.401466 -1.598523
0.640696 -0.206772 -1.770705
0.785745 -0.092675 -1.906830
1.115058 0.028228 -2.071637
1.224554 0.327347 -2.164253
1.210450 0.499110 -2.182278
1.241292 0.522897 -2.202808
1.357966 0.604342 -2.233864
1.560098 0.600733 -2.160964
1.558131 0.570471 -2.298908
1.620727 0.581771 -2.341486
1.476848 0.450979 -2.349366
1.417252 0.367705 -2.343188
1.508722 0.262335 -2.485251
1.382044 0.143761 -2.206197
1.366421 0.061624 -2.385211
1.029593 0.053419 -2.237475
0.990367 0.056672 -2.252583
1.065841 0.076320 -2.194210
1.052710 0.094349 -2.037208
1.818504 0.007130 -1.796516
2.312779 0.183005 -2.036106
2.420349 0.214352 -2.119772
2.273710 0.268568 -1.910872
2.322105 0.216101 -1.821394
2.195581 0.011239 -1.928634
2.092468 0.010014 -1.898946
1.789468 0.050675 -1.917565
1.432086 -0.059591 -1.900672
1.188934 -0.309923 -1.694994
1.223896 -0.662825 -1.631621
1.276089 -0.855203 -1.276326
1.107969 -1.112226 -1.124768
1.096928 -1.378650 -0.982262
0.888036 -1.730564 -0.818149
0.675950 -1.966703 -0.533379
0.499486 -2.228522 -0.377983
0.451141 -2.296425 -0.374410
-0.070494 -2.756012 -0.304167
0.100260 -2.884296 -0.256519
0.531890 -3.186106 -0.263323
0.852067 -3.313865 -0.298873
0.978030 -3.340262 -0.323530
1.020999 -3.303425 -0.146370
1.146635 -3.277847 -0.324156
1.515653 -3.056979 -0.149906
1.720643 -2.984604 -0.333633
1.686133 -2.582237 -0.417291
1.724550 -2.235002 -0.572876
1.567469 -1.798732 -0.837682
1.603892 -1.336334 -1.211574
1.555905 -0.909135 -1.471649
1.842648 -0.699529 -1.549595
2.219312 -0.623712 -1.712743
1.763868 -0.269315 -1.960925
1.379773 0.005803 -1.915311
0.922438 -0.146755 -1.638043
0.513509 -0.233168 -1.436654
0.603663 -0.494104 -1.344686
0.468729 -0.691736 -1.184835
0.588309 -0.879880 -1.157792
0.712758 -1.034728 -1.171889
0.643251 -1.368464 -0.994504
0.538403 -1.497313 -0.765307
0.722455 -1.674475 -0.673309
0.806025 -1.739938 -0.529490
1.057587 -1.660116 -0.615842
1.189057 -1.599316 -0.493748
1.505458 -1.441296 -0.441377
1.776032 -1.348947 -0.373474
1.881446 -1.197526 -0.218780
2.029723 -1.125982 -0.166637
1.951092 -1.067268 -0.007696
1.910822 -1.071542 -0.085138
1.793009 -1.175996 0.105825
1.783657 -1.358303 0.215596
1.658156 -1.351953 0.252057
1.708367 -1.403873 0.380273
1.690881 -1.177307 0.317865
1.896369 -1.009893 0.309682
1.984868 -0.758701 0.103885
1.975621 -0.587978 -0.036060
2.300184 -0.574283 -0.128747
2.291414 -0.438479 -0.228128
2.247508 -0.332408 -0.289754
2.251756 -0.283431 -0.276751
2.033624 -0.163129 -0.131459
1.818333 -0.108971 -0.211009
1.558166 -0.071611 -0.151046
1.883759 -0.241094 -0.102714
1.941569 -0.404714 -0.198277
1.818711 -0.270294 -0.028108
1.834321 -0.157631 -0.126568
1.573115 0.014654 0.091767
1.415496 0.049448 0.060822
1.382141 0.120901 0.143555
1.143351 0.016460 0.253115
1.295160 -0.127228 0.291817
1.023797 -0.087352 0.362886
0.842408 -0.033429 0.346453
0.683624 -0.029339 0.376111
0.568111 -0.027708 0.421118
0.267032 -0.072571 0.491422
-0.000074 -0.181350 0.537629
-0.181112 -0.258200 0.600183
-0.367779 -0.303644 0.667311
-0.390911 -0.435752 0.670730
-0.004426 -0.452233 0.568091
0.789818 -0.539179 0.422108
1.137270 -0.438679 0.330132
1.359603 -0.325483 0.306722
1.378356 -0.162199 0.274462
1.377082 -0.093339 0.212641
1.315355 -0.079979 0.094863
1.349090 -0.158119 0.073674
1.562851 -0.210610 0.038324
1.780074 -0.238662 -0.042616
1.696602 -0.170220 -0.055020
1.354494 -0.091127 0.084758
1.248796 0.136748 0.076095
1.165640 0.270484 0.185977
1.036691 0.361332 0.131234
1.182938 0.448368 0.162523
1.435819 0.484085 0.194203
1.454372 0.548748 0.122236
1.560041 0.608006 0.249547
1.462225 0.700081 0.250263
1.203366 0.701681 0.389690
1.061248 0.793915 0.406675
1.107539 0.834732 0.404919
1.287147 0.807840 0.438577
1.466613 0.810462 0.402115
1.457873 0.816703 0.496933
1.074927 0.882847 0.621227
1.081572 1.007212 0.633201
1.335055 1.125680 0.642904
1.367262 1.154398 0.706861
1.348976 1.025238 0.701926
1.386339 0.956273 0.610014
1.580518 0.724043 0.610116
1.802974 0.565482 0.522991
1.788826 0.138146 0.626713
1.839215 -0.114059 0.584526
1.861509 -0.265910 0.663619
1.833273 -0.600047 0.710200
1.619326 -0.625898 0.702807
1.770059 -0.577655 0.695621
1.755233 -0.608456 0.593346
1.896271 -0.701865 0.682742
2.102335 -0.830323 0.595150
2.188929 -0.760898 0.661725
1.901235 -0.496231 0.698861
0.525935 -0.125499 0.935299
-0.006503 0.583413 1.089529
0.856269 0.357152 1.042309
1.589481 0.066955 1.040131
1.864764 0.053887 0.954271
0.877514 0.574907 0.980364
0.577592 0.883147 0.880781
0.661147 0.921416 0.886399
0.085261 0.876407 0.975159
-0.350002 0.995794 0.935763
0.221762 0.704296 0.805571
0.604514 0.268652 0.760901
0.767572 0.281817 0.808790
0.888736 0.281872 0.798388
0.806453 0.231578 0.844141
1.132801 0.127020 0.751000
1.453521 0.050951 0.622225
1.575051 -0.040716 0.640283
1.918816 -0.167908 0.538452
2.280762 -0.299726 0.576123
2.268355 -0.290638 0.543019
2.177841 -0.279221 0.672194
2.009441 -0.396908 0.801242
2.071921 -0.343167 0.640045
2.091204 -0.212315 0.546179
1.827311 -0.116071 0.571136
1.805169 0.002586 0.437565
1.395188 0.360318 0.273051
1.399407 0.547223 0.267877
1.437119 0.658497 0.184812
1.351326 0.807327 0.158360
1.225667 0.927436 0.077599
1.152562 0.984879 0.002166
0.975800 0.998522 -0.013637
0.978384 0.972417 0.053305
0.996534 0.955371 -0.040874
1.038624 0.863142 -0.001718
0.880651 0.715223 0.035140
0.773083 0.542673 0.092730
0.714264 0.424421 0.135324
0.882031 0.358536 0.119524
1.187086 0.017313 0.300815
1.305642 -0.141520 0.443407
1.719740 -0.202073 0.426127
1.746770 -0.295262 0.515306
1.849483 -0.317306 0.616910
2.210234 -0.377716 0.805761
2.504788 -0.343868 0.859146
2.658449 -0.326391 0.947625
2.524570 -0.297737 1.020179
2.990254 -0.174773 1.051035
3.212512 -0.141598 1.001643
3.405391 -0.114069 0.962266
3.496161 0.012253 0.976062
3.483855 0.266678 0.837629
3.286213 0.462309 0.768126
3.093694 0.534184 0.814027
2.884952 0.626381 0.771755
2.432655 0.776011 0.823389
2.285562 0.854363 0.752703
2.066568 0.961837 0.875350
1.725597 1.047716 0.799891
1.445792 1.056469 0.844644
1.236178 1.069936 0.827376
1.189413 1.108862 0.854998
0.905300 1.118800 0.837907
0.654636 0.971008 0.902877
0.644512 0.798026 0.992558
0.552700 0.599741 1.103008
0.624769 0.511600 1.042121
0.747609 0.138722 1.204488
0.586259 -0.177753 1.383596
0.539250 -0.402427 1.322549
0.526513 -0.537128 1.517479
0.456389 -0.804543 1.568093
0.414093 -1.140672 1.673204
0.364064 -1.308190 1.593166
0.407304 -1.391708 1.587975
0.554407 -1.503488 1.577799
1.020093 -1.615995 1.474377
1.581709 -1.816706 1.506793
1.939037 -1.866511 1.618559
2.176268 -1.819658 1.428554
2.334000 -1.738522 1.441213
2.388605 -1.659646 1.580303
2.309295 -1.589657 1.553441
2.278562 -1.409350 1.533383
2.201616 -1.282900 1.546863
2.119317 -1.155316 1.543335
2.004211 -1.019683 1.633839
1.950602 -0.913726 1.500111
1.778648 -0.783565 1.595218
1.723525 -0.733419 1.513800
1.727288 -0.601978 1.435060
1.693653 -0.610784 1.431832
1.768024 -0.577762 1.424148
1.728780 -0.678878 1.475059
1.715937 -0.693292 1.546575
1.704191 -0.659171 1.457517
1.672416 -0.623415 1.417866
1.647468 -0.748603 1.488735
1.661127 -0.715473 1.422085
1.572344 -0.773686 1.485990
1.518266 -0.820271 1.596341
1.476745 -0.941097 1.595676
1.420213 -0.936477 1.659969
1.285385 -1.072849 1.707772
1.323299 -1.146872 1.752310
1.244059 -1.253615 1.677684
1.135687 -1.244400 1.669215
1.114878 -1.284926 1.792013
1.099565 -1.423591 1.905485
1.221505 -1.473553 1.840095
1.298608 -1.560495 1.827026
1.235179 -1.631486 1.899295
1.296591 -1.766421 1.787481
1.243401 -1.787386 1.851506
1.326995 -1.899909 1.926687
1.470950 -2.009243 1.757861
1.606052 -2.179144 1.854663
1.584589 -2.266777 2.017559
1.648262 -2.420139 1.917644
1.615283 -2.376352 1.969855
1.511017 -2.339324 1.926017
1.593407 -2.274143 1.905761
1.460577 -2.272969 1.906745
1.529642 -2.246958 1.758404
1.561157 -2.184195 1.733502
1.542877 -2.130441 1.786808
1.702799 -2.021331 1.581458
1.642169 -2.061571 1.521575
1.810392 -1.978731 1.455432
1.912770 -1.903501 1.254089
2.050815 -1.983217 1.210070
2.069493 -1.927456 1.102881
2.210037 -1.894160 0.936255
2.315466 -1.882276 0.864788
2.362497 -1.917062 0.807501
2.476990 -1.868020 0.761845
2.588327 -1.869949 0.517911
2.705433 -1.881053 0.423075
2.688520 -1.940781 0.351707
2.858065 -2.059619 0.198510
2.926440 -2.136931 0.294954
2.943190 -2.229726 0.100146
3.042635 -2.307552 0.029888
3.105281 -2.474791 0.041322
3.111781 -2.637665 -0.099886
3.147920 -2.773364 -0.021210
3.164307 -2.810535 -0.109353
3.058319 -2.873595 -0.010081
3.195526 -3.072320 -0.158321
3.229568 -3.187334 -0.088369
3.271137 -3.241363 -0.117313
3.369988 -3.318678 -0.208012
3.387284 -3.403745 -0.069363
3.786128 -3.358895 -0.216934
3.958522 -3.411362 -0.291483
3.982831 -3.319254 -0.256600
4.161918 -3.311974 -0.303654
4.389958 -3.295548 -0.402937
4.513960 -3.202237 -0.513547
4.627799 -3.111164 -0.599323
4.699990 -3.148032 -0.739766
4.778360 -3.082542 -0.719414
4.642094 -2.911409 -0.689990
4.619646 -2.994505 -0.836635
4.642803 -2.912030 -0.887154
4.612237 -2.769685 -1.062793
4.452313 -2.720723 -1.241637
4.458542 -2.620209 -1.383263
4.330780 -2.556140 -1.425347
4.339882 -2.470200 -1.580360
4.058590 -2.370211 -1.664377
3.564014 -2.015426 -1.658179
3.583430 -2.067670 -1.556830
2.970827 -1.890423 -1.520018
2.925125 -1.908199 -1.485657
2.650127 -1.833483 -1.474108
2.670083 -1.983205 -1.412250
2.597791 -2.015624 -1.439460
2.483123 -2.049029 -1.475979
2.243255 -2.006242 -1.404280
2.136866 -2.027499 -1.404925
2.257403 -2.158444 -1.377641
2.351312 -2.227686 -1.344024
2.249044 -2.196646 -1.309486
2.332661 -2.275440 -1.387842
2.052539 -2.224401 -1.347408
2.216291 -2.289622 -1.443843
1.950671 -2.306935 -1.443413
2.157647 -2.486513 -1.549562
2.170554 -2.683562 -1.501471
2.308446 -2.724304 -1.600315
2.034422 -2.699948 -1.528908
2.061898 -2.659368 -1.618393
1.941326 -2.667583 -1.515653
1.799745 -2.573658 -1.519546
1.688447 -2.542990 -1.478932
1.360228 -2.395025 -1.332114
1.244500 -2.264368 -1.315841
1.160718 -2.179413 -1.333461
0.990759 -2.013003 -1.266686
0.689557 -1.867953 -1.263243
0.435679 -1.714326 -1.134882
0.323684 -1.533740 -1.214038
0.073260 -1.445304 -1.220714
0.074011 -1.295575 -1.171531
0.036828 -1.263989 -1.219731
-0.232817 -1.087435 -1.236192
-0.103394 -0.913239 -1.446382
-0.057031 -0.910886 -1.529037
-0.039913 -0.858762 -1.610523
-0.146677 -0.764470 -1.612710
-0.139083 -0.715767 -1.611625
-0.108394 -0.755534 -1.653691
-0.285158 -0.485817 -1.601455
-0.332719 -0.419383 -1.637307
-0.404613 -0.295387 -1.676244
-0.509835 -0.279946 -1.614810
-0.449808 -0.254812 -1.629845
-0.449741 -0.281011 -1.564826
-0.416254 -0.385746 -1.600976
-0.036052 -0.714602 -1.684029
0.220859 -0.931578 -1.558633
0.470198 -1.226747 -1.553316
0.527730 -1.293757 -1.431713
0.565487 -1.327763 -1.464418
0.725460 -1.348995 -1.394887
0.864646 -1.584248 -1.201124
1.088308 -1.661859 -1.298237
1.293335 -1.670492 -1.358658
1.245341 -1.734178 -1.189288
1.206444 -1.828576 -1.066862
1.127025 -1.879766 -0.942076
1.111403 -2.015527 -0.897968
1.118161 -2.069887 -0.825546
0.957312 -2.117660 -0.741893
0.820119 -2.207540 -0.793349
0.470612 -2.310350 -0.748702
0.284238 -2.342876 -0.654008
0.102671 -2.374411 -0.699631
0.125865 -2.462297 -0.724594
0.108748 -2.496346 -0.781893
-0.104154 -2.483057 -0.854743
-0.138783 -2.448131 -0.907782
-0.172520 -2.351940 -0.865187
-0.287516 -2.208677 -0.873826
-0.295308 -2.109953 -0.916721
-0.347296 -1.931958 -0.973242
-0.512273 -1.780290 -0.907389
-0.502100 -1.639110 -0.863061
-0.592700 -1.472406 -0.769998
-0.574267 -1.386669 -0.834082
-0.634543 -1.182265 -0.859967
-0.752283 -1.067999 -0.811865
-0.863872 -0.903649 -0.836879
-0.821325 -0.858320 -0.772012
-0.782393 -0.722862 -0.814137
-0.637864 -0.580571 -0.655312
-0.528487 -0.608355 -0.517206
-0.388398 -0.619503 -0.388287
-0.268745 -0.628008 -0.351170
-0.215281 -0.658346 -0.036717
0.132222 -0.630219 -0.056696
0.125162 -0.676675 0.222815
0.190116 -0.708732 0.321594
0.123509 -0.726923 0.365312
0.326706 -0.686466 0.398339
0.459322 -0.737547 0.566393
0.673772 -0.706913 0.687183
0.801475 -0.622603 0.723360
0.790131 -0.611512 0.795660
0.699421 -0.660785 0.720385
0.718829 -0.643787 0.780197
0.641009 -0.919842 0.720971
0.657809 -1.017715 0.743834
0.602834 -1.210752 0.724198
0.528599 -1.260061 0.657805
0.507774 -1.357894 0.670303
0.448297 -1.442735 0.633165
0.363724 -1.584068 0.679323
0.259775 -1.605948 0.791719
0.196528 -1.759318 0.906706
0.095398 -1.772720 0.840254
-0.013799 -1.943882 0.874282
-0.268211 -1.970244 1.034064
-0.409021 -2.038912 1.094034
-0.729752 -2.076627 1.272047
-0.791786 -2.063286 1.369527
-0.828600 -2.053325 1.458526
-0.938462 -1.998423 1.418959
-1.066277 -2.030004 1.462888
-1.119202 -1.908018 1.426896
-1.282146 -1.882906 1.447164
-1.853295 -1.682493 1.484591
-1.940685 -1.527506 1.341764
-2.141728 -1.580300 1.394801
-2.173509 -1.591971 1.355012
-2.016604 -1.616560 1.430044
-1.699579 -1.706624 1.309325
-1.474315 -1.784983 1.163354
-1.361171 -1.964846 1.303489
-1.096469 -1.999755 1.266615
-0.886679 -2.101304 1.267771
-0.631133 -2.214700 1.331738
-0.092375 -2.406717 1.360840
-0.027469 -2.464190 1.385528
0.059971 -2.583132 1.429158
0.114600 -2.526351 1.354150
0.314365 -2.559856 1.272862
0.337511 -2.568601 1.246504
0.212605 -2.539290 1.206950
0.248661 -2.458724 1.137608
0.150957 -2.404912 1.237643
0.312605 -2.533476 1.432407
0.503524 -2.672202 1.539649
0.695310 -2.839133 1.729787
0.457688 -2.927796 1.909696
0.398289 -2.900716 1.883007
-0.122438 -2.700334 1.739361
-0.642070 -2.557516 1.750748
-0.707685 -2.518184 1.728288
-0.712835 -2.722630 1.709356
-0.905781 -2.856147 1.826651
-1.407120 -2.846241 1.947445
-1.277924 -2.791633 1.897865
-2.000151 -2.867320 1.988348
-2.034925 -2.721529 2.051921
-2.281327 -2.756842 2.188987
-2.829371 -2.595597 2.187580
-3.481447 -2.355636 2.301256
-4.301879 -1.976735 2.245827
-5.165796 -1.485953 2.158212
-6.336412 -0.961961 2.077552
-6.487498 -0.931777 2.143381
-6.847499 -0.484133 1.988625
-6.951694 -0.427788 1.963121
-6.757437 -0.275986 1.875977
-6.354068 0.053691 1.737318
-6.309068 0.126731 1.787479
-5.942136 0.290318 1.714363
-5.507993 0.428190 1.743393
-5.140611 0.520956 1.602360
-4.845442 0.377726 1.669061
-3.793145 0.182089 1.524149
-3.309823 0.041807 1.402704
-2.860880 -0.145061 1.451069
-1.927408 -0.515384 1.281542
-1.486019 -0.779823 1.228584
-0.905442 -0.860821 1.005347
-0.338186 -0.916596 0.931516
0.205570 -0.969940 0.740932
0.625479 -1.040365 0.614505
1.096832 -1.115672 0.443026
1.602439 -1.149099 0.183649
1.669226 -1.012255 -0.082119
1.565738 -0.883967 -0.068241
1.691117 -0.863353 -0.313026
1.705569 -0.702687 -0.356005
1.903604 -0.702205 -0.457174
1.698406 -0.673875 -0.428980
1.470243 -0.562645 -0.521979
1.254200 -0.418814 -0.494237
1.323961 -0.284995 -0.657482
0.570565 0.008813 -0.423751
0.151313 0.157336 -0.487844
-0.622310 0.536785 -0.390356
-1.336668 0.756427 -0.359107
-2.637265 1.359771 -0.150418
-3.217115 1.463550 -0.179747
-3.631071 1.504230 -0.067151
-4.316746 1.490850 0.068281
-4.499013 1.333097 0.115646
-4.914420 1.093219 0.256531
-4.931138 0.784099 0.156743
-4.827673 0.431010 0.131294
-4.946107 0.206581 0.199910
-4.930913 -0.086573 0.123155
-4.889839 -0.397085 0.166426
-4.942095 -0.676279 0.306026
-4.722803 -0.853720 0.340979
-4.545769 -1.149600 0.375066
-4.658199 -1.229909 0.390976
-4.362123 -1.305787 0.364325
-4.045993 -1.434367 0.301174
-3.923388 -1.254910 0.430003
-3.286526 -1.230227 0.280014
-3.022122 -1.174390 0.465855
-2.495116 -0.754972 0.303840
-2.120809 -0.416314 0.303798
-1.605287 -0.178283 0.333941
-0.899036 0.125808 0.203395
-0.408478 0.400368 0.072679
-0.043104 0.660988 0.001545
0.506580 0.738060 0.013845
0.917042 1.016810 -0.148851
0.869362 1.210326 -0.115524
0.958587 1.410075 -0.089538
1.210138 1.470078 -0.104958
1.257986 1.545524 0.037795
1.364891 1.595538 0.026527
1.355294 1.732957 0.181085
1.480488 1.846360 0.240918
1.416699 1.725520 0.424023
1.431274 1.834315 0.502522
1.293670 1.730059 0.714867
1.472165 1.580858 0.817808
1.384911 1.625166 0.880016
1.296347 1.463026 1.050943
1.008485 1.407123 1.141149
1.006953 1.300495 1.281414
0.624056 1.251766 1.329605
0.419901 1.027055 1.354893
0.376117 0.850251 1.379515
0.265075 0.655512 1.402147
0.107620 0.463831 1.261626
-0.187212 0.359738 1.072847
-0.511376 0.208515 1.034744
-0.730628 -0.010015 1.036311
-0.800658 -0.150216 1.018817
-0.934941 -0.346197 0.982365
-0.706787 -0.543384 1.022504
-1.108933 -0.505209 1.175423
-0.977744 -0.417804 1.005953
-0.903893 -0.507661 1.147516
-1.125261 -0.491118 1.351221
-0.932205 -0.539180 1.392071
-1.061389 -0.507930 1.403173
-1.250253 -0.469673 1.642645
-1.403871 -0.287923 1.652751
-1.288514 -0.292268 1.519100
-1.257025 -0.371189 1.631568
-1.142419 -0.465310 1.682891
-0.986882 -0.617916 1.648030
-0.327442 -0.954658 1.634499
0.058914 -1.180321 1.620273
0.506247 -1.362565 1.590112
0.502223 -1.368315 1.588631
0.664760 -1.377915 1.546011
0.717803 -1.261970 1.644392
0.870793 -1.176244 1.522993
1.037025 -1.208277 1.457135
1.493614 -1.375643 1.535155
1.392718 -1.244616 1.630349
1.708906 -1.235711 1.712767
1.940076 -1.172356 1.840304
2.165003 -1.152284 1.818875
2.749110 -1.222208 1.953424
3.168657 -1.350709 2.034702
3.542425 -1.445134 2.078246
3.756214 -1.489804 2.215374
3.911791 -1.581112 2.065386
3.938450 -1.747078 2.207223
3.815342 -1.981404 2.327040
3.789961 -2.189936 2.266687
3.634250 -2.452545 2.437016
3.203527 -2.593883 2.407128
2.784107 -2.784074 2.525755
2.509018 -2.769704 2.446121
2.385866 -2.758714 2.376106
2.240087 -2.786789 2.421300
1.934884 -2.627458 2.405068
1.833239 -2.436657 2.346310
1.723717 -2.216484 2.271315
1.743104 -1.989699 2.181177
1.618294 -1.659524 2.069699
1.665414 -1.428775 2.007474
1.731537 -1.205533 1.955145
1.662262 -1.005696 1.993301
1.520102 -0.810042 2.051071
1.565705 -0.733652 2.056990
1.590347 -0.769106 2.202037
1.564848 -0.827774 2.152967
1.495563 -0.976309 2.182311
1.067267 -1.145699 2.247375
0.735305 -1.292390 2.290179
0.526016 -1.419206 2.241304
0.244426 -1.623888 2.235685
0.008186 -1.846310 2.363351
-0.095413 -2.076189 2.354689
-0.006051 -2.267276 2.442571
0.081589 -2.451698 2.558655
0.030843 -2.600666 2.665570
0.109766 -2.751008 2.794897
0.243050 -2.642266 2.820667
0.261196 -2.587547 2.966637
0.301038 -2.554903 3.174911
0.793279 -2.367827 3.139616
0.928804 -2.194153 3.197519
1.070486 -2.006415 3.195196
1.259198 -1.920874 3.130708
1.355241 -1.848408 3.176607
1.317942 -1.835080 3.154436
1.718580 -1.505766 2.998559
1.805496 -1.434832 2.702012
1.693078 -1.471297 2.616086
1.575732 -1.464110 2.544813
1.464216 -1.565791 2.562608
1.470303 -1.617220 2.663525
1.511069 -1.688083 2.813269
1.564687 -1.690698 2.826636
1.669366 -1.700314 2.831044
2.008383 -1.632292 2.711703
1.976426 -1.614440 2.785747
1.918586 -1.477145 2.702403
1.689469 -1.514690 2.939330
2.241352 -1.441749 2.873631
2.216126 -1.439369 2.837346
2.360021 -1.505850 2.912912
2.779995 -1.508310 2.965073
3.068982 -1.467500 2.969344
3.152185 -1.433912 2.954453
3.411025 -1.425184 2.805670
3.647740 -1.444500 2.706271
3.675128 -1.471210 2.559748
3.587976 -1.509121 2.455320
3.449057 -1.555898 2.282756
3.216927 -1.511280 2.089330
3.072512 -1.627105 2.010588
2.941506 -1.698963 1.859186
2.896753 -1.772263 1.749167
2.875313 -1.839013 1.559828
2.768403 -1.836639 1.557834
2.689558 -1.842842 1.474239
2.467642 -1.861526 1.217874
2.342522 -1.826194 1.191790
2.017337 -1.764861 0.982516
1.809718 -1.727539 0.836777
1.616652 -1.690649 0.683851
1.691868 -1.699308 0.598569
1.602013 -1.664620 0.539697
1.465212 -1.617959 0.387905
1.311810 -1.545794 0.283726
0.888164 -1.330767 0.166930
0.336662 -1.172191 -0.024477
0.252153 -1.094129 -0.100973
0.419621 -1.105137 -0.044319
0.420377 -1.085718 -0.131715
0.365875 -1.095739 -0.225254
0.069228 -1.032493 -0.312445
-0.128203 -1.056519 -0.285038
-0.420252 -1.120367 -0.369642
-0.723180 -1.070467 -0.447568
-0.749753 -1.110784 -0.496515
-0.549785 -1.189815 -0.392146
-0.621086 -1.269178 -0.302519
-0.672196 -1.291693 -0.331035
-0.605959 -1.207487 -0.328716
-0.406654 -1.190652 -0.372403
-0.302804 -1.174217 -0.327286
0.065730 -1.192672 -0.253126
0.222061 -1.072966 -0.136475
0.569719 -1.029048 -0.218558
0.549555 -1.005211 -0.124516
0.781220 -0.885509 -0.107336
1.235477 -0.835806 0.081708
1.271338 -0.844291 0.099274
1.923964 -0.834344 0.399113
2.075887 -0.827041 0.534235
2.454946 -0.859476 0.670923
2.803827 -0.871529 0.827218
3.069302 -0.808254 0.986964
3.206984 -0.941624 1.100874
3.501481 -0.975079 1.385918
3.601948 -1.072758 1.546921
3.489710 -1.019266 1.657052
3.449407 -0.978303 1.724008
3.202143 -0.967193 1.764360
3.097052 -0.911131 1.763086
2.992961 -0.888458 1.782188
2.968897 -0.812575 1.695210
2.915940 -0.868321 1.711193
2.858357 -0.749093 1.693306
2.797172 -0.757213 1.696949
2.385779 -0.626752 1.591209
2.081342 -0.551410 1.416822
1.744529 -0.357667 1.358006
1.518109 -0.211282 1.294312
1.536998 -0.295524 1.283207
1.271930 -0.295329 1.182916
1.215491 -0.285709 1.098732
1.147338 -0.296042 0.956654
0.818242 -0.272346 0.876458
0.451536 -0.154972 0.814600
0.312719 -0.166600 0.716446
-0.050999 -0.133009 0.665567
-0.053574 -0.201821 0.661362
0.029512 -0.261836 0.683997
0.095624 -0.411569 0.761540
0.260304 -0.588564 0.707514
0.114622 -0.579669 0.815018
0.196009 -0.586155 0.808892
0.260255 -0.678979 0.732293
0.365061 -0.772738 0.901124
0.762122 -0.933792 1.011630
1.185026 -1.064161 1.074800
1.185966 -1.026066 1.101246
1.384863 -1.018755 1.063364
1.615709 -1.008746 1.145513
1.645796 -1.074944 1.101760
1.825291 -1.031090 1.194229
1.798708 -1.030790 1.179071
1.927943 -0.989860 1.144021
2.198353 -0.985013 1.220575
1.932441 -0.871987 1.321411
1.958307 -0.914620 1.306341
1.855535 -0.863507 1.439101
1.875587 -0.801127 1.413127
1.767236 -0.794328 1.458771
1.639130 -0.724777 1.387069
1.515320 -0.615566 1.388192
1.409459 -0.644337 1.210211
1.299198 -0.552194 1.265808
1.085242 -0.628910 1.218660
0.950396 -0.495071 1.196451
0.913573 -0.453885 1.097381
0.662031 -0.435848 1.052779
0.448614 -0.391492 1.031175
0.510499 -0.390467 0.977310
0.373608 -0.286360 1.016169
0.398278 -0.327223 0.946506
0.366820 -0.239548 0.897979
0.287264 -0.135812 0.812465
0.268744 -0.041444 0.719332
0.132786 0.044898 0.715335
0.277551 -0.031974 0.641001
0.421754 -0.041746 0.650521
0.521250 -0.079067 0.702551
0.523350 -0.135533 0.800227
0.555832 -0.143931 0.760106
0.393805 -0.128043 0.776684
0.465761 -0.148555 0.823751
0.233798 -0.157708 0.832605
0.229355 -0.140868 0.873615
0.237681 -0.204920 0.847875
0.161511 -0.216390 0.914356
0.327009 -0.331311 0.909025
0.250037 -0.343949 1.008052
0.483980 -0.460127 1.004403
0.479440 -0.562943 1.086266
0.567381 -0.620699 1.075419
0.603746 -0.598629 1.109406
0.611181 -0.752493 1.122426
0.542619 -0.750343 1.149038
0.521229 -0.726379 0.986632
0.586309 -0.622587 0.976578
0.692280 -0.578676 0.852454
0.732814 -0.511552 0.776665
0.639922 -0.439680 0.710293
0.731239 -0.381135 0.668454
0.821014 -0.308231 0.535336
0.784509 -0.228704 0.519801
0.908488 -0.188733 0.398415
0.833921 -0.182826 0.400634
0.757537 -0.149773 0.252146
0.647369 -0.118141 0.178906
0.579939 -0.118129 0.159470
0.574832 -0.088763 0.132566
0.515391 -0.151055 0.090378
0.554119 -0.145901 -0.008238
0.609945 -0.220600 -0.055361
0.519204 -0.210189 -0.070013
0.414160 -0.230711 -0.130566
0.501013 -0.306519 -0.201940
0.345655 -0.366933 -0.235628
0.336124 -0.379888 -0.255714
0.187532 -0.471504 -0.246305
0.306139 -0.500644 -0.271574
0.344101 -0.545094 -0.350730
0.349135 -0.541114 -0.303280
0.452475 -0.650831 -0.302858
0.378750 -0.678933 -0.232430
0.474898 -0.657477 -0.219059
0.334530 -0.671688 -0.114628
0.399684 -0.662600 -0.165985
0.509931 -0.693970 -0.189642
0.448611 -0.745091 -0.102793
0.502834 -0.743086 -0.113118
0.441277 -0.726293 -0.174187
0.386404 -0.775165 -0.195445
0.285478 -0.722569 -0.160504
0.416024 -0.748543 -0.120889
0.574307 -0.815194 -0.193921
0.707963 -0.813829 -0.119087
0.745900 -0.869691 -0.077507
1.284494 -0.814855 -0.126629
1.294508 -0.684286 -0.262179
1.244854 -0.599098 -0.316926
1.084765 -0.548036 -0.242993
1.057069 -0.590789 -0.269249
0.935339 -0.650706 -0.262856
0.908955 -0.740058 -0.118779
0.992086 -0.775214 -0.127936
0.928853 -0.822073 -0.034480
1.063424 -0.691972 -0.109496
1.224553 -0.552304 -0.093897
1.355111 -0.484462 -0.212139
1.208367 -0.346372 -0.274987
1.185819 -0.199877 -0.220582
1.049239 -0.084414 -0.180843
0.933420 0.076716 -0.162885
0.728414 0.213074 -0.081439
0.660345 0.224054 0.045549
0.626767 0.265270 0.023760
0.483219 0.276319 0.154939
0.476711 0.351647 0.174712
0.531831 0.294220 0.183678
0.414649 0.257739 0.296445
0.414150 0.235784 0.270353
0.361772 0.289669 0.330974
0.311639 0.240180 0.392377
0.316177 0.233086 0.448488
0.350865 0.083653 0.568877
0.296484 0.125676 0.601779
0.467798 0.144868 0.688482
0.424877 0.125100 0.781701
0.318017 0.074439 0.828980
0.466626 0.145718 0.766325
0.541752 0.095597 0.817381
0.594429 0.104885 0.832722
0.858870 0.137663 0.738123
0.633504 0.113543 0.891365
0.633875 0.164138 0.921792
0.652435 0.090101 0.862274
0.677044 -0.024048 0.943625
0.882420 -0.032500 0.901735
0.764927 -0.072019 0.979565
0.931183 -0.142252 0.924763
0.975990 -0.157230 0.847445
0.916634 -0.154024 0.840300
0.790562 -0.172168 0.840335
0.868875 -0.237129 0.894300
1.034527 -0.274957 0.879879
1.277270 -0.384044 0.962292
1.305148 -0.413335 0.869019
0.998735 -0.375243 0.890563
0.874159 -0.377903 0.806529
0.719157 -0.410420 0.826412
0.461405 -0.371902 0.764530
0.105999 -0.284573 0.506248
0.031836 -0.334425 0.457602
0.029759 -0.336983 0.280637
-0.126369 -0.338870 0.237565
-0.108312 -0.333726 0.090271
-0.190954 -0.353362 -0.083037
-0.159111 -0.332545 -0.067582
-0.220491 -0.447019 -0.170355
-0.255761 -0.667430 -0.295993
-0.420251 -0.719079 -0.308072
-0.425812 -0.810389 -0.492598
-0.512128 -0.973283 -0.489936
-0.398883 -1.034029 -0.527423
-0.461344 -1.123666 -0.515193
-0.563671 -1.282820 -0.387237
-0.317636 -1.319399 -0.501224
-0.266519 -1.438886 -0.507135
-0.290612 -1.534610 -0.400385
-0.357612 -1.627063 -0.397220
-0.455388 -1.814876 -0.310148
-0.368137 -1.864691 -0.246391
-0.269096 -2.023555 -0.414123
-0.277660 -2.093388 -0.382709
-0.118876 -2.360476 -0.464171
-0.229292 -2.452152 -0.340009
-0.098529 -2.559646 -0.292267
-0.065592 -2.751444 -0.329151
-0.046090 -2.859129 -0.388200
-0.071286 -2.997672 -0.339675
-0.118123 -3.075289 -0.281877
-0.144624 -3.065764 -0.281519
-0.119413 -3.074300 -0.245279
-0.203485 -3.051855 -0.286046
-0.260979 -3.081251 -0.282386
-0.100215 -3.084906 -0.421083
-0.172948 -3.165043 -0.365063
-0.159875 -3.047527 -0.413741
-0.050019 -3.083515 -0.447474
0.030370 -3.024781 -0.437534
0.056635 -3.103757 -0.521082
0.230787 -3.069236 -0.528967
0.337452 -2.985128 -0.498034
0.453356 -2.860211 -0.581905
0.523977 -2.838250 -0.597084
0.517756 -2.789753 -0.649744
0.432185 -2.781044 -0.735606
0.417359 -2.698476 -0.715921
0.377092 -2.561890 -0.693315
0.386242 -2.492930 -0.690773
0.297797 -2.407445 -0.816566
0.186380 -2.413569 -0.724851
0.175109 -2.243326 -0.783582
0.120198 -2.177386 -0.793259
0.190155 -2.051593 -0.796696
0.173195 -1.929151 -0.872821
0.145561 -1.818296 -0.921728
0.202292 -1.696626 -0.984899
0.390692 -1.749330 -1.046343
0.666641 -1.720227 -1.058033
0.690525 -1.717451 -1.078137
0.676958 -1.622396 -1.094045
0.378342 -1.514997 -1.213645
0.092903 -1.378888 -1.148677
-0.065053 -1.381527 -1.147481
0.008927 -1.423539 -1.097326
0.332588 -1.593664 -1.091256
0.782872 -1.778049 -1.151184
0.547025 -1.750378 -1.066815
0.192113 -1.645678 -1.089228
-0.332611 -1.458718 -1.060622
-0.491087 -1.494172 -1.023224
-0.353969 -1.692434 -0.931736
0.392821 -1.981426 -0.890249
0.770966 -2.188413 -0.849531
0.336849 -1.970849 -0.830339
-0.616950 -1.645838 -0.758648
-0.623386 -1.701715 -0.758949
-0.331385 -1.876230 -0.741675
-0.368003 -2.045282 -0.686850
-0.477174 -2.074672 -0.569691
-0.414306 -2.058744 -0.699810
-0.595843 -2.037893 -0.641153
-0.827285 -2.153088 -0.528404
-0.695159 -2.204112 -0.621347
0.054390 -0.985708 -0.867658
2.439936 -0.073244 -1.221203
3.015020 0.817314 -1.267463
1.310298 1.538773 -1.171484
1.195686 2.353920 -1.040895
2.306410 2.645097 -0.970327
2.156029 2.774075 -0.882226
0.985312 3.332066 -0.972807
0.513484 3.451281 -1.147362
0.306629 3.605235 -1.033647
-0.235937 3.554292 -0.877899
-0.758297 3.294799 -0.547834
-1.376775 2.850852 -0.474224
-1.705680 2.410945 -0.201087
-1.853186 1.916768 0.016331
-1.780297 1.460725 0.451745
-1.937382 1.051580 0.852375
-2.340175 0.805885 1.430680
-2.558804 0.434461 1.743929
-2.177576 0.073269 1.934690
-2.310339 -0.385968 2.129180
-2.600199 -0.738154 2.289838
-2.499483 -1.060936 2.364791
-2.173713 -1.501780 2.210823
-1.911708 -1.771204 2.202099
-1.613356 -2.176713 2.020934
-1.650316 -2.471474 2.033797
-1.407918 -2.728643 2.004675
-0.869098 -2.788596 2.014333
-0.513593 -2.916853 2.121031
-0.304211 -2.867453 2.178960
-0.187390 -2.848159 2.255159
0.138758 -2.801531 2.400163
0.703139 -2.892610 2.336660
1.041694 -2.855179 2.398432
1.179990 -2.853781 2.421878
1.314885 -2.659694 2.370679
1.553772 -2.601950 2.259538
1.708348 -2.412437 2.226317
1.723798 -2.300329 2.232302
1.672456 -2.045769 2.050548
1.473527 -1.799189 2.015653
1.443611 -1.584902 1.948334
1.116720 -1.239628 1.879613
0.869554 -0.923100 1.786784
0.478111 -0.448595 1.747159
0.201983 0.022775 1.677937
0.102151 0.323326 1.651227
-0.036443 0.718318 1.590146
-0.060548 1.017318 1.457387
-0.153132 1.354054 1.444624
-0.202220 1.616890 1.412173
-0.220357 1.841350 1.297896
-0.206599 1.908633 1.282843
-0.248101 1.984082 1.204734
-0.260128 2.179275 1.016922
-0.145226 2.192524 0.867791
-0.178325 2.314004 0.760942
-0.284354 2.543193 0.711029
-0.346627 2.604161 0.789139
-0.480430 2.565531 0.801556
-0.727162 2.827433 0.910488
-0.920663 2.829599 1.055726
-0.612377 2.815401 1.123025
-0.233888 2.793427 0.936149
-0.165553 2.645598 1.030023
-0.374490 2.443946 1.075132
-0.339901 2.168512 0.995921
-0.251791 2.027539 1.096593
-0.136886 1.838692 1.017185
-0.326381 1.523067 1.009335
-0.241274 1.200858 1.019324
-0.059465 0.896251 1.078560
0.014461 0.573975 1.118785
-0.080347 0.304026 1.463448
0.027295 0.091692 1.393952
0.148687 0.084422 1.251399
0.213777 -0.328516 1.417452
0.385204 -0.658323 1.506200
0.471888 -0.973167 1.690364
0.534331 -1.231651 1.524753
0.588669 -1.343051 1.572072
0.558223 -1.451449 1.525323
0.408768 -1.490841 1.631420
0.313650 -1.534252 1.575621
0.056089 -1.620347 1.596044
-0.004288 -1.584389 1.565026
0.041184 -1.532764 1.602358
0.191260 -1.466516 1.548537
0.424698 -1.471411 1.512614
0.513536 -1.394570 1.323041
0.332707 -1.255729 1.318808
0.107733 -1.083319 1.107151
-0.223739 -0.941507 0.900023
-0.477697 -0.874659 0.838606
-0.721437 -0.730373 0.787591
-0.748341 -0.680496 0.565099
-0.221352 -0.356542 0.265854
0.264989 -0.272293 0.257548
0.294347 0.004900 -0.110768
-0.037339 0.302214 -0.110557
-0.230210 0.713825 -0.367054
-0.671901 1.028151 -0.501099
-0.897911 1.091587 -0.643154
-1.126547 1.282885 -0.802676
-0.918334 1.389134 -1.019426
-0.053390 1.375103 -1.261098
0.454362 1.212285 -1.458119
0.039128 1.309550 -1.459531
-0.412092 1.476539 -1.461850
-0.615698 1.347372 -1.499415
-1.143111 1.078690 -1.292401
-1.476886 0.630284 -0.962520
-1.363190 0.389556 -1.030894
0.326854 0.169993 -1.137487
0.537157 -0.551310 -0.845884
0.291481 -0.567106 -0.792327
-0.437109 -0.533646 -0.440975
-0.636720 -0.613681 -0.449357
-1.694650 -1.015809 -0.073409
-1.955277 -1.271072 -0.030819
-0.767477 -1.612615 -0.151309
-0.442484 -1.821541 -0.238575
-0.763763 -1.762440 -0.192697
-0.925877 -1.606296 -0.093689
-1.726362 -1.408050 0.019627
-2.062362 -1.436378 0.153994
-2.116475 -1.504926 0.183094
-0.683571 -1.608901 0.103500
-0.343975 -1.627312 0.064578
-0.293271 -1.592226 0.088367
0.023937 -1.382621 -0.012556
-0.043728 -1.243435 0.001533
-0.176843 -0.796494 0.053480
-0.177228 -0.436868 0.093761
-0.160786 -0.267785 0.148059
0.044935 -0.237764 0.192270
0.454147 -0.111081 0.247239
0.444448 0.102871 0.255215
0.553979 0.205927 0.246647
0.391541 0.290784 0.250699
0.400724 0.325861 0.321413
0.360567 0.288157 0.361649
0.469124 0.404385 0.512317
0.398865 0.364649 0.730945
0.313752 0.306108 0.923095
0.369115 0.255583 0.892939
0.238443 0.142732 0.991779
0.270297 0.107629 1.046084
0.126592 0.158940 1.060774
0.023523 0.141442 1.325312
-0.106194 -0.002058 1.442014
-0.261576 -0.111450 1.414871
-0.399359 -0.165813 1.619360
-0.342556 -0.241360 1.581774
-0.319030 -0.274864 1.657730
-0.219964 -0.339512 1.598088
-0.177932 -0.291572 1.666060
-0.258249 -0.396724 1.630528
-0.227320 -0.488392 1.707077
-0.104666 -0.573321 1.717048
-0.029003 -0.685386 1.743104
0.132106 -0.813983 1.818335
0.416463 -0.937098 1.821788
0.514062 -1.081436 1.876049
0.584041 -1.165136 1.962558
0.667655 -1.248285 1.797893
0.730995 -1.359643 1.841226
0.937075 -1.429038 1.881105
1.027387 -1.457037 1.899856
1.079483 -1.431573 1.913475
1.114973 -1.273917 1.906458
1.061862 -1.045242 1.847427
1.100564 -0.953717 1.786760
1.102395 -0.757561 1.721616
1.149035 -0.593615 1.673366
1.276685 -0.382751 1.589869
1.303934 -0.134064 1.465721
1.360129 -0.033066 1.352866
1.324980 0.084911 1.261771
1.136394 0.192020 1.257085
0.993067 0.227470 1.246610
0.923046 0.258096 1.235181
0.859765 0.245778 1.309695
0.810702 0.202630 1.282881
0.807766 0.160538 1.312944
0.706183 0.150864 1.403199
0.514282 0.027918 1.347475
0.599052 -0.002204 1.319119
0.383087 -0.069816 1.373147
0.276464 -0.097104 1.445991
0.227784 -0.180443 1.387260
0.322246 -0.193544 1.475201
0.219545 -0.212979 1.532795
0.262486 -0.268773 1.539736
0.191156 -0.267108 1.605154
0.309198 -0.334534 1.600954
0.269391 -0.350408 1.648061
0.410324 -0.316902 1.435203
0.494888 -0.339378 1.477145
0.470495 -0.301791 1.475713
0.702815 -0.281853 1.385143
0.893634 -0.264676 1.352709
0.986468 -0.247888 1.300894
0.917410 -0.147215 1.329294
1.007933 -0.020115 1.289084
0.993337 -0.062856 1.158305
1.079648 0.005066 1.114770
1.108241 -0.009745 1.065667
1.096469 0.005928 1.089973
1.092789 0.027670 0.941727
0.957219 -0.010962 0.955600
0.868995 0.044908 0.925031
0.777198 -0.008128 0.874164
0.637833 -0.057616 0.855362
0.688857 -0.067003 0.824569
0.748348 -0.114106 0.780555
0.678120 -0.158684 0.733899
0.754704 -0.141707 0.740634
0.734969 -0.182026 0.733826
0.823722 -0.203265 0.678474
0.901121 -0.226841 0.505137
0.941039 -0.306420 0.517797
0.851791 -0.271716 0.650424
0.882065 -0.302424 0.561397
0.913763 -0.347717 0.555352
0.951744 -0.335904 0.516809
0.914491 -0.356575 0.449899
0.826098 -0.258528 0.446505
0.965035 -0.217355 0.402372
0.880654 -0.187192 0.472128
0.872538 -0.143343 0.325884
0.831316 -0.126699 0.334163
0.809056 -0.084390 0.342143
0.816604 -0.034290 0.257073
0.749244 -0.014577 0.257782
0.745257 0.052382 0.199712
0.764956 0.059759 0.181237
0.800398 -0.010462 0.112954
0.742716 0.003980 0.119281
0.724740 -0.005156 0.029306
0.616380 0.025715 0.100946
0.577750 -0.036332 0.138625
0.579642 -0.074699 0.108911
0.460466 -0.130261 0.184681
0.465759 -0.142904 0.251332
0.503050 -0.190475 0.241827
0.486075 -0.172944 0.154730
0.479667 -0.143345 0.260803
0.366184 -0.153107 0.298807
0.337678 -0.108095 0.228922
0.286148 -0.085999 0.171358
0.298046 -0.080025 0.212297
0.285378 -0.015487 0.256557
0.334468 0.014119 0.315342
0.376770 0.040115 0.352542
0.486252 0.044786 0.262889
0.515996 0.090782 0.344178
0.596516 0.072101 0.331373
0.694873 0.023650 0.415459
0.756502 -0.005797 0.412859
0.876153 -0.070352 0.507055
0.883093 -0.047504 0.597547
0.957979 -0.100860 0.567263
0.933771 -0.038491 0.653663
0.913149 0.008693 0.635829
0.810450 0.009113 0.740651
0.885785 0.085753 0.705857
0.816661 0.133117 0.740010
0.713273 0.138676 0.804075
0.711981 0.202736 0.800995
0.687702 0.189702 0.864570
0.678865 0.214032 0.849149
0.604733 0.239322 1.006420
0.589399 0.217721 0.932242
0.497015 0.213405 1.039569
0.636859 0.194347 0.999945
0.627187 0.236608 1.090312
0.722439 0.229653 1.109714
0.701113 0.214970 1.145859
0.786402 0.216519 1.098006
0.719290 0.265300 1.294011
0.675666 0.262972 1.345560
0.735940 0.260491 1.201430
0.756610 0.197240 1.163888
0.784960 0.232561 1.239732
0.656838 0.280107 1.258760
0.669463 0.289430 1.237966
0.691151 0.275424 1.220176
0.636156 0.281081 1.190196
0.734284 0.233236 1.156081
0.833999 0.171347 1.132194
0.801561 0.200847 1.080290
0.881660 0.228705 0.954758
0.851202 0.225956 0.982601
0.888907 0.158848 0.957342
0.957642 0.203230 0.816286
0.999319 0.205332 0.776560
1.009501 0.223697 0.765374
0.943821 0.244070 0.744939
0.908307 0.254394 0.667782
0.955472 0.215642 0.520539
0.855634 0.206691 0.577733
0.959561 0.186667 0.476187
1.007865 0.140542 0.367202
0.956387 0.101612 0.353937
0.951682 0.097815 0.300887
0.778801 0.123516 0.393457
0.667918 0.068840 0.297881
0.736074 0.074542 0.176173
0.728309 0.059349 0.113336
0.770772 0.019189 0.033050
0.900022 0.014954 -0.025854
0.938147 -0.081687 -0.141815
0.966761 -0.027625 -0.175413
0.891016 -0.000301 -0.268459
0.712800 0.037150 -0.222515
0.747839 0.015351 -0.307643
0.712674 -0.049734 -0.366699
0.750353 -0.088477 -0.356245
0.692127 -0.119400 -0.298119
0.707098 -0.064546 -0.376331
0.642974 -0.068008 -0.368136
0.497949 0.012301 -0.372331
0.370095 0.005971 -0.424511
0.350725 0.038979 -0.382704
0.254768 0.000880 -0.515592
0.222558 0.000874 -0.469549
0.353283 -0.045559 -0.561227
0.251768 -0.079018 -0.528838
0.265092 -0.115180 -0.508346
0.177494 -0.132466 -0.408800
0.311002 -0.199341 -0.558167
0.134371 -0.193227 -0.413446
0.032574 -0.194281 -0.406151
0.056316 -0.180108 -0.400771
0.038464 -0.257722 -0.519881
-0.088133 -0.321560 -0.420767
-0.095401 -0.285183 -0.370517
-0.100707 -0.272703 -0.313083
-0.173837 -0.310851 -0.206709
-0.109656 -0.384298 -0.293881
-0.110650 -0.349899 -0.259388
-0.210303 -0.406910 -0.117196
-0.128975 -0.457964 -0.076464
-0.103198 -0.534889 -0.066621
-0.092149 -0.513718 -0.039425
-0.137737 -0.516635 0.137543
-0.205925 -0.515234 0.134062
-0.127510 -0.522821 0.095113
-0.120758 -0.542073 0.247319
-0.062767 -0.553681 0.244006
0.045908 -0.612102 0.205218
-0.041918 -0.434912 0.297793
-0.127577 -0.427901 0.417111
-0.092035 -0.483029 0.417727
-0.045103 -0.462792 0.473168
0.077789 -0.439899 0.534793
0.055454 -0.399396 0.689193
0.081265 -0.395470 0.657632
-0.036982 -0.416592 0.813996
0.079458 -0.351216 0.902698
0.152401 -0.375646 0.860815
0.169876 -0.281945 0.960063
0.217058 -0.279249 0.942663
0.294077 -0.255563 0.990288
0.201848 -0.202733 1.111552
0.338019 -0.227450 1.115821
0.304195 -0.164728 1.127758
0.294704 -0.094310 1.240327
0.282745 -0.051649 1.292913
0.258103 0.012906 1.344584
0.308778 -0.043607 1.347794
0.374941 -0.043759 1.254768
0.323675 0.011011 1.327552
0.403096 -0.027023 1.267404
0.352651 -0.115992 1.267188
0.360545 -0.107230 1.425347
0.461796 -0.109353 1.394327
0.486544 -0.150516 1.302217
0.497131 -0.208060 1.356883
0.525132 -0.183015 1.412042
0.445763 -0.204201 1.412340
0.447291 -0.267775 1.452780
0.524111 -0.258943 1.390529
0.420463 -0.311603 1.369720
0.430175 -0.259509 1.336329
0.435525 -0.175663 1.393366
0.388378 -0.182090 1.324614
0.362457 -0.094905 1.465891
0.413125 -0.051050 1.407818
0.419779 -0.095943 1.450264
0.356192 0.012059 1.385670
0.403459 -0.055028 1.347681
0.514773 -0.011023 1.327348
0.425555 0.051477 1.357819
0.522181 0.047112 1.283384
0.579788 0.060374 1.242230
0.495466 0.104495 1.337448
0.615399 0.056641 1.229099
0.656201 0.110422 1.284731
0.658876 0.049776 1.227459
0.703088 0.047769 1.287399
0.712469 -0.001552 1.309314
0.715281 -0.003849 1.315269
0.699499 -0.031441 1.378015
0.729782 -0.054906 1.402161
0.768960 -0.072482 1.389559
0.771996 -0.077345 1.333175
0.788606 -0.104521 1.415672
0.903851 -0.177243 1.297921
0.828030 -0.194109 1.382607
0.827803 -0.222301 1.279766
0.741081 -0.234203 1.398098
0.720990 -0.247828 1.406417
0.725986 -0.238088 1.501227
0.705383 -0.266887 1.448358
0.694084 -0.181812 1.440505
0.866904 -0.268747 1.380378
0.653639 -0.285590 1.447521
0.775502 -0.302146 1.410597
0.728835 -0.279116 1.411081
0.708508 -0.277309 1.391024
0.803192 -0.275520 1.282427
0.675219 -0.181269 1.408349
0.732152 -0.203797 1.345037
0.722037 -0.136894 1.344985
0.615340 -0.152896 1.316200
0.726521 -0.111635 1.266894
0.840177 -0.052448 1.355833
0.740370 -0.127835 1.352472
0.742812 -0.060713 1.367828
0.711493 -0.091163 1.269869
0.635262 -0.023396 1.326704
0.710740 -0.025465 1.268452
0.527523 0.011481 1.439359
0.654965 0.009959 1.261297
0.564720 -0.007966 1.250796
0.507263 0.022401 1.254589
0.520848 0.079752 1.222421
0.518834 0.075634 1.242107
0.475620 0.095717 1.134721
0.422965 0.077174 1.248132
0.411594 0.101163 1.159463
0.317480 0.111440 1.240556
0.376120 0.113714 1.208705
0.310668 0.027848 1.095993
0.392257 0.031713 1.151505
0.377404 0.010713 1.179121
0.453672 -0.027995 1.125115
0.444536 0.032676 1.072943
0.372433 -0.057098 1.091848
0.382192 -0.071576 1.187010
0.496682 -0.164598 1.023342
0.416773 -0.108623 1.099931
0.391678 -0.106598 1.062869
0.349753 -0.137730 1.201856
0.424584 -0.140353 1.083292
0.346868 -0.110300 1.122100
0.332148 0.004228 1.142347
0.354053 -0.005343 1.071106
0.279543 0.023626 1.097593
0.227249 0.054924 1.055242
0.346525 0.013591 1.019114
0.369808 -0.016884 1.010772
0.345471 0.025761 0.973588
0.366586 -0.022887 0.974076
0.287320 0.063808 0.936480
0.365560 0.040916 0.997332
0.292589 0.034664 0.976958
0.290599 0.045180 0.992311
0.359346 -0.024183 0.924920
0.282600 0.019441 1.007700
0.277431 0.049857 0.975576
0.227946 0.064954 1.012550
0.171921 0.061901 0.981419
0.241835 0.106852 0.933769
0.228633 0.037145 0.918379
0.257318 0.144699 0.924972
0.263840 0.118366 0.898171
0.320828 0.106369 0.900409
0.411342 0.112142 0.898569
0.432812 0.065084 0.865331
0.471754 0.095550 0.775085
0.559800 0.037568 0.906556
0.522501 0.037703 0.872983
0.601514 0.051949 0.801701
0.581641 0.052586 0.739944
0.563932 0.057874 0.820556
0.520381 0.088534 0.815782
0.575788 0.085383 0.788598
0.569754 0.048195 0.788875
0.601818 0.120014 0.766326
0.625697 0.083127 0.660327
0.628868 0.163780 0.614977
0.577229 0.178963 0.700825
0.514224 0.199341 0.643650
0.491168 0.164360 0.689350
0.498638 0.145377 0.684123
0.490304 0.118734 0.654812
0.534159 0.062678 0.648800
0.560781 0.126748 0.689863
0.517559 0.122281 0.566136
0.481150 0.131321 0.668102
0.372925 0.126338 0.686046
0.419334 0.211994 0.674246
0.329101 0.158044 0.663163
0.357354 0.259830 0.732090
0.348208 0.248503 0.725523
0.183229 0.215463 0.789094
0.222643 0.239366 0.712817
0.202912 0.284311 0.737475
0.084338 0.240028 0.700281
0.040696 0.301433 0.743820
0.007335 0.284442 0.744616
0.058700 0.246953 0.641249
0.120384 0.245650 0.627029
0.125566 0.222278 0.641609
0.195551 0.197804 0.605136
0.200535 0.136195 0.594833
0.156790 0.167109 0.599202
0.249985 0.135595 0.532256
0.184518 0.145418 0.526871
0.263418 0.158913 0.528328
0.318117 0.155746 0.507308
0.311970 0.088907 0.483133
0.309607 0.131300 0.516420
0.305551 0.115173 0.444017
0.370082 0.088721 0.505516
0.359353 0.050925 0.522054
0.393212 0.064640 0.438092
0.494342 0.010729 0.420961
0.491126 -0.007964 0.517238
0.496257 -0.012815 0.514435
0.615894 -0.005644 0.448182
0.536779 -0.010195 0.447096
0.676618 -0.000867 0.396548
0.646310 -0.045036 0.536543
0.708609 -0.037538 0.561650
0.688748 -0.081081 0.458656
0.773772 -0.029435 0.477735
0.626457 0.039751 0.507401
0.622151 0.114507 0.511034
0.564984 0.118560 0.472323
0.581331 0.157248 0.547314
0.608099 0.194082 0.440477
0.615164 0.200617 0.520830
0.505294 0.187300 0.448014
0.521150 0.240161 0.470823
0.547151 0.241954 0.365048
0.549420 0.234071 0.390784
0.530069 0.182739 0.296091
0.443837 0.204675 0.367269
0.419735 0.187571 0.416910
0.427662 0.108910 0.422618
0.487715 0.138551 0.381895
0.406150 0.060918 0.306440
0.359286 0.087848 0.324809
0.300091 0.047805 0.404295
0.223155 0.051310 0.445549
0.336803 -0.002468 0.343982
0.382718 -0.019553 0.310966
0.356444 -0.001501 0.476998
0.243652 -0.045648 0.402317
0.326389 -0.011436 0.360909
0.409657 0.009509 0.371163
0.317234 -0.040238 0.362253
0.379886 0.035753 0.385742
0.321372 0.047769 0.483158
0.436124 -0.054104 0.389024
0.581868 -0.083827 0.314941
0.606338 -0.127207 0.300458
0.690270 -0.114052 0.429696
0.633861 -0.191497 0.495040
0.666289 -0.154393 0.395865
0.568694 -0.130595 0.481151
0.661667 -0.144891 0.487113
0.629524 -0.103375 0.575784
0.487229 -0.063107 0.553115
0.550155 -0.064971 0.553637
0.507336 -0.039827 0.562614
0.427150 -0.057886 0.592759
0.450199 0.048111 0.608215
0.463748 0.012076 0.549231
0.492457 0.113240 0.546730
0.545607 0.120490 0.520115
0.523620 0.123718 0.500433
0.588513 0.131849 0.455859
0.497341 0.138204 0.589654
0.584690 0.151244 0.535595
0.487528 0.075725 0.639599
0.461922 0.086967 0.639503
0.447758 0.072713 0.589932
0.505918 0.110740 0.688383
0.538881 0.012920 0.552164
0.544581 0.067213 0.520708
0.342434 -0.011808 0.613925
0.467408 -0.002141 0.614755
0.361427 -0.022363 0.666092
0.483520 -0.035508 0.661758
0.453101 -0.045370 0.674475
0.505763 -0.076569 0.595698
0.463003 -0.044959 0.629922
0.479438 -0.007270 0.699367
0.427640 -0.022147 0.715620
0.458076 -0.078693 0.723913
0.419673 -0.050606 0.686394
0.513293 -0.086504 0.629194
0.570324 -0.068579 0.652605
0.525213 -0.076209 0.728067
0.615288 -0.067013 0.602444
0.681585 -0.064396 0.672676
0.627560 -0.131702 0.745483
0.663302 -0.136360 0.618695
0.720027 -0.125316 0.605231
0.745392 -0.133820 0.586555
0.660103 -0.113111 0.642882
0.744980 -0.140382 0.579345
0.612600 -0.156815 0.573163
0.639260 -0.149877 0.508211
0.658204 -0.127772 0.527552
0.586429 -0.053157 0.401709
0.625434 -0.037650 0.343418
0.625813 0.018857 0.256221
0.492755 0.071079 0.330399
0.545956 0.054946 0.319100
0.531118 0.071915 0.285167
0.557822 0.070599 0.195539
0.568992 0.067366 0.137003
0.514628 0.066988 0.197789
0.562027 0.031466 0.148319
0.612525 0.036070 0.087415
0.578366 -0.023054 0.090448
0.480631 -0.000024 0.149215
0.403205 0.009478 0.135131
0.382328 0.016899 0.090299
0.393374 -0.050376 0.052002
0.317312 0.037409 0.031553
0.259584 -0.031458 0.165181
0.184495 -0.050697 0.185092
0.177429 -0.040062 0.177931
0.099472 -0.038931 0.133349
0.009883 0.020607 0.156532
0.009771 -0.004268 0.160204
0.000485 -0.026006 0.102520
-0.044395 -0.012069 0.219876
0.045281 -0.025715 0.127670
0.127077 -0.142350 0.100530
0.153560 -0.187243 0.141966
0.137165 -0.174028 0.201948
0.130647 -0.223877 0.291184
0.174230 -0.287313 0.279641
0.246627 -0.262108 0.261539
0.216865 -0.343658 0.346999
0.244112 -0.376472 0.295371
0.261081 -0.386893 0.347663
0.193692 -0.381389 0.365290
0.136173 -0.372865 0.406319
0.116364 -0.346977 0.454775
0.113241 -0.380361 0.422412
0.037416 -0.319134 0.454206
0.140420 -0.252294 0.525348
0.103625 -0.286219 0.519184
0.136523 -0.212354 0.500705
0.209826 -0.186130 0.476050
0.192247 -0.280440 0.534689
0.294827 -0.320149 0.526129
0.363003 -0.378331 0.566553
0.413288 -0.439957 0.462798
0.414472 -0.468673 0.517401
0.537199 -0.498746 0.456411
0.393650 -0.484370 0.460323
0.493950 -0.482020 0.417304
0.462562 -0.515545 0.475414
0.413656 -0.554730 0.512139
0.319751 -0.450678 0.570290
0.321700 -0.439597 0.518841
0.172297 -0.466924 0.517311
0.254918 -0.459699 0.486130
0.141905 -0.461803 0.490198
0.211485 -0.426954 0.431332
0.120966 -0.378442 0.455745
0.175478 -0.354582 0.504889
0.130927 -0.298108 0.453385
0.153330 -0.231844 0.401030
0.178216 -0.182603 0.394282
0.144678 -0.129430 0.385851
0.175303 -0.100071 0.239567
0.262190 -0.094256 0.225795
0.209462 -0.063961 0.156336
0.310394 -0.058497 0.124321
0.370437 -0.067553 0.132871
0.475320 -0.156193 -0.066844
0.406508 -0.148395 0.034459
0.556397 -0.167497 -0.089789
0.598209 -0.173611 -0.092587
0.622615 -0.204941 -0.075977
0.535205 -0.221144 -0.038759
0.367711 -0.194362 -0.055578
0.333030 -0.253057 -0.109728
0.277790 -0.264815 0.041000
0.337431 -0.288215 0.038144
0.364950 -0.263214 0.001056
0.495673 -0.215545 -0.049250
0.569044 -0.185982 -0.009310
0.578264 -0.131041 -0.049286
0.695445 0.016368 -0.147995
0.538774 0.029443 -0.056150
0.534859 0.005244 -0.138609
0.546819 0.024220 -0.065836
0.465554 0.017930 -0.023341
0.427077 0.005371 0.063843
0.498384 -0.001356 -0.032306
0.475703 0.004837 0.102952
0.405147 -0.067745 0.120593
0.387121 -0.147015 0.079333
0.480000 -0.165504 0.093992
0.507964 -0.219933 0.184035
0.630730 -0.259472 0.095176
0.680079 -0.370205 0.214178
0.772934 -0.371991 0.063327
0.773374 -0.429561 0.046359
0.703965 -0.429754 0.101091
0.675041 -0.428481 0.118804
0.511823 -0.447791 0.258308
0.344615 -0.408923 0.317119
0.388841 -0.477748 0.376432
0.366030 -0.461808 0.557001
0.561028 -0.464714 0.408048
0.641987 -0.329324 0.396851
0.740324 -0.237207 0.490325
0.849229 -0.065915 0.422528
0.910662 -0.007617 0.414839
0.927960 0.116047 0.340451
0.907000 0.147570 0.354612
0.860547 0.243681 0.296074
0.600592 0.297138 0.465417
0.553045 0.266385 0.493393
0.441470 0.320761 0.605254
0.412492 0.294192 0.556341
0.478723 0.271348 0.593750
0.549937 0.172196 0.549864
0.600644 0.140811 0.557075
0.656045 -0.015304 0.696097
0.800857 -0.096642 0.586012
0.895960 -0.124640 0.549298
0.926918 -0.184481 0.573783
1.011192 -0.255487 0.606040
0.989005 -0.327821 0.601581
0.893847 -0.373762 0.711966
0.960797 -0.398061 0.678144
0.873946 -0.483409 0.754336
0.855608 -0.499863 0.771487
0.786592 -0.537692 0.784774
0.867092 -0.562466 0.798264
0.871733 -0.543315 0.777942
0.788573 -0.505343 0.886444
0.786409 -0.533081 0.866769
0.757249 -0.477682 0.854826
0.772354 -0.476241 0.788708
0.799557 -0.476307 0.897811
0.715205 -0.448442 0.949642
0.822557 -0.308820 0.933199
0.884920 -0.281537 0.787716
0.849684 -0.223887 0.942469
0.811261 -0.148000 0.856769
0.879207 -0.167073 0.732705
0.791166 -0.199647 0.790637
0.793545 -0.203391 0.731643
0.730520 -0.177213 0.805585
0.652623 -0.222980 0.852327
0.728602 -0.217108 0.750156
0.844470 -0.244649 0.670141
0.750104 -0.321731 0.680539
0.704399 -0.370553 0.643180
0.571100 -0.384264 0.712684
0.520481 -0.430334 0.737637
0.461694 -0.539394 0.713773
0.421227 -0.559282 0.718467
0.346466 -0.570454 0.809375
0.307861 -0.526159 0.820002
0.547931 -0.448956 0.795663
0.866121 -0.353018 0.514725
0.596076 -0.353107 0.750486
0.728990 -0.283445 0.652683
0.892026 -0.236246 0.564710
0.833139 -0.123603 0.662600
0.821598 -0.223169 0.539894
0.665718 -0.265915 0.651743
0.638895 -0.350851 0.579722
0.587182 -0.353654 0.702297
0.629453 -0.414956 0.519405
0.614160 -0.463360 0.607947
0.517614 -0.514891 0.630590
0.673344 -0.486633 0.482966
0.607053 -0.447628 0.463059
0.515392 -0.500637 0.449337
0.405722 -0.472284 0.436212
0.312202 -0.538405 0.494030
0.295074 -0.519659 0.428644
0.379475 -0.527894 0.431008
0.389990 -0.482312 0.539544
0.417985 -0.411969 0.416176
0.487279 -0.425634 0.375885
0.596835 -0.325639 0.353363
0.632834 -0.229453 0.414712
0.672280 -0.233747 0.329268
0.696262 -0.209717 0.229484
0.672219 -0.201644 0.287191
0.591370 -0.200989 0.268242
0.558268 -0.290918 0.196152
0.603095 -0.368318 0.191246
0.349645 -0.444256 0.425975
0.289231 -0.500315 0.399851
0.361382 -0.593190 0.409584
0.467625 -0.688128 0.390502
0.465057 -0.755051 0.464822
0.510529 -0.795216 0.456288
0.422868 -0.811422 0.563243
0.383173 -0.824947 0.664320
0.422443 -0.907884 0.610802
0.510176 -0.866595 0.565367
0.436963 -0.890658 0.665594
0.557161 -0.644255 0.714908
0.825214 -0.510430 0.537973
0.801620 -0.310519 0.641656
0.809588 -0.263294 0.603248
0.839764 -0.116361 0.545783
0.740263 -0.166798 0.601739
0.724725 -0.149816 0.563203
0.624194 -0.152794 0.650002
0.587212 -0.230461 0.750344
0.537491 -0.261926 0.786956
0.547152 -0.324433 0.766294
0.512185 -0.392910 0.834316
0.591846 -0.500139 1.002112
0.645025 -0.514092 0.924363
0.759457 -0.529607 0.856281
0.766603 -0.493991 0.879088
0.675509 -0.474400 0.845935
0.751674 -0.479054 0.799438
0.764756 -0.486508 0.842376
0.668207 -0.448575 0.898110
0.721056 -0.516109 0.951032
0.690613 -0.463250 0.961164
0.899549 -0.468609 0.874638
0.841534 -0.463278 0.907885
0.935373 -0.538793 0.840649
0.492091 -0.573288 1.307588
0.887603 -0.610353 0.796553
0.833103 -0.672870 0.979642
0.831122 -0.672103 0.979384
0.967964 -0.593146 0.931917
1.012683 -0.508810 0.940941
1.117657 -0.328539 0.858075
1.178586 -0.289120 0.858914
1.145847 -0.174322 0.773712
1.059551 -0.170962 0.849845
1.181760 -0.149941 0.825640
1.018076 -0.132003 0.845309
0.953192 -0.147220 0.866915
0.967070 -0.175675 0.902571
0.964949 -0.195528 0.883954
0.968896 -0.257915 0.920495
1.159977 -0.342762 0.849889
1.199211 -0.348758 0.856097
1.172061 -0.440672 0.888113
1.058160 -0.481113 0.884622
1.104140 -0.504784 0.896152
0.948787 -0.559312 0.921148
0.945533 -0.538352 0.937838
0.994588 -0.622657 0.873521
1.056602 -0.578369 0.955234
1.182758 -0.523944 0.916186
1.115431 -0.410670 0.822070
1.248373 -0.317801 0.818390
1.298625 -0.274261 0.753830
1.164799 -0.283389 0.708506
1.129882 -0.271817 0.791060
1.022015 -0.267823 0.723866
0.862237 -0.298476 0.794591
0.848445 -0.283416 0.744307
0.687515 -0.395322 0.894982
0.738563 -0.414996 0.869646
0.700475 -0.468726 0.816515
0.768748 -0.560619 0.785352
0.860047 -0.471456 0.841748
0.971359 -0.516522 0.683654
0.902494 -0.564918 0.698654
0.985175 -0.560005 0.595289
0.901573 -0.651832 0.684169
0.901363 -0.656988 0.679253
0.870337 -0.654219 0.617262
0.794935 -0.693857 0.723743
0.827581 -0.674085 0.631730
0.821108 -0.678138 0.616387
0.838092 -0.497058 0.622898
0.908242 -0.512444 0.515467
0.899573 -0.471337 0.579457
0.789130 -0.459337 0.517770
0.752676 -0.431347 0.549742
0.677522 -0.461303 0.559516
0.471706 -0.471265 0.613025
0.344223 -0.508958 0.633512
0.306178 -0.601154 0.650947
0.293819 -0.677179 0.762160
0.287080 -0.783863 0.804960
0.398814 -0.854576 0.814859
0.411107 -0.876832 0.831277
0.520366 -0.888218 0.801582
0.419991 -0.949023 0.817487
0.531856 -0.885804 0.921797
0.467633 -0.846223 1.019668
0.460237 -0.812349 1.072935
0.544195 -0.718116 1.061923
0.615196 -0.651989 0.971422
0.599578 -0.515985 1.028128
0.625133 -0.472520 0.997794
0.646927 -0.436068 1.082175
0.571856 -0.295338 0.924879
0.384369 -0.314109 1.114609
0.440143 -0.339168 1.030515
0.300501 -0.485107 1.115564
0.248290 -0.495291 1.150717
0.266028 -0.559547 1.281805
0.377211 -0.715252 1.340397
0.550889 -0.812718 1.182047
0.505482 -0.775505 1.243578
0.697223 -0.856519 1.171527
0.703683 -0.934740 1.192249
0.642735 -1.017274 1.199882
0.611365 -1.071589 1.197980
0.697346 -1.085759 1.197943
0.729433 -1.051336 1.161901
0.772578 -0.981784 1.098127
0.852243 -0.967748 1.073115
0.795159 -0.935604 1.129966
0.880346 -0.788190 0.959601
0.961887 -0.665611 0.860533
0.930604 -0.630749 0.768951
0.936412 -0.674204 0.762139
0.820719 -0.628456 0.703094
0.725198 -0.666722 0.713594
0.677759 -0.787008 0.650731
0.641496 -0.857380 0.689354
0.606448 -0.884801 0.706651
0.673429 -1.014650 0.592055
0.611353 -0.995066 0.543409
0.590167 -1.155704 0.621759
0.455979 -1.239868 0.624372
0.343679 -1.209538 0.564668
0.343679 -1.209538 0.564668
0.385039 -1.208978 0.553369
0.499806 -1.193020 0.471454
0.565491 -1.124269 0.478871
0.676627 -1.061071 0.470727
0.766547 -0.967567 0.452044
0.800743 -0.851503 0.356381
0.837072 -0.783720 0.418176
0.856410 -0.710322 0.347605
0.828074 -0.695076 0.335983
0.706529 -0.784972 0.315596
0.655917 -0.864179 0.559623
0.669338 -0.805011 0.567555
0.720862 -0.884956 0.627290
0.785056 -0.917154 0.721144
0.802249 -0.906786 0.795254
0.706507 -0.944401 0.898215
0.689843 -0.938493 0.841064
0.552482 -0.930196 0.996925
0.517321 -0.928797 1.022189
0.490660 -0.927573 1.157788
0.465903 -0.994241 1.064738
0.416813 -0.994413 1.205884
0.471345 -0.984830 1.189859
0.482310 -0.908881 1.286602
0.594932 -0.837331 1.188853
0.681070 -0.703393 1.208705
0.841856 -0.548000 1.150520
0.877716 -0.443161 1.212081
0.889224 -0.447496 1.215682
0.882827 -0.456102 1.127298
0.896633 -0.494947 1.193150
0.859488 -0.526613 1.160986
0.939594 -0.588860 1.192056
0.942723 -0.630590 1.175813
0.900604 -0.728408 1.284501
0.847091 -0.731719 1.339095
0.836069 -0.719899 1.306905
0.736025 -0.770315 1.457790
0.720143 -0.797378 1.395630
0.634979 -0.862486 1.428088
0.529190 -0.901425 1.375457
0.416241 -0.842230 1.390811
0.335307 -0.878223 1.393365
0.197794 -0.846680 1.416754
0.118658 -0.775188 1.315152
-0.025977 -0.732685 1.364724
-0.124951 -0.731729 1.423313
-0.098014 -0.648611 1.494926
-0.205928 -0.672354 1.523021
-0.166903 -0.702919 1.431432
-0.130031 -0.759083 1.493160
-0.063068 -0.726306 1.438440
0.007286 -0.774682 1.424515
0.071660 -0.760083 1.393999
0.161649 -0.786698 1.341605
0.180452 -0.850734 1.372571
0.192455 -0.828399 1.374113
0.088691 -0.836080 1.332494
0.162756 -0.877480 1.413554
0.105158 -0.853607 1.351953
-0.089132 -0.877055 1.367428
-0.137580 -0.932307 1.312968
-0.031843 -0.854537 1.319971
0.015585 -0.842511 1.303264
0.111899 -0.820903 1.290877
0.237369 -0.787024 1.192676
0.300651 -0.730534 1.152141
0.410241 -0.767975 1.127311
0.453375 -0.789939 1.038467
0.299068 -0.755182 1.112011
0.190522 -0.794317 1.161744
0.079528 -0.834300 1.239017
0.028412 -0.820513 1.333184
0.060646 -0.910585 1.253917
0.152063 -0.921869 1.340406
0.278793 -0.973670 1.358753
0.470609 -1.014815 1.304924
0.234449 -1.088130 1.417649
0.136511 -1.259444 1.450498
-0.010404 -1.485527 1.545405
-0.076604 -1.738406 1.695553
-0.137943 -1.971810 1.845329
-0.191649 -2.075613 2.065435
-0.288164 -2.138808 2.086536
-0.173875 -2.213893 2.159497
0.076959 -2.225085 2.140483
0.242565 -2.225010 2.103673
0.285699 -2.220927 2.075084
0.500945 -2.309663 2.009680
0.623349 -2.372190 1.995952
0.822205 -2.533071 1.915240
1.014478 -2.578417 1.773075
1.222371 -2.607654 1.741943
1.344447 -2.632489 1.649223
1.259147 -2.620603 1.803878
1.212453 -2.633880 1.860061
1.098203 -2.621237 1.944890
0.965070 -2.664981 1.985105
1.062114 -2.630305 1.953174
0.933242 -2.546370 2.003019
1.017114 -2.562282 1.859899
1.007497 -2.429498 1.903606
1.103495 -2.293476 1.835132
1.234895 -2.148000 1.699830
1.277902 -2.069340 1.664638
1.377168 -1.947886 1.632573
1.470719 -1.860477 1.637137
1.484932 -1.768498 1.576392
1.576742 -1.696242 1.607104
1.602534 -1.626491 1.573787
1.695378 -1.532326 1.489203
1.719587 -1.436812 1.496196
1.727208 -1.259675 1.387051
1.824689 -1.221435 1.312392
1.815634 -1.096976 1.265896
1.966141 -0.963003 1.153591
1.997983 -0.856988 1.077814
1.985215 -0.793527 1.145145
1.934503 -0.687769 1.049636
1.904693 -0.538850 1.032613
1.953897 -0.567363 0.992237
1.961560 -0.467030 1.040292
2.025494 -0.382166 1.066816
2.193335 -0.306287 0.855251
2.295899 -0.231012 0.826299
2.230519 -0.257733 0.848886
2.317398 -0.168630 0.830649
2.307365 -0.146603 0.805285
2.317065 -0.105540 0.872257
2.242944 -0.147520 0.842362
2.296854 -0.144176 0.661715
2.107447 -0.131625 0.728230
2.077204 -0.282086 0.761905
1.843796 -0.377303 0.766965
1.626986 -0.404593 0.714911
1.349378 -0.413292 0.654124
1.062363 -0.466982 0.672012
0.989350 -0.598434 0.570525
0.879913 -0.695648 0.503810
0.662947 -0.765988 0.468015
0.682020 -0.861867 0.332412
0.605677 -0.915082 0.002038
0.438034 -0.962845 -0.137216
0.476199 -1.061048 -0.315018
0.553601 -1.111056 -0.496614
0.579385 -1.206157 -0.619225
0.618680 -1.269769 -0.704069
0.569358 -1.361179 -0.768004
0.684977 -1.348804 -0.844873
0.698672 -1.394707 -0.914534
0.752703 -1.453493 -0.876440
0.694427 -1.534116 -0.856489
0.662213 -1.491452 -0.788823
0.711161 -1.520826 -0.808360
0.765116 -1.547260 -0.924314
0.726615 -1.523678 -0.898695
0.690495 -1.492831 -0.777551
0.747768 -1.502521 -0.871077
0.800639 -1.447380 -0.879857
0.814218 -1.479899 -0.959013
0.846596 -1.419380 -0.973095
0.964582 -1.374077 -1.060991
0.970555 -1.340941 -1.213967
0.918176 -1.224905 -1.172501
0.935857 -1.200137 -1.323464
0.903865 -1.108081 -1.328504
0.865345 -1.059983 -1.331648
0.775371 -1.015066 -1.289591
0.706627 -0.992961 -1.251092
0.672358 -0.791553 -1.296774
0.634818 -0.755741 -1.359003
0.669856 -0.742389 -1.339794
0.658862 -0.666858 -1.493142
0.703195 -0.574782 -1.362840
0.780118 -0.467304 -1.449918
0.865093 -0.447427 -1.528213
0.726008 -0.383644 -1.503761
0.687230 -0.314883 -1.588753
0.613434 -0.246172 -1.491344
0.597888 -0.240761 -1.430118
0.634796 -0.169914 -1.612161
0.632086 -0.138958 -1.623384
0.586942 -0.144093 -1.590218
0.579632 -0.092187 -1.624904
0.463828 -0.101545 -1.554294
0.475028 -0.070687 -1.686473
0.356825 -0.021979 -1.653704
0.551743 -0.141683 -1.683857
0.539278 -0.285299 -1.592637
0.601534 -0.387067 -1.565676
0.641195 -0.512832 -1.557736
0.523571 -0.555250 -1.480229
0.475063 -0.637628 -1.466255
0.327550 -0.680545 -1.366886
0.123935 -0.831222 -1.373427
0.126028 -0.845280 -1.476967
-0.000319 -0.908982 -1.470081
-0.060620 -0.898449 -1.526051
0.004349 -0.897129 -1.588454
-0.034091 -0.889560 -1.595645
-0.056600 -0.842156 -1.496829
0.008042 -0.781981 -1.450815
-0.033726 -0.769832 -1.475888
0.075604 -0.824845 -1.401669
0.189819 -0.828592 -1.504702
0.352387 -0.924326 -1.464472
0.373097 -1.014887 -1.427687
0.493970 -1.080291 -1.579970
0.569070 -1.163942 -1.508572
0.577726 -1.267465 -1.465303
0.498237 -1.251666 -1.368915
0.571106 -1.245835 -1.280730
0.589155 -1.351653 -1.363158
0.557488 -1.321018 -1.307842
0.566948 -1.272527 -1.293328
0.504972 -1.171911 -1.232988
0.518684 -1.133337 -1.288142
0.550400 -1.045888 -1.382076
0.431351 -1.003617 -1.234342
0.424364 -1.018840 -1.293373
0.494656 -0.926761 -1.276561
0.528283 -0.907103 -1.312133
0.377576 -0.856654 -1.095651
0.526999 -0.839601 -1.141167
0.345038 -0.807609 -0.968569
0.272360 -0.752542 -0.966516
0.301539 -0.741412 -0.932724
0.263657 -0.783427 -0.940653
0.082735 -0.706459 -0.802037
0.009168 -0.732772 -0.794380
0.010910 -0.662135 -0.669581
-0.024552 -0.646741 -0.701581
0.078419 -0.621205 -0.693832
0.048939 -0.596013 -0.649028
0.190297 -0.581640 -0.646783
0.345125 -0.676257 -0.754324
0.447502 -0.699193 -0.599872
0.533150 -0.743224 -0.644656
0.656078 -0.651053 -0.801697
0.689375 -0.695965 -0.757292
0.987064 -0.746838 -0.860172
0.996142 -0.753756 -0.894107
1.087068 -0.769045 -0.862886
1.144918 -0.809328 -0.933687
1.303018 -0.794014 -0.960859
1.355900 -0.861799 -0.944759
1.295200 -0.867468 -0.912480
1.358597 -0.867175 -0.916274
1.369957 -0.884342 -0.920079
1.435029 -0.921761 -0.968108
1.345989 -0.928666 -0.955627
1.351873 -0.908598 -0.877974
1.337956 -0.915193 -0.910694
1.395228 -0.918931 -0.999390
1.449081 -0.959170 -0.894727
1.457658 -0.996278 -0.958643
1.581434 -1.036856 -0.867842
1.549881 -1.032534 -0.755710
1.668844 -1.145327 -0.896752
1.623671 -1.131404 -0.665193
1.721020 -1.163498 -0.733772
1.505865 -1.058259 -0.545866
0.977725 -0.828539 -0.497718
0.899464 -0.801965 -0.480149
0.851734 -0.675114 -0.404776
1.243061 -0.818526 -0.339136
1.566058 -0.921693 -0.352100
1.426004 -0.900411 -0.365088
0.986205 -0.546709 -0.276405
0.428893 -0.110714 -0.181576
0.279964 0.030558 -0.187752
0.261907 0.008150 -0.054819
0.220447 -0.013488 -0.070267
0.379147 0.016940 -0.087303
0.556912 -0.083555 -0.122442
0.654209 -0.122677 -0.050980
0.592169 0.018597 -0.208247
0.624470 0.091056 -0.283906
0.576448 0.135072 -0.241507
0.598723 0.162247 -0.299424
0.513355 0.114637 -0.269591
0.340017 0.091213 -0.086084
0.441773 0.134197 -0.253876
0.255706 0.092405 -0.106944
0.053439 0.132462 0.016238
0.072420 0.032525 0.036495
0.033221 -0.097910 0.105267
0.178669 -0.156353 0.063585
0.356335 -0.156372 0.048237
0.343816 -0.141283 0.054821
0.228540 -0.124258 0.048274
0.122354 -0.099598 0.077251
0.181657 -0.111962 0.061644
0.111886 -0.112536 0.058797
-0.002118 -0.159547 0.088394
0.227875 -0.261631 0.010956
0.362474 -0.348249 -0.108448
0.619876 -0.568010 -0.152299
0.488958 -0.534507 -0.303762
0.234868 -0.464031 -0.106212
0.121365 -0.491189 -0.209514
-0.044897 -0.479757 -0.061697
-0.111779 -0.501941 -0.112624
-0.116234 -0.558715 -0.140444
-0.218004 -0.594989 -0.276608
-0.240928 -0.591201 -0.247945
-0.336474 -0.548282 -0.306293
-0.342212 -0.513760 -0.361539
-0.538625 -0.429776 -0.464164
-0.616365 -0.552953 -0.527512
-0.565006 -0.485373 -0.515352
-0.554027 -0.532030 -0.589972
-0.550170 -0.562292 -0.743285
-0.513872 -0.569884 -0.833278
-0.449577 -0.601754 -0.883584
-0.506676 -0.593061 -0.913603
-0.413781 -0.581614 -1.005295
-0.469076 -0.635225 -1.025181
-0.395894 -0.636517 -1.026339
-0.409337 -0.716540 -0.990149
-0.408707 -0.816249 -1.070117
-0.494776 -0.840167 -0.924986
-0.497195 -0.916464 -0.890528
-0.424121 -0.873974 -0.914550
-0.465849 -0.920829 -0.979718
-0.293246 -0.865500 -0.964772
-0.110542 -0.815709 -1.061304
-0.075902 -0.774786 -1.096538
-0.134643 -0.742321 -1.096786
-0.069267 -0.673595 -1.075093
-0.119486 -0.746602 -1.160841
-0.075070 -0.754477 -1.241656
-0.085734 -0.755367 -1.235375
-0.255069 -0.832739 -1.164091
-0.197090 -0.853547 -1.238930
-0.207496 -0.812097 -1.266078
-0.222012 -0.853750 -1.210778
-0.256451 -0.883196 -1.186131
-0.213861 -0.845538 -1.201037
-0.249271 -0.791419 -1.072545
-0.245076 -0.720621 -1.136674
-0.164797 -0.741306 -1.038921
-0.103384 -0.738237 -1.178992
-0.033475 -0.631313 -1.226001
0.010514 -0.576467 -1.235175
-0.033067 -0.569805 -1.350390
0.110382 -0.463528 -1.373260
0.106197 -0.423997 -1.354048
0.085411 -0.392227 -1.339381
0.070028 -0.380594 -1.314711
0.119124 -0.429004 -1.229253
0.146495 -0.498009 -1.247661
0.164102 -0.471831 -1.194420
0.199566 -0.459283 -1.032045
0.193094 -0.506121 -1.012405
0.106724 -0.385644 -0.947314
0.046408 -0.206008 -0.959479
-0.056071 -0.098905 -0.964189
-0.058168 0.023584 -0.868182
-0.094305 0.106295 -0.892982
-0.014982 0.335178 -0.885055
-0.029622 0.445449 -0.890555
0.024389 0.537851 -0.936916
0.074044 0.638372 -1.067278
0.088119 0.673956 -1.149310
0.123337 0.750150 -1.268553
0.048592 0.756730 -1.193060
0.027057 0.801206 -1.299070
0.049113 0.806426 -1.286252
0.049174 0.844136 -1.260388
0.120914 0.796508 -1.347730
0.186554 0.794476 -1.368889
0.279977 0.684630 -1.396475
0.210676 0.650916 -1.414792
0.209114 0.559316 -1.315622
0.232308 0.529366 -1.287905
0.155947 0.439395 -1.163735
0.275747 0.266157 -1.298638
0.247433 0.231714 -1.257369
0.260291 0.264875 -1.206192
0.177815 0.266139 -1.287098
0.153279 0.192829 -1.251579
0.095000 0.248681 -1.338685
0.010669 0.212975 -1.262941
-0.038259 0.143090 -1.276110
-0.083462 0.048203 -1.232987
-0.097893 0.010150 -1.287030
-0.057071 -0.015980 -1.345846
-0.105544 -0.075019 -1.320261
-0.181513 -0.157284 -1.238721
-0.205149 -0.220042 -1.231690
-0.257667 -0.275796 -1.180677
-0.298263 -0.360897 -1.073520
-0.337165 -0.404177 -1.026272
-0.289818 -0.394513 -1.106915
-0.352080 -0.350995 -0.959541
-0.364628 -0.317403 -0.894677
-0.434692 -0.315972 -0.809342
-0.391727 -0.267697 -0.892491
-0.449236 -0.170589 -0.900854
-0.409111 -0.188582 -0.848106
-0.401425 -0.225629 -0.807798
-0.391424 -0.196924 -0.884830
-0.422085 -0.222138 -0.912520
-0.466620 -0.325255 -0.899048
-0.480128 -0.376782 -0.918779
-0.468525 -0.360431 -0.781813
-0.524867 -0.562658 -0.869173
-0.489183 -0.581753 -0.847751
-0.601391 -0.636612 -0.860410
-0.563573 -0.731564 -0.814138
-0.659929 -0.741424 -0.807442
-0.655646 -0.782537 -0.783469
-0.730611 -0.857941 -0.760138
-0.716458 -0.910817 -0.799587
-0.679269 -0.920661 -0.785561
-0.650626 -1.012987 -0.891227
-0.518508 -1.025460 -0.956290
-0.426201 -1.041141 -0.892104
-0.439270 -1.089106 -1.028358
-0.237292 -1.260421 -1.109498
-0.121577 -1.308113 -1.058135
-0.060471 -1.310129 -1.148389
0.075913 -1.378699 -1.085883
0.044792 -1.369642 -1.054948
0.036055 -1.343045 -1.036157
0.093467 -1.134322 -0.992124
0.040522 -1.075462 -0.962394
0.017548 -0.962752 -0.802995
0.067966 -0.808893 -0.753419
0.056369 -0.725665 -0.634824
0.010700 -0.573415 -0.642622
0.106993 -0.459929 -0.683994
0.169385 -0.265729 -0.599498
0.108741 -0.078871 -0.579075
0.007393 -0.077419 -0.540054
0.067939 0.076432 -0.539440
0.027703 0.169789 -0.482130
0.050015 0.185415 -0.511195
0.031727 0.305166 -0.545138
0.103424 0.339848 -0.523217
0.093654 0.350673 -0.483393
-0.053866 0.391710 -0.422618
-0.133387 0.387097 -0.379899
-0.189499 0.455046 -0.374709
-0.334166 0.544948 -0.258719
-0.395118 0.594752 -0.296358
-0.436013 0.649900 -0.303443
-0.464304 0.617069 -0.338000
-0.445656 0.619537 -0.339949
-0.423452 0.588936 -0.276304
-0.408193 0.613152 -0.245248
-0.379070 0.598290 -0.395858
-0.284886 0.475697 -0.371730
-0.243772 0.486193 -0.453199
-0.329932 0.501869 -0.456437
-0.332740 0.503003 -0.515980
-0.326445 0.527782 -0.429316
-0.300088 0.633875 -0.460814
-0.360261 0.582515 -0.363081
-0.263911 0.635398 -0.433394
-0.268048 0.653051 -0.394333
-0.150334 0.628789 -0.456900
-0.156459 0.670135 -0.516047
-0.103803 0.653439 -0.420153
-0.091119 0.678237 -0.493884
-0.127514 0.625352 -0.362400
-0.098616 0.640258 -0.435700
-0.174478 0.647784 -0.460856
-0.299119 0.489996 -0.346159
-0.275736 0.569808 -0.404784
-0.328765 0.481851 -0.443108
-0.380486 0.368644 -0.440709
-0.394390 0.364140 -0.344290
-0.416554 0.355671 -0.347145
-0.397397 0.285972 -0.378831
-0.357085 0.289843 -0.427949
-0.375045 0.200855 -0.495038
-0.363597 0.130912 -0.460325
-0.580377 0.069917 -0.172730
-0.437707 0.052025 -0.443500
-0.410762 -0.039551 -0.470492
-0.297155 -0.090346 -0.488670
-0.285509 -0.202498 -0.583433
-0.234863 -0.296521 -0.607259
-0.217995 -0.441724 -0.647231
-0.321406 -0.452000 -0.543739
-0.333111 -0.450594 -0.512285
-0.321497 -0.518396 -0.520646
-0.432727 -0.496068 -0.477798
-0.437909 -0.524426 -0.455721
-0.533089 -0.485060 -0.404920
-0.510908 -0.472924 -0.357123
-0.484440 -0.443787 -0.306394
-0.344872 -0.472917 -0.357272
-0.259790 -0.282059 -0.413531
-0.227284 -0.230042 -0.526432
-0.133198 -0.163985 -0.437528
-0.081012 -0.105903 -0.473792
-0.204945 0.018755 -0.426934
-0.205842 0.040694 -0.575960
-0.257062 0.106882 -0.449874
-0.287473 0.144570 -0.528599
-0.393819 0.142428 -0.346582
-0.359858 0.083590 -0.445671
-0.401104 -0.033713 -0.406029
-0.415690 -0.050006 -0.453585
-0.384448 -0.167492 -0.426297
-0.501463 -0.257503 -0.417343
-0.553488 -0.343655 -0.303766
-0.555499 -0.392135 -0.425932
-0.554583 -0.535254 -0.403548
-0.544732 -0.553257 -0.361049
-0.579625 -0.688483 -0.310817
-0.524225 -0.749171 -0.300089
-0.421955 -0.778724 -0.369674
-0.399139 -0.886079 -0.443015
-0.456108 -0.892104 -0.403671
-0.384181 -0.976829 -0.551456
-0.373445 -1.052094 -0.526355
-0.364286 -1.042659 -0.612426
-0.325373 -1.109390 -0.460553
-0.299324 -1.070128 -0.530756
-0.379834 -1.061339 -0.573418
-0.394752 -1.064780 -0.492350
-0.248807 -1.020365 -0.534615
-0.291495 -1.080532 -0.490045
-0.118331 -0.986492 -0.543476
-0.070895 -0.840955 -0.631832
-0.144764 -0.896911 -0.626856
-0.013009 -0.738084 -0.691286
0.001638 -0.570224 -0.778427
0.064774 -0.402840 -0.904985
0.129575 -0.303626 -0.985127
0.091779 -0.156855 -0.960568
0.074334 -0.027909 -1.168492
0.050731 0.075610 -1.121989
0.063018 0.109215 -1.222668
0.051864 0.184246 -1.206018
-0.006562 0.199526 -1.257670
-0.042406 0.239017 -1.265172
-0.070530 0.255239 -1.316361
-0.141118 0.313941 -1.267439
-0.204663 0.296633 -1.230368
-0.248869 0.279189 -1.233802
-0.298520 0.244283 -1.179003
-0.234409 0.308193 -1.223197
-0.205831 0.276101 -1.189070
-0.219258 0.317398 -1.120954
-0.228724 0.315624 -1.147409
-0.252605 0.322809 -1.105725
-0.220495 0.282300 -1.090336
-0.118963 0.199508 -1.121806
-0.129945 0.185615 -1.029229
-0.079439 0.150635 -1.060487
0.003764 0.056702 -1.014860
0.036137 0.006102 -1.059042
0.097303 -0.048423 -1.062579
0.087072 -0.054402 -1.019046
-0.105639 -0.098311 -0.768685
0.157672 -0.167316 -1.027826
0.209719 -0.298088 -1.001354
0.133100 -0.295667 -0.771232
0.223813 -0.360190 -0.803670
0.140997 -0.353323 -0.722069
0.198436 -0.312682 -0.611171
0.135133 -0.292082 -0.619071
0.202516 -0.251925 -0.439669
0.207380 -0.150141 -0.458277
0.210532 -0.121138 -0.359399
0.171056 -0.067026 -0.228203
